record_id,election_name,province_id,province_name,province_source,subSgId,subSgName,sgTypecode,sggid,sggname,hbjname,huboid,jdname,jdid,hbjgiho,hbjjikup,hbjhakruk,doc_index,doc_type,doc_type_raw,source_id,original_available,original_url,current_available,current_pdf_path,current_pdf_path_source,current_download_url,classification,raw_fileinfo,filePathName,updtFileName,fileTypeName,fileDispYn,pdfPrvwYn,recovery_status
"320260603-4100-경기도-100163148-2-선거공약서","제9회 전국동시지방선거","4100","경기도","sggname_exact_province","320260603","시·도지사선거","3","3410000","경기도","추미애","100163148","더불어민주당","100","1","정당인","한양대학교 법학과 졸업","2","선거공약서","선거공약서","candidate-doc:100163148:2","false","","false","","","","current_unavailable_official_source","선거공약서||||||0||HEIGHT||Y||||00","","","","Y","","pending_official_source_search"
"320260603-4100-경기도-100163471-2-선거공약서","제9회 전국동시지방선거","4100","경기도","sggname_exact_province","320260603","시·도지사선거","3","3410000","경기도","조응천","100163471","개혁신당","5070","4","정당인","서울대학교 법과대학 공법학과 졸업(법학사)","2","선거공약서","선거공약서","candidate-doc:100163471:2","false","","false","","","","current_unavailable_official_source","선거공약서||||||0||HEIGHT||Y||||00","","","","Y","","pending_official_source_search"
"320260603-4100-경기도-100153796-2-선거공약서","제9회 전국동시지방선거","4100","경기도","sggname_exact_province","320260603","시·도지사선거","3","3410000","경기도","홍성규","100153796","진보당","5010","5","정당인","서울대학교 대학원 정치학과 졸업(정치학 석사)","2","선거공약서","선거공약서","candidate-doc:100153796:2","false","","false","","","","current_unavailable_official_source","선거공약서||||||0||HEIGHT||Y||||00","","","","Y","","pending_official_source_search"
"320260603-4100-경기도-100158402-2-선거공약서","제9회 전국동시지방선거","4100","경기도","sggname_exact_province","320260603","시·도지사선거","3","3410000","경기도","김현욱","100158402","국민연합","4080","6","주식회사 서현건설 대표이사","경기대학교 정치전문대학원 정치법학과 졸업(정치학박사)","2","선거공약서","선거공약서","candidate-doc:100158402:2","false","","false","","","","current_unavailable_official_source","선거공약서||||||0||HEIGHT||Y||||00","","","","Y","","pending_official_source_search"
"420260603-4100-수원시-100163860-2-선거공약서","제9회 전국동시지방선거","4100","경기도","nec_region_scope","420260603","구·시·군의 장선거","4","4410300","수원시","이재준","100163860","더불어민주당","100","1","수원시장","서울대학교대학원 협동과정 조경학과 졸업(공학박사)","2","선거공약서","선거공약서","candidate-doc:100163860:2","false","","false","","","","current_unavailable_official_source","선거공약서||||||0||HEIGHT||Y||||00","","","","Y","","pending_official_source_search"
"420260603-4100-수원시-100162275-2-선거공약서","제9회 전국동시지방선거","4100","경기도","nec_region_scope","420260603","구·시·군의 장선거","4","4410300","수원시","정희윤","100162275","개혁신당","5070","4","정당인","광운대학교대학원 건설법무학과 박사과정 휴학","2","선거공약서","선거공약서","candidate-doc:100162275:2","false","","false","","","","current_unavailable_official_source","선거공약서||||||0||HEIGHT||Y||||00","","","","Y","","pending_official_source_search"
"420260603-4100-용인시-100156754-2-선거공약서","제9회 전국동시지방선거","4100","경기도","nec_region_scope","420260603","구·시·군의 장선거","4","4413500","용인시","현근택","100156754","더불어민주당","100","1","변호사","서울대학교 행정대학원 수료(정책학 석사과정)","2","선거공약서","선거공약서","candidate-doc:100156754:2","false","","false","","","","current_unavailable_official_source","선거공약서||||||0||HEIGHT||Y||||00","","","","Y","","pending_official_source_search"
"420260603-4100-용인시-100163609-2-선거공약서","제9회 전국동시지방선거","4100","경기도","nec_region_scope","420260603","구·시·군의 장선거","4","4413500","용인시","송창훈","100163609","개혁신당","5070","4","정당인","가천대학교 설비소방공학과 졸업","2","선거공약서","선거공약서","candidate-doc:100163609:2","false","","false","","","","current_unavailable_official_source","선거공약서||||||0||HEIGHT||Y||||00","","","","Y","","pending_official_source_search"
"420260603-4100-고양시-100155611-2-선거공약서","제9회 전국동시지방선거","4100","경기도","nec_region_scope","420260603","구·시·군의 장선거","4","4412000","고양시","민경선","100155611","더불어민주당","100","1","정당인","서강대학교 경제대학원 졸업(경제학 석사)","2","선거공약서","선거공약서","candidate-doc:100155611:2","false","","false","","","","current_unavailable_official_source","선거공약서||||||0||HEIGHT||Y||||00","","","","Y","","pending_official_source_search"
"420260603-4100-고양시-100163639-2-선거공약서","제9회 전국동시지방선거","4100","경기도","nec_region_scope","420260603","구·시·군의 장선거","4","4412000","고양시","이동환","100163639","국민의힘","200","2","고양시장","연세대학교 대학원 졸업(공학박사)","2","선거공약서","선거공약서","candidate-doc:100163639:2","false","","false","","","","current_unavailable_official_source","선거공약서||||||0||HEIGHT||Y||||00","","","","Y","","pending_official_source_search"
"420260603-4100-고양시-100163143-2-선거공약서","제9회 전국동시지방선거","4100","경기도","nec_region_scope","420260603","구·시·군의 장선거","4","4412000","고양시","신현철","100163143","개혁신당","5070","4","제9대고양시의회의원","연세대학교 언론홍보대학원 방송영상전공 졸업(문학석사)","2","선거공약서","선거공약서","candidate-doc:100163143:2","false","","false","","","","current_unavailable_official_source","선거공약서||||||0||HEIGHT||Y||||00","","","","Y","","pending_official_source_search"
"420260603-4100-고양시-100156944-2-선거공약서","제9회 전국동시지방선거","4100","경기도","nec_region_scope","420260603","구·시·군의 장선거","4","4412000","고양시","송영주","100156944","진보당","5010","5","정당인","성공회대학교 시민사회복지대학원 졸업(사회복지학 석사)","2","선거공약서","선거공약서","candidate-doc:100156944:2","false","","false","","","","current_unavailable_official_source","선거공약서||||||0||HEIGHT||Y||||00","","","","Y","","pending_official_source_search"
"420260603-4100-화성시-100160956-2-선거공약서","제9회 전국동시지방선거","4100","경기도","nec_region_scope","420260603","구·시·군의 장선거","4","4415300","화성시","정명근","100160956","더불어민주당","100","1","화성특례시장","중국사회과학원 대학원 졸업(국제정치학전공, 2003.09~2005.07 법학석사)","2","선거공약서","선거공약서","candidate-doc:100160956:2","false","","false","","","","current_unavailable_official_source","선거공약서||||||0||HEIGHT||Y||||00","","","","Y","","pending_official_source_search"
"420260603-4100-화성시-100156226-2-선거공약서","제9회 전국동시지방선거","4100","경기도","nec_region_scope","420260603","구·시·군의 장선거","4","4415300","화성시","박태경","100156226","국민의힘","200","2","정당인","장안전문대학(현 장안대학교)세무회계과 졸업","2","선거공약서","선거공약서","candidate-doc:100156226:2","false","","false","","","","current_unavailable_official_source","선거공약서||||||0||HEIGHT||Y||||00","","","","Y","","pending_official_source_search"
"420260603-4100-화성시-100158769-2-선거공약서","제9회 전국동시지방선거","4100","경기도","nec_region_scope","420260603","구·시·군의 장선거","4","4415300","화성시","전성균","100158769","개혁신당","5070","4","정당인","한국체육대학교 사회체육학과 졸업","2","선거공약서","선거공약서","candidate-doc:100158769:2","false","","false","","","","current_unavailable_official_source","선거공약서||||||0||HEIGHT||Y||||00","","","","Y","","pending_official_source_search"
"420260603-4100-성남시-100157116-2-선거공약서","제9회 전국동시지방선거","4100","경기도","nec_region_scope","420260603","구·시·군의 장선거","4","4410600","성남시","장지화","100157116","진보당","5010","5","정당인","성공회대학교 시민평화대학원 졸업 (여성학 석사)","2","선거공약서","선거공약서","candidate-doc:100157116:2","false","","false","","","","current_unavailable_official_source","선거공약서||||||0||HEIGHT||Y||||00","","","","Y","","pending_official_source_search"
"420260603-4100-성남시-100157116-3-5대공약","제9회 전국동시지방선거","4100","경기도","nec_region_scope","420260603","구·시·군의 장선거","4","4410600","성남시","장지화","100157116","진보당","5010","5","정당인","성공회대학교 시민평화대학원 졸업 (여성학 석사)","3","5대공약","5대공약","candidate-doc:100157116:3","false","","false","","","","current_unavailable_official_source","5대공약||||||0||HEIGHT||Y||||00","","","","Y","","pending_official_source_search"
"420260603-4100-부천시-100161476-2-선거공약서","제9회 전국동시지방선거","4100","경기도","nec_region_scope","420260603","구·시·군의 장선거","4","4415000","부천시","조용익","100161476","더불어민주당","100","1","부천시장","성균관대학교 법학과 졸업","2","선거공약서","선거공약서","candidate-doc:100161476:2","false","","false","","","","current_unavailable_official_source","선거공약서||||||0||HEIGHT||Y||||00","","","","Y","","pending_official_source_search"
"420260603-4100-부천시-100162201-2-선거공약서","제9회 전국동시지방선거","4100","경기도","nec_region_scope","420260603","구·시·군의 장선거","4","4415000","부천시","곽내경","100162201","국민의힘","200","2","국민의힘 부천시갑 당협위원장","중앙대학교 교육대학원 석사과정 수료 (평생교육전공)","2","선거공약서","선거공약서","candidate-doc:100162201:2","false","","false","","","","current_unavailable_official_source","선거공약서||||||0||HEIGHT||Y||||00","","","","Y","","pending_official_source_search"
"420260603-4100-남양주시-100154668-2-선거공약서","제9회 전국동시지방선거","4100","경기도","nec_region_scope","420260603","구·시·군의 장선거","4","4412600","남양주시","최현덕","100154668","더불어민주당","100","1","정당인","고려대학교 행정학과 졸업","2","선거공약서","선거공약서","candidate-doc:100154668:2","false","","false","","","","current_unavailable_official_source","선거공약서||||||0||HEIGHT||Y||||00","","","","Y","","pending_official_source_search"
"420260603-4100-남양주시-100163188-2-선거공약서","제9회 전국동시지방선거","4100","경기도","nec_region_scope","420260603","구·시·군의 장선거","4","4412600","남양주시","주광덕","100163188","국민의힘","200","2","남양주시장","고려대학교 법학과 졸업","2","선거공약서","선거공약서","candidate-doc:100163188:2","false","","false","","","","current_unavailable_official_source","선거공약서||||||0||HEIGHT||Y||||00","","","","Y","","pending_official_source_search"
"420260603-4100-안산시-100154386-2-선거공약서","제9회 전국동시지방선거","4100","경기도","nec_region_scope","420260603","구·시·군의 장선거","4","4411900","안산시","천영미","100154386","더불어민주당","100","1","정당인","강남대학교 사회복지전문대학원 사회복지학과 졸업(사회복지학석사)","2","선거공약서","선거공약서","candidate-doc:100154386:2","false","","false","","","","current_unavailable_official_source","선거공약서||||||0||HEIGHT||Y||||00","","","","Y","","pending_official_source_search"
"420260603-4100-평택시-100162688-1-선거공보","제9회 전국동시지방선거","4100","경기도","nec_region_scope","420260603","구·시·군의 장선거","4","4411500","평택시","차화열","100162688","국민의힘","200","2","정당인","아주대학교 공공정책대학원 졸업(행정학석사)","1","선거공보","선거공보","candidate-doc:100162688:1","false","","false","","","","current_unavailable_official_source","선거공보||||||0||HEIGHT||Y||||00","","","","Y","","pending_official_source_search"
"420260603-4100-평택시-100162688-2-선거공약서","제9회 전국동시지방선거","4100","경기도","nec_region_scope","420260603","구·시·군의 장선거","4","4411500","평택시","차화열","100162688","국민의힘","200","2","정당인","아주대학교 공공정책대학원 졸업(행정학석사)","2","선거공약서","선거공약서","candidate-doc:100162688:2","false","","false","","","","current_unavailable_official_source","선거공약서||||||0||HEIGHT||Y||||00","","","","Y","","pending_official_source_search"
"420260603-4100-안양시-100161957-2-선거공약서","제9회 전국동시지방선거","4100","경기도","nec_region_scope","420260603","구·시·군의 장선거","4","4411000","안양시","최대호","100161957","더불어민주당","100","1","안양시장","고려대학교 대학원 졸업(교육학박사)","2","선거공약서","선거공약서","candidate-doc:100161957:2","false","","false","","","","current_unavailable_official_source","선거공약서||||||0||HEIGHT||Y||||00","","","","Y","","pending_official_source_search"
"420260603-4100-안양시-100155153-2-선거공약서","제9회 전국동시지방선거","4100","경기도","nec_region_scope","420260603","구·시·군의 장선거","4","4411000","안양시","김대영","100155153","국민의힘","200","2","기업인","한양대학교 공공정책대학원 졸업(행정학석사(지역거버넌스))","2","선거공약서","선거공약서","candidate-doc:100155153:2","false","","false","","","","current_unavailable_official_source","선거공약서||||||0||HEIGHT||Y||||00","","","","Y","","pending_official_source_search"
"420260603-4100-시흥시-100161693-1-선거공보","제9회 전국동시지방선거","4100","경기도","nec_region_scope","420260603","구·시·군의 장선거","4","4412900","시흥시","임병택","100161693","더불어민주당","100","1","시흥시장","전남대학교 법학과 졸업","1","선거공보","선거공보","candidate-doc:100161693:1","false","","false","","","","current_unavailable_official_source","선거공보||||||0||HEIGHT||Y||||00","","","","N","","pending_official_source_search"
"420260603-4100-시흥시-100161693-2-선거공약서","제9회 전국동시지방선거","4100","경기도","nec_region_scope","420260603","구·시·군의 장선거","4","4412900","시흥시","임병택","100161693","더불어민주당","100","1","시흥시장","전남대학교 법학과 졸업","2","선거공약서","선거공약서","candidate-doc:100161693:2","false","","false","","","","current_unavailable_official_source","선거공약서||||||0||HEIGHT||Y||||00","","","","N","","pending_official_source_search"
"420260603-4100-시흥시-100161693-3-5대공약","제9회 전국동시지방선거","4100","경기도","nec_region_scope","420260603","구·시·군의 장선거","4","4412900","시흥시","임병택","100161693","더불어민주당","100","1","시흥시장","전남대학교 법학과 졸업","3","5대공약","5대공약","candidate-doc:100161693:3","false","","false","","","","current_unavailable_official_source","5대공약||||||0||HEIGHT||Y||||00","","","","N","","pending_official_source_search"
"420260603-4100-파주시-100154507-1-선거공보","제9회 전국동시지방선거","4100","경기도","nec_region_scope","420260603","구·시·군의 장선거","4","4413200","파주시","손배찬","100154507","더불어민주당","100","1","정당인","동국대학교 행정대학원 졸업(행정학석사)","1","선거공보","선거공보","candidate-doc:100154507:1","false","","false","","","","current_unavailable_official_source","선거공보||||||0||HEIGHT||Y||||00","","","","Y","","pending_official_source_search"
"420260603-4100-파주시-100154507-2-선거공약서","제9회 전국동시지방선거","4100","경기도","nec_region_scope","420260603","구·시·군의 장선거","4","4413200","파주시","손배찬","100154507","더불어민주당","100","1","정당인","동국대학교 행정대학원 졸업(행정학석사)","2","선거공약서","선거공약서","candidate-doc:100154507:2","false","","false","","","","current_unavailable_official_source","선거공약서||||||0||HEIGHT||Y||||00","","","","Y","","pending_official_source_search"
"420260603-4100-파주시-100156661-1-선거공보","제9회 전국동시지방선거","4100","경기도","nec_region_scope","420260603","구·시·군의 장선거","4","4413200","파주시","박용호","100156661","국민의힘","200","2","4차산업혁명 인공지능 연구원 대표","서울대학교 대학원 전기공학전공 졸업(공학석사)","1","선거공보","선거공보","candidate-doc:100156661:1","false","","false","","","","current_unavailable_official_source","선거공보||||||0||HEIGHT||Y||||00","","","","Y","","pending_official_source_search"
"420260603-4100-파주시-100156661-2-선거공약서","제9회 전국동시지방선거","4100","경기도","nec_region_scope","420260603","구·시·군의 장선거","4","4413200","파주시","박용호","100156661","국민의힘","200","2","4차산업혁명 인공지능 연구원 대표","서울대학교 대학원 전기공학전공 졸업(공학석사)","2","선거공약서","선거공약서","candidate-doc:100156661:2","false","","false","","","","current_unavailable_official_source","선거공약서||||||0||HEIGHT||Y||||00","","","","Y","","pending_official_source_search"
"420260603-4100-김포시-100156825-2-선거공약서","제9회 전국동시지방선거","4100","경기도","nec_region_scope","420260603","구·시·군의 장선거","4","4413900","김포시","이기형","100156825","더불어민주당","100","1","정당인","중앙대학교 행정대학원 졸업(행정학석사)","2","선거공약서","선거공약서","candidate-doc:100156825:2","false","","false","","","","current_unavailable_official_source","선거공약서||||||0||HEIGHT||Y||||00","","","","Y","","pending_official_source_search"
"420260603-4100-김포시-100163179-2-선거공약서","제9회 전국동시지방선거","4100","경기도","nec_region_scope","420260603","구·시·군의 장선거","4","4413900","김포시","김병수","100163179","국민의힘","200","2","김포시장","연세대학교 사회과학대학 정치외교학과 졸업","2","선거공약서","선거공약서","candidate-doc:100163179:2","false","","false","","","","current_unavailable_official_source","선거공약서||||||0||HEIGHT||Y||||00","","","","Y","","pending_official_source_search"
"420260603-4100-의정부시-100156125-2-선거공약서","제9회 전국동시지방선거","4100","경기도","nec_region_scope","420260603","구·시·군의 장선거","4","4410800","의정부시","김원기","100156125","더불어민주당","100","1","정당인","건양대학교 일반대학원 졸업(행정학박사)","2","선거공약서","선거공약서","candidate-doc:100156125:2","false","","false","","","","current_unavailable_official_source","선거공약서||||||0||HEIGHT||Y||||00","","","","Y","","pending_official_source_search"
"420260603-4100-의정부시-100162555-2-선거공약서","제9회 전국동시지방선거","4100","경기도","nec_region_scope","420260603","구·시·군의 장선거","4","4410800","의정부시","김동근","100162555","국민의힘","200","2","의정부시장","아주대학교대학원 응용사회학과 졸업(행정학박사)","2","선거공약서","선거공약서","candidate-doc:100162555:2","false","","false","","","","current_unavailable_official_source","선거공약서||||||0||HEIGHT||Y||||00","","","","Y","","pending_official_source_search"
"420260603-4100-광주시-100153835-2-선거공약서","제9회 전국동시지방선거","4100","경기도","nec_region_scope","420260603","구·시·군의 장선거","4","4414000","광주시","박관열","100153835","더불어민주당","100","1","정당인","고려대학교 정책대학원 아태지역연구학과 졸업(정치학석사)","2","선거공약서","선거공약서","candidate-doc:100153835:2","false","","false","","","","current_unavailable_official_source","선거공약서||||||0||HEIGHT||Y||||00","","","","Y","","pending_official_source_search"
"420260603-4100-광주시-100162864-2-선거공약서","제9회 전국동시지방선거","4100","경기도","nec_region_scope","420260603","구·시·군의 장선거","4","4414000","광주시","방세환","100162864","국민의힘","200","2","광주시장","단국대학교 대학원 정치외교학과 한국정치 석사과정 재학중","2","선거공약서","선거공약서","candidate-doc:100162864:2","false","","false","","","","current_unavailable_official_source","선거공약서||||||0||HEIGHT||Y||||00","","","","Y","","pending_official_source_search"
"420260603-4100-하남시-100155214-2-선거공약서","제9회 전국동시지방선거","4100","경기도","nec_region_scope","420260603","구·시·군의 장선거","4","4413100","하남시","강병덕","100155214","더불어민주당","100","1","정당인","한양대학교 행정·자치대학원 졸업(행정학석사)","2","선거공약서","선거공약서","candidate-doc:100155214:2","false","","false","","","","current_unavailable_official_source","선거공약서||||||0||HEIGHT||Y||||00","","","","Y","","pending_official_source_search"
"420260603-4100-하남시-100163196-2-선거공약서","제9회 전국동시지방선거","4100","경기도","nec_region_scope","420260603","구·시·군의 장선거","4","4413100","하남시","이현재","100163196","국민의힘","200","2","하남시장","건국대학교 대학원 졸업(경영학 박사)","2","선거공약서","선거공약서","candidate-doc:100163196:2","false","","false","","","","current_unavailable_official_source","선거공약서||||||0||HEIGHT||Y||||00","","","","Y","","pending_official_source_search"
"420260603-4100-양주시-100154479-2-선거공약서","제9회 전국동시지방선거","4100","경기도","nec_region_scope","420260603","구·시·군의 장선거","4","4411600","양주시","정덕영","100154479","더불어민주당","100","1","정당인","고려대학교 정책대학원 도시및지방행정학과 석사과정 수료","2","선거공약서","선거공약서","candidate-doc:100154479:2","false","","false","","","","current_unavailable_official_source","선거공약서||||||0||HEIGHT||Y||||00","","","","Y","","pending_official_source_search"
"420260603-4100-광명시-100161445-2-선거공약서","제9회 전국동시지방선거","4100","경기도","nec_region_scope","420260603","구·시·군의 장선거","4","4411400","광명시","박승원","100161445","더불어민주당","100","1","광명시장","한양대학교 국어국문학과 졸업","2","선거공약서","선거공약서","candidate-doc:100161445:2","false","","false","","","","current_unavailable_official_source","선거공약서||||||0||HEIGHT||Y||||00","","","","Y","","pending_official_source_search"
"420260603-4100-광명시-100159184-2-선거공약서","제9회 전국동시지방선거","4100","경기도","nec_region_scope","420260603","구·시·군의 장선거","4","4411400","광명시","김정호","100159184","국민의힘","200","2","경기도의회의원","광운대학교 대학원 행정학과 박사 학위과정 수료","2","선거공약서","선거공약서","candidate-doc:100159184:2","false","","false","","","","current_unavailable_official_source","선거공약서||||||0||HEIGHT||Y||||00","","","","Y","","pending_official_source_search"
"420260603-4100-군포시-100154482-2-선거공약서","제9회 전국동시지방선거","4100","경기도","nec_region_scope","420260603","구·시·군의 장선거","4","4413000","군포시","한대희","100154482","더불어민주당","100","1","정당인","한국외국어대학교 독일어과 3년 중퇴(1981.3.~1991.4.)","2","선거공약서","선거공약서","candidate-doc:100154482:2","false","","false","","","","current_unavailable_official_source","선거공약서||||||0||HEIGHT||Y||||00","","","","Y","","pending_official_source_search"
"420260603-4100-군포시-100163069-2-선거공약서","제9회 전국동시지방선거","4100","경기도","nec_region_scope","420260603","구·시·군의 장선거","4","4413000","군포시","하은호","100163069","국민의힘","200","2","군포시장","인하대학교 대학원 행정학과 졸업(행정학박사)","2","선거공약서","선거공약서","candidate-doc:100163069:2","false","","false","","","","current_unavailable_official_source","선거공약서||||||0||HEIGHT||Y||||00","","","","Y","","pending_official_source_search"
"420260603-4100-오산시-100158921-2-선거공약서","제9회 전국동시지방선거","4100","경기도","nec_region_scope","420260603","구·시·군의 장선거","4","4412700","오산시","조용호","100158921","더불어민주당","100","1","경기도의회의원","단국대학교 행정법무대학원 행정학과 석사과정 재학 중","2","선거공약서","선거공약서","candidate-doc:100158921:2","false","","false","","","","current_unavailable_official_source","선거공약서||||||0||HEIGHT||Y||||00","","","","Y","","pending_official_source_search"
"420260603-4100-오산시-100162963-2-선거공약서","제9회 전국동시지방선거","4100","경기도","nec_region_scope","420260603","구·시·군의 장선거","4","4412700","오산시","이권재","100162963","국민의힘","200","2","오산시장","연세대학교 행정대학원 졸업(행정학석사)","2","선거공약서","선거공약서","candidate-doc:100162963:2","false","","false","","","","current_unavailable_official_source","선거공약서||||||0||HEIGHT||Y||||00","","","","Y","","pending_official_source_search"
"420260603-4100-오산시-100158949-2-선거공약서","제9회 전국동시지방선거","4100","경기도","nec_region_scope","420260603","구·시·군의 장선거","4","4412700","오산시","송진영","100158949","개혁신당","5070","4","오산시의회의원","총신대학교 대학원 졸업(철학박사)","2","선거공약서","선거공약서","candidate-doc:100158949:2","false","","false","","","","current_unavailable_official_source","선거공약서||||||0||HEIGHT||Y||||00","","","","Y","","pending_official_source_search"
"420260603-4100-이천시-100154893-2-선거공약서","제9회 전국동시지방선거","4100","경기도","nec_region_scope","420260603","구·시·군의 장선거","4","4413400","이천시","성수석","100154893","더불어민주당","100","1","정당인","고려사이버대학교 경영학과 졸업","2","선거공약서","선거공약서","candidate-doc:100154893:2","false","","false","","","","current_unavailable_official_source","선거공약서||||||0||HEIGHT||Y||||00","","","","Y","","pending_official_source_search"
"420260603-4100-이천시-100163215-2-선거공약서","제9회 전국동시지방선거","4100","경기도","nec_region_scope","420260603","구·시·군의 장선거","4","4413400","이천시","김경희","100163215","국민의힘","200","2","이천시장","이화여자대학교 정책과학대학원졸업(정책학석사)","2","선거공약서","선거공약서","candidate-doc:100163215:2","false","","false","","","","current_unavailable_official_source","선거공약서||||||0||HEIGHT||Y||||00","","","","Y","","pending_official_source_search"
"420260603-4100-안성시-100154958-2-선거공약서","제9회 전국동시지방선거","4100","경기도","nec_region_scope","420260603","구·시·군의 장선거","4","4413800","안성시","김장연","100154958","국민의힘","200","2","축산업","호서대학 경영학과 졸업","2","선거공약서","선거공약서","candidate-doc:100154958:2","false","","false","","","","current_unavailable_official_source","선거공약서||||||0||HEIGHT||Y||||00","","","","Y","","pending_official_source_search"
"420260603-4100-안성시-100156147-2-선거공약서","제9회 전국동시지방선거","4100","경기도","nec_region_scope","420260603","구·시·군의 장선거","4","4413800","안성시","신원주","100156147","무소속","9999","5","농업인","한경대학교 융합레포츠학과 졸업","2","선거공약서","선거공약서","candidate-doc:100156147:2","false","","false","","","","current_unavailable_official_source","선거공약서||||||0||HEIGHT||Y||||00","","","","Y","","pending_official_source_search"
"420260603-4100-구리시-100154423-2-선거공약서","제9회 전국동시지방선거","4100","경기도","nec_region_scope","420260603","구·시·군의 장선거","4","4412500","구리시","신동화","100154423","더불어민주당","100","1","구리시의회 의장","서울시립대학교 도시과학대학원 도시행정학과 졸업 (도시행정학 석사)","2","선거공약서","선거공약서","candidate-doc:100154423:2","false","","false","","","","current_unavailable_official_source","선거공약서||||||0||HEIGHT||Y||||00","","","","Y","","pending_official_source_search"
"420260603-4100-포천시-100157687-2-선거공약서","제9회 전국동시지방선거","4100","경기도","nec_region_scope","420260603","구·시·군의 장선거","4","4414100","포천시","박윤국","100157687","더불어민주당","100","1","정당인","명지대학(현 명지대학교) 토목공학과 졸업","2","선거공약서","선거공약서","candidate-doc:100157687:2","false","","false","","","","current_unavailable_official_source","선거공약서||||||0||HEIGHT||Y||||00","","","","Y","","pending_official_source_search"
"420260603-4100-포천시-100162868-2-선거공약서","제9회 전국동시지방선거","4100","경기도","nec_region_scope","420260603","구·시·군의 장선거","4","4414100","포천시","백영현","100162868","국민의힘","200","2","포천시장","단국대학교 토목공학과 졸업","2","선거공약서","선거공약서","candidate-doc:100162868:2","false","","false","","","","current_unavailable_official_source","선거공약서||||||0||HEIGHT||Y||||00","","","","Y","","pending_official_source_search"
"420260603-4100-포천시-100163362-2-선거공약서","제9회 전국동시지방선거","4100","경기도","nec_region_scope","420260603","구·시·군의 장선거","4","4414100","포천시","이재수","100163362","무소속","9999","5","농업","서울사이버대학교 법무행정학과 졸업","2","선거공약서","선거공약서","candidate-doc:100163362:2","false","","false","","","","current_unavailable_official_source","선거공약서||||||0||HEIGHT||Y||||00","","","","Y","","pending_official_source_search"
"420260603-4100-의왕시-100154487-2-선거공약서","제9회 전국동시지방선거","4100","경기도","nec_region_scope","420260603","구·시·군의 장선거","4","4412400","의왕시","정순욱","100154487","더불어민주당","100","1","정당인","아주대학교 공공정책대학원 행정학과 졸업 (사회복지학석사)","2","선거공약서","선거공약서","candidate-doc:100154487:2","false","","false","","","","current_unavailable_official_source","선거공약서||||||0||HEIGHT||Y||||00","","","","Y","","pending_official_source_search"
"420260603-4100-의왕시-100162723-2-선거공약서","제9회 전국동시지방선거","4100","경기도","nec_region_scope","420260603","구·시·군의 장선거","4","4412400","의왕시","김성제","100162723","국민의힘","200","2","의왕시장","서울대학교 대학원 졸업 (행정학 박사)","2","선거공약서","선거공약서","candidate-doc:100162723:2","false","","false","","","","current_unavailable_official_source","선거공약서||||||0||HEIGHT||Y||||00","","","","Y","","pending_official_source_search"
"420260603-4100-양평군-100158297-2-선거공약서","제9회 전국동시지방선거","4100","경기도","nec_region_scope","420260603","구·시·군의 장선거","4","4414300","양평군","박은미","100158297","더불어민주당","100","1","기본사회 양평본부 상임대표","동국대학교 대학원 북한학과 수료(석사과정)","2","선거공약서","선거공약서","candidate-doc:100158297:2","false","","false","","","","current_unavailable_official_source","선거공약서||||||0||HEIGHT||Y||||00","","","","Y","","pending_official_source_search"
"420260603-4100-양평군-100162432-2-선거공약서","제9회 전국동시지방선거","4100","경기도","nec_region_scope","420260603","구·시·군의 장선거","4","4414300","양평군","전진선","100162432","국민의힘","200","2","정당인","동국대학교 대학원 경찰행정학과 박사과정 수료","2","선거공약서","선거공약서","candidate-doc:100162432:2","false","","false","","","","current_unavailable_official_source","선거공약서||||||0||HEIGHT||Y||||00","","","","Y","","pending_official_source_search"
"420260603-4100-여주시-100162573-2-선거공약서","제9회 전국동시지방선거","4100","경기도","nec_region_scope","420260603","구·시·군의 장선거","4","4413300","여주시","이충우","100162573","국민의힘","200","2","여주시장","한경대학교 토목공학과 졸업(현 한경국립대학교)","2","선거공약서","선거공약서","candidate-doc:100162573:2","false","","false","","","","current_unavailable_official_source","선거공약서||||||0||HEIGHT||Y||||00","","","","Y","","pending_official_source_search"
"420260603-4100-동두천시-100157198-2-선거공약서","제9회 전국동시지방선거","4100","경기도","nec_region_scope","420260603","구·시·군의 장선거","4","4411700","동두천시","이인규","100157198","더불어민주당","100","1","정치인","건국대학교 지리학과 졸업","2","선거공약서","선거공약서","candidate-doc:100157198:2","false","","false","","","","current_unavailable_official_source","선거공약서||||||0||HEIGHT||Y||||00","","","","Y","","pending_official_source_search"
"420260603-4100-동두천시-100162748-2-선거공약서","제9회 전국동시지방선거","4100","경기도","nec_region_scope","420260603","구·시·군의 장선거","4","4411700","동두천시","박형덕","100162748","국민의힘","200","2","동두천시장","국립한경대학교 국제개발협력대학원 졸업(현 한경국립대학교)","2","선거공약서","선거공약서","candidate-doc:100162748:2","false","","false","","","","current_unavailable_official_source","선거공약서||||||0||HEIGHT||Y||||00","","","","Y","","pending_official_source_search"
"420260603-4100-과천시-100157110-2-선거공약서","제9회 전국동시지방선거","4100","경기도","nec_region_scope","420260603","구·시·군의 장선거","4","4412300","과천시","김종천","100157110","더불어민주당","100","1","변호사","서울대학교 조선해양공학과 졸업","2","선거공약서","선거공약서","candidate-doc:100157110:2","false","","false","","","","current_unavailable_official_source","선거공약서||||||0||HEIGHT||Y||||00","","","","Y","","pending_official_source_search"
"420260603-4100-과천시-100162856-2-선거공약서","제9회 전국동시지방선거","4100","경기도","nec_region_scope","420260603","구·시·군의 장선거","4","4412300","과천시","신계용","100162856","국민의힘","200","2","과천시장","서울대학교 행정대학원 졸업(행정학 석사)","2","선거공약서","선거공약서","candidate-doc:100162856:2","false","","false","","","","current_unavailable_official_source","선거공약서||||||0||HEIGHT||Y||||00","","","","Y","","pending_official_source_search"
"420260603-4100-과천시-100162975-2-선거공약서","제9회 전국동시지방선거","4100","경기도","nec_region_scope","420260603","구·시·군의 장선거","4","4412300","과천시","고금란","100162975","개혁신당","5070","4","개혁신당대변인","경희대학교 대학원 환경조경학과 박사과정 재학중","2","선거공약서","선거공약서","candidate-doc:100162975:2","false","","false","","","","current_unavailable_official_source","선거공약서||||||0||HEIGHT||Y||||00","","","","Y","","pending_official_source_search"
"420260603-4100-가평군-100159216-2-선거공약서","제9회 전국동시지방선거","4100","경기도","nec_region_scope","420260603","구·시·군의 장선거","4","4414400","가평군","김경호","100159216","더불어민주당","100","1","정당인","강원대학교 일반대학원 사회학과 박사과정 수료","2","선거공약서","선거공약서","candidate-doc:100159216:2","false","","false","","","","current_unavailable_official_source","선거공약서||||||0||HEIGHT||Y||||00","","","","Y","","pending_official_source_search"
"420260603-4100-가평군-100163623-2-선거공약서","제9회 전국동시지방선거","4100","경기도","nec_region_scope","420260603","구·시·군의 장선거","4","4414400","가평군","서태원","100163623","국민의힘","200","2","가평군수","강원대학교 공과대학 건축공학과 졸업","2","선거공약서","선거공약서","candidate-doc:100163623:2","false","","false","","","","current_unavailable_official_source","선거공약서||||||0||HEIGHT||Y||||00","","","","Y","","pending_official_source_search"
"420260603-4100-가평군-100159460-2-선거공약서","제9회 전국동시지방선거","4100","경기도","nec_region_scope","420260603","구·시·군의 장선거","4","4414400","가평군","이충선","100159460","무소속","9999","5","정치인","경기대학교 경영학과 졸업","2","선거공약서","선거공약서","candidate-doc:100159460:2","false","","false","","","","current_unavailable_official_source","선거공약서||||||0||HEIGHT||Y||||00","","","","Y","","pending_official_source_search"
"420260603-4100-가평군-100160960-2-선거공약서","제9회 전국동시지방선거","4100","경기도","nec_region_scope","420260603","구·시·군의 장선거","4","4414400","가평군","이진용","100160960","무소속","9999","6","정치인","고려대학교 문과대학 사회학과 졸업(문학사)","2","선거공약서","선거공약서","candidate-doc:100160960:2","false","","false","","","","current_unavailable_official_source","선거공약서||||||0||HEIGHT||Y||||00","","","","Y","","pending_official_source_search"
"420260603-4100-가평군-100159806-2-선거공약서","제9회 전국동시지방선거","4100","경기도","nec_region_scope","420260603","구·시·군의 장선거","4","4414400","가평군","신동진","100159806","무소속","9999","7","직접민주지역자치당 창당준비위원장","서울대학교 인문대학 철학과 졸업","2","선거공약서","선거공약서","candidate-doc:100159806:2","false","","false","","","","current_unavailable_official_source","선거공약서||||||0||HEIGHT||Y||||00","","","","Y","","pending_official_source_search"
"420260603-4100-연천군-100161054-2-선거공약서","제9회 전국동시지방선거","4100","경기도","nec_region_scope","420260603","구·시·군의 장선거","4","4414200","연천군","박충식","100161054","더불어민주당","100","1","정당인","서강대학교 사회학과 졸업","2","선거공약서","선거공약서","candidate-doc:100161054:2","false","","false","","","","current_unavailable_official_source","선거공약서||||||0||HEIGHT||Y||||00","","","","Y","","pending_official_source_search"
"420260603-4100-연천군-100161733-2-선거공약서","제9회 전국동시지방선거","4100","경기도","nec_region_scope","420260603","구·시·군의 장선거","4","4414200","연천군","김덕현","100161733","국민의힘","200","2","연천군수","신한대학교 대학원 남북협력복지행정학과 졸업(행정학석사)","2","선거공약서","선거공약서","candidate-doc:100161733:2","false","","false","","","","current_unavailable_official_source","선거공약서||||||0||HEIGHT||Y||||00","","","","Y","","pending_official_source_search"
"420260603-4100-연천군-100161966-2-선거공약서","제9회 전국동시지방선거","4100","경기도","nec_region_scope","420260603","구·시·군의 장선거","4","4414200","연천군","송병서","100161966","무소속","9999","5","경기측량이엔씨 대표","경희대학교 경영대학원 경영학과 졸업(경영학석사)","2","선거공약서","선거공약서","candidate-doc:100161966:2","false","","false","","","","current_unavailable_official_source","선거공약서||||||0||HEIGHT||Y||||00","","","","Y","","pending_official_source_search"
"520260603-4100-수원시제4선거구-100163385-1-선거공보","제9회 전국동시지방선거","4100","경기도","nec_region_scope","520260603","시·도의회의원선거","5","5410202","수원시제4선거구","조정근","100163385","국민의힘","200","2","정당인","동국대학교 대학원 법학과 박사과정 재학중","1","선거공보","선거공보","candidate-doc:100163385:1","false","","false","","","","current_unavailable_official_source","선거공보||||||0||HEIGHT||Y||||00","","","","N","","pending_official_source_search"
"520260603-4100-용인시제3선거구-100162517-1-선거공보","제9회 전국동시지방선거","4100","경기도","nec_region_scope","520260603","시·도의회의원선거","5","5413701","용인시제3선거구","남종섭","100162517","더불어민주당","100","1","경기도의회의원","명지대학교 대학원 지방행정학과 졸업(행정학석사)","1","선거공보","선거공보","candidate-doc:100162517:1","false","","false","","","","current_unavailable_official_source","선거공보||||||0||HEIGHT||Y||||00","","","","N","","pending_official_source_search"
"520260603-4100-고양시제1선거구-100163348-1-선거공보","제9회 전국동시지방선거","4100","경기도","nec_region_scope","520260603","시·도의회의원선거","5","5412001","고양시제1선거구","이다겸","100163348","국민의힘","200","2","기업인","수원과학대학(현 수원과학대학교)방송연예과 졸업","1","선거공보","선거공보","candidate-doc:100163348:1","false","","false","","","","current_unavailable_official_source","선거공보||||||0||HEIGHT||Y||||00","","","","N","","pending_official_source_search"
"520260603-4100-고양시제3선거구-100163594-1-선거공보","제9회 전국동시지방선거","4100","경기도","nec_region_scope","520260603","시·도의회의원선거","5","5412003","고양시제3선거구","류기준","100163594","더불어민주당","100","1","대한민국 국회 선임비서관","고려대학교 정경대학 경제학과 졸업","1","선거공보","선거공보","candidate-doc:100163594:1","false","","false","","","","current_unavailable_official_source","선거공보||||||0||HEIGHT||Y||||00","","","","N","","pending_official_source_search"
"520260603-4100-화성시제6선거구-100163940-1-선거공보","제9회 전국동시지방선거","4100","경기도","nec_region_scope","520260603","시·도의회의원선거","5","5415401","화성시제6선거구","김회철","100163940","더불어민주당","100","1","경기도의회의원","경희대학교 정경대학 경영학부 졸업","1","선거공보","선거공보","candidate-doc:100163940:1","false","","false","","","","current_unavailable_official_source","선거공보||||||0||HEIGHT||Y||||00","","","","N","","pending_official_source_search"
"520260603-4100-화성시제8선거구-100163181-1-선거공보","제9회 전국동시지방선거","4100","경기도","nec_region_scope","520260603","시·도의회의원선거","5","5415502","화성시제8선거구","김영수","100163181","더불어민주당","100","1","화성시의회의원","동신대학교 도시계획, 조경학부 졸업(환경조경학전공)","1","선거공보","선거공보","candidate-doc:100163181:1","false","","false","","","","current_unavailable_official_source","선거공보||||||0||HEIGHT||Y||||00","","","","N","","pending_official_source_search"
"520260603-4100-성남시제3선거구-100158703-1-선거공보","제9회 전국동시지방선거","4100","경기도","nec_region_scope","520260603","시·도의회의원선거","5","5410601","성남시제3선거구","김병조","100158703","진보당","5010","5","대여제품방문점검원","경원대학교 인문대학 4학년 제적(00.03.~08.01.)(현 가천대학교)","1","선거공보","선거공보","candidate-doc:100158703:1","false","","false","","","","current_unavailable_official_source","선거공보||||||0||HEIGHT||Y||||00","","","","N","","pending_official_source_search"
"520260603-4100-부천시제2선거구-100160801-1-선거공보","제9회 전국동시지방선거","4100","경기도","nec_region_scope","520260603","시·도의회의원선거","5","5415201","부천시제2선거구","박상현","100160801","더불어민주당","100","1","경기도의회의원","서울대학교 대학원 졸업(이학박사)","1","선거공보","선거공보","candidate-doc:100160801:1","false","","false","","","","current_unavailable_official_source","선거공보||||||0||HEIGHT||Y||||00","","","","N","","pending_official_source_search"
"520260603-4100-남양주시제8선거구-100157504-1-선거공보","제9회 전국동시지방선거","4100","경기도","nec_region_scope","520260603","시·도의회의원선거","5","5412608","남양주시제8선거구","이병길","100157504","국민의힘","200","2","경기도의회의원","경희사이버대학교 스포츠경영학과 졸업","1","선거공보","선거공보","candidate-doc:100157504:1","false","","false","","","","current_unavailable_official_source","선거공보||||||0||HEIGHT||Y||||00","","","","N","","pending_official_source_search"
"520260603-4100-안산시제2선거구-100157525-1-선거공보","제9회 전국동시지방선거","4100","경기도","nec_region_scope","520260603","시·도의회의원선거","5","5411802","안산시제2선거구","김태희","100157525","더불어민주당","100","1","경기도의원","한양대학교 국제학대학원 중국학과 석사과정 수료","1","선거공보","선거공보","candidate-doc:100157525:1","false","","false","","","","current_unavailable_official_source","선거공보||||||0||HEIGHT||Y||||00","","","","N","","pending_official_source_search"
"520260603-4100-안산시제5선거구-100162460-1-선거공보","제9회 전국동시지방선거","4100","경기도","nec_region_scope","520260603","시·도의회의원선거","5","5411901","안산시제5선거구","이은미","100162460","더불어민주당","100","1","경기도의회의원","중앙대학교 국악교육대학원 국악교육전공(석사과정) 수료","1","선거공보","선거공보","candidate-doc:100162460:1","false","","false","","","","current_unavailable_official_source","선거공보||||||0||HEIGHT||Y||||00","","","","N","","pending_official_source_search"
"520260603-4100-평택시제3선거구-100155140-1-선거공보","제9회 전국동시지방선거","4100","경기도","nec_region_scope","520260603","시·도의회의원선거","5","5411503","평택시제3선거구","김경옥","100155140","더불어민주당","100","1","보험설계사","중앙대학교대학원 의회학과 석사과정 휴학중","1","선거공보","선거공보","candidate-doc:100155140:1","false","","false","","","","current_unavailable_official_source","선거공보||||||0||HEIGHT||Y||||00","","","","N","","pending_official_source_search"
"520260603-4100-평택시제3선거구-100158618-1-선거공보","제9회 전국동시지방선거","4100","경기도","nec_region_scope","520260603","시·도의회의원선거","5","5411503","평택시제3선거구","이동화","100158618","국민의힘","200","2","정당인","한양대학교 산업경영대학원 제품디자인학과 졸업 (이학석사)","1","선거공보","선거공보","candidate-doc:100158618:1","false","","false","","","","current_unavailable_official_source","선거공보||||||0||HEIGHT||Y||||00","","","","N","","pending_official_source_search"
"520260603-4100-평택시제4선거구-100160694-1-선거공보","제9회 전국동시지방선거","4100","경기도","nec_region_scope","520260603","시·도의회의원선거","5","5411504","평택시제4선거구","윤성근","100160694","국민의힘","200","2","경기도의회의원","아주대학교 공공정책대학원졸업(행정학 석사)","1","선거공보","선거공보","candidate-doc:100160694:1","false","","false","","","","current_unavailable_official_source","선거공보||||||0||HEIGHT||Y||||00","","","","N","","pending_official_source_search"
"520260603-4100-평택시제5선거구-100158250-1-선거공보","제9회 전국동시지방선거","4100","경기도","nec_region_scope","520260603","시·도의회의원선거","5","5411505","평택시제5선거구","이학수","100158250","국민의힘","200","2","정당인","국제대학교 상담심리치료학과 3학년 재학중","1","선거공보","선거공보","candidate-doc:100158250:1","false","","false","","","","current_unavailable_official_source","선거공보||||||0||HEIGHT||Y||||00","","","","N","","pending_official_source_search"
"520260603-4100-평택시제6선거구-100158381-1-선거공보","제9회 전국동시지방선거","4100","경기도","nec_region_scope","520260603","시·도의회의원선거","5","5411506","평택시제6선거구","한승훈","100158381","더불어민주당","100","1","자영업","수원전문대학(현, 수원과학대학교) 전자계산과 졸업","1","선거공보","선거공보","candidate-doc:100158381:1","false","","false","","","","current_unavailable_official_source","선거공보||||||0||HEIGHT||Y||||00","","","","N","","pending_official_source_search"
"520260603-4100-평택시제6선거구-100160261-1-선거공보","제9회 전국동시지방선거","4100","경기도","nec_region_scope","520260603","시·도의회의원선거","5","5411506","평택시제6선거구","김근용","100160261","국민의힘","200","2","경기도의원","평택대학교 일반대학원 사회복지학과 박사과정 졸업","1","선거공보","선거공보","candidate-doc:100160261:1","false","","false","","","","current_unavailable_official_source","선거공보||||||0||HEIGHT||Y||||00","","","","N","","pending_official_source_search"
"520260603-4100-시흥시제1선거구-100161234-1-선거공보","제9회 전국동시지방선거","4100","경기도","nec_region_scope","520260603","시·도의회의원선거","5","5412901","시흥시제1선거구","안광률","100161234","더불어민주당","100","1","경기도의회의원","한양대학교 융합산업대학원 졸업(경영학석사)","1","선거공보","선거공보","candidate-doc:100161234:1","false","","false","","","","current_unavailable_official_source","선거공보||||||0||HEIGHT||Y||||00","","","","N","","pending_official_source_search"
"520260603-4100-시흥시제3선거구-100160675-1-선거공보","제9회 전국동시지방선거","4100","경기도","nec_region_scope","520260603","시·도의회의원선거","5","5412903","시흥시제3선거구","김영훈","100160675","더불어민주당","100","1","정당인","한국공학대학교 산업기술·경영대학원 기술보호경영학과 졸업(경영학 석사)","1","선거공보","선거공보","candidate-doc:100160675:1","false","","false","","","","current_unavailable_official_source","선거공보||||||0||HEIGHT||Y||||00","","","","N","","pending_official_source_search"
"520260603-4100-파주시제1선거구-100162021-1-선거공보","제9회 전국동시지방선거","4100","경기도","nec_region_scope","520260603","시·도의회의원선거","5","5413201","파주시제1선거구","박은주","100162021","더불어민주당","100","1","파주시의회의원","동국대학교 국어국문학과 졸업","1","선거공보","선거공보","candidate-doc:100162021:1","false","","false","","","","current_unavailable_official_source","선거공보||||||0||HEIGHT||Y||||00","","","","N","","pending_official_source_search"
"520260603-4100-파주시제2선거구-100155476-1-선거공보","제9회 전국동시지방선거","4100","경기도","nec_region_scope","520260603","시·도의회의원선거","5","5413202","파주시제2선거구","손희정","100155476","더불어민주당","100","1","정당인","숭실대학교 대학원 회계학과 졸업(경영학박사)","1","선거공보","선거공보","candidate-doc:100155476:1","false","","false","","","","current_unavailable_official_source","선거공보||||||0||HEIGHT||Y||||00","","","","N","","pending_official_source_search"
"520260603-4100-파주시제2선거구-100157123-1-선거공보","제9회 전국동시지방선거","4100","경기도","nec_region_scope","520260603","시·도의회의원선거","5","5413202","파주시제2선거구","김광선","100157123","국민의힘","200","2","정당인","강남대학교 사회복지전문대학원 졸업(사회복지학박사)","1","선거공보","선거공보","candidate-doc:100157123:1","false","","false","","","","current_unavailable_official_source","선거공보||||||0||HEIGHT||Y||||00","","","","N","","pending_official_source_search"
"520260603-4100-파주시제3선거구-100162744-1-선거공보","제9회 전국동시지방선거","4100","경기도","nec_region_scope","520260603","시·도의회의원선거","5","5413203","파주시제3선거구","손성익","100162744","더불어민주당","100","1","파주시의회의원","성균관대학교 국정전문대학원 행정학과 박사학위과정 제4학기 재학중","1","선거공보","선거공보","candidate-doc:100162744:1","false","","false","","","","current_unavailable_official_source","선거공보||||||0||HEIGHT||Y||||00","","","","N","","pending_official_source_search"
"520260603-4100-파주시제3선거구-100165675-1-선거공보","제9회 전국동시지방선거","4100","경기도","nec_region_scope","520260603","시·도의회의원선거","5","5413203","파주시제3선거구","정국진","100165675","국민의힘","200","2","대학원생","북한대학원대학교 정치통일전공 졸업(북한학석사)","1","선거공보","선거공보","candidate-doc:100165675:1","false","","false","","","","current_unavailable_official_source","선거공보||||||0||HEIGHT||Y||||00","","","","N","","pending_official_source_search"
"520260603-4100-파주시제4선거구-100158168-1-선거공보","제9회 전국동시지방선거","4100","경기도","nec_region_scope","520260603","시·도의회의원선거","5","5413204","파주시제4선거구","김순현","100158168","더불어민주당","100","1","북파주발전포럼상임대표","국민대학교 행정대학원 졸업(행정학석사)","1","선거공보","선거공보","candidate-doc:100158168:1","false","","false","","","","current_unavailable_official_source","선거공보||||||0||HEIGHT||Y||||00","","","","N","","pending_official_source_search"
"520260603-4100-파주시제4선거구-100158339-1-선거공보","제9회 전국동시지방선거","4100","경기도","nec_region_scope","520260603","시·도의회의원선거","5","5413204","파주시제4선거구","이한국","100158339","국민의힘","200","2","경기도의회의원","국민대학교 정치대학원 졸업(정치학 석사)","1","선거공보","선거공보","candidate-doc:100158339:1","false","","false","","","","current_unavailable_official_source","선거공보||||||0||HEIGHT||Y||||00","","","","N","","pending_official_source_search"
"520260603-4100-파주시제5선거구-100160436-1-선거공보","제9회 전국동시지방선거","4100","경기도","nec_region_scope","520260603","시·도의회의원선거","5","5413205","파주시제5선거구","이종춘","100160436","더불어민주당","100","1","정당인","경민대학(현 경민대학교) 인터넷비즈니스과 졸업","1","선거공보","선거공보","candidate-doc:100160436:1","false","","false","","","","current_unavailable_official_source","선거공보||||||0||HEIGHT||Y||||00","","","","N","","pending_official_source_search"
"520260603-4100-파주시제5선거구-100155791-1-선거공보","제9회 전국동시지방선거","4100","경기도","nec_region_scope","520260603","시·도의회의원선거","5","5413205","파주시제5선거구","한규민","100155791","국민의힘","200","2","정당인","한국외국어대학교 대학원 이어이문학과 졸업(문학석사)","1","선거공보","선거공보","candidate-doc:100155791:1","false","","false","","","","current_unavailable_official_source","선거공보||||||0||HEIGHT||Y||||00","","","","N","","pending_official_source_search"
"520260603-4100-의정부시제3선거구-100160544-1-선거공보","제9회 전국동시지방선거","4100","경기도","nec_region_scope","520260603","시·도의회의원선거","5","5410803","의정부시제3선거구","김지호","100160544","더불어민주당","100","1","의정부시의회의원","성균관대학교 법학전문대학원 수료(박사학위과정)","1","선거공보","선거공보","candidate-doc:100160544:1","false","","false","","","","current_unavailable_official_source","선거공보||||||0||HEIGHT||Y||||00","","","","N","","pending_official_source_search"
"520260603-4100-의정부시제3선거구-100161783-1-선거공보","제9회 전국동시지방선거","4100","경기도","nec_region_scope","520260603","시·도의회의원선거","5","5410803","의정부시제3선거구","이철호","100161783","국민의힘","200","2","(주)오토드림 대표","인천대학교 법학과 졸업","1","선거공보","선거공보","candidate-doc:100161783:1","false","","false","","","","current_unavailable_official_source","선거공보||||||0||HEIGHT||Y||||00","","","","N","","pending_official_source_search"
"520260603-4100-의정부시제4선거구-100163557-1-선거공보","제9회 전국동시지방선거","4100","경기도","nec_region_scope","520260603","시·도의회의원선거","5","5410804","의정부시제4선거구","박웅비","100163557","국민의힘","200","2","장례지도사","신흥대학교 지적부동산과 졸업(현 신한대학교)","1","선거공보","선거공보","candidate-doc:100163557:1","false","","false","","","","current_unavailable_official_source","선거공보||||||0||HEIGHT||Y||||00","","","","N","","pending_official_source_search"
"520260603-4100-군포시제4선거구-100163433-1-선거공보","제9회 전국동시지방선거","4100","경기도","nec_region_scope","520260603","시·도의회의원선거","5","5413004","군포시제4선거구","김귀근","100163433","더불어민주당","100","1","정당인","경희대학교 테크노경영대학원 복지경영학과 졸업(경영학석사)","1","선거공보","선거공보","candidate-doc:100163433:1","false","","false","","","","current_unavailable_official_source","선거공보||||||0||HEIGHT||Y||||00","","","","N","","pending_official_source_search"
"620260603-4100-수원시나선거구-100164900-1-선거공보","제9회 전국동시지방선거","4100","경기도","nec_region_scope","620260603","구·시·군의회의원선거","6","6410102","수원시나선거구","오세철","100164900","더불어민주당","100","1","수원시의회의원","아주대학교 공공정책대학원 행정학과 졸업(행정학석사)","1","선거공보","선거공보","candidate-doc:100164900:1","false","","false","","","","current_unavailable_official_source","선거공보||||||0||HEIGHT||Y||||00","","","","N","","pending_official_source_search"
"620260603-4100-수원시나선거구-100160234-1-선거공보","제9회 전국동시지방선거","4100","경기도","nec_region_scope","620260603","구·시·군의회의원선거","6","6410102","수원시나선거구","김은수","100160234","국민의힘","200","2","정당인","수원대학교 공공정책대학원 정책학과 졸업 (정책학 석사)","1","선거공보","선거공보","candidate-doc:100160234:1","false","","false","","","","current_unavailable_official_source","선거공보||||||0||HEIGHT||Y||||00","","","","N","","pending_official_source_search"
"620260603-4100-수원시다선거구-100157074-1-선거공보","제9회 전국동시지방선거","4100","경기도","nec_region_scope","620260603","구·시·군의회의원선거","6","6410103","수원시다선거구","김민양","100157074","더불어민주당","100","1","정당인","한국방송통신대학교 청소년교육복지상담학과 재학중 (법학과 복수전공)","1","선거공보","선거공보","candidate-doc:100157074:1","false","","false","","","","current_unavailable_official_source","선거공보||||||0||HEIGHT||Y||||00","","","","N","","pending_official_source_search"
"620260603-4100-수원시다선거구-100161771-1-선거공보","제9회 전국동시지방선거","4100","경기도","nec_region_scope","620260603","구·시·군의회의원선거","6","6410103","수원시다선거구","김경례","100161771","더불어민주당","100","1","수원시의회의원","국제사이버대학교 노인복지학과 재학중","1","선거공보","선거공보","candidate-doc:100161771:1","false","","false","","","","current_unavailable_official_source","선거공보||||||0||HEIGHT||Y||||00","","","","N","","pending_official_source_search"
"620260603-4100-수원시다선거구-100158380-1-선거공보","제9회 전국동시지방선거","4100","경기도","nec_region_scope","620260603","구·시·군의회의원선거","6","6410103","수원시다선거구","김영희","100158380","국민의힘","200","2","정당인","두원공과대학 (현 두원공과대학교) 전파통신과 졸업","1","선거공보","선거공보","candidate-doc:100158380:1","false","","false","","","","current_unavailable_official_source","선거공보||||||0||HEIGHT||Y||||00","","","","N","","pending_official_source_search"
"620260603-4100-수원시다선거구-100161875-1-선거공보","제9회 전국동시지방선거","4100","경기도","nec_region_scope","620260603","구·시·군의회의원선거","6","6410103","수원시다선거구","이병철","100161875","국민의힘","200","2","학원 대표","인하대학교 체육교육과 졸업","1","선거공보","선거공보","candidate-doc:100161875:1","false","","false","","","","current_unavailable_official_source","선거공보||||||0||HEIGHT||Y||||00","","","","N","","pending_official_source_search"
"620260603-4100-수원시다선거구-100164821-1-선거공보","제9회 전국동시지방선거","4100","경기도","nec_region_scope","620260603","구·시·군의회의원선거","6","6410103","수원시다선거구","노만래","100164821","개혁신당","5070","4","행정사","한경대학교(현 한경국립대학교) 법학부 졸업","1","선거공보","선거공보","candidate-doc:100164821:1","false","","false","","","","current_unavailable_official_source","선거공보||||||0||HEIGHT||Y||||00","","","","N","","pending_official_source_search"
"620260603-4100-수원시다선거구-100154463-1-선거공보","제9회 전국동시지방선거","4100","경기도","nec_region_scope","620260603","구·시·군의회의원선거","6","6410103","수원시다선거구","임은지","100154463","진보당","5010","5","정당인","한국방송통신대학교 행정학과 졸업","1","선거공보","선거공보","candidate-doc:100154463:1","false","","false","","","","current_unavailable_official_source","선거공보||||||0||HEIGHT||Y||||00","","","","N","","pending_official_source_search"
"620260603-4100-수원시라선거구-100158578-1-선거공보","제9회 전국동시지방선거","4100","경기도","nec_region_scope","620260603","구·시·군의회의원선거","6","6410201","수원시라선거구","이철승","100158578","더불어민주당","100","1","정당인","아주대학교 공공정책대학원 졸업 (사회복지학 석사)","1","선거공보","선거공보","candidate-doc:100158578:1","false","","false","","","","current_unavailable_official_source","선거공보||||||0||HEIGHT||Y||||00","","","","N","","pending_official_source_search"
"620260603-4100-수원시라선거구-100163388-1-선거공보","제9회 전국동시지방선거","4100","경기도","nec_region_scope","620260603","구·시·군의회의원선거","6","6410201","수원시라선거구","이대선","100163388","더불어민주당","100","1","수원시의회의원","아주대학교 공공정책대학원 행정학과 석사과정 재학중","1","선거공보","선거공보","candidate-doc:100163388:1","false","","false","","","","current_unavailable_official_source","선거공보||||||0||HEIGHT||Y||||00","","","","N","","pending_official_source_search"
"620260603-4100-수원시라선거구-100158043-1-선거공보","제9회 전국동시지방선거","4100","경기도","nec_region_scope","620260603","구·시·군의회의원선거","6","6410201","수원시라선거구","유재광","100158043","국민의힘","200","2","수원시의회 의원","수원대학교 경영대학원 졸업(경영학석사)","1","선거공보","선거공보","candidate-doc:100158043:1","false","","false","","","","current_unavailable_official_source","선거공보||||||0||HEIGHT||Y||||00","","","","N","","pending_official_source_search"
"620260603-4100-수원시차선거구-100155999-1-선거공보","제9회 전국동시지방선거","4100","경기도","nec_region_scope","620260603","구·시·군의회의원선거","6","6410403","수원시차선거구","서형미","100155999","더불어민주당","100","1","지역사회 활동가","경상대학교(현 경상국립대학교)자연과학대학 생물학과 졸업","1","선거공보","선거공보","candidate-doc:100155999:1","false","","false","","","","current_unavailable_official_source","선거공보||||||0||HEIGHT||Y||||00","","","","N","","pending_official_source_search"
"620260603-4100-수원시차선거구-100158456-1-선거공보","제9회 전국동시지방선거","4100","경기도","nec_region_scope","620260603","구·시·군의회의원선거","6","6410403","수원시차선거구","금가현","100158456","국민의힘","200","2","정당인","수원대학교 대학원 행정학과 박사과정 휴학중","1","선거공보","선거공보","candidate-doc:100158456:1","false","","false","","","","current_unavailable_official_source","선거공보||||||0||HEIGHT||Y||||00","","","","N","","pending_official_source_search"
"620260603-4100-수원시카선거구-100157035-1-선거공보","제9회 전국동시지방선거","4100","경기도","nec_region_scope","620260603","구·시·군의회의원선거","6","6410203","수원시카선거구","강은호","100157035","더불어민주당","100","1","정당인","건국대학교 예술문화대학 예술학부 졸업","1","선거공보","선거공보","candidate-doc:100157035:1","false","","false","","","","current_unavailable_official_source","선거공보||||||0||HEIGHT||Y||||00","","","","N","","pending_official_source_search"
"620260603-4100-수원시카선거구-100158872-1-선거공보","제9회 전국동시지방선거","4100","경기도","nec_region_scope","620260603","구·시·군의회의원선거","6","6410203","수원시카선거구","정윤우","100158872","국민의힘","200","2","(주)오름자산운용 대표이사","경영학사(경영학전공)","1","선거공보","선거공보","candidate-doc:100158872:1","false","","false","","","","current_unavailable_official_source","선거공보||||||0||HEIGHT||Y||||00","","","","N","","pending_official_source_search"
"620260603-4100-수원시타선거구-100161235-1-선거공보","제9회 전국동시지방선거","4100","경기도","nec_region_scope","620260603","구·시·군의회의원선거","6","6410204","수원시타선거구","김영진","100161235","무소속","9999","5","아이사랑디자인 대표","수원전문대학(현 수원과학대학교) 건축장식과 졸업","1","선거공보","선거공보","candidate-doc:100161235:1","false","","false","","","","current_unavailable_official_source","선거공보||||||0||HEIGHT||Y||||00","","","","N","","pending_official_source_search"
"620260603-4100-용인시나선거구-100155165-1-선거공보","제9회 전국동시지방선거","4100","경기도","nec_region_scope","620260603","구·시·군의회의원선거","6","6413502","용인시나선거구","김종억","100155165","더불어민주당","100","1","행정사 대표(김종억 행정사)","서울벤처대학원대학교 졸업 (경영학박사)","1","선거공보","선거공보","candidate-doc:100155165:1","false","","false","","","","current_unavailable_official_source","선거공보||||||0||HEIGHT||Y||||00","","","","N","","pending_official_source_search"
"620260603-4100-용인시나선거구-100158212-1-선거공보","제9회 전국동시지방선거","4100","경기도","nec_region_scope","620260603","구·시·군의회의원선거","6","6413502","용인시나선거구","권병손","100158212","국민의힘","200","2","(주)수성산업개발 대표","수원과학대학교 실내건축디자인학과 졸업","1","선거공보","선거공보","candidate-doc:100158212:1","false","","false","","","","current_unavailable_official_source","선거공보||||||0||HEIGHT||Y||||00","","","","N","","pending_official_source_search"
"620260603-4100-용인시마선거구-100162694-1-선거공보","제9회 전국동시지방선거","4100","경기도","nec_region_scope","620260603","구·시·군의회의원선거","6","6413702","용인시마선거구","신나연","100162694","더불어민주당","100","1","용인시의회의원","단국대학교 대학원 교육학과 박사과정 수료(상담심리전공)","1","선거공보","선거공보","candidate-doc:100162694:1","false","","false","","","","current_unavailable_official_source","선거공보||||||0||HEIGHT||Y||||00","","","","N","","pending_official_source_search"
"620260603-4100-용인시마선거구-100164453-1-선거공보","제9회 전국동시지방선거","4100","경기도","nec_region_scope","620260603","구·시·군의회의원선거","6","6413702","용인시마선거구","김길수","100164453","국민의힘","200","2","용인시의회의원","한국방송통신대학교 미디어영상학과 졸업","1","선거공보","선거공보","candidate-doc:100164453:1","false","","false","","","","current_unavailable_official_source","선거공보||||||0||HEIGHT||Y||||00","","","","N","","pending_official_source_search"
"620260603-4100-용인시사선거구-100154933-1-선거공보","제9회 전국동시지방선거","4100","경기도","nec_region_scope","620260603","구·시·군의회의원선거","6","6413601","용인시사선거구","박해규","100154933","더불어민주당","100","1","정당인","고려대학교 문과대학 국어국문학과 졸업","1","선거공보","선거공보","candidate-doc:100154933:1","false","","false","","","","current_unavailable_official_source","선거공보||||||0||HEIGHT||Y||||00","","","","N","","pending_official_source_search"
"620260603-4100-용인시사선거구-100161277-1-선거공보","제9회 전국동시지방선거","4100","경기도","nec_region_scope","620260603","구·시·군의회의원선거","6","6413601","용인시사선거구","이승도","100161277","개혁신당","5070","4","동양미래대학교 컴퓨터공학부 강사","서울대학교 사회과학대학 경제학부 졸업","1","선거공보","선거공보","candidate-doc:100161277:1","false","","false","","","","current_unavailable_official_source","선거공보||||||0||HEIGHT||Y||||00","","","","N","","pending_official_source_search"
"620260603-4100-용인시아선거구-100163004-1-선거공보","제9회 전국동시지방선거","4100","경기도","nec_region_scope","620260603","구·시·군의회의원선거","6","6413602","용인시아선거구","장정순","100163004","더불어민주당","100","1","용인시의회의원","명지대학교 체육학사 (체육학 전공) 학위취득","1","선거공보","선거공보","candidate-doc:100163004:1","false","","false","","","","current_unavailable_official_source","선거공보||||||0||HEIGHT||Y||||00","","","","N","","pending_official_source_search"
"620260603-4100-용인시아선거구-100162284-1-선거공보","제9회 전국동시지방선거","4100","경기도","nec_region_scope","620260603","구·시·군의회의원선거","6","6413602","용인시아선거구","강영웅","100162284","국민의힘","200","2","용인시의원","단국대학교 경영대학원졸업 경영학석사(세무회계)","1","선거공보","선거공보","candidate-doc:100162284:1","false","","false","","","","current_unavailable_official_source","선거공보||||||0||HEIGHT||Y||||00","","","","N","","pending_official_source_search"
"620260603-4100-용인시자선거구-100160966-1-선거공보","제9회 전국동시지방선거","4100","경기도","nec_region_scope","620260603","구·시·군의회의원선거","6","6413603","용인시자선거구","정선일","100160966","자유와혁신","5082","5","연구원","서강대학교 대학원 졸업 부동산학 석사","1","선거공보","선거공보","candidate-doc:100160966:1","false","","false","","","","current_unavailable_official_source","선거공보||||||0||HEIGHT||Y||||00","","","","N","","pending_official_source_search"
"620260603-4100-고양시사선거구-100163883-1-선거공보","제9회 전국동시지방선거","4100","경기도","nec_region_scope","620260603","구·시·군의회의원선거","6","6412101","고양시사선거구","공소자","100163883","더불어민주당","100","1","고양시의회의원","명지대학교 사회복지대학원 졸업 (사회복지학 석사)","1","선거공보","선거공보","candidate-doc:100163883:1","false","","false","","","","current_unavailable_official_source","선거공보||||||0||HEIGHT||Y||||00","","","","N","","pending_official_source_search"
"620260603-4100-고양시아선거구-100155441-1-선거공보","제9회 전국동시지방선거","4100","경기도","nec_region_scope","620260603","구·시·군의회의원선거","6","6412102","고양시아선거구","장윤정","100155441","더불어민주당","100","1","정당인","성신여자대학교 경제학과 졸업 (경제학사)","1","선거공보","선거공보","candidate-doc:100155441:1","false","","false","","","","current_unavailable_official_source","선거공보||||||0||HEIGHT||Y||||00","","","","N","","pending_official_source_search"
"620260603-4100-고양시자선거구-100159991-1-선거공보","제9회 전국동시지방선거","4100","경기도","nec_region_scope","620260603","구·시·군의회의원선거","6","6412103","고양시자선거구","신인선","100159991","더불어민주당","100","1","고양시의회의원","영남대학교 공과대학 전산공학과 졸업(공학사)","1","선거공보","선거공보","candidate-doc:100159991:1","false","","false","","","","current_unavailable_official_source","선거공보||||||0||HEIGHT||Y||||00","","","","N","","pending_official_source_search"
"620260603-4100-고양시자선거구-100162895-1-선거공보","제9회 전국동시지방선거","4100","경기도","nec_region_scope","620260603","구·시·군의회의원선거","6","6412103","고양시자선거구","이홍규","100162895","국민의힘","200","2","정당인","연세대학교 행정대학원 졸업(행정학석사)","1","선거공보","선거공보","candidate-doc:100162895:1","false","","false","","","","current_unavailable_official_source","선거공보||||||0||HEIGHT||Y||||00","","","","N","","pending_official_source_search"
"620260603-4100-고양시타선거구-100163494-1-선거공보","제9회 전국동시지방선거","4100","경기도","nec_region_scope","620260603","구·시·군의회의원선거","6","6412203","고양시타선거구","김정희","100163494","더불어민주당","100","1","드림팜대표","경기대학교 법학부졸업(법학전공)","1","선거공보","선거공보","candidate-doc:100163494:1","false","","false","","","","current_unavailable_official_source","선거공보||||||0||HEIGHT||Y||||00","","","","N","","pending_official_source_search"
"620260603-4100-고양시타선거구-100159098-1-선거공보","제9회 전국동시지방선거","4100","경기도","nec_region_scope","620260603","구·시·군의회의원선거","6","6412203","고양시타선거구","오우람","100159098","국민의힘","200","2","5FTSL 대표","원광대학교 원예·애완동식물학부(애완동식물학전공) 졸업","1","선거공보","선거공보","candidate-doc:100159098:1","false","","false","","","","current_unavailable_official_source","선거공보||||||0||HEIGHT||Y||||00","","","","N","","pending_official_source_search"
"620260603-4100-고양시파선거구-100163567-1-선거공보","제9회 전국동시지방선거","4100","경기도","nec_region_scope","620260603","구·시·군의회의원선거","6","6412204","고양시파선거구","김학영","100163567","더불어민주당","100","1","고양시의회의원","농협대학교 협동조합디지털경영과 졸업","1","선거공보","선거공보","candidate-doc:100163567:1","false","","false","","","","current_unavailable_official_source","선거공보||||||0||HEIGHT||Y||||00","","","","N","","pending_official_source_search"
"620260603-4100-고양시파선거구-100162934-1-선거공보","제9회 전국동시지방선거","4100","경기도","nec_region_scope","620260603","구·시·군의회의원선거","6","6412204","고양시파선거구","김수진","100162934","국민의힘","200","2","고양시의회의원","한국외국어대학교 사범대학 영어교육과 졸업","1","선거공보","선거공보","candidate-doc:100162934:1","false","","false","","","","current_unavailable_official_source","선거공보||||||0||HEIGHT||Y||||00","","","","N","","pending_official_source_search"
"620260603-4100-화성시사선거구-100164501-1-선거공보","제9회 전국동시지방선거","4100","경기도","nec_region_scope","620260603","구·시·군의회의원선거","6","6415501","화성시사선거구","장철규","100164501","더불어민주당","100","1","화성시의회의원","호원대학교 기계자동차공학과 졸업","1","선거공보","선거공보","candidate-doc:100164501:1","false","","false","","","","current_unavailable_official_source","선거공보||||||0||HEIGHT||Y||||00","","","","N","","pending_official_source_search"
"620260603-4100-화성시사선거구-100160705-1-선거공보","제9회 전국동시지방선거","4100","경기도","nec_region_scope","620260603","구·시·군의회의원선거","6","6415501","화성시사선거구","김창겸","100160705","더불어민주당","100","1","자영업(임대업)","수원대학교 경영대학원 경영학과 졸업(경영학석사)","1","선거공보","선거공보","candidate-doc:100160705:1","false","","false","","","","current_unavailable_official_source","선거공보||||||0||HEIGHT||Y||||00","","","","N","","pending_official_source_search"
"620260603-4100-화성시사선거구-100161990-1-선거공보","제9회 전국동시지방선거","4100","경기도","nec_region_scope","620260603","구·시·군의회의원선거","6","6415501","화성시사선거구","임채덕","100161990","국민의힘","200","2","화성시의회의원","경희대학교 대학원 농학과 졸업(농학석사)","1","선거공보","선거공보","candidate-doc:100161990:1","false","","false","","","","current_unavailable_official_source","선거공보||||||0||HEIGHT||Y||||00","","","","N","","pending_official_source_search"
"620260603-4100-성남시나선거구-100157479-1-선거공보","제9회 전국동시지방선거","4100","경기도","nec_region_scope","620260603","구·시·군의회의원선거","6","6410502","성남시나선거구","김선임","100157479","더불어민주당","100","1","성남시의회의원","세종대학교 무용과 졸업","1","선거공보","선거공보","candidate-doc:100157479:1","false","","false","","","","current_unavailable_official_source","선거공보||||||0||HEIGHT||Y||||00","","","","N","","pending_official_source_search"
"620260603-4100-성남시나선거구-100156367-1-선거공보","제9회 전국동시지방선거","4100","경기도","nec_region_scope","620260603","구·시·군의회의원선거","6","6410502","성남시나선거구","이상호","100156367","국민의힘","200","2","성남시장애인체육회 상임부회장","가천대학교 대학원 졸업 (행정학박사)","1","선거공보","선거공보","candidate-doc:100156367:1","false","","false","","","","current_unavailable_official_source","선거공보||||||0||HEIGHT||Y||||00","","","","N","","pending_official_source_search"
"620260603-4100-성남시다선거구-100157554-1-선거공보","제9회 전국동시지방선거","4100","경기도","nec_region_scope","620260603","구·시·군의회의원선거","6","6410503","성남시다선거구","박기범","100157554","더불어민주당","100","1","성남시의회의원","고려대학교 노동대학원 졸업 [경제학석사(노동경제)]","1","선거공보","선거공보","candidate-doc:100157554:1","false","","false","","","","current_unavailable_official_source","선거공보||||||0||HEIGHT||Y||||00","","","","N","","pending_official_source_search"
"620260603-4100-성남시다선거구-100155443-1-선거공보","제9회 전국동시지방선거","4100","경기도","nec_region_scope","620260603","구·시·군의회의원선거","6","6410503","성남시다선거구","김주현","100155443","국민의힘","200","2","정당인","신구대학교 사진영상미디어과 2학년 재학중","1","선거공보","선거공보","candidate-doc:100155443:1","false","","false","","","","current_unavailable_official_source","선거공보||||||0||HEIGHT||Y||||00","","","","N","","pending_official_source_search"
"620260603-4100-성남시사선거구-100157803-1-선거공보","제9회 전국동시지방선거","4100","경기도","nec_region_scope","620260603","구·시·군의회의원선거","6","6410702","성남시사선거구","정연화","100157803","더불어민주당","100","1","성남시의회의원","서정대학교 사회복지상담과 졸업","1","선거공보","선거공보","candidate-doc:100157803:1","false","","false","","","","current_unavailable_official_source","선거공보||||||0||HEIGHT||Y||||00","","","","N","","pending_official_source_search"
"620260603-4100-성남시사선거구-100155785-1-선거공보","제9회 전국동시지방선거","4100","경기도","nec_region_scope","620260603","구·시·군의회의원선거","6","6410702","성남시사선거구","김보석","100155785","국민의힘","200","2","성남시의회의원","가천대학교 응용통계학과 졸업","1","선거공보","선거공보","candidate-doc:100155785:1","false","","false","","","","current_unavailable_official_source","선거공보||||||0||HEIGHT||Y||||00","","","","N","","pending_official_source_search"
"620260603-4100-성남시아선거구-100156876-1-선거공보","제9회 전국동시지방선거","4100","경기도","nec_region_scope","620260603","구·시·군의회의원선거","6","6410703","성남시아선거구","오종길","100156876","더불어민주당","100","1","정당인","성균관대학교 교육대학원 졸업(국어교육학석사)","1","선거공보","선거공보","candidate-doc:100156876:1","false","","false","","","","current_unavailable_official_source","선거공보||||||0||HEIGHT||Y||||00","","","","N","","pending_official_source_search"
"620260603-4100-성남시아선거구-100155753-1-선거공보","제9회 전국동시지방선거","4100","경기도","nec_region_scope","620260603","구·시·군의회의원선거","6","6410703","성남시아선거구","김건우","100155753","국민의힘","200","2","정당인","가톨릭대학교 국제관계학과 졸업","1","선거공보","선거공보","candidate-doc:100155753:1","false","","false","","","","current_unavailable_official_source","선거공보||||||0||HEIGHT||Y||||00","","","","N","","pending_official_source_search"
"620260603-4100-성남시자선거구-100156618-1-선거공보","제9회 전국동시지방선거","4100","경기도","nec_region_scope","620260603","구·시·군의회의원선거","6","6410704","성남시자선거구","이세미","100156618","더불어민주당","100","1","정당인","강원대학교 컴퓨터학부 졸업","1","선거공보","선거공보","candidate-doc:100156618:1","false","","false","","","","current_unavailable_official_source","선거공보||||||0||HEIGHT||Y||||00","","","","N","","pending_official_source_search"
"620260603-4100-성남시자선거구-100161305-1-선거공보","제9회 전국동시지방선거","4100","경기도","nec_region_scope","620260603","구·시·군의회의원선거","6","6410704","성남시자선거구","김종환","100161305","국민의힘","200","2","정당인","동국대학교 대학원 행정학과 박사과정 2학기 휴학중","1","선거공보","선거공보","candidate-doc:100161305:1","false","","false","","","","current_unavailable_official_source","선거공보||||||0||HEIGHT||Y||||00","","","","N","","pending_official_source_search"
"620260603-4100-성남시카선거구-100157115-1-선거공보","제9회 전국동시지방선거","4100","경기도","nec_region_scope","620260603","구·시·군의회의원선거","6","6410706","성남시카선거구","서은경","100157115","더불어민주당","100","1","성남시의회의원","가천대학교 경영대학원 졸업(사회적기업학 석사)","1","선거공보","선거공보","candidate-doc:100157115:1","false","","false","","","","current_unavailable_official_source","선거공보||||||0||HEIGHT||Y||||00","","","","N","","pending_official_source_search"
"620260603-4100-성남시카선거구-100158450-1-선거공보","제9회 전국동시지방선거","4100","경기도","nec_region_scope","620260603","구·시·군의회의원선거","6","6410706","성남시카선거구","정봉규","100158450","국민의힘","200","2","정당인","성균관대학교 대학원 졸업(체육학박사)","1","선거공보","선거공보","candidate-doc:100158450:1","false","","false","","","","current_unavailable_official_source","선거공보||||||0||HEIGHT||Y||||00","","","","N","","pending_official_source_search"
"620260603-4100-남양주시나선거구-100160752-1-선거공보","제9회 전국동시지방선거","4100","경기도","nec_region_scope","620260603","구·시·군의회의원선거","6","6412602","남양주시나선거구","임영신","100160752","더불어민주당","100","1","정당인","동국대학교 수학과 제적(1990.03.02.~1995.02.27.)","1","선거공보","선거공보","candidate-doc:100160752:1","false","","false","","","","current_unavailable_official_source","선거공보||||||0||HEIGHT||Y||||00","","","","N","","pending_official_source_search"
"620260603-4100-남양주시사선거구-100162154-1-선거공보","제9회 전국동시지방선거","4100","경기도","nec_region_scope","620260603","구·시·군의회의원선거","6","6412607","남양주시사선거구","홍성우","100162154","국민의힘","200","2","정당인","경희대학교 체육대학원 졸업(체육학 박사)","1","선거공보","선거공보","candidate-doc:100162154:1","false","","false","","","","current_unavailable_official_source","선거공보||||||0||HEIGHT||Y||||00","","","","N","","pending_official_source_search"
"620260603-4100-안산시라선거구-100163886-1-선거공보","제9회 전국동시지방선거","4100","경기도","nec_region_scope","620260603","구·시·군의회의원선거","6","6411804","안산시라선거구","이재복","100163886","더불어민주당","100","1","다연테크 대표","한양사이버대학교 사회복지학과 재학중","1","선거공보","선거공보","candidate-doc:100163886:1","false","","false","","","","current_unavailable_official_source","선거공보||||||0||HEIGHT||Y||||00","","","","N","","pending_official_source_search"
"620260603-4100-안산시라선거구-100162572-1-선거공보","제9회 전국동시지방선거","4100","경기도","nec_region_scope","620260603","구·시·군의회의원선거","6","6411804","안산시라선거구","설호영","100162572","국민의힘","200","2","안산시의회의원","선문대학교 언론광고학부 졸업","1","선거공보","선거공보","candidate-doc:100162572:1","false","","false","","","","current_unavailable_official_source","선거공보||||||0||HEIGHT||Y||||00","","","","N","","pending_official_source_search"
"620260603-4100-안산시바선거구-100158386-1-선거공보","제9회 전국동시지방선거","4100","경기도","nec_region_scope","620260603","구·시·군의회의원선거","6","6411902","안산시바선거구","안두회","100158386","더불어민주당","100","1","스포츠센터 대표","용인대학교 체육학사 (체육전공)","1","선거공보","선거공보","candidate-doc:100158386:1","false","","false","","","","current_unavailable_official_source","선거공보||||||0||HEIGHT||Y||||00","","","","N","","pending_official_source_search"
"620260603-4100-안산시바선거구-100162220-1-선거공보","제9회 전국동시지방선거","4100","경기도","nec_region_scope","620260603","구·시·군의회의원선거","6","6411902","안산시바선거구","김재국","100162220","국민의힘","200","2","안산시의회의원","아주대학교 공공정책대학원 행정학과 졸업 (행정학석사)","1","선거공보","선거공보","candidate-doc:100162220:1","false","","false","","","","current_unavailable_official_source","선거공보||||||0||HEIGHT||Y||||00","","","","N","","pending_official_source_search"
"620260603-4100-평택시가선거구-100155137-1-선거공보","제9회 전국동시지방선거","4100","경기도","nec_region_scope","620260603","구·시·군의회의원선거","6","6411501","평택시가선거구","백성권","100155137","더불어민주당","100","1","정당인","장안전문대학(현 장안대학교) 졸업","1","선거공보","선거공보","candidate-doc:100155137:1","false","","false","","","","current_unavailable_official_source","선거공보||||||0||HEIGHT||Y||||00","","","","N","","pending_official_source_search"
"620260603-4100-평택시가선거구-100162319-1-선거공보","제9회 전국동시지방선거","4100","경기도","nec_region_scope","620260603","구·시·군의회의원선거","6","6411501","평택시가선거구","우창곤","100162319","무소속","9999","5","자영업","효명종합고등학교 졸업","1","선거공보","선거공보","candidate-doc:100162319:1","false","","false","","","","current_unavailable_official_source","선거공보||||||0||HEIGHT||Y||||00","","","","N","","pending_official_source_search"
"620260603-4100-평택시나선거구-100161639-1-선거공보","제9회 전국동시지방선거","4100","경기도","nec_region_scope","620260603","구·시·군의회의원선거","6","6411502","평택시나선거구","최재영","100161639","더불어민주당","100","1","평택시의회의원","청주대학교 이공대학 전자공학과 졸업","1","선거공보","선거공보","candidate-doc:100161639:1","false","","false","","","","current_unavailable_official_source","선거공보||||||0||HEIGHT||Y||||00","","","","N","","pending_official_source_search"
"620260603-4100-평택시나선거구-100156128-1-선거공보","제9회 전국동시지방선거","4100","경기도","nec_region_scope","620260603","구·시·군의회의원선거","6","6411502","평택시나선거구","이원희","100156128","더불어민주당","100","1","정당인","경운대학교 졸업","1","선거공보","선거공보","candidate-doc:100156128:1","false","","false","","","","current_unavailable_official_source","선거공보||||||0||HEIGHT||Y||||00","","","","N","","pending_official_source_search"
"620260603-4100-평택시다선거구-100161596-1-선거공보","제9회 전국동시지방선거","4100","경기도","nec_region_scope","620260603","구·시·군의회의원선거","6","6411503","평택시다선거구","윤희중","100161596","더불어민주당","100","1","정당인","중앙대학교 서울캠퍼스 독어독문학과 졸업","1","선거공보","선거공보","candidate-doc:100161596:1","false","","false","","","","current_unavailable_official_source","선거공보||||||0||HEIGHT||Y||||00","","","","N","","pending_official_source_search"
"620260603-4100-평택시다선거구-100159937-1-선거공보","제9회 전국동시지방선거","4100","경기도","nec_region_scope","620260603","구·시·군의회의원선거","6","6411503","평택시다선거구","이향숙","100159937","국민의힘","200","2","주부","한경국립대학교 산업대학원 졸업(사회복지학 석사)","1","선거공보","선거공보","candidate-doc:100159937:1","false","","false","","","","current_unavailable_official_source","선거공보||||||0||HEIGHT||Y||||00","","","","N","","pending_official_source_search"
"620260603-4100-평택시라선거구-100155714-1-선거공보","제9회 전국동시지방선거","4100","경기도","nec_region_scope","620260603","구·시·군의회의원선거","6","6411504","평택시라선거구","박은옥","100155714","더불어민주당","100","1","임대업","한국방송통신대학교 청소년교육복지상담학과 졸업","1","선거공보","선거공보","candidate-doc:100155714:1","false","","false","","","","current_unavailable_official_source","선거공보||||||0||HEIGHT||Y||||00","","","","N","","pending_official_source_search"
"620260603-4100-평택시라선거구-100157419-1-선거공보","제9회 전국동시지방선거","4100","경기도","nec_region_scope","620260603","구·시·군의회의원선거","6","6411504","평택시라선거구","김태선","100157419","더불어민주당","100","1","자영업","중앙대학교 외국어대학 중어학과 1학년 제적(1984.3.~1985.3)","1","선거공보","선거공보","candidate-doc:100157419:1","false","","false","","","","current_unavailable_official_source","선거공보||||||0||HEIGHT||Y||||00","","","","N","","pending_official_source_search"
"620260603-4100-평택시라선거구-100161350-1-선거공보","제9회 전국동시지방선거","4100","경기도","nec_region_scope","620260603","구·시·군의회의원선거","6","6411504","평택시라선거구","최준구","100161350","국민의힘","200","2","평택시의회 의원","고려대학교 정책대학원 졸업(경제학 석사)","1","선거공보","선거공보","candidate-doc:100161350:1","false","","false","","","","current_unavailable_official_source","선거공보||||||0||HEIGHT||Y||||00","","","","N","","pending_official_source_search"
"620260603-4100-평택시마선거구-100155514-1-선거공보","제9회 전국동시지방선거","4100","경기도","nec_region_scope","620260603","구·시·군의회의원선거","6","6411505","평택시마선거구","최영갑","100155514","더불어민주당","100","1","정당인","경희사이버대학교 사회복지전공 졸업","1","선거공보","선거공보","candidate-doc:100155514:1","false","","false","","","","current_unavailable_official_source","선거공보||||||0||HEIGHT||Y||||00","","","","N","","pending_official_source_search"
"620260603-4100-평택시마선거구-100162422-1-선거공보","제9회 전국동시지방선거","4100","경기도","nec_region_scope","620260603","구·시·군의회의원선거","6","6411505","평택시마선거구","김산수","100162422","더불어민주당","100","1","평택시의회의원","미국 미네소타대학교 정치학 학사 졸업(2015.9~2017.5)","1","선거공보","선거공보","candidate-doc:100162422:1","false","","false","","","","current_unavailable_official_source","선거공보||||||0||HEIGHT||Y||||00","","","","N","","pending_official_source_search"
"620260603-4100-평택시마선거구-100154863-1-선거공보","제9회 전국동시지방선거","4100","경기도","nec_region_scope","620260603","구·시·군의회의원선거","6","6411505","평택시마선거구","강창수","100154863","국민의힘","200","2","현수막월드 대표","평택고등학교 졸업","1","선거공보","선거공보","candidate-doc:100154863:1","false","","false","","","","current_unavailable_official_source","선거공보||||||0||HEIGHT||Y||||00","","","","N","","pending_official_source_search"
"620260603-4100-평택시마선거구-100161660-1-선거공보","제9회 전국동시지방선거","4100","경기도","nec_region_scope","620260603","구·시·군의회의원선거","6","6411505","평택시마선거구","김순이","100161660","국민의힘","200","2","평택시의회의원","국제대학교 사회복지과 졸업(사회복지전문학사)","1","선거공보","선거공보","candidate-doc:100161660:1","false","","false","","","","current_unavailable_official_source","선거공보||||||0||HEIGHT||Y||||00","","","","N","","pending_official_source_search"
"620260603-4100-평택시바선거구-100156061-1-선거공보","제9회 전국동시지방선거","4100","경기도","nec_region_scope","620260603","구·시·군의회의원선거","6","6411506","평택시바선거구","류정화","100156061","더불어민주당","100","1","평택시의원","경기대학교 경영학사","1","선거공보","선거공보","candidate-doc:100156061:1","false","","false","","","","current_unavailable_official_source","선거공보||||||0||HEIGHT||Y||||00","","","","N","","pending_official_source_search"
"620260603-4100-평택시바선거구-100155726-1-선거공보","제9회 전국동시지방선거","4100","경기도","nec_region_scope","620260603","구·시·군의회의원선거","6","6411506","평택시바선거구","이학섭","100155726","더불어민주당","100","1","자영업","한남대학교 토목공학과 졸업","1","선거공보","선거공보","candidate-doc:100155726:1","false","","false","","","","current_unavailable_official_source","선거공보||||||0||HEIGHT||Y||||00","","","","N","","pending_official_source_search"
"620260603-4100-평택시바선거구-100157199-1-선거공보","제9회 전국동시지방선거","4100","경기도","nec_region_scope","620260603","구·시·군의회의원선거","6","6411506","평택시바선거구","한윤섭","100157199","국민의힘","200","2","현대전기 대표","한국방송통신대학교 경영학과1학년 재학중","1","선거공보","선거공보","candidate-doc:100157199:1","false","","false","","","","current_unavailable_official_source","선거공보||||||0||HEIGHT||Y||||00","","","","N","","pending_official_source_search"
"620260603-4100-평택시바선거구-100156866-1-선거공보","제9회 전국동시지방선거","4100","경기도","nec_region_scope","620260603","구·시·군의회의원선거","6","6411506","평택시바선거구","정윤서","100156866","국민의힘","200","2","남서울대학교 교양대학 겸임교수","수원대학교 일반대학원 졸업(문학박사)","1","선거공보","선거공보","candidate-doc:100156866:1","false","","false","","","","current_unavailable_official_source","선거공보||||||0||HEIGHT||Y||||00","","","","N","","pending_official_source_search"
"620260603-4100-평택시바선거구-100163146-1-선거공보","제9회 전국동시지방선거","4100","경기도","nec_region_scope","620260603","구·시·군의회의원선거","6","6411506","평택시바선거구","최용","100163146","자유와혁신","5082","5","자유와혁신 중앙당 과장","동국대학교 국제통상학과 4학년 제적(2003.3~2011.8)","1","선거공보","선거공보","candidate-doc:100163146:1","false","","false","","","","current_unavailable_official_source","선거공보||||||0||HEIGHT||Y||||00","","","","N","","pending_official_source_search"
"620260603-4100-평택시사선거구-100161580-1-선거공보","제9회 전국동시지방선거","4100","경기도","nec_region_scope","620260603","구·시·군의회의원선거","6","6411507","평택시사선거구","최동윤","100161580","더불어민주당","100","1","사업가","태광고등학교 졸업","1","선거공보","선거공보","candidate-doc:100161580:1","false","","false","","","","current_unavailable_official_source","선거공보||||||0||HEIGHT||Y||||00","","","","N","","pending_official_source_search"
"620260603-4100-평택시사선거구-100156820-1-선거공보","제9회 전국동시지방선거","4100","경기도","nec_region_scope","620260603","구·시·군의회의원선거","6","6411507","평택시사선거구","이기형","100156820","더불어민주당","100","1","평택시의회 의원","경기대학교 경영학사","1","선거공보","선거공보","candidate-doc:100156820:1","false","","false","","","","current_unavailable_official_source","선거공보||||||0||HEIGHT||Y||||00","","","","N","","pending_official_source_search"
"620260603-4100-평택시사선거구-100158324-1-선거공보","제9회 전국동시지방선거","4100","경기도","nec_region_scope","620260603","구·시·군의회의원선거","6","6411507","평택시사선거구","오치성","100158324","국민의힘","200","2","자영업","성공회대학교 사회복지학과 졸업","1","선거공보","선거공보","candidate-doc:100158324:1","false","","false","","","","current_unavailable_official_source","선거공보||||||0||HEIGHT||Y||||00","","","","N","","pending_official_source_search"
"620260603-4100-평택시사선거구-100160759-1-선거공보","제9회 전국동시지방선거","4100","경기도","nec_region_scope","620260603","구·시·군의회의원선거","6","6411507","평택시사선거구","정일구","100160759","국민의힘","200","2","평택시의회 의원","고려대학교 경영정보대학원 졸업(경영학 석사)","1","선거공보","선거공보","candidate-doc:100160759:1","false","","false","","","","current_unavailable_official_source","선거공보||||||0||HEIGHT||Y||||00","","","","N","","pending_official_source_search"
"620260603-4100-평택시사선거구-100161745-1-선거공보","제9회 전국동시지방선거","4100","경기도","nec_region_scope","620260603","구·시·군의회의원선거","6","6411507","평택시사선거구","오세옥","100161745","자유와혁신","5082","6","정당인","수원과학대학교 실버사회복지과 졸업","1","선거공보","선거공보","candidate-doc:100161745:1","false","","false","","","","current_unavailable_official_source","선거공보||||||0||HEIGHT||Y||||00","","","","N","","pending_official_source_search"
"620260603-4100-안양시나선거구-100163035-1-선거공보","제9회 전국동시지방선거","4100","경기도","nec_region_scope","620260603","구·시·군의회의원선거","6","6410902","안양시나선거구","채진기","100163035","더불어민주당","100","1","안양시의회의원","한양대학교 도시대학원 박사과정 수료 (도시재생·설계전공)","1","선거공보","선거공보","candidate-doc:100163035:1","false","","false","","","","current_unavailable_official_source","선거공보||||||0||HEIGHT||Y||||00","","","","N","","pending_official_source_search"
"620260603-4100-안양시나선거구-100157514-1-선거공보","제9회 전국동시지방선거","4100","경기도","nec_region_scope","620260603","구·시·군의회의원선거","6","6410902","안양시나선거구","황원영","100157514","국민의힘","200","2","정당인","경기대학교 행정학과 졸업","1","선거공보","선거공보","candidate-doc:100157514:1","false","","false","","","","current_unavailable_official_source","선거공보||||||0||HEIGHT||Y||||00","","","","N","","pending_official_source_search"
"620260603-4100-파주시가선거구-100156045-1-선거공보","제9회 전국동시지방선거","4100","경기도","nec_region_scope","620260603","구·시·군의회의원선거","6","6413201","파주시가선거구","방인혜","100156045","더불어민주당","100","1","(주)포레스트팜 대표이사","중부대학교 대학원 자연치유학과 졸업(자연치유학석사)","1","선거공보","선거공보","candidate-doc:100156045:1","false","","false","","","","current_unavailable_official_source","선거공보||||||0||HEIGHT||Y||||00","","","","N","","pending_official_source_search"
"620260603-4100-파주시가선거구-100154509-1-선거공보","제9회 전국동시지방선거","4100","경기도","nec_region_scope","620260603","구·시·군의회의원선거","6","6413201","파주시가선거구","윤석일","100154509","더불어민주당","100","1","푸름에코컨설팅 대표","한국열린사이버대학교 사회복지학과 졸업(시회복지학사)","1","선거공보","선거공보","candidate-doc:100154509:1","false","","false","","","","current_unavailable_official_source","선거공보||||||0||HEIGHT||Y||||00","","","","N","","pending_official_source_search"
"620260603-4100-파주시가선거구-100161878-1-선거공보","제9회 전국동시지방선거","4100","경기도","nec_region_scope","620260603","구·시·군의회의원선거","6","6413201","파주시가선거구","정경민","100161878","국민의힘","200","2","사업가(금융IT)","한국공학대학교 전자제어공학과 졸업","1","선거공보","선거공보","candidate-doc:100161878:1","false","","false","","","","current_unavailable_official_source","선거공보||||||0||HEIGHT||Y||||00","","","","N","","pending_official_source_search"
"620260603-4100-파주시가선거구-100154533-1-선거공보","제9회 전국동시지방선거","4100","경기도","nec_region_scope","620260603","구·시·군의회의원선거","6","6413201","파주시가선거구","김찬우","100154533","정의당","730","5","정당인","한국방송통신대학교 사회복지학과 1학년 재학중","1","선거공보","선거공보","candidate-doc:100154533:1","false","","false","","","","current_unavailable_official_source","선거공보||||||0||HEIGHT||Y||||00","","","","N","","pending_official_source_search"
"620260603-4100-파주시나선거구-100163103-1-선거공보","제9회 전국동시지방선거","4100","경기도","nec_region_scope","620260603","구·시·군의회의원선거","6","6413202","파주시나선거구","김경옥","100163103","더불어민주당","100","1","정당인","완도금일고등학교 졸업","1","선거공보","선거공보","candidate-doc:100163103:1","false","","false","","","","current_unavailable_official_source","선거공보||||||0||HEIGHT||Y||||00","","","","N","","pending_official_source_search"
"620260603-4100-파주시나선거구-100165144-1-선거공보","제9회 전국동시지방선거","4100","경기도","nec_region_scope","620260603","구·시·군의회의원선거","6","6413202","파주시나선거구","이정은","100165144","더불어민주당","100","1","파주시의회의원","이화여자대학교 사회복지대학원 석사학위과정 3학기 재학중","1","선거공보","선거공보","candidate-doc:100165144:1","false","","false","","","","current_unavailable_official_source","선거공보||||||0||HEIGHT||Y||||00","","","","N","","pending_official_source_search"
"620260603-4100-파주시나선거구-100162227-1-선거공보","제9회 전국동시지방선거","4100","경기도","nec_region_scope","620260603","구·시·군의회의원선거","6","6413202","파주시나선거구","옥승철","100162227","국민의힘","200","2","회사원","옥스포드대학교 졸업(공공정책학 석사과정, 2017.9.~2018.9., 공공정책학 석사) ","1","선거공보","선거공보","candidate-doc:100162227:1","false","","false","","","","current_unavailable_official_source","선거공보||||||0||HEIGHT||Y||||00","","","","N","","pending_official_source_search"
"620260603-4100-파주시나선거구-100161952-1-선거공보","제9회 전국동시지방선거","4100","경기도","nec_region_scope","620260603","구·시·군의회의원선거","6","6413202","파주시나선거구","최창호","100161952","국민의힘","200","2","파주시의회의원","경희사이버대학교 관광레저경영학과 졸업","1","선거공보","선거공보","candidate-doc:100161952:1","false","","false","","","","current_unavailable_official_source","선거공보||||||0||HEIGHT||Y||||00","","","","N","","pending_official_source_search"
"620260603-4100-파주시나선거구-100156597-1-선거공보","제9회 전국동시지방선거","4100","경기도","nec_region_scope","620260603","구·시·군의회의원선거","6","6413202","파주시나선거구","소경준","100156597","노동당","1988","5","정당인","미기재","1","선거공보","선거공보","candidate-doc:100156597:1","false","","false","","","","current_unavailable_official_source","선거공보||||||0||HEIGHT||Y||||00","","","","N","","pending_official_source_search"
"620260603-4100-파주시다선거구-100154491-1-선거공보","제9회 전국동시지방선거","4100","경기도","nec_region_scope","620260603","구·시·군의회의원선거","6","6413203","파주시다선거구","유장무","100154491","더불어민주당","100","1","태경 부사장","명지대학교 대학원 경영학과 졸업(경영학박사)","1","선거공보","선거공보","candidate-doc:100154491:1","false","","false","","","","current_unavailable_official_source","선거공보||||||0||HEIGHT||Y||||00","","","","N","","pending_official_source_search"
"620260603-4100-파주시다선거구-100155478-1-선거공보","제9회 전국동시지방선거","4100","경기도","nec_region_scope","620260603","구·시·군의회의원선거","6","6413203","파주시다선거구","김환중","100155478","더불어민주당","100","1","정당인(더불어민주당 파주갑지역위원회 지역대의원)","동국대학교 행정대학원 행정학과 지방자치전공 졸업(행정학석사)","1","선거공보","선거공보","candidate-doc:100155478:1","false","","false","","","","current_unavailable_official_source","선거공보||||||0||HEIGHT||Y||||00","","","","N","","pending_official_source_search"
"620260603-4100-파주시다선거구-100161924-1-선거공보","제9회 전국동시지방선거","4100","경기도","nec_region_scope","620260603","구·시·군의회의원선거","6","6413203","파주시다선거구","이진아","100161924","국민의힘","200","2","정당인","숙명여자대학교 의류학과 졸업(이학사)","1","선거공보","선거공보","candidate-doc:100161924:1","false","","false","","","","current_unavailable_official_source","선거공보||||||0||HEIGHT||Y||||00","","","","N","","pending_official_source_search"
"620260603-4100-파주시다선거구-100164800-1-선거공보","제9회 전국동시지방선거","4100","경기도","nec_region_scope","620260603","구·시·군의회의원선거","6","6413203","파주시다선거구","한종갑","100164800","조국혁신당","5077","3","정당인","한성대학교 문헌정보학과 졸업","1","선거공보","선거공보","candidate-doc:100164800:1","false","","false","","","","current_unavailable_official_source","선거공보||||||0||HEIGHT||Y||||00","","","","N","","pending_official_source_search"
"620260603-4100-파주시다선거구-100157056-1-선거공보","제9회 전국동시지방선거","4100","경기도","nec_region_scope","620260603","구·시·군의회의원선거","6","6413203","파주시다선거구","안소희","100157056","진보당","5010","5","진보당 파주시갑 지역위원장","한신대학교 문예창작학과 4학년 재학중","1","선거공보","선거공보","candidate-doc:100157056:1","false","","false","","","","current_unavailable_official_source","선거공보||||||0||HEIGHT||Y||||00","","","","N","","pending_official_source_search"
"620260603-4100-파주시라선거구-100155692-1-선거공보","제9회 전국동시지방선거","4100","경기도","nec_region_scope","620260603","구·시·군의회의원선거","6","6413204","파주시라선거구","지은영","100155692","더불어민주당","100","1","정당인","단국대학교 경영학과 졸업","1","선거공보","선거공보","candidate-doc:100155692:1","false","","false","","","","current_unavailable_official_source","선거공보||||||0||HEIGHT||Y||||00","","","","N","","pending_official_source_search"
"620260603-4100-파주시라선거구-100157286-1-선거공보","제9회 전국동시지방선거","4100","경기도","nec_region_scope","620260603","구·시·군의회의원선거","6","6413204","파주시라선거구","최유각","100157286","더불어민주당","100","1","정당인","단국대학교 부동산·건설대학원 석사과정 1학기 재학중","1","선거공보","선거공보","candidate-doc:100157286:1","false","","false","","","","current_unavailable_official_source","선거공보||||||0||HEIGHT||Y||||00","","","","N","","pending_official_source_search"
"620260603-4100-파주시라선거구-100158336-1-선거공보","제9회 전국동시지방선거","4100","경기도","nec_region_scope","620260603","구·시·군의회의원선거","6","6413204","파주시라선거구","손형배","100158336","국민의힘","200","2","파주시의회의원","서영대학교 사회복지행정과 졸업(사회복지전문학사)","1","선거공보","선거공보","candidate-doc:100158336:1","false","","false","","","","current_unavailable_official_source","선거공보||||||0||HEIGHT||Y||||00","","","","N","","pending_official_source_search"
"620260603-4100-파주시라선거구-100155013-1-선거공보","제9회 전국동시지방선거","4100","경기도","nec_region_scope","620260603","구·시·군의회의원선거","6","6413204","파주시라선거구","홍윤기","100155013","무소속","9999","5","무직","국제사이버대학교 사회복지학과 2학년 휴학중","1","선거공보","선거공보","candidate-doc:100155013:1","false","","false","","","","current_unavailable_official_source","선거공보||||||0||HEIGHT||Y||||00","","","","N","","pending_official_source_search"
"620260603-4100-파주시마선거구-100157013-1-선거공보","제9회 전국동시지방선거","4100","경기도","nec_region_scope","620260603","구·시·군의회의원선거","6","6413205","파주시마선거구","이금옥","100157013","더불어민주당","100","1","농업회사법인 다원웰푸드(주) 대표이사","농협대학교 협동조합과 졸업","1","선거공보","선거공보","candidate-doc:100157013:1","false","","false","","","","current_unavailable_official_source","선거공보||||||0||HEIGHT||Y||||00","","","","N","","pending_official_source_search"
"620260603-4100-파주시마선거구-100158126-1-선거공보","제9회 전국동시지방선거","4100","경기도","nec_region_scope","620260603","구·시·군의회의원선거","6","6413205","파주시마선거구","이혜정","100158126","더불어민주당","100","1","정당인","관광학사(관광경영학 전공)","1","선거공보","선거공보","candidate-doc:100158126:1","false","","false","","","","current_unavailable_official_source","선거공보||||||0||HEIGHT||Y||||00","","","","N","","pending_official_source_search"
"620260603-4100-파주시마선거구-100161656-1-선거공보","제9회 전국동시지방선거","4100","경기도","nec_region_scope","620260603","구·시·군의회의원선거","6","6413205","파주시마선거구","이익선","100161656","국민의힘","200","2","파주시의회의원","국민대학교 대학원 법학과 졸업(법학박사)","1","선거공보","선거공보","candidate-doc:100161656:1","false","","false","","","","current_unavailable_official_source","선거공보||||||0||HEIGHT||Y||||00","","","","N","","pending_official_source_search"
"620260603-4100-파주시마선거구-100155039-1-선거공보","제9회 전국동시지방선거","4100","경기도","nec_region_scope","620260603","구·시·군의회의원선거","6","6413205","파주시마선거구","김일철","100155039","국민의힘","200","2","MTA태권도 관장","한국방송통신대학교 행정학과 1학년 재학중","1","선거공보","선거공보","candidate-doc:100155039:1","false","","false","","","","current_unavailable_official_source","선거공보||||||0||HEIGHT||Y||||00","","","","N","","pending_official_source_search"
"620260603-4100-파주시마선거구-100155645-1-선거공보","제9회 전국동시지방선거","4100","경기도","nec_region_scope","620260603","구·시·군의회의원선거","6","6413205","파주시마선거구","양준모","100155645","개혁신당","5070","4","애견미용학원 운영","중부대학교 경찰법학전공 졸업","1","선거공보","선거공보","candidate-doc:100155645:1","false","","false","","","","current_unavailable_official_source","선거공보||||||0||HEIGHT||Y||||00","","","","N","","pending_official_source_search"
"620260603-4100-의정부시가선거구-100160365-1-선거공보","제9회 전국동시지방선거","4100","경기도","nec_region_scope","620260603","구·시·군의회의원선거","6","6410801","의정부시가선거구","박지은","100160365","더불어민주당","100","1","정당인","협성대학교 대학원 졸업(아동보육학,문학박사)","1","선거공보","선거공보","candidate-doc:100160365:1","false","","false","","","","current_unavailable_official_source","선거공보||||||0||HEIGHT||Y||||00","","","","N","","pending_official_source_search"
"620260603-4100-의정부시가선거구-100162003-1-선거공보","제9회 전국동시지방선거","4100","경기도","nec_region_scope","620260603","구·시·군의회의원선거","6","6410801","의정부시가선거구","장수봉","100162003","조국혁신당","5077","3","정당인","서울대학교 사회교육과 졸업","1","선거공보","선거공보","candidate-doc:100162003:1","false","","false","","","","current_unavailable_official_source","선거공보||||||0||HEIGHT||Y||||00","","","","N","","pending_official_source_search"
"620260603-4100-의정부시나선거구-100156817-1-선거공보","제9회 전국동시지방선거","4100","경기도","nec_region_scope","620260603","구·시·군의회의원선거","6","6410802","의정부시나선거구","이광수","100156817","더불어민주당","100","1","무직","한양대학교 문화인류학과 졸업","1","선거공보","선거공보","candidate-doc:100156817:1","false","","false","","","","current_unavailable_official_source","선거공보||||||0||HEIGHT||Y||||00","","","","N","","pending_official_source_search"
"620260603-4100-의정부시나선거구-100158605-1-선거공보","제9회 전국동시지방선거","4100","경기도","nec_region_scope","620260603","구·시·군의회의원선거","6","6410802","의정부시나선거구","전은영","100158605","국민의힘","200","2","프리랜서(생활체육강사)","국민대학교 경영대학원 졸업(건강관리학석사)","1","선거공보","선거공보","candidate-doc:100158605:1","false","","false","","","","current_unavailable_official_source","선거공보||||||0||HEIGHT||Y||||00","","","","N","","pending_official_source_search"
"620260603-4100-의정부시다선거구-100155099-1-선거공보","제9회 전국동시지방선거","4100","경기도","nec_region_scope","620260603","구·시·군의회의원선거","6","6410803","의정부시다선거구","정성교","100155099","더불어민주당","100","1","정당인","체육학사(체육학전공)","1","선거공보","선거공보","candidate-doc:100155099:1","false","","false","","","","current_unavailable_official_source","선거공보||||||0||HEIGHT||Y||||00","","","","N","","pending_official_source_search"
"620260603-4100-의정부시다선거구-100155571-1-선거공보","제9회 전국동시지방선거","4100","경기도","nec_region_scope","620260603","구·시·군의회의원선거","6","6410803","의정부시다선거구","권영선","100155571","더불어민주당","100","1","정당인","숭실대학교 대학원 졸업(교육학 박사)","1","선거공보","선거공보","candidate-doc:100155571:1","false","","false","","","","current_unavailable_official_source","선거공보||||||0||HEIGHT||Y||||00","","","","N","","pending_official_source_search"
"620260603-4100-의정부시다선거구-100161586-1-선거공보","제9회 전국동시지방선거","4100","경기도","nec_region_scope","620260603","구·시·군의회의원선거","6","6410803","의정부시다선거구","이다연","100161586","국민의힘","200","2","자영업","경복대학 세무회계정보과 졸업","1","선거공보","선거공보","candidate-doc:100161586:1","false","","false","","","","current_unavailable_official_source","선거공보||||||0||HEIGHT||Y||||00","","","","N","","pending_official_source_search"
"620260603-4100-의정부시라선거구-100154640-1-선거공보","제9회 전국동시지방선거","4100","경기도","nec_region_scope","620260603","구·시·군의회의원선거","6","6410804","의정부시라선거구","최혜령","100154640","더불어민주당","100","1","알파오엔터테인먼트 대표","호원대학교 실용음악학부 재학중","1","선거공보","선거공보","candidate-doc:100154640:1","false","","false","","","","current_unavailable_official_source","선거공보||||||0||HEIGHT||Y||||00","","","","N","","pending_official_source_search"
"620260603-4100-의정부시라선거구-100160408-1-선거공보","제9회 전국동시지방선거","4100","경기도","nec_region_scope","620260603","구·시·군의회의원선거","6","6410804","의정부시라선거구","조세일","100160408","더불어민주당","100","1","의정부시의회의원","대진대학교 대학원 졸업(행정학박사)","1","선거공보","선거공보","candidate-doc:100160408:1","false","","false","","","","current_unavailable_official_source","선거공보||||||0||HEIGHT||Y||||00","","","","N","","pending_official_source_search"
"620260603-4100-의정부시라선거구-100161709-1-선거공보","제9회 전국동시지방선거","4100","경기도","nec_region_scope","620260603","구·시·군의회의원선거","6","6410804","의정부시라선거구","김호경","100161709","국민의힘","200","2","개업공인중개사(호반명가공인중개사무소대표)","신한대학교 일반대학원 수료(도시계획부동산박사과정)","1","선거공보","선거공보","candidate-doc:100161709:1","false","","false","","","","current_unavailable_official_source","선거공보||||||0||HEIGHT||Y||||00","","","","N","","pending_official_source_search"
"620260603-4100-광주시다선거구-100161018-1-선거공보","제9회 전국동시지방선거","4100","경기도","nec_region_scope","620260603","구·시·군의회의원선거","6","6414003","광주시다선거구","박지현","100161018","더불어민주당","100","1","참재가노인복지센터 대표","고려사이버대학교 법학과 졸업","1","선거공보","선거공보","candidate-doc:100161018:1","false","","false","","","","current_unavailable_official_source","선거공보||||||0||HEIGHT||Y||||00","","","","N","","pending_official_source_search"
"620260603-4100-광주시다선거구-100157901-1-선거공보","제9회 전국동시지방선거","4100","경기도","nec_region_scope","620260603","구·시·군의회의원선거","6","6414003","광주시다선거구","황소제","100157901","더불어민주당","100","1","광주시의회의원","호원대학교 자동차융합공학과/사회복지학(복수전공) 졸업","1","선거공보","선거공보","candidate-doc:100157901:1","false","","false","","","","current_unavailable_official_source","선거공보||||||0||HEIGHT||Y||||00","","","","N","","pending_official_source_search"
"620260603-4100-광주시다선거구-100158261-1-선거공보","제9회 전국동시지방선거","4100","경기도","nec_region_scope","620260603","구·시·군의회의원선거","6","6414003","광주시다선거구","최서윤","100158261","국민의힘","200","2","정당인","단국대학교 교육대학원 교육학과  체육교육 졸업(교육학석사)","1","선거공보","선거공보","candidate-doc:100158261:1","false","","false","","","","current_unavailable_official_source","선거공보||||||0||HEIGHT||Y||||00","","","","N","","pending_official_source_search"
"620260603-4100-광주시라선거구-100161499-1-선거공보","제9회 전국동시지방선거","4100","경기도","nec_region_scope","620260603","구·시·군의회의원선거","6","6414004","광주시라선거구","박상영","100161499","더불어민주당","100","1","광주시의회의원","충주대학교(현 국립한국교통대학교) 경영학전공 졸업","1","선거공보","선거공보","candidate-doc:100161499:1","false","","false","","","","current_unavailable_official_source","선거공보||||||0||HEIGHT||Y||||00","","","","N","","pending_official_source_search"
"620260603-4100-광주시라선거구-100158741-1-선거공보","제9회 전국동시지방선거","4100","경기도","nec_region_scope","620260603","구·시·군의회의원선거","6","6414004","광주시라선거구","이강섭","100158741","국민의힘","200","2","농업","농협대학교 협동조합경영과 졸업","1","선거공보","선거공보","candidate-doc:100158741:1","false","","false","","","","current_unavailable_official_source","선거공보||||||0||HEIGHT||Y||||00","","","","N","","pending_official_source_search"
"620260603-4100-하남시가선거구-100157750-1-선거공보","제9회 전국동시지방선거","4100","경기도","nec_region_scope","620260603","구·시·군의회의원선거","6","6413101","하남시가선거구","최승태","100157750","더불어민주당","100","1","정당인","한국방송통신대학교 행정학과 졸업","1","선거공보","선거공보","candidate-doc:100157750:1","false","","false","","","","current_unavailable_official_source","선거공보||||||0||HEIGHT||Y||||00","","","","N","","pending_official_source_search"
"620260603-4100-하남시가선거구-100155212-1-선거공보","제9회 전국동시지방선거","4100","경기도","nec_region_scope","620260603","구·시·군의회의원선거","6","6413101","하남시가선거구","조창민","100155212","국민의힘","200","2","청춘커뮤니티 대표","중앙대학교 예술대학원 예술경영학과 석사과정 2학기 재학중","1","선거공보","선거공보","candidate-doc:100155212:1","false","","false","","","","current_unavailable_official_source","선거공보||||||0||HEIGHT||Y||||00","","","","N","","pending_official_source_search"
"620260603-4100-하남시라선거구-100163591-1-선거공보","제9회 전국동시지방선거","4100","경기도","nec_region_scope","620260603","구·시·군의회의원선거","6","6413104","하남시라선거구","오승철","100163591","더불어민주당","100","1","하남시의회 의원","광주보건대학(현 광주보건대학교) 안경광학과 졸업","1","선거공보","선거공보","candidate-doc:100163591:1","false","","false","","","","current_unavailable_official_source","선거공보||||||0||HEIGHT||Y||||00","","","","N","","pending_official_source_search"
"620260603-4100-하남시라선거구-100157563-1-선거공보","제9회 전국동시지방선거","4100","경기도","nec_region_scope","620260603","구·시·군의회의원선거","6","6413104","하남시라선거구","정경섭","100157563","국민의힘","200","2","정당인","건국대학교 행정대학원 졸업(행정학석사)","1","선거공보","선거공보","candidate-doc:100157563:1","false","","false","","","","current_unavailable_official_source","선거공보||||||0||HEIGHT||Y||||00","","","","N","","pending_official_source_search"
"620260603-4100-양주시가선거구-100163331-1-선거공보","제9회 전국동시지방선거","4100","경기도","nec_region_scope","620260603","구·시·군의회의원선거","6","6411601","양주시가선거구","한상민","100163331","더불어민주당","100","1","양주시의회의원","서정대학교 휴먼케어서비스과 졸업","1","선거공보","선거공보","candidate-doc:100163331:1","false","","false","","","","current_unavailable_official_source","선거공보||||||0||HEIGHT||Y||||00","","","","N","","pending_official_source_search"
"620260603-4100-양주시가선거구-100163512-1-선거공보","제9회 전국동시지방선거","4100","경기도","nec_region_scope","620260603","구·시·군의회의원선거","6","6411601","양주시가선거구","이지연","100163512","더불어민주당","100","1","양주시의회의원","대진대학교 미래평생교육융합대학 사회복지상담학과 4학년 재학 중","1","선거공보","선거공보","candidate-doc:100163512:1","false","","false","","","","current_unavailable_official_source","선거공보||||||0||HEIGHT||Y||||00","","","","N","","pending_official_source_search"
"620260603-4100-양주시가선거구-100163853-1-선거공보","제9회 전국동시지방선거","4100","경기도","nec_region_scope","620260603","구·시·군의회의원선거","6","6411601","양주시가선거구","정현호","100163853","국민의힘","200","2","양주시의원","경민전문대학(현 경민대학교) 건축과 졸업","1","선거공보","선거공보","candidate-doc:100163853:1","false","","false","","","","current_unavailable_official_source","선거공보||||||0||HEIGHT||Y||||00","","","","N","","pending_official_source_search"
"620260603-4100-광명시라선거구-100155920-1-선거공보","제9회 전국동시지방선거","4100","경기도","nec_region_scope","620260603","구·시·군의회의원선거","6","6411404","광명시라선거구","박태영","100155920","더불어민주당","100","1","자영업자","단국대학교 경영학부 졸업(경영학 전공)","1","선거공보","선거공보","candidate-doc:100155920:1","false","","false","","","","current_unavailable_official_source","선거공보||||||0||HEIGHT||Y||||00","","","","N","","pending_official_source_search"
"620260603-4100-광명시라선거구-100154500-1-선거공보","제9회 전국동시지방선거","4100","경기도","nec_region_scope","620260603","구·시·군의회의원선거","6","6411404","광명시라선거구","최아름","100154500","더불어민주당","100","1","사회복지사","성공회대학교 시민사회복지대학원 졸업 (사회복지학석사)","1","선거공보","선거공보","candidate-doc:100154500:1","false","","false","","","","current_unavailable_official_source","선거공보||||||0||HEIGHT||Y||||00","","","","N","","pending_official_source_search"
"620260603-4100-광명시라선거구-100156537-1-선거공보","제9회 전국동시지방선거","4100","경기도","nec_region_scope","620260603","구·시·군의회의원선거","6","6411404","광명시라선거구","김도연","100156537","국민의힘","200","2","정당인","중앙대학교 행정대학원 졸업(행정학석사)","1","선거공보","선거공보","candidate-doc:100156537:1","false","","false","","","","current_unavailable_official_source","선거공보||||||0||HEIGHT||Y||||00","","","","N","","pending_official_source_search"
"620260603-4100-군포시가선거구-100162801-1-선거공보","제9회 전국동시지방선거","4100","경기도","nec_region_scope","620260603","구·시·군의회의원선거","6","6413001","군포시가선거구","이우천","100162801","더불어민주당","100","1","군포시의회의원","청주대학교 인문대학 철학과 졸업","1","선거공보","선거공보","candidate-doc:100162801:1","false","","false","","","","current_unavailable_official_source","선거공보||||||0||HEIGHT||Y||||00","","","","N","","pending_official_source_search"
"620260603-4100-군포시나선거구-100155472-1-선거공보","제9회 전국동시지방선거","4100","경기도","nec_region_scope","620260603","구·시·군의회의원선거","6","6413002","군포시나선거구","김동별","100155472","무소속","9999","5","정치인","동국대학교 교육대학원 졸업(교육학석사)","1","선거공보","선거공보","candidate-doc:100155472:1","false","","false","","","","current_unavailable_official_source","선거공보||||||0||HEIGHT||Y||||00","","","","N","","pending_official_source_search"
"620260603-4100-군포시라선거구-100158054-1-선거공보","제9회 전국동시지방선거","4100","경기도","nec_region_scope","620260603","구·시·군의회의원선거","6","6413004","군포시라선거구","정해동","100158054","더불어민주당","100","1","(주)쓰리웨이트랜스 대표이사","수원대학교 운동기능학과 2년 제적(2000.3.~2005.10.)","1","선거공보","선거공보","candidate-doc:100158054:1","false","","false","","","","current_unavailable_official_source","선거공보||||||0||HEIGHT||Y||||00","","","","N","","pending_official_source_search"
"620260603-4100-군포시라선거구-100163977-1-선거공보","제9회 전국동시지방선거","4100","경기도","nec_region_scope","620260603","구·시·군의회의원선거","6","6413004","군포시라선거구","박상현","100163977","국민의힘","200","2","군포시의회 의원","연세대학교 국제학대학원 국제통상경영전공 졸업 (국제학석사)","1","선거공보","선거공보","candidate-doc:100163977:1","false","","false","","","","current_unavailable_official_source","선거공보||||||0||HEIGHT||Y||||00","","","","N","","pending_official_source_search"
"620260603-4100-오산시나선거구-100160337-1-선거공보","제9회 전국동시지방선거","4100","경기도","nec_region_scope","620260603","구·시·군의회의원선거","6","6412702","오산시나선거구","김상미","100160337","더불어민주당","100","1","정당인","경희대학교 테크노경영대학원 글로벌경영학과 석사과정 재학중","1","선거공보","선거공보","candidate-doc:100160337:1","false","","false","","","","current_unavailable_official_source","선거공보||||||0||HEIGHT||Y||||00","","","","N","","pending_official_source_search"
"620260603-4100-오산시나선거구-100163649-1-선거공보","제9회 전국동시지방선거","4100","경기도","nec_region_scope","620260603","구·시·군의회의원선거","6","6412702","오산시나선거구","정윤영","100163649","더불어민주당","100","1","정당인","단국대학교 행정법무대학원 사회복지학과 중퇴(2022년03월01일~2022년09월30일)","1","선거공보","선거공보","candidate-doc:100163649:1","false","","false","","","","current_unavailable_official_source","선거공보||||||0||HEIGHT||Y||||00","","","","N","","pending_official_source_search"
"620260603-4100-오산시나선거구-100162882-1-선거공보","제9회 전국동시지방선거","4100","경기도","nec_region_scope","620260603","구·시·군의회의원선거","6","6412702","오산시나선거구","조미선","100162882","국민의힘","200","2","오산시의회의원","서던캘리포니아 대학교 졸업(예술학사, 2012.08-2015.12)","1","선거공보","선거공보","candidate-doc:100162882:1","false","","false","","","","current_unavailable_official_source","선거공보||||||0||HEIGHT||Y||||00","","","","N","","pending_official_source_search"
"620260603-4100-오산시나선거구-100158317-1-선거공보","제9회 전국동시지방선거","4100","경기도","nec_region_scope","620260603","구·시·군의회의원선거","6","6412702","오산시나선거구","박창선","100158317","국민의힘","200","2","정당인","단국대학교 행정법무대학원 졸업[사회복지학석사(사회복지)]","1","선거공보","선거공보","candidate-doc:100158317:1","false","","false","","","","current_unavailable_official_source","선거공보||||||0||HEIGHT||Y||||00","","","","N","","pending_official_source_search"
"620260603-4100-안성시다선거구-100161794-1-선거공보","제9회 전국동시지방선거","4100","경기도","nec_region_scope","620260603","구·시·군의회의원선거","6","6413803","안성시다선거구","조성대","100161794","무소속","9999","6","(주)푸드월드네트워크 대표이사","순천향대학교 수학과 졸업","1","선거공보","선거공보","candidate-doc:100161794:1","false","","false","","","","current_unavailable_official_source","선거공보||||||0||HEIGHT||Y||||00","","","","N","","pending_official_source_search"
"620260603-4100-여주시나선거구-100158148-1-선거공보","제9회 전국동시지방선거","4100","경기도","nec_region_scope","620260603","구·시·군의회의원선거","6","6413302","여주시나선거구","이상숙","100158148","국민의힘","200","2","여주시의회의원","국민대학교 교육대학원 졸업(교육학석사)","1","선거공보","선거공보","candidate-doc:100158148:1","false","","false","","","","current_unavailable_official_source","선거공보||||||0||HEIGHT||Y||||00","","","","N","","pending_official_source_search"
"620260603-4100-여주시나선거구-100156233-1-선거공보","제9회 전국동시지방선거","4100","경기도","nec_region_scope","620260603","구·시·군의회의원선거","6","6413302","여주시나선거구","최근필","100156233","무소속","9999","5","아름다운강천 사회적협동조합 이사장","청주대학교 신문방송학과 졸업","1","선거공보","선거공보","candidate-doc:100156233:1","false","","false","","","","current_unavailable_official_source","선거공보||||||0||HEIGHT||Y||||00","","","","N","","pending_official_source_search"
"820260603-4100-경기도-사회민주당-1-0","제9회 전국동시지방선거","4100","경기도","sggname_exact_province","820260603","광역의원비례대표선거","8","","경기도","","","사회민주당","5071","","","","1","비례대표 정당 제출자료","0","party-doc:820260603:경기도:사회민주당:1","false","","false","","","","current_unavailable_official_source","0||","","","선거공보","N","Y","pending_official_source_search"
"820260603-4100-경기도-새미래민주당-1-0","제9회 전국동시지방선거","4100","경기도","sggname_exact_province","820260603","광역의원비례대표선거","8","","경기도","","","새미래민주당","5072","","","","1","비례대표 정당 제출자료","0","party-doc:820260603:경기도:새미래민주당:1","false","","false","","","","current_unavailable_official_source","0||","","","선거공보","N","Y","pending_official_source_search"
"820260603-4100-경기도-자유와혁신-1-0","제9회 전국동시지방선거","4100","경기도","sggname_exact_province","820260603","광역의원비례대표선거","8","","경기도","","","자유와혁신","5082","","","","1","비례대표 정당 제출자료","0","party-doc:820260603:경기도:자유와혁신:1","false","","false","","","","current_unavailable_official_source","0||","","","선거공보","N","Y","pending_official_source_search"
"920260603-4100-용인시-더불어민주당-1-0","제9회 전국동시지방선거","4100","경기도","nec_region_scope_for_basic_proportional","920260603","기초의원비례대표선거","9","","용인시","","","더불어민주당","100","","","","1","비례대표 정당 제출자료","0","party-doc:920260603:용인시:더불어민주당:1","false","","false","","","","current_unavailable_official_source","0||","","","선거공보","N","Y","pending_official_source_search"
"920260603-4100-광명시-더불어민주당-1-0","제9회 전국동시지방선거","4100","경기도","nec_region_scope_for_basic_proportional","920260603","기초의원비례대표선거","9","","광명시","","","더불어민주당","100","","","","1","비례대표 정당 제출자료","0","party-doc:920260603:광명시:더불어민주당:1","false","","false","","","","current_unavailable_official_source","0||","","","선거공보","N","Y","pending_official_source_search"
"920260603-4100-부천시-더불어민주당-1-0","제9회 전국동시지방선거","4100","경기도","nec_region_scope_for_basic_proportional","920260603","기초의원비례대표선거","9","","부천시","","","더불어민주당","100","","","","1","비례대표 정당 제출자료","0","party-doc:920260603:부천시:더불어민주당:1","false","","false","","","","current_unavailable_official_source","0||","","","선거공보","N","Y","pending_official_source_search"
"920260603-4100-광주시-더불어민주당-1-0","제9회 전국동시지방선거","4100","경기도","nec_region_scope_for_basic_proportional","920260603","기초의원비례대표선거","9","","광주시","","","더불어민주당","100","","","","1","비례대표 정당 제출자료","0","party-doc:920260603:광주시:더불어민주당:1","false","","false","","","","current_unavailable_official_source","0||","","","선거공보","N","Y","pending_official_source_search"
"920260603-4100-고양시-더불어민주당-1-0","제9회 전국동시지방선거","4100","경기도","nec_region_scope_for_basic_proportional","920260603","기초의원비례대표선거","9","","고양시","","","더불어민주당","100","","","","1","비례대표 정당 제출자료","0","party-doc:920260603:고양시:더불어민주당:1","false","","false","","","","current_unavailable_official_source","0||","","","선거공보","N","Y","pending_official_source_search"
"920260603-4100-의정부시-더불어민주당-1-0","제9회 전국동시지방선거","4100","경기도","nec_region_scope_for_basic_proportional","920260603","기초의원비례대표선거","9","","의정부시","","","더불어민주당","100","","","","1","비례대표 정당 제출자료","0","party-doc:920260603:의정부시:더불어민주당:1","false","","false","","","","current_unavailable_official_source","0||","","","선거공보","N","Y","pending_official_source_search"
"920260603-4100-고양시-국민의힘-1-0","제9회 전국동시지방선거","4100","경기도","nec_region_scope_for_basic_proportional","920260603","기초의원비례대표선거","9","","고양시","","","국민의힘","200","","","","1","비례대표 정당 제출자료","0","party-doc:920260603:고양시:국민의힘:1","false","","false","","","","current_unavailable_official_source","0||","","","선거공보","N","Y","pending_official_source_search"
"920260603-4100-가평군-국민의힘-1-0","제9회 전국동시지방선거","4100","경기도","nec_region_scope_for_basic_proportional","920260603","기초의원비례대표선거","9","","가평군","","","국민의힘","200","","","","1","비례대표 정당 제출자료","0","party-doc:920260603:가평군:국민의힘:1","false","","false","","","","current_unavailable_official_source","0||","","","선거공보","N","Y","pending_official_source_search"
"920260603-4100-군포시-국민의힘-1-0","제9회 전국동시지방선거","4100","경기도","nec_region_scope_for_basic_proportional","920260603","기초의원비례대표선거","9","","군포시","","","국민의힘","200","","","","1","비례대표 정당 제출자료","0","party-doc:920260603:군포시:국민의힘:1","false","","false","","","","current_unavailable_official_source","0||","","","선거공보","N","Y","pending_official_source_search"
"920260603-4100-부천시-국민의힘-1-0","제9회 전국동시지방선거","4100","경기도","nec_region_scope_for_basic_proportional","920260603","기초의원비례대표선거","9","","부천시","","","국민의힘","200","","","","1","비례대표 정당 제출자료","0","party-doc:920260603:부천시:국민의힘:1","false","","false","","","","current_unavailable_official_source","0||","","","선거공보","N","Y","pending_official_source_search"
"920260603-4100-광명시-국민의힘-1-0","제9회 전국동시지방선거","4100","경기도","nec_region_scope_for_basic_proportional","920260603","기초의원비례대표선거","9","","광명시","","","국민의힘","200","","","","1","비례대표 정당 제출자료","0","party-doc:920260603:광명시:국민의힘:1","false","","false","","","","current_unavailable_official_source","0||","","","선거공보","N","Y","pending_official_source_search"
"920260603-4100-의정부시-국민의힘-1-0","제9회 전국동시지방선거","4100","경기도","nec_region_scope_for_basic_proportional","920260603","기초의원비례대표선거","9","","의정부시","","","국민의힘","200","","","","1","비례대표 정당 제출자료","0","party-doc:920260603:의정부시:국민의힘:1","false","","false","","","","current_unavailable_official_source","0||","","","선거공보","N","Y","pending_official_source_search"
"920260603-4100-광주시-국민의힘-1-0","제9회 전국동시지방선거","4100","경기도","nec_region_scope_for_basic_proportional","920260603","기초의원비례대표선거","9","","광주시","","","국민의힘","200","","","","1","비례대표 정당 제출자료","0","party-doc:920260603:광주시:국민의힘:1","false","","false","","","","current_unavailable_official_source","0||","","","선거공보","N","Y","pending_official_source_search"
"920260603-4100-용인시-국민의힘-1-0","제9회 전국동시지방선거","4100","경기도","nec_region_scope_for_basic_proportional","920260603","기초의원비례대표선거","9","","용인시","","","국민의힘","200","","","","1","비례대표 정당 제출자료","0","party-doc:920260603:용인시:국민의힘:1","false","","false","","","","current_unavailable_official_source","0||","","","선거공보","N","Y","pending_official_source_search"
"920260603-4100-평택시-국민의힘-1-0","제9회 전국동시지방선거","4100","경기도","nec_region_scope_for_basic_proportional","920260603","기초의원비례대표선거","9","","평택시","","","국민의힘","200","","","","1","비례대표 정당 제출자료","0","party-doc:920260603:평택시:국민의힘:1","false","","false","","","","current_unavailable_official_source","0||","","","선거공보","N","Y","pending_official_source_search"
"920260603-4100-고양시-조국혁신당-1-0","제9회 전국동시지방선거","4100","경기도","nec_region_scope_for_basic_proportional","920260603","기초의원비례대표선거","9","","고양시","","","조국혁신당","5077","","","","1","비례대표 정당 제출자료","0","party-doc:920260603:고양시:조국혁신당:1","false","","false","","","","current_unavailable_official_source","0||","","","선거공보","N","Y","pending_official_source_search"
"920260603-4100-수원시-개혁신당-1-0","제9회 전국동시지방선거","4100","경기도","nec_region_scope_for_basic_proportional","920260603","기초의원비례대표선거","9","","수원시","","","개혁신당","5070","","","","1","비례대표 정당 제출자료","0","party-doc:920260603:수원시:개혁신당:1","false","","false","","","","current_unavailable_official_source","0||","","","선거공보","N","Y","pending_official_source_search"
"920260603-4100-화성시-개혁신당-1-0","제9회 전국동시지방선거","4100","경기도","nec_region_scope_for_basic_proportional","920260603","기초의원비례대표선거","9","","화성시","","","개혁신당","5070","","","","1","비례대표 정당 제출자료","0","party-doc:920260603:화성시:개혁신당:1","false","","false","","","","current_unavailable_official_source","0||","","","선거공보","N","Y","pending_official_source_search"
"920260603-4100-김포시-개혁신당-1-0","제9회 전국동시지방선거","4100","경기도","nec_region_scope_for_basic_proportional","920260603","기초의원비례대표선거","9","","김포시","","","개혁신당","5070","","","","1","비례대표 정당 제출자료","0","party-doc:920260603:김포시:개혁신당:1","false","","false","","","","current_unavailable_official_source","0||","","","선거공보","N","Y","pending_official_source_search"
"920260603-4100-고양시-진보당-1-0","제9회 전국동시지방선거","4100","경기도","nec_region_scope_for_basic_proportional","920260603","기초의원비례대표선거","9","","고양시","","","진보당","5010","","","","1","비례대표 정당 제출자료","0","party-doc:920260603:고양시:진보당:1","false","","false","","","","current_unavailable_official_source","0||","","","선거공보","N","Y","pending_official_source_search"
"920260603-4100-남양주시-진보당-1-0","제9회 전국동시지방선거","4100","경기도","nec_region_scope_for_basic_proportional","920260603","기초의원비례대표선거","9","","남양주시","","","진보당","5010","","","","1","비례대표 정당 제출자료","0","party-doc:920260603:남양주시:진보당:1","false","","false","","","","current_unavailable_official_source","0||","","","선거공보","N","Y","pending_official_source_search"
"920260603-4100-포천시-진보당-1-0","제9회 전국동시지방선거","4100","경기도","nec_region_scope_for_basic_proportional","920260603","기초의원비례대표선거","9","","포천시","","","진보당","5010","","","","1","비례대표 정당 제출자료","0","party-doc:920260603:포천시:진보당:1","false","","false","","","","current_unavailable_official_source","0||","","","선거공보","N","Y","pending_official_source_search"
"920260603-4100-평택시-진보당-1-0","제9회 전국동시지방선거","4100","경기도","nec_region_scope_for_basic_proportional","920260603","기초의원비례대표선거","9","","평택시","","","진보당","5010","","","","1","비례대표 정당 제출자료","0","party-doc:920260603:평택시:진보당:1","false","","false","","","","current_unavailable_official_source","0||","","","선거공보","N","Y","pending_official_source_search"
"920260603-4100-안산시-진보당-1-0","제9회 전국동시지방선거","4100","경기도","nec_region_scope_for_basic_proportional","920260603","기초의원비례대표선거","9","","안산시","","","진보당","5010","","","","1","비례대표 정당 제출자료","0","party-doc:920260603:안산시:진보당:1","false","","false","","","","current_unavailable_official_source","0||","","","선거공보","N","Y","pending_official_source_search"
"920260603-4100-성남시-진보당-1-0","제9회 전국동시지방선거","4100","경기도","nec_region_scope_for_basic_proportional","920260603","기초의원비례대표선거","9","","성남시","","","진보당","5010","","","","1","비례대표 정당 제출자료","0","party-doc:920260603:성남시:진보당:1","false","","false","","","","current_unavailable_official_source","0||","","","선거공보","N","Y","pending_official_source_search"
"920260603-4100-수원시-진보당-1-0","제9회 전국동시지방선거","4100","경기도","nec_region_scope_for_basic_proportional","920260603","기초의원비례대표선거","9","","수원시","","","진보당","5010","","","","1","비례대표 정당 제출자료","0","party-doc:920260603:수원시:진보당:1","false","","false","","","","current_unavailable_official_source","0||","","","선거공보","N","Y","pending_official_source_search"
"1120260603-4100-경기도-100163064-2-선거공약서","제9회 전국동시지방선거","4100","경기도","sggname_exact_province","1120260603","교육감선거","11","11410000","경기도","임태희","100163064","무소속","9999","1","경기도교육감","서울대학교 대학원 졸업(경영학 석사)","2","선거공약서","선거공약서","candidate-doc:100163064:2","false","","false","","","","current_unavailable_official_source","선거공약서||||||0||HEIGHT||Y||||00","","","","Y","","pending_official_source_search"
"1120260603-4100-경기도-100153797-2-선거공약서","제9회 전국동시지방선거","4100","경기도","sggname_exact_province","1120260603","교육감선거","11","11410000","경기도","안민석","100153797","무소속","9999","2","명지대학교 석좌교수","미국 노던콜로라도대학교 대학원 졸업(교육학박사, 1990.09~1993.05)","2","선거공약서","선거공약서","candidate-doc:100153797:2","false","","false","","","","current_unavailable_official_source","선거공약서||||||0||HEIGHT||Y||||00","","","","Y","","pending_official_source_search"
