record_id,source_id,province_id,province_name,subSgId,subSgName,sgTypecode,sggname,huboid,hbjname,jdname,doc_index,doc_type,official_record_status,external_official_search_status,accepted_source_policy
"320260603-1100-서울특별시-100157144-2-선거공약서","candidate-doc:100157144:2","1100","서울특별시","320260603","시·도지사선거","3","서울특별시","100157144","정원오","더불어민주당","2","선거공약서","official_structured_record_no_public_file","reviewed_no_recoverable_official_document","official_sources_only"
"320260603-1100-서울특별시-100162984-2-선거공약서","candidate-doc:100162984:2","1100","서울특별시","320260603","시·도지사선거","3","서울특별시","100162984","오세훈","국민의힘","2","선거공약서","official_structured_record_no_public_file","reviewed_no_recoverable_official_document","official_sources_only"
"320260603-1100-서울특별시-100158541-2-선거공약서","candidate-doc:100158541:2","1100","서울특별시","320260603","시·도지사선거","3","서울특별시","100158541","김정철","개혁신당","2","선거공약서","official_structured_record_no_public_file","reviewed_no_recoverable_official_document","official_sources_only"
"320260603-1100-서울특별시-100162632-2-선거공약서","candidate-doc:100162632:2","1100","서울특별시","320260603","시·도지사선거","3","서울특별시","100162632","유지혜","여성의당","2","선거공약서","official_structured_record_no_public_file","reviewed_no_recoverable_official_document","official_sources_only"
"320260603-1100-서울특별시-100162642-2-선거공약서","candidate-doc:100162642:2","1100","서울특별시","320260603","시·도지사선거","3","서울특별시","100162642","이강산","자유통일당","2","선거공약서","official_structured_record_no_public_file","reviewed_no_recoverable_official_document","official_sources_only"
"320260603-1100-서울특별시-100162720-2-선거공약서","candidate-doc:100162720:2","1100","서울특별시","320260603","시·도지사선거","3","서울특별시","100162720","권영국","정의당","2","선거공약서","official_structured_record_no_public_file","reviewed_no_recoverable_official_document","official_sources_only"
"320260603-2900-전남광주통합특별시-100163198-2-선거공약서","candidate-doc:100163198:2","2900","전남광주통합특별시","320260603","시·도지사선거","3","전남광주통합특별시","100163198","민형배","더불어민주당","2","선거공약서","official_structured_record_no_public_file","reviewed_no_recoverable_official_document","official_sources_only"
"320260603-2900-전남광주통합특별시-100163089-2-선거공약서","candidate-doc:100163089:2","2900","전남광주통합특별시","320260603","시·도지사선거","3","전남광주통합특별시","100163089","이정현","국민의힘","2","선거공약서","official_structured_record_no_public_file","reviewed_no_recoverable_official_document","official_sources_only"
"320260603-2900-전남광주통합특별시-100153775-2-선거공약서","candidate-doc:100153775:2","2900","전남광주통합특별시","320260603","시·도지사선거","3","전남광주통합특별시","100153775","이종욱","진보당","2","선거공약서","official_structured_record_no_public_file","reviewed_no_recoverable_official_document","official_sources_only"
"320260603-2900-전남광주통합특별시-100159061-2-선거공약서","candidate-doc:100159061:2","2900","전남광주통합특별시","320260603","시·도지사선거","3","전남광주통합특별시","100159061","강은미","정의당","2","선거공약서","official_structured_record_no_public_file","reviewed_no_recoverable_official_document","official_sources_only"
"320260603-2900-전남광주통합특별시-100162728-2-선거공약서","candidate-doc:100162728:2","2900","전남광주통합특별시","320260603","시·도지사선거","3","전남광주통합특별시","100162728","김광만","무소속","2","선거공약서","official_structured_record_no_public_file","reviewed_no_recoverable_official_document","official_sources_only"
"320260603-2600-부산광역시-100163192-2-선거공약서","candidate-doc:100163192:2","2600","부산광역시","320260603","시·도지사선거","3","부산광역시","100163192","전재수","더불어민주당","2","선거공약서","official_structured_record_no_public_file","reviewed_no_recoverable_official_document","official_sources_only"
"320260603-2600-부산광역시-100162954-2-선거공약서","candidate-doc:100162954:2","2600","부산광역시","320260603","시·도지사선거","3","부산광역시","100162954","박형준","국민의힘","2","선거공약서","official_structured_record_no_public_file","reviewed_no_recoverable_official_document","official_sources_only"
"320260603-2600-부산광역시-100155833-2-선거공약서","candidate-doc:100155833:2","2600","부산광역시","320260603","시·도지사선거","3","부산광역시","100155833","정이한","개혁신당","2","선거공약서","official_structured_record_no_public_file","reviewed_no_recoverable_official_document","official_sources_only"
"320260603-2700-대구광역시-100163199-2-선거공약서","candidate-doc:100163199:2","2700","대구광역시","320260603","시·도지사선거","3","대구광역시","100163199","추경호","국민의힘","2","선거공약서","official_structured_record_no_public_file","reviewed_no_recoverable_official_document","official_sources_only"
"320260603-2700-대구광역시-100156890-2-선거공약서","candidate-doc:100156890:2","2700","대구광역시","320260603","시·도지사선거","3","대구광역시","100156890","이수찬","개혁신당","2","선거공약서","official_structured_record_no_public_file","reviewed_no_recoverable_official_document","official_sources_only"
"320260603-2800-인천광역시-100163128-2-선거공약서","candidate-doc:100163128:2","2800","인천광역시","320260603","시·도지사선거","3","인천광역시","100163128","박찬대","더불어민주당","2","선거공약서","official_structured_record_no_public_file","reviewed_no_recoverable_official_document","official_sources_only"
"320260603-2800-인천광역시-100153769-2-선거공약서","candidate-doc:100153769:2","2800","인천광역시","320260603","시·도지사선거","3","인천광역시","100153769","이기붕","개혁신당","2","선거공약서","official_structured_record_no_public_file","reviewed_no_recoverable_official_document","official_sources_only"
"320260603-3000-대전광역시-100163200-2-선거공약서","candidate-doc:100163200:2","3000","대전광역시","320260603","시·도지사선거","3","대전광역시","100163200","이장우","국민의힘","2","선거공약서","official_structured_record_no_public_file","reviewed_no_recoverable_official_document","official_sources_only"
"320260603-3000-대전광역시-100153978-2-선거공약서","candidate-doc:100153978:2","3000","대전광역시","320260603","시·도지사선거","3","대전광역시","100153978","강희린","개혁신당","2","선거공약서","official_structured_record_no_public_file","reviewed_no_recoverable_official_document","official_sources_only"
"320260603-3100-울산광역시-100162996-2-선거공약서","candidate-doc:100162996:2","3100","울산광역시","320260603","시·도지사선거","3","울산광역시","100162996","김상욱","더불어민주당","2","선거공약서","official_structured_record_no_public_file","reviewed_no_recoverable_official_document","official_sources_only"
"320260603-3100-울산광역시-100163070-2-선거공약서","candidate-doc:100163070:2","3100","울산광역시","320260603","시·도지사선거","3","울산광역시","100163070","김두겸","국민의힘","2","선거공약서","official_structured_record_no_public_file","reviewed_no_recoverable_official_document","official_sources_only"
"320260603-3100-울산광역시-100153854-2-선거공약서","candidate-doc:100153854:2","3100","울산광역시","320260603","시·도지사선거","3","울산광역시","100153854","김종훈","진보당","2","선거공약서","official_structured_record_no_public_file","reviewed_no_recoverable_official_document","official_sources_only"
"320260603-3100-울산광역시-100157730-2-선거공약서","candidate-doc:100157730:2","3100","울산광역시","320260603","시·도지사선거","3","울산광역시","100157730","박맹우","무소속","2","선거공약서","official_structured_record_no_public_file","reviewed_no_recoverable_official_document","official_sources_only"
"320260603-5100-세종특별자치시-100161690-2-선거공약서","candidate-doc:100161690:2","5100","세종특별자치시","320260603","시·도지사선거","3","세종특별자치시","100161690","최민호","국민의힘","2","선거공약서","official_structured_record_no_public_file","reviewed_no_recoverable_official_document","official_sources_only"
"320260603-5100-세종특별자치시-100158883-2-선거공약서","candidate-doc:100158883:2","5100","세종특별자치시","320260603","시·도지사선거","3","세종특별자치시","100158883","하헌휘","개혁신당","2","선거공약서","official_structured_record_no_public_file","reviewed_no_recoverable_official_document","official_sources_only"
"320260603-4100-경기도-100163148-2-선거공약서","candidate-doc:100163148:2","4100","경기도","320260603","시·도지사선거","3","경기도","100163148","추미애","더불어민주당","2","선거공약서","official_structured_record_no_public_file","reviewed_no_recoverable_official_document","official_sources_only"
"320260603-4100-경기도-100163471-2-선거공약서","candidate-doc:100163471:2","4100","경기도","320260603","시·도지사선거","3","경기도","100163471","조응천","개혁신당","2","선거공약서","official_structured_record_no_public_file","reviewed_no_recoverable_official_document","official_sources_only"
"320260603-4100-경기도-100153796-2-선거공약서","candidate-doc:100153796:2","4100","경기도","320260603","시·도지사선거","3","경기도","100153796","홍성규","진보당","2","선거공약서","official_structured_record_no_public_file","reviewed_no_recoverable_official_document","official_sources_only"
"320260603-4100-경기도-100158402-2-선거공약서","candidate-doc:100158402:2","4100","경기도","320260603","시·도지사선거","3","경기도","100158402","김현욱","국민연합","2","선거공약서","official_structured_record_no_public_file","reviewed_no_recoverable_official_document","official_sources_only"
"320260603-5200-강원특별자치도-100157160-2-선거공약서","candidate-doc:100157160:2","5200","강원특별자치도","320260603","시·도지사선거","3","강원특별자치도","100157160","우상호","더불어민주당","2","선거공약서","official_structured_record_no_public_file","reviewed_no_recoverable_official_document","official_sources_only"
"320260603-5200-강원특별자치도-100162343-2-선거공약서","candidate-doc:100162343:2","5200","강원특별자치도","320260603","시·도지사선거","3","강원특별자치도","100162343","김진태","국민의힘","2","선거공약서","official_structured_record_no_public_file","reviewed_no_recoverable_official_document","official_sources_only"
"320260603-4300-충청북도-100153742-2-선거공약서","candidate-doc:100153742:2","4300","충청북도","320260603","시·도지사선거","3","충청북도","100153742","신용한","더불어민주당","2","선거공약서","official_structured_record_no_public_file","reviewed_no_recoverable_official_document","official_sources_only"
"320260603-4300-충청북도-100163211-2-선거공약서","candidate-doc:100163211:2","4300","충청북도","320260603","시·도지사선거","3","충청북도","100163211","김영환","국민의힘","2","선거공약서","official_structured_record_no_public_file","reviewed_no_recoverable_official_document","official_sources_only"
"320260603-4400-충청남도-100163640-2-선거공약서","candidate-doc:100163640:2","4400","충청남도","320260603","시·도지사선거","3","충청남도","100163640","김태흠","국민의힘","2","선거공약서","official_structured_record_no_public_file","reviewed_no_recoverable_official_document","official_sources_only"
"320260603-5300-전북특별자치도-100163170-2-선거공약서","candidate-doc:100163170:2","5300","전북특별자치도","320260603","시·도지사선거","3","전북특별자치도","100163170","이원택","더불어민주당","2","선거공약서","official_structured_record_no_public_file","reviewed_no_recoverable_official_document","official_sources_only"
"320260603-5300-전북특별자치도-100163202-2-선거공약서","candidate-doc:100163202:2","5300","전북특별자치도","320260603","시·도지사선거","3","전북특별자치도","100163202","양정무","국민의힘","2","선거공약서","official_structured_record_no_public_file","reviewed_no_recoverable_official_document","official_sources_only"
"320260603-5300-전북특별자치도-100162052-2-선거공약서","candidate-doc:100162052:2","5300","전북특별자치도","320260603","시·도지사선거","3","전북특별자치도","100162052","백승재","진보당","2","선거공약서","official_structured_record_no_public_file","reviewed_no_recoverable_official_document","official_sources_only"
"320260603-5300-전북특별자치도-100153829-2-선거공약서","candidate-doc:100153829:2","5300","전북특별자치도","320260603","시·도지사선거","3","전북특별자치도","100153829","김성수","무소속","2","선거공약서","official_structured_record_no_public_file","reviewed_no_recoverable_official_document","official_sources_only"
"320260603-5300-전북특별자치도-100163514-2-선거공약서","candidate-doc:100163514:2","5300","전북특별자치도","320260603","시·도지사선거","3","전북특별자치도","100163514","김관영","무소속","2","선거공약서","official_structured_record_no_public_file","reviewed_no_recoverable_official_document","official_sources_only"
"320260603-4700-경상북도-100161413-2-선거공약서","candidate-doc:100161413:2","4700","경상북도","320260603","시·도지사선거","3","경상북도","100161413","오중기","더불어민주당","2","선거공약서","official_structured_record_no_public_file","reviewed_no_recoverable_official_document","official_sources_only"
"320260603-4700-경상북도-100159249-2-선거공약서","candidate-doc:100159249:2","4700","경상북도","320260603","시·도지사선거","3","경상북도","100159249","이철우","국민의힘","2","선거공약서","official_structured_record_no_public_file","reviewed_no_recoverable_official_document","official_sources_only"
"320260603-4800-경상남도-100158507-2-선거공약서","candidate-doc:100158507:2","4800","경상남도","320260603","시·도지사선거","3","경상남도","100158507","김경수","더불어민주당","2","선거공약서","official_structured_record_no_public_file","reviewed_no_recoverable_official_document","official_sources_only"
"320260603-4800-경상남도-100162958-2-선거공약서","candidate-doc:100162958:2","4800","경상남도","320260603","시·도지사선거","3","경상남도","100162958","박완수","국민의힘","2","선거공약서","official_structured_record_no_public_file","reviewed_no_recoverable_official_document","official_sources_only"
"320260603-4800-경상남도-100153781-2-선거공약서","candidate-doc:100153781:2","4800","경상남도","320260603","시·도지사선거","3","경상남도","100153781","전희영","진보당","2","선거공약서","official_structured_record_no_public_file","reviewed_no_recoverable_official_document","official_sources_only"
"320260603-4900-제주특별자치도-100163197-2-선거공약서","candidate-doc:100163197:2","4900","제주특별자치도","320260603","시·도지사선거","3","제주특별자치도","100163197","위성곤","더불어민주당","2","선거공약서","official_structured_record_no_public_file","reviewed_no_recoverable_official_document","official_sources_only"
"320260603-4900-제주특별자치도-100157851-2-선거공약서","candidate-doc:100157851:2","4900","제주특별자치도","320260603","시·도지사선거","3","제주특별자치도","100157851","문성유","국민의힘","2","선거공약서","official_structured_record_no_public_file","reviewed_no_recoverable_official_document","official_sources_only"
"320260603-4900-제주특별자치도-100153886-2-선거공약서","candidate-doc:100153886:2","4900","제주특별자치도","320260603","시·도지사선거","3","제주특별자치도","100153886","양윤녕","무소속","2","선거공약서","official_structured_record_no_public_file","reviewed_no_recoverable_official_document","official_sources_only"
"420260603-1100-종로구-100154016-2-선거공약서","candidate-doc:100154016:2","1100","서울특별시","420260603","구·시·군의 장선거","4","종로구","100154016","유찬종","더불어민주당","2","선거공약서","official_structured_record_no_public_file","reviewed_no_recoverable_official_document","official_sources_only"
"420260603-1100-종로구-100163635-2-선거공약서","candidate-doc:100163635:2","1100","서울특별시","420260603","구·시·군의 장선거","4","종로구","100163635","정문헌","국민의힘","2","선거공약서","official_structured_record_no_public_file","reviewed_no_recoverable_official_document","official_sources_only"
"420260603-1100-중구-100154189-2-선거공약서","candidate-doc:100154189:2","1100","서울특별시","420260603","구·시·군의 장선거","4","중구","100154189","이동현","더불어민주당","2","선거공약서","official_structured_record_no_public_file","reviewed_no_recoverable_official_document","official_sources_only"
"420260603-1100-중구-100163124-2-선거공약서","candidate-doc:100163124:2","1100","서울특별시","420260603","구·시·군의 장선거","4","중구","100163124","김길성","국민의힘","2","선거공약서","official_structured_record_no_public_file","reviewed_no_recoverable_official_document","official_sources_only"
"420260603-1100-중구-100157792-2-선거공약서","candidate-doc:100157792:2","1100","서울특별시","420260603","구·시·군의 장선거","4","중구","100157792","길기영","개혁신당","2","선거공약서","official_structured_record_no_public_file","reviewed_no_recoverable_official_document","official_sources_only"
"420260603-1100-용산구-100155683-2-선거공약서","candidate-doc:100155683:2","1100","서울특별시","420260603","구·시·군의 장선거","4","용산구","100155683","강태웅","더불어민주당","2","선거공약서","official_structured_record_no_public_file","reviewed_no_recoverable_official_document","official_sources_only"
"420260603-1100-용산구-100154458-2-선거공약서","candidate-doc:100154458:2","1100","서울특별시","420260603","구·시·군의 장선거","4","용산구","100154458","김경대","국민의힘","2","선거공약서","official_structured_record_no_public_file","reviewed_no_recoverable_official_document","official_sources_only"
"420260603-1100-성동구-100154364-1-선거공보","candidate-doc:100154364:1","1100","서울특별시","420260603","구·시·군의 장선거","4","성동구","100154364","유보화","더불어민주당","1","선거공보","official_structured_record_no_public_file","reviewed_no_recoverable_official_document","official_sources_only"
"420260603-1100-성동구-100154364-2-선거공약서","candidate-doc:100154364:2","1100","서울특별시","420260603","구·시·군의 장선거","4","성동구","100154364","유보화","더불어민주당","2","선거공약서","official_structured_record_no_public_file","reviewed_no_recoverable_official_document","official_sources_only"
"420260603-1100-성동구-100158996-1-선거공보","candidate-doc:100158996:1","1100","서울특별시","420260603","구·시·군의 장선거","4","성동구","100158996","고재현","국민의힘","1","선거공보","official_structured_record_no_public_file","reviewed_no_recoverable_official_document","official_sources_only"
"420260603-1100-성동구-100158996-2-선거공약서","candidate-doc:100158996:2","1100","서울특별시","420260603","구·시·군의 장선거","4","성동구","100158996","고재현","국민의힘","2","선거공약서","official_structured_record_no_public_file","reviewed_no_recoverable_official_document","official_sources_only"
"420260603-1100-성동구-100165564-1-선거공보","candidate-doc:100165564:1","1100","서울특별시","420260603","구·시·군의 장선거","4","성동구","100165564","정찬옥","개혁신당","1","선거공보","official_structured_record_no_public_file","reviewed_no_recoverable_official_document","official_sources_only"
"420260603-1100-성동구-100165564-2-선거공약서","candidate-doc:100165564:2","1100","서울특별시","420260603","구·시·군의 장선거","4","성동구","100165564","정찬옥","개혁신당","2","선거공약서","official_structured_record_no_public_file","reviewed_no_recoverable_official_document","official_sources_only"
"420260603-1100-광진구-100155529-2-선거공약서","candidate-doc:100155529:2","1100","서울특별시","420260603","구·시·군의 장선거","4","광진구","100155529","문종철","더불어민주당","2","선거공약서","official_structured_record_no_public_file","reviewed_no_recoverable_official_document","official_sources_only"
"420260603-1100-광진구-100162595-2-선거공약서","candidate-doc:100162595:2","1100","서울특별시","420260603","구·시·군의 장선거","4","광진구","100162595","김경호","국민의힘","2","선거공약서","official_structured_record_no_public_file","reviewed_no_recoverable_official_document","official_sources_only"
"420260603-1100-동대문구-100154237-2-선거공약서","candidate-doc:100154237:2","1100","서울특별시","420260603","구·시·군의 장선거","4","동대문구","100154237","최동민","더불어민주당","2","선거공약서","official_structured_record_no_public_file","reviewed_no_recoverable_official_document","official_sources_only"
"420260603-1100-동대문구-100162700-2-선거공약서","candidate-doc:100162700:2","1100","서울특별시","420260603","구·시·군의 장선거","4","동대문구","100162700","이필형","국민의힘","2","선거공약서","official_structured_record_no_public_file","reviewed_no_recoverable_official_document","official_sources_only"
"420260603-1100-중랑구-100163845-2-선거공약서","candidate-doc:100163845:2","1100","서울특별시","420260603","구·시·군의 장선거","4","중랑구","100163845","류경기","더불어민주당","2","선거공약서","official_structured_record_no_public_file","reviewed_no_recoverable_official_document","official_sources_only"
"420260603-1100-성북구-100161486-2-선거공약서","candidate-doc:100161486:2","1100","서울특별시","420260603","구·시·군의 장선거","4","성북구","100161486","이승로","더불어민주당","2","선거공약서","official_structured_record_no_public_file","reviewed_no_recoverable_official_document","official_sources_only"
"420260603-1100-성북구-100161480-2-선거공약서","candidate-doc:100161480:2","1100","서울특별시","420260603","구·시·군의 장선거","4","성북구","100161480","민병웅","국민의힘","2","선거공약서","official_structured_record_no_public_file","reviewed_no_recoverable_official_document","official_sources_only"
"420260603-1100-성북구-100158480-2-선거공약서","candidate-doc:100158480:2","1100","서울특별시","420260603","구·시·군의 장선거","4","성북구","100158480","홍희진","진보당","2","선거공약서","official_structured_record_no_public_file","reviewed_no_recoverable_official_document","official_sources_only"
"420260603-1100-강북구-100165736-2-선거공약서","candidate-doc:100165736:2","1100","서울특별시","420260603","구·시·군의 장선거","4","강북구","100165736","정창수","더불어민주당","2","선거공약서","official_structured_record_no_public_file","reviewed_no_recoverable_official_document","official_sources_only"
"420260603-1100-강북구-100156415-2-선거공약서","candidate-doc:100156415:2","1100","서울특별시","420260603","구·시·군의 장선거","4","강북구","100156415","장지호","국민의힘","2","선거공약서","official_structured_record_no_public_file","reviewed_no_recoverable_official_document","official_sources_only"
"420260603-1100-강북구-100157120-2-선거공약서","candidate-doc:100157120:2","1100","서울특별시","420260603","구·시·군의 장선거","4","강북구","100157120","윤정현","노동당","2","선거공약서","official_structured_record_no_public_file","reviewed_no_recoverable_official_document","official_sources_only"
"420260603-1100-강북구-100157755-2-선거공약서","candidate-doc:100157755:2","1100","서울특별시","420260603","구·시·군의 장선거","4","강북구","100157755","한덕희","무소속","2","선거공약서","official_structured_record_no_public_file","reviewed_no_recoverable_official_document","official_sources_only"
"420260603-1100-도봉구-100154007-2-선거공약서","candidate-doc:100154007:2","1100","서울특별시","420260603","구·시·군의 장선거","4","도봉구","100154007","김동욱","더불어민주당","2","선거공약서","official_structured_record_no_public_file","reviewed_no_recoverable_official_document","official_sources_only"
"420260603-1100-도봉구-100162870-2-선거공약서","candidate-doc:100162870:2","1100","서울특별시","420260603","구·시·군의 장선거","4","도봉구","100162870","오언석","국민의힘","2","선거공약서","official_structured_record_no_public_file","reviewed_no_recoverable_official_document","official_sources_only"
"420260603-1100-노원구-100155624-2-선거공약서","candidate-doc:100155624:2","1100","서울특별시","420260603","구·시·군의 장선거","4","노원구","100155624","서준오","더불어민주당","2","선거공약서","official_structured_record_no_public_file","reviewed_no_recoverable_official_document","official_sources_only"
"420260603-1100-노원구-100163127-2-선거공약서","candidate-doc:100163127:2","1100","서울특별시","420260603","구·시·군의 장선거","4","노원구","100163127","김광수","국민의힘","2","선거공약서","official_structured_record_no_public_file","reviewed_no_recoverable_official_document","official_sources_only"
"420260603-1100-은평구-100163092-2-선거공약서","candidate-doc:100163092:2","1100","서울특별시","420260603","구·시·군의 장선거","4","은평구","100163092","김미경","더불어민주당","2","선거공약서","official_structured_record_no_public_file","reviewed_no_recoverable_official_document","official_sources_only"
"420260603-1100-은평구-100156220-2-선거공약서","candidate-doc:100156220:2","1100","서울특별시","420260603","구·시·군의 장선거","4","은평구","100156220","남기정","국민의힘","2","선거공약서","official_structured_record_no_public_file","reviewed_no_recoverable_official_document","official_sources_only"
"420260603-1100-서대문구-100154445-2-선거공약서","candidate-doc:100154445:2","1100","서울특별시","420260603","구·시·군의 장선거","4","서대문구","100154445","박운기","더불어민주당","2","선거공약서","official_structured_record_no_public_file","reviewed_no_recoverable_official_document","official_sources_only"
"420260603-1100-서대문구-100163662-2-선거공약서","candidate-doc:100163662:2","1100","서울특별시","420260603","구·시·군의 장선거","4","서대문구","100163662","이성헌","국민의힘","2","선거공약서","official_structured_record_no_public_file","reviewed_no_recoverable_official_document","official_sources_only"
"420260603-1100-마포구-100154576-2-선거공약서","candidate-doc:100154576:2","1100","서울특별시","420260603","구·시·군의 장선거","4","마포구","100154576","유동균","더불어민주당","2","선거공약서","official_structured_record_no_public_file","reviewed_no_recoverable_official_document","official_sources_only"
"420260603-1100-마포구-100162253-2-선거공약서","candidate-doc:100162253:2","1100","서울특별시","420260603","구·시·군의 장선거","4","마포구","100162253","박강수","국민의힘","2","선거공약서","official_structured_record_no_public_file","reviewed_no_recoverable_official_document","official_sources_only"
"420260603-1100-양천구-100158135-2-선거공약서","candidate-doc:100158135:2","1100","서울특별시","420260603","구·시·군의 장선거","4","양천구","100158135","우형찬","더불어민주당","2","선거공약서","official_structured_record_no_public_file","reviewed_no_recoverable_official_document","official_sources_only"
"420260603-1100-강서구-100162985-2-선거공약서","candidate-doc:100162985:2","1100","서울특별시","420260603","구·시·군의 장선거","4","강서구","100162985","진교훈","더불어민주당","2","선거공약서","official_structured_record_no_public_file","reviewed_no_recoverable_official_document","official_sources_only"
"420260603-1100-강서구-100157541-2-선거공약서","candidate-doc:100157541:2","1100","서울특별시","420260603","구·시·군의 장선거","4","강서구","100157541","김진선","국민의힘","2","선거공약서","official_structured_record_no_public_file","reviewed_no_recoverable_official_document","official_sources_only"
"420260603-1100-강서구-100154493-2-선거공약서","candidate-doc:100154493:2","1100","서울특별시","420260603","구·시·군의 장선거","4","강서구","100154493","이미선","진보당","2","선거공약서","official_structured_record_no_public_file","reviewed_no_recoverable_official_document","official_sources_only"
"420260603-1100-강서구-100154808-2-선거공약서","candidate-doc:100154808:2","1100","서울특별시","420260603","구·시·군의 장선거","4","강서구","100154808","백철","무소속","2","선거공약서","official_structured_record_no_public_file","reviewed_no_recoverable_official_document","official_sources_only"
"420260603-1100-구로구-100163864-2-선거공약서","candidate-doc:100163864:2","1100","서울특별시","420260603","구·시·군의 장선거","4","구로구","100163864","장인홍","더불어민주당","2","선거공약서","official_structured_record_no_public_file","reviewed_no_recoverable_official_document","official_sources_only"
"420260603-1100-구로구-100162222-2-선거공약서","candidate-doc:100162222:2","1100","서울특별시","420260603","구·시·군의 장선거","4","구로구","100162222","홍덕희","국민의힘","2","선거공약서","official_structured_record_no_public_file","reviewed_no_recoverable_official_document","official_sources_only"
"420260603-1100-금천구-100160192-2-선거공약서","candidate-doc:100160192:2","1100","서울특별시","420260603","구·시·군의 장선거","4","금천구","100160192","최기찬","더불어민주당","2","선거공약서","official_structured_record_no_public_file","reviewed_no_recoverable_official_document","official_sources_only"
"420260603-1100-금천구-100161473-2-선거공약서","candidate-doc:100161473:2","1100","서울특별시","420260603","구·시·군의 장선거","4","금천구","100161473","이희권","국민의힘","2","선거공약서","official_structured_record_no_public_file","reviewed_no_recoverable_official_document","official_sources_only"
"420260603-1100-영등포구-100155777-2-선거공약서","candidate-doc:100155777:2","1100","서울특별시","420260603","구·시·군의 장선거","4","영등포구","100155777","조유진","더불어민주당","2","선거공약서","official_structured_record_no_public_file","reviewed_no_recoverable_official_document","official_sources_only"
"420260603-1100-영등포구-100156463-2-선거공약서","candidate-doc:100156463:2","1100","서울특별시","420260603","구·시·군의 장선거","4","영등포구","100156463","최웅식","국민의힘","2","선거공약서","official_structured_record_no_public_file","reviewed_no_recoverable_official_document","official_sources_only"
"420260603-1100-동작구-100155877-2-선거공약서","candidate-doc:100155877:2","1100","서울특별시","420260603","구·시·군의 장선거","4","동작구","100155877","류삼영","더불어민주당","2","선거공약서","official_structured_record_no_public_file","reviewed_no_recoverable_official_document","official_sources_only"
"420260603-1100-동작구-100156792-1-선거공보","candidate-doc:100156792:1","1100","서울특별시","420260603","구·시·군의 장선거","4","동작구","100156792","김정태","국민의힘","1","선거공보","official_structured_record_no_public_file","reviewed_no_recoverable_official_document","official_sources_only"
"420260603-1100-동작구-100156792-2-선거공약서","candidate-doc:100156792:2","1100","서울특별시","420260603","구·시·군의 장선거","4","동작구","100156792","김정태","국민의힘","2","선거공약서","official_structured_record_no_public_file","reviewed_no_recoverable_official_document","official_sources_only"
"420260603-1100-동작구-100163677-1-선거공보","candidate-doc:100163677:1","1100","서울특별시","420260603","구·시·군의 장선거","4","동작구","100163677","박일하","개혁신당","1","선거공보","official_structured_record_no_public_file","reviewed_no_recoverable_official_document","official_sources_only"
"420260603-1100-동작구-100163677-2-선거공약서","candidate-doc:100163677:2","1100","서울특별시","420260603","구·시·군의 장선거","4","동작구","100163677","박일하","개혁신당","2","선거공약서","official_structured_record_no_public_file","reviewed_no_recoverable_official_document","official_sources_only"
"420260603-1100-관악구-100162020-2-선거공약서","candidate-doc:100162020:2","1100","서울특별시","420260603","구·시·군의 장선거","4","관악구","100162020","이혜숙","개혁신당","2","선거공약서","official_structured_record_no_public_file","reviewed_no_recoverable_official_document","official_sources_only"
"420260603-1100-서초구-100161489-2-선거공약서","candidate-doc:100161489:2","1100","서울특별시","420260603","구·시·군의 장선거","4","서초구","100161489","황인식","더불어민주당","2","선거공약서","official_structured_record_no_public_file","reviewed_no_recoverable_official_document","official_sources_only"
"420260603-1100-서초구-100162496-2-선거공약서","candidate-doc:100162496:2","1100","서울특별시","420260603","구·시·군의 장선거","4","서초구","100162496","전성수","국민의힘","2","선거공약서","official_structured_record_no_public_file","reviewed_no_recoverable_official_document","official_sources_only"
"420260603-1100-강남구-100157718-2-선거공약서","candidate-doc:100157718:2","1100","서울특별시","420260603","구·시·군의 장선거","4","강남구","100157718","김형곤","더불어민주당","2","선거공약서","official_structured_record_no_public_file","reviewed_no_recoverable_official_document","official_sources_only"
"420260603-1100-강남구-100158841-2-선거공약서","candidate-doc:100158841:2","1100","서울특별시","420260603","구·시·군의 장선거","4","강남구","100158841","김현기","국민의힘","2","선거공약서","official_structured_record_no_public_file","reviewed_no_recoverable_official_document","official_sources_only"
"420260603-1100-송파구-100155375-2-선거공약서","candidate-doc:100155375:2","1100","서울특별시","420260603","구·시·군의 장선거","4","송파구","100155375","조재희","더불어민주당","2","선거공약서","official_structured_record_no_public_file","reviewed_no_recoverable_official_document","official_sources_only"
"420260603-1100-송파구-100160360-2-선거공약서","candidate-doc:100160360:2","1100","서울특별시","420260603","구·시·군의 장선거","4","송파구","100160360","서강석","국민의힘","2","선거공약서","official_structured_record_no_public_file","reviewed_no_recoverable_official_document","official_sources_only"
"420260603-1100-강동구-100154374-2-선거공약서","candidate-doc:100154374:2","1100","서울특별시","420260603","구·시·군의 장선거","4","강동구","100154374","김종무","더불어민주당","2","선거공약서","official_structured_record_no_public_file","reviewed_no_recoverable_official_document","official_sources_only"
"420260603-1100-강동구-100163194-2-선거공약서","candidate-doc:100163194:2","1100","서울특별시","420260603","구·시·군의 장선거","4","강동구","100163194","이수희","국민의힘","2","선거공약서","official_structured_record_no_public_file","reviewed_no_recoverable_official_document","official_sources_only"
"420260603-1100-강동구-100157173-2-선거공약서","candidate-doc:100157173:2","1100","서울특별시","420260603","구·시·군의 장선거","4","강동구","100157173","이용우","개혁신당","2","선거공약서","official_structured_record_no_public_file","reviewed_no_recoverable_official_document","official_sources_only"
"420260603-2600-중구-100158114-2-선거공약서","candidate-doc:100158114:2","2600","부산광역시","420260603","구·시·군의 장선거","4","중구","100158114","강희은","더불어민주당","2","선거공약서","official_structured_record_no_public_file","reviewed_no_recoverable_official_document","official_sources_only"
"420260603-2600-중구-100162254-1-선거공보","candidate-doc:100162254:1","2600","부산광역시","420260603","구·시·군의 장선거","4","중구","100162254","최진봉","국민의힘","1","선거공보","official_structured_record_no_public_file","reviewed_no_recoverable_official_document","official_sources_only"
"420260603-2600-중구-100162254-2-선거공약서","candidate-doc:100162254:2","2600","부산광역시","420260603","구·시·군의 장선거","4","중구","100162254","최진봉","국민의힘","2","선거공약서","official_structured_record_no_public_file","reviewed_no_recoverable_official_document","official_sources_only"
"420260603-2600-서구-100157569-2-선거공약서","candidate-doc:100157569:2","2600","부산광역시","420260603","구·시·군의 장선거","4","서구","100157569","황정재","더불어민주당","2","선거공약서","official_structured_record_no_public_file","reviewed_no_recoverable_official_document","official_sources_only"
"420260603-2600-서구-100160476-2-선거공약서","candidate-doc:100160476:2","2600","부산광역시","420260603","구·시·군의 장선거","4","서구","100160476","공한수","국민의힘","2","선거공약서","official_structured_record_no_public_file","reviewed_no_recoverable_official_document","official_sources_only"
"420260603-2600-동구-100154786-2-선거공약서","candidate-doc:100154786:2","2600","부산광역시","420260603","구·시·군의 장선거","4","동구","100154786","김종우","더불어민주당","2","선거공약서","official_structured_record_no_public_file","reviewed_no_recoverable_official_document","official_sources_only"
"420260603-2600-동구-100161624-2-선거공약서","candidate-doc:100161624:2","2600","부산광역시","420260603","구·시·군의 장선거","4","동구","100161624","강철호","국민의힘","2","선거공약서","official_structured_record_no_public_file","reviewed_no_recoverable_official_document","official_sources_only"
"420260603-2600-영도구-100154799-2-선거공약서","candidate-doc:100154799:2","2600","부산광역시","420260603","구·시·군의 장선거","4","영도구","100154799","김철훈","더불어민주당","2","선거공약서","official_structured_record_no_public_file","reviewed_no_recoverable_official_document","official_sources_only"
"420260603-2600-영도구-100161385-2-선거공약서","candidate-doc:100161385:2","2600","부산광역시","420260603","구·시·군의 장선거","4","영도구","100161385","안성민","국민의힘","2","선거공약서","official_structured_record_no_public_file","reviewed_no_recoverable_official_document","official_sources_only"
"420260603-2600-영도구-100162974-2-선거공약서","candidate-doc:100162974:2","2600","부산광역시","420260603","구·시·군의 장선거","4","영도구","100162974","김기재","무소속","2","선거공약서","official_structured_record_no_public_file","reviewed_no_recoverable_official_document","official_sources_only"
"420260603-2600-부산진구-100154165-2-선거공약서","candidate-doc:100154165:2","2600","부산광역시","420260603","구·시·군의 장선거","4","부산진구","100154165","서은숙","더불어민주당","2","선거공약서","official_structured_record_no_public_file","reviewed_no_recoverable_official_document","official_sources_only"
"420260603-2600-부산진구-100162205-2-선거공약서","candidate-doc:100162205:2","2600","부산광역시","420260603","구·시·군의 장선거","4","부산진구","100162205","김영욱","국민의힘","2","선거공약서","official_structured_record_no_public_file","reviewed_no_recoverable_official_document","official_sources_only"
"420260603-2600-동래구-100160999-2-선거공약서","candidate-doc:100160999:2","2600","부산광역시","420260603","구·시·군의 장선거","4","동래구","100160999","탁영일","더불어민주당","2","선거공약서","official_structured_record_no_public_file","reviewed_no_recoverable_official_document","official_sources_only"
"420260603-2600-남구-100154429-2-선거공약서","candidate-doc:100154429:2","2600","부산광역시","420260603","구·시·군의 장선거","4","남구","100154429","박재범","더불어민주당","2","선거공약서","official_structured_record_no_public_file","reviewed_no_recoverable_official_document","official_sources_only"
"420260603-2600-남구-100156672-2-선거공약서","candidate-doc:100156672:2","2600","부산광역시","420260603","구·시·군의 장선거","4","남구","100156672","김광명","국민의힘","2","선거공약서","official_structured_record_no_public_file","reviewed_no_recoverable_official_document","official_sources_only"
"420260603-2600-북구-100156818-2-선거공약서","candidate-doc:100156818:2","2600","부산광역시","420260603","구·시·군의 장선거","4","북구","100156818","정명희","더불어민주당","2","선거공약서","official_structured_record_no_public_file","reviewed_no_recoverable_official_document","official_sources_only"
"420260603-2600-북구-100162619-2-선거공약서","candidate-doc:100162619:2","2600","부산광역시","420260603","구·시·군의 장선거","4","북구","100162619","오태원","국민의힘","2","선거공약서","official_structured_record_no_public_file","reviewed_no_recoverable_official_document","official_sources_only"
"420260603-2600-해운대구-100158453-2-선거공약서","candidate-doc:100158453:2","2600","부산광역시","420260603","구·시·군의 장선거","4","해운대구","100158453","홍순헌","더불어민주당","2","선거공약서","official_structured_record_no_public_file","reviewed_no_recoverable_official_document","official_sources_only"
"420260603-2600-해운대구-100161620-2-선거공약서","candidate-doc:100161620:2","2600","부산광역시","420260603","구·시·군의 장선거","4","해운대구","100161620","김성수","국민의힘","2","선거공약서","official_structured_record_no_public_file","reviewed_no_recoverable_official_document","official_sources_only"
"420260603-2600-사하구-100154670-2-선거공약서","candidate-doc:100154670:2","2600","부산광역시","420260603","구·시·군의 장선거","4","사하구","100154670","김태석","더불어민주당","2","선거공약서","official_structured_record_no_public_file","reviewed_no_recoverable_official_document","official_sources_only"
"420260603-2600-사하구-100157797-2-선거공약서","candidate-doc:100157797:2","2600","부산광역시","420260603","구·시·군의 장선거","4","사하구","100157797","김척수","국민의힘","2","선거공약서","official_structured_record_no_public_file","reviewed_no_recoverable_official_document","official_sources_only"
"420260603-2600-금정구-100155373-2-선거공약서","candidate-doc:100155373:2","2600","부산광역시","420260603","구·시·군의 장선거","4","금정구","100155373","김경지","더불어민주당","2","선거공약서","official_structured_record_no_public_file","reviewed_no_recoverable_official_document","official_sources_only"
"420260603-2600-금정구-100162407-2-선거공약서","candidate-doc:100162407:2","2600","부산광역시","420260603","구·시·군의 장선거","4","금정구","100162407","박용찬","조국혁신당","2","선거공약서","official_structured_record_no_public_file","reviewed_no_recoverable_official_document","official_sources_only"
"420260603-2600-금정구-100158700-2-선거공약서","candidate-doc:100158700:2","2600","부산광역시","420260603","구·시·군의 장선거","4","금정구","100158700","최봉환","개혁신당","2","선거공약서","official_structured_record_no_public_file","reviewed_no_recoverable_official_document","official_sources_only"
"420260603-2600-강서구-100156803-2-선거공약서","candidate-doc:100156803:2","2600","부산광역시","420260603","구·시·군의 장선거","4","강서구","100156803","박상준","더불어민주당","2","선거공약서","official_structured_record_no_public_file","reviewed_no_recoverable_official_document","official_sources_only"
"420260603-2600-강서구-100161550-2-선거공약서","candidate-doc:100161550:2","2600","부산광역시","420260603","구·시·군의 장선거","4","강서구","100161550","김형찬","국민의힘","2","선거공약서","official_structured_record_no_public_file","reviewed_no_recoverable_official_document","official_sources_only"
"420260603-2600-연제구-100161507-2-선거공약서","candidate-doc:100161507:2","2600","부산광역시","420260603","구·시·군의 장선거","4","연제구","100161507","주석수","국민의힘","2","선거공약서","official_structured_record_no_public_file","reviewed_no_recoverable_official_document","official_sources_only"
"420260603-2600-연제구-100154415-2-선거공약서","candidate-doc:100154415:2","2600","부산광역시","420260603","구·시·군의 장선거","4","연제구","100154415","노정현","진보당","2","선거공약서","official_structured_record_no_public_file","reviewed_no_recoverable_official_document","official_sources_only"
"420260603-2600-수영구-100154466-2-선거공약서","candidate-doc:100154466:2","2600","부산광역시","420260603","구·시·군의 장선거","4","수영구","100154466","김진","더불어민주당","2","선거공약서","official_structured_record_no_public_file","reviewed_no_recoverable_official_document","official_sources_only"
"420260603-2600-수영구-100160995-2-선거공약서","candidate-doc:100160995:2","2600","부산광역시","420260603","구·시·군의 장선거","4","수영구","100160995","강성태","국민의힘","2","선거공약서","official_structured_record_no_public_file","reviewed_no_recoverable_official_document","official_sources_only"
"420260603-2600-수영구-100154671-2-선거공약서","candidate-doc:100154671:2","2600","부산광역시","420260603","구·시·군의 장선거","4","수영구","100154671","황진수","무소속","2","선거공약서","official_structured_record_no_public_file","reviewed_no_recoverable_official_document","official_sources_only"
"420260603-2600-사상구-100154522-2-선거공약서","candidate-doc:100154522:2","2600","부산광역시","420260603","구·시·군의 장선거","4","사상구","100154522","서태경","더불어민주당","2","선거공약서","official_structured_record_no_public_file","reviewed_no_recoverable_official_document","official_sources_only"
"420260603-2600-사상구-100157758-2-선거공약서","candidate-doc:100157758:2","2600","부산광역시","420260603","구·시·군의 장선거","4","사상구","100157758","이대훈","국민의힘","2","선거공약서","official_structured_record_no_public_file","reviewed_no_recoverable_official_document","official_sources_only"
"420260603-2600-사상구-100163162-2-선거공약서","candidate-doc:100163162:2","2600","부산광역시","420260603","구·시·군의 장선거","4","사상구","100163162","조병길","무소속","2","선거공약서","official_structured_record_no_public_file","reviewed_no_recoverable_official_document","official_sources_only"
"420260603-2600-기장군-100159468-2-선거공약서","candidate-doc:100159468:2","2600","부산광역시","420260603","구·시·군의 장선거","4","기장군","100159468","우성빈","더불어민주당","2","선거공약서","official_structured_record_no_public_file","reviewed_no_recoverable_official_document","official_sources_only"
"420260603-2600-기장군-100159508-2-선거공약서","candidate-doc:100159508:2","2600","부산광역시","420260603","구·시·군의 장선거","4","기장군","100159508","정명시","국민의힘","2","선거공약서","official_structured_record_no_public_file","reviewed_no_recoverable_official_document","official_sources_only"
"420260603-2600-기장군-100159959-2-선거공약서","candidate-doc:100159959:2","2600","부산광역시","420260603","구·시·군의 장선거","4","기장군","100159959","정진백","조국혁신당","2","선거공약서","official_structured_record_no_public_file","reviewed_no_recoverable_official_document","official_sources_only"
"420260603-2600-기장군-100161285-2-선거공약서","candidate-doc:100161285:2","2600","부산광역시","420260603","구·시·군의 장선거","4","기장군","100161285","김쌍우","무소속","2","선거공약서","official_structured_record_no_public_file","reviewed_no_recoverable_official_document","official_sources_only"
"420260603-2700-중구-100161033-2-선거공약서","candidate-doc:100161033:2","2700","대구광역시","420260603","구·시·군의 장선거","4","중구","100161033","오영준","더불어민주당","2","선거공약서","official_structured_record_no_public_file","reviewed_no_recoverable_official_document","official_sources_only"
"420260603-2700-중구-100160346-2-선거공약서","candidate-doc:100160346:2","2700","대구광역시","420260603","구·시·군의 장선거","4","중구","100160346","류규하","국민의힘","2","선거공약서","official_structured_record_no_public_file","reviewed_no_recoverable_official_document","official_sources_only"
"420260603-2700-동구-100157119-2-선거공약서","candidate-doc:100157119:2","2700","대구광역시","420260603","구·시·군의 장선거","4","동구","100157119","신효철","더불어민주당","2","선거공약서","official_structured_record_no_public_file","reviewed_no_recoverable_official_document","official_sources_only"
"420260603-2700-동구-100155802-2-선거공약서","candidate-doc:100155802:2","2700","대구광역시","420260603","구·시·군의 장선거","4","동구","100155802","우성진","국민의힘","2","선거공약서","official_structured_record_no_public_file","reviewed_no_recoverable_official_document","official_sources_only"
"420260603-2700-동구-100162027-2-선거공약서","candidate-doc:100162027:2","2700","대구광역시","420260603","구·시·군의 장선거","4","동구","100162027","양희","정의당","2","선거공약서","official_structured_record_no_public_file","reviewed_no_recoverable_official_document","official_sources_only"
"420260603-2700-서구-100156133-2-선거공약서","candidate-doc:100156133:2","2700","대구광역시","420260603","구·시·군의 장선거","4","서구","100156133","최규식","더불어민주당","2","선거공약서","official_structured_record_no_public_file","reviewed_no_recoverable_official_document","official_sources_only"
"420260603-2700-서구-100154194-2-선거공약서","candidate-doc:100154194:2","2700","대구광역시","420260603","구·시·군의 장선거","4","서구","100154194","권오상","국민의힘","2","선거공약서","official_structured_record_no_public_file","reviewed_no_recoverable_official_document","official_sources_only"
"420260603-2700-남구-100157868-2-선거공약서","candidate-doc:100157868:2","2700","대구광역시","420260603","구·시·군의 장선거","4","남구","100157868","정연우","더불어민주당","2","선거공약서","official_structured_record_no_public_file","reviewed_no_recoverable_official_document","official_sources_only"
"420260603-2700-남구-100163053-2-선거공약서","candidate-doc:100163053:2","2700","대구광역시","420260603","구·시·군의 장선거","4","남구","100163053","조재구","국민의힘","2","선거공약서","official_structured_record_no_public_file","reviewed_no_recoverable_official_document","official_sources_only"
"420260603-2700-북구-100157985-2-선거공약서","candidate-doc:100157985:2","2700","대구광역시","420260603","구·시·군의 장선거","4","북구","100157985","최우영","더불어민주당","2","선거공약서","official_structured_record_no_public_file","reviewed_no_recoverable_official_document","official_sources_only"
"420260603-2700-북구-100154405-2-선거공약서","candidate-doc:100154405:2","2700","대구광역시","420260603","구·시·군의 장선거","4","북구","100154405","이근수","국민의힘","2","선거공약서","official_structured_record_no_public_file","reviewed_no_recoverable_official_document","official_sources_only"
"420260603-2700-수성구-100155160-2-선거공약서","candidate-doc:100155160:2","2700","대구광역시","420260603","구·시·군의 장선거","4","수성구","100155160","박정권","더불어민주당","2","선거공약서","official_structured_record_no_public_file","reviewed_no_recoverable_official_document","official_sources_only"
"420260603-2700-수성구-100160089-2-선거공약서","candidate-doc:100160089:2","2700","대구광역시","420260603","구·시·군의 장선거","4","수성구","100160089","김대권","국민의힘","2","선거공약서","official_structured_record_no_public_file","reviewed_no_recoverable_official_document","official_sources_only"
"420260603-2700-달서구-100154833-2-선거공약서","candidate-doc:100154833:2","2700","대구광역시","420260603","구·시·군의 장선거","4","달서구","100154833","김성태","더불어민주당","2","선거공약서","official_structured_record_no_public_file","reviewed_no_recoverable_official_document","official_sources_only"
"420260603-2700-달서구-100155317-2-선거공약서","candidate-doc:100155317:2","2700","대구광역시","420260603","구·시·군의 장선거","4","달서구","100155317","김용판","국민의힘","2","선거공약서","official_structured_record_no_public_file","reviewed_no_recoverable_official_document","official_sources_only"
"420260603-2700-달서구-100163927-2-선거공약서","candidate-doc:100163927:2","2700","대구광역시","420260603","구·시·군의 장선거","4","달서구","100163927","김재흥","무소속","2","선거공약서","official_structured_record_no_public_file","reviewed_no_recoverable_official_document","official_sources_only"
"420260603-2700-달성군-100160034-2-선거공약서","candidate-doc:100160034:2","2700","대구광역시","420260603","구·시·군의 장선거","4","달성군","100160034","김보경","더불어민주당","2","선거공약서","official_structured_record_no_public_file","reviewed_no_recoverable_official_document","official_sources_only"
"420260603-2700-달성군-100163666-2-선거공약서","candidate-doc:100163666:2","2700","대구광역시","420260603","구·시·군의 장선거","4","달성군","100163666","최재훈","국민의힘","2","선거공약서","official_structured_record_no_public_file","reviewed_no_recoverable_official_document","official_sources_only"
"420260603-2700-군위군-100163558-2-선거공약서","candidate-doc:100163558:2","2700","대구광역시","420260603","구·시·군의 장선거","4","군위군","100163558","이기만","더불어민주당","2","선거공약서","official_structured_record_no_public_file","reviewed_no_recoverable_official_document","official_sources_only"
"420260603-2700-군위군-100162112-2-선거공약서","candidate-doc:100162112:2","2700","대구광역시","420260603","구·시·군의 장선거","4","군위군","100162112","김진열","국민의힘","2","선거공약서","official_structured_record_no_public_file","reviewed_no_recoverable_official_document","official_sources_only"
"420260603-2800-강화군-100159384-2-선거공약서","candidate-doc:100159384:2","2800","인천광역시","420260603","구·시·군의 장선거","4","강화군","100159384","한연희","더불어민주당","2","선거공약서","official_structured_record_no_public_file","reviewed_no_recoverable_official_document","official_sources_only"
"420260603-2800-강화군-100163321-2-선거공약서","candidate-doc:100163321:2","2800","인천광역시","420260603","구·시·군의 장선거","4","강화군","100163321","문경신","무소속","2","선거공약서","official_structured_record_no_public_file","reviewed_no_recoverable_official_document","official_sources_only"
"420260603-2800-옹진군-100160566-2-선거공약서","candidate-doc:100160566:2","2800","인천광역시","420260603","구·시·군의 장선거","4","옹진군","100160566","장정민","더불어민주당","2","선거공약서","official_structured_record_no_public_file","reviewed_no_recoverable_official_document","official_sources_only"
"420260603-2800-옹진군-100162743-2-선거공약서","candidate-doc:100162743:2","2800","인천광역시","420260603","구·시·군의 장선거","4","옹진군","100162743","문경복","국민의힘","2","선거공약서","official_structured_record_no_public_file","reviewed_no_recoverable_official_document","official_sources_only"
"420260603-2800-제물포구-100157497-2-선거공약서","candidate-doc:100157497:2","2800","인천광역시","420260603","구·시·군의 장선거","4","제물포구","100157497","남궁형","더불어민주당","2","선거공약서","official_structured_record_no_public_file","reviewed_no_recoverable_official_document","official_sources_only"
"420260603-2800-제물포구-100162900-2-선거공약서","candidate-doc:100162900:2","2800","인천광역시","420260603","구·시·군의 장선거","4","제물포구","100162900","김찬진","국민의힘","2","선거공약서","official_structured_record_no_public_file","reviewed_no_recoverable_official_document","official_sources_only"
"420260603-2800-영종구-100157153-2-선거공약서","candidate-doc:100157153:2","2800","인천광역시","420260603","구·시·군의 장선거","4","영종구","100157153","손화정","더불어민주당","2","선거공약서","official_structured_record_no_public_file","reviewed_no_recoverable_official_document","official_sources_only"
"420260603-2800-영종구-100162238-2-선거공약서","candidate-doc:100162238:2","2800","인천광역시","420260603","구·시·군의 장선거","4","영종구","100162238","김정헌","국민의힘","2","선거공약서","official_structured_record_no_public_file","reviewed_no_recoverable_official_document","official_sources_only"
"420260603-2800-영종구-100158290-2-선거공약서","candidate-doc:100158290:2","2800","인천광역시","420260603","구·시·군의 장선거","4","영종구","100158290","안광호","조국혁신당","2","선거공약서","official_structured_record_no_public_file","reviewed_no_recoverable_official_document","official_sources_only"
"420260603-2800-미추홀구-100156594-2-선거공약서","candidate-doc:100156594:2","2800","인천광역시","420260603","구·시·군의 장선거","4","미추홀구","100156594","김정식","더불어민주당","2","선거공약서","official_structured_record_no_public_file","reviewed_no_recoverable_official_document","official_sources_only"
"420260603-2800-미추홀구-100163246-2-선거공약서","candidate-doc:100163246:2","2800","인천광역시","420260603","구·시·군의 장선거","4","미추홀구","100163246","이영훈","국민의힘","2","선거공약서","official_structured_record_no_public_file","reviewed_no_recoverable_official_document","official_sources_only"
"420260603-2800-연수구-100156526-2-선거공약서","candidate-doc:100156526:2","2800","인천광역시","420260603","구·시·군의 장선거","4","연수구","100156526","정지열","더불어민주당","2","선거공약서","official_structured_record_no_public_file","reviewed_no_recoverable_official_document","official_sources_only"
"420260603-2800-연수구-100163000-2-선거공약서","candidate-doc:100163000:2","2800","인천광역시","420260603","구·시·군의 장선거","4","연수구","100163000","이재호","국민의힘","2","선거공약서","official_structured_record_no_public_file","reviewed_no_recoverable_official_document","official_sources_only"
"420260603-2800-남동구-100154310-2-선거공약서","candidate-doc:100154310:2","2800","인천광역시","420260603","구·시·군의 장선거","4","남동구","100154310","이병래","더불어민주당","2","선거공약서","official_structured_record_no_public_file","reviewed_no_recoverable_official_document","official_sources_only"
"420260603-2800-남동구-100163027-2-선거공약서","candidate-doc:100163027:2","2800","인천광역시","420260603","구·시·군의 장선거","4","남동구","100163027","박종효","국민의힘","2","선거공약서","official_structured_record_no_public_file","reviewed_no_recoverable_official_document","official_sources_only"
"420260603-2800-부평구-100161436-2-선거공약서","candidate-doc:100161436:2","2800","인천광역시","420260603","구·시·군의 장선거","4","부평구","100161436","차준택","더불어민주당","2","선거공약서","official_structured_record_no_public_file","reviewed_no_recoverable_official_document","official_sources_only"
"420260603-2800-부평구-100162615-2-선거공약서","candidate-doc:100162615:2","2800","인천광역시","420260603","구·시·군의 장선거","4","부평구","100162615","이단비","국민의힘","2","선거공약서","official_structured_record_no_public_file","reviewed_no_recoverable_official_document","official_sources_only"
"420260603-2800-계양구-100157457-2-선거공약서","candidate-doc:100157457:2","2800","인천광역시","420260603","구·시·군의 장선거","4","계양구","100157457","박형우","더불어민주당","2","선거공약서","official_structured_record_no_public_file","reviewed_no_recoverable_official_document","official_sources_only"
"420260603-2800-계양구-100157587-2-선거공약서","candidate-doc:100157587:2","2800","인천광역시","420260603","구·시·군의 장선거","4","계양구","100157587","이병택","국민의힘","2","선거공약서","official_structured_record_no_public_file","reviewed_no_recoverable_official_document","official_sources_only"
"420260603-2800-서구-100158205-2-선거공약서","candidate-doc:100158205:2","2800","인천광역시","420260603","구·시·군의 장선거","4","서구","100158205","구재용","더불어민주당","2","선거공약서","official_structured_record_no_public_file","reviewed_no_recoverable_official_document","official_sources_only"
"420260603-2800-서구-100163349-2-선거공약서","candidate-doc:100163349:2","2800","인천광역시","420260603","구·시·군의 장선거","4","서구","100163349","강범석","국민의힘","2","선거공약서","official_structured_record_no_public_file","reviewed_no_recoverable_official_document","official_sources_only"
"420260603-2800-서구-100154173-2-선거공약서","candidate-doc:100154173:2","2800","인천광역시","420260603","구·시·군의 장선거","4","서구","100154173","김용섭","무소속","2","선거공약서","official_structured_record_no_public_file","reviewed_no_recoverable_official_document","official_sources_only"
"420260603-2800-검단구-100154634-2-선거공약서","candidate-doc:100154634:2","2800","인천광역시","420260603","구·시·군의 장선거","4","검단구","100154634","김진규","더불어민주당","2","선거공약서","official_structured_record_no_public_file","reviewed_no_recoverable_official_document","official_sources_only"
"420260603-2800-검단구-100160467-2-선거공약서","candidate-doc:100160467:2","2800","인천광역시","420260603","구·시·군의 장선거","4","검단구","100160467","박세훈","국민의힘","2","선거공약서","official_structured_record_no_public_file","reviewed_no_recoverable_official_document","official_sources_only"
"420260603-2900-동구-100158729-2-선거공약서","candidate-doc:100158729:2","2900","광주광역시","420260603","구·시·군의 장선거","4","동구","100158729","임택","더불어민주당","2","선거공약서","official_structured_record_no_public_file","reviewed_no_recoverable_official_document","official_sources_only"
"420260603-2900-동구-100162102-2-선거공약서","candidate-doc:100162102:2","2900","광주광역시","420260603","구·시·군의 장선거","4","동구","100162102","김성환","조국혁신당","2","선거공약서","official_structured_record_no_public_file","reviewed_no_recoverable_official_document","official_sources_only"
"420260603-2900-서구-100163972-1-선거공보","candidate-doc:100163972:1","2900","광주광역시","420260603","구·시·군의 장선거","4","서구","100163972","김이강","더불어민주당","1","선거공보","official_structured_record_no_public_file","reviewed_no_recoverable_official_document","official_sources_only"
"420260603-2900-서구-100163972-2-선거공약서","candidate-doc:100163972:2","2900","광주광역시","420260603","구·시·군의 장선거","4","서구","100163972","김이강","더불어민주당","2","선거공약서","official_structured_record_no_public_file","reviewed_no_recoverable_official_document","official_sources_only"
"420260603-2900-서구-100163972-3-5대공약","candidate-doc:100163972:3","2900","광주광역시","420260603","구·시·군의 장선거","4","서구","100163972","김이강","더불어민주당","3","5대공약","official_structured_record_no_public_file","reviewed_no_recoverable_official_document","official_sources_only"
"420260603-2900-남구-100158111-1-선거공보","candidate-doc:100158111:1","2900","광주광역시","420260603","구·시·군의 장선거","4","남구","100158111","김병내","더불어민주당","1","선거공보","official_structured_record_no_public_file","reviewed_no_recoverable_official_document","official_sources_only"
"420260603-2900-남구-100158111-2-선거공약서","candidate-doc:100158111:2","2900","광주광역시","420260603","구·시·군의 장선거","4","남구","100158111","김병내","더불어민주당","2","선거공약서","official_structured_record_no_public_file","reviewed_no_recoverable_official_document","official_sources_only"
"420260603-2900-남구-100158111-3-5대공약","candidate-doc:100158111:3","2900","광주광역시","420260603","구·시·군의 장선거","4","남구","100158111","김병내","더불어민주당","3","5대공약","official_structured_record_no_public_file","reviewed_no_recoverable_official_document","official_sources_only"
"420260603-2900-북구-100158994-2-선거공약서","candidate-doc:100158994:2","2900","광주광역시","420260603","구·시·군의 장선거","4","북구","100158994","신수정","더불어민주당","2","선거공약서","official_structured_record_no_public_file","reviewed_no_recoverable_official_document","official_sources_only"
"420260603-2900-북구-100154186-2-선거공약서","candidate-doc:100154186:2","2900","광주광역시","420260603","구·시·군의 장선거","4","북구","100154186","김주업","진보당","2","선거공약서","official_structured_record_no_public_file","reviewed_no_recoverable_official_document","official_sources_only"
"420260603-2900-북구-100154186-3-5대공약","candidate-doc:100154186:3","2900","광주광역시","420260603","구·시·군의 장선거","4","북구","100154186","김주업","진보당","3","5대공약","official_structured_record_no_public_file","reviewed_no_recoverable_official_document","official_sources_only"
"420260603-2900-북구-100164186-2-선거공약서","candidate-doc:100164186:2","2900","광주광역시","420260603","구·시·군의 장선거","4","북구","100164186","김성현","무소속","2","선거공약서","official_structured_record_no_public_file","reviewed_no_recoverable_official_document","official_sources_only"
"420260603-2900-북구-100163450-2-선거공약서","candidate-doc:100163450:2","2900","광주광역시","420260603","구·시·군의 장선거","4","북구","100163450","노남수","무소속","2","선거공약서","official_structured_record_no_public_file","reviewed_no_recoverable_official_document","official_sources_only"
"420260603-2900-광산구-100158654-2-선거공약서","candidate-doc:100158654:2","2900","광주광역시","420260603","구·시·군의 장선거","4","광산구","100158654","박병규","더불어민주당","2","선거공약서","official_structured_record_no_public_file","reviewed_no_recoverable_official_document","official_sources_only"
"420260603-2900-광산구-100157865-2-선거공약서","candidate-doc:100157865:2","2900","광주광역시","420260603","구·시·군의 장선거","4","광산구","100157865","정희성","진보당","2","선거공약서","official_structured_record_no_public_file","reviewed_no_recoverable_official_document","official_sources_only"
"420260603-3000-동구-100154226-2-선거공약서","candidate-doc:100154226:2","3000","대전광역시","420260603","구·시·군의 장선거","4","동구","100154226","황인호","더불어민주당","2","선거공약서","official_structured_record_no_public_file","reviewed_no_recoverable_official_document","official_sources_only"
"420260603-3000-동구-100162951-2-선거공약서","candidate-doc:100162951:2","3000","대전광역시","420260603","구·시·군의 장선거","4","동구","100162951","박희조","국민의힘","2","선거공약서","official_structured_record_no_public_file","reviewed_no_recoverable_official_document","official_sources_only"
"420260603-3000-동구-100154139-2-선거공약서","candidate-doc:100154139:2","3000","대전광역시","420260603","구·시·군의 장선거","4","동구","100154139","한현택","무소속","2","선거공약서","official_structured_record_no_public_file","reviewed_no_recoverable_official_document","official_sources_only"
"420260603-3000-서구-100154033-2-선거공약서","candidate-doc:100154033:2","3000","대전광역시","420260603","구·시·군의 장선거","4","서구","100154033","전문학","더불어민주당","2","선거공약서","official_structured_record_no_public_file","reviewed_no_recoverable_official_document","official_sources_only"
"420260603-3000-서구-100154367-2-선거공약서","candidate-doc:100154367:2","3000","대전광역시","420260603","구·시·군의 장선거","4","서구","100154367","유지곤","조국혁신당","2","선거공약서","official_structured_record_no_public_file","reviewed_no_recoverable_official_document","official_sources_only"
"420260603-3000-유성구-100162041-2-선거공약서","candidate-doc:100162041:2","3000","대전광역시","420260603","구·시·군의 장선거","4","유성구","100162041","조원휘","국민의힘","2","선거공약서","official_structured_record_no_public_file","reviewed_no_recoverable_official_document","official_sources_only"
"420260603-3000-대덕구-100154870-2-선거공약서","candidate-doc:100154870:2","3000","대전광역시","420260603","구·시·군의 장선거","4","대덕구","100154870","김찬술","더불어민주당","2","선거공약서","official_structured_record_no_public_file","reviewed_no_recoverable_official_document","official_sources_only"
"420260603-3000-대덕구-100163481-2-선거공약서","candidate-doc:100163481:2","3000","대전광역시","420260603","구·시·군의 장선거","4","대덕구","100163481","최충규","국민의힘","2","선거공약서","official_structured_record_no_public_file","reviewed_no_recoverable_official_document","official_sources_only"
"420260603-3000-대덕구-100163481-3-5대공약","candidate-doc:100163481:3","3000","대전광역시","420260603","구·시·군의 장선거","4","대덕구","100163481","최충규","국민의힘","3","5대공약","official_structured_record_no_public_file","reviewed_no_recoverable_official_document","official_sources_only"
"420260603-3100-중구-100154185-2-선거공약서","candidate-doc:100154185:2","3100","울산광역시","420260603","구·시·군의 장선거","4","중구","100154185","박태완","더불어민주당","2","선거공약서","official_structured_record_no_public_file","reviewed_no_recoverable_official_document","official_sources_only"
"420260603-3100-중구-100164128-2-선거공약서","candidate-doc:100164128:2","3100","울산광역시","420260603","구·시·군의 장선거","4","중구","100164128","고호근","무소속","2","선거공약서","official_structured_record_no_public_file","reviewed_no_recoverable_official_document","official_sources_only"
"420260603-3100-남구-100157140-2-선거공약서","candidate-doc:100157140:2","3100","울산광역시","420260603","구·시·군의 장선거","4","남구","100157140","최덕종","더불어민주당","2","선거공약서","official_structured_record_no_public_file","reviewed_no_recoverable_official_document","official_sources_only"
"420260603-3100-남구-100154806-2-선거공약서","candidate-doc:100154806:2","3100","울산광역시","420260603","구·시·군의 장선거","4","남구","100154806","임현철","국민의힘","2","선거공약서","official_structured_record_no_public_file","reviewed_no_recoverable_official_document","official_sources_only"
"420260603-3100-남구-100162763-2-선거공약서","candidate-doc:100162763:2","3100","울산광역시","420260603","구·시·군의 장선거","4","남구","100162763","방인섭","개혁신당","2","선거공약서","official_structured_record_no_public_file","reviewed_no_recoverable_official_document","official_sources_only"
"420260603-3100-동구-100158728-2-선거공약서","candidate-doc:100158728:2","3100","울산광역시","420260603","구·시·군의 장선거","4","동구","100158728","천기옥","국민의힘","2","선거공약서","official_structured_record_no_public_file","reviewed_no_recoverable_official_document","official_sources_only"
"420260603-3100-동구-100155421-2-선거공약서","candidate-doc:100155421:2","3100","울산광역시","420260603","구·시·군의 장선거","4","동구","100155421","박문옥","진보당","2","선거공약서","official_structured_record_no_public_file","reviewed_no_recoverable_official_document","official_sources_only"
"420260603-3100-동구-100156531-2-선거공약서","candidate-doc:100156531:2","3100","울산광역시","420260603","구·시·군의 장선거","4","동구","100156531","이장우","노동당","2","선거공약서","official_structured_record_no_public_file","reviewed_no_recoverable_official_document","official_sources_only"
"420260603-3100-북구-100154368-2-선거공약서","candidate-doc:100154368:2","3100","울산광역시","420260603","구·시·군의 장선거","4","북구","100154368","이동권","더불어민주당","2","선거공약서","official_structured_record_no_public_file","reviewed_no_recoverable_official_document","official_sources_only"
"420260603-3100-북구-100163315-2-선거공약서","candidate-doc:100163315:2","3100","울산광역시","420260603","구·시·군의 장선거","4","북구","100163315","박천동","국민의힘","2","선거공약서","official_structured_record_no_public_file","reviewed_no_recoverable_official_document","official_sources_only"
"420260603-3100-울주군-100159494-2-선거공약서","candidate-doc:100159494:2","3100","울산광역시","420260603","구·시·군의 장선거","4","울주군","100159494","김시욱","더불어민주당","2","선거공약서","official_structured_record_no_public_file","reviewed_no_recoverable_official_document","official_sources_only"
"420260603-3100-울주군-100163313-2-선거공약서","candidate-doc:100163313:2","3100","울산광역시","420260603","구·시·군의 장선거","4","울주군","100163313","이순걸","국민의힘","2","선거공약서","official_structured_record_no_public_file","reviewed_no_recoverable_official_document","official_sources_only"
"420260603-4100-수원시-100163860-2-선거공약서","candidate-doc:100163860:2","4100","경기도","420260603","구·시·군의 장선거","4","수원시","100163860","이재준","더불어민주당","2","선거공약서","official_structured_record_no_public_file","reviewed_no_recoverable_official_document","official_sources_only"
"420260603-4100-수원시-100162275-2-선거공약서","candidate-doc:100162275:2","4100","경기도","420260603","구·시·군의 장선거","4","수원시","100162275","정희윤","개혁신당","2","선거공약서","official_structured_record_no_public_file","reviewed_no_recoverable_official_document","official_sources_only"
"420260603-4100-용인시-100156754-2-선거공약서","candidate-doc:100156754:2","4100","경기도","420260603","구·시·군의 장선거","4","용인시","100156754","현근택","더불어민주당","2","선거공약서","official_structured_record_no_public_file","reviewed_no_recoverable_official_document","official_sources_only"
"420260603-4100-용인시-100163609-2-선거공약서","candidate-doc:100163609:2","4100","경기도","420260603","구·시·군의 장선거","4","용인시","100163609","송창훈","개혁신당","2","선거공약서","official_structured_record_no_public_file","reviewed_no_recoverable_official_document","official_sources_only"
"420260603-4100-고양시-100155611-2-선거공약서","candidate-doc:100155611:2","4100","경기도","420260603","구·시·군의 장선거","4","고양시","100155611","민경선","더불어민주당","2","선거공약서","official_structured_record_no_public_file","reviewed_no_recoverable_official_document","official_sources_only"
"420260603-4100-고양시-100163639-2-선거공약서","candidate-doc:100163639:2","4100","경기도","420260603","구·시·군의 장선거","4","고양시","100163639","이동환","국민의힘","2","선거공약서","official_structured_record_no_public_file","reviewed_no_recoverable_official_document","official_sources_only"
"420260603-4100-고양시-100163143-2-선거공약서","candidate-doc:100163143:2","4100","경기도","420260603","구·시·군의 장선거","4","고양시","100163143","신현철","개혁신당","2","선거공약서","official_structured_record_no_public_file","reviewed_no_recoverable_official_document","official_sources_only"
"420260603-4100-고양시-100156944-2-선거공약서","candidate-doc:100156944:2","4100","경기도","420260603","구·시·군의 장선거","4","고양시","100156944","송영주","진보당","2","선거공약서","official_structured_record_no_public_file","reviewed_no_recoverable_official_document","official_sources_only"
"420260603-4100-화성시-100160956-2-선거공약서","candidate-doc:100160956:2","4100","경기도","420260603","구·시·군의 장선거","4","화성시","100160956","정명근","더불어민주당","2","선거공약서","official_structured_record_no_public_file","reviewed_no_recoverable_official_document","official_sources_only"
"420260603-4100-화성시-100156226-2-선거공약서","candidate-doc:100156226:2","4100","경기도","420260603","구·시·군의 장선거","4","화성시","100156226","박태경","국민의힘","2","선거공약서","official_structured_record_no_public_file","reviewed_no_recoverable_official_document","official_sources_only"
"420260603-4100-화성시-100158769-2-선거공약서","candidate-doc:100158769:2","4100","경기도","420260603","구·시·군의 장선거","4","화성시","100158769","전성균","개혁신당","2","선거공약서","official_structured_record_no_public_file","reviewed_no_recoverable_official_document","official_sources_only"
"420260603-4100-성남시-100157116-2-선거공약서","candidate-doc:100157116:2","4100","경기도","420260603","구·시·군의 장선거","4","성남시","100157116","장지화","진보당","2","선거공약서","official_structured_record_no_public_file","reviewed_no_recoverable_official_document","official_sources_only"
"420260603-4100-성남시-100157116-3-5대공약","candidate-doc:100157116:3","4100","경기도","420260603","구·시·군의 장선거","4","성남시","100157116","장지화","진보당","3","5대공약","official_structured_record_no_public_file","reviewed_no_recoverable_official_document","official_sources_only"
"420260603-4100-부천시-100161476-2-선거공약서","candidate-doc:100161476:2","4100","경기도","420260603","구·시·군의 장선거","4","부천시","100161476","조용익","더불어민주당","2","선거공약서","official_structured_record_no_public_file","reviewed_no_recoverable_official_document","official_sources_only"
"420260603-4100-부천시-100162201-2-선거공약서","candidate-doc:100162201:2","4100","경기도","420260603","구·시·군의 장선거","4","부천시","100162201","곽내경","국민의힘","2","선거공약서","official_structured_record_no_public_file","reviewed_no_recoverable_official_document","official_sources_only"
"420260603-4100-남양주시-100154668-2-선거공약서","candidate-doc:100154668:2","4100","경기도","420260603","구·시·군의 장선거","4","남양주시","100154668","최현덕","더불어민주당","2","선거공약서","official_structured_record_no_public_file","reviewed_no_recoverable_official_document","official_sources_only"
"420260603-4100-남양주시-100163188-2-선거공약서","candidate-doc:100163188:2","4100","경기도","420260603","구·시·군의 장선거","4","남양주시","100163188","주광덕","국민의힘","2","선거공약서","official_structured_record_no_public_file","reviewed_no_recoverable_official_document","official_sources_only"
"420260603-4100-안산시-100154386-2-선거공약서","candidate-doc:100154386:2","4100","경기도","420260603","구·시·군의 장선거","4","안산시","100154386","천영미","더불어민주당","2","선거공약서","official_structured_record_no_public_file","reviewed_no_recoverable_official_document","official_sources_only"
"420260603-4100-평택시-100162688-1-선거공보","candidate-doc:100162688:1","4100","경기도","420260603","구·시·군의 장선거","4","평택시","100162688","차화열","국민의힘","1","선거공보","official_structured_record_no_public_file","reviewed_no_recoverable_official_document","official_sources_only"
"420260603-4100-평택시-100162688-2-선거공약서","candidate-doc:100162688:2","4100","경기도","420260603","구·시·군의 장선거","4","평택시","100162688","차화열","국민의힘","2","선거공약서","official_structured_record_no_public_file","reviewed_no_recoverable_official_document","official_sources_only"
"420260603-4100-안양시-100161957-2-선거공약서","candidate-doc:100161957:2","4100","경기도","420260603","구·시·군의 장선거","4","안양시","100161957","최대호","더불어민주당","2","선거공약서","official_structured_record_no_public_file","reviewed_no_recoverable_official_document","official_sources_only"
"420260603-4100-안양시-100155153-2-선거공약서","candidate-doc:100155153:2","4100","경기도","420260603","구·시·군의 장선거","4","안양시","100155153","김대영","국민의힘","2","선거공약서","official_structured_record_no_public_file","reviewed_no_recoverable_official_document","official_sources_only"
"420260603-4100-시흥시-100161693-1-선거공보","candidate-doc:100161693:1","4100","경기도","420260603","구·시·군의 장선거","4","시흥시","100161693","임병택","더불어민주당","1","선거공보","official_structured_record_no_public_file","reviewed_no_recoverable_official_document","official_sources_only"
"420260603-4100-시흥시-100161693-2-선거공약서","candidate-doc:100161693:2","4100","경기도","420260603","구·시·군의 장선거","4","시흥시","100161693","임병택","더불어민주당","2","선거공약서","official_structured_record_no_public_file","reviewed_no_recoverable_official_document","official_sources_only"
"420260603-4100-시흥시-100161693-3-5대공약","candidate-doc:100161693:3","4100","경기도","420260603","구·시·군의 장선거","4","시흥시","100161693","임병택","더불어민주당","3","5대공약","official_structured_record_no_public_file","reviewed_no_recoverable_official_document","official_sources_only"
"420260603-4100-파주시-100154507-1-선거공보","candidate-doc:100154507:1","4100","경기도","420260603","구·시·군의 장선거","4","파주시","100154507","손배찬","더불어민주당","1","선거공보","official_structured_record_no_public_file","reviewed_no_recoverable_official_document","official_sources_only"
"420260603-4100-파주시-100154507-2-선거공약서","candidate-doc:100154507:2","4100","경기도","420260603","구·시·군의 장선거","4","파주시","100154507","손배찬","더불어민주당","2","선거공약서","official_structured_record_no_public_file","reviewed_no_recoverable_official_document","official_sources_only"
"420260603-4100-파주시-100156661-1-선거공보","candidate-doc:100156661:1","4100","경기도","420260603","구·시·군의 장선거","4","파주시","100156661","박용호","국민의힘","1","선거공보","official_structured_record_no_public_file","reviewed_no_recoverable_official_document","official_sources_only"
"420260603-4100-파주시-100156661-2-선거공약서","candidate-doc:100156661:2","4100","경기도","420260603","구·시·군의 장선거","4","파주시","100156661","박용호","국민의힘","2","선거공약서","official_structured_record_no_public_file","reviewed_no_recoverable_official_document","official_sources_only"
"420260603-4100-김포시-100156825-2-선거공약서","candidate-doc:100156825:2","4100","경기도","420260603","구·시·군의 장선거","4","김포시","100156825","이기형","더불어민주당","2","선거공약서","official_structured_record_no_public_file","reviewed_no_recoverable_official_document","official_sources_only"
"420260603-4100-김포시-100163179-2-선거공약서","candidate-doc:100163179:2","4100","경기도","420260603","구·시·군의 장선거","4","김포시","100163179","김병수","국민의힘","2","선거공약서","official_structured_record_no_public_file","reviewed_no_recoverable_official_document","official_sources_only"
"420260603-4100-의정부시-100156125-2-선거공약서","candidate-doc:100156125:2","4100","경기도","420260603","구·시·군의 장선거","4","의정부시","100156125","김원기","더불어민주당","2","선거공약서","official_structured_record_no_public_file","reviewed_no_recoverable_official_document","official_sources_only"
"420260603-4100-의정부시-100162555-2-선거공약서","candidate-doc:100162555:2","4100","경기도","420260603","구·시·군의 장선거","4","의정부시","100162555","김동근","국민의힘","2","선거공약서","official_structured_record_no_public_file","reviewed_no_recoverable_official_document","official_sources_only"
"420260603-4100-광주시-100153835-2-선거공약서","candidate-doc:100153835:2","4100","경기도","420260603","구·시·군의 장선거","4","광주시","100153835","박관열","더불어민주당","2","선거공약서","official_structured_record_no_public_file","reviewed_no_recoverable_official_document","official_sources_only"
"420260603-4100-광주시-100162864-2-선거공약서","candidate-doc:100162864:2","4100","경기도","420260603","구·시·군의 장선거","4","광주시","100162864","방세환","국민의힘","2","선거공약서","official_structured_record_no_public_file","reviewed_no_recoverable_official_document","official_sources_only"
"420260603-4100-하남시-100155214-2-선거공약서","candidate-doc:100155214:2","4100","경기도","420260603","구·시·군의 장선거","4","하남시","100155214","강병덕","더불어민주당","2","선거공약서","official_structured_record_no_public_file","reviewed_no_recoverable_official_document","official_sources_only"
"420260603-4100-하남시-100163196-2-선거공약서","candidate-doc:100163196:2","4100","경기도","420260603","구·시·군의 장선거","4","하남시","100163196","이현재","국민의힘","2","선거공약서","official_structured_record_no_public_file","reviewed_no_recoverable_official_document","official_sources_only"
"420260603-4100-양주시-100154479-2-선거공약서","candidate-doc:100154479:2","4100","경기도","420260603","구·시·군의 장선거","4","양주시","100154479","정덕영","더불어민주당","2","선거공약서","official_structured_record_no_public_file","reviewed_no_recoverable_official_document","official_sources_only"
"420260603-4100-광명시-100161445-2-선거공약서","candidate-doc:100161445:2","4100","경기도","420260603","구·시·군의 장선거","4","광명시","100161445","박승원","더불어민주당","2","선거공약서","official_structured_record_no_public_file","reviewed_no_recoverable_official_document","official_sources_only"
"420260603-4100-광명시-100159184-2-선거공약서","candidate-doc:100159184:2","4100","경기도","420260603","구·시·군의 장선거","4","광명시","100159184","김정호","국민의힘","2","선거공약서","official_structured_record_no_public_file","reviewed_no_recoverable_official_document","official_sources_only"
"420260603-4100-군포시-100154482-2-선거공약서","candidate-doc:100154482:2","4100","경기도","420260603","구·시·군의 장선거","4","군포시","100154482","한대희","더불어민주당","2","선거공약서","official_structured_record_no_public_file","reviewed_no_recoverable_official_document","official_sources_only"
"420260603-4100-군포시-100163069-2-선거공약서","candidate-doc:100163069:2","4100","경기도","420260603","구·시·군의 장선거","4","군포시","100163069","하은호","국민의힘","2","선거공약서","official_structured_record_no_public_file","reviewed_no_recoverable_official_document","official_sources_only"
"420260603-4100-오산시-100158921-2-선거공약서","candidate-doc:100158921:2","4100","경기도","420260603","구·시·군의 장선거","4","오산시","100158921","조용호","더불어민주당","2","선거공약서","official_structured_record_no_public_file","reviewed_no_recoverable_official_document","official_sources_only"
"420260603-4100-오산시-100162963-2-선거공약서","candidate-doc:100162963:2","4100","경기도","420260603","구·시·군의 장선거","4","오산시","100162963","이권재","국민의힘","2","선거공약서","official_structured_record_no_public_file","reviewed_no_recoverable_official_document","official_sources_only"
"420260603-4100-오산시-100158949-2-선거공약서","candidate-doc:100158949:2","4100","경기도","420260603","구·시·군의 장선거","4","오산시","100158949","송진영","개혁신당","2","선거공약서","official_structured_record_no_public_file","reviewed_no_recoverable_official_document","official_sources_only"
"420260603-4100-이천시-100154893-2-선거공약서","candidate-doc:100154893:2","4100","경기도","420260603","구·시·군의 장선거","4","이천시","100154893","성수석","더불어민주당","2","선거공약서","official_structured_record_no_public_file","reviewed_no_recoverable_official_document","official_sources_only"
"420260603-4100-이천시-100163215-2-선거공약서","candidate-doc:100163215:2","4100","경기도","420260603","구·시·군의 장선거","4","이천시","100163215","김경희","국민의힘","2","선거공약서","official_structured_record_no_public_file","reviewed_no_recoverable_official_document","official_sources_only"
"420260603-4100-안성시-100154958-2-선거공약서","candidate-doc:100154958:2","4100","경기도","420260603","구·시·군의 장선거","4","안성시","100154958","김장연","국민의힘","2","선거공약서","official_structured_record_no_public_file","reviewed_no_recoverable_official_document","official_sources_only"
"420260603-4100-안성시-100156147-2-선거공약서","candidate-doc:100156147:2","4100","경기도","420260603","구·시·군의 장선거","4","안성시","100156147","신원주","무소속","2","선거공약서","official_structured_record_no_public_file","reviewed_no_recoverable_official_document","official_sources_only"
"420260603-4100-구리시-100154423-2-선거공약서","candidate-doc:100154423:2","4100","경기도","420260603","구·시·군의 장선거","4","구리시","100154423","신동화","더불어민주당","2","선거공약서","official_structured_record_no_public_file","reviewed_no_recoverable_official_document","official_sources_only"
"420260603-4100-포천시-100157687-2-선거공약서","candidate-doc:100157687:2","4100","경기도","420260603","구·시·군의 장선거","4","포천시","100157687","박윤국","더불어민주당","2","선거공약서","official_structured_record_no_public_file","reviewed_no_recoverable_official_document","official_sources_only"
"420260603-4100-포천시-100162868-2-선거공약서","candidate-doc:100162868:2","4100","경기도","420260603","구·시·군의 장선거","4","포천시","100162868","백영현","국민의힘","2","선거공약서","official_structured_record_no_public_file","reviewed_no_recoverable_official_document","official_sources_only"
"420260603-4100-포천시-100163362-2-선거공약서","candidate-doc:100163362:2","4100","경기도","420260603","구·시·군의 장선거","4","포천시","100163362","이재수","무소속","2","선거공약서","official_structured_record_no_public_file","reviewed_no_recoverable_official_document","official_sources_only"
"420260603-4100-의왕시-100154487-2-선거공약서","candidate-doc:100154487:2","4100","경기도","420260603","구·시·군의 장선거","4","의왕시","100154487","정순욱","더불어민주당","2","선거공약서","official_structured_record_no_public_file","reviewed_no_recoverable_official_document","official_sources_only"
"420260603-4100-의왕시-100162723-2-선거공약서","candidate-doc:100162723:2","4100","경기도","420260603","구·시·군의 장선거","4","의왕시","100162723","김성제","국민의힘","2","선거공약서","official_structured_record_no_public_file","reviewed_no_recoverable_official_document","official_sources_only"
"420260603-4100-양평군-100158297-2-선거공약서","candidate-doc:100158297:2","4100","경기도","420260603","구·시·군의 장선거","4","양평군","100158297","박은미","더불어민주당","2","선거공약서","official_structured_record_no_public_file","reviewed_no_recoverable_official_document","official_sources_only"
"420260603-4100-양평군-100162432-2-선거공약서","candidate-doc:100162432:2","4100","경기도","420260603","구·시·군의 장선거","4","양평군","100162432","전진선","국민의힘","2","선거공약서","official_structured_record_no_public_file","reviewed_no_recoverable_official_document","official_sources_only"
"420260603-4100-여주시-100162573-2-선거공약서","candidate-doc:100162573:2","4100","경기도","420260603","구·시·군의 장선거","4","여주시","100162573","이충우","국민의힘","2","선거공약서","official_structured_record_no_public_file","reviewed_no_recoverable_official_document","official_sources_only"
"420260603-4100-동두천시-100157198-2-선거공약서","candidate-doc:100157198:2","4100","경기도","420260603","구·시·군의 장선거","4","동두천시","100157198","이인규","더불어민주당","2","선거공약서","official_structured_record_no_public_file","reviewed_no_recoverable_official_document","official_sources_only"
"420260603-4100-동두천시-100162748-2-선거공약서","candidate-doc:100162748:2","4100","경기도","420260603","구·시·군의 장선거","4","동두천시","100162748","박형덕","국민의힘","2","선거공약서","official_structured_record_no_public_file","reviewed_no_recoverable_official_document","official_sources_only"
"420260603-4100-과천시-100157110-2-선거공약서","candidate-doc:100157110:2","4100","경기도","420260603","구·시·군의 장선거","4","과천시","100157110","김종천","더불어민주당","2","선거공약서","official_structured_record_no_public_file","reviewed_no_recoverable_official_document","official_sources_only"
"420260603-4100-과천시-100162856-2-선거공약서","candidate-doc:100162856:2","4100","경기도","420260603","구·시·군의 장선거","4","과천시","100162856","신계용","국민의힘","2","선거공약서","official_structured_record_no_public_file","reviewed_no_recoverable_official_document","official_sources_only"
"420260603-4100-과천시-100162975-2-선거공약서","candidate-doc:100162975:2","4100","경기도","420260603","구·시·군의 장선거","4","과천시","100162975","고금란","개혁신당","2","선거공약서","official_structured_record_no_public_file","reviewed_no_recoverable_official_document","official_sources_only"
"420260603-4100-가평군-100159216-2-선거공약서","candidate-doc:100159216:2","4100","경기도","420260603","구·시·군의 장선거","4","가평군","100159216","김경호","더불어민주당","2","선거공약서","official_structured_record_no_public_file","reviewed_no_recoverable_official_document","official_sources_only"
"420260603-4100-가평군-100163623-2-선거공약서","candidate-doc:100163623:2","4100","경기도","420260603","구·시·군의 장선거","4","가평군","100163623","서태원","국민의힘","2","선거공약서","official_structured_record_no_public_file","reviewed_no_recoverable_official_document","official_sources_only"
"420260603-4100-가평군-100159460-2-선거공약서","candidate-doc:100159460:2","4100","경기도","420260603","구·시·군의 장선거","4","가평군","100159460","이충선","무소속","2","선거공약서","official_structured_record_no_public_file","reviewed_no_recoverable_official_document","official_sources_only"
"420260603-4100-가평군-100160960-2-선거공약서","candidate-doc:100160960:2","4100","경기도","420260603","구·시·군의 장선거","4","가평군","100160960","이진용","무소속","2","선거공약서","official_structured_record_no_public_file","reviewed_no_recoverable_official_document","official_sources_only"
"420260603-4100-가평군-100159806-2-선거공약서","candidate-doc:100159806:2","4100","경기도","420260603","구·시·군의 장선거","4","가평군","100159806","신동진","무소속","2","선거공약서","official_structured_record_no_public_file","reviewed_no_recoverable_official_document","official_sources_only"
"420260603-4100-연천군-100161054-2-선거공약서","candidate-doc:100161054:2","4100","경기도","420260603","구·시·군의 장선거","4","연천군","100161054","박충식","더불어민주당","2","선거공약서","official_structured_record_no_public_file","reviewed_no_recoverable_official_document","official_sources_only"
"420260603-4100-연천군-100161733-2-선거공약서","candidate-doc:100161733:2","4100","경기도","420260603","구·시·군의 장선거","4","연천군","100161733","김덕현","국민의힘","2","선거공약서","official_structured_record_no_public_file","reviewed_no_recoverable_official_document","official_sources_only"
"420260603-4100-연천군-100161966-2-선거공약서","candidate-doc:100161966:2","4100","경기도","420260603","구·시·군의 장선거","4","연천군","100161966","송병서","무소속","2","선거공약서","official_structured_record_no_public_file","reviewed_no_recoverable_official_document","official_sources_only"
"420260603-5200-춘천시-100161433-2-선거공약서","candidate-doc:100161433:2","5200","강원특별자치도","420260603","구·시·군의 장선거","4","춘천시","100161433","육동한","더불어민주당","2","선거공약서","official_structured_record_no_public_file","reviewed_no_recoverable_official_document","official_sources_only"
"420260603-5200-춘천시-100156336-2-선거공약서","candidate-doc:100156336:2","5200","강원특별자치도","420260603","구·시·군의 장선거","4","춘천시","100156336","정광열","국민의힘","2","선거공약서","official_structured_record_no_public_file","reviewed_no_recoverable_official_document","official_sources_only"
"420260603-5200-원주시-100153887-2-선거공약서","candidate-doc:100153887:2","5200","강원특별자치도","420260603","구·시·군의 장선거","4","원주시","100153887","구자열","더불어민주당","2","선거공약서","official_structured_record_no_public_file","reviewed_no_recoverable_official_document","official_sources_only"
"420260603-5200-원주시-100162269-2-선거공약서","candidate-doc:100162269:2","5200","강원특별자치도","420260603","구·시·군의 장선거","4","원주시","100162269","원강수","국민의힘","2","선거공약서","official_structured_record_no_public_file","reviewed_no_recoverable_official_document","official_sources_only"
"420260603-5200-강릉시-100154106-2-선거공약서","candidate-doc:100154106:2","5200","강원특별자치도","420260603","구·시·군의 장선거","4","강릉시","100154106","김중남","더불어민주당","2","선거공약서","official_structured_record_no_public_file","reviewed_no_recoverable_official_document","official_sources_only"
"420260603-5200-강릉시-100161983-2-선거공약서","candidate-doc:100161983:2","5200","강원특별자치도","420260603","구·시·군의 장선거","4","강릉시","100161983","김홍규","국민의힘","2","선거공약서","official_structured_record_no_public_file","reviewed_no_recoverable_official_document","official_sources_only"
"420260603-5200-강릉시-100154117-2-선거공약서","candidate-doc:100154117:2","5200","강원특별자치도","420260603","구·시·군의 장선거","4","강릉시","100154117","김동기","무소속","2","선거공약서","official_structured_record_no_public_file","reviewed_no_recoverable_official_document","official_sources_only"
"420260603-5200-동해시-100155866-2-선거공약서","candidate-doc:100155866:2","5200","강원특별자치도","420260603","구·시·군의 장선거","4","동해시","100155866","이정학","더불어민주당","2","선거공약서","official_structured_record_no_public_file","reviewed_no_recoverable_official_document","official_sources_only"
"420260603-5200-동해시-100159313-2-선거공약서","candidate-doc:100159313:2","5200","강원특별자치도","420260603","구·시·군의 장선거","4","동해시","100159313","김기하","국민의힘","2","선거공약서","official_structured_record_no_public_file","reviewed_no_recoverable_official_document","official_sources_only"
"420260603-5200-동해시-100155938-2-선거공약서","candidate-doc:100155938:2","5200","강원특별자치도","420260603","구·시·군의 장선거","4","동해시","100155938","김홍수","개혁신당","2","선거공약서","official_structured_record_no_public_file","reviewed_no_recoverable_official_document","official_sources_only"
"420260603-5200-태백시-100154401-2-선거공약서","candidate-doc:100154401:2","5200","강원특별자치도","420260603","구·시·군의 장선거","4","태백시","100154401","김동구","더불어민주당","2","선거공약서","official_structured_record_no_public_file","reviewed_no_recoverable_official_document","official_sources_only"
"420260603-5200-태백시-100162480-2-선거공약서","candidate-doc:100162480:2","5200","강원특별자치도","420260603","구·시·군의 장선거","4","태백시","100162480","이상호","국민의힘","2","선거공약서","official_structured_record_no_public_file","reviewed_no_recoverable_official_document","official_sources_only"
"420260603-5200-속초시-100154183-2-선거공약서","candidate-doc:100154183:2","5200","강원특별자치도","420260603","구·시·군의 장선거","4","속초시","100154183","김철수","더불어민주당","2","선거공약서","official_structured_record_no_public_file","reviewed_no_recoverable_official_document","official_sources_only"
"420260603-5200-속초시-100162392-2-선거공약서","candidate-doc:100162392:2","5200","강원특별자치도","420260603","구·시·군의 장선거","4","속초시","100162392","이병선","국민의힘","2","선거공약서","official_structured_record_no_public_file","reviewed_no_recoverable_official_document","official_sources_only"
"420260603-5200-속초시-100156821-2-선거공약서","candidate-doc:100156821:2","5200","강원특별자치도","420260603","구·시·군의 장선거","4","속초시","100156821","염하나","무소속","2","선거공약서","official_structured_record_no_public_file","reviewed_no_recoverable_official_document","official_sources_only"
"420260603-5200-삼척시-100161949-2-선거공약서","candidate-doc:100161949:2","5200","강원특별자치도","420260603","구·시·군의 장선거","4","삼척시","100161949","박상수","국민의힘","2","선거공약서","official_structured_record_no_public_file","reviewed_no_recoverable_official_document","official_sources_only"
"420260603-5200-삼척시-100155103-2-선거공약서","candidate-doc:100155103:2","5200","강원특별자치도","420260603","구·시·군의 장선거","4","삼척시","100155103","김형우","개혁신당","2","선거공약서","official_structured_record_no_public_file","reviewed_no_recoverable_official_document","official_sources_only"
"420260603-5200-홍천군-100159348-1-선거공보","candidate-doc:100159348:1","5200","강원특별자치도","420260603","구·시·군의 장선거","4","홍천군","100159348","박승영","더불어민주당","1","선거공보","official_structured_record_no_public_file","reviewed_no_recoverable_official_document","official_sources_only"
"420260603-5200-홍천군-100159348-2-선거공약서","candidate-doc:100159348:2","5200","강원특별자치도","420260603","구·시·군의 장선거","4","홍천군","100159348","박승영","더불어민주당","2","선거공약서","official_structured_record_no_public_file","reviewed_no_recoverable_official_document","official_sources_only"
"420260603-5200-홍천군-100162136-1-선거공보","candidate-doc:100162136:1","5200","강원특별자치도","420260603","구·시·군의 장선거","4","홍천군","100162136","신영재","국민의힘","1","선거공보","official_structured_record_no_public_file","reviewed_no_recoverable_official_document","official_sources_only"
"420260603-5200-홍천군-100162136-2-선거공약서","candidate-doc:100162136:2","5200","강원특별자치도","420260603","구·시·군의 장선거","4","홍천군","100162136","신영재","국민의힘","2","선거공약서","official_structured_record_no_public_file","reviewed_no_recoverable_official_document","official_sources_only"
"420260603-5200-횡성군-100159399-2-선거공약서","candidate-doc:100159399:2","5200","강원특별자치도","420260603","구·시·군의 장선거","4","횡성군","100159399","장신상","더불어민주당","2","선거공약서","official_structured_record_no_public_file","reviewed_no_recoverable_official_document","official_sources_only"
"420260603-5200-횡성군-100159397-2-선거공약서","candidate-doc:100159397:2","5200","강원특별자치도","420260603","구·시·군의 장선거","4","횡성군","100159397","임광식","국민의힘","2","선거공약서","official_structured_record_no_public_file","reviewed_no_recoverable_official_document","official_sources_only"
"420260603-5200-횡성군-100163032-2-선거공약서","candidate-doc:100163032:2","5200","강원특별자치도","420260603","구·시·군의 장선거","4","횡성군","100163032","김명기","무소속","2","선거공약서","official_structured_record_no_public_file","reviewed_no_recoverable_official_document","official_sources_only"
"420260603-5200-영월군-100159281-2-선거공약서","candidate-doc:100159281:2","5200","강원특별자치도","420260603","구·시·군의 장선거","4","영월군","100159281","박선규","더불어민주당","2","선거공약서","official_structured_record_no_public_file","reviewed_no_recoverable_official_document","official_sources_only"
"420260603-5200-영월군-100159127-2-선거공약서","candidate-doc:100159127:2","5200","강원특별자치도","420260603","구·시·군의 장선거","4","영월군","100159127","김길수","국민의힘","2","선거공약서","official_structured_record_no_public_file","reviewed_no_recoverable_official_document","official_sources_only"
"420260603-5200-영월군-100159124-2-선거공약서","candidate-doc:100159124:2","5200","강원특별자치도","420260603","구·시·군의 장선거","4","영월군","100159124","엄삼용","조국혁신당","2","선거공약서","official_structured_record_no_public_file","reviewed_no_recoverable_official_document","official_sources_only"
"420260603-5200-영월군-100162025-2-선거공약서","candidate-doc:100162025:2","5200","강원특별자치도","420260603","구·시·군의 장선거","4","영월군","100162025","최명서","무소속","2","선거공약서","official_structured_record_no_public_file","reviewed_no_recoverable_official_document","official_sources_only"
"420260603-5200-평창군-100159646-2-선거공약서","candidate-doc:100159646:2","5200","강원특별자치도","420260603","구·시·군의 장선거","4","평창군","100159646","한왕기","더불어민주당","2","선거공약서","official_structured_record_no_public_file","reviewed_no_recoverable_official_document","official_sources_only"
"420260603-5200-평창군-100161176-2-선거공약서","candidate-doc:100161176:2","5200","강원특별자치도","420260603","구·시·군의 장선거","4","평창군","100161176","심재국","국민의힘","2","선거공약서","official_structured_record_no_public_file","reviewed_no_recoverable_official_document","official_sources_only"
"420260603-5200-정선군-100162887-2-선거공약서","candidate-doc:100162887:2","5200","강원특별자치도","420260603","구·시·군의 장선거","4","정선군","100162887","최승준","더불어민주당","2","선거공약서","official_structured_record_no_public_file","reviewed_no_recoverable_official_document","official_sources_only"
"420260603-5200-정선군-100159163-2-선거공약서","candidate-doc:100159163:2","5200","강원특별자치도","420260603","구·시·군의 장선거","4","정선군","100159163","최철규","국민의힘","2","선거공약서","official_structured_record_no_public_file","reviewed_no_recoverable_official_document","official_sources_only"
"420260603-5200-철원군-100158521-2-선거공약서","candidate-doc:100158521:2","5200","강원특별자치도","420260603","구·시·군의 장선거","4","철원군","100158521","한금석","더불어민주당","2","선거공약서","official_structured_record_no_public_file","reviewed_no_recoverable_official_document","official_sources_only"
"420260603-5200-철원군-100158762-2-선거공약서","candidate-doc:100158762:2","5200","강원특별자치도","420260603","구·시·군의 장선거","4","철원군","100158762","김동일","국민의힘","2","선거공약서","official_structured_record_no_public_file","reviewed_no_recoverable_official_document","official_sources_only"
"420260603-5200-철원군-100159147-2-선거공약서","candidate-doc:100159147:2","5200","강원특별자치도","420260603","구·시·군의 장선거","4","철원군","100159147","고기영","무소속","2","선거공약서","official_structured_record_no_public_file","reviewed_no_recoverable_official_document","official_sources_only"
"420260603-5200-화천군-100158943-2-선거공약서","candidate-doc:100158943:2","5200","강원특별자치도","420260603","구·시·군의 장선거","4","화천군","100158943","김세훈","더불어민주당","2","선거공약서","official_structured_record_no_public_file","reviewed_no_recoverable_official_document","official_sources_only"
"420260603-5200-화천군-100159013-2-선거공약서","candidate-doc:100159013:2","5200","강원특별자치도","420260603","구·시·군의 장선거","4","화천군","100159013","최명수","국민의힘","2","선거공약서","official_structured_record_no_public_file","reviewed_no_recoverable_official_document","official_sources_only"
"420260603-5200-양구군-100160581-2-선거공약서","candidate-doc:100160581:2","5200","강원특별자치도","420260603","구·시·군의 장선거","4","양구군","100160581","김왕규","더불어민주당","2","선거공약서","official_structured_record_no_public_file","reviewed_no_recoverable_official_document","official_sources_only"
"420260603-5200-양구군-100162724-2-선거공약서","candidate-doc:100162724:2","5200","강원특별자치도","420260603","구·시·군의 장선거","4","양구군","100162724","서흥원","국민의힘","2","선거공약서","official_structured_record_no_public_file","reviewed_no_recoverable_official_document","official_sources_only"
"420260603-5200-인제군-100160490-2-선거공약서","candidate-doc:100160490:2","5200","강원특별자치도","420260603","구·시·군의 장선거","4","인제군","100160490","엄윤순","국민의힘","2","선거공약서","official_structured_record_no_public_file","reviewed_no_recoverable_official_document","official_sources_only"
"420260603-5200-인제군-100159265-2-선거공약서","candidate-doc:100159265:2","5200","강원특별자치도","420260603","구·시·군의 장선거","4","인제군","100159265","한상철","무소속","2","선거공약서","official_structured_record_no_public_file","reviewed_no_recoverable_official_document","official_sources_only"
"420260603-5200-고성군-100160161-2-선거공약서","candidate-doc:100160161:2","5200","강원특별자치도","420260603","구·시·군의 장선거","4","고성군","100160161","함명준","더불어민주당","2","선거공약서","official_structured_record_no_public_file","reviewed_no_recoverable_official_document","official_sources_only"
"420260603-5200-고성군-100159861-2-선거공약서","candidate-doc:100159861:2","5200","강원특별자치도","420260603","구·시·군의 장선거","4","고성군","100159861","박효동","국민의힘","2","선거공약서","official_structured_record_no_public_file","reviewed_no_recoverable_official_document","official_sources_only"
"420260603-5200-양양군-100158374-2-선거공약서","candidate-doc:100158374:2","5200","강원특별자치도","420260603","구·시·군의 장선거","4","양양군","100158374","김정중","더불어민주당","2","선거공약서","official_structured_record_no_public_file","reviewed_no_recoverable_official_document","official_sources_only"
"420260603-5200-양양군-100158565-2-선거공약서","candidate-doc:100158565:2","5200","강원특별자치도","420260603","구·시·군의 장선거","4","양양군","100158565","고제철","무소속","2","선거공약서","official_structured_record_no_public_file","reviewed_no_recoverable_official_document","official_sources_only"
"420260603-4300-청주시-100154752-2-선거공약서","candidate-doc:100154752:2","4300","충청북도","420260603","구·시·군의 장선거","4","청주시","100154752","이장섭","더불어민주당","2","선거공약서","official_structured_record_no_public_file","reviewed_no_recoverable_official_document","official_sources_only"
"420260603-4300-청주시-100162973-2-선거공약서","candidate-doc:100162973:2","4300","충청북도","420260603","구·시·군의 장선거","4","청주시","100162973","이범석","국민의힘","2","선거공약서","official_structured_record_no_public_file","reviewed_no_recoverable_official_document","official_sources_only"
"420260603-4300-청주시-100163217-2-선거공약서","candidate-doc:100163217:2","4300","충청북도","420260603","구·시·군의 장선거","4","청주시","100163217","한현구","무소속","2","선거공약서","official_structured_record_no_public_file","reviewed_no_recoverable_official_document","official_sources_only"
"420260603-4300-충주시-100159899-2-선거공약서","candidate-doc:100159899:2","4300","충청북도","420260603","구·시·군의 장선거","4","충주시","100159899","맹정섭","더불어민주당","2","선거공약서","official_structured_record_no_public_file","reviewed_no_recoverable_official_document","official_sources_only"
"420260603-4300-충주시-100154335-2-선거공약서","candidate-doc:100154335:2","4300","충청북도","420260603","구·시·군의 장선거","4","충주시","100154335","이동석","국민의힘","2","선거공약서","official_structured_record_no_public_file","reviewed_no_recoverable_official_document","official_sources_only"
"420260603-4300-제천시-100153952-2-선거공약서","candidate-doc:100153952:2","4300","충청북도","420260603","구·시·군의 장선거","4","제천시","100153952","이상천","더불어민주당","2","선거공약서","official_structured_record_no_public_file","reviewed_no_recoverable_official_document","official_sources_only"
"420260603-4300-제천시-100158725-1-선거공보","candidate-doc:100158725:1","4300","충청북도","420260603","구·시·군의 장선거","4","제천시","100158725","김창규","국민의힘","1","선거공보","official_structured_record_no_public_file","reviewed_no_recoverable_official_document","official_sources_only"
"420260603-4300-제천시-100158725-2-선거공약서","candidate-doc:100158725:2","4300","충청북도","420260603","구·시·군의 장선거","4","제천시","100158725","김창규","국민의힘","2","선거공약서","official_structured_record_no_public_file","reviewed_no_recoverable_official_document","official_sources_only"
"420260603-4300-제천시-100163653-2-선거공약서","candidate-doc:100163653:2","4300","충청북도","420260603","구·시·군의 장선거","4","제천시","100163653","송수연","무소속","2","선거공약서","official_structured_record_no_public_file","reviewed_no_recoverable_official_document","official_sources_only"
"420260603-4300-보은군-100158573-2-선거공약서","candidate-doc:100158573:2","4300","충청북도","420260603","구·시·군의 장선거","4","보은군","100158573","하유정","더불어민주당","2","선거공약서","official_structured_record_no_public_file","reviewed_no_recoverable_official_document","official_sources_only"
"420260603-4300-보은군-100162213-2-선거공약서","candidate-doc:100162213:2","4300","충청북도","420260603","구·시·군의 장선거","4","보은군","100162213","최재형","국민의힘","2","선거공약서","official_structured_record_no_public_file","reviewed_no_recoverable_official_document","official_sources_only"
"420260603-4300-옥천군-100158951-2-선거공약서","candidate-doc:100158951:2","4300","충청북도","420260603","구·시·군의 장선거","4","옥천군","100158951","황규철","더불어민주당","2","선거공약서","official_structured_record_no_public_file","reviewed_no_recoverable_official_document","official_sources_only"
"420260603-4300-옥천군-100158946-2-선거공약서","candidate-doc:100158946:2","4300","충청북도","420260603","구·시·군의 장선거","4","옥천군","100158946","전상인","국민의힘","2","선거공약서","official_structured_record_no_public_file","reviewed_no_recoverable_official_document","official_sources_only"
"420260603-4300-영동군-100159343-2-선거공약서","candidate-doc:100159343:2","4300","충청북도","420260603","구·시·군의 장선거","4","영동군","100159343","이수동","더불어민주당","2","선거공약서","official_structured_record_no_public_file","reviewed_no_recoverable_official_document","official_sources_only"
"420260603-4300-영동군-100161763-2-선거공약서","candidate-doc:100161763:2","4300","충청북도","420260603","구·시·군의 장선거","4","영동군","100161763","정영철","국민의힘","2","선거공약서","official_structured_record_no_public_file","reviewed_no_recoverable_official_document","official_sources_only"
"420260603-4300-증평군-100158717-2-선거공약서","candidate-doc:100158717:2","4300","충청북도","420260603","구·시·군의 장선거","4","증평군","100158717","이민표","국민의힘","2","선거공약서","official_structured_record_no_public_file","reviewed_no_recoverable_official_document","official_sources_only"
"420260603-4300-진천군-100158298-2-선거공약서","candidate-doc:100158298:2","4300","충청북도","420260603","구·시·군의 장선거","4","진천군","100158298","김명식","더불어민주당","2","선거공약서","official_structured_record_no_public_file","reviewed_no_recoverable_official_document","official_sources_only"
"420260603-4300-진천군-100158594-2-선거공약서","candidate-doc:100158594:2","4300","충청북도","420260603","구·시·군의 장선거","4","진천군","100158594","이양섭","국민의힘","2","선거공약서","official_structured_record_no_public_file","reviewed_no_recoverable_official_document","official_sources_only"
"420260603-4300-괴산군-100158742-2-선거공약서","candidate-doc:100158742:2","4300","충청북도","420260603","구·시·군의 장선거","4","괴산군","100158742","이차영","더불어민주당","2","선거공약서","official_structured_record_no_public_file","reviewed_no_recoverable_official_document","official_sources_only"
"420260603-4300-괴산군-100163201-2-선거공약서","candidate-doc:100163201:2","4300","충청북도","420260603","구·시·군의 장선거","4","괴산군","100163201","송인헌","국민의힘","2","선거공약서","official_structured_record_no_public_file","reviewed_no_recoverable_official_document","official_sources_only"
"420260603-4300-음성군-100162677-2-선거공약서","candidate-doc:100162677:2","4300","충청북도","420260603","구·시·군의 장선거","4","음성군","100162677","조병옥","더불어민주당","2","선거공약서","official_structured_record_no_public_file","reviewed_no_recoverable_official_document","official_sources_only"
"420260603-4300-음성군-100159438-2-선거공약서","candidate-doc:100159438:2","4300","충청북도","420260603","구·시·군의 장선거","4","음성군","100159438","임택수","국민의힘","2","선거공약서","official_structured_record_no_public_file","reviewed_no_recoverable_official_document","official_sources_only"
"420260603-4300-단양군-100159212-2-선거공약서","candidate-doc:100159212:2","4300","충청북도","420260603","구·시·군의 장선거","4","단양군","100159212","김광직","더불어민주당","2","선거공약서","official_structured_record_no_public_file","reviewed_no_recoverable_official_document","official_sources_only"
"420260603-4300-단양군-100161025-2-선거공약서","candidate-doc:100161025:2","4300","충청북도","420260603","구·시·군의 장선거","4","단양군","100161025","김문근","국민의힘","2","선거공약서","official_structured_record_no_public_file","reviewed_no_recoverable_official_document","official_sources_only"
"420260603-4400-천안시-100155038-2-선거공약서","candidate-doc:100155038:2","4400","충청남도","420260603","구·시·군의 장선거","4","천안시","100155038","장기수","더불어민주당","2","선거공약서","official_structured_record_no_public_file","reviewed_no_recoverable_official_document","official_sources_only"
"420260603-4400-천안시-100155104-2-선거공약서","candidate-doc:100155104:2","4400","충청남도","420260603","구·시·군의 장선거","4","천안시","100155104","박찬우","국민의힘","2","선거공약서","official_structured_record_no_public_file","reviewed_no_recoverable_official_document","official_sources_only"
"420260603-4400-천안시-100163395-2-선거공약서","candidate-doc:100163395:2","4400","충청남도","420260603","구·시·군의 장선거","4","천안시","100163395","이성진","개혁신당","2","선거공약서","official_structured_record_no_public_file","reviewed_no_recoverable_official_document","official_sources_only"
"420260603-4400-공주시-100154547-2-선거공약서","candidate-doc:100154547:2","4400","충청남도","420260603","구·시·군의 장선거","4","공주시","100154547","김정섭","더불어민주당","2","선거공약서","official_structured_record_no_public_file","reviewed_no_recoverable_official_document","official_sources_only"
"420260603-4400-공주시-100161314-2-선거공약서","candidate-doc:100161314:2","4400","충청남도","420260603","구·시·군의 장선거","4","공주시","100161314","최원철","국민의힘","2","선거공약서","official_structured_record_no_public_file","reviewed_no_recoverable_official_document","official_sources_only"
"420260603-4400-보령시-100153989-2-선거공약서","candidate-doc:100153989:2","4400","충청남도","420260603","구·시·군의 장선거","4","보령시","100153989","이영우","더불어민주당","2","선거공약서","official_structured_record_no_public_file","reviewed_no_recoverable_official_document","official_sources_only"
"420260603-4400-보령시-100156967-2-선거공약서","candidate-doc:100156967:2","4400","충청남도","420260603","구·시·군의 장선거","4","보령시","100156967","엄승용","국민의힘","2","선거공약서","official_structured_record_no_public_file","reviewed_no_recoverable_official_document","official_sources_only"
"420260603-4400-보령시-100157659-2-선거공약서","candidate-doc:100157659:2","4400","충청남도","420260603","구·시·군의 장선거","4","보령시","100157659","김흥식","무소속","2","선거공약서","official_structured_record_no_public_file","reviewed_no_recoverable_official_document","official_sources_only"
"420260603-4400-아산시-100160751-2-선거공약서","candidate-doc:100160751:2","4400","충청남도","420260603","구·시·군의 장선거","4","아산시","100160751","한태국","무소속","2","선거공약서","official_structured_record_no_public_file","reviewed_no_recoverable_official_document","official_sources_only"
"420260603-4400-서산시-100154484-2-선거공약서","candidate-doc:100154484:2","4400","충청남도","420260603","구·시·군의 장선거","4","서산시","100154484","맹정호","더불어민주당","2","선거공약서","official_structured_record_no_public_file","reviewed_no_recoverable_official_document","official_sources_only"
"420260603-4400-서산시-100162794-2-선거공약서","candidate-doc:100162794:2","4400","충청남도","420260603","구·시·군의 장선거","4","서산시","100162794","이완섭","국민의힘","2","선거공약서","official_structured_record_no_public_file","reviewed_no_recoverable_official_document","official_sources_only"
"420260603-4400-서산시-100158737-2-선거공약서","candidate-doc:100158737:2","4400","충청남도","420260603","구·시·군의 장선거","4","서산시","100158737","유관곤","개혁신당","2","선거공약서","official_structured_record_no_public_file","reviewed_no_recoverable_official_document","official_sources_only"
"420260603-4400-논산시-100159108-2-선거공약서","candidate-doc:100159108:2","4400","충청남도","420260603","구·시·군의 장선거","4","논산시","100159108","오인환","더불어민주당","2","선거공약서","official_structured_record_no_public_file","reviewed_no_recoverable_official_document","official_sources_only"
"420260603-4400-논산시-100162268-2-선거공약서","candidate-doc:100162268:2","4400","충청남도","420260603","구·시·군의 장선거","4","논산시","100162268","백성현","국민의힘","2","선거공약서","official_structured_record_no_public_file","reviewed_no_recoverable_official_document","official_sources_only"
"420260603-4400-논산시-100161551-2-선거공약서","candidate-doc:100161551:2","4400","충청남도","420260603","구·시·군의 장선거","4","논산시","100161551","이창원","개혁신당","2","선거공약서","official_structured_record_no_public_file","reviewed_no_recoverable_official_document","official_sources_only"
"420260603-4400-계룡시-100153959-2-선거공약서","candidate-doc:100153959:2","4400","충청남도","420260603","구·시·군의 장선거","4","계룡시","100153959","정준영","더불어민주당","2","선거공약서","official_structured_record_no_public_file","reviewed_no_recoverable_official_document","official_sources_only"
"420260603-4400-계룡시-100163636-2-선거공약서","candidate-doc:100163636:2","4400","충청남도","420260603","구·시·군의 장선거","4","계룡시","100163636","이응우","국민의힘","2","선거공약서","official_structured_record_no_public_file","reviewed_no_recoverable_official_document","official_sources_only"
"420260603-4400-당진시-100154262-2-선거공약서","candidate-doc:100154262:2","4400","충청남도","420260603","구·시·군의 장선거","4","당진시","100154262","김기재","더불어민주당","2","선거공약서","official_structured_record_no_public_file","reviewed_no_recoverable_official_document","official_sources_only"
"420260603-4400-당진시-100157962-2-선거공약서","candidate-doc:100157962:2","4400","충청남도","420260603","구·시·군의 장선거","4","당진시","100157962","오성환","국민의힘","2","선거공약서","official_structured_record_no_public_file","reviewed_no_recoverable_official_document","official_sources_only"
"420260603-4400-금산군-100159379-2-선거공약서","candidate-doc:100159379:2","4400","충청남도","420260603","구·시·군의 장선거","4","금산군","100159379","문정우","더불어민주당","2","선거공약서","official_structured_record_no_public_file","reviewed_no_recoverable_official_document","official_sources_only"
"420260603-4400-금산군-100162209-2-선거공약서","candidate-doc:100162209:2","4400","충청남도","420260603","구·시·군의 장선거","4","금산군","100162209","박범인","국민의힘","2","선거공약서","official_structured_record_no_public_file","reviewed_no_recoverable_official_document","official_sources_only"
"420260603-4400-금산군-100159392-2-선거공약서","candidate-doc:100159392:2","4400","충청남도","420260603","구·시·군의 장선거","4","금산군","100159392","안찬","조국혁신당","2","선거공약서","official_structured_record_no_public_file","reviewed_no_recoverable_official_document","official_sources_only"
"420260603-4400-부여군-100159359-2-선거공약서","candidate-doc:100159359:2","4400","충청남도","420260603","구·시·군의 장선거","4","부여군","100159359","김민수","더불어민주당","2","선거공약서","official_structured_record_no_public_file","reviewed_no_recoverable_official_document","official_sources_only"
"420260603-4400-부여군-100158308-2-선거공약서","candidate-doc:100158308:2","4400","충청남도","420260603","구·시·군의 장선거","4","부여군","100158308","이용우","국민의힘","2","선거공약서","official_structured_record_no_public_file","reviewed_no_recoverable_official_document","official_sources_only"
"420260603-4400-부여군-100160810-2-선거공약서","candidate-doc:100160810:2","4400","충청남도","420260603","구·시·군의 장선거","4","부여군","100160810","김기서","무소속","2","선거공약서","official_structured_record_no_public_file","reviewed_no_recoverable_official_document","official_sources_only"
"420260603-4400-서천군-100159444-2-선거공약서","candidate-doc:100159444:2","4400","충청남도","420260603","구·시·군의 장선거","4","서천군","100159444","유승광","더불어민주당","2","선거공약서","official_structured_record_no_public_file","reviewed_no_recoverable_official_document","official_sources_only"
"420260603-4400-서천군-100163271-2-선거공약서","candidate-doc:100163271:2","4400","충청남도","420260603","구·시·군의 장선거","4","서천군","100163271","조중연","개혁신당","2","선거공약서","official_structured_record_no_public_file","reviewed_no_recoverable_official_document","official_sources_only"
"420260603-4400-서천군-100163271-3-5대공약","candidate-doc:100163271:3","4400","충청남도","420260603","구·시·군의 장선거","4","서천군","100163271","조중연","개혁신당","3","5대공약","official_structured_record_no_public_file","reviewed_no_recoverable_official_document","official_sources_only"
"420260603-4400-청양군-100162513-2-선거공약서","candidate-doc:100162513:2","4400","충청남도","420260603","구·시·군의 장선거","4","청양군","100162513","김돈곤","더불어민주당","2","선거공약서","official_structured_record_no_public_file","reviewed_no_recoverable_official_document","official_sources_only"
"420260603-4400-청양군-100158459-2-선거공약서","candidate-doc:100158459:2","4400","충청남도","420260603","구·시·군의 장선거","4","청양군","100158459","김홍열","국민의힘","2","선거공약서","official_structured_record_no_public_file","reviewed_no_recoverable_official_document","official_sources_only"
"420260603-4400-홍성군-100157966-2-선거공약서","candidate-doc:100157966:2","4400","충청남도","420260603","구·시·군의 장선거","4","홍성군","100157966","손세희","더불어민주당","2","선거공약서","official_structured_record_no_public_file","reviewed_no_recoverable_official_document","official_sources_only"
"420260603-4400-홍성군-100158881-2-선거공약서","candidate-doc:100158881:2","4400","충청남도","420260603","구·시·군의 장선거","4","홍성군","100158881","박정주","국민의힘","2","선거공약서","official_structured_record_no_public_file","reviewed_no_recoverable_official_document","official_sources_only"
"420260603-4400-홍성군-100159999-2-선거공약서","candidate-doc:100159999:2","4400","충청남도","420260603","구·시·군의 장선거","4","홍성군","100159999","이두원","무소속","2","선거공약서","official_structured_record_no_public_file","reviewed_no_recoverable_official_document","official_sources_only"
"420260603-4400-예산군-100159246-2-선거공약서","candidate-doc:100159246:2","4400","충청남도","420260603","구·시·군의 장선거","4","예산군","100159246","조한영","더불어민주당","2","선거공약서","official_structured_record_no_public_file","reviewed_no_recoverable_official_document","official_sources_only"
"420260603-4400-예산군-100162827-2-선거공약서","candidate-doc:100162827:2","4400","충청남도","420260603","구·시·군의 장선거","4","예산군","100162827","최재구","국민의힘","2","선거공약서","official_structured_record_no_public_file","reviewed_no_recoverable_official_document","official_sources_only"
"420260603-4400-태안군-100159472-2-선거공약서","candidate-doc:100159472:2","4400","충청남도","420260603","구·시·군의 장선거","4","태안군","100159472","강철민","더불어민주당","2","선거공약서","official_structured_record_no_public_file","reviewed_no_recoverable_official_document","official_sources_only"
"420260603-4400-태안군-100159430-2-선거공약서","candidate-doc:100159430:2","4400","충청남도","420260603","구·시·군의 장선거","4","태안군","100159430","윤희신","국민의힘","2","선거공약서","official_structured_record_no_public_file","reviewed_no_recoverable_official_document","official_sources_only"
"420260603-5300-전주시-100154441-2-선거공약서","candidate-doc:100154441:2","5300","전북특별자치도","420260603","구·시·군의 장선거","4","전주시","100154441","조지훈","더불어민주당","2","선거공약서","official_structured_record_no_public_file","reviewed_no_recoverable_official_document","official_sources_only"
"420260603-5300-전주시-100154492-2-선거공약서","candidate-doc:100154492:2","5300","전북특별자치도","420260603","구·시·군의 장선거","4","전주시","100154492","강성희","진보당","2","선거공약서","official_structured_record_no_public_file","reviewed_no_recoverable_official_document","official_sources_only"
"420260603-5300-전주시-100163701-2-선거공약서","candidate-doc:100163701:2","5300","전북특별자치도","420260603","구·시·군의 장선거","4","전주시","100163701","김광종","무소속","2","선거공약서","official_structured_record_no_public_file","reviewed_no_recoverable_official_document","official_sources_only"
"420260603-5300-군산시-100153863-2-선거공약서","candidate-doc:100153863:2","5300","전북특별자치도","420260603","구·시·군의 장선거","4","군산시","100153863","김재준","더불어민주당","2","선거공약서","official_structured_record_no_public_file","reviewed_no_recoverable_official_document","official_sources_only"
"420260603-5300-군산시-100155581-2-선거공약서","candidate-doc:100155581:2","5300","전북특별자치도","420260603","구·시·군의 장선거","4","군산시","100155581","이주현","조국혁신당","2","선거공약서","official_structured_record_no_public_file","reviewed_no_recoverable_official_document","official_sources_only"
"420260603-5300-군산시-100161913-2-선거공약서","candidate-doc:100161913:2","5300","전북특별자치도","420260603","구·시·군의 장선거","4","군산시","100161913","고영섭","무소속","2","선거공약서","official_structured_record_no_public_file","reviewed_no_recoverable_official_document","official_sources_only"
"420260603-5300-익산시-100154556-2-선거공약서","candidate-doc:100154556:2","5300","전북특별자치도","420260603","구·시·군의 장선거","4","익산시","100154556","최정호","더불어민주당","2","선거공약서","official_structured_record_no_public_file","reviewed_no_recoverable_official_document","official_sources_only"
"420260603-5300-익산시-100155689-2-선거공약서","candidate-doc:100155689:2","5300","전북특별자치도","420260603","구·시·군의 장선거","4","익산시","100155689","임형택","조국혁신당","2","선거공약서","official_structured_record_no_public_file","reviewed_no_recoverable_official_document","official_sources_only"
"420260603-5300-익산시-100153831-2-선거공약서","candidate-doc:100153831:2","5300","전북특별자치도","420260603","구·시·군의 장선거","4","익산시","100153831","박경철","무소속","2","선거공약서","official_structured_record_no_public_file","reviewed_no_recoverable_official_document","official_sources_only"
"420260603-5300-익산시-100163020-2-선거공약서","candidate-doc:100163020:2","5300","전북특별자치도","420260603","구·시·군의 장선거","4","익산시","100163020","황세연","무소속","2","선거공약서","official_structured_record_no_public_file","reviewed_no_recoverable_official_document","official_sources_only"
"420260603-5300-정읍시-100163655-2-선거공약서","candidate-doc:100163655:2","5300","전북특별자치도","420260603","구·시·군의 장선거","4","정읍시","100163655","이학수","더불어민주당","2","선거공약서","official_structured_record_no_public_file","reviewed_no_recoverable_official_document","official_sources_only"
"420260603-5300-정읍시-100156163-2-선거공약서","candidate-doc:100156163:2","5300","전북특별자치도","420260603","구·시·군의 장선거","4","정읍시","100156163","김민영","조국혁신당","2","선거공약서","official_structured_record_no_public_file","reviewed_no_recoverable_official_document","official_sources_only"
"420260603-5300-정읍시-100154602-2-선거공약서","candidate-doc:100154602:2","5300","전북특별자치도","420260603","구·시·군의 장선거","4","정읍시","100154602","김재선","무소속","2","선거공약서","official_structured_record_no_public_file","reviewed_no_recoverable_official_document","official_sources_only"
"420260603-5300-남원시-100154499-2-선거공약서","candidate-doc:100154499:2","5300","전북특별자치도","420260603","구·시·군의 장선거","4","남원시","100154499","양충모","더불어민주당","2","선거공약서","official_structured_record_no_public_file","reviewed_no_recoverable_official_document","official_sources_only"
"420260603-5300-남원시-100158759-2-선거공약서","candidate-doc:100158759:2","5300","전북특별자치도","420260603","구·시·군의 장선거","4","남원시","100158759","강동원","조국혁신당","2","선거공약서","official_structured_record_no_public_file","reviewed_no_recoverable_official_document","official_sources_only"
"420260603-5300-남원시-100162400-2-선거공약서","candidate-doc:100162400:2","5300","전북특별자치도","420260603","구·시·군의 장선거","4","남원시","100162400","황의돈","무소속","2","선거공약서","official_structured_record_no_public_file","reviewed_no_recoverable_official_document","official_sources_only"
"420260603-5300-김제시-100163513-1-선거공보","candidate-doc:100163513:1","5300","전북특별자치도","420260603","구·시·군의 장선거","4","김제시","100163513","정성주","더불어민주당","1","선거공보","official_structured_record_no_public_file","reviewed_no_recoverable_official_document","official_sources_only"
"420260603-5300-김제시-100163513-2-선거공약서","candidate-doc:100163513:2","5300","전북특별자치도","420260603","구·시·군의 장선거","4","김제시","100163513","정성주","더불어민주당","2","선거공약서","official_structured_record_no_public_file","reviewed_no_recoverable_official_document","official_sources_only"
"420260603-5300-김제시-100165590-1-선거공보","candidate-doc:100165590:1","5300","전북특별자치도","420260603","구·시·군의 장선거","4","김제시","100165590","이병철","무소속","1","선거공보","official_structured_record_no_public_file","reviewed_no_recoverable_official_document","official_sources_only"
"420260603-5300-김제시-100165590-2-선거공약서","candidate-doc:100165590:2","5300","전북특별자치도","420260603","구·시·군의 장선거","4","김제시","100165590","이병철","무소속","2","선거공약서","official_structured_record_no_public_file","reviewed_no_recoverable_official_document","official_sources_only"
"420260603-5300-완주군-100161540-2-선거공약서","candidate-doc:100161540:2","5300","전북특별자치도","420260603","구·시·군의 장선거","4","완주군","100161540","유희태","더불어민주당","2","선거공약서","official_structured_record_no_public_file","reviewed_no_recoverable_official_document","official_sources_only"
"420260603-5300-완주군-100165284-2-선거공약서","candidate-doc:100165284:2","5300","전북특별자치도","420260603","구·시·군의 장선거","4","완주군","100165284","국영석","무소속","2","선거공약서","official_structured_record_no_public_file","reviewed_no_recoverable_official_document","official_sources_only"
"420260603-5300-진안군-100159517-2-선거공약서","candidate-doc:100159517:2","5300","전북특별자치도","420260603","구·시·군의 장선거","4","진안군","100159517","전춘성","더불어민주당","2","선거공약서","official_structured_record_no_public_file","reviewed_no_recoverable_official_document","official_sources_only"
"420260603-5300-진안군-100159503-2-선거공약서","candidate-doc:100159503:2","5300","전북특별자치도","420260603","구·시·군의 장선거","4","진안군","100159503","천춘진","무소속","2","선거공약서","official_structured_record_no_public_file","reviewed_no_recoverable_official_document","official_sources_only"
"420260603-5300-진안군-100161906-2-선거공약서","candidate-doc:100161906:2","5300","전북특별자치도","420260603","구·시·군의 장선거","4","진안군","100161906","고준식","무소속","2","선거공약서","official_structured_record_no_public_file","reviewed_no_recoverable_official_document","official_sources_only"
"420260603-5300-무주군-100161544-2-선거공약서","candidate-doc:100161544:2","5300","전북특별자치도","420260603","구·시·군의 장선거","4","무주군","100161544","황인홍","더불어민주당","2","선거공약서","official_structured_record_no_public_file","reviewed_no_recoverable_official_document","official_sources_only"
"420260603-5300-무주군-100162825-2-선거공약서","candidate-doc:100162825:2","5300","전북특별자치도","420260603","구·시·군의 장선거","4","무주군","100162825","한송희","무소속","2","선거공약서","official_structured_record_no_public_file","reviewed_no_recoverable_official_document","official_sources_only"
"420260603-5300-장수군-100160494-2-선거공약서","candidate-doc:100160494:2","5300","전북특별자치도","420260603","구·시·군의 장선거","4","장수군","100160494","최훈식","더불어민주당","2","선거공약서","official_structured_record_no_public_file","reviewed_no_recoverable_official_document","official_sources_only"
"420260603-5300-장수군-100159912-2-선거공약서","candidate-doc:100159912:2","5300","전북특별자치도","420260603","구·시·군의 장선거","4","장수군","100159912","장영수","조국혁신당","2","선거공약서","official_structured_record_no_public_file","reviewed_no_recoverable_official_document","official_sources_only"
"420260603-5300-임실군-100160282-2-선거공약서","candidate-doc:100160282:2","5300","전북특별자치도","420260603","구·시·군의 장선거","4","임실군","100160282","한득수","더불어민주당","2","선거공약서","official_structured_record_no_public_file","reviewed_no_recoverable_official_document","official_sources_only"
"420260603-5300-임실군-100159563-2-선거공약서","candidate-doc:100159563:2","5300","전북특별자치도","420260603","구·시·군의 장선거","4","임실군","100159563","정인준","무소속","2","선거공약서","official_structured_record_no_public_file","reviewed_no_recoverable_official_document","official_sources_only"
"420260603-5300-임실군-100159965-2-선거공약서","candidate-doc:100159965:2","5300","전북특별자치도","420260603","구·시·군의 장선거","4","임실군","100159965","한병락","무소속","2","선거공약서","official_structured_record_no_public_file","reviewed_no_recoverable_official_document","official_sources_only"
"420260603-5300-순창군-100163638-2-선거공약서","candidate-doc:100163638:2","5300","전북특별자치도","420260603","구·시·군의 장선거","4","순창군","100163638","최영일","더불어민주당","2","선거공약서","official_structured_record_no_public_file","reviewed_no_recoverable_official_document","official_sources_only"
"420260603-5300-순창군-100161080-2-선거공약서","candidate-doc:100161080:2","5300","전북특별자치도","420260603","구·시·군의 장선거","4","순창군","100161080","오은미","진보당","2","선거공약서","official_structured_record_no_public_file","reviewed_no_recoverable_official_document","official_sources_only"
"420260603-5300-고창군-100159173-2-선거공약서","candidate-doc:100159173:2","5300","전북특별자치도","420260603","구·시·군의 장선거","4","고창군","100159173","장명식","무소속","2","선거공약서","official_structured_record_no_public_file","reviewed_no_recoverable_official_document","official_sources_only"
"420260603-5300-고창군-100159173-3-5대공약","candidate-doc:100159173:3","5300","전북특별자치도","420260603","구·시·군의 장선거","4","고창군","100159173","장명식","무소속","3","5대공약","official_structured_record_no_public_file","reviewed_no_recoverable_official_document","official_sources_only"
"420260603-5300-고창군-100164732-2-선거공약서","candidate-doc:100164732:2","5300","전북특별자치도","420260603","구·시·군의 장선거","4","고창군","100164732","정원환","무소속","2","선거공약서","official_structured_record_no_public_file","reviewed_no_recoverable_official_document","official_sources_only"
"420260603-5300-고창군-100164732-3-5대공약","candidate-doc:100164732:3","5300","전북특별자치도","420260603","구·시·군의 장선거","4","고창군","100164732","정원환","무소속","3","5대공약","official_structured_record_no_public_file","reviewed_no_recoverable_official_document","official_sources_only"
"420260603-5300-부안군-100159616-2-선거공약서","candidate-doc:100159616:2","5300","전북특별자치도","420260603","구·시·군의 장선거","4","부안군","100159616","권익현","더불어민주당","2","선거공약서","official_structured_record_no_public_file","reviewed_no_recoverable_official_document","official_sources_only"
"420260603-5300-부안군-100159745-2-선거공약서","candidate-doc:100159745:2","5300","전북특별자치도","420260603","구·시·군의 장선거","4","부안군","100159745","김성태","국민의힘","2","선거공약서","official_structured_record_no_public_file","reviewed_no_recoverable_official_document","official_sources_only"
"420260603-5300-부안군-100159592-2-선거공약서","candidate-doc:100159592:2","5300","전북특별자치도","420260603","구·시·군의 장선거","4","부안군","100159592","김성수","조국혁신당","2","선거공약서","official_structured_record_no_public_file","reviewed_no_recoverable_official_document","official_sources_only"
"420260603-5300-부안군-100163535-2-선거공약서","candidate-doc:100163535:2","5300","전북특별자치도","420260603","구·시·군의 장선거","4","부안군","100163535","김종규","무소속","2","선거공약서","official_structured_record_no_public_file","reviewed_no_recoverable_official_document","official_sources_only"
"420260603-4600-목포시-100154453-2-선거공약서","candidate-doc:100154453:2","4600","전라남도","420260603","구·시·군의 장선거","4","목포시","100154453","강성휘","더불어민주당","2","선거공약서","official_structured_record_no_public_file","reviewed_no_recoverable_official_document","official_sources_only"
"420260603-4600-목포시-100163944-2-선거공약서","candidate-doc:100163944:2","4600","전라남도","420260603","구·시·군의 장선거","4","목포시","100163944","윤선웅","국민의힘","2","선거공약서","official_structured_record_no_public_file","reviewed_no_recoverable_official_document","official_sources_only"
"420260603-4600-목포시-100155357-2-선거공약서","candidate-doc:100155357:2","4600","전라남도","420260603","구·시·군의 장선거","4","목포시","100155357","박홍률","조국혁신당","2","선거공약서","official_structured_record_no_public_file","reviewed_no_recoverable_official_document","official_sources_only"
"420260603-4600-목포시-100156171-2-선거공약서","candidate-doc:100156171:2","4600","전라남도","420260603","구·시·군의 장선거","4","목포시","100156171","여인두","정의당","2","선거공약서","official_structured_record_no_public_file","reviewed_no_recoverable_official_document","official_sources_only"
"420260603-4600-여수시-100155926-2-선거공약서","candidate-doc:100155926:2","4600","전라남도","420260603","구·시·군의 장선거","4","여수시","100155926","서영학","더불어민주당","2","선거공약서","official_structured_record_no_public_file","reviewed_no_recoverable_official_document","official_sources_only"
"420260603-4600-여수시-100154344-2-선거공약서","candidate-doc:100154344:2","4600","전라남도","420260603","구·시·군의 장선거","4","여수시","100154344","명창환","조국혁신당","2","선거공약서","official_structured_record_no_public_file","reviewed_no_recoverable_official_document","official_sources_only"
"420260603-4600-여수시-100154700-2-선거공약서","candidate-doc:100154700:2","4600","전라남도","420260603","구·시·군의 장선거","4","여수시","100154700","원용규","무소속","2","선거공약서","official_structured_record_no_public_file","reviewed_no_recoverable_official_document","official_sources_only"
"420260603-4600-여수시-100156517-2-선거공약서","candidate-doc:100156517:2","4600","전라남도","420260603","구·시·군의 장선거","4","여수시","100156517","김창주","무소속","2","선거공약서","official_structured_record_no_public_file","reviewed_no_recoverable_official_document","official_sources_only"
"420260603-4600-순천시-100154578-2-선거공약서","candidate-doc:100154578:2","4600","전라남도","420260603","구·시·군의 장선거","4","순천시","100154578","손훈모","더불어민주당","2","선거공약서","official_structured_record_no_public_file","reviewed_no_recoverable_official_document","official_sources_only"
"420260603-4600-순천시-100155728-2-선거공약서","candidate-doc:100155728:2","4600","전라남도","420260603","구·시·군의 장선거","4","순천시","100155728","이성수","진보당","2","선거공약서","official_structured_record_no_public_file","reviewed_no_recoverable_official_document","official_sources_only"
"420260603-4600-순천시-100163478-2-선거공약서","candidate-doc:100163478:2","4600","전라남도","420260603","구·시·군의 장선거","4","순천시","100163478","노관규","무소속","2","선거공약서","official_structured_record_no_public_file","reviewed_no_recoverable_official_document","official_sources_only"
"420260603-4600-나주시-100159254-2-선거공약서","candidate-doc:100159254:2","4600","전라남도","420260603","구·시·군의 장선거","4","나주시","100159254","윤병태","더불어민주당","2","선거공약서","official_structured_record_no_public_file","reviewed_no_recoverable_official_document","official_sources_only"
"420260603-4600-나주시-100154407-2-선거공약서","candidate-doc:100154407:2","4600","전라남도","420260603","구·시·군의 장선거","4","나주시","100154407","김덕수","조국혁신당","2","선거공약서","official_structured_record_no_public_file","reviewed_no_recoverable_official_document","official_sources_only"
"420260603-4600-광양시-100158508-2-선거공약서","candidate-doc:100158508:2","4600","전라남도","420260603","구·시·군의 장선거","4","광양시","100158508","정인화","더불어민주당","2","선거공약서","official_structured_record_no_public_file","reviewed_no_recoverable_official_document","official_sources_only"
"420260603-4600-광양시-100154755-2-선거공약서","candidate-doc:100154755:2","4600","전라남도","420260603","구·시·군의 장선거","4","광양시","100154755","박성현","무소속","2","선거공약서","official_structured_record_no_public_file","reviewed_no_recoverable_official_document","official_sources_only"
"420260603-4600-광양시-100162955-2-선거공약서","candidate-doc:100162955:2","4600","전라남도","420260603","구·시·군의 장선거","4","광양시","100162955","박필순","무소속","2","선거공약서","official_structured_record_no_public_file","reviewed_no_recoverable_official_document","official_sources_only"
"420260603-4600-담양군-100159766-2-선거공약서","candidate-doc:100159766:2","4600","전라남도","420260603","구·시·군의 장선거","4","담양군","100159766","박종원","더불어민주당","2","선거공약서","official_structured_record_no_public_file","reviewed_no_recoverable_official_document","official_sources_only"
"420260603-4600-담양군-100161597-2-선거공약서","candidate-doc:100161597:2","4600","전라남도","420260603","구·시·군의 장선거","4","담양군","100161597","정철원","조국혁신당","2","선거공약서","official_structured_record_no_public_file","reviewed_no_recoverable_official_document","official_sources_only"
"420260603-4600-담양군-100159811-2-선거공약서","candidate-doc:100159811:2","4600","전라남도","420260603","구·시·군의 장선거","4","담양군","100159811","최화삼","무소속","2","선거공약서","official_structured_record_no_public_file","reviewed_no_recoverable_official_document","official_sources_only"
"420260603-4600-곡성군-100162127-2-선거공약서","candidate-doc:100162127:2","4600","전라남도","420260603","구·시·군의 장선거","4","곡성군","100162127","조상래","더불어민주당","2","선거공약서","official_structured_record_no_public_file","reviewed_no_recoverable_official_document","official_sources_only"
"420260603-4600-곡성군-100159406-2-선거공약서","candidate-doc:100159406:2","4600","전라남도","420260603","구·시·군의 장선거","4","곡성군","100159406","박웅두","조국혁신당","2","선거공약서","official_structured_record_no_public_file","reviewed_no_recoverable_official_document","official_sources_only"
"420260603-4600-구례군-100158337-2-선거공약서","candidate-doc:100158337:2","4600","전라남도","420260603","구·시·군의 장선거","4","구례군","100158337","장길선","더불어민주당","2","선거공약서","official_structured_record_no_public_file","reviewed_no_recoverable_official_document","official_sources_only"
"420260603-4600-구례군-100159577-2-선거공약서","candidate-doc:100159577:2","4600","전라남도","420260603","구·시·군의 장선거","4","구례군","100159577","이창호","조국혁신당","2","선거공약서","official_structured_record_no_public_file","reviewed_no_recoverable_official_document","official_sources_only"
"420260603-4600-구례군-100162855-2-선거공약서","candidate-doc:100162855:2","4600","전라남도","420260603","구·시·군의 장선거","4","구례군","100162855","이현창","무소속","2","선거공약서","official_structured_record_no_public_file","reviewed_no_recoverable_official_document","official_sources_only"
"420260603-4600-구례군-100163552-2-선거공약서","candidate-doc:100163552:2","4600","전라남도","420260603","구·시·군의 장선거","4","구례군","100163552","전경태","무소속","2","선거공약서","official_structured_record_no_public_file","reviewed_no_recoverable_official_document","official_sources_only"
"420260603-4600-구례군-100158655-2-선거공약서","candidate-doc:100158655:2","4600","전라남도","420260603","구·시·군의 장선거","4","구례군","100158655","정현택","무소속","2","선거공약서","official_structured_record_no_public_file","reviewed_no_recoverable_official_document","official_sources_only"
"420260603-4600-구례군-100159742-2-선거공약서","candidate-doc:100159742:2","4600","전라남도","420260603","구·시·군의 장선거","4","구례군","100159742","정택균","무소속","2","선거공약서","official_structured_record_no_public_file","reviewed_no_recoverable_official_document","official_sources_only"
"420260603-4600-고흥군-100164457-2-선거공약서","candidate-doc:100164457:2","4600","전라남도","420260603","구·시·군의 장선거","4","고흥군","100164457","공영민","더불어민주당","2","선거공약서","official_structured_record_no_public_file","reviewed_no_recoverable_official_document","official_sources_only"
"420260603-4600-고흥군-100163115-2-선거공약서","candidate-doc:100163115:2","4600","전라남도","420260603","구·시·군의 장선거","4","고흥군","100163115","류봉진","무소속","2","선거공약서","official_structured_record_no_public_file","reviewed_no_recoverable_official_document","official_sources_only"
"420260603-4600-고흥군-100164445-2-선거공약서","candidate-doc:100164445:2","4600","전라남도","420260603","구·시·군의 장선거","4","고흥군","100164445","최진열","무소속","2","선거공약서","official_structured_record_no_public_file","reviewed_no_recoverable_official_document","official_sources_only"
"420260603-4600-보성군-100159879-2-선거공약서","candidate-doc:100159879:2","4600","전라남도","420260603","구·시·군의 장선거","4","보성군","100159879","김철우","더불어민주당","2","선거공약서","official_structured_record_no_public_file","reviewed_no_recoverable_official_document","official_sources_only"
"420260603-4600-보성군-100159794-2-선거공약서","candidate-doc:100159794:2","4600","전라남도","420260603","구·시·군의 장선거","4","보성군","100159794","윤영주","무소속","2","선거공약서","official_structured_record_no_public_file","reviewed_no_recoverable_official_document","official_sources_only"
"420260603-4600-화순군-100159565-2-선거공약서","candidate-doc:100159565:2","4600","전라남도","420260603","구·시·군의 장선거","4","화순군","100159565","임지락","더불어민주당","2","선거공약서","official_structured_record_no_public_file","reviewed_no_recoverable_official_document","official_sources_only"
"420260603-4600-화순군-100165834-2-선거공약서","candidate-doc:100165834:2","4600","전라남도","420260603","구·시·군의 장선거","4","화순군","100165834","정연지","무소속","2","선거공약서","official_structured_record_no_public_file","reviewed_no_recoverable_official_document","official_sources_only"
"420260603-4600-화순군-100159651-2-선거공약서","candidate-doc:100159651:2","4600","전라남도","420260603","구·시·군의 장선거","4","화순군","100159651","김회수","무소속","2","선거공약서","official_structured_record_no_public_file","reviewed_no_recoverable_official_document","official_sources_only"
"420260603-4600-장흥군-100159211-2-선거공약서","candidate-doc:100159211:2","4600","전라남도","420260603","구·시·군의 장선거","4","장흥군","100159211","김성","더불어민주당","2","선거공약서","official_structured_record_no_public_file","reviewed_no_recoverable_official_document","official_sources_only"
"420260603-4600-장흥군-100159482-2-선거공약서","candidate-doc:100159482:2","4600","전라남도","420260603","구·시·군의 장선거","4","장흥군","100159482","사순문","조국혁신당","2","선거공약서","official_structured_record_no_public_file","reviewed_no_recoverable_official_document","official_sources_only"
"420260603-4600-강진군-100159466-2-선거공약서","candidate-doc:100159466:2","4600","전라남도","420260603","구·시·군의 장선거","4","강진군","100159466","차영수","더불어민주당","2","선거공약서","official_structured_record_no_public_file","reviewed_no_recoverable_official_document","official_sources_only"
"420260603-4600-강진군-100162004-2-선거공약서","candidate-doc:100162004:2","4600","전라남도","420260603","구·시·군의 장선거","4","강진군","100162004","강진원","무소속","2","선거공약서","official_structured_record_no_public_file","reviewed_no_recoverable_official_document","official_sources_only"
"420260603-4600-해남군-100161349-2-선거공약서","candidate-doc:100161349:2","4600","전라남도","420260603","구·시·군의 장선거","4","해남군","100161349","명현관","더불어민주당","2","선거공약서","official_structured_record_no_public_file","reviewed_no_recoverable_official_document","official_sources_only"
"420260603-4600-해남군-100162681-2-선거공약서","candidate-doc:100162681:2","4600","전라남도","420260603","구·시·군의 장선거","4","해남군","100162681","박지원","무소속","2","선거공약서","official_structured_record_no_public_file","reviewed_no_recoverable_official_document","official_sources_only"
"420260603-4600-영암군-100159607-2-선거공약서","candidate-doc:100159607:2","4600","전라남도","420260603","구·시·군의 장선거","4","영암군","100159607","우승희","더불어민주당","2","선거공약서","official_structured_record_no_public_file","reviewed_no_recoverable_official_document","official_sources_only"
"420260603-4600-영암군-100161488-2-선거공약서","candidate-doc:100161488:2","4600","전라남도","420260603","구·시·군의 장선거","4","영암군","100161488","최영열","조국혁신당","2","선거공약서","official_structured_record_no_public_file","reviewed_no_recoverable_official_document","official_sources_only"
"420260603-4600-무안군-100161183-2-선거공약서","candidate-doc:100161183:2","4600","전라남도","420260603","구·시·군의 장선거","4","무안군","100161183","김산","더불어민주당","2","선거공약서","official_structured_record_no_public_file","reviewed_no_recoverable_official_document","official_sources_only"
"420260603-4600-무안군-100165742-2-선거공약서","candidate-doc:100165742:2","4600","전라남도","420260603","구·시·군의 장선거","4","무안군","100165742","정영덕","무소속","2","선거공약서","official_structured_record_no_public_file","reviewed_no_recoverable_official_document","official_sources_only"
"420260603-4600-함평군-100159559-2-선거공약서","candidate-doc:100159559:2","4600","전라남도","420260603","구·시·군의 장선거","4","함평군","100159559","이남오","더불어민주당","2","선거공약서","official_structured_record_no_public_file","reviewed_no_recoverable_official_document","official_sources_only"
"420260603-4600-함평군-100159120-2-선거공약서","candidate-doc:100159120:2","4600","전라남도","420260603","구·시·군의 장선거","4","함평군","100159120","이윤행","조국혁신당","2","선거공약서","official_structured_record_no_public_file","reviewed_no_recoverable_official_document","official_sources_only"
"420260603-4600-함평군-100159972-2-선거공약서","candidate-doc:100159972:2","4600","전라남도","420260603","구·시·군의 장선거","4","함평군","100159972","이행섭","무소속","2","선거공약서","official_structured_record_no_public_file","reviewed_no_recoverable_official_document","official_sources_only"
"420260603-4600-영광군-100160676-2-선거공약서","candidate-doc:100160676:2","4600","전라남도","420260603","구·시·군의 장선거","4","영광군","100160676","장세일","더불어민주당","2","선거공약서","official_structured_record_no_public_file","reviewed_no_recoverable_official_document","official_sources_only"
"420260603-4600-영광군-100159982-2-선거공약서","candidate-doc:100159982:2","4600","전라남도","420260603","구·시·군의 장선거","4","영광군","100159982","이석하","진보당","2","선거공약서","official_structured_record_no_public_file","reviewed_no_recoverable_official_document","official_sources_only"
"420260603-4600-영광군-100160718-2-선거공약서","candidate-doc:100160718:2","4600","전라남도","420260603","구·시·군의 장선거","4","영광군","100160718","오기원","무소속","2","선거공약서","official_structured_record_no_public_file","reviewed_no_recoverable_official_document","official_sources_only"
"420260603-4600-영광군-100160571-2-선거공약서","candidate-doc:100160571:2","4600","전라남도","420260603","구·시·군의 장선거","4","영광군","100160571","김한균","무소속","2","선거공약서","official_structured_record_no_public_file","reviewed_no_recoverable_official_document","official_sources_only"
"420260603-4600-장성군-100159900-2-선거공약서","candidate-doc:100159900:2","4600","전라남도","420260603","구·시·군의 장선거","4","장성군","100159900","김한종","더불어민주당","2","선거공약서","official_structured_record_no_public_file","reviewed_no_recoverable_official_document","official_sources_only"
"420260603-4600-장성군-100160071-2-선거공약서","candidate-doc:100160071:2","4600","전라남도","420260603","구·시·군의 장선거","4","장성군","100160071","김왕근","조국혁신당","2","선거공약서","official_structured_record_no_public_file","reviewed_no_recoverable_official_document","official_sources_only"
"420260603-4600-완도군-100159567-2-선거공약서","candidate-doc:100159567:2","4600","전라남도","420260603","구·시·군의 장선거","4","완도군","100159567","우홍섭","더불어민주당","2","선거공약서","official_structured_record_no_public_file","reviewed_no_recoverable_official_document","official_sources_only"
"420260603-4600-완도군-100159672-2-선거공약서","candidate-doc:100159672:2","4600","전라남도","420260603","구·시·군의 장선거","4","완도군","100159672","김신","무소속","2","선거공약서","official_structured_record_no_public_file","reviewed_no_recoverable_official_document","official_sources_only"
"420260603-4600-진도군-100158406-2-선거공약서","candidate-doc:100158406:2","4600","전라남도","420260603","구·시·군의 장선거","4","진도군","100158406","이재각","더불어민주당","2","선거공약서","official_structured_record_no_public_file","reviewed_no_recoverable_official_document","official_sources_only"
"420260603-4600-진도군-100163314-2-선거공약서","candidate-doc:100163314:2","4600","전라남도","420260603","구·시·군의 장선거","4","진도군","100163314","김희수","무소속","2","선거공약서","official_structured_record_no_public_file","reviewed_no_recoverable_official_document","official_sources_only"
"420260603-4600-신안군-100159790-2-선거공약서","candidate-doc:100159790:2","4600","전라남도","420260603","구·시·군의 장선거","4","신안군","100159790","박우량","더불어민주당","2","선거공약서","official_structured_record_no_public_file","reviewed_no_recoverable_official_document","official_sources_only"
"420260603-4600-신안군-100159704-2-선거공약서","candidate-doc:100159704:2","4600","전라남도","420260603","구·시·군의 장선거","4","신안군","100159704","김태성","조국혁신당","2","선거공약서","official_structured_record_no_public_file","reviewed_no_recoverable_official_document","official_sources_only"
"420260603-4700-포항시-100156421-2-선거공약서","candidate-doc:100156421:2","4700","경상북도","420260603","구·시·군의 장선거","4","포항시","100156421","박희정","더불어민주당","2","선거공약서","official_structured_record_no_public_file","reviewed_no_recoverable_official_document","official_sources_only"
"420260603-4700-포항시-100154073-2-선거공약서","candidate-doc:100154073:2","4700","경상북도","420260603","구·시·군의 장선거","4","포항시","100154073","박용선","국민의힘","2","선거공약서","official_structured_record_no_public_file","reviewed_no_recoverable_official_document","official_sources_only"
"420260603-4700-포항시-100154100-2-선거공약서","candidate-doc:100154100:2","4700","경상북도","420260603","구·시·군의 장선거","4","포항시","100154100","박승호","무소속","2","선거공약서","official_structured_record_no_public_file","reviewed_no_recoverable_official_document","official_sources_only"
"420260603-4700-경주시-100164739-2-선거공약서","candidate-doc:100164739:2","4700","경상북도","420260603","구·시·군의 장선거","4","경주시","100164739","박근영","더불어민주당","2","선거공약서","official_structured_record_no_public_file","reviewed_no_recoverable_official_document","official_sources_only"
"420260603-4700-경주시-100158547-2-선거공약서","candidate-doc:100158547:2","4700","경상북도","420260603","구·시·군의 장선거","4","경주시","100158547","주낙영","국민의힘","2","선거공약서","official_structured_record_no_public_file","reviewed_no_recoverable_official_document","official_sources_only"
"420260603-4700-김천시-100154512-2-선거공약서","candidate-doc:100154512:2","4700","경상북도","420260603","구·시·군의 장선거","4","김천시","100154512","나영민","더불어민주당","2","선거공약서","official_structured_record_no_public_file","reviewed_no_recoverable_official_document","official_sources_only"
"420260603-4700-김천시-100163658-2-선거공약서","candidate-doc:100163658:2","4700","경상북도","420260603","구·시·군의 장선거","4","김천시","100163658","이창재","무소속","2","선거공약서","official_structured_record_no_public_file","reviewed_no_recoverable_official_document","official_sources_only"
"420260603-4700-안동시-100156106-2-선거공약서","candidate-doc:100156106:2","4700","경상북도","420260603","구·시·군의 장선거","4","안동시","100156106","이삼걸","더불어민주당","2","선거공약서","official_structured_record_no_public_file","reviewed_no_recoverable_official_document","official_sources_only"
"420260603-4700-안동시-100161712-2-선거공약서","candidate-doc:100161712:2","4700","경상북도","420260603","구·시·군의 장선거","4","안동시","100161712","권기창","국민의힘","2","선거공약서","official_structured_record_no_public_file","reviewed_no_recoverable_official_document","official_sources_only"
"420260603-4700-구미시-100162942-2-선거공약서","candidate-doc:100162942:2","4700","경상북도","420260603","구·시·군의 장선거","4","구미시","100162942","장세용","더불어민주당","2","선거공약서","official_structured_record_no_public_file","reviewed_no_recoverable_official_document","official_sources_only"
"420260603-4700-구미시-100161869-2-선거공약서","candidate-doc:100161869:2","4700","경상북도","420260603","구·시·군의 장선거","4","구미시","100161869","김장호","국민의힘","2","선거공약서","official_structured_record_no_public_file","reviewed_no_recoverable_official_document","official_sources_only"
"420260603-4700-구미시-100162066-2-선거공약서","candidate-doc:100162066:2","4700","경상북도","420260603","구·시·군의 장선거","4","구미시","100162066","조순자","개혁신당","2","선거공약서","official_structured_record_no_public_file","reviewed_no_recoverable_official_document","official_sources_only"
"420260603-4700-구미시-100158906-2-선거공약서","candidate-doc:100158906:2","4700","경상북도","420260603","구·시·군의 장선거","4","구미시","100158906","임명배","무소속","2","선거공약서","official_structured_record_no_public_file","reviewed_no_recoverable_official_document","official_sources_only"
"420260603-4700-영주시-100162018-1-선거공보","candidate-doc:100162018:1","4700","경상북도","420260603","구·시·군의 장선거","4","영주시","100162018","우창윤","더불어민주당","1","선거공보","official_structured_record_no_public_file","reviewed_no_recoverable_official_document","official_sources_only"
"420260603-4700-영주시-100162018-2-선거공약서","candidate-doc:100162018:2","4700","경상북도","420260603","구·시·군의 장선거","4","영주시","100162018","우창윤","더불어민주당","2","선거공약서","official_structured_record_no_public_file","reviewed_no_recoverable_official_document","official_sources_only"
"420260603-4700-영주시-100162018-3-5대공약","candidate-doc:100162018:3","4700","경상북도","420260603","구·시·군의 장선거","4","영주시","100162018","우창윤","더불어민주당","3","5대공약","official_structured_record_no_public_file","reviewed_no_recoverable_official_document","official_sources_only"
"420260603-4700-영주시-100153885-2-선거공약서","candidate-doc:100153885:2","4700","경상북도","420260603","구·시·군의 장선거","4","영주시","100153885","황병직","국민의힘","2","선거공약서","official_structured_record_no_public_file","reviewed_no_recoverable_official_document","official_sources_only"
"420260603-4700-영주시-100163565-1-선거공보","candidate-doc:100163565:1","4700","경상북도","420260603","구·시·군의 장선거","4","영주시","100163565","황선종","무소속","1","선거공보","official_structured_record_no_public_file","reviewed_no_recoverable_official_document","official_sources_only"
"420260603-4700-영주시-100163565-2-선거공약서","candidate-doc:100163565:2","4700","경상북도","420260603","구·시·군의 장선거","4","영주시","100163565","황선종","무소속","2","선거공약서","official_structured_record_no_public_file","reviewed_no_recoverable_official_document","official_sources_only"
"420260603-4700-영주시-100163565-3-5대공약","candidate-doc:100163565:3","4700","경상북도","420260603","구·시·군의 장선거","4","영주시","100163565","황선종","무소속","3","5대공약","official_structured_record_no_public_file","reviewed_no_recoverable_official_document","official_sources_only"
"420260603-4700-영천시-100154149-2-선거공약서","candidate-doc:100154149:2","4700","경상북도","420260603","구·시·군의 장선거","4","영천시","100154149","이정훈","더불어민주당","2","선거공약서","official_structured_record_no_public_file","reviewed_no_recoverable_official_document","official_sources_only"
"420260603-4700-영천시-100154245-2-선거공약서","candidate-doc:100154245:2","4700","경상북도","420260603","구·시·군의 장선거","4","영천시","100154245","김병삼","국민의힘","2","선거공약서","official_structured_record_no_public_file","reviewed_no_recoverable_official_document","official_sources_only"
"420260603-4700-영천시-100161843-2-선거공약서","candidate-doc:100161843:2","4700","경상북도","420260603","구·시·군의 장선거","4","영천시","100161843","최기문","무소속","2","선거공약서","official_structured_record_no_public_file","reviewed_no_recoverable_official_document","official_sources_only"
"420260603-4700-상주시-100154756-2-선거공약서","candidate-doc:100154756:2","4700","경상북도","420260603","구·시·군의 장선거","4","상주시","100154756","안재민","국민의힘","2","선거공약서","official_structured_record_no_public_file","reviewed_no_recoverable_official_document","official_sources_only"
"420260603-4700-상주시-100154532-2-선거공약서","candidate-doc:100154532:2","4700","경상북도","420260603","구·시·군의 장선거","4","상주시","100154532","윤위영","무소속","2","선거공약서","official_structured_record_no_public_file","reviewed_no_recoverable_official_document","official_sources_only"
"420260603-4700-문경시-100163018-2-선거공약서","candidate-doc:100163018:2","4700","경상북도","420260603","구·시·군의 장선거","4","문경시","100163018","이윤희","더불어민주당","2","선거공약서","official_structured_record_no_public_file","reviewed_no_recoverable_official_document","official_sources_only"
"420260603-4700-경산시-100157607-2-선거공약서","candidate-doc:100157607:2","4700","경상북도","420260603","구·시·군의 장선거","4","경산시","100157607","김기현","더불어민주당","2","선거공약서","official_structured_record_no_public_file","reviewed_no_recoverable_official_document","official_sources_only"
"420260603-4700-경산시-100160682-2-선거공약서","candidate-doc:100160682:2","4700","경상북도","420260603","구·시·군의 장선거","4","경산시","100160682","조현일","국민의힘","2","선거공약서","official_structured_record_no_public_file","reviewed_no_recoverable_official_document","official_sources_only"
"420260603-4700-경산시-100155471-2-선거공약서","candidate-doc:100155471:2","4700","경상북도","420260603","구·시·군의 장선거","4","경산시","100155471","김두환","한국독립당","2","선거공약서","official_structured_record_no_public_file","reviewed_no_recoverable_official_document","official_sources_only"
"420260603-4700-의성군-100159421-2-선거공약서","candidate-doc:100159421:2","4700","경상북도","420260603","구·시·군의 장선거","4","의성군","100159421","최유철","국민의힘","2","선거공약서","official_structured_record_no_public_file","reviewed_no_recoverable_official_document","official_sources_only"
"420260603-4700-의성군-100159711-2-선거공약서","candidate-doc:100159711:2","4700","경상북도","420260603","구·시·군의 장선거","4","의성군","100159711","이왕식","무소속","2","선거공약서","official_structured_record_no_public_file","reviewed_no_recoverable_official_document","official_sources_only"
"420260603-4700-청송군-100161822-2-선거공약서","candidate-doc:100161822:2","4700","경상북도","420260603","구·시·군의 장선거","4","청송군","100161822","임기진","더불어민주당","2","선거공약서","official_structured_record_no_public_file","reviewed_no_recoverable_official_document","official_sources_only"
"420260603-4700-청송군-100159080-2-선거공약서","candidate-doc:100159080:2","4700","경상북도","420260603","구·시·군의 장선거","4","청송군","100159080","윤경희","국민의힘","2","선거공약서","official_structured_record_no_public_file","reviewed_no_recoverable_official_document","official_sources_only"
"420260603-4700-영양군-100159432-2-선거공약서","candidate-doc:100159432:2","4700","경상북도","420260603","구·시·군의 장선거","4","영양군","100159432","김상훈","더불어민주당","2","선거공약서","official_structured_record_no_public_file","reviewed_no_recoverable_official_document","official_sources_only"
"420260603-4700-영양군-100161607-2-선거공약서","candidate-doc:100161607:2","4700","경상북도","420260603","구·시·군의 장선거","4","영양군","100161607","오도창","국민의힘","2","선거공약서","official_structured_record_no_public_file","reviewed_no_recoverable_official_document","official_sources_only"
"420260603-4700-영덕군-100159112-2-선거공약서","candidate-doc:100159112:2","4700","경상북도","420260603","구·시·군의 장선거","4","영덕군","100159112","강부송","더불어민주당","2","선거공약서","official_structured_record_no_public_file","reviewed_no_recoverable_official_document","official_sources_only"
"420260603-4700-영덕군-100159545-2-선거공약서","candidate-doc:100159545:2","4700","경상북도","420260603","구·시·군의 장선거","4","영덕군","100159545","조주홍","국민의힘","2","선거공약서","official_structured_record_no_public_file","reviewed_no_recoverable_official_document","official_sources_only"
"420260603-4700-영덕군-100158770-2-선거공약서","candidate-doc:100158770:2","4700","경상북도","420260603","구·시·군의 장선거","4","영덕군","100158770","박병일","무소속","2","선거공약서","official_structured_record_no_public_file","reviewed_no_recoverable_official_document","official_sources_only"
"420260603-4700-영덕군-100163277-2-선거공약서","candidate-doc:100163277:2","4700","경상북도","420260603","구·시·군의 장선거","4","영덕군","100163277","장성욱","무소속","2","선거공약서","official_structured_record_no_public_file","reviewed_no_recoverable_official_document","official_sources_only"
"420260603-4700-청도군-100159842-2-선거공약서","candidate-doc:100159842:2","4700","경상북도","420260603","구·시·군의 장선거","4","청도군","100159842","박권현","무소속","2","선거공약서","official_structured_record_no_public_file","reviewed_no_recoverable_official_document","official_sources_only"
"420260603-4700-청도군-100159837-2-선거공약서","candidate-doc:100159837:2","4700","경상북도","420260603","구·시·군의 장선거","4","청도군","100159837","이승민","무소속","2","선거공약서","official_structured_record_no_public_file","reviewed_no_recoverable_official_document","official_sources_only"
"420260603-4700-고령군-100163980-2-선거공약서","candidate-doc:100163980:2","4700","경상북도","420260603","구·시·군의 장선거","4","고령군","100163980","정석원","더불어민주당","2","선거공약서","official_structured_record_no_public_file","reviewed_no_recoverable_official_document","official_sources_only"
"420260603-4700-고령군-100162618-2-선거공약서","candidate-doc:100162618:2","4700","경상북도","420260603","구·시·군의 장선거","4","고령군","100162618","이남철","국민의힘","2","선거공약서","official_structured_record_no_public_file","reviewed_no_recoverable_official_document","official_sources_only"
"420260603-4700-고령군-100160587-2-선거공약서","candidate-doc:100160587:2","4700","경상북도","420260603","구·시·군의 장선거","4","고령군","100160587","김명국","무소속","2","선거공약서","official_structured_record_no_public_file","reviewed_no_recoverable_official_document","official_sources_only"
"420260603-4700-성주군-100158966-2-선거공약서","candidate-doc:100158966:2","4700","경상북도","420260603","구·시·군의 장선거","4","성주군","100158966","정영길","국민의힘","2","선거공약서","official_structured_record_no_public_file","reviewed_no_recoverable_official_document","official_sources_only"
"420260603-4700-성주군-100158732-2-선거공약서","candidate-doc:100158732:2","4700","경상북도","420260603","구·시·군의 장선거","4","성주군","100158732","전화식","무소속","2","선거공약서","official_structured_record_no_public_file","reviewed_no_recoverable_official_document","official_sources_only"
"420260603-4700-칠곡군-100159600-2-선거공약서","candidate-doc:100159600:2","4700","경상북도","420260603","구·시·군의 장선거","4","칠곡군","100159600","김시환","더불어민주당","2","선거공약서","official_structured_record_no_public_file","reviewed_no_recoverable_official_document","official_sources_only"
"420260603-4700-칠곡군-100162448-2-선거공약서","candidate-doc:100162448:2","4700","경상북도","420260603","구·시·군의 장선거","4","칠곡군","100162448","김재욱","국민의힘","2","선거공약서","official_structured_record_no_public_file","reviewed_no_recoverable_official_document","official_sources_only"
"420260603-4700-예천군-100159478-2-선거공약서","candidate-doc:100159478:2","4700","경상북도","420260603","구·시·군의 장선거","4","예천군","100159478","윤동춘","더불어민주당","2","선거공약서","official_structured_record_no_public_file","reviewed_no_recoverable_official_document","official_sources_only"
"420260603-4700-예천군-100159497-2-선거공약서","candidate-doc:100159497:2","4700","경상북도","420260603","구·시·군의 장선거","4","예천군","100159497","안병윤","국민의힘","2","선거공약서","official_structured_record_no_public_file","reviewed_no_recoverable_official_document","official_sources_only"
"420260603-4700-봉화군-100158832-2-선거공약서","candidate-doc:100158832:2","4700","경상북도","420260603","구·시·군의 장선거","4","봉화군","100158832","이상식","더불어민주당","2","선거공약서","official_structured_record_no_public_file","reviewed_no_recoverable_official_document","official_sources_only"
"420260603-4700-봉화군-100158824-2-선거공약서","candidate-doc:100158824:2","4700","경상북도","420260603","구·시·군의 장선거","4","봉화군","100158824","최기영","국민의힘","2","선거공약서","official_structured_record_no_public_file","reviewed_no_recoverable_official_document","official_sources_only"
"420260603-4700-봉화군-100159090-2-선거공약서","candidate-doc:100159090:2","4700","경상북도","420260603","구·시·군의 장선거","4","봉화군","100159090","박만우","무소속","2","선거공약서","official_structured_record_no_public_file","reviewed_no_recoverable_official_document","official_sources_only"
"420260603-4700-울진군-100161346-2-선거공약서","candidate-doc:100161346:2","4700","경상북도","420260603","구·시·군의 장선거","4","울진군","100161346","손병복","국민의힘","2","선거공약서","official_structured_record_no_public_file","reviewed_no_recoverable_official_document","official_sources_only"
"420260603-4700-울진군-100159499-2-선거공약서","candidate-doc:100159499:2","4700","경상북도","420260603","구·시·군의 장선거","4","울진군","100159499","황이주","무소속","2","선거공약서","official_structured_record_no_public_file","reviewed_no_recoverable_official_document","official_sources_only"
"420260603-4700-울릉군-100159783-2-선거공약서","candidate-doc:100159783:2","4700","경상북도","420260603","구·시·군의 장선거","4","울릉군","100159783","정성환","더불어민주당","2","선거공약서","official_structured_record_no_public_file","reviewed_no_recoverable_official_document","official_sources_only"
"420260603-4700-울릉군-100160131-2-선거공약서","candidate-doc:100160131:2","4700","경상북도","420260603","구·시·군의 장선거","4","울릉군","100160131","김병수","국민의힘","2","선거공약서","official_structured_record_no_public_file","reviewed_no_recoverable_official_document","official_sources_only"
"420260603-4700-울릉군-100163336-2-선거공약서","candidate-doc:100163336:2","4700","경상북도","420260603","구·시·군의 장선거","4","울릉군","100163336","남한권","무소속","2","선거공약서","official_structured_record_no_public_file","reviewed_no_recoverable_official_document","official_sources_only"
"420260603-4700-울릉군-100161979-2-선거공약서","candidate-doc:100161979:2","4700","경상북도","420260603","구·시·군의 장선거","4","울릉군","100161979","남진복","무소속","2","선거공약서","official_structured_record_no_public_file","reviewed_no_recoverable_official_document","official_sources_only"
"420260603-4800-창원시-100154126-2-선거공약서","candidate-doc:100154126:2","4800","경상남도","420260603","구·시·군의 장선거","4","창원시","100154126","강기윤","국민의힘","2","선거공약서","official_structured_record_no_public_file","reviewed_no_recoverable_official_document","official_sources_only"
"420260603-4800-창원시-100154158-2-선거공약서","candidate-doc:100154158:2","4800","경상남도","420260603","구·시·군의 장선거","4","창원시","100154158","강명상","개혁신당","2","선거공약서","official_structured_record_no_public_file","reviewed_no_recoverable_official_document","official_sources_only"
"420260603-4800-창원시-100163564-2-선거공약서","candidate-doc:100163564:2","4800","경상남도","420260603","구·시·군의 장선거","4","창원시","100163564","박정임","무소속","2","선거공약서","official_structured_record_no_public_file","reviewed_no_recoverable_official_document","official_sources_only"
"420260603-4800-진주시-100155311-2-선거공약서","candidate-doc:100155311:2","4800","경상남도","420260603","구·시·군의 장선거","4","진주시","100155311","갈상돈","더불어민주당","2","선거공약서","official_structured_record_no_public_file","reviewed_no_recoverable_official_document","official_sources_only"
"420260603-4800-진주시-100156287-2-선거공약서","candidate-doc:100156287:2","4800","경상남도","420260603","구·시·군의 장선거","4","진주시","100156287","한경호","국민의힘","2","선거공약서","official_structured_record_no_public_file","reviewed_no_recoverable_official_document","official_sources_only"
"420260603-4800-진주시-100163051-2-선거공약서","candidate-doc:100163051:2","4800","경상남도","420260603","구·시·군의 장선거","4","진주시","100163051","조규일","무소속","2","선거공약서","official_structured_record_no_public_file","reviewed_no_recoverable_official_document","official_sources_only"
"420260603-4800-통영시-100157697-2-선거공약서","candidate-doc:100157697:2","4800","경상남도","420260603","구·시·군의 장선거","4","통영시","100157697","강석주","더불어민주당","2","선거공약서","official_structured_record_no_public_file","reviewed_no_recoverable_official_document","official_sources_only"
"420260603-4800-통영시-100162510-2-선거공약서","candidate-doc:100162510:2","4800","경상남도","420260603","구·시·군의 장선거","4","통영시","100162510","천영기","국민의힘","2","선거공약서","official_structured_record_no_public_file","reviewed_no_recoverable_official_document","official_sources_only"
"420260603-4800-통영시-100156257-2-선거공약서","candidate-doc:100156257:2","4800","경상남도","420260603","구·시·군의 장선거","4","통영시","100156257","박청정","무소속","2","선거공약서","official_structured_record_no_public_file","reviewed_no_recoverable_official_document","official_sources_only"
"420260603-4800-사천시-100154274-2-선거공약서","candidate-doc:100154274:2","4800","경상남도","420260603","구·시·군의 장선거","4","사천시","100154274","정국정","더불어민주당","2","선거공약서","official_structured_record_no_public_file","reviewed_no_recoverable_official_document","official_sources_only"
"420260603-4800-사천시-100162961-2-선거공약서","candidate-doc:100162961:2","4800","경상남도","420260603","구·시·군의 장선거","4","사천시","100162961","박동식","국민의힘","2","선거공약서","official_structured_record_no_public_file","reviewed_no_recoverable_official_document","official_sources_only"
"420260603-4800-김해시-100154419-2-선거공약서","candidate-doc:100154419:2","4800","경상남도","420260603","구·시·군의 장선거","4","김해시","100154419","정영두","더불어민주당","2","선거공약서","official_structured_record_no_public_file","reviewed_no_recoverable_official_document","official_sources_only"
"420260603-4800-김해시-100161907-2-선거공약서","candidate-doc:100161907:2","4800","경상남도","420260603","구·시·군의 장선거","4","김해시","100161907","홍태용","국민의힘","2","선거공약서","official_structured_record_no_public_file","reviewed_no_recoverable_official_document","official_sources_only"
"420260603-4800-김해시-100155891-2-선거공약서","candidate-doc:100155891:2","4800","경상남도","420260603","구·시·군의 장선거","4","김해시","100155891","박봉열","진보당","2","선거공약서","official_structured_record_no_public_file","reviewed_no_recoverable_official_document","official_sources_only"
"420260603-4800-밀양시-100155324-2-선거공약서","candidate-doc:100155324:2","4800","경상남도","420260603","구·시·군의 장선거","4","밀양시","100155324","이주옥","더불어민주당","2","선거공약서","official_structured_record_no_public_file","reviewed_no_recoverable_official_document","official_sources_only"
"420260603-4800-밀양시-100164187-2-선거공약서","candidate-doc:100164187:2","4800","경상남도","420260603","구·시·군의 장선거","4","밀양시","100164187","안병구","국민의힘","2","선거공약서","official_structured_record_no_public_file","reviewed_no_recoverable_official_document","official_sources_only"
"420260603-4800-거제시-100156086-2-선거공약서","candidate-doc:100156086:2","4800","경상남도","420260603","구·시·군의 장선거","4","거제시","100156086","김선민","국민의힘","2","선거공약서","official_structured_record_no_public_file","reviewed_no_recoverable_official_document","official_sources_only"
"420260603-4800-거제시-100154902-2-선거공약서","candidate-doc:100154902:2","4800","경상남도","420260603","구·시·군의 장선거","4","거제시","100154902","하준명","무소속","2","선거공약서","official_structured_record_no_public_file","reviewed_no_recoverable_official_document","official_sources_only"
"420260603-4800-양산시-100155956-2-선거공약서","candidate-doc:100155956:2","4800","경상남도","420260603","구·시·군의 장선거","4","양산시","100155956","조문관","더불어민주당","2","선거공약서","official_structured_record_no_public_file","reviewed_no_recoverable_official_document","official_sources_only"
"420260603-4800-의령군-100159670-2-선거공약서","candidate-doc:100159670:2","4800","경상남도","420260603","구·시·군의 장선거","4","의령군","100159670","손태영","더불어민주당","2","선거공약서","official_structured_record_no_public_file","reviewed_no_recoverable_official_document","official_sources_only"
"420260603-4800-의령군-100159773-2-선거공약서","candidate-doc:100159773:2","4800","경상남도","420260603","구·시·군의 장선거","4","의령군","100159773","강원덕","국민의힘","2","선거공약서","official_structured_record_no_public_file","reviewed_no_recoverable_official_document","official_sources_only"
"420260603-4800-의령군-100164784-2-선거공약서","candidate-doc:100164784:2","4800","경상남도","420260603","구·시·군의 장선거","4","의령군","100164784","오태완","무소속","2","선거공약서","official_structured_record_no_public_file","reviewed_no_recoverable_official_document","official_sources_only"
"420260603-4800-함안군-100159788-2-선거공약서","candidate-doc:100159788:2","4800","경상남도","420260603","구·시·군의 장선거","4","함안군","100159788","정금효","더불어민주당","2","선거공약서","official_structured_record_no_public_file","reviewed_no_recoverable_official_document","official_sources_only"
"420260603-4800-함안군-100164463-2-선거공약서","candidate-doc:100164463:2","4800","경상남도","420260603","구·시·군의 장선거","4","함안군","100164463","차석호","국민의힘","2","선거공약서","official_structured_record_no_public_file","reviewed_no_recoverable_official_document","official_sources_only"
"420260603-4800-창녕군-100165720-2-선거공약서","candidate-doc:100165720:2","4800","경상남도","420260603","구·시·군의 장선거","4","창녕군","100165720","주윤식","더불어민주당","2","선거공약서","official_structured_record_no_public_file","reviewed_no_recoverable_official_document","official_sources_only"
"420260603-4800-창녕군-100161575-2-선거공약서","candidate-doc:100161575:2","4800","경상남도","420260603","구·시·군의 장선거","4","창녕군","100161575","성낙인","국민의힘","2","선거공약서","official_structured_record_no_public_file","reviewed_no_recoverable_official_document","official_sources_only"
"420260603-4800-고성군-100159097-2-선거공약서","candidate-doc:100159097:2","4800","경상남도","420260603","구·시·군의 장선거","4","고성군","100159097","백수명","더불어민주당","2","선거공약서","official_structured_record_no_public_file","reviewed_no_recoverable_official_document","official_sources_only"
"420260603-4800-고성군-100159308-2-선거공약서","candidate-doc:100159308:2","4800","경상남도","420260603","구·시·군의 장선거","4","고성군","100159308","하학열","국민의힘","2","선거공약서","official_structured_record_no_public_file","reviewed_no_recoverable_official_document","official_sources_only"
"420260603-4800-고성군-100162592-2-선거공약서","candidate-doc:100162592:2","4800","경상남도","420260603","구·시·군의 장선거","4","고성군","100162592","이옥철","무소속","2","선거공약서","official_structured_record_no_public_file","reviewed_no_recoverable_official_document","official_sources_only"
"420260603-4800-고성군-100159769-2-선거공약서","candidate-doc:100159769:2","4800","경상남도","420260603","구·시·군의 장선거","4","고성군","100159769","양정건","무소속","2","선거공약서","official_structured_record_no_public_file","reviewed_no_recoverable_official_document","official_sources_only"
"420260603-4800-남해군-100161024-2-선거공약서","candidate-doc:100161024:2","4800","경상남도","420260603","구·시·군의 장선거","4","남해군","100161024","류경완","더불어민주당","2","선거공약서","official_structured_record_no_public_file","reviewed_no_recoverable_official_document","official_sources_only"
"420260603-4800-남해군-100159446-2-선거공약서","candidate-doc:100159446:2","4800","경상남도","420260603","구·시·군의 장선거","4","남해군","100159446","류성식","국민의힘","2","선거공약서","official_structured_record_no_public_file","reviewed_no_recoverable_official_document","official_sources_only"
"420260603-4800-하동군-100159309-2-선거공약서","candidate-doc:100159309:2","4800","경상남도","420260603","구·시·군의 장선거","4","하동군","100159309","제윤경","더불어민주당","2","선거공약서","official_structured_record_no_public_file","reviewed_no_recoverable_official_document","official_sources_only"
"420260603-4800-하동군-100160777-2-선거공약서","candidate-doc:100160777:2","4800","경상남도","420260603","구·시·군의 장선거","4","하동군","100160777","김현수","국민의힘","2","선거공약서","official_structured_record_no_public_file","reviewed_no_recoverable_official_document","official_sources_only"
"420260603-4800-하동군-100159618-2-선거공약서","candidate-doc:100159618:2","4800","경상남도","420260603","구·시·군의 장선거","4","하동군","100159618","남명우","무소속","2","선거공약서","official_structured_record_no_public_file","reviewed_no_recoverable_official_document","official_sources_only"
"420260603-4800-산청군-100158778-2-선거공약서","candidate-doc:100158778:2","4800","경상남도","420260603","구·시·군의 장선거","4","산청군","100158778","최호림","더불어민주당","2","선거공약서","official_structured_record_no_public_file","reviewed_no_recoverable_official_document","official_sources_only"
"420260603-4800-산청군-100158967-2-선거공약서","candidate-doc:100158967:2","4800","경상남도","420260603","구·시·군의 장선거","4","산청군","100158967","유명현","국민의힘","2","선거공약서","official_structured_record_no_public_file","reviewed_no_recoverable_official_document","official_sources_only"
"420260603-4800-산청군-100158643-2-선거공약서","candidate-doc:100158643:2","4800","경상남도","420260603","구·시·군의 장선거","4","산청군","100158643","이황석","무소속","2","선거공약서","official_structured_record_no_public_file","reviewed_no_recoverable_official_document","official_sources_only"
"420260603-4800-함양군-100159848-2-선거공약서","candidate-doc:100159848:2","4800","경상남도","420260603","구·시·군의 장선거","4","함양군","100159848","서필상","더불어민주당","2","선거공약서","official_structured_record_no_public_file","reviewed_no_recoverable_official_document","official_sources_only"
"420260603-4800-함양군-100163073-2-선거공약서","candidate-doc:100163073:2","4800","경상남도","420260603","구·시·군의 장선거","4","함양군","100163073","진병영","국민의힘","2","선거공약서","official_structured_record_no_public_file","reviewed_no_recoverable_official_document","official_sources_only"
"420260603-4800-함양군-100159615-2-선거공약서","candidate-doc:100159615:2","4800","경상남도","420260603","구·시·군의 장선거","4","함양군","100159615","이철우","무소속","2","선거공약서","official_structured_record_no_public_file","reviewed_no_recoverable_official_document","official_sources_only"
"420260603-4800-함양군-100161016-2-선거공약서","candidate-doc:100161016:2","4800","경상남도","420260603","구·시·군의 장선거","4","함양군","100161016","김재웅","무소속","2","선거공약서","official_structured_record_no_public_file","reviewed_no_recoverable_official_document","official_sources_only"
"420260603-4800-거창군-100159233-2-선거공약서","candidate-doc:100159233:2","4800","경상남도","420260603","구·시·군의 장선거","4","거창군","100159233","최창열","더불어민주당","2","선거공약서","official_structured_record_no_public_file","reviewed_no_recoverable_official_document","official_sources_only"
"420260603-4800-거창군-100158505-2-선거공약서","candidate-doc:100158505:2","4800","경상남도","420260603","구·시·군의 장선거","4","거창군","100158505","이홍기","무소속","2","선거공약서","official_structured_record_no_public_file","reviewed_no_recoverable_official_document","official_sources_only"
"420260603-4800-거창군-100159332-2-선거공약서","candidate-doc:100159332:2","4800","경상남도","420260603","구·시·군의 장선거","4","거창군","100159332","김일수","무소속","2","선거공약서","official_structured_record_no_public_file","reviewed_no_recoverable_official_document","official_sources_only"
"420260603-4800-거창군-100159907-2-선거공약서","candidate-doc:100159907:2","4800","경상남도","420260603","구·시·군의 장선거","4","거창군","100159907","구인모","무소속","2","선거공약서","official_structured_record_no_public_file","reviewed_no_recoverable_official_document","official_sources_only"
"420260603-4800-합천군-100157986-2-선거공약서","candidate-doc:100157986:2","4800","경상남도","420260603","구·시·군의 장선거","4","합천군","100157986","류순철","국민의힘","2","선거공약서","official_structured_record_no_public_file","reviewed_no_recoverable_official_document","official_sources_only"
"420260603-4800-합천군-100161711-2-선거공약서","candidate-doc:100161711:2","4800","경상남도","420260603","구·시·군의 장선거","4","합천군","100161711","김윤철","무소속","2","선거공약서","official_structured_record_no_public_file","reviewed_no_recoverable_official_document","official_sources_only"
"520260603-1100-성동구제1선거구-100161767-1-선거공보","candidate-doc:100161767:1","1100","서울특별시","520260603","시·도의회의원선거","5","성동구제1선거구","100161767","박성근","더불어민주당","1","선거공보","official_structured_record_no_public_file","reviewed_no_recoverable_official_document","official_sources_only"
"520260603-1100-성동구제1선거구-100157773-1-선거공보","candidate-doc:100157773:1","1100","서울특별시","520260603","시·도의회의원선거","5","성동구제1선거구","100157773","박중화","국민의힘","1","선거공보","official_structured_record_no_public_file","reviewed_no_recoverable_official_document","official_sources_only"
"520260603-1100-성동구제1선거구-100158694-1-선거공보","candidate-doc:100158694:1","1100","서울특별시","520260603","시·도의회의원선거","5","성동구제1선거구","100158694","안중현","진보당","1","선거공보","official_structured_record_no_public_file","reviewed_no_recoverable_official_document","official_sources_only"
"520260603-1100-성동구제2선거구-100155437-1-선거공보","candidate-doc:100155437:1","1100","서울특별시","520260603","시·도의회의원선거","5","성동구제2선거구","100155437","김현우","더불어민주당","1","선거공보","official_structured_record_no_public_file","reviewed_no_recoverable_official_document","official_sources_only"
"520260603-1100-성동구제2선거구-100161933-1-선거공보","candidate-doc:100161933:1","1100","서울특별시","520260603","시·도의회의원선거","5","성동구제2선거구","100161933","구미경","국민의힘","1","선거공보","official_structured_record_no_public_file","reviewed_no_recoverable_official_document","official_sources_only"
"520260603-1100-성동구제2선거구-100161367-1-선거공보","candidate-doc:100161367:1","1100","서울특별시","520260603","시·도의회의원선거","5","성동구제2선거구","100161367","신종훈","진보당","1","선거공보","official_structured_record_no_public_file","reviewed_no_recoverable_official_document","official_sources_only"
"520260603-1100-성동구제3선거구-100162956-1-선거공보","candidate-doc:100162956:1","1100","서울특별시","520260603","시·도의회의원선거","5","성동구제3선거구","100162956","이민옥","더불어민주당","1","선거공보","official_structured_record_no_public_file","reviewed_no_recoverable_official_document","official_sources_only"
"520260603-1100-성동구제4선거구-100162043-1-선거공보","candidate-doc:100162043:1","1100","서울특별시","520260603","시·도의회의원선거","5","성동구제4선거구","100162043","김현주","더불어민주당","1","선거공보","official_structured_record_no_public_file","reviewed_no_recoverable_official_document","official_sources_only"
"520260603-1100-성동구제4선거구-100163079-1-선거공보","candidate-doc:100163079:1","1100","서울특별시","520260603","시·도의회의원선거","5","성동구제4선거구","100163079","황철규","국민의힘","1","선거공보","official_structured_record_no_public_file","reviewed_no_recoverable_official_document","official_sources_only"
"520260603-1100-은평구제2선거구-100163120-1-선거공보","candidate-doc:100163120:1","1100","서울특별시","520260603","시·도의회의원선거","5","은평구제2선거구","100163120","이병도","더불어민주당","1","선거공보","official_structured_record_no_public_file","reviewed_no_recoverable_official_document","official_sources_only"
"520260603-1100-강서구제2선거구-100161000-1-선거공보","candidate-doc:100161000:1","1100","서울특별시","520260603","시·도의회의원선거","5","강서구제2선거구","100161000","장상기","더불어민주당","1","선거공보","official_structured_record_no_public_file","reviewed_no_recoverable_official_document","official_sources_only"
"520260603-1100-강서구제3선거구-100162425-1-선거공보","candidate-doc:100162425:1","1100","서울특별시","520260603","시·도의회의원선거","5","강서구제3선거구","100162425","최진혁","국민의힘","1","선거공보","official_structured_record_no_public_file","reviewed_no_recoverable_official_document","official_sources_only"
"520260603-1100-강서구제4선거구-100155813-1-선거공보","candidate-doc:100155813:1","1100","서울특별시","520260603","시·도의회의원선거","5","강서구제4선거구","100155813","송순효","더불어민주당","1","선거공보","official_structured_record_no_public_file","reviewed_no_recoverable_official_document","official_sources_only"
"520260603-1100-동작구제2선거구-100162772-1-선거공보","candidate-doc:100162772:1","1100","서울특별시","520260603","시·도의회의원선거","5","동작구제2선거구","100162772","최민규","국민의힘","1","선거공보","official_structured_record_no_public_file","reviewed_no_recoverable_official_document","official_sources_only"
"520260603-1100-동작구제3선거구-100162539-1-선거공보","candidate-doc:100162539:1","1100","서울특별시","520260603","시·도의회의원선거","5","동작구제3선거구","100162539","노성철","더불어민주당","1","선거공보","official_structured_record_no_public_file","reviewed_no_recoverable_official_document","official_sources_only"
"520260603-1100-동작구제4선거구-100155647-1-선거공보","candidate-doc:100155647:1","1100","서울특별시","520260603","시·도의회의원선거","5","동작구제4선거구","100155647","유용","더불어민주당","1","선거공보","official_structured_record_no_public_file","reviewed_no_recoverable_official_document","official_sources_only"
"520260603-1100-동작구제4선거구-100159976-1-선거공보","candidate-doc:100159976:1","1100","서울특별시","520260603","시·도의회의원선거","5","동작구제4선거구","100159976","이희원","국민의힘","1","선거공보","official_structured_record_no_public_file","reviewed_no_recoverable_official_document","official_sources_only"
"520260603-1100-관악구제1선거구-100154677-1-선거공보","candidate-doc:100154677:1","1100","서울특별시","520260603","시·도의회의원선거","5","관악구제1선거구","100154677","공우석","더불어민주당","1","선거공보","official_structured_record_no_public_file","reviewed_no_recoverable_official_document","official_sources_only"
"520260603-1100-관악구제2선거구-100159081-1-선거공보","candidate-doc:100159081:1","1100","서울특별시","520260603","시·도의회의원선거","5","관악구제2선거구","100159081","주무열","더불어민주당","1","선거공보","official_structured_record_no_public_file","reviewed_no_recoverable_official_document","official_sources_only"
"520260603-1100-관악구제3선거구-100156656-1-선거공보","candidate-doc:100156656:1","1100","서울특별시","520260603","시·도의회의원선거","5","관악구제3선거구","100156656","임만균","더불어민주당","1","선거공보","official_structured_record_no_public_file","reviewed_no_recoverable_official_document","official_sources_only"
"520260603-2900-동구제1선거구-100157106-1-선거공보","candidate-doc:100157106:1","2900","전남광주통합특별시","520260603","시·도의회의원선거","5","동구제1선거구","100157106","홍기월","더불어민주당","1","선거공보","official_structured_record_no_public_file","reviewed_no_recoverable_official_document","official_sources_only"
"520260603-2900-동구제1선거구-100158198-1-선거공보","candidate-doc:100158198:1","2900","전남광주통합특별시","520260603","시·도의회의원선거","5","동구제1선거구","100158198","문정호","무소속","1","선거공보","official_structured_record_no_public_file","reviewed_no_recoverable_official_document","official_sources_only"
"520260603-2900-동구제2선거구-100156289-1-선거공보","candidate-doc:100156289:1","2900","전남광주통합특별시","520260603","시·도의회의원선거","5","동구제2선거구","100156289","노진성","더불어민주당","1","선거공보","official_structured_record_no_public_file","reviewed_no_recoverable_official_document","official_sources_only"
"520260603-2900-서구제1선거구-100154835-1-선거공보","candidate-doc:100154835:1","2900","전남광주통합특별시","520260603","시·도의회의원선거","5","서구제1선거구","100154835","강수훈","더불어민주당","1","선거공보","official_structured_record_no_public_file","reviewed_no_recoverable_official_document","official_sources_only"
"520260603-2900-서구제2선거구-100160569-1-선거공보","candidate-doc:100160569:1","2900","전남광주통합특별시","520260603","시·도의회의원선거","5","서구제2선거구","100160569","오미섭","더불어민주당","1","선거공보","official_structured_record_no_public_file","reviewed_no_recoverable_official_document","official_sources_only"
"520260603-2900-서구제2선거구-100158819-1-선거공보","candidate-doc:100158819:1","2900","전남광주통합특별시","520260603","시·도의회의원선거","5","서구제2선거구","100158819","김태진","진보당","1","선거공보","official_structured_record_no_public_file","reviewed_no_recoverable_official_document","official_sources_only"
"520260603-2900-서구제3선거구-100163973-1-선거공보","candidate-doc:100163973:1","2900","전남광주통합특별시","520260603","시·도의회의원선거","5","서구제3선거구","100163973","고경애","더불어민주당","1","선거공보","official_structured_record_no_public_file","reviewed_no_recoverable_official_document","official_sources_only"
"520260603-2900-서구제3선거구-100164071-1-선거공보","candidate-doc:100164071:1","2900","전남광주통합특별시","520260603","시·도의회의원선거","5","서구제3선거구","100164071","김형남","무소속","1","선거공보","official_structured_record_no_public_file","reviewed_no_recoverable_official_document","official_sources_only"
"520260603-2900-서구제4선거구-100156009-1-선거공보","candidate-doc:100156009:1","2900","전남광주통합특별시","520260603","시·도의회의원선거","5","서구제4선거구","100156009","심철의","더불어민주당","1","선거공보","official_structured_record_no_public_file","reviewed_no_recoverable_official_document","official_sources_only"
"520260603-2900-남구제2선거구-100158960-1-선거공보","candidate-doc:100158960:1","2900","전남광주통합특별시","520260603","시·도의회의원선거","5","남구제2선거구","100158960","박상길","더불어민주당","1","선거공보","official_structured_record_no_public_file","reviewed_no_recoverable_official_document","official_sources_only"
"520260603-2900-광산구제4선거구-100156747-1-선거공보","candidate-doc:100156747:1","2900","전남광주통합특별시","520260603","시·도의회의원선거","5","광산구제4선거구","100156747","이귀순","더불어민주당","1","선거공보","official_structured_record_no_public_file","reviewed_no_recoverable_official_document","official_sources_only"
"520260603-2600-중구선거구-100163508-1-선거공보","candidate-doc:100163508:1","2600","부산광역시","520260603","시·도의회의원선거","5","중구선거구","100163508","오경석","무소속","1","선거공보","official_structured_record_no_public_file","reviewed_no_recoverable_official_document","official_sources_only"
"520260603-2600-서구제1선거구-100161226-1-선거공보","candidate-doc:100161226:1","2600","부산광역시","520260603","시·도의회의원선거","5","서구제1선거구","100161226","송상조","국민의힘","1","선거공보","official_structured_record_no_public_file","reviewed_no_recoverable_official_document","official_sources_only"
"520260603-2600-서구제2선거구-100161145-1-선거공보","candidate-doc:100161145:1","2600","부산광역시","520260603","시·도의회의원선거","5","서구제2선거구","100161145","이용운","국민의힘","1","선거공보","official_structured_record_no_public_file","reviewed_no_recoverable_official_document","official_sources_only"
"520260603-2600-영도구제2선거구-100158278-1-선거공보","candidate-doc:100158278:1","2600","부산광역시","520260603","시·도의회의원선거","5","영도구제2선거구","100158278","양준모","국민의힘","1","선거공보","official_structured_record_no_public_file","reviewed_no_recoverable_official_document","official_sources_only"
"520260603-2600-북구제1선거구-100160584-1-선거공보","candidate-doc:100160584:1","2600","부산광역시","520260603","시·도의회의원선거","5","북구제1선거구","100160584","문영남","더불어민주당","1","선거공보","official_structured_record_no_public_file","reviewed_no_recoverable_official_document","official_sources_only"
"520260603-2600-북구제1선거구-100160102-1-선거공보","candidate-doc:100160102:1","2600","부산광역시","520260603","시·도의회의원선거","5","북구제1선거구","100160102","강영두","국민의힘","1","선거공보","official_structured_record_no_public_file","reviewed_no_recoverable_official_document","official_sources_only"
"520260603-2600-북구제2선거구-100157364-1-선거공보","candidate-doc:100157364:1","2600","부산광역시","520260603","시·도의회의원선거","5","북구제2선거구","100157364","이순영","더불어민주당","1","선거공보","official_structured_record_no_public_file","reviewed_no_recoverable_official_document","official_sources_only"
"520260603-2600-북구제2선거구-100158624-1-선거공보","candidate-doc:100158624:1","2600","부산광역시","520260603","시·도의회의원선거","5","북구제2선거구","100158624","김효정","국민의힘","1","선거공보","official_structured_record_no_public_file","reviewed_no_recoverable_official_document","official_sources_only"
"520260603-2600-북구제3선거구-100162130-1-선거공보","candidate-doc:100162130:1","2600","부산광역시","520260603","시·도의회의원선거","5","북구제3선거구","100162130","정양훈","더불어민주당","1","선거공보","official_structured_record_no_public_file","reviewed_no_recoverable_official_document","official_sources_only"
"520260603-2600-북구제3선거구-100161195-1-선거공보","candidate-doc:100161195:1","2600","부산광역시","520260603","시·도의회의원선거","5","북구제3선거구","100161195","이종진","국민의힘","1","선거공보","official_structured_record_no_public_file","reviewed_no_recoverable_official_document","official_sources_only"
"520260603-2600-북구제4선거구-100160005-1-선거공보","candidate-doc:100160005:1","2600","부산광역시","520260603","시·도의회의원선거","5","북구제4선거구","100160005","김태희","더불어민주당","1","선거공보","official_structured_record_no_public_file","reviewed_no_recoverable_official_document","official_sources_only"
"520260603-2600-북구제4선거구-100161457-1-선거공보","candidate-doc:100161457:1","2600","부산광역시","520260603","시·도의회의원선거","5","북구제4선거구","100161457","박종율","국민의힘","1","선거공보","official_structured_record_no_public_file","reviewed_no_recoverable_official_document","official_sources_only"
"520260603-2600-북구제4선거구-100157572-1-선거공보","candidate-doc:100157572:1","2600","부산광역시","520260603","시·도의회의원선거","5","북구제4선거구","100157572","김수민","무소속","1","선거공보","official_structured_record_no_public_file","reviewed_no_recoverable_official_document","official_sources_only"
"520260603-2600-수영구제1선거구-100157956-1-선거공보","candidate-doc:100157956:1","2600","부산광역시","520260603","시·도의회의원선거","5","수영구제1선거구","100157956","황성의","더불어민주당","1","선거공보","official_structured_record_no_public_file","reviewed_no_recoverable_official_document","official_sources_only"
"520260603-2600-수영구제1선거구-100162620-1-선거공보","candidate-doc:100162620:1","2600","부산광역시","520260603","시·도의회의원선거","5","수영구제1선거구","100162620","조병제","국민의힘","1","선거공보","official_structured_record_no_public_file","reviewed_no_recoverable_official_document","official_sources_only"
"520260603-2600-수영구제2선거구-100161211-1-선거공보","candidate-doc:100161211:1","2600","부산광역시","520260603","시·도의회의원선거","5","수영구제2선거구","100161211","최영아","더불어민주당","1","선거공보","official_structured_record_no_public_file","reviewed_no_recoverable_official_document","official_sources_only"
"520260603-2600-수영구제2선거구-100162625-1-선거공보","candidate-doc:100162625:1","2600","부산광역시","520260603","시·도의회의원선거","5","수영구제2선거구","100162625","김보언","국민의힘","1","선거공보","official_structured_record_no_public_file","reviewed_no_recoverable_official_document","official_sources_only"
"520260603-2700-동구제2선거구-100163302-1-선거공보","candidate-doc:100163302:1","2700","대구광역시","520260603","시·도의회의원선거","5","동구제2선거구","100163302","박소영","국민의힘","1","선거공보","official_structured_record_no_public_file","reviewed_no_recoverable_official_document","official_sources_only"
"520260603-2800-부평구제5선거구-100155445-1-선거공보","candidate-doc:100155445:1","2800","인천광역시","520260603","시·도의회의원선거","5","부평구제5선거구","100155445","박흥석","더불어민주당","1","선거공보","official_structured_record_no_public_file","reviewed_no_recoverable_official_document","official_sources_only"
"520260603-2800-부평구제6선거구-100158141-1-선거공보","candidate-doc:100158141:1","2800","인천광역시","520260603","시·도의회의원선거","5","부평구제6선거구","100158141","박종혁","더불어민주당","1","선거공보","official_structured_record_no_public_file","reviewed_no_recoverable_official_document","official_sources_only"
"520260603-3100-남구제3선거구-100155095-1-선거공보","candidate-doc:100155095:1","3100","울산광역시","520260603","시·도의회의원선거","5","남구제3선거구","100155095","권수찬","새미래민주당","1","선거공보","official_structured_record_no_public_file","reviewed_no_recoverable_official_document","official_sources_only"
"520260603-4100-수원시제4선거구-100163385-1-선거공보","candidate-doc:100163385:1","4100","경기도","520260603","시·도의회의원선거","5","수원시제4선거구","100163385","조정근","국민의힘","1","선거공보","official_structured_record_no_public_file","reviewed_no_recoverable_official_document","official_sources_only"
"520260603-4100-용인시제3선거구-100162517-1-선거공보","candidate-doc:100162517:1","4100","경기도","520260603","시·도의회의원선거","5","용인시제3선거구","100162517","남종섭","더불어민주당","1","선거공보","official_structured_record_no_public_file","reviewed_no_recoverable_official_document","official_sources_only"
"520260603-4100-고양시제1선거구-100163348-1-선거공보","candidate-doc:100163348:1","4100","경기도","520260603","시·도의회의원선거","5","고양시제1선거구","100163348","이다겸","국민의힘","1","선거공보","official_structured_record_no_public_file","reviewed_no_recoverable_official_document","official_sources_only"
"520260603-4100-고양시제3선거구-100163594-1-선거공보","candidate-doc:100163594:1","4100","경기도","520260603","시·도의회의원선거","5","고양시제3선거구","100163594","류기준","더불어민주당","1","선거공보","official_structured_record_no_public_file","reviewed_no_recoverable_official_document","official_sources_only"
"520260603-4100-화성시제6선거구-100163940-1-선거공보","candidate-doc:100163940:1","4100","경기도","520260603","시·도의회의원선거","5","화성시제6선거구","100163940","김회철","더불어민주당","1","선거공보","official_structured_record_no_public_file","reviewed_no_recoverable_official_document","official_sources_only"
"520260603-4100-화성시제8선거구-100163181-1-선거공보","candidate-doc:100163181:1","4100","경기도","520260603","시·도의회의원선거","5","화성시제8선거구","100163181","김영수","더불어민주당","1","선거공보","official_structured_record_no_public_file","reviewed_no_recoverable_official_document","official_sources_only"
"520260603-4100-성남시제3선거구-100158703-1-선거공보","candidate-doc:100158703:1","4100","경기도","520260603","시·도의회의원선거","5","성남시제3선거구","100158703","김병조","진보당","1","선거공보","official_structured_record_no_public_file","reviewed_no_recoverable_official_document","official_sources_only"
"520260603-4100-부천시제2선거구-100160801-1-선거공보","candidate-doc:100160801:1","4100","경기도","520260603","시·도의회의원선거","5","부천시제2선거구","100160801","박상현","더불어민주당","1","선거공보","official_structured_record_no_public_file","reviewed_no_recoverable_official_document","official_sources_only"
"520260603-4100-남양주시제8선거구-100157504-1-선거공보","candidate-doc:100157504:1","4100","경기도","520260603","시·도의회의원선거","5","남양주시제8선거구","100157504","이병길","국민의힘","1","선거공보","official_structured_record_no_public_file","reviewed_no_recoverable_official_document","official_sources_only"
"520260603-4100-안산시제2선거구-100157525-1-선거공보","candidate-doc:100157525:1","4100","경기도","520260603","시·도의회의원선거","5","안산시제2선거구","100157525","김태희","더불어민주당","1","선거공보","official_structured_record_no_public_file","reviewed_no_recoverable_official_document","official_sources_only"
"520260603-4100-안산시제5선거구-100162460-1-선거공보","candidate-doc:100162460:1","4100","경기도","520260603","시·도의회의원선거","5","안산시제5선거구","100162460","이은미","더불어민주당","1","선거공보","official_structured_record_no_public_file","reviewed_no_recoverable_official_document","official_sources_only"
"520260603-4100-평택시제3선거구-100155140-1-선거공보","candidate-doc:100155140:1","4100","경기도","520260603","시·도의회의원선거","5","평택시제3선거구","100155140","김경옥","더불어민주당","1","선거공보","official_structured_record_no_public_file","reviewed_no_recoverable_official_document","official_sources_only"
"520260603-4100-평택시제3선거구-100158618-1-선거공보","candidate-doc:100158618:1","4100","경기도","520260603","시·도의회의원선거","5","평택시제3선거구","100158618","이동화","국민의힘","1","선거공보","official_structured_record_no_public_file","reviewed_no_recoverable_official_document","official_sources_only"
"520260603-4100-평택시제4선거구-100160694-1-선거공보","candidate-doc:100160694:1","4100","경기도","520260603","시·도의회의원선거","5","평택시제4선거구","100160694","윤성근","국민의힘","1","선거공보","official_structured_record_no_public_file","reviewed_no_recoverable_official_document","official_sources_only"
"520260603-4100-평택시제5선거구-100158250-1-선거공보","candidate-doc:100158250:1","4100","경기도","520260603","시·도의회의원선거","5","평택시제5선거구","100158250","이학수","국민의힘","1","선거공보","official_structured_record_no_public_file","reviewed_no_recoverable_official_document","official_sources_only"
"520260603-4100-평택시제6선거구-100158381-1-선거공보","candidate-doc:100158381:1","4100","경기도","520260603","시·도의회의원선거","5","평택시제6선거구","100158381","한승훈","더불어민주당","1","선거공보","official_structured_record_no_public_file","reviewed_no_recoverable_official_document","official_sources_only"
"520260603-4100-평택시제6선거구-100160261-1-선거공보","candidate-doc:100160261:1","4100","경기도","520260603","시·도의회의원선거","5","평택시제6선거구","100160261","김근용","국민의힘","1","선거공보","official_structured_record_no_public_file","reviewed_no_recoverable_official_document","official_sources_only"
"520260603-4100-시흥시제1선거구-100161234-1-선거공보","candidate-doc:100161234:1","4100","경기도","520260603","시·도의회의원선거","5","시흥시제1선거구","100161234","안광률","더불어민주당","1","선거공보","official_structured_record_no_public_file","reviewed_no_recoverable_official_document","official_sources_only"
"520260603-4100-시흥시제3선거구-100160675-1-선거공보","candidate-doc:100160675:1","4100","경기도","520260603","시·도의회의원선거","5","시흥시제3선거구","100160675","김영훈","더불어민주당","1","선거공보","official_structured_record_no_public_file","reviewed_no_recoverable_official_document","official_sources_only"
"520260603-4100-파주시제1선거구-100162021-1-선거공보","candidate-doc:100162021:1","4100","경기도","520260603","시·도의회의원선거","5","파주시제1선거구","100162021","박은주","더불어민주당","1","선거공보","official_structured_record_no_public_file","reviewed_no_recoverable_official_document","official_sources_only"
"520260603-4100-파주시제2선거구-100155476-1-선거공보","candidate-doc:100155476:1","4100","경기도","520260603","시·도의회의원선거","5","파주시제2선거구","100155476","손희정","더불어민주당","1","선거공보","official_structured_record_no_public_file","reviewed_no_recoverable_official_document","official_sources_only"
"520260603-4100-파주시제2선거구-100157123-1-선거공보","candidate-doc:100157123:1","4100","경기도","520260603","시·도의회의원선거","5","파주시제2선거구","100157123","김광선","국민의힘","1","선거공보","official_structured_record_no_public_file","reviewed_no_recoverable_official_document","official_sources_only"
"520260603-4100-파주시제3선거구-100162744-1-선거공보","candidate-doc:100162744:1","4100","경기도","520260603","시·도의회의원선거","5","파주시제3선거구","100162744","손성익","더불어민주당","1","선거공보","official_structured_record_no_public_file","reviewed_no_recoverable_official_document","official_sources_only"
"520260603-4100-파주시제3선거구-100165675-1-선거공보","candidate-doc:100165675:1","4100","경기도","520260603","시·도의회의원선거","5","파주시제3선거구","100165675","정국진","국민의힘","1","선거공보","official_structured_record_no_public_file","reviewed_no_recoverable_official_document","official_sources_only"
"520260603-4100-파주시제4선거구-100158168-1-선거공보","candidate-doc:100158168:1","4100","경기도","520260603","시·도의회의원선거","5","파주시제4선거구","100158168","김순현","더불어민주당","1","선거공보","official_structured_record_no_public_file","reviewed_no_recoverable_official_document","official_sources_only"
"520260603-4100-파주시제4선거구-100158339-1-선거공보","candidate-doc:100158339:1","4100","경기도","520260603","시·도의회의원선거","5","파주시제4선거구","100158339","이한국","국민의힘","1","선거공보","official_structured_record_no_public_file","reviewed_no_recoverable_official_document","official_sources_only"
"520260603-4100-파주시제5선거구-100160436-1-선거공보","candidate-doc:100160436:1","4100","경기도","520260603","시·도의회의원선거","5","파주시제5선거구","100160436","이종춘","더불어민주당","1","선거공보","official_structured_record_no_public_file","reviewed_no_recoverable_official_document","official_sources_only"
"520260603-4100-파주시제5선거구-100155791-1-선거공보","candidate-doc:100155791:1","4100","경기도","520260603","시·도의회의원선거","5","파주시제5선거구","100155791","한규민","국민의힘","1","선거공보","official_structured_record_no_public_file","reviewed_no_recoverable_official_document","official_sources_only"
"520260603-4100-의정부시제3선거구-100160544-1-선거공보","candidate-doc:100160544:1","4100","경기도","520260603","시·도의회의원선거","5","의정부시제3선거구","100160544","김지호","더불어민주당","1","선거공보","official_structured_record_no_public_file","reviewed_no_recoverable_official_document","official_sources_only"
"520260603-4100-의정부시제3선거구-100161783-1-선거공보","candidate-doc:100161783:1","4100","경기도","520260603","시·도의회의원선거","5","의정부시제3선거구","100161783","이철호","국민의힘","1","선거공보","official_structured_record_no_public_file","reviewed_no_recoverable_official_document","official_sources_only"
"520260603-4100-의정부시제4선거구-100163557-1-선거공보","candidate-doc:100163557:1","4100","경기도","520260603","시·도의회의원선거","5","의정부시제4선거구","100163557","박웅비","국민의힘","1","선거공보","official_structured_record_no_public_file","reviewed_no_recoverable_official_document","official_sources_only"
"520260603-4100-군포시제4선거구-100163433-1-선거공보","candidate-doc:100163433:1","4100","경기도","520260603","시·도의회의원선거","5","군포시제4선거구","100163433","김귀근","더불어민주당","1","선거공보","official_structured_record_no_public_file","reviewed_no_recoverable_official_document","official_sources_only"
"520260603-5200-춘천시제2선거구-100153893-1-선거공보","candidate-doc:100153893:1","5200","강원특별자치도","520260603","시·도의회의원선거","5","춘천시제2선거구","100153893","이교선","더불어민주당","1","선거공보","official_structured_record_no_public_file","reviewed_no_recoverable_official_document","official_sources_only"
"520260603-5200-원주시제9선거구-100163692-1-선거공보","candidate-doc:100163692:1","5200","강원특별자치도","520260603","시·도의회의원선거","5","원주시제9선거구","100163692","장이수","무소속","1","선거공보","official_structured_record_no_public_file","reviewed_no_recoverable_official_document","official_sources_only"
"520260603-5200-홍천군제1선거구-100162039-1-선거공보","candidate-doc:100162039:1","5200","강원특별자치도","520260603","시·도의회의원선거","5","홍천군제1선거구","100162039","이영욱","국민의힘","1","선거공보","official_structured_record_no_public_file","reviewed_no_recoverable_official_document","official_sources_only"
"520260603-5200-홍천군제2선거구-100161143-1-선거공보","candidate-doc:100161143:1","5200","강원특별자치도","520260603","시·도의회의원선거","5","홍천군제2선거구","100161143","나기호","더불어민주당","1","선거공보","official_structured_record_no_public_file","reviewed_no_recoverable_official_document","official_sources_only"
"520260603-5200-홍천군제2선거구-100162380-1-선거공보","candidate-doc:100162380:1","5200","강원특별자치도","520260603","시·도의회의원선거","5","홍천군제2선거구","100162380","홍성기","국민의힘","1","선거공보","official_structured_record_no_public_file","reviewed_no_recoverable_official_document","official_sources_only"
"520260603-5200-홍천군제2선거구-100155613-1-선거공보","candidate-doc:100155613:1","5200","강원특별자치도","520260603","시·도의회의원선거","5","홍천군제2선거구","100155613","박현중","무소속","1","선거공보","official_structured_record_no_public_file","reviewed_no_recoverable_official_document","official_sources_only"
"520260603-4300-괴산군선거구-100158702-1-선거공보","candidate-doc:100158702:1","4300","충청북도","520260603","시·도의회의원선거","5","괴산군선거구","100158702","이완철","더불어민주당","1","선거공보","official_structured_record_no_public_file","reviewed_no_recoverable_official_document","official_sources_only"
"520260603-4400-천안시제4선거구-100161577-1-선거공보","candidate-doc:100161577:1","4400","충청남도","520260603","시·도의회의원선거","5","천안시제4선거구","100161577","구형서","더불어민주당","1","선거공보","official_structured_record_no_public_file","reviewed_no_recoverable_official_document","official_sources_only"
"520260603-4400-천안시제5선거구-100163622-1-선거공보","candidate-doc:100163622:1","4400","충청남도","520260603","시·도의회의원선거","5","천안시제5선거구","100163622","김재호","더불어민주당","1","선거공보","official_structured_record_no_public_file","reviewed_no_recoverable_official_document","official_sources_only"
"520260603-5300-전주시제1선거구-100163520-1-선거공보","candidate-doc:100163520:1","5300","전북특별자치도","520260603","시·도의회의원선거","5","전주시제1선거구","100163520","이병도","더불어민주당","1","선거공보","official_structured_record_no_public_file","reviewed_no_recoverable_official_document","official_sources_only"
"520260603-5300-전주시제2선거구-100165274-1-선거공보","candidate-doc:100165274:1","5300","전북특별자치도","520260603","시·도의회의원선거","5","전주시제2선거구","100165274","진형석","더불어민주당","1","선거공보","official_structured_record_no_public_file","reviewed_no_recoverable_official_document","official_sources_only"
"520260603-5300-전주시제3선거구-100161205-1-선거공보","candidate-doc:100161205:1","5300","전북특별자치도","520260603","시·도의회의원선거","5","전주시제3선거구","100161205","배정현","조국혁신당","1","선거공보","official_structured_record_no_public_file","reviewed_no_recoverable_official_document","official_sources_only"
"520260603-5300-전주시제4선거구-100156068-1-선거공보","candidate-doc:100156068:1","5300","전북특별자치도","520260603","시·도의회의원선거","5","전주시제4선거구","100156068","장연국","더불어민주당","1","선거공보","official_structured_record_no_public_file","reviewed_no_recoverable_official_document","official_sources_only"
"520260603-5300-전주시제5선거구-100154469-1-선거공보","candidate-doc:100154469:1","5300","전북특별자치도","520260603","시·도의회의원선거","5","전주시제5선거구","100154469","송재영","더불어민주당","1","선거공보","official_structured_record_no_public_file","reviewed_no_recoverable_official_document","official_sources_only"
"520260603-5300-전주시제6선거구-100156103-1-선거공보","candidate-doc:100156103:1","5300","전북특별자치도","520260603","시·도의회의원선거","5","전주시제6선거구","100156103","김희수","더불어민주당","1","선거공보","official_structured_record_no_public_file","reviewed_no_recoverable_official_document","official_sources_only"
"520260603-5300-전주시제7선거구-100164981-1-선거공보","candidate-doc:100164981:1","5300","전북특별자치도","520260603","시·도의회의원선거","5","전주시제7선거구","100164981","천서영","국민의힘","1","선거공보","official_structured_record_no_public_file","reviewed_no_recoverable_official_document","official_sources_only"
"520260603-5300-전주시제8선거구-100160786-1-선거공보","candidate-doc:100160786:1","5300","전북특별자치도","520260603","시·도의회의원선거","5","전주시제8선거구","100160786","남관우","더불어민주당","1","선거공보","official_structured_record_no_public_file","reviewed_no_recoverable_official_document","official_sources_only"
"520260603-5300-전주시제9선거구-100158161-1-선거공보","candidate-doc:100158161:1","5300","전북특별자치도","520260603","시·도의회의원선거","5","전주시제9선거구","100158161","서난이","더불어민주당","1","선거공보","official_structured_record_no_public_file","reviewed_no_recoverable_official_document","official_sources_only"
"520260603-5300-전주시제10선거구-100162042-1-선거공보","candidate-doc:100162042:1","5300","전북특별자치도","520260603","시·도의회의원선거","5","전주시제10선거구","100162042","이명연","더불어민주당","1","선거공보","official_structured_record_no_public_file","reviewed_no_recoverable_official_document","official_sources_only"
"520260603-5300-전주시제11선거구-100157972-1-선거공보","candidate-doc:100157972:1","5300","전북특별자치도","520260603","시·도의회의원선거","5","전주시제11선거구","100157972","김남규","더불어민주당","1","선거공보","official_structured_record_no_public_file","reviewed_no_recoverable_official_document","official_sources_only"
"520260603-5300-전주시제12선거구-100154410-1-선거공보","candidate-doc:100154410:1","5300","전북특별자치도","520260603","시·도의회의원선거","5","전주시제12선거구","100154410","노경만","더불어민주당","1","선거공보","official_structured_record_no_public_file","reviewed_no_recoverable_official_document","official_sources_only"
"520260603-5300-군산시제2선거구-100155907-1-선거공보","candidate-doc:100155907:1","5300","전북특별자치도","520260603","시·도의회의원선거","5","군산시제2선거구","100155907","김동구","더불어민주당","1","선거공보","official_structured_record_no_public_file","reviewed_no_recoverable_official_document","official_sources_only"
"520260603-5300-군산시제2선거구-100157378-1-선거공보","candidate-doc:100157378:1","5300","전북특별자치도","520260603","시·도의회의원선거","5","군산시제2선거구","100157378","안근","조국혁신당","1","선거공보","official_structured_record_no_public_file","reviewed_no_recoverable_official_document","official_sources_only"
"520260603-5300-군산시제3선거구-100165111-1-선거공보","candidate-doc:100165111:1","5300","전북특별자치도","520260603","시·도의회의원선거","5","군산시제3선거구","100165111","나종대","더불어민주당","1","선거공보","official_structured_record_no_public_file","reviewed_no_recoverable_official_document","official_sources_only"
"520260603-5300-군산시제4선거구-100154283-1-선거공보","candidate-doc:100154283:1","5300","전북특별자치도","520260603","시·도의회의원선거","5","군산시제4선거구","100154283","한준희","더불어민주당","1","선거공보","official_structured_record_no_public_file","reviewed_no_recoverable_official_document","official_sources_only"
"520260603-5300-군산시제5선거구-100163145-1-선거공보","candidate-doc:100163145:1","5300","전북특별자치도","520260603","시·도의회의원선거","5","군산시제5선거구","100163145","김우민","더불어민주당","1","선거공보","official_structured_record_no_public_file","reviewed_no_recoverable_official_document","official_sources_only"
"520260603-5300-익산시제1선거구-100162867-1-선거공보","candidate-doc:100162867:1","5300","전북특별자치도","520260603","시·도의회의원선거","5","익산시제1선거구","100162867","최종오","더불어민주당","1","선거공보","official_structured_record_no_public_file","reviewed_no_recoverable_official_document","official_sources_only"
"520260603-5300-익산시제2선거구-100157639-1-선거공보","candidate-doc:100157639:1","5300","전북특별자치도","520260603","시·도의회의원선거","5","익산시제2선거구","100157639","조은희","더불어민주당","1","선거공보","official_structured_record_no_public_file","reviewed_no_recoverable_official_document","official_sources_only"
"520260603-5300-익산시제3선거구-100157420-1-선거공보","candidate-doc:100157420:1","5300","전북특별자치도","520260603","시·도의회의원선거","5","익산시제3선거구","100157420","김경진","더불어민주당","1","선거공보","official_structured_record_no_public_file","reviewed_no_recoverable_official_document","official_sources_only"
"520260603-5300-익산시제4선거구-100155222-1-선거공보","candidate-doc:100155222:1","5300","전북특별자치도","520260603","시·도의회의원선거","5","익산시제4선거구","100155222","한정수","더불어민주당","1","선거공보","official_structured_record_no_public_file","reviewed_no_recoverable_official_document","official_sources_only"
"520260603-5300-익산시제5선거구-100154153-1-선거공보","candidate-doc:100154153:1","5300","전북특별자치도","520260603","시·도의회의원선거","5","익산시제5선거구","100154153","김대중","더불어민주당","1","선거공보","official_structured_record_no_public_file","reviewed_no_recoverable_official_document","official_sources_only"
"520260603-5300-정읍시제1선거구-100154075-1-선거공보","candidate-doc:100154075:1","5300","전북특별자치도","520260603","시·도의회의원선거","5","정읍시제1선거구","100154075","임승식","더불어민주당","1","선거공보","official_structured_record_no_public_file","reviewed_no_recoverable_official_document","official_sources_only"
"520260603-5300-정읍시제2선거구-100154849-1-선거공보","candidate-doc:100154849:1","5300","전북특별자치도","520260603","시·도의회의원선거","5","정읍시제2선거구","100154849","염영선","더불어민주당","1","선거공보","official_structured_record_no_public_file","reviewed_no_recoverable_official_document","official_sources_only"
"520260603-5300-정읍시제2선거구-100156640-1-선거공보","candidate-doc:100156640:1","5300","전북특별자치도","520260603","시·도의회의원선거","5","정읍시제2선거구","100156640","이윤호","조국혁신당","1","선거공보","official_structured_record_no_public_file","reviewed_no_recoverable_official_document","official_sources_only"
"520260603-5300-김제시제1선거구-100156972-1-선거공보","candidate-doc:100156972:1","5300","전북특별자치도","520260603","시·도의회의원선거","5","김제시제1선거구","100156972","김주택","더불어민주당","1","선거공보","official_structured_record_no_public_file","reviewed_no_recoverable_official_document","official_sources_only"
"520260603-5300-김제시제2선거구-100158070-1-선거공보","candidate-doc:100158070:1","5300","전북특별자치도","520260603","시·도의회의원선거","5","김제시제2선거구","100158070","김영자","더불어민주당","1","선거공보","official_structured_record_no_public_file","reviewed_no_recoverable_official_document","official_sources_only"
"520260603-5300-김제시제2선거구-100156256-1-선거공보","candidate-doc:100156256:1","5300","전북특별자치도","520260603","시·도의회의원선거","5","김제시제2선거구","100156256","백창민","무소속","1","선거공보","official_structured_record_no_public_file","reviewed_no_recoverable_official_document","official_sources_only"
"520260603-5300-완주군제1선거구-100156013-1-선거공보","candidate-doc:100156013:1","5300","전북특별자치도","520260603","시·도의회의원선거","5","완주군제1선거구","100156013","윤수봉","더불어민주당","1","선거공보","official_structured_record_no_public_file","reviewed_no_recoverable_official_document","official_sources_only"
"520260603-5300-완주군제2선거구-100157704-1-선거공보","candidate-doc:100157704:1","5300","전북특별자치도","520260603","시·도의회의원선거","5","완주군제2선거구","100157704","권요안","더불어민주당","1","선거공보","official_structured_record_no_public_file","reviewed_no_recoverable_official_document","official_sources_only"
"520260603-5300-무주군선거구-100154456-1-선거공보","candidate-doc:100154456:1","5300","전북특별자치도","520260603","시·도의회의원선거","5","무주군선거구","100154456","유송열","더불어민주당","1","선거공보","official_structured_record_no_public_file","reviewed_no_recoverable_official_document","official_sources_only"
"520260603-5300-장수군선거구-100160395-1-선거공보","candidate-doc:100160395:1","5300","전북특별자치도","520260603","시·도의회의원선거","5","장수군선거구","100160395","장정복","더불어민주당","1","선거공보","official_structured_record_no_public_file","reviewed_no_recoverable_official_document","official_sources_only"
"520260603-5300-장수군선거구-100158310-1-선거공보","candidate-doc:100158310:1","5300","전북특별자치도","520260603","시·도의회의원선거","5","장수군선거구","100158310","박용근","무소속","1","선거공보","official_structured_record_no_public_file","reviewed_no_recoverable_official_document","official_sources_only"
"520260603-5300-고창군제1선거구-100159373-1-선거공보","candidate-doc:100159373:1","5300","전북특별자치도","520260603","시·도의회의원선거","5","고창군제1선거구","100159373","김성수","더불어민주당","1","선거공보","official_structured_record_no_public_file","reviewed_no_recoverable_official_document","official_sources_only"
"520260603-5300-고창군제2선거구-100154144-1-선거공보","candidate-doc:100154144:1","5300","전북특별자치도","520260603","시·도의회의원선거","5","고창군제2선거구","100154144","김정강","더불어민주당","1","선거공보","official_structured_record_no_public_file","reviewed_no_recoverable_official_document","official_sources_only"
"520260603-4700-포항시제4선거구-100163625-1-선거공보","candidate-doc:100163625:1","4700","경상북도","520260603","시·도의회의원선거","5","포항시제4선거구","100163625","연규식","국민의힘","1","선거공보","official_structured_record_no_public_file","reviewed_no_recoverable_official_document","official_sources_only"
"520260603-4700-포항시제5선거구-100163417-1-선거공보","candidate-doc:100163417:1","4700","경상북도","520260603","시·도의회의원선거","5","포항시제5선거구","100163417","김희수","국민의힘","1","선거공보","official_structured_record_no_public_file","reviewed_no_recoverable_official_document","official_sources_only"
"520260603-4700-포항시제6선거구-100162708-1-선거공보","candidate-doc:100162708:1","4700","경상북도","520260603","시·도의회의원선거","5","포항시제6선거구","100162708","서재원","국민의힘","1","선거공보","official_structured_record_no_public_file","reviewed_no_recoverable_official_document","official_sources_only"
"520260603-4700-포항시제7선거구-100161909-1-선거공보","candidate-doc:100161909:1","4700","경상북도","520260603","시·도의회의원선거","5","포항시제7선거구","100161909","이동업","국민의힘","1","선거공보","official_structured_record_no_public_file","reviewed_no_recoverable_official_document","official_sources_only"
"520260603-4700-경주시제1선거구-100159874-1-선거공보","candidate-doc:100159874:1","4700","경상북도","520260603","시·도의회의원선거","5","경주시제1선거구","100159874","배진석","국민의힘","1","선거공보","official_structured_record_no_public_file","reviewed_no_recoverable_official_document","official_sources_only"
"520260603-4700-경주시제2선거구-100159072-1-선거공보","candidate-doc:100159072:1","4700","경상북도","520260603","시·도의회의원선거","5","경주시제2선거구","100159072","최덕규","국민의힘","1","선거공보","official_structured_record_no_public_file","reviewed_no_recoverable_official_document","official_sources_only"
"520260603-4700-경주시제3선거구-100161382-1-선거공보","candidate-doc:100161382:1","4700","경상북도","520260603","시·도의회의원선거","5","경주시제3선거구","100161382","최병준","국민의힘","1","선거공보","official_structured_record_no_public_file","reviewed_no_recoverable_official_document","official_sources_only"
"520260603-4700-경주시제4선거구-100162802-1-선거공보","candidate-doc:100162802:1","4700","경상북도","520260603","시·도의회의원선거","5","경주시제4선거구","100162802","이동협","국민의힘","1","선거공보","official_structured_record_no_public_file","reviewed_no_recoverable_official_document","official_sources_only"
"520260603-4700-경주시제5선거구-100158823-1-선거공보","candidate-doc:100158823:1","4700","경상북도","520260603","시·도의회의원선거","5","경주시제5선거구","100158823","박승직","국민의힘","1","선거공보","official_structured_record_no_public_file","reviewed_no_recoverable_official_document","official_sources_only"
"520260603-4700-김천시제1선거구-100162812-1-선거공보","candidate-doc:100162812:1","4700","경상북도","520260603","시·도의회의원선거","5","김천시제1선거구","100162812","최병근","국민의힘","1","선거공보","official_structured_record_no_public_file","reviewed_no_recoverable_official_document","official_sources_only"
"520260603-4700-김천시제2선거구-100161391-1-선거공보","candidate-doc:100161391:1","4700","경상북도","520260603","시·도의회의원선거","5","김천시제2선거구","100161391","이우청","국민의힘","1","선거공보","official_structured_record_no_public_file","reviewed_no_recoverable_official_document","official_sources_only"
"520260603-4700-안동시제1선거구-100163912-1-선거공보","candidate-doc:100163912:1","4700","경상북도","520260603","시·도의회의원선거","5","안동시제1선거구","100163912","김대진","국민의힘","1","선거공보","official_structured_record_no_public_file","reviewed_no_recoverable_official_document","official_sources_only"
"520260603-4700-영주시제1선거구-100161253-1-선거공보","candidate-doc:100161253:1","4700","경상북도","520260603","시·도의회의원선거","5","영주시제1선거구","100161253","조중열","더불어민주당","1","선거공보","official_structured_record_no_public_file","reviewed_no_recoverable_official_document","official_sources_only"
"520260603-4700-영주시제2선거구-100156833-1-선거공보","candidate-doc:100156833:1","4700","경상북도","520260603","시·도의회의원선거","5","영주시제2선거구","100156833","임무석","국민의힘","1","선거공보","official_structured_record_no_public_file","reviewed_no_recoverable_official_document","official_sources_only"
"520260603-4700-영주시제2선거구-100165205-1-선거공보","candidate-doc:100165205:1","4700","경상북도","520260603","시·도의회의원선거","5","영주시제2선거구","100165205","임병하","무소속","1","선거공보","official_structured_record_no_public_file","reviewed_no_recoverable_official_document","official_sources_only"
"520260603-4700-영주시제2선거구-100163599-1-선거공보","candidate-doc:100163599:1","4700","경상북도","520260603","시·도의회의원선거","5","영주시제2선거구","100163599","김덕환","무소속","1","선거공보","official_structured_record_no_public_file","reviewed_no_recoverable_official_document","official_sources_only"
"520260603-4700-영천시제1선거구-100163884-1-선거공보","candidate-doc:100163884:1","4700","경상북도","520260603","시·도의회의원선거","5","영천시제1선거구","100163884","이춘우","국민의힘","1","선거공보","official_structured_record_no_public_file","reviewed_no_recoverable_official_document","official_sources_only"
"520260603-4700-영천시제2선거구-100158151-1-선거공보","candidate-doc:100158151:1","4700","경상북도","520260603","시·도의회의원선거","5","영천시제2선거구","100158151","윤승오","국민의힘","1","선거공보","official_structured_record_no_public_file","reviewed_no_recoverable_official_document","official_sources_only"
"520260603-4700-문경시제2선거구-100162248-1-선거공보","candidate-doc:100162248:1","4700","경상북도","520260603","시·도의회의원선거","5","문경시제2선거구","100162248","김창기","국민의힘","1","선거공보","official_structured_record_no_public_file","reviewed_no_recoverable_official_document","official_sources_only"
"520260603-4700-의성군제2선거구-100156763-1-선거공보","candidate-doc:100156763:1","4700","경상북도","520260603","시·도의회의원선거","5","의성군제2선거구","100156763","김수문","국민의힘","1","선거공보","official_structured_record_no_public_file","reviewed_no_recoverable_official_document","official_sources_only"
"520260603-4700-청송군선거구-100156646-1-선거공보","candidate-doc:100156646:1","4700","경상북도","520260603","시·도의회의원선거","5","청송군선거구","100156646","신효광","국민의힘","1","선거공보","official_structured_record_no_public_file","reviewed_no_recoverable_official_document","official_sources_only"
"520260603-4700-청도군선거구-100156764-1-선거공보","candidate-doc:100156764:1","4700","경상북도","520260603","시·도의회의원선거","5","청도군선거구","100156764","이종평","국민의힘","1","선거공보","official_structured_record_no_public_file","reviewed_no_recoverable_official_document","official_sources_only"
"520260603-4700-고령군선거구-100161819-1-선거공보","candidate-doc:100161819:1","4700","경상북도","520260603","시·도의회의원선거","5","고령군선거구","100161819","노성환","국민의힘","1","선거공보","official_structured_record_no_public_file","reviewed_no_recoverable_official_document","official_sources_only"
"520260603-4700-성주군선거구-100161815-1-선거공보","candidate-doc:100161815:1","4700","경상북도","520260603","시·도의회의원선거","5","성주군선거구","100161815","도희재","국민의힘","1","선거공보","official_structured_record_no_public_file","reviewed_no_recoverable_official_document","official_sources_only"
"520260603-4700-칠곡군제1선거구-100162234-1-선거공보","candidate-doc:100162234:1","4700","경상북도","520260603","시·도의회의원선거","5","칠곡군제1선거구","100162234","정한석","국민의힘","1","선거공보","official_structured_record_no_public_file","reviewed_no_recoverable_official_document","official_sources_only"
"520260603-4700-칠곡군제2선거구-100162242-1-선거공보","candidate-doc:100162242:1","4700","경상북도","520260603","시·도의회의원선거","5","칠곡군제2선거구","100162242","박순범","국민의힘","1","선거공보","official_structured_record_no_public_file","reviewed_no_recoverable_official_document","official_sources_only"
"520260603-4700-울진군선거구-100160178-1-선거공보","candidate-doc:100160178:1","4700","경상북도","520260603","시·도의회의원선거","5","울진군선거구","100160178","김재준","국민의힘","1","선거공보","official_structured_record_no_public_file","reviewed_no_recoverable_official_document","official_sources_only"
"520260603-4700-울릉군선거구-100154170-1-선거공보","candidate-doc:100154170:1","4700","경상북도","520260603","시·도의회의원선거","5","울릉군선거구","100154170","정윤태","국민의힘","1","선거공보","official_structured_record_no_public_file","reviewed_no_recoverable_official_document","official_sources_only"
"520260603-4800-김해시제4선거구-100159283-1-선거공보","candidate-doc:100159283:1","4800","경상남도","520260603","시·도의회의원선거","5","김해시제4선거구","100159283","류명열","국민의힘","1","선거공보","official_structured_record_no_public_file","reviewed_no_recoverable_official_document","official_sources_only"
"520260603-4800-김해시제7선거구-100158272-1-선거공보","candidate-doc:100158272:1","4800","경상남도","520260603","시·도의회의원선거","5","김해시제7선거구","100158272","이시영","국민의힘","1","선거공보","official_structured_record_no_public_file","reviewed_no_recoverable_official_document","official_sources_only"
"520260603-4800-김해시제8선거구-100161173-1-선거공보","candidate-doc:100161173:1","4800","경상남도","520260603","시·도의회의원선거","5","김해시제8선거구","100161173","장지현","무소속","1","선거공보","official_structured_record_no_public_file","reviewed_no_recoverable_official_document","official_sources_only"
"520260603-4800-양산시제1선거구-100156884-1-선거공보","candidate-doc:100156884:1","4800","경상남도","520260603","시·도의회의원선거","5","양산시제1선거구","100156884","이상열","더불어민주당","1","선거공보","official_structured_record_no_public_file","reviewed_no_recoverable_official_document","official_sources_only"
"520260603-4800-양산시제2선거구-100156642-1-선거공보","candidate-doc:100156642:1","4800","경상남도","520260603","시·도의회의원선거","5","양산시제2선거구","100156642","윤영미","진보당","1","선거공보","official_structured_record_no_public_file","reviewed_no_recoverable_official_document","official_sources_only"
"520260603-4800-의령군선거구-100159331-1-선거공보","candidate-doc:100159331:1","4800","경상남도","520260603","시·도의회의원선거","5","의령군선거구","100159331","김봉남","국민의힘","1","선거공보","official_structured_record_no_public_file","reviewed_no_recoverable_official_document","official_sources_only"
"520260603-4900-제주특별자치도-제주시-일도1동-이도1동-건입동선거구-100162508-1-선거공보","candidate-doc:100162508:1","4900","제주특별자치도","520260603","시·도의회의원선거","5","제주특별자치도 제주시 일도1동·이도1동·건입동선거구","100162508","한권","더불어민주당","1","선거공보","official_structured_record_no_public_file","reviewed_no_recoverable_official_document","official_sources_only"
"520260603-4900-제주특별자치도-제주시-이도2동갑선거구-100163106-1-선거공보","candidate-doc:100163106:1","4900","제주특별자치도","520260603","시·도의회의원선거","5","제주특별자치도 제주시 이도2동갑선거구","100163106","김기환","더불어민주당","1","선거공보","official_structured_record_no_public_file","reviewed_no_recoverable_official_document","official_sources_only"
"520260603-4900-제주특별자치도-제주시-화북동선거구-100157833-1-선거공보","candidate-doc:100157833:1","4900","제주특별자치도","520260603","시·도의회의원선거","5","제주특별자치도 제주시 화북동선거구","100157833","강성의","더불어민주당","1","선거공보","official_structured_record_no_public_file","reviewed_no_recoverable_official_document","official_sources_only"
"520260603-4900-제주특별자치도-제주시-삼양동-봉개동선거구-100155671-1-선거공보","candidate-doc:100155671:1","4900","제주특별자치도","520260603","시·도의회의원선거","5","제주특별자치도 제주시 삼양동·봉개동선거구","100155671","박안수","더불어민주당","1","선거공보","official_structured_record_no_public_file","reviewed_no_recoverable_official_document","official_sources_only"
"520260603-4900-제주특별자치도-제주시-아라동갑선거구-100154766-1-선거공보","candidate-doc:100154766:1","4900","제주특별자치도","520260603","시·도의회의원선거","5","제주특별자치도 제주시 아라동갑선거구","100154766","김봉현","더불어민주당","1","선거공보","official_structured_record_no_public_file","reviewed_no_recoverable_official_document","official_sources_only"
"520260603-4900-제주특별자치도-제주시-애월읍을선거구-100161045-1-선거공보","candidate-doc:100161045:1","4900","제주특별자치도","520260603","시·도의회의원선거","5","제주특별자치도 제주시 애월읍을선거구","100161045","강봉직","더불어민주당","1","선거공보","official_structured_record_no_public_file","reviewed_no_recoverable_official_document","official_sources_only"
"520260603-4900-제주특별자치도-서귀포시-대천동-중문동-예래동선거구-100158090-1-선거공보","candidate-doc:100158090:1","4900","제주특별자치도","520260603","시·도의회의원선거","5","제주특별자치도 서귀포시 대천동·중문동·예래동선거구","100158090","임정은","더불어민주당","1","선거공보","official_structured_record_no_public_file","reviewed_no_recoverable_official_document","official_sources_only"
"520260603-4900-제주특별자치도-서귀포시-남원읍선거구-100162785-1-선거공보","candidate-doc:100162785:1","4900","제주특별자치도","520260603","시·도의회의원선거","5","제주특별자치도 서귀포시 남원읍선거구","100162785","송영훈","더불어민주당","1","선거공보","official_structured_record_no_public_file","reviewed_no_recoverable_official_document","official_sources_only"
"620260603-1100-종로구나선거구-100155608-1-선거공보","candidate-doc:100155608:1","1100","서울특별시","620260603","구·시·군의회의원선거","6","종로구나선거구","100155608","노진경","더불어민주당","1","선거공보","official_structured_record_no_public_file","reviewed_no_recoverable_official_document","official_sources_only"
"620260603-1100-종로구나선거구-100156573-1-선거공보","candidate-doc:100156573:1","1100","서울특별시","620260603","구·시·군의회의원선거","6","종로구나선거구","100156573","김호준","국민의힘","1","선거공보","official_structured_record_no_public_file","reviewed_no_recoverable_official_document","official_sources_only"
"620260603-1100-종로구라선거구-100162863-1-선거공보","candidate-doc:100162863:1","1100","서울특별시","620260603","구·시·군의회의원선거","6","종로구라선거구","100162863","김종보","더불어민주당","1","선거공보","official_structured_record_no_public_file","reviewed_no_recoverable_official_document","official_sources_only"
"620260603-1100-종로구라선거구-100159054-1-선거공보","candidate-doc:100159054:1","1100","서울특별시","620260603","구·시·군의회의원선거","6","종로구라선거구","100159054","유양순","더불어민주당","1","선거공보","official_structured_record_no_public_file","reviewed_no_recoverable_official_document","official_sources_only"
"620260603-1100-종로구라선거구-100160164-1-선거공보","candidate-doc:100160164:1","1100","서울특별시","620260603","구·시·군의회의원선거","6","종로구라선거구","100160164","이시훈","국민의힘","1","선거공보","official_structured_record_no_public_file","reviewed_no_recoverable_official_document","official_sources_only"
"620260603-1100-중구가선거구-100163316-1-선거공보","candidate-doc:100163316:1","1100","서울특별시","620260603","구·시·군의회의원선거","6","중구가선거구","100163316","윤판오","더불어민주당","1","선거공보","official_structured_record_no_public_file","reviewed_no_recoverable_official_document","official_sources_only"
"620260603-1100-중구가선거구-100162404-1-선거공보","candidate-doc:100162404:1","1100","서울특별시","620260603","구·시·군의회의원선거","6","중구가선거구","100162404","손주하","국민의힘","1","선거공보","official_structured_record_no_public_file","reviewed_no_recoverable_official_document","official_sources_only"
"620260603-1100-용산구나선거구-100162316-1-선거공보","candidate-doc:100162316:1","1100","서울특별시","620260603","구·시·군의회의원선거","6","용산구나선거구","100162316","안태홍","더불어민주당","1","선거공보","official_structured_record_no_public_file","reviewed_no_recoverable_official_document","official_sources_only"
"620260603-1100-용산구나선거구-100163282-1-선거공보","candidate-doc:100163282:1","1100","서울특별시","620260603","구·시·군의회의원선거","6","용산구나선거구","100163282","김동현","국민의힘","1","선거공보","official_structured_record_no_public_file","reviewed_no_recoverable_official_document","official_sources_only"
"620260603-1100-용산구라선거구-100163541-1-선거공보","candidate-doc:100163541:1","1100","서울특별시","620260603","구·시·군의회의원선거","6","용산구라선거구","100163541","김경욱","더불어민주당","1","선거공보","official_structured_record_no_public_file","reviewed_no_recoverable_official_document","official_sources_only"
"620260603-1100-용산구라선거구-100162568-1-선거공보","candidate-doc:100162568:1","1100","서울특별시","620260603","구·시·군의회의원선거","6","용산구라선거구","100162568","장정호","국민의힘","1","선거공보","official_structured_record_no_public_file","reviewed_no_recoverable_official_document","official_sources_only"
"620260603-1100-성동구가선거구-100163375-1-선거공보","candidate-doc:100163375:1","1100","서울특별시","620260603","구·시·군의회의원선거","6","성동구가선거구","100163375","양옥희","더불어민주당","1","선거공보","official_structured_record_no_public_file","reviewed_no_recoverable_official_document","official_sources_only"
"620260603-1100-성동구가선거구-100158109-1-선거공보","candidate-doc:100158109:1","1100","서울특별시","620260603","구·시·군의회의원선거","6","성동구가선거구","100158109","조진호","더불어민주당","1","선거공보","official_structured_record_no_public_file","reviewed_no_recoverable_official_document","official_sources_only"
"620260603-1100-성동구가선거구-100162682-1-선거공보","candidate-doc:100162682:1","1100","서울특별시","620260603","구·시·군의회의원선거","6","성동구가선거구","100162682","엄경석","국민의힘","1","선거공보","official_structured_record_no_public_file","reviewed_no_recoverable_official_document","official_sources_only"
"620260603-1100-성동구나선거구-100162986-1-선거공보","candidate-doc:100162986:1","1100","서울특별시","620260603","구·시·군의회의원선거","6","성동구나선거구","100162986","조복심","더불어민주당","1","선거공보","official_structured_record_no_public_file","reviewed_no_recoverable_official_document","official_sources_only"
"620260603-1100-성동구나선거구-100163033-1-선거공보","candidate-doc:100163033:1","1100","서울특별시","620260603","구·시·군의회의원선거","6","성동구나선거구","100163033","박함윗","국민의힘","1","선거공보","official_structured_record_no_public_file","reviewed_no_recoverable_official_document","official_sources_only"
"620260603-1100-성동구다선거구-100165041-1-선거공보","candidate-doc:100165041:1","1100","서울특별시","620260603","구·시·군의회의원선거","6","성동구다선거구","100165041","오천수","더불어민주당","1","선거공보","official_structured_record_no_public_file","reviewed_no_recoverable_official_document","official_sources_only"
"620260603-1100-성동구다선거구-100162936-1-선거공보","candidate-doc:100162936:1","1100","서울특별시","620260603","구·시·군의회의원선거","6","성동구다선거구","100162936","이영심","더불어민주당","1","선거공보","official_structured_record_no_public_file","reviewed_no_recoverable_official_document","official_sources_only"
"620260603-1100-성동구다선거구-100162673-1-선거공보","candidate-doc:100162673:1","1100","서울특별시","620260603","구·시·군의회의원선거","6","성동구다선거구","100162673","박영희","국민의힘","1","선거공보","official_structured_record_no_public_file","reviewed_no_recoverable_official_document","official_sources_only"
"620260603-1100-성동구다선거구-100157902-1-선거공보","candidate-doc:100157902:1","1100","서울특별시","620260603","구·시·군의회의원선거","6","성동구다선거구","100157902","오상균","개혁신당","1","선거공보","official_structured_record_no_public_file","reviewed_no_recoverable_official_document","official_sources_only"
"620260603-1100-성동구다선거구-100155562-1-선거공보","candidate-doc:100155562:1","1100","서울특별시","620260603","구·시·군의회의원선거","6","성동구다선거구","100155562","강병찬","진보당","1","선거공보","official_structured_record_no_public_file","reviewed_no_recoverable_official_document","official_sources_only"
"620260603-1100-성동구라선거구-100162773-1-선거공보","candidate-doc:100162773:1","1100","서울특별시","620260603","구·시·군의회의원선거","6","성동구라선거구","100162773","유영희","더불어민주당","1","선거공보","official_structured_record_no_public_file","reviewed_no_recoverable_official_document","official_sources_only"
"620260603-1100-성동구라선거구-100163308-1-선거공보","candidate-doc:100163308:1","1100","서울특별시","620260603","구·시·군의회의원선거","6","성동구라선거구","100163308","이효성","국민의힘","1","선거공보","official_structured_record_no_public_file","reviewed_no_recoverable_official_document","official_sources_only"
"620260603-1100-성동구라선거구-100162611-1-선거공보","candidate-doc:100162611:1","1100","서울특별시","620260603","구·시·군의회의원선거","6","성동구라선거구","100162611","박종승","조국혁신당","1","선거공보","official_structured_record_no_public_file","reviewed_no_recoverable_official_document","official_sources_only"
"620260603-1100-성동구라선거구-100160482-1-선거공보","candidate-doc:100160482:1","1100","서울특별시","620260603","구·시·군의회의원선거","6","성동구라선거구","100160482","고용필","무소속","1","선거공보","official_structured_record_no_public_file","reviewed_no_recoverable_official_document","official_sources_only"
"620260603-1100-중랑구나선거구-100162303-1-선거공보","candidate-doc:100162303:1","1100","서울특별시","620260603","구·시·군의회의원선거","6","중랑구나선거구","100162303","나은하","더불어민주당","1","선거공보","official_structured_record_no_public_file","reviewed_no_recoverable_official_document","official_sources_only"
"620260603-1100-중랑구나선거구-100163015-1-선거공보","candidate-doc:100163015:1","1100","서울특별시","620260603","구·시·군의회의원선거","6","중랑구나선거구","100163015","채옥희","국민의힘","1","선거공보","official_structured_record_no_public_file","reviewed_no_recoverable_official_document","official_sources_only"
"620260603-1100-중랑구마선거구-100163335-1-선거공보","candidate-doc:100163335:1","1100","서울특별시","620260603","구·시·군의회의원선거","6","중랑구마선거구","100163335","고강섭","더불어민주당","1","선거공보","official_structured_record_no_public_file","reviewed_no_recoverable_official_document","official_sources_only"
"620260603-1100-중랑구마선거구-100163259-1-선거공보","candidate-doc:100163259:1","1100","서울특별시","620260603","구·시·군의회의원선거","6","중랑구마선거구","100163259","전경구","국민의힘","1","선거공보","official_structured_record_no_public_file","reviewed_no_recoverable_official_document","official_sources_only"
"620260603-1100-성북구다선거구-100161963-1-선거공보","candidate-doc:100161963:1","1100","서울특별시","620260603","구·시·군의회의원선거","6","성북구다선거구","100161963","정윤주","더불어민주당","1","선거공보","official_structured_record_no_public_file","reviewed_no_recoverable_official_document","official_sources_only"
"620260603-1100-성북구다선거구-100161879-1-선거공보","candidate-doc:100161879:1","1100","서울특별시","620260603","구·시·군의회의원선거","6","성북구다선거구","100161879","이용진","더불어민주당","1","선거공보","official_structured_record_no_public_file","reviewed_no_recoverable_official_document","official_sources_only"
"620260603-1100-성북구다선거구-100162065-1-선거공보","candidate-doc:100162065:1","1100","서울특별시","620260603","구·시·군의회의원선거","6","성북구다선거구","100162065","송영옥","국민의힘","1","선거공보","official_structured_record_no_public_file","reviewed_no_recoverable_official_document","official_sources_only"
"620260603-1100-성북구라선거구-100157706-1-선거공보","candidate-doc:100157706:1","1100","서울특별시","620260603","구·시·군의회의원선거","6","성북구라선거구","100157706","권영숙","더불어민주당","1","선거공보","official_structured_record_no_public_file","reviewed_no_recoverable_official_document","official_sources_only"
"620260603-1100-성북구라선거구-100162302-1-선거공보","candidate-doc:100162302:1","1100","서울특별시","620260603","구·시·군의회의원선거","6","성북구라선거구","100162302","권영애","국민의힘","1","선거공보","official_structured_record_no_public_file","reviewed_no_recoverable_official_document","official_sources_only"
"620260603-1100-성북구마선거구-100154717-1-선거공보","candidate-doc:100154717:1","1100","서울특별시","620260603","구·시·군의회의원선거","6","성북구마선거구","100154717","김세운","더불어민주당","1","선거공보","official_structured_record_no_public_file","reviewed_no_recoverable_official_document","official_sources_only"
"620260603-1100-성북구마선거구-100162093-1-선거공보","candidate-doc:100162093:1","1100","서울특별시","620260603","구·시·군의회의원선거","6","성북구마선거구","100162093","이인순","더불어민주당","1","선거공보","official_structured_record_no_public_file","reviewed_no_recoverable_official_document","official_sources_only"
"620260603-1100-성북구마선거구-100164899-1-선거공보","candidate-doc:100164899:1","1100","서울특별시","620260603","구·시·군의회의원선거","6","성북구마선거구","100164899","이동호","국민의힘","1","선거공보","official_structured_record_no_public_file","reviewed_no_recoverable_official_document","official_sources_only"
"620260603-1100-성북구사선거구-100154801-1-선거공보","candidate-doc:100154801:1","1100","서울특별시","620260603","구·시·군의회의원선거","6","성북구사선거구","100154801","김규일","더불어민주당","1","선거공보","official_structured_record_no_public_file","reviewed_no_recoverable_official_document","official_sources_only"
"620260603-1100-성북구사선거구-100165066-1-선거공보","candidate-doc:100165066:1","1100","서울특별시","620260603","구·시·군의회의원선거","6","성북구사선거구","100165066","정기혁","국민의힘","1","선거공보","official_structured_record_no_public_file","reviewed_no_recoverable_official_document","official_sources_only"
"620260603-1100-강북구라선거구-100154847-1-선거공보","candidate-doc:100154847:1","1100","서울특별시","620260603","구·시·군의회의원선거","6","강북구라선거구","100154847","최성례","더불어민주당","1","선거공보","official_structured_record_no_public_file","reviewed_no_recoverable_official_document","official_sources_only"
"620260603-1100-강북구라선거구-100160787-1-선거공보","candidate-doc:100160787:1","1100","서울특별시","620260603","구·시·군의회의원선거","6","강북구라선거구","100160787","최치효","더불어민주당","1","선거공보","official_structured_record_no_public_file","reviewed_no_recoverable_official_document","official_sources_only"
"620260603-1100-강북구라선거구-100158243-1-선거공보","candidate-doc:100158243:1","1100","서울특별시","620260603","구·시·군의회의원선거","6","강북구라선거구","100158243","김민섭","국민의힘","1","선거공보","official_structured_record_no_public_file","reviewed_no_recoverable_official_document","official_sources_only"
"620260603-1100-도봉구마선거구-100154908-1-선거공보","candidate-doc:100154908:1","1100","서울특별시","620260603","구·시·군의회의원선거","6","도봉구마선거구","100154908","신은옥","더불어민주당","1","선거공보","official_structured_record_no_public_file","reviewed_no_recoverable_official_document","official_sources_only"
"620260603-1100-도봉구마선거구-100155897-1-선거공보","candidate-doc:100155897:1","1100","서울특별시","620260603","구·시·군의회의원선거","6","도봉구마선거구","100155897","강신만","국민의힘","1","선거공보","official_structured_record_no_public_file","reviewed_no_recoverable_official_document","official_sources_only"
"620260603-1100-노원구다선거구-100163875-1-선거공보","candidate-doc:100163875:1","1100","서울특별시","620260603","구·시·군의회의원선거","6","노원구다선거구","100163875","김소라","더불어민주당","1","선거공보","official_structured_record_no_public_file","reviewed_no_recoverable_official_document","official_sources_only"
"620260603-1100-노원구다선거구-100162847-1-선거공보","candidate-doc:100162847:1","1100","서울특별시","620260603","구·시·군의회의원선거","6","노원구다선거구","100162847","손영준","더불어민주당","1","선거공보","official_structured_record_no_public_file","reviewed_no_recoverable_official_document","official_sources_only"
"620260603-1100-노원구다선거구-100160493-1-선거공보","candidate-doc:100160493:1","1100","서울특별시","620260603","구·시·군의회의원선거","6","노원구다선거구","100160493","김희숙","국민의힘","1","선거공보","official_structured_record_no_public_file","reviewed_no_recoverable_official_document","official_sources_only"
"620260603-1100-노원구라선거구-100164582-1-선거공보","candidate-doc:100164582:1","1100","서울특별시","620260603","구·시·군의회의원선거","6","노원구라선거구","100164582","원동민","더불어민주당","1","선거공보","official_structured_record_no_public_file","reviewed_no_recoverable_official_document","official_sources_only"
"620260603-1100-노원구라선거구-100160631-1-선거공보","candidate-doc:100160631:1","1100","서울특별시","620260603","구·시·군의회의원선거","6","노원구라선거구","100160631","이은경","더불어민주당","1","선거공보","official_structured_record_no_public_file","reviewed_no_recoverable_official_document","official_sources_only"
"620260603-1100-노원구라선거구-100161552-1-선거공보","candidate-doc:100161552:1","1100","서울특별시","620260603","구·시·군의회의원선거","6","노원구라선거구","100161552","김우일","국민의힘","1","선거공보","official_structured_record_no_public_file","reviewed_no_recoverable_official_document","official_sources_only"
"620260603-1100-은평구가선거구-100163113-1-선거공보","candidate-doc:100163113:1","1100","서울특별시","620260603","구·시·군의회의원선거","6","은평구가선거구","100163113","신현일","더불어민주당","1","선거공보","official_structured_record_no_public_file","reviewed_no_recoverable_official_document","official_sources_only"
"620260603-1100-은평구가선거구-100160556-1-선거공보","candidate-doc:100160556:1","1100","서울특별시","620260603","구·시·군의회의원선거","6","은평구가선거구","100160556","박성도","국민의힘","1","선거공보","official_structured_record_no_public_file","reviewed_no_recoverable_official_document","official_sources_only"
"620260603-1100-은평구나선거구-100162902-1-선거공보","candidate-doc:100162902:1","1100","서울특별시","620260603","구·시·군의회의원선거","6","은평구나선거구","100162902","송영창","더불어민주당","1","선거공보","official_structured_record_no_public_file","reviewed_no_recoverable_official_document","official_sources_only"
"620260603-1100-은평구나선거구-100160557-1-선거공보","candidate-doc:100160557:1","1100","서울특별시","620260603","구·시·군의회의원선거","6","은평구나선거구","100160557","노승한","국민의힘","1","선거공보","official_structured_record_no_public_file","reviewed_no_recoverable_official_document","official_sources_only"
"620260603-1100-은평구바선거구-100163389-1-선거공보","candidate-doc:100163389:1","1100","서울특별시","620260603","구·시·군의회의원선거","6","은평구바선거구","100163389","신윤경","더불어민주당","1","선거공보","official_structured_record_no_public_file","reviewed_no_recoverable_official_document","official_sources_only"
"620260603-1100-은평구바선거구-100160826-1-선거공보","candidate-doc:100160826:1","1100","서울특별시","620260603","구·시·군의회의원선거","6","은평구바선거구","100160826","장경은","국민의힘","1","선거공보","official_structured_record_no_public_file","reviewed_no_recoverable_official_document","official_sources_only"
"620260603-1100-서대문구가선거구-100160327-1-선거공보","candidate-doc:100160327:1","1100","서울특별시","620260603","구·시·군의회의원선거","6","서대문구가선거구","100160327","이호석","자유와혁신","1","선거공보","official_structured_record_no_public_file","reviewed_no_recoverable_official_document","official_sources_only"
"620260603-1100-서대문구라선거구-100164219-1-선거공보","candidate-doc:100164219:1","1100","서울특별시","620260603","구·시·군의회의원선거","6","서대문구라선거구","100164219","이종석","더불어민주당","1","선거공보","official_structured_record_no_public_file","reviewed_no_recoverable_official_document","official_sources_only"
"620260603-1100-서대문구라선거구-100161900-1-선거공보","candidate-doc:100161900:1","1100","서울특별시","620260603","구·시·군의회의원선거","6","서대문구라선거구","100161900","서호성","더불어민주당","1","선거공보","official_structured_record_no_public_file","reviewed_no_recoverable_official_document","official_sources_only"
"620260603-1100-서대문구라선거구-100165331-1-선거공보","candidate-doc:100165331:1","1100","서울특별시","620260603","구·시·군의회의원선거","6","서대문구라선거구","100165331","이용준","국민의힘","1","선거공보","official_structured_record_no_public_file","reviewed_no_recoverable_official_document","official_sources_only"
"620260603-1100-마포구가선거구-100157546-1-선거공보","candidate-doc:100157546:1","1100","서울특별시","620260603","구·시·군의회의원선거","6","마포구가선거구","100157546","장덕준","더불어민주당","1","선거공보","official_structured_record_no_public_file","reviewed_no_recoverable_official_document","official_sources_only"
"620260603-1100-마포구가선거구-100165316-1-선거공보","candidate-doc:100165316:1","1100","서울특별시","620260603","구·시·군의회의원선거","6","마포구가선거구","100165316","강수영","국민의힘","1","선거공보","official_structured_record_no_public_file","reviewed_no_recoverable_official_document","official_sources_only"
"620260603-1100-마포구라선거구-100161062-1-선거공보","candidate-doc:100161062:1","1100","서울특별시","620260603","구·시·군의회의원선거","6","마포구라선거구","100161062","남해석","더불어민주당","1","선거공보","official_structured_record_no_public_file","reviewed_no_recoverable_official_document","official_sources_only"
"620260603-1100-마포구라선거구-100164943-1-선거공보","candidate-doc:100164943:1","1100","서울특별시","620260603","구·시·군의회의원선거","6","마포구라선거구","100164943","서종수","국민의힘","1","선거공보","official_structured_record_no_public_file","reviewed_no_recoverable_official_document","official_sources_only"
"620260603-1100-마포구사선거구-100165150-1-선거공보","candidate-doc:100165150:1","1100","서울특별시","620260603","구·시·군의회의원선거","6","마포구사선거구","100165150","장영준","더불어민주당","1","선거공보","official_structured_record_no_public_file","reviewed_no_recoverable_official_document","official_sources_only"
"620260603-1100-마포구사선거구-100158675-1-선거공보","candidate-doc:100158675:1","1100","서울특별시","620260603","구·시·군의회의원선거","6","마포구사선거구","100158675","김진천","국민의힘","1","선거공보","official_structured_record_no_public_file","reviewed_no_recoverable_official_document","official_sources_only"
"620260603-1100-양천구다선거구-100164828-1-선거공보","candidate-doc:100164828:1","1100","서울특별시","620260603","구·시·군의회의원선거","6","양천구다선거구","100164828","유영주","더불어민주당","1","선거공보","official_structured_record_no_public_file","reviewed_no_recoverable_official_document","official_sources_only"
"620260603-1100-양천구다선거구-100162002-1-선거공보","candidate-doc:100162002:1","1100","서울특별시","620260603","구·시·군의회의원선거","6","양천구다선거구","100162002","이인락","국민의힘","1","선거공보","official_structured_record_no_public_file","reviewed_no_recoverable_official_document","official_sources_only"
"620260603-1100-양천구라선거구-100165355-1-선거공보","candidate-doc:100165355:1","1100","서울특별시","620260603","구·시·군의회의원선거","6","양천구라선거구","100165355","임정옥","더불어민주당","1","선거공보","official_structured_record_no_public_file","reviewed_no_recoverable_official_document","official_sources_only"
"620260603-1100-양천구라선거구-100161565-1-선거공보","candidate-doc:100161565:1","1100","서울특별시","620260603","구·시·군의회의원선거","6","양천구라선거구","100161565","김대섭","국민의힘","1","선거공보","official_structured_record_no_public_file","reviewed_no_recoverable_official_document","official_sources_only"
"620260603-1100-양천구사선거구-100155899-1-선거공보","candidate-doc:100155899:1","1100","서울특별시","620260603","구·시·군의회의원선거","6","양천구사선거구","100155899","홍성순","더불어민주당","1","선거공보","official_structured_record_no_public_file","reviewed_no_recoverable_official_document","official_sources_only"
"620260603-1100-양천구사선거구-100162541-1-선거공보","candidate-doc:100162541:1","1100","서울특별시","620260603","구·시·군의회의원선거","6","양천구사선거구","100162541","임옥연","국민의힘","1","선거공보","official_structured_record_no_public_file","reviewed_no_recoverable_official_document","official_sources_only"
"620260603-1100-양천구아선거구-100161373-1-선거공보","candidate-doc:100161373:1","1100","서울특별시","620260603","구·시·군의회의원선거","6","양천구아선거구","100161373","곽고은","더불어민주당","1","선거공보","official_structured_record_no_public_file","reviewed_no_recoverable_official_document","official_sources_only"
"620260603-1100-양천구아선거구-100162726-1-선거공보","candidate-doc:100162726:1","1100","서울특별시","620260603","구·시·군의회의원선거","6","양천구아선거구","100162726","최혜숙","국민의힘","1","선거공보","official_structured_record_no_public_file","reviewed_no_recoverable_official_document","official_sources_only"
"620260603-1100-강서구가선거구-100156578-1-선거공보","candidate-doc:100156578:1","1100","서울특별시","620260603","구·시·군의회의원선거","6","강서구가선거구","100156578","김영회","더불어민주당","1","선거공보","official_structured_record_no_public_file","reviewed_no_recoverable_official_document","official_sources_only"
"620260603-1100-강서구가선거구-100163905-1-선거공보","candidate-doc:100163905:1","1100","서울특별시","620260603","구·시·군의회의원선거","6","강서구가선거구","100163905","신은숙","무소속","1","선거공보","official_structured_record_no_public_file","reviewed_no_recoverable_official_document","official_sources_only"
"620260603-1100-강서구나선거구-100162184-1-선거공보","candidate-doc:100162184:1","1100","서울특별시","620260603","구·시·군의회의원선거","6","강서구나선거구","100162184","조기만","더불어민주당","1","선거공보","official_structured_record_no_public_file","reviewed_no_recoverable_official_document","official_sources_only"
"620260603-1100-강서구다선거구-100162001-1-선거공보","candidate-doc:100162001:1","1100","서울특별시","620260603","구·시·군의회의원선거","6","강서구다선거구","100162001","안성현","무소속","1","선거공보","official_structured_record_no_public_file","reviewed_no_recoverable_official_document","official_sources_only"
"620260603-1100-강서구라선거구-100157043-1-선거공보","candidate-doc:100157043:1","1100","서울특별시","620260603","구·시·군의회의원선거","6","강서구라선거구","100157043","김현희","더불어민주당","1","선거공보","official_structured_record_no_public_file","reviewed_no_recoverable_official_document","official_sources_only"
"620260603-1100-강서구라선거구-100154990-1-선거공보","candidate-doc:100154990:1","1100","서울특별시","620260603","구·시·군의회의원선거","6","강서구라선거구","100154990","김유리","녹색당","1","선거공보","official_structured_record_no_public_file","reviewed_no_recoverable_official_document","official_sources_only"
"620260603-1100-강서구라선거구-100163091-1-선거공보","candidate-doc:100163091:1","1100","서울특별시","620260603","구·시·군의회의원선거","6","강서구라선거구","100163091","김동수","무소속","1","선거공보","official_structured_record_no_public_file","reviewed_no_recoverable_official_document","official_sources_only"
"620260603-1100-강서구아선거구-100161820-1-선거공보","candidate-doc:100161820:1","1100","서울특별시","620260603","구·시·군의회의원선거","6","강서구아선거구","100161820","강선영","더불어민주당","1","선거공보","official_structured_record_no_public_file","reviewed_no_recoverable_official_document","official_sources_only"
"620260603-1100-구로구라선거구-100161710-1-선거공보","candidate-doc:100161710:1","1100","서울특별시","620260603","구·시·군의회의원선거","6","구로구라선거구","100161710","조미향","더불어민주당","1","선거공보","official_structured_record_no_public_file","reviewed_no_recoverable_official_document","official_sources_only"
"620260603-1100-구로구라선거구-100156021-1-선거공보","candidate-doc:100156021:1","1100","서울특별시","620260603","구·시·군의회의원선거","6","구로구라선거구","100156021","전미숙","국민의힘","1","선거공보","official_structured_record_no_public_file","reviewed_no_recoverable_official_document","official_sources_only"
"620260603-1100-구로구마선거구-100160920-1-선거공보","candidate-doc:100160920:1","1100","서울특별시","620260603","구·시·군의회의원선거","6","구로구마선거구","100160920","김철수","더불어민주당","1","선거공보","official_structured_record_no_public_file","reviewed_no_recoverable_official_document","official_sources_only"
"620260603-1100-구로구마선거구-100162196-1-선거공보","candidate-doc:100162196:1","1100","서울특별시","620260603","구·시·군의회의원선거","6","구로구마선거구","100162196","김철수","국민의힘","1","선거공보","official_structured_record_no_public_file","reviewed_no_recoverable_official_document","official_sources_only"
"620260603-1100-금천구가선거구-100162507-1-선거공보","candidate-doc:100162507:1","1100","서울특별시","620260603","구·시·군의회의원선거","6","금천구가선거구","100162507","고영찬","국민의힘","1","선거공보","official_structured_record_no_public_file","reviewed_no_recoverable_official_document","official_sources_only"
"620260603-1100-금천구가선거구-100163337-1-선거공보","candidate-doc:100163337:1","1100","서울특별시","620260603","구·시·군의회의원선거","6","금천구가선거구","100163337","이경옥","국민의힘","1","선거공보","official_structured_record_no_public_file","reviewed_no_recoverable_official_document","official_sources_only"
"620260603-1100-금천구나선거구-100156920-1-선거공보","candidate-doc:100156920:1","1100","서울특별시","620260603","구·시·군의회의원선거","6","금천구나선거구","100156920","김효섭","더불어민주당","1","선거공보","official_structured_record_no_public_file","reviewed_no_recoverable_official_document","official_sources_only"
"620260603-1100-금천구나선거구-100165714-1-선거공보","candidate-doc:100165714:1","1100","서울특별시","620260603","구·시·군의회의원선거","6","금천구나선거구","100165714","김선주","무소속","1","선거공보","official_structured_record_no_public_file","reviewed_no_recoverable_official_document","official_sources_only"
"620260603-1100-금천구다선거구-100156843-1-선거공보","candidate-doc:100156843:1","1100","서울특별시","620260603","구·시·군의회의원선거","6","금천구다선거구","100156843","장규권","국민의힘","1","선거공보","official_structured_record_no_public_file","reviewed_no_recoverable_official_document","official_sources_only"
"620260603-1100-영등포구가선거구-100155446-1-선거공보","candidate-doc:100155446:1","1100","서울특별시","620260603","구·시·군의회의원선거","6","영등포구가선거구","100155446","서천열","더불어민주당","1","선거공보","official_structured_record_no_public_file","reviewed_no_recoverable_official_document","official_sources_only"
"620260603-1100-영등포구가선거구-100163075-1-선거공보","candidate-doc:100163075:1","1100","서울특별시","620260603","구·시·군의회의원선거","6","영등포구가선거구","100163075","정선희","국민의힘","1","선거공보","official_structured_record_no_public_file","reviewed_no_recoverable_official_document","official_sources_only"
"620260603-1100-영등포구다선거구-100156373-1-선거공보","candidate-doc:100156373:1","1100","서울특별시","620260603","구·시·군의회의원선거","6","영등포구다선거구","100156373","김길자","더불어민주당","1","선거공보","official_structured_record_no_public_file","reviewed_no_recoverable_official_document","official_sources_only"
"620260603-1100-영등포구다선거구-100163407-1-선거공보","candidate-doc:100163407:1","1100","서울특별시","620260603","구·시·군의회의원선거","6","영등포구다선거구","100163407","이규선","국민의힘","1","선거공보","official_structured_record_no_public_file","reviewed_no_recoverable_official_document","official_sources_only"
"620260603-1100-영등포구마선거구-100156076-1-선거공보","candidate-doc:100156076:1","1100","서울특별시","620260603","구·시·군의회의원선거","6","영등포구마선거구","100156076","박미영","더불어민주당","1","선거공보","official_structured_record_no_public_file","reviewed_no_recoverable_official_document","official_sources_only"
"620260603-1100-영등포구마선거구-100162839-1-선거공보","candidate-doc:100162839:1","1100","서울특별시","620260603","구·시·군의회의원선거","6","영등포구마선거구","100162839","황진환","국민의힘","1","선거공보","official_structured_record_no_public_file","reviewed_no_recoverable_official_document","official_sources_only"
"620260603-1100-영등포구바선거구-100155789-1-선거공보","candidate-doc:100155789:1","1100","서울특별시","620260603","구·시·군의회의원선거","6","영등포구바선거구","100155789","김태호","더불어민주당","1","선거공보","official_structured_record_no_public_file","reviewed_no_recoverable_official_document","official_sources_only"
"620260603-1100-영등포구바선거구-100162692-1-선거공보","candidate-doc:100162692:1","1100","서울특별시","620260603","구·시·군의회의원선거","6","영등포구바선거구","100162692","우경란","국민의힘","1","선거공보","official_structured_record_no_public_file","reviewed_no_recoverable_official_document","official_sources_only"
"620260603-1100-동작구나선거구-100163264-1-선거공보","candidate-doc:100163264:1","1100","서울특별시","620260603","구·시·군의회의원선거","6","동작구나선거구","100163264","송동석","더불어민주당","1","선거공보","official_structured_record_no_public_file","reviewed_no_recoverable_official_document","official_sources_only"
"620260603-1100-동작구나선거구-100158264-1-선거공보","candidate-doc:100158264:1","1100","서울특별시","620260603","구·시·군의회의원선거","6","동작구나선거구","100158264","박승준","국민의힘","1","선거공보","official_structured_record_no_public_file","reviewed_no_recoverable_official_document","official_sources_only"
"620260603-1100-동작구나선거구-100162396-1-선거공보","candidate-doc:100162396:1","1100","서울특별시","620260603","구·시·군의회의원선거","6","동작구나선거구","100162396","이상훈","조국혁신당","1","선거공보","official_structured_record_no_public_file","reviewed_no_recoverable_official_document","official_sources_only"
"620260603-1100-동작구다선거구-100158176-1-선거공보","candidate-doc:100158176:1","1100","서울특별시","620260603","구·시·군의회의원선거","6","동작구다선거구","100158176","최무근","국민의힘","1","선거공보","official_structured_record_no_public_file","reviewed_no_recoverable_official_document","official_sources_only"
"620260603-1100-동작구라선거구-100161451-1-선거공보","candidate-doc:100161451:1","1100","서울특별시","620260603","구·시·군의회의원선거","6","동작구라선거구","100161451","박지우","더불어민주당","1","선거공보","official_structured_record_no_public_file","reviewed_no_recoverable_official_document","official_sources_only"
"620260603-1100-동작구라선거구-100162486-1-선거공보","candidate-doc:100162486:1","1100","서울특별시","620260603","구·시·군의회의원선거","6","동작구라선거구","100162486","이주현","국민의힘","1","선거공보","official_structured_record_no_public_file","reviewed_no_recoverable_official_document","official_sources_only"
"620260603-1100-동작구마선거구-100155631-1-선거공보","candidate-doc:100155631:1","1100","서울특별시","620260603","구·시·군의회의원선거","6","동작구마선거구","100155631","이수홍","더불어민주당","1","선거공보","official_structured_record_no_public_file","reviewed_no_recoverable_official_document","official_sources_only"
"620260603-1100-동작구마선거구-100157288-1-선거공보","candidate-doc:100157288:1","1100","서울특별시","620260603","구·시·군의회의원선거","6","동작구마선거구","100157288","이영주","더불어민주당","1","선거공보","official_structured_record_no_public_file","reviewed_no_recoverable_official_document","official_sources_only"
"620260603-1100-동작구마선거구-100158888-1-선거공보","candidate-doc:100158888:1","1100","서울특별시","620260603","구·시·군의회의원선거","6","동작구마선거구","100158888","정세열","국민의힘","1","선거공보","official_structured_record_no_public_file","reviewed_no_recoverable_official_document","official_sources_only"
"620260603-1100-동작구바선거구-100158794-1-선거공보","candidate-doc:100158794:1","1100","서울특별시","620260603","구·시·군의회의원선거","6","동작구바선거구","100158794","김은하","더불어민주당","1","선거공보","official_structured_record_no_public_file","reviewed_no_recoverable_official_document","official_sources_only"
"620260603-1100-동작구바선거구-100158335-1-선거공보","candidate-doc:100158335:1","1100","서울특별시","620260603","구·시·군의회의원선거","6","동작구바선거구","100158335","정유나","국민의힘","1","선거공보","official_structured_record_no_public_file","reviewed_no_recoverable_official_document","official_sources_only"
"620260603-1100-강남구바선거구-100163427-1-선거공보","candidate-doc:100163427:1","1100","서울특별시","620260603","구·시·군의회의원선거","6","강남구바선거구","100163427","고은진","더불어민주당","1","선거공보","official_structured_record_no_public_file","reviewed_no_recoverable_official_document","official_sources_only"
"620260603-1100-강남구바선거구-100163455-1-선거공보","candidate-doc:100163455:1","1100","서울특별시","620260603","구·시·군의회의원선거","6","강남구바선거구","100163455","송영광","국민의힘","1","선거공보","official_structured_record_no_public_file","reviewed_no_recoverable_official_document","official_sources_only"
"620260603-1100-강남구아선거구-100160953-1-선거공보","candidate-doc:100160953:1","1100","서울특별시","620260603","구·시·군의회의원선거","6","강남구아선거구","100160953","오온누리","더불어민주당","1","선거공보","official_structured_record_no_public_file","reviewed_no_recoverable_official_document","official_sources_only"
"620260603-1100-강남구아선거구-100162305-1-선거공보","candidate-doc:100162305:1","1100","서울특별시","620260603","구·시·군의회의원선거","6","강남구아선거구","100162305","윤수혁","국민의힘","1","선거공보","official_structured_record_no_public_file","reviewed_no_recoverable_official_document","official_sources_only"
"620260603-1100-송파구나선거구-100163570-1-선거공보","candidate-doc:100163570:1","1100","서울특별시","620260603","구·시·군의회의원선거","6","송파구나선거구","100163570","박순례","더불어민주당","1","선거공보","official_structured_record_no_public_file","reviewed_no_recoverable_official_document","official_sources_only"
"620260603-1100-송파구나선거구-100162423-1-선거공보","candidate-doc:100162423:1","1100","서울특별시","620260603","구·시·군의회의원선거","6","송파구나선거구","100162423","박순옥","국민의힘","1","선거공보","official_structured_record_no_public_file","reviewed_no_recoverable_official_document","official_sources_only"
"620260603-1100-송파구다선거구-100164874-1-선거공보","candidate-doc:100164874:1","1100","서울특별시","620260603","구·시·군의회의원선거","6","송파구다선거구","100164874","최옥주","더불어민주당","1","선거공보","official_structured_record_no_public_file","reviewed_no_recoverable_official_document","official_sources_only"
"620260603-1100-송파구다선거구-100164796-1-선거공보","candidate-doc:100164796:1","1100","서울특별시","620260603","구·시·군의회의원선거","6","송파구다선거구","100164796","전정","국민의힘","1","선거공보","official_structured_record_no_public_file","reviewed_no_recoverable_official_document","official_sources_only"
"620260603-1100-송파구바선거구-100160725-1-선거공보","candidate-doc:100160725:1","1100","서울특별시","620260603","구·시·군의회의원선거","6","송파구바선거구","100160725","김안나","더불어민주당","1","선거공보","official_structured_record_no_public_file","reviewed_no_recoverable_official_document","official_sources_only"
"620260603-1100-송파구바선거구-100163410-1-선거공보","candidate-doc:100163410:1","1100","서울특별시","620260603","구·시·군의회의원선거","6","송파구바선거구","100163410","최상진","국민의힘","1","선거공보","official_structured_record_no_public_file","reviewed_no_recoverable_official_document","official_sources_only"
"620260603-1100-송파구자선거구-100161416-1-선거공보","candidate-doc:100161416:1","1100","서울특별시","620260603","구·시·군의회의원선거","6","송파구자선거구","100161416","위정희","더불어민주당","1","선거공보","official_structured_record_no_public_file","reviewed_no_recoverable_official_document","official_sources_only"
"620260603-1100-송파구자선거구-100165630-1-선거공보","candidate-doc:100165630:1","1100","서울특별시","620260603","구·시·군의회의원선거","6","송파구자선거구","100165630","김성호","국민의힘","1","선거공보","official_structured_record_no_public_file","reviewed_no_recoverable_official_document","official_sources_only"
"620260603-1100-강동구다선거구-100157928-1-선거공보","candidate-doc:100157928:1","1100","서울특별시","620260603","구·시·군의회의원선거","6","강동구다선거구","100157928","박원서","더불어민주당","1","선거공보","official_structured_record_no_public_file","reviewed_no_recoverable_official_document","official_sources_only"
"620260603-1100-강동구다선거구-100160880-1-선거공보","candidate-doc:100160880:1","1100","서울특별시","620260603","구·시·군의회의원선거","6","강동구다선거구","100160880","문현섭","국민의힘","1","선거공보","official_structured_record_no_public_file","reviewed_no_recoverable_official_document","official_sources_only"
"620260603-1100-강동구바선거구-100159252-1-선거공보","candidate-doc:100159252:1","1100","서울특별시","620260603","구·시·군의회의원선거","6","강동구바선거구","100159252","최찬호","자유와혁신","1","선거공보","official_structured_record_no_public_file","reviewed_no_recoverable_official_document","official_sources_only"
"620260603-2600-중구가선거구-100158408-1-선거공보","candidate-doc:100158408:1","2600","부산광역시","620260603","구·시·군의회의원선거","6","중구가선거구","100158408","박민해","더불어민주당","1","선거공보","official_structured_record_no_public_file","reviewed_no_recoverable_official_document","official_sources_only"
"620260603-2600-중구가선거구-100162653-1-선거공보","candidate-doc:100162653:1","2600","부산광역시","620260603","구·시·군의회의원선거","6","중구가선거구","100162653","최학철","더불어민주당","1","선거공보","official_structured_record_no_public_file","reviewed_no_recoverable_official_document","official_sources_only"
"620260603-2600-중구가선거구-100154395-1-선거공보","candidate-doc:100154395:1","2600","부산광역시","620260603","구·시·군의회의원선거","6","중구가선거구","100154395","금동욱","국민의힘","1","선거공보","official_structured_record_no_public_file","reviewed_no_recoverable_official_document","official_sources_only"
"620260603-2600-중구나선거구-100162554-1-선거공보","candidate-doc:100162554:1","2600","부산광역시","620260603","구·시·군의회의원선거","6","중구나선거구","100162554","한지원","국민의힘","1","선거공보","official_structured_record_no_public_file","reviewed_no_recoverable_official_document","official_sources_only"
"620260603-2600-서구가선거구-100158321-1-선거공보","candidate-doc:100158321:1","2600","부산광역시","620260603","구·시·군의회의원선거","6","서구가선거구","100158321","성진택","더불어민주당","1","선거공보","official_structured_record_no_public_file","reviewed_no_recoverable_official_document","official_sources_only"
"620260603-2600-서구가선거구-100161180-1-선거공보","candidate-doc:100161180:1","2600","부산광역시","620260603","구·시·군의회의원선거","6","서구가선거구","100161180","주지웅","국민의힘","1","선거공보","official_structured_record_no_public_file","reviewed_no_recoverable_official_document","official_sources_only"
"620260603-2600-서구가선거구-100159935-1-선거공보","candidate-doc:100159935:1","2600","부산광역시","620260603","구·시·군의회의원선거","6","서구가선거구","100159935","강경미","국민의힘","1","선거공보","official_structured_record_no_public_file","reviewed_no_recoverable_official_document","official_sources_only"
"620260603-2600-서구가선거구-100165601-1-선거공보","candidate-doc:100165601:1","2600","부산광역시","620260603","구·시·군의회의원선거","6","서구가선거구","100165601","나영호","무소속","1","선거공보","official_structured_record_no_public_file","reviewed_no_recoverable_official_document","official_sources_only"
"620260603-2600-서구나선거구-100158809-1-선거공보","candidate-doc:100158809:1","2600","부산광역시","620260603","구·시·군의회의원선거","6","서구나선거구","100158809","하명희","더불어민주당","1","선거공보","official_structured_record_no_public_file","reviewed_no_recoverable_official_document","official_sources_only"
"620260603-2600-서구나선거구-100160701-1-선거공보","candidate-doc:100160701:1","2600","부산광역시","620260603","구·시·군의회의원선거","6","서구나선거구","100160701","이정향","더불어민주당","1","선거공보","official_structured_record_no_public_file","reviewed_no_recoverable_official_document","official_sources_only"
"620260603-2600-서구나선거구-100159058-1-선거공보","candidate-doc:100159058:1","2600","부산광역시","620260603","구·시·군의회의원선거","6","서구나선거구","100159058","김건우","국민의힘","1","선거공보","official_structured_record_no_public_file","reviewed_no_recoverable_official_document","official_sources_only"
"620260603-2600-서구나선거구-100157806-1-선거공보","candidate-doc:100157806:1","2600","부산광역시","620260603","구·시·군의회의원선거","6","서구나선거구","100157806","이현우","국민의힘","1","선거공보","official_structured_record_no_public_file","reviewed_no_recoverable_official_document","official_sources_only"
"620260603-2600-영도구가선거구-100157727-1-선거공보","candidate-doc:100157727:1","2600","부산광역시","620260603","구·시·군의회의원선거","6","영도구가선거구","100157727","이용성","더불어민주당","1","선거공보","official_structured_record_no_public_file","reviewed_no_recoverable_official_document","official_sources_only"
"620260603-2600-부산진구나선거구-100162352-1-선거공보","candidate-doc:100162352:1","2600","부산광역시","620260603","구·시·군의회의원선거","6","부산진구나선거구","100162352","오용성","더불어민주당","1","선거공보","official_structured_record_no_public_file","reviewed_no_recoverable_official_document","official_sources_only"
"620260603-2600-부산진구나선거구-100163014-1-선거공보","candidate-doc:100163014:1","2600","부산광역시","620260603","구·시·군의회의원선거","6","부산진구나선거구","100163014","성낙욱","국민의힘","1","선거공보","official_structured_record_no_public_file","reviewed_no_recoverable_official_document","official_sources_only"
"620260603-2600-부산진구다선거구-100155185-1-선거공보","candidate-doc:100155185:1","2600","부산광역시","620260603","구·시·군의회의원선거","6","부산진구다선거구","100155185","최인희","더불어민주당","1","선거공보","official_structured_record_no_public_file","reviewed_no_recoverable_official_document","official_sources_only"
"620260603-2600-부산진구다선거구-100163260-1-선거공보","candidate-doc:100163260:1","2600","부산광역시","620260603","구·시·군의회의원선거","6","부산진구다선거구","100163260","조수성","국민의힘","1","선거공보","official_structured_record_no_public_file","reviewed_no_recoverable_official_document","official_sources_only"
"620260603-2600-부산진구라선거구-100156971-1-선거공보","candidate-doc:100156971:1","2600","부산광역시","620260603","구·시·군의회의원선거","6","부산진구라선거구","100156971","강지백","더불어민주당","1","선거공보","official_structured_record_no_public_file","reviewed_no_recoverable_official_document","official_sources_only"
"620260603-2600-부산진구라선거구-100163938-1-선거공보","candidate-doc:100163938:1","2600","부산광역시","620260603","구·시·군의회의원선거","6","부산진구라선거구","100163938","이분희","국민의힘","1","선거공보","official_structured_record_no_public_file","reviewed_no_recoverable_official_document","official_sources_only"
"620260603-2600-부산진구바선거구-100157722-1-선거공보","candidate-doc:100157722:1","2600","부산광역시","620260603","구·시·군의회의원선거","6","부산진구바선거구","100157722","이지영","더불어민주당","1","선거공보","official_structured_record_no_public_file","reviewed_no_recoverable_official_document","official_sources_only"
"620260603-2600-부산진구바선거구-100161128-1-선거공보","candidate-doc:100161128:1","2600","부산광역시","620260603","구·시·군의회의원선거","6","부산진구바선거구","100161128","김진복","국민의힘","1","선거공보","official_structured_record_no_public_file","reviewed_no_recoverable_official_document","official_sources_only"
"620260603-2600-부산진구사선거구-100160522-1-선거공보","candidate-doc:100160522:1","2600","부산광역시","620260603","구·시·군의회의원선거","6","부산진구사선거구","100160522","최정웅","더불어민주당","1","선거공보","official_structured_record_no_public_file","reviewed_no_recoverable_official_document","official_sources_only"
"620260603-2600-부산진구사선거구-100161074-1-선거공보","candidate-doc:100161074:1","2600","부산광역시","620260603","구·시·군의회의원선거","6","부산진구사선거구","100161074","김민경","국민의힘","1","선거공보","official_structured_record_no_public_file","reviewed_no_recoverable_official_document","official_sources_only"
"620260603-2600-부산진구아선거구-100160582-1-선거공보","candidate-doc:100160582:1","2600","부산광역시","620260603","구·시·군의회의원선거","6","부산진구아선거구","100160582","강도희","더불어민주당","1","선거공보","official_structured_record_no_public_file","reviewed_no_recoverable_official_document","official_sources_only"
"620260603-2600-부산진구아선거구-100160948-1-선거공보","candidate-doc:100160948:1","2600","부산광역시","620260603","구·시·군의회의원선거","6","부산진구아선거구","100160948","안수만","국민의힘","1","선거공보","official_structured_record_no_public_file","reviewed_no_recoverable_official_document","official_sources_only"
"620260603-2600-동래구가선거구-100158916-1-선거공보","candidate-doc:100158916:1","2600","부산광역시","620260603","구·시·군의회의원선거","6","동래구가선거구","100158916","정상환","더불어민주당","1","선거공보","official_structured_record_no_public_file","reviewed_no_recoverable_official_document","official_sources_only"
"620260603-2600-동래구가선거구-100160902-1-선거공보","candidate-doc:100160902:1","2600","부산광역시","620260603","구·시·군의회의원선거","6","동래구가선거구","100160902","오영진","국민의힘","1","선거공보","official_structured_record_no_public_file","reviewed_no_recoverable_official_document","official_sources_only"
"620260603-2600-동래구라선거구-100160730-1-선거공보","candidate-doc:100160730:1","2600","부산광역시","620260603","구·시·군의회의원선거","6","동래구라선거구","100160730","이지영","더불어민주당","1","선거공보","official_structured_record_no_public_file","reviewed_no_recoverable_official_document","official_sources_only"
"620260603-2600-동래구라선거구-100161731-1-선거공보","candidate-doc:100161731:1","2600","부산광역시","620260603","구·시·군의회의원선거","6","동래구라선거구","100161731","최순희","국민의힘","1","선거공보","official_structured_record_no_public_file","reviewed_no_recoverable_official_document","official_sources_only"
"620260603-2600-남구가선거구-100160052-1-선거공보","candidate-doc:100160052:1","2600","부산광역시","620260603","구·시·군의회의원선거","6","남구가선거구","100160052","박강민","더불어민주당","1","선거공보","official_structured_record_no_public_file","reviewed_no_recoverable_official_document","official_sources_only"
"620260603-2600-남구가선거구-100155567-1-선거공보","candidate-doc:100155567:1","2600","부산광역시","620260603","구·시·군의회의원선거","6","남구가선거구","100155567","이준희","국민의힘","1","선거공보","official_structured_record_no_public_file","reviewed_no_recoverable_official_document","official_sources_only"
"620260603-2600-남구나선거구-100157622-1-선거공보","candidate-doc:100157622:1","2600","부산광역시","620260603","구·시·군의회의원선거","6","남구나선거구","100157622","허미향","더불어민주당","1","선거공보","official_structured_record_no_public_file","reviewed_no_recoverable_official_document","official_sources_only"
"620260603-2600-남구나선거구-100156896-1-선거공보","candidate-doc:100156896:1","2600","부산광역시","620260603","구·시·군의회의원선거","6","남구나선거구","100156896","김철현","국민의힘","1","선거공보","official_structured_record_no_public_file","reviewed_no_recoverable_official_document","official_sources_only"
"620260603-2600-남구다선거구-100157625-1-선거공보","candidate-doc:100157625:1","2600","부산광역시","620260603","구·시·군의회의원선거","6","남구다선거구","100157625","백석민","더불어민주당","1","선거공보","official_structured_record_no_public_file","reviewed_no_recoverable_official_document","official_sources_only"
"620260603-2600-남구라선거구-100160056-1-선거공보","candidate-doc:100160056:1","2600","부산광역시","620260603","구·시·군의회의원선거","6","남구라선거구","100160056","서영태","더불어민주당","1","선거공보","official_structured_record_no_public_file","reviewed_no_recoverable_official_document","official_sources_only"
"620260603-2600-남구라선거구-100156680-1-선거공보","candidate-doc:100156680:1","2600","부산광역시","620260603","구·시·군의회의원선거","6","남구라선거구","100156680","윤성록","국민의힘","1","선거공보","official_structured_record_no_public_file","reviewed_no_recoverable_official_document","official_sources_only"
"620260603-2600-남구마선거구-100156188-1-선거공보","candidate-doc:100156188:1","2600","부산광역시","620260603","구·시·군의회의원선거","6","남구마선거구","100156188","이재호","더불어민주당","1","선거공보","official_structured_record_no_public_file","reviewed_no_recoverable_official_document","official_sources_only"
"620260603-2600-남구마선거구-100157938-1-선거공보","candidate-doc:100157938:1","2600","부산광역시","620260603","구·시·군의회의원선거","6","남구마선거구","100157938","고선화","국민의힘","1","선거공보","official_structured_record_no_public_file","reviewed_no_recoverable_official_document","official_sources_only"
"620260603-2600-북구가선거구-100157785-1-선거공보","candidate-doc:100157785:1","2600","부산광역시","620260603","구·시·군의회의원선거","6","북구가선거구","100157785","이영란","더불어민주당","1","선거공보","official_structured_record_no_public_file","reviewed_no_recoverable_official_document","official_sources_only"
"620260603-2600-북구가선거구-100162816-1-선거공보","candidate-doc:100162816:1","2600","부산광역시","620260603","구·시·군의회의원선거","6","북구가선거구","100162816","김효원","더불어민주당","1","선거공보","official_structured_record_no_public_file","reviewed_no_recoverable_official_document","official_sources_only"
"620260603-2600-북구가선거구-100160037-1-선거공보","candidate-doc:100160037:1","2600","부산광역시","620260603","구·시·군의회의원선거","6","북구가선거구","100160037","김태식","국민의힘","1","선거공보","official_structured_record_no_public_file","reviewed_no_recoverable_official_document","official_sources_only"
"620260603-2600-북구가선거구-100161052-1-선거공보","candidate-doc:100161052:1","2600","부산광역시","620260603","구·시·군의회의원선거","6","북구가선거구","100161052","김정방","국민의힘","1","선거공보","official_structured_record_no_public_file","reviewed_no_recoverable_official_document","official_sources_only"
"620260603-2600-북구가선거구-100154403-1-선거공보","candidate-doc:100154403:1","2600","부산광역시","620260603","구·시·군의회의원선거","6","북구가선거구","100154403","강인옥","무소속","1","선거공보","official_structured_record_no_public_file","reviewed_no_recoverable_official_document","official_sources_only"
"620260603-2600-북구나선거구-100158082-1-선거공보","candidate-doc:100158082:1","2600","부산광역시","620260603","구·시·군의회의원선거","6","북구나선거구","100158082","임성배","더불어민주당","1","선거공보","official_structured_record_no_public_file","reviewed_no_recoverable_official_document","official_sources_only"
"620260603-2600-북구나선거구-100154199-1-선거공보","candidate-doc:100154199:1","2600","부산광역시","620260603","구·시·군의회의원선거","6","북구나선거구","100154199","손분연","더불어민주당","1","선거공보","official_structured_record_no_public_file","reviewed_no_recoverable_official_document","official_sources_only"
"620260603-2600-북구나선거구-100161121-1-선거공보","candidate-doc:100161121:1","2600","부산광역시","620260603","구·시·군의회의원선거","6","북구나선거구","100161121","박성진","국민의힘","1","선거공보","official_structured_record_no_public_file","reviewed_no_recoverable_official_document","official_sources_only"
"620260603-2600-북구나선거구-100161001-1-선거공보","candidate-doc:100161001:1","2600","부산광역시","620260603","구·시·군의회의원선거","6","북구나선거구","100161001","김장수","국민의힘","1","선거공보","official_structured_record_no_public_file","reviewed_no_recoverable_official_document","official_sources_only"
"620260603-2600-북구나선거구-100156847-1-선거공보","candidate-doc:100156847:1","2600","부산광역시","620260603","구·시·군의회의원선거","6","북구나선거구","100156847","백종학","무소속","1","선거공보","official_structured_record_no_public_file","reviewed_no_recoverable_official_document","official_sources_only"
"620260603-2600-북구다선거구-100158227-1-선거공보","candidate-doc:100158227:1","2600","부산광역시","620260603","구·시·군의회의원선거","6","북구다선거구","100158227","하남욱","더불어민주당","1","선거공보","official_structured_record_no_public_file","reviewed_no_recoverable_official_document","official_sources_only"
"620260603-2600-북구다선거구-100157780-1-선거공보","candidate-doc:100157780:1","2600","부산광역시","620260603","구·시·군의회의원선거","6","북구다선거구","100157780","박성복","무소속","1","선거공보","official_structured_record_no_public_file","reviewed_no_recoverable_official_document","official_sources_only"
"620260603-2600-북구라선거구-100154409-1-선거공보","candidate-doc:100154409:1","2600","부산광역시","620260603","구·시·군의회의원선거","6","북구라선거구","100154409","박원진","더불어민주당","1","선거공보","official_structured_record_no_public_file","reviewed_no_recoverable_official_document","official_sources_only"
"620260603-2600-북구라선거구-100163562-1-선거공보","candidate-doc:100163562:1","2600","부산광역시","620260603","구·시·군의회의원선거","6","북구라선거구","100163562","이주연","더불어민주당","1","선거공보","official_structured_record_no_public_file","reviewed_no_recoverable_official_document","official_sources_only"
"620260603-2600-북구라선거구-100163252-1-선거공보","candidate-doc:100163252:1","2600","부산광역시","620260603","구·시·군의회의원선거","6","북구라선거구","100163252","조복남","국민의힘","1","선거공보","official_structured_record_no_public_file","reviewed_no_recoverable_official_document","official_sources_only"
"620260603-2600-북구라선거구-100165739-1-선거공보","candidate-doc:100165739:1","2600","부산광역시","620260603","구·시·군의회의원선거","6","북구라선거구","100165739","백순택","무소속","1","선거공보","official_structured_record_no_public_file","reviewed_no_recoverable_official_document","official_sources_only"
"620260603-2600-북구라선거구-100157244-1-선거공보","candidate-doc:100157244:1","2600","부산광역시","620260603","구·시·군의회의원선거","6","북구라선거구","100157244","정기수","무소속","1","선거공보","official_structured_record_no_public_file","reviewed_no_recoverable_official_document","official_sources_only"
"620260603-2600-해운대구라선거구-100160029-1-선거공보","candidate-doc:100160029:1","2600","부산광역시","620260603","구·시·군의회의원선거","6","해운대구라선거구","100160029","김미희","더불어민주당","1","선거공보","official_structured_record_no_public_file","reviewed_no_recoverable_official_document","official_sources_only"
"620260603-2600-해운대구라선거구-100163008-1-선거공보","candidate-doc:100163008:1","2600","부산광역시","620260603","구·시·군의회의원선거","6","해운대구라선거구","100163008","서창우","국민의힘","1","선거공보","official_structured_record_no_public_file","reviewed_no_recoverable_official_document","official_sources_only"
"620260603-2600-해운대구마선거구-100156715-1-선거공보","candidate-doc:100156715:1","2600","부산광역시","620260603","구·시·군의회의원선거","6","해운대구마선거구","100156715","마준영","더불어민주당","1","선거공보","official_structured_record_no_public_file","reviewed_no_recoverable_official_document","official_sources_only"
"620260603-2600-해운대구마선거구-100158735-1-선거공보","candidate-doc:100158735:1","2600","부산광역시","620260603","구·시·군의회의원선거","6","해운대구마선거구","100158735","박기훈","국민의힘","1","선거공보","official_structured_record_no_public_file","reviewed_no_recoverable_official_document","official_sources_only"
"620260603-2600-해운대구바선거구-100157171-1-선거공보","candidate-doc:100157171:1","2600","부산광역시","620260603","구·시·군의회의원선거","6","해운대구바선거구","100157171","공기순","더불어민주당","1","선거공보","official_structured_record_no_public_file","reviewed_no_recoverable_official_document","official_sources_only"
"620260603-2600-해운대구바선거구-100161177-1-선거공보","candidate-doc:100161177:1","2600","부산광역시","620260603","구·시·군의회의원선거","6","해운대구바선거구","100161177","장성철","국민의힘","1","선거공보","official_structured_record_no_public_file","reviewed_no_recoverable_official_document","official_sources_only"
"620260603-2600-금정구나선거구-100155533-1-선거공보","candidate-doc:100155533:1","2600","부산광역시","620260603","구·시·군의회의원선거","6","금정구나선거구","100155533","이승진","더불어민주당","1","선거공보","official_structured_record_no_public_file","reviewed_no_recoverable_official_document","official_sources_only"
"620260603-2600-금정구나선거구-100161662-1-선거공보","candidate-doc:100161662:1","2600","부산광역시","620260603","구·시·군의회의원선거","6","금정구나선거구","100161662","강재호","국민의힘","1","선거공보","official_structured_record_no_public_file","reviewed_no_recoverable_official_document","official_sources_only"
"620260603-2600-수영구가선거구-100158391-1-선거공보","candidate-doc:100158391:1","2600","부산광역시","620260603","구·시·군의회의원선거","6","수영구가선거구","100158391","조선민","더불어민주당","1","선거공보","official_structured_record_no_public_file","reviewed_no_recoverable_official_document","official_sources_only"
"620260603-2600-수영구가선거구-100161144-1-선거공보","candidate-doc:100161144:1","2600","부산광역시","620260603","구·시·군의회의원선거","6","수영구가선거구","100161144","권창환","국민의힘","1","선거공보","official_structured_record_no_public_file","reviewed_no_recoverable_official_document","official_sources_only"
"620260603-2600-수영구나선거구-100157850-1-선거공보","candidate-doc:100157850:1","2600","부산광역시","620260603","구·시·군의회의원선거","6","수영구나선거구","100157850","이나견","더불어민주당","1","선거공보","official_structured_record_no_public_file","reviewed_no_recoverable_official_document","official_sources_only"
"620260603-2600-수영구나선거구-100161932-1-선거공보","candidate-doc:100161932:1","2600","부산광역시","620260603","구·시·군의회의원선거","6","수영구나선거구","100161932","최승호","무소속","1","선거공보","official_structured_record_no_public_file","reviewed_no_recoverable_official_document","official_sources_only"
"620260603-2600-수영구다선거구-100157695-1-선거공보","candidate-doc:100157695:1","2600","부산광역시","620260603","구·시·군의회의원선거","6","수영구다선거구","100157695","윤정환","더불어민주당","1","선거공보","official_structured_record_no_public_file","reviewed_no_recoverable_official_document","official_sources_only"
"620260603-2600-수영구다선거구-100161088-1-선거공보","candidate-doc:100161088:1","2600","부산광역시","620260603","구·시·군의회의원선거","6","수영구다선거구","100161088","김태성","국민의힘","1","선거공보","official_structured_record_no_public_file","reviewed_no_recoverable_official_document","official_sources_only"
"620260603-2600-수영구라선거구-100161680-1-선거공보","candidate-doc:100161680:1","2600","부산광역시","620260603","구·시·군의회의원선거","6","수영구라선거구","100161680","김동욱","국민의힘","1","선거공보","official_structured_record_no_public_file","reviewed_no_recoverable_official_document","official_sources_only"
"620260603-2600-수영구라선거구-100162214-1-선거공보","candidate-doc:100162214:1","2600","부산광역시","620260603","구·시·군의회의원선거","6","수영구라선거구","100162214","서동욱","정의당","1","선거공보","official_structured_record_no_public_file","reviewed_no_recoverable_official_document","official_sources_only"
"620260603-2600-수영구라선거구-100162911-1-선거공보","candidate-doc:100162911:1","2600","부산광역시","620260603","구·시·군의회의원선거","6","수영구라선거구","100162911","김종근","무소속","1","선거공보","official_structured_record_no_public_file","reviewed_no_recoverable_official_document","official_sources_only"
"620260603-2600-사상구라선거구-100160407-1-선거공보","candidate-doc:100160407:1","2600","부산광역시","620260603","구·시·군의회의원선거","6","사상구라선거구","100160407","황수진","더불어민주당","1","선거공보","official_structured_record_no_public_file","reviewed_no_recoverable_official_document","official_sources_only"
"620260603-2600-사상구라선거구-100161106-1-선거공보","candidate-doc:100161106:1","2600","부산광역시","620260603","구·시·군의회의원선거","6","사상구라선거구","100161106","김진순","국민의힘","1","선거공보","official_structured_record_no_public_file","reviewed_no_recoverable_official_document","official_sources_only"
"620260603-2700-북구가선거구-100154834-1-선거공보","candidate-doc:100154834:1","2700","대구광역시","620260603","구·시·군의회의원선거","6","북구가선거구","100154834","안경완","더불어민주당","1","선거공보","official_structured_record_no_public_file","reviewed_no_recoverable_official_document","official_sources_only"
"620260603-2700-북구가선거구-100162055-1-선거공보","candidate-doc:100162055:1","2700","대구광역시","620260603","구·시·군의회의원선거","6","북구가선거구","100162055","임수환","국민의힘","1","선거공보","official_structured_record_no_public_file","reviewed_no_recoverable_official_document","official_sources_only"
"620260603-2700-북구다선거구-100160545-1-선거공보","candidate-doc:100160545:1","2700","대구광역시","620260603","구·시·군의회의원선거","6","북구다선거구","100160545","황귀주","더불어민주당","1","선거공보","official_structured_record_no_public_file","reviewed_no_recoverable_official_document","official_sources_only"
"620260603-2700-북구다선거구-100162092-1-선거공보","candidate-doc:100162092:1","2700","대구광역시","620260603","구·시·군의회의원선거","6","북구다선거구","100162092","서상훈","국민의힘","1","선거공보","official_structured_record_no_public_file","reviewed_no_recoverable_official_document","official_sources_only"
"620260603-2700-북구다선거구-100162101-1-선거공보","candidate-doc:100162101:1","2700","대구광역시","620260603","구·시·군의회의원선거","6","북구다선거구","100162101","이성근","국민의힘","1","선거공보","official_structured_record_no_public_file","reviewed_no_recoverable_official_document","official_sources_only"
"620260603-2700-북구라선거구-100161469-1-선거공보","candidate-doc:100161469:1","2700","대구광역시","620260603","구·시·군의회의원선거","6","북구라선거구","100161469","한상열","더불어민주당","1","선거공보","official_structured_record_no_public_file","reviewed_no_recoverable_official_document","official_sources_only"
"620260603-2700-북구라선거구-100162177-1-선거공보","candidate-doc:100162177:1","2700","대구광역시","620260603","구·시·군의회의원선거","6","북구라선거구","100162177","이현수","국민의힘","1","선거공보","official_structured_record_no_public_file","reviewed_no_recoverable_official_document","official_sources_only"
"620260603-2700-달서구가선거구-100163376-1-선거공보","candidate-doc:100163376:1","2700","대구광역시","620260603","구·시·군의회의원선거","6","달서구가선거구","100163376","이신자","더불어민주당","1","선거공보","official_structured_record_no_public_file","reviewed_no_recoverable_official_document","official_sources_only"
"620260603-2700-달서구가선거구-100156484-1-선거공보","candidate-doc:100156484:1","2700","대구광역시","620260603","구·시·군의회의원선거","6","달서구가선거구","100156484","정달호","국민의힘","1","선거공보","official_structured_record_no_public_file","reviewed_no_recoverable_official_document","official_sources_only"
"620260603-2700-달서구나선거구-100158145-1-선거공보","candidate-doc:100158145:1","2700","대구광역시","620260603","구·시·군의회의원선거","6","달서구나선거구","100158145","구백림","더불어민주당","1","선거공보","official_structured_record_no_public_file","reviewed_no_recoverable_official_document","official_sources_only"
"620260603-2700-달서구나선거구-100157736-1-선거공보","candidate-doc:100157736:1","2700","대구광역시","620260603","구·시·군의회의원선거","6","달서구나선거구","100157736","황국주","국민의힘","1","선거공보","official_structured_record_no_public_file","reviewed_no_recoverable_official_document","official_sources_only"
"620260603-2800-영종구가선거구-100155527-1-선거공보","candidate-doc:100155527:1","2800","인천광역시","620260603","구·시·군의회의원선거","6","영종구가선거구","100155527","최미자","더불어민주당","1","선거공보","official_structured_record_no_public_file","reviewed_no_recoverable_official_document","official_sources_only"
"620260603-2800-영종구가선거구-100160975-1-선거공보","candidate-doc:100160975:1","2800","인천광역시","620260603","구·시·군의회의원선거","6","영종구가선거구","100160975","손은비","국민의힘","1","선거공보","official_structured_record_no_public_file","reviewed_no_recoverable_official_document","official_sources_only"
"620260603-2800-미추홀구가선거구-100156143-1-선거공보","candidate-doc:100156143:1","2800","인천광역시","620260603","구·시·군의회의원선거","6","미추홀구가선거구","100156143","김경순","더불어민주당","1","선거공보","official_structured_record_no_public_file","reviewed_no_recoverable_official_document","official_sources_only"
"620260603-2800-미추홀구가선거구-100163549-1-선거공보","candidate-doc:100163549:1","2800","인천광역시","620260603","구·시·군의회의원선거","6","미추홀구가선거구","100163549","김재원","국민의힘","1","선거공보","official_structured_record_no_public_file","reviewed_no_recoverable_official_document","official_sources_only"
"620260603-2800-미추홀구가선거구-100165854-1-선거공보","candidate-doc:100165854:1","2800","인천광역시","620260603","구·시·군의회의원선거","6","미추홀구가선거구","100165854","이지용","국민의힘","1","선거공보","official_structured_record_no_public_file","reviewed_no_recoverable_official_document","official_sources_only"
"620260603-2800-미추홀구다선거구-100160454-1-선거공보","candidate-doc:100160454:1","2800","인천광역시","620260603","구·시·군의회의원선거","6","미추홀구다선거구","100160454","김수경","국민의힘","1","선거공보","official_structured_record_no_public_file","reviewed_no_recoverable_official_document","official_sources_only"
"620260603-2800-연수구마선거구-100156743-1-선거공보","candidate-doc:100156743:1","2800","인천광역시","620260603","구·시·군의회의원선거","6","연수구마선거구","100156743","한지혜","더불어민주당","1","선거공보","official_structured_record_no_public_file","reviewed_no_recoverable_official_document","official_sources_only"
"620260603-2800-연수구마선거구-100155722-1-선거공보","candidate-doc:100155722:1","2800","인천광역시","620260603","구·시·군의회의원선거","6","연수구마선거구","100155722","정민균","국민의힘","1","선거공보","official_structured_record_no_public_file","reviewed_no_recoverable_official_document","official_sources_only"
"620260603-2800-부평구가선거구-100157146-1-선거공보","candidate-doc:100157146:1","2800","인천광역시","620260603","구·시·군의회의원선거","6","부평구가선거구","100157146","조한결","더불어민주당","1","선거공보","official_structured_record_no_public_file","reviewed_no_recoverable_official_document","official_sources_only"
"620260603-2800-부평구가선거구-100159024-1-선거공보","candidate-doc:100159024:1","2800","인천광역시","620260603","구·시·군의회의원선거","6","부평구가선거구","100159024","장수연","국민의힘","1","선거공보","official_structured_record_no_public_file","reviewed_no_recoverable_official_document","official_sources_only"
"620260603-2800-부평구나선거구-100157164-1-선거공보","candidate-doc:100157164:1","2800","인천광역시","620260603","구·시·군의회의원선거","6","부평구나선거구","100157164","이제욱","더불어민주당","1","선거공보","official_structured_record_no_public_file","reviewed_no_recoverable_official_document","official_sources_only"
"620260603-2800-부평구나선거구-100160852-1-선거공보","candidate-doc:100160852:1","2800","인천광역시","620260603","구·시·군의회의원선거","6","부평구나선거구","100160852","남성훈","더불어민주당","1","선거공보","official_structured_record_no_public_file","reviewed_no_recoverable_official_document","official_sources_only"
"620260603-2800-부평구나선거구-100158746-1-선거공보","candidate-doc:100158746:1","2800","인천광역시","620260603","구·시·군의회의원선거","6","부평구나선거구","100158746","여명자","국민의힘","1","선거공보","official_structured_record_no_public_file","reviewed_no_recoverable_official_document","official_sources_only"
"620260603-2800-부평구다선거구-100158236-1-선거공보","candidate-doc:100158236:1","2800","인천광역시","620260603","구·시·군의회의원선거","6","부평구다선거구","100158236","김보식","더불어민주당","1","선거공보","official_structured_record_no_public_file","reviewed_no_recoverable_official_document","official_sources_only"
"620260603-2800-부평구다선거구-100157072-1-선거공보","candidate-doc:100157072:1","2800","인천광역시","620260603","구·시·군의회의원선거","6","부평구다선거구","100157072","임규이","더불어민주당","1","선거공보","official_structured_record_no_public_file","reviewed_no_recoverable_official_document","official_sources_only"
"620260603-2800-부평구다선거구-100158545-1-선거공보","candidate-doc:100158545:1","2800","인천광역시","620260603","구·시·군의회의원선거","6","부평구다선거구","100158545","김동규","국민의힘","1","선거공보","official_structured_record_no_public_file","reviewed_no_recoverable_official_document","official_sources_only"
"620260603-2800-부평구마선거구-100154760-1-선거공보","candidate-doc:100154760:1","2800","인천광역시","620260603","구·시·군의회의원선거","6","부평구마선거구","100154760","박성미","더불어민주당","1","선거공보","official_structured_record_no_public_file","reviewed_no_recoverable_official_document","official_sources_only"
"620260603-2800-부평구마선거구-100160601-1-선거공보","candidate-doc:100160601:1","2800","인천광역시","620260603","구·시·군의회의원선거","6","부평구마선거구","100160601","김진웅","국민의힘","1","선거공보","official_structured_record_no_public_file","reviewed_no_recoverable_official_document","official_sources_only"
"620260603-2800-부평구바선거구-100154962-1-선거공보","candidate-doc:100154962:1","2800","인천광역시","620260603","구·시·군의회의원선거","6","부평구바선거구","100154962","김환연","더불어민주당","1","선거공보","official_structured_record_no_public_file","reviewed_no_recoverable_official_document","official_sources_only"
"620260603-2800-부평구바선거구-100157698-1-선거공보","candidate-doc:100157698:1","2800","인천광역시","620260603","구·시·군의회의원선거","6","부평구바선거구","100157698","허정미","더불어민주당","1","선거공보","official_structured_record_no_public_file","reviewed_no_recoverable_official_document","official_sources_only"
"620260603-2800-부평구바선거구-100159307-1-선거공보","candidate-doc:100159307:1","2800","인천광역시","620260603","구·시·군의회의원선거","6","부평구바선거구","100159307","윤구영","국민의힘","1","선거공보","official_structured_record_no_public_file","reviewed_no_recoverable_official_document","official_sources_only"
"620260603-2800-계양구다선거구-100157641-1-선거공보","candidate-doc:100157641:1","2800","인천광역시","620260603","구·시·군의회의원선거","6","계양구다선거구","100157641","박지상","더불어민주당","1","선거공보","official_structured_record_no_public_file","reviewed_no_recoverable_official_document","official_sources_only"
"620260603-2800-계양구다선거구-100165234-1-선거공보","candidate-doc:100165234:1","2800","인천광역시","620260603","구·시·군의회의원선거","6","계양구다선거구","100165234","이상호","국민의힘","1","선거공보","official_structured_record_no_public_file","reviewed_no_recoverable_official_document","official_sources_only"
"620260603-2900-서구가선거구-100154163-1-선거공보","candidate-doc:100154163:1","2900","광주광역시","620260603","구·시·군의회의원선거","6","서구가선거구","100154163","이기성","더불어민주당","1","선거공보","official_structured_record_no_public_file","reviewed_no_recoverable_official_document","official_sources_only"
"620260603-2900-서구가선거구-100157532-1-선거공보","candidate-doc:100157532:1","2900","광주광역시","620260603","구·시·군의회의원선거","6","서구가선거구","100157532","김수영","더불어민주당","1","선거공보","official_structured_record_no_public_file","reviewed_no_recoverable_official_document","official_sources_only"
"620260603-2900-서구가선거구-100156698-1-선거공보","candidate-doc:100156698:1","2900","광주광역시","620260603","구·시·군의회의원선거","6","서구가선거구","100156698","양하길","더불어민주당","1","선거공보","official_structured_record_no_public_file","reviewed_no_recoverable_official_document","official_sources_only"
"620260603-2900-서구가선거구-100157381-1-선거공보","candidate-doc:100157381:1","2900","광주광역시","620260603","구·시·군의회의원선거","6","서구가선거구","100157381","노윤섭","조국혁신당","1","선거공보","official_structured_record_no_public_file","reviewed_no_recoverable_official_document","official_sources_only"
"620260603-2900-서구가선거구-100154287-1-선거공보","candidate-doc:100154287:1","2900","광주광역시","620260603","구·시·군의회의원선거","6","서구가선거구","100154287","기춘희","진보당","1","선거공보","official_structured_record_no_public_file","reviewed_no_recoverable_official_document","official_sources_only"
"620260603-2900-서구나선거구-100156324-1-선거공보","candidate-doc:100156324:1","2900","광주광역시","620260603","구·시·군의회의원선거","6","서구나선거구","100156324","양인기","더불어민주당","1","선거공보","official_structured_record_no_public_file","reviewed_no_recoverable_official_document","official_sources_only"
"620260603-2900-서구나선거구-100156851-1-선거공보","candidate-doc:100156851:1","2900","광주광역시","620260603","구·시·군의회의원선거","6","서구나선거구","100156851","오병관","더불어민주당","1","선거공보","official_structured_record_no_public_file","reviewed_no_recoverable_official_document","official_sources_only"
"620260603-2900-서구나선거구-100158479-1-선거공보","candidate-doc:100158479:1","2900","광주광역시","620260603","구·시·군의회의원선거","6","서구나선거구","100158479","임성화","더불어민주당","1","선거공보","official_structured_record_no_public_file","reviewed_no_recoverable_official_document","official_sources_only"
"620260603-2900-서구나선거구-100154196-1-선거공보","candidate-doc:100154196:1","2900","광주광역시","620260603","구·시·군의회의원선거","6","서구나선거구","100154196","이은주","진보당","1","선거공보","official_structured_record_no_public_file","reviewed_no_recoverable_official_document","official_sources_only"
"620260603-2900-서구나선거구-100161381-1-선거공보","candidate-doc:100161381:1","2900","광주광역시","620260603","구·시·군의회의원선거","6","서구나선거구","100161381","오광록","무소속","1","선거공보","official_structured_record_no_public_file","reviewed_no_recoverable_official_document","official_sources_only"
"620260603-2900-서구다선거구-100162877-1-선거공보","candidate-doc:100162877:1","2900","광주광역시","620260603","구·시·군의회의원선거","6","서구다선거구","100162877","김인성","더불어민주당","1","선거공보","official_structured_record_no_public_file","reviewed_no_recoverable_official_document","official_sources_only"
"620260603-2900-서구다선거구-100157609-1-선거공보","candidate-doc:100157609:1","2900","광주광역시","620260603","구·시·군의회의원선거","6","서구다선거구","100157609","백종한","더불어민주당","1","선거공보","official_structured_record_no_public_file","reviewed_no_recoverable_official_document","official_sources_only"
"620260603-2900-서구다선거구-100163358-1-선거공보","candidate-doc:100163358:1","2900","광주광역시","620260603","구·시·군의회의원선거","6","서구다선거구","100163358","최정애","더불어민주당","1","선거공보","official_structured_record_no_public_file","reviewed_no_recoverable_official_document","official_sources_only"
"620260603-2900-서구다선거구-100163903-1-선거공보","candidate-doc:100163903:1","2900","광주광역시","620260603","구·시·군의회의원선거","6","서구다선거구","100163903","이동춘","무소속","1","선거공보","official_structured_record_no_public_file","reviewed_no_recoverable_official_document","official_sources_only"
"620260603-2900-서구라선거구-100155782-1-선거공보","candidate-doc:100155782:1","2900","광주광역시","620260603","구·시·군의회의원선거","6","서구라선거구","100155782","오지은","더불어민주당","1","선거공보","official_structured_record_no_public_file","reviewed_no_recoverable_official_document","official_sources_only"
"620260603-2900-서구라선거구-100154579-1-선거공보","candidate-doc:100154579:1","2900","광주광역시","620260603","구·시·군의회의원선거","6","서구라선거구","100154579","김유안","더불어민주당","1","선거공보","official_structured_record_no_public_file","reviewed_no_recoverable_official_document","official_sources_only"
"620260603-2900-서구라선거구-100157080-1-선거공보","candidate-doc:100157080:1","2900","광주광역시","620260603","구·시·군의회의원선거","6","서구라선거구","100157080","박영숙","더불어민주당","1","선거공보","official_structured_record_no_public_file","reviewed_no_recoverable_official_document","official_sources_only"
"620260603-2900-서구라선거구-100157500-1-선거공보","candidate-doc:100157500:1","2900","광주광역시","620260603","구·시·군의회의원선거","6","서구라선거구","100157500","김훈중","조국혁신당","1","선거공보","official_structured_record_no_public_file","reviewed_no_recoverable_official_document","official_sources_only"
"620260603-2900-서구라선거구-100154285-1-선거공보","candidate-doc:100154285:1","2900","광주광역시","620260603","구·시·군의회의원선거","6","서구라선거구","100154285","고기담","진보당","1","선거공보","official_structured_record_no_public_file","reviewed_no_recoverable_official_document","official_sources_only"
"620260603-2900-서구라선거구-100157333-1-선거공보","candidate-doc:100157333:1","2900","광주광역시","620260603","구·시·군의회의원선거","6","서구라선거구","100157333","김옥수","무소속","1","선거공보","official_structured_record_no_public_file","reviewed_no_recoverable_official_document","official_sources_only"
"620260603-2900-북구다선거구-100155883-1-선거공보","candidate-doc:100155883:1","2900","광주광역시","620260603","구·시·군의회의원선거","6","북구다선거구","100155883","이재봉","더불어민주당","1","선거공보","official_structured_record_no_public_file","reviewed_no_recoverable_official_document","official_sources_only"
"620260603-2900-북구다선거구-100158363-1-선거공보","candidate-doc:100158363:1","2900","광주광역시","620260603","구·시·군의회의원선거","6","북구다선거구","100158363","최기영","더불어민주당","1","선거공보","official_structured_record_no_public_file","reviewed_no_recoverable_official_document","official_sources_only"
"620260603-2900-북구다선거구-100157719-1-선거공보","candidate-doc:100157719:1","2900","광주광역시","620260603","구·시·군의회의원선거","6","북구다선거구","100157719","김영순","더불어민주당","1","선거공보","official_structured_record_no_public_file","reviewed_no_recoverable_official_document","official_sources_only"
"620260603-2900-광산구라선거구-100163224-1-선거공보","candidate-doc:100163224:1","2900","광주광역시","620260603","구·시·군의회의원선거","6","광산구라선거구","100163224","윤영일","더불어민주당","1","선거공보","official_structured_record_no_public_file","reviewed_no_recoverable_official_document","official_sources_only"
"620260603-2900-광산구라선거구-100162293-1-선거공보","candidate-doc:100162293:1","2900","광주광역시","620260603","구·시·군의회의원선거","6","광산구라선거구","100162293","이우형","더불어민주당","1","선거공보","official_structured_record_no_public_file","reviewed_no_recoverable_official_document","official_sources_only"
"620260603-2900-광산구라선거구-100154987-1-선거공보","candidate-doc:100154987:1","2900","광주광역시","620260603","구·시·군의회의원선거","6","광산구라선거구","100154987","김명숙","진보당","1","선거공보","official_structured_record_no_public_file","reviewed_no_recoverable_official_document","official_sources_only"
"620260603-3000-서구마선거구-100161671-1-선거공보","candidate-doc:100161671:1","3000","대전광역시","620260603","구·시·군의회의원선거","6","서구마선거구","100161671","박용준","더불어민주당","1","선거공보","official_structured_record_no_public_file","reviewed_no_recoverable_official_document","official_sources_only"
"620260603-3000-서구마선거구-100162037-1-선거공보","candidate-doc:100162037:1","3000","대전광역시","620260603","구·시·군의회의원선거","6","서구마선거구","100162037","최미자","더불어민주당","1","선거공보","official_structured_record_no_public_file","reviewed_no_recoverable_official_document","official_sources_only"
"620260603-3000-서구마선거구-100162389-1-선거공보","candidate-doc:100162389:1","3000","대전광역시","620260603","구·시·군의회의원선거","6","서구마선거구","100162389","김명현","국민의힘","1","선거공보","official_structured_record_no_public_file","reviewed_no_recoverable_official_document","official_sources_only"
"620260603-3000-서구바선거구-100157544-1-선거공보","candidate-doc:100157544:1","3000","대전광역시","620260603","구·시·군의회의원선거","6","서구바선거구","100157544","송용석","더불어민주당","1","선거공보","official_structured_record_no_public_file","reviewed_no_recoverable_official_document","official_sources_only"
"620260603-3000-서구바선거구-100162108-1-선거공보","candidate-doc:100162108:1","3000","대전광역시","620260603","구·시·군의회의원선거","6","서구바선거구","100162108","정인화","국민의힘","1","선거공보","official_structured_record_no_public_file","reviewed_no_recoverable_official_document","official_sources_only"
"620260603-3000-유성구나선거구-100161991-1-선거공보","candidate-doc:100161991:1","3000","대전광역시","620260603","구·시·군의회의원선거","6","유성구나선거구","100161991","강봉구","조국혁신당","1","선거공보","official_structured_record_no_public_file","reviewed_no_recoverable_official_document","official_sources_only"
"620260603-3000-대덕구가선거구-100154984-1-선거공보","candidate-doc:100154984:1","3000","대전광역시","620260603","구·시·군의회의원선거","6","대덕구가선거구","100154984","이삼남","더불어민주당","1","선거공보","official_structured_record_no_public_file","reviewed_no_recoverable_official_document","official_sources_only"
"620260603-3000-대덕구가선거구-100162362-1-선거공보","candidate-doc:100162362:1","3000","대전광역시","620260603","구·시·군의회의원선거","6","대덕구가선거구","100162362","조대웅","국민의힘","1","선거공보","official_structured_record_no_public_file","reviewed_no_recoverable_official_document","official_sources_only"
"620260603-3000-대덕구다선거구-100155931-1-선거공보","candidate-doc:100155931:1","3000","대전광역시","620260603","구·시·군의회의원선거","6","대덕구다선거구","100155931","서미경","더불어민주당","1","선거공보","official_structured_record_no_public_file","reviewed_no_recoverable_official_document","official_sources_only"
"620260603-3000-대덕구다선거구-100163266-1-선거공보","candidate-doc:100163266:1","3000","대전광역시","620260603","구·시·군의회의원선거","6","대덕구다선거구","100163266","전석광","국민의힘","1","선거공보","official_structured_record_no_public_file","reviewed_no_recoverable_official_document","official_sources_only"
"620260603-3100-남구라선거구-100161256-1-선거공보","candidate-doc:100161256:1","3100","울산광역시","620260603","구·시·군의회의원선거","6","남구라선거구","100161256","정훈희","국민의힘","1","선거공보","official_structured_record_no_public_file","reviewed_no_recoverable_official_document","official_sources_only"
"620260603-3100-울주군나선거구-100165417-1-선거공보","candidate-doc:100165417:1","3100","울산광역시","620260603","구·시·군의회의원선거","6","울주군나선거구","100165417","최치환","무소속","1","선거공보","official_structured_record_no_public_file","reviewed_no_recoverable_official_document","official_sources_only"
"620260603-3100-울주군나선거구-100165856-1-선거공보","candidate-doc:100165856:1","3100","울산광역시","620260603","구·시·군의회의원선거","6","울주군나선거구","100165856","이원옥","무소속","1","선거공보","official_structured_record_no_public_file","reviewed_no_recoverable_official_document","official_sources_only"
"620260603-4100-수원시나선거구-100164900-1-선거공보","candidate-doc:100164900:1","4100","경기도","620260603","구·시·군의회의원선거","6","수원시나선거구","100164900","오세철","더불어민주당","1","선거공보","official_structured_record_no_public_file","reviewed_no_recoverable_official_document","official_sources_only"
"620260603-4100-수원시나선거구-100160234-1-선거공보","candidate-doc:100160234:1","4100","경기도","620260603","구·시·군의회의원선거","6","수원시나선거구","100160234","김은수","국민의힘","1","선거공보","official_structured_record_no_public_file","reviewed_no_recoverable_official_document","official_sources_only"
"620260603-4100-수원시다선거구-100157074-1-선거공보","candidate-doc:100157074:1","4100","경기도","620260603","구·시·군의회의원선거","6","수원시다선거구","100157074","김민양","더불어민주당","1","선거공보","official_structured_record_no_public_file","reviewed_no_recoverable_official_document","official_sources_only"
"620260603-4100-수원시다선거구-100161771-1-선거공보","candidate-doc:100161771:1","4100","경기도","620260603","구·시·군의회의원선거","6","수원시다선거구","100161771","김경례","더불어민주당","1","선거공보","official_structured_record_no_public_file","reviewed_no_recoverable_official_document","official_sources_only"
"620260603-4100-수원시다선거구-100158380-1-선거공보","candidate-doc:100158380:1","4100","경기도","620260603","구·시·군의회의원선거","6","수원시다선거구","100158380","김영희","국민의힘","1","선거공보","official_structured_record_no_public_file","reviewed_no_recoverable_official_document","official_sources_only"
"620260603-4100-수원시다선거구-100161875-1-선거공보","candidate-doc:100161875:1","4100","경기도","620260603","구·시·군의회의원선거","6","수원시다선거구","100161875","이병철","국민의힘","1","선거공보","official_structured_record_no_public_file","reviewed_no_recoverable_official_document","official_sources_only"
"620260603-4100-수원시다선거구-100164821-1-선거공보","candidate-doc:100164821:1","4100","경기도","620260603","구·시·군의회의원선거","6","수원시다선거구","100164821","노만래","개혁신당","1","선거공보","official_structured_record_no_public_file","reviewed_no_recoverable_official_document","official_sources_only"
"620260603-4100-수원시다선거구-100154463-1-선거공보","candidate-doc:100154463:1","4100","경기도","620260603","구·시·군의회의원선거","6","수원시다선거구","100154463","임은지","진보당","1","선거공보","official_structured_record_no_public_file","reviewed_no_recoverable_official_document","official_sources_only"
"620260603-4100-수원시라선거구-100158578-1-선거공보","candidate-doc:100158578:1","4100","경기도","620260603","구·시·군의회의원선거","6","수원시라선거구","100158578","이철승","더불어민주당","1","선거공보","official_structured_record_no_public_file","reviewed_no_recoverable_official_document","official_sources_only"
"620260603-4100-수원시라선거구-100163388-1-선거공보","candidate-doc:100163388:1","4100","경기도","620260603","구·시·군의회의원선거","6","수원시라선거구","100163388","이대선","더불어민주당","1","선거공보","official_structured_record_no_public_file","reviewed_no_recoverable_official_document","official_sources_only"
"620260603-4100-수원시라선거구-100158043-1-선거공보","candidate-doc:100158043:1","4100","경기도","620260603","구·시·군의회의원선거","6","수원시라선거구","100158043","유재광","국민의힘","1","선거공보","official_structured_record_no_public_file","reviewed_no_recoverable_official_document","official_sources_only"
"620260603-4100-수원시차선거구-100155999-1-선거공보","candidate-doc:100155999:1","4100","경기도","620260603","구·시·군의회의원선거","6","수원시차선거구","100155999","서형미","더불어민주당","1","선거공보","official_structured_record_no_public_file","reviewed_no_recoverable_official_document","official_sources_only"
"620260603-4100-수원시차선거구-100158456-1-선거공보","candidate-doc:100158456:1","4100","경기도","620260603","구·시·군의회의원선거","6","수원시차선거구","100158456","금가현","국민의힘","1","선거공보","official_structured_record_no_public_file","reviewed_no_recoverable_official_document","official_sources_only"
"620260603-4100-수원시카선거구-100157035-1-선거공보","candidate-doc:100157035:1","4100","경기도","620260603","구·시·군의회의원선거","6","수원시카선거구","100157035","강은호","더불어민주당","1","선거공보","official_structured_record_no_public_file","reviewed_no_recoverable_official_document","official_sources_only"
"620260603-4100-수원시카선거구-100158872-1-선거공보","candidate-doc:100158872:1","4100","경기도","620260603","구·시·군의회의원선거","6","수원시카선거구","100158872","정윤우","국민의힘","1","선거공보","official_structured_record_no_public_file","reviewed_no_recoverable_official_document","official_sources_only"
"620260603-4100-수원시타선거구-100161235-1-선거공보","candidate-doc:100161235:1","4100","경기도","620260603","구·시·군의회의원선거","6","수원시타선거구","100161235","김영진","무소속","1","선거공보","official_structured_record_no_public_file","reviewed_no_recoverable_official_document","official_sources_only"
"620260603-4100-용인시나선거구-100155165-1-선거공보","candidate-doc:100155165:1","4100","경기도","620260603","구·시·군의회의원선거","6","용인시나선거구","100155165","김종억","더불어민주당","1","선거공보","official_structured_record_no_public_file","reviewed_no_recoverable_official_document","official_sources_only"
"620260603-4100-용인시나선거구-100158212-1-선거공보","candidate-doc:100158212:1","4100","경기도","620260603","구·시·군의회의원선거","6","용인시나선거구","100158212","권병손","국민의힘","1","선거공보","official_structured_record_no_public_file","reviewed_no_recoverable_official_document","official_sources_only"
"620260603-4100-용인시마선거구-100162694-1-선거공보","candidate-doc:100162694:1","4100","경기도","620260603","구·시·군의회의원선거","6","용인시마선거구","100162694","신나연","더불어민주당","1","선거공보","official_structured_record_no_public_file","reviewed_no_recoverable_official_document","official_sources_only"
"620260603-4100-용인시마선거구-100164453-1-선거공보","candidate-doc:100164453:1","4100","경기도","620260603","구·시·군의회의원선거","6","용인시마선거구","100164453","김길수","국민의힘","1","선거공보","official_structured_record_no_public_file","reviewed_no_recoverable_official_document","official_sources_only"
"620260603-4100-용인시사선거구-100154933-1-선거공보","candidate-doc:100154933:1","4100","경기도","620260603","구·시·군의회의원선거","6","용인시사선거구","100154933","박해규","더불어민주당","1","선거공보","official_structured_record_no_public_file","reviewed_no_recoverable_official_document","official_sources_only"
"620260603-4100-용인시사선거구-100161277-1-선거공보","candidate-doc:100161277:1","4100","경기도","620260603","구·시·군의회의원선거","6","용인시사선거구","100161277","이승도","개혁신당","1","선거공보","official_structured_record_no_public_file","reviewed_no_recoverable_official_document","official_sources_only"
"620260603-4100-용인시아선거구-100163004-1-선거공보","candidate-doc:100163004:1","4100","경기도","620260603","구·시·군의회의원선거","6","용인시아선거구","100163004","장정순","더불어민주당","1","선거공보","official_structured_record_no_public_file","reviewed_no_recoverable_official_document","official_sources_only"
"620260603-4100-용인시아선거구-100162284-1-선거공보","candidate-doc:100162284:1","4100","경기도","620260603","구·시·군의회의원선거","6","용인시아선거구","100162284","강영웅","국민의힘","1","선거공보","official_structured_record_no_public_file","reviewed_no_recoverable_official_document","official_sources_only"
"620260603-4100-용인시자선거구-100160966-1-선거공보","candidate-doc:100160966:1","4100","경기도","620260603","구·시·군의회의원선거","6","용인시자선거구","100160966","정선일","자유와혁신","1","선거공보","official_structured_record_no_public_file","reviewed_no_recoverable_official_document","official_sources_only"
"620260603-4100-고양시사선거구-100163883-1-선거공보","candidate-doc:100163883:1","4100","경기도","620260603","구·시·군의회의원선거","6","고양시사선거구","100163883","공소자","더불어민주당","1","선거공보","official_structured_record_no_public_file","reviewed_no_recoverable_official_document","official_sources_only"
"620260603-4100-고양시아선거구-100155441-1-선거공보","candidate-doc:100155441:1","4100","경기도","620260603","구·시·군의회의원선거","6","고양시아선거구","100155441","장윤정","더불어민주당","1","선거공보","official_structured_record_no_public_file","reviewed_no_recoverable_official_document","official_sources_only"
"620260603-4100-고양시자선거구-100159991-1-선거공보","candidate-doc:100159991:1","4100","경기도","620260603","구·시·군의회의원선거","6","고양시자선거구","100159991","신인선","더불어민주당","1","선거공보","official_structured_record_no_public_file","reviewed_no_recoverable_official_document","official_sources_only"
"620260603-4100-고양시자선거구-100162895-1-선거공보","candidate-doc:100162895:1","4100","경기도","620260603","구·시·군의회의원선거","6","고양시자선거구","100162895","이홍규","국민의힘","1","선거공보","official_structured_record_no_public_file","reviewed_no_recoverable_official_document","official_sources_only"
"620260603-4100-고양시타선거구-100163494-1-선거공보","candidate-doc:100163494:1","4100","경기도","620260603","구·시·군의회의원선거","6","고양시타선거구","100163494","김정희","더불어민주당","1","선거공보","official_structured_record_no_public_file","reviewed_no_recoverable_official_document","official_sources_only"
"620260603-4100-고양시타선거구-100159098-1-선거공보","candidate-doc:100159098:1","4100","경기도","620260603","구·시·군의회의원선거","6","고양시타선거구","100159098","오우람","국민의힘","1","선거공보","official_structured_record_no_public_file","reviewed_no_recoverable_official_document","official_sources_only"
"620260603-4100-고양시파선거구-100163567-1-선거공보","candidate-doc:100163567:1","4100","경기도","620260603","구·시·군의회의원선거","6","고양시파선거구","100163567","김학영","더불어민주당","1","선거공보","official_structured_record_no_public_file","reviewed_no_recoverable_official_document","official_sources_only"
"620260603-4100-고양시파선거구-100162934-1-선거공보","candidate-doc:100162934:1","4100","경기도","620260603","구·시·군의회의원선거","6","고양시파선거구","100162934","김수진","국민의힘","1","선거공보","official_structured_record_no_public_file","reviewed_no_recoverable_official_document","official_sources_only"
"620260603-4100-화성시사선거구-100164501-1-선거공보","candidate-doc:100164501:1","4100","경기도","620260603","구·시·군의회의원선거","6","화성시사선거구","100164501","장철규","더불어민주당","1","선거공보","official_structured_record_no_public_file","reviewed_no_recoverable_official_document","official_sources_only"
"620260603-4100-화성시사선거구-100160705-1-선거공보","candidate-doc:100160705:1","4100","경기도","620260603","구·시·군의회의원선거","6","화성시사선거구","100160705","김창겸","더불어민주당","1","선거공보","official_structured_record_no_public_file","reviewed_no_recoverable_official_document","official_sources_only"
"620260603-4100-화성시사선거구-100161990-1-선거공보","candidate-doc:100161990:1","4100","경기도","620260603","구·시·군의회의원선거","6","화성시사선거구","100161990","임채덕","국민의힘","1","선거공보","official_structured_record_no_public_file","reviewed_no_recoverable_official_document","official_sources_only"
"620260603-4100-성남시나선거구-100157479-1-선거공보","candidate-doc:100157479:1","4100","경기도","620260603","구·시·군의회의원선거","6","성남시나선거구","100157479","김선임","더불어민주당","1","선거공보","official_structured_record_no_public_file","reviewed_no_recoverable_official_document","official_sources_only"
"620260603-4100-성남시나선거구-100156367-1-선거공보","candidate-doc:100156367:1","4100","경기도","620260603","구·시·군의회의원선거","6","성남시나선거구","100156367","이상호","국민의힘","1","선거공보","official_structured_record_no_public_file","reviewed_no_recoverable_official_document","official_sources_only"
"620260603-4100-성남시다선거구-100157554-1-선거공보","candidate-doc:100157554:1","4100","경기도","620260603","구·시·군의회의원선거","6","성남시다선거구","100157554","박기범","더불어민주당","1","선거공보","official_structured_record_no_public_file","reviewed_no_recoverable_official_document","official_sources_only"
"620260603-4100-성남시다선거구-100155443-1-선거공보","candidate-doc:100155443:1","4100","경기도","620260603","구·시·군의회의원선거","6","성남시다선거구","100155443","김주현","국민의힘","1","선거공보","official_structured_record_no_public_file","reviewed_no_recoverable_official_document","official_sources_only"
"620260603-4100-성남시사선거구-100157803-1-선거공보","candidate-doc:100157803:1","4100","경기도","620260603","구·시·군의회의원선거","6","성남시사선거구","100157803","정연화","더불어민주당","1","선거공보","official_structured_record_no_public_file","reviewed_no_recoverable_official_document","official_sources_only"
"620260603-4100-성남시사선거구-100155785-1-선거공보","candidate-doc:100155785:1","4100","경기도","620260603","구·시·군의회의원선거","6","성남시사선거구","100155785","김보석","국민의힘","1","선거공보","official_structured_record_no_public_file","reviewed_no_recoverable_official_document","official_sources_only"
"620260603-4100-성남시아선거구-100156876-1-선거공보","candidate-doc:100156876:1","4100","경기도","620260603","구·시·군의회의원선거","6","성남시아선거구","100156876","오종길","더불어민주당","1","선거공보","official_structured_record_no_public_file","reviewed_no_recoverable_official_document","official_sources_only"
"620260603-4100-성남시아선거구-100155753-1-선거공보","candidate-doc:100155753:1","4100","경기도","620260603","구·시·군의회의원선거","6","성남시아선거구","100155753","김건우","국민의힘","1","선거공보","official_structured_record_no_public_file","reviewed_no_recoverable_official_document","official_sources_only"
"620260603-4100-성남시자선거구-100156618-1-선거공보","candidate-doc:100156618:1","4100","경기도","620260603","구·시·군의회의원선거","6","성남시자선거구","100156618","이세미","더불어민주당","1","선거공보","official_structured_record_no_public_file","reviewed_no_recoverable_official_document","official_sources_only"
"620260603-4100-성남시자선거구-100161305-1-선거공보","candidate-doc:100161305:1","4100","경기도","620260603","구·시·군의회의원선거","6","성남시자선거구","100161305","김종환","국민의힘","1","선거공보","official_structured_record_no_public_file","reviewed_no_recoverable_official_document","official_sources_only"
"620260603-4100-성남시카선거구-100157115-1-선거공보","candidate-doc:100157115:1","4100","경기도","620260603","구·시·군의회의원선거","6","성남시카선거구","100157115","서은경","더불어민주당","1","선거공보","official_structured_record_no_public_file","reviewed_no_recoverable_official_document","official_sources_only"
"620260603-4100-성남시카선거구-100158450-1-선거공보","candidate-doc:100158450:1","4100","경기도","620260603","구·시·군의회의원선거","6","성남시카선거구","100158450","정봉규","국민의힘","1","선거공보","official_structured_record_no_public_file","reviewed_no_recoverable_official_document","official_sources_only"
"620260603-4100-남양주시나선거구-100160752-1-선거공보","candidate-doc:100160752:1","4100","경기도","620260603","구·시·군의회의원선거","6","남양주시나선거구","100160752","임영신","더불어민주당","1","선거공보","official_structured_record_no_public_file","reviewed_no_recoverable_official_document","official_sources_only"
"620260603-4100-남양주시사선거구-100162154-1-선거공보","candidate-doc:100162154:1","4100","경기도","620260603","구·시·군의회의원선거","6","남양주시사선거구","100162154","홍성우","국민의힘","1","선거공보","official_structured_record_no_public_file","reviewed_no_recoverable_official_document","official_sources_only"
"620260603-4100-안산시라선거구-100163886-1-선거공보","candidate-doc:100163886:1","4100","경기도","620260603","구·시·군의회의원선거","6","안산시라선거구","100163886","이재복","더불어민주당","1","선거공보","official_structured_record_no_public_file","reviewed_no_recoverable_official_document","official_sources_only"
"620260603-4100-안산시라선거구-100162572-1-선거공보","candidate-doc:100162572:1","4100","경기도","620260603","구·시·군의회의원선거","6","안산시라선거구","100162572","설호영","국민의힘","1","선거공보","official_structured_record_no_public_file","reviewed_no_recoverable_official_document","official_sources_only"
"620260603-4100-안산시바선거구-100158386-1-선거공보","candidate-doc:100158386:1","4100","경기도","620260603","구·시·군의회의원선거","6","안산시바선거구","100158386","안두회","더불어민주당","1","선거공보","official_structured_record_no_public_file","reviewed_no_recoverable_official_document","official_sources_only"
"620260603-4100-안산시바선거구-100162220-1-선거공보","candidate-doc:100162220:1","4100","경기도","620260603","구·시·군의회의원선거","6","안산시바선거구","100162220","김재국","국민의힘","1","선거공보","official_structured_record_no_public_file","reviewed_no_recoverable_official_document","official_sources_only"
"620260603-4100-평택시가선거구-100155137-1-선거공보","candidate-doc:100155137:1","4100","경기도","620260603","구·시·군의회의원선거","6","평택시가선거구","100155137","백성권","더불어민주당","1","선거공보","official_structured_record_no_public_file","reviewed_no_recoverable_official_document","official_sources_only"
"620260603-4100-평택시가선거구-100162319-1-선거공보","candidate-doc:100162319:1","4100","경기도","620260603","구·시·군의회의원선거","6","평택시가선거구","100162319","우창곤","무소속","1","선거공보","official_structured_record_no_public_file","reviewed_no_recoverable_official_document","official_sources_only"
"620260603-4100-평택시나선거구-100161639-1-선거공보","candidate-doc:100161639:1","4100","경기도","620260603","구·시·군의회의원선거","6","평택시나선거구","100161639","최재영","더불어민주당","1","선거공보","official_structured_record_no_public_file","reviewed_no_recoverable_official_document","official_sources_only"
"620260603-4100-평택시나선거구-100156128-1-선거공보","candidate-doc:100156128:1","4100","경기도","620260603","구·시·군의회의원선거","6","평택시나선거구","100156128","이원희","더불어민주당","1","선거공보","official_structured_record_no_public_file","reviewed_no_recoverable_official_document","official_sources_only"
"620260603-4100-평택시다선거구-100161596-1-선거공보","candidate-doc:100161596:1","4100","경기도","620260603","구·시·군의회의원선거","6","평택시다선거구","100161596","윤희중","더불어민주당","1","선거공보","official_structured_record_no_public_file","reviewed_no_recoverable_official_document","official_sources_only"
"620260603-4100-평택시다선거구-100159937-1-선거공보","candidate-doc:100159937:1","4100","경기도","620260603","구·시·군의회의원선거","6","평택시다선거구","100159937","이향숙","국민의힘","1","선거공보","official_structured_record_no_public_file","reviewed_no_recoverable_official_document","official_sources_only"
"620260603-4100-평택시라선거구-100155714-1-선거공보","candidate-doc:100155714:1","4100","경기도","620260603","구·시·군의회의원선거","6","평택시라선거구","100155714","박은옥","더불어민주당","1","선거공보","official_structured_record_no_public_file","reviewed_no_recoverable_official_document","official_sources_only"
"620260603-4100-평택시라선거구-100157419-1-선거공보","candidate-doc:100157419:1","4100","경기도","620260603","구·시·군의회의원선거","6","평택시라선거구","100157419","김태선","더불어민주당","1","선거공보","official_structured_record_no_public_file","reviewed_no_recoverable_official_document","official_sources_only"
"620260603-4100-평택시라선거구-100161350-1-선거공보","candidate-doc:100161350:1","4100","경기도","620260603","구·시·군의회의원선거","6","평택시라선거구","100161350","최준구","국민의힘","1","선거공보","official_structured_record_no_public_file","reviewed_no_recoverable_official_document","official_sources_only"
"620260603-4100-평택시마선거구-100155514-1-선거공보","candidate-doc:100155514:1","4100","경기도","620260603","구·시·군의회의원선거","6","평택시마선거구","100155514","최영갑","더불어민주당","1","선거공보","official_structured_record_no_public_file","reviewed_no_recoverable_official_document","official_sources_only"
"620260603-4100-평택시마선거구-100162422-1-선거공보","candidate-doc:100162422:1","4100","경기도","620260603","구·시·군의회의원선거","6","평택시마선거구","100162422","김산수","더불어민주당","1","선거공보","official_structured_record_no_public_file","reviewed_no_recoverable_official_document","official_sources_only"
"620260603-4100-평택시마선거구-100154863-1-선거공보","candidate-doc:100154863:1","4100","경기도","620260603","구·시·군의회의원선거","6","평택시마선거구","100154863","강창수","국민의힘","1","선거공보","official_structured_record_no_public_file","reviewed_no_recoverable_official_document","official_sources_only"
"620260603-4100-평택시마선거구-100161660-1-선거공보","candidate-doc:100161660:1","4100","경기도","620260603","구·시·군의회의원선거","6","평택시마선거구","100161660","김순이","국민의힘","1","선거공보","official_structured_record_no_public_file","reviewed_no_recoverable_official_document","official_sources_only"
"620260603-4100-평택시바선거구-100156061-1-선거공보","candidate-doc:100156061:1","4100","경기도","620260603","구·시·군의회의원선거","6","평택시바선거구","100156061","류정화","더불어민주당","1","선거공보","official_structured_record_no_public_file","reviewed_no_recoverable_official_document","official_sources_only"
"620260603-4100-평택시바선거구-100155726-1-선거공보","candidate-doc:100155726:1","4100","경기도","620260603","구·시·군의회의원선거","6","평택시바선거구","100155726","이학섭","더불어민주당","1","선거공보","official_structured_record_no_public_file","reviewed_no_recoverable_official_document","official_sources_only"
"620260603-4100-평택시바선거구-100157199-1-선거공보","candidate-doc:100157199:1","4100","경기도","620260603","구·시·군의회의원선거","6","평택시바선거구","100157199","한윤섭","국민의힘","1","선거공보","official_structured_record_no_public_file","reviewed_no_recoverable_official_document","official_sources_only"
"620260603-4100-평택시바선거구-100156866-1-선거공보","candidate-doc:100156866:1","4100","경기도","620260603","구·시·군의회의원선거","6","평택시바선거구","100156866","정윤서","국민의힘","1","선거공보","official_structured_record_no_public_file","reviewed_no_recoverable_official_document","official_sources_only"
"620260603-4100-평택시바선거구-100163146-1-선거공보","candidate-doc:100163146:1","4100","경기도","620260603","구·시·군의회의원선거","6","평택시바선거구","100163146","최용","자유와혁신","1","선거공보","official_structured_record_no_public_file","reviewed_no_recoverable_official_document","official_sources_only"
"620260603-4100-평택시사선거구-100161580-1-선거공보","candidate-doc:100161580:1","4100","경기도","620260603","구·시·군의회의원선거","6","평택시사선거구","100161580","최동윤","더불어민주당","1","선거공보","official_structured_record_no_public_file","reviewed_no_recoverable_official_document","official_sources_only"
"620260603-4100-평택시사선거구-100156820-1-선거공보","candidate-doc:100156820:1","4100","경기도","620260603","구·시·군의회의원선거","6","평택시사선거구","100156820","이기형","더불어민주당","1","선거공보","official_structured_record_no_public_file","reviewed_no_recoverable_official_document","official_sources_only"
"620260603-4100-평택시사선거구-100158324-1-선거공보","candidate-doc:100158324:1","4100","경기도","620260603","구·시·군의회의원선거","6","평택시사선거구","100158324","오치성","국민의힘","1","선거공보","official_structured_record_no_public_file","reviewed_no_recoverable_official_document","official_sources_only"
"620260603-4100-평택시사선거구-100160759-1-선거공보","candidate-doc:100160759:1","4100","경기도","620260603","구·시·군의회의원선거","6","평택시사선거구","100160759","정일구","국민의힘","1","선거공보","official_structured_record_no_public_file","reviewed_no_recoverable_official_document","official_sources_only"
"620260603-4100-평택시사선거구-100161745-1-선거공보","candidate-doc:100161745:1","4100","경기도","620260603","구·시·군의회의원선거","6","평택시사선거구","100161745","오세옥","자유와혁신","1","선거공보","official_structured_record_no_public_file","reviewed_no_recoverable_official_document","official_sources_only"
"620260603-4100-안양시나선거구-100163035-1-선거공보","candidate-doc:100163035:1","4100","경기도","620260603","구·시·군의회의원선거","6","안양시나선거구","100163035","채진기","더불어민주당","1","선거공보","official_structured_record_no_public_file","reviewed_no_recoverable_official_document","official_sources_only"
"620260603-4100-안양시나선거구-100157514-1-선거공보","candidate-doc:100157514:1","4100","경기도","620260603","구·시·군의회의원선거","6","안양시나선거구","100157514","황원영","국민의힘","1","선거공보","official_structured_record_no_public_file","reviewed_no_recoverable_official_document","official_sources_only"
"620260603-4100-파주시가선거구-100156045-1-선거공보","candidate-doc:100156045:1","4100","경기도","620260603","구·시·군의회의원선거","6","파주시가선거구","100156045","방인혜","더불어민주당","1","선거공보","official_structured_record_no_public_file","reviewed_no_recoverable_official_document","official_sources_only"
"620260603-4100-파주시가선거구-100154509-1-선거공보","candidate-doc:100154509:1","4100","경기도","620260603","구·시·군의회의원선거","6","파주시가선거구","100154509","윤석일","더불어민주당","1","선거공보","official_structured_record_no_public_file","reviewed_no_recoverable_official_document","official_sources_only"
"620260603-4100-파주시가선거구-100161878-1-선거공보","candidate-doc:100161878:1","4100","경기도","620260603","구·시·군의회의원선거","6","파주시가선거구","100161878","정경민","국민의힘","1","선거공보","official_structured_record_no_public_file","reviewed_no_recoverable_official_document","official_sources_only"
"620260603-4100-파주시가선거구-100154533-1-선거공보","candidate-doc:100154533:1","4100","경기도","620260603","구·시·군의회의원선거","6","파주시가선거구","100154533","김찬우","정의당","1","선거공보","official_structured_record_no_public_file","reviewed_no_recoverable_official_document","official_sources_only"
"620260603-4100-파주시나선거구-100163103-1-선거공보","candidate-doc:100163103:1","4100","경기도","620260603","구·시·군의회의원선거","6","파주시나선거구","100163103","김경옥","더불어민주당","1","선거공보","official_structured_record_no_public_file","reviewed_no_recoverable_official_document","official_sources_only"
"620260603-4100-파주시나선거구-100165144-1-선거공보","candidate-doc:100165144:1","4100","경기도","620260603","구·시·군의회의원선거","6","파주시나선거구","100165144","이정은","더불어민주당","1","선거공보","official_structured_record_no_public_file","reviewed_no_recoverable_official_document","official_sources_only"
"620260603-4100-파주시나선거구-100162227-1-선거공보","candidate-doc:100162227:1","4100","경기도","620260603","구·시·군의회의원선거","6","파주시나선거구","100162227","옥승철","국민의힘","1","선거공보","official_structured_record_no_public_file","reviewed_no_recoverable_official_document","official_sources_only"
"620260603-4100-파주시나선거구-100161952-1-선거공보","candidate-doc:100161952:1","4100","경기도","620260603","구·시·군의회의원선거","6","파주시나선거구","100161952","최창호","국민의힘","1","선거공보","official_structured_record_no_public_file","reviewed_no_recoverable_official_document","official_sources_only"
"620260603-4100-파주시나선거구-100156597-1-선거공보","candidate-doc:100156597:1","4100","경기도","620260603","구·시·군의회의원선거","6","파주시나선거구","100156597","소경준","노동당","1","선거공보","official_structured_record_no_public_file","reviewed_no_recoverable_official_document","official_sources_only"
"620260603-4100-파주시다선거구-100154491-1-선거공보","candidate-doc:100154491:1","4100","경기도","620260603","구·시·군의회의원선거","6","파주시다선거구","100154491","유장무","더불어민주당","1","선거공보","official_structured_record_no_public_file","reviewed_no_recoverable_official_document","official_sources_only"
"620260603-4100-파주시다선거구-100155478-1-선거공보","candidate-doc:100155478:1","4100","경기도","620260603","구·시·군의회의원선거","6","파주시다선거구","100155478","김환중","더불어민주당","1","선거공보","official_structured_record_no_public_file","reviewed_no_recoverable_official_document","official_sources_only"
"620260603-4100-파주시다선거구-100161924-1-선거공보","candidate-doc:100161924:1","4100","경기도","620260603","구·시·군의회의원선거","6","파주시다선거구","100161924","이진아","국민의힘","1","선거공보","official_structured_record_no_public_file","reviewed_no_recoverable_official_document","official_sources_only"
"620260603-4100-파주시다선거구-100164800-1-선거공보","candidate-doc:100164800:1","4100","경기도","620260603","구·시·군의회의원선거","6","파주시다선거구","100164800","한종갑","조국혁신당","1","선거공보","official_structured_record_no_public_file","reviewed_no_recoverable_official_document","official_sources_only"
"620260603-4100-파주시다선거구-100157056-1-선거공보","candidate-doc:100157056:1","4100","경기도","620260603","구·시·군의회의원선거","6","파주시다선거구","100157056","안소희","진보당","1","선거공보","official_structured_record_no_public_file","reviewed_no_recoverable_official_document","official_sources_only"
"620260603-4100-파주시라선거구-100155692-1-선거공보","candidate-doc:100155692:1","4100","경기도","620260603","구·시·군의회의원선거","6","파주시라선거구","100155692","지은영","더불어민주당","1","선거공보","official_structured_record_no_public_file","reviewed_no_recoverable_official_document","official_sources_only"
"620260603-4100-파주시라선거구-100157286-1-선거공보","candidate-doc:100157286:1","4100","경기도","620260603","구·시·군의회의원선거","6","파주시라선거구","100157286","최유각","더불어민주당","1","선거공보","official_structured_record_no_public_file","reviewed_no_recoverable_official_document","official_sources_only"
"620260603-4100-파주시라선거구-100158336-1-선거공보","candidate-doc:100158336:1","4100","경기도","620260603","구·시·군의회의원선거","6","파주시라선거구","100158336","손형배","국민의힘","1","선거공보","official_structured_record_no_public_file","reviewed_no_recoverable_official_document","official_sources_only"
"620260603-4100-파주시라선거구-100155013-1-선거공보","candidate-doc:100155013:1","4100","경기도","620260603","구·시·군의회의원선거","6","파주시라선거구","100155013","홍윤기","무소속","1","선거공보","official_structured_record_no_public_file","reviewed_no_recoverable_official_document","official_sources_only"
"620260603-4100-파주시마선거구-100157013-1-선거공보","candidate-doc:100157013:1","4100","경기도","620260603","구·시·군의회의원선거","6","파주시마선거구","100157013","이금옥","더불어민주당","1","선거공보","official_structured_record_no_public_file","reviewed_no_recoverable_official_document","official_sources_only"
"620260603-4100-파주시마선거구-100158126-1-선거공보","candidate-doc:100158126:1","4100","경기도","620260603","구·시·군의회의원선거","6","파주시마선거구","100158126","이혜정","더불어민주당","1","선거공보","official_structured_record_no_public_file","reviewed_no_recoverable_official_document","official_sources_only"
"620260603-4100-파주시마선거구-100161656-1-선거공보","candidate-doc:100161656:1","4100","경기도","620260603","구·시·군의회의원선거","6","파주시마선거구","100161656","이익선","국민의힘","1","선거공보","official_structured_record_no_public_file","reviewed_no_recoverable_official_document","official_sources_only"
"620260603-4100-파주시마선거구-100155039-1-선거공보","candidate-doc:100155039:1","4100","경기도","620260603","구·시·군의회의원선거","6","파주시마선거구","100155039","김일철","국민의힘","1","선거공보","official_structured_record_no_public_file","reviewed_no_recoverable_official_document","official_sources_only"
"620260603-4100-파주시마선거구-100155645-1-선거공보","candidate-doc:100155645:1","4100","경기도","620260603","구·시·군의회의원선거","6","파주시마선거구","100155645","양준모","개혁신당","1","선거공보","official_structured_record_no_public_file","reviewed_no_recoverable_official_document","official_sources_only"
"620260603-4100-의정부시가선거구-100160365-1-선거공보","candidate-doc:100160365:1","4100","경기도","620260603","구·시·군의회의원선거","6","의정부시가선거구","100160365","박지은","더불어민주당","1","선거공보","official_structured_record_no_public_file","reviewed_no_recoverable_official_document","official_sources_only"
"620260603-4100-의정부시가선거구-100162003-1-선거공보","candidate-doc:100162003:1","4100","경기도","620260603","구·시·군의회의원선거","6","의정부시가선거구","100162003","장수봉","조국혁신당","1","선거공보","official_structured_record_no_public_file","reviewed_no_recoverable_official_document","official_sources_only"
"620260603-4100-의정부시나선거구-100156817-1-선거공보","candidate-doc:100156817:1","4100","경기도","620260603","구·시·군의회의원선거","6","의정부시나선거구","100156817","이광수","더불어민주당","1","선거공보","official_structured_record_no_public_file","reviewed_no_recoverable_official_document","official_sources_only"
"620260603-4100-의정부시나선거구-100158605-1-선거공보","candidate-doc:100158605:1","4100","경기도","620260603","구·시·군의회의원선거","6","의정부시나선거구","100158605","전은영","국민의힘","1","선거공보","official_structured_record_no_public_file","reviewed_no_recoverable_official_document","official_sources_only"
"620260603-4100-의정부시다선거구-100155099-1-선거공보","candidate-doc:100155099:1","4100","경기도","620260603","구·시·군의회의원선거","6","의정부시다선거구","100155099","정성교","더불어민주당","1","선거공보","official_structured_record_no_public_file","reviewed_no_recoverable_official_document","official_sources_only"
"620260603-4100-의정부시다선거구-100155571-1-선거공보","candidate-doc:100155571:1","4100","경기도","620260603","구·시·군의회의원선거","6","의정부시다선거구","100155571","권영선","더불어민주당","1","선거공보","official_structured_record_no_public_file","reviewed_no_recoverable_official_document","official_sources_only"
"620260603-4100-의정부시다선거구-100161586-1-선거공보","candidate-doc:100161586:1","4100","경기도","620260603","구·시·군의회의원선거","6","의정부시다선거구","100161586","이다연","국민의힘","1","선거공보","official_structured_record_no_public_file","reviewed_no_recoverable_official_document","official_sources_only"
"620260603-4100-의정부시라선거구-100154640-1-선거공보","candidate-doc:100154640:1","4100","경기도","620260603","구·시·군의회의원선거","6","의정부시라선거구","100154640","최혜령","더불어민주당","1","선거공보","official_structured_record_no_public_file","reviewed_no_recoverable_official_document","official_sources_only"
"620260603-4100-의정부시라선거구-100160408-1-선거공보","candidate-doc:100160408:1","4100","경기도","620260603","구·시·군의회의원선거","6","의정부시라선거구","100160408","조세일","더불어민주당","1","선거공보","official_structured_record_no_public_file","reviewed_no_recoverable_official_document","official_sources_only"
"620260603-4100-의정부시라선거구-100161709-1-선거공보","candidate-doc:100161709:1","4100","경기도","620260603","구·시·군의회의원선거","6","의정부시라선거구","100161709","김호경","국민의힘","1","선거공보","official_structured_record_no_public_file","reviewed_no_recoverable_official_document","official_sources_only"
"620260603-4100-광주시다선거구-100161018-1-선거공보","candidate-doc:100161018:1","4100","경기도","620260603","구·시·군의회의원선거","6","광주시다선거구","100161018","박지현","더불어민주당","1","선거공보","official_structured_record_no_public_file","reviewed_no_recoverable_official_document","official_sources_only"
"620260603-4100-광주시다선거구-100157901-1-선거공보","candidate-doc:100157901:1","4100","경기도","620260603","구·시·군의회의원선거","6","광주시다선거구","100157901","황소제","더불어민주당","1","선거공보","official_structured_record_no_public_file","reviewed_no_recoverable_official_document","official_sources_only"
"620260603-4100-광주시다선거구-100158261-1-선거공보","candidate-doc:100158261:1","4100","경기도","620260603","구·시·군의회의원선거","6","광주시다선거구","100158261","최서윤","국민의힘","1","선거공보","official_structured_record_no_public_file","reviewed_no_recoverable_official_document","official_sources_only"
"620260603-4100-광주시라선거구-100161499-1-선거공보","candidate-doc:100161499:1","4100","경기도","620260603","구·시·군의회의원선거","6","광주시라선거구","100161499","박상영","더불어민주당","1","선거공보","official_structured_record_no_public_file","reviewed_no_recoverable_official_document","official_sources_only"
"620260603-4100-광주시라선거구-100158741-1-선거공보","candidate-doc:100158741:1","4100","경기도","620260603","구·시·군의회의원선거","6","광주시라선거구","100158741","이강섭","국민의힘","1","선거공보","official_structured_record_no_public_file","reviewed_no_recoverable_official_document","official_sources_only"
"620260603-4100-하남시가선거구-100157750-1-선거공보","candidate-doc:100157750:1","4100","경기도","620260603","구·시·군의회의원선거","6","하남시가선거구","100157750","최승태","더불어민주당","1","선거공보","official_structured_record_no_public_file","reviewed_no_recoverable_official_document","official_sources_only"
"620260603-4100-하남시가선거구-100155212-1-선거공보","candidate-doc:100155212:1","4100","경기도","620260603","구·시·군의회의원선거","6","하남시가선거구","100155212","조창민","국민의힘","1","선거공보","official_structured_record_no_public_file","reviewed_no_recoverable_official_document","official_sources_only"
"620260603-4100-하남시라선거구-100163591-1-선거공보","candidate-doc:100163591:1","4100","경기도","620260603","구·시·군의회의원선거","6","하남시라선거구","100163591","오승철","더불어민주당","1","선거공보","official_structured_record_no_public_file","reviewed_no_recoverable_official_document","official_sources_only"
"620260603-4100-하남시라선거구-100157563-1-선거공보","candidate-doc:100157563:1","4100","경기도","620260603","구·시·군의회의원선거","6","하남시라선거구","100157563","정경섭","국민의힘","1","선거공보","official_structured_record_no_public_file","reviewed_no_recoverable_official_document","official_sources_only"
"620260603-4100-양주시가선거구-100163331-1-선거공보","candidate-doc:100163331:1","4100","경기도","620260603","구·시·군의회의원선거","6","양주시가선거구","100163331","한상민","더불어민주당","1","선거공보","official_structured_record_no_public_file","reviewed_no_recoverable_official_document","official_sources_only"
"620260603-4100-양주시가선거구-100163512-1-선거공보","candidate-doc:100163512:1","4100","경기도","620260603","구·시·군의회의원선거","6","양주시가선거구","100163512","이지연","더불어민주당","1","선거공보","official_structured_record_no_public_file","reviewed_no_recoverable_official_document","official_sources_only"
"620260603-4100-양주시가선거구-100163853-1-선거공보","candidate-doc:100163853:1","4100","경기도","620260603","구·시·군의회의원선거","6","양주시가선거구","100163853","정현호","국민의힘","1","선거공보","official_structured_record_no_public_file","reviewed_no_recoverable_official_document","official_sources_only"
"620260603-4100-광명시라선거구-100155920-1-선거공보","candidate-doc:100155920:1","4100","경기도","620260603","구·시·군의회의원선거","6","광명시라선거구","100155920","박태영","더불어민주당","1","선거공보","official_structured_record_no_public_file","reviewed_no_recoverable_official_document","official_sources_only"
"620260603-4100-광명시라선거구-100154500-1-선거공보","candidate-doc:100154500:1","4100","경기도","620260603","구·시·군의회의원선거","6","광명시라선거구","100154500","최아름","더불어민주당","1","선거공보","official_structured_record_no_public_file","reviewed_no_recoverable_official_document","official_sources_only"
"620260603-4100-광명시라선거구-100156537-1-선거공보","candidate-doc:100156537:1","4100","경기도","620260603","구·시·군의회의원선거","6","광명시라선거구","100156537","김도연","국민의힘","1","선거공보","official_structured_record_no_public_file","reviewed_no_recoverable_official_document","official_sources_only"
"620260603-4100-군포시가선거구-100162801-1-선거공보","candidate-doc:100162801:1","4100","경기도","620260603","구·시·군의회의원선거","6","군포시가선거구","100162801","이우천","더불어민주당","1","선거공보","official_structured_record_no_public_file","reviewed_no_recoverable_official_document","official_sources_only"
"620260603-4100-군포시나선거구-100155472-1-선거공보","candidate-doc:100155472:1","4100","경기도","620260603","구·시·군의회의원선거","6","군포시나선거구","100155472","김동별","무소속","1","선거공보","official_structured_record_no_public_file","reviewed_no_recoverable_official_document","official_sources_only"
"620260603-4100-군포시라선거구-100158054-1-선거공보","candidate-doc:100158054:1","4100","경기도","620260603","구·시·군의회의원선거","6","군포시라선거구","100158054","정해동","더불어민주당","1","선거공보","official_structured_record_no_public_file","reviewed_no_recoverable_official_document","official_sources_only"
"620260603-4100-군포시라선거구-100163977-1-선거공보","candidate-doc:100163977:1","4100","경기도","620260603","구·시·군의회의원선거","6","군포시라선거구","100163977","박상현","국민의힘","1","선거공보","official_structured_record_no_public_file","reviewed_no_recoverable_official_document","official_sources_only"
"620260603-4100-오산시나선거구-100160337-1-선거공보","candidate-doc:100160337:1","4100","경기도","620260603","구·시·군의회의원선거","6","오산시나선거구","100160337","김상미","더불어민주당","1","선거공보","official_structured_record_no_public_file","reviewed_no_recoverable_official_document","official_sources_only"
"620260603-4100-오산시나선거구-100163649-1-선거공보","candidate-doc:100163649:1","4100","경기도","620260603","구·시·군의회의원선거","6","오산시나선거구","100163649","정윤영","더불어민주당","1","선거공보","official_structured_record_no_public_file","reviewed_no_recoverable_official_document","official_sources_only"
"620260603-4100-오산시나선거구-100162882-1-선거공보","candidate-doc:100162882:1","4100","경기도","620260603","구·시·군의회의원선거","6","오산시나선거구","100162882","조미선","국민의힘","1","선거공보","official_structured_record_no_public_file","reviewed_no_recoverable_official_document","official_sources_only"
"620260603-4100-오산시나선거구-100158317-1-선거공보","candidate-doc:100158317:1","4100","경기도","620260603","구·시·군의회의원선거","6","오산시나선거구","100158317","박창선","국민의힘","1","선거공보","official_structured_record_no_public_file","reviewed_no_recoverable_official_document","official_sources_only"
"620260603-4100-안성시다선거구-100161794-1-선거공보","candidate-doc:100161794:1","4100","경기도","620260603","구·시·군의회의원선거","6","안성시다선거구","100161794","조성대","무소속","1","선거공보","official_structured_record_no_public_file","reviewed_no_recoverable_official_document","official_sources_only"
"620260603-4100-여주시나선거구-100158148-1-선거공보","candidate-doc:100158148:1","4100","경기도","620260603","구·시·군의회의원선거","6","여주시나선거구","100158148","이상숙","국민의힘","1","선거공보","official_structured_record_no_public_file","reviewed_no_recoverable_official_document","official_sources_only"
"620260603-4100-여주시나선거구-100156233-1-선거공보","candidate-doc:100156233:1","4100","경기도","620260603","구·시·군의회의원선거","6","여주시나선거구","100156233","최근필","무소속","1","선거공보","official_structured_record_no_public_file","reviewed_no_recoverable_official_document","official_sources_only"
"620260603-5200-춘천시가선거구-100156312-1-선거공보","candidate-doc:100156312:1","5200","강원특별자치도","620260603","구·시·군의회의원선거","6","춘천시가선거구","100156312","정경옥","국민의힘","1","선거공보","official_structured_record_no_public_file","reviewed_no_recoverable_official_document","official_sources_only"
"620260603-5200-춘천시라선거구-100156193-1-선거공보","candidate-doc:100156193:1","5200","강원특별자치도","620260603","구·시·군의회의원선거","6","춘천시라선거구","100156193","김운기","국민의힘","1","선거공보","official_structured_record_no_public_file","reviewed_no_recoverable_official_document","official_sources_only"
"620260603-5200-춘천시라선거구-100153922-1-선거공보","candidate-doc:100153922:1","5200","강원특별자치도","620260603","구·시·군의회의원선거","6","춘천시라선거구","100153922","최태영","개혁신당","1","선거공보","official_structured_record_no_public_file","reviewed_no_recoverable_official_document","official_sources_only"
"620260603-5200-춘천시마선거구-100156211-1-선거공보","candidate-doc:100156211:1","5200","강원특별자치도","620260603","구·시·군의회의원선거","6","춘천시마선거구","100156211","박순자","더불어민주당","1","선거공보","official_structured_record_no_public_file","reviewed_no_recoverable_official_document","official_sources_only"
"620260603-5200-춘천시바선거구-100157149-1-선거공보","candidate-doc:100157149:1","5200","강원특별자치도","620260603","구·시·군의회의원선거","6","춘천시바선거구","100157149","박제철","국민의힘","1","선거공보","official_structured_record_no_public_file","reviewed_no_recoverable_official_document","official_sources_only"
"620260603-5200-춘천시사선거구-100157327-1-선거공보","candidate-doc:100157327:1","5200","강원특별자치도","620260603","구·시·군의회의원선거","6","춘천시사선거구","100157327","권희영","더불어민주당","1","선거공보","official_structured_record_no_public_file","reviewed_no_recoverable_official_document","official_sources_only"
"620260603-5200-춘천시사선거구-100155764-1-선거공보","candidate-doc:100155764:1","5200","강원특별자치도","620260603","구·시·군의회의원선거","6","춘천시사선거구","100155764","김용갑","국민의힘","1","선거공보","official_structured_record_no_public_file","reviewed_no_recoverable_official_document","official_sources_only"
"620260603-5200-원주시아선거구-100155875-1-선거공보","candidate-doc:100155875:1","5200","강원특별자치도","620260603","구·시·군의회의원선거","6","원주시아선거구","100155875","이경민","더불어민주당","1","선거공보","official_structured_record_no_public_file","reviewed_no_recoverable_official_document","official_sources_only"
"620260603-5200-원주시아선거구-100157489-1-선거공보","candidate-doc:100157489:1","5200","강원특별자치도","620260603","구·시·군의회의원선거","6","원주시아선거구","100157489","박한근","국민의힘","1","선거공보","official_structured_record_no_public_file","reviewed_no_recoverable_official_document","official_sources_only"
"620260603-5200-강릉시다선거구-100157190-1-선거공보","candidate-doc:100157190:1","5200","강원특별자치도","620260603","구·시·군의회의원선거","6","강릉시다선거구","100157190","이문선","무소속","1","선거공보","official_structured_record_no_public_file","reviewed_no_recoverable_official_document","official_sources_only"
"620260603-5200-삼척시나선거구-100154212-1-선거공보","candidate-doc:100154212:1","5200","강원특별자치도","620260603","구·시·군의회의원선거","6","삼척시나선거구","100154212","서종협","더불어민주당","1","선거공보","official_structured_record_no_public_file","reviewed_no_recoverable_official_document","official_sources_only"
"620260603-5200-홍천군가선거구-100163847-1-선거공보","candidate-doc:100163847:1","5200","강원특별자치도","620260603","구·시·군의회의원선거","6","홍천군가선거구","100163847","허성경","무소속","1","선거공보","official_structured_record_no_public_file","reviewed_no_recoverable_official_document","official_sources_only"
"620260603-5200-홍천군나선거구-100161097-1-선거공보","candidate-doc:100161097:1","5200","강원특별자치도","620260603","구·시·군의회의원선거","6","홍천군나선거구","100161097","최진현","국민의힘","1","선거공보","official_structured_record_no_public_file","reviewed_no_recoverable_official_document","official_sources_only"
"620260603-5200-홍천군나선거구-100159355-1-선거공보","candidate-doc:100159355:1","5200","강원특별자치도","620260603","구·시·군의회의원선거","6","홍천군나선거구","100159355","남궁석","진보당","1","선거공보","official_structured_record_no_public_file","reviewed_no_recoverable_official_document","official_sources_only"
"620260603-5200-홍천군다선거구-100159884-1-선거공보","candidate-doc:100159884:1","5200","강원특별자치도","620260603","구·시·군의회의원선거","6","홍천군다선거구","100159884","차학준","더불어민주당","1","선거공보","official_structured_record_no_public_file","reviewed_no_recoverable_official_document","official_sources_only"
"620260603-5200-홍천군다선거구-100159328-1-선거공보","candidate-doc:100159328:1","5200","강원특별자치도","620260603","구·시·군의회의원선거","6","홍천군다선거구","100159328","이영복","국민의힘","1","선거공보","official_structured_record_no_public_file","reviewed_no_recoverable_official_document","official_sources_only"
"620260603-5200-홍천군다선거구-100161390-1-선거공보","candidate-doc:100161390:1","5200","강원특별자치도","620260603","구·시·군의회의원선거","6","홍천군다선거구","100161390","박영록","국민의힘","1","선거공보","official_structured_record_no_public_file","reviewed_no_recoverable_official_document","official_sources_only"
"620260603-4300-청주시라선거구-100155915-1-선거공보","candidate-doc:100155915:1","4300","충청북도","620260603","구·시·군의회의원선거","6","청주시라선거구","100155915","박승찬","더불어민주당","1","선거공보","official_structured_record_no_public_file","reviewed_no_recoverable_official_document","official_sources_only"
"620260603-4300-청주시라선거구-100161826-1-선거공보","candidate-doc:100161826:1","4300","충청북도","620260603","구·시·군의회의원선거","6","청주시라선거구","100161826","임은성","더불어민주당","1","선거공보","official_structured_record_no_public_file","reviewed_no_recoverable_official_document","official_sources_only"
"620260603-4300-청주시라선거구-100158073-1-선거공보","candidate-doc:100158073:1","4300","충청북도","620260603","구·시·군의회의원선거","6","청주시라선거구","100158073","김재년","국민의힘","1","선거공보","official_structured_record_no_public_file","reviewed_no_recoverable_official_document","official_sources_only"
"620260603-4300-청주시카선거구-100155248-1-선거공보","candidate-doc:100155248:1","4300","충청북도","620260603","구·시·군의회의원선거","6","청주시카선거구","100155248","배성철","더불어민주당","1","선거공보","official_structured_record_no_public_file","reviewed_no_recoverable_official_document","official_sources_only"
"620260603-4300-청주시카선거구-100161448-1-선거공보","candidate-doc:100161448:1","4300","충청북도","620260603","구·시·군의회의원선거","6","청주시카선거구","100161448","정영석","국민의힘","1","선거공보","official_structured_record_no_public_file","reviewed_no_recoverable_official_document","official_sources_only"
"620260603-4300-제천시가선거구-100157191-1-선거공보","candidate-doc:100157191:1","4300","충청북도","620260603","구·시·군의회의원선거","6","제천시가선거구","100157191","이성진","국민의힘","1","선거공보","official_structured_record_no_public_file","reviewed_no_recoverable_official_document","official_sources_only"
"620260603-4300-제천시라선거구-100154489-1-선거공보","candidate-doc:100154489:1","4300","충청북도","620260603","구·시·군의회의원선거","6","제천시라선거구","100154489","김태호","더불어민주당","1","선거공보","official_structured_record_no_public_file","reviewed_no_recoverable_official_document","official_sources_only"
"620260603-4300-제천시바선거구-100160843-1-선거공보","candidate-doc:100160843:1","4300","충청북도","620260603","구·시·군의회의원선거","6","제천시바선거구","100160843","이정현","더불어민주당","1","선거공보","official_structured_record_no_public_file","reviewed_no_recoverable_official_document","official_sources_only"
"620260603-4300-제천시바선거구-100160315-1-선거공보","candidate-doc:100160315:1","4300","충청북도","620260603","구·시·군의회의원선거","6","제천시바선거구","100160315","김정문","국민의힘","1","선거공보","official_structured_record_no_public_file","reviewed_no_recoverable_official_document","official_sources_only"
"620260603-4300-영동군가선거구-100159370-1-선거공보","candidate-doc:100159370:1","4300","충청북도","620260603","구·시·군의회의원선거","6","영동군가선거구","100159370","위정복","무소속","1","선거공보","official_structured_record_no_public_file","reviewed_no_recoverable_official_document","official_sources_only"
"620260603-4300-영동군나선거구-100160404-1-선거공보","candidate-doc:100160404:1","4300","충청북도","620260603","구·시·군의회의원선거","6","영동군나선거구","100160404","이승주","무소속","1","선거공보","official_structured_record_no_public_file","reviewed_no_recoverable_official_document","official_sources_only"
"620260603-4300-영동군다선거구-100160023-1-선거공보","candidate-doc:100160023:1","4300","충청북도","620260603","구·시·군의회의원선거","6","영동군다선거구","100160023","손석구","더불어민주당","1","선거공보","official_structured_record_no_public_file","reviewed_no_recoverable_official_document","official_sources_only"
"620260603-4300-영동군다선거구-100159509-1-선거공보","candidate-doc:100159509:1","4300","충청북도","620260603","구·시·군의회의원선거","6","영동군다선거구","100159509","박용성","국민의힘","1","선거공보","official_structured_record_no_public_file","reviewed_no_recoverable_official_document","official_sources_only"
"620260603-4300-괴산군나선거구-100158665-1-선거공보","candidate-doc:100158665:1","4300","충청북도","620260603","구·시·군의회의원선거","6","괴산군나선거구","100158665","박선옥","무소속","1","선거공보","official_structured_record_no_public_file","reviewed_no_recoverable_official_document","official_sources_only"
"620260603-4400-천안시가선거구-100162587-1-선거공보","candidate-doc:100162587:1","4400","충청남도","620260603","구·시·군의회의원선거","6","천안시가선거구","100162587","류제국","더불어민주당","1","선거공보","official_structured_record_no_public_file","reviewed_no_recoverable_official_document","official_sources_only"
"620260603-4400-천안시가선거구-100158098-1-선거공보","candidate-doc:100158098:1","4400","충청남도","620260603","구·시·군의회의원선거","6","천안시가선거구","100158098","권오중","국민의힘","1","선거공보","official_structured_record_no_public_file","reviewed_no_recoverable_official_document","official_sources_only"
"620260603-4400-천안시나선거구-100156353-1-선거공보","candidate-doc:100156353:1","4400","충청남도","620260603","구·시·군의회의원선거","6","천안시나선거구","100156353","배관중","더불어민주당","1","선거공보","official_structured_record_no_public_file","reviewed_no_recoverable_official_document","official_sources_only"
"620260603-4400-천안시나선거구-100158361-1-선거공보","candidate-doc:100158361:1","4400","충청남도","620260603","구·시·군의회의원선거","6","천안시나선거구","100158361","조성준","국민의힘","1","선거공보","official_structured_record_no_public_file","reviewed_no_recoverable_official_document","official_sources_only"
"620260603-4400-천안시라선거구-100157628-1-선거공보","candidate-doc:100157628:1","4400","충청남도","620260603","구·시·군의회의원선거","6","천안시라선거구","100157628","이나현","조국혁신당","1","선거공보","official_structured_record_no_public_file","reviewed_no_recoverable_official_document","official_sources_only"
"620260603-4400-천안시마선거구-100157338-1-선거공보","candidate-doc:100157338:1","4400","충청남도","620260603","구·시·군의회의원선거","6","천안시마선거구","100157338","윤철상","더불어민주당","1","선거공보","official_structured_record_no_public_file","reviewed_no_recoverable_official_document","official_sources_only"
"620260603-4400-천안시바선거구-100163016-1-선거공보","candidate-doc:100163016:1","4400","충청남도","620260603","구·시·군의회의원선거","6","천안시바선거구","100163016","전용길","조국혁신당","1","선거공보","official_structured_record_no_public_file","reviewed_no_recoverable_official_document","official_sources_only"
"620260603-4400-천안시사선거구-100161261-1-선거공보","candidate-doc:100161261:1","4400","충청남도","620260603","구·시·군의회의원선거","6","천안시사선거구","100161261","배성민","더불어민주당","1","선거공보","official_structured_record_no_public_file","reviewed_no_recoverable_official_document","official_sources_only"
"620260603-4400-천안시자선거구-100161384-1-선거공보","candidate-doc:100161384:1","4400","충청남도","620260603","구·시·군의회의원선거","6","천안시자선거구","100161384","박종갑","더불어민주당","1","선거공보","official_structured_record_no_public_file","reviewed_no_recoverable_official_document","official_sources_only"
"620260603-4400-천안시자선거구-100162798-1-선거공보","candidate-doc:100162798:1","4400","충청남도","620260603","구·시·군의회의원선거","6","천안시자선거구","100162798","김영한","국민의힘","1","선거공보","official_structured_record_no_public_file","reviewed_no_recoverable_official_document","official_sources_only"
"620260603-4400-아산시다선거구-100164808-1-선거공보","candidate-doc:100164808:1","4400","충청남도","620260603","구·시·군의회의원선거","6","아산시다선거구","100164808","천철호","더불어민주당","1","선거공보","official_structured_record_no_public_file","reviewed_no_recoverable_official_document","official_sources_only"
"620260603-4400-아산시다선거구-100164671-1-선거공보","candidate-doc:100164671:1","4400","충청남도","620260603","구·시·군의회의원선거","6","아산시다선거구","100164671","윤원준","국민의힘","1","선거공보","official_structured_record_no_public_file","reviewed_no_recoverable_official_document","official_sources_only"
"620260603-4400-홍성군가선거구-100160944-1-선거공보","candidate-doc:100160944:1","4400","충청남도","620260603","구·시·군의회의원선거","6","홍성군가선거구","100160944","최선경","더불어민주당","1","선거공보","official_structured_record_no_public_file","reviewed_no_recoverable_official_document","official_sources_only"
"620260603-5300-전주시라선거구-100156278-1-선거공보","candidate-doc:100156278:1","5300","전북특별자치도","620260603","구·시·군의회의원선거","6","전주시라선거구","100156278","최명철","더불어민주당","1","선거공보","official_structured_record_no_public_file","reviewed_no_recoverable_official_document","official_sources_only"
"620260603-5300-전주시마선거구-100156826-1-선거공보","candidate-doc:100156826:1","5300","전북특별자치도","620260603","구·시·군의회의원선거","6","전주시마선거구","100156826","진예찬","더불어민주당","1","선거공보","official_structured_record_no_public_file","reviewed_no_recoverable_official_document","official_sources_only"
"620260603-5300-전주시마선거구-100156542-1-선거공보","candidate-doc:100156542:1","5300","전북특별자치도","620260603","구·시·군의회의원선거","6","전주시마선거구","100156542","김동헌","더불어민주당","1","선거공보","official_structured_record_no_public_file","reviewed_no_recoverable_official_document","official_sources_only"
"620260603-5300-전주시마선거구-100158691-1-선거공보","candidate-doc:100158691:1","5300","전북특별자치도","620260603","구·시·군의회의원선거","6","전주시마선거구","100158691","김현덕","무소속","1","선거공보","official_structured_record_no_public_file","reviewed_no_recoverable_official_document","official_sources_only"
"620260603-5300-전주시타선거구-100154430-1-선거공보","candidate-doc:100154430:1","5300","전북특별자치도","620260603","구·시·군의회의원선거","6","전주시타선거구","100154430","신인철","더불어민주당","1","선거공보","official_structured_record_no_public_file","reviewed_no_recoverable_official_document","official_sources_only"
"620260603-5300-전주시타선거구-100157682-1-선거공보","candidate-doc:100157682:1","5300","전북특별자치도","620260603","구·시·군의회의원선거","6","전주시타선거구","100157682","신유정","더불어민주당","1","선거공보","official_structured_record_no_public_file","reviewed_no_recoverable_official_document","official_sources_only"
"620260603-5300-군산시다선거구-100154013-1-선거공보","candidate-doc:100154013:1","5300","전북특별자치도","620260603","구·시·군의회의원선거","6","군산시다선거구","100154013","최경애","더불어민주당","1","선거공보","official_structured_record_no_public_file","reviewed_no_recoverable_official_document","official_sources_only"
"620260603-5300-군산시다선거구-100153876-1-선거공보","candidate-doc:100153876:1","5300","전북특별자치도","620260603","구·시·군의회의원선거","6","군산시다선거구","100153876","이동현","더불어민주당","1","선거공보","official_structured_record_no_public_file","reviewed_no_recoverable_official_document","official_sources_only"
"620260603-5300-익산시가선거구-100155960-1-선거공보","candidate-doc:100155960:1","5300","전북특별자치도","620260603","구·시·군의회의원선거","6","익산시가선거구","100155960","김미선","더불어민주당","1","선거공보","official_structured_record_no_public_file","reviewed_no_recoverable_official_document","official_sources_only"
"620260603-5300-익산시가선거구-100155969-1-선거공보","candidate-doc:100155969:1","5300","전북특별자치도","620260603","구·시·군의회의원선거","6","익산시가선거구","100155969","장경호","더불어민주당","1","선거공보","official_structured_record_no_public_file","reviewed_no_recoverable_official_document","official_sources_only"
"620260603-5300-정읍시가선거구-100155288-1-선거공보","candidate-doc:100155288:1","5300","전북특별자치도","620260603","구·시·군의회의원선거","6","정읍시가선거구","100155288","오명제","더불어민주당","1","선거공보","official_structured_record_no_public_file","reviewed_no_recoverable_official_document","official_sources_only"
"620260603-5300-정읍시가선거구-100158556-1-선거공보","candidate-doc:100158556:1","5300","전북특별자치도","620260603","구·시·군의회의원선거","6","정읍시가선거구","100158556","고성환","더불어민주당","1","선거공보","official_structured_record_no_public_file","reviewed_no_recoverable_official_document","official_sources_only"
"620260603-5300-정읍시가선거구-100155630-1-선거공보","candidate-doc:100155630:1","5300","전북특별자치도","620260603","구·시·군의회의원선거","6","정읍시가선거구","100155630","박철용","조국혁신당","1","선거공보","official_structured_record_no_public_file","reviewed_no_recoverable_official_document","official_sources_only"
"620260603-5300-정읍시가선거구-100156986-1-선거공보","candidate-doc:100156986:1","5300","전북특별자치도","620260603","구·시·군의회의원선거","6","정읍시가선거구","100156986","오승현","무소속","1","선거공보","official_structured_record_no_public_file","reviewed_no_recoverable_official_document","official_sources_only"
"620260603-5300-정읍시나선거구-100154009-1-선거공보","candidate-doc:100154009:1","5300","전북특별자치도","620260603","구·시·군의회의원선거","6","정읍시나선거구","100154009","김경섭","더불어민주당","1","선거공보","official_structured_record_no_public_file","reviewed_no_recoverable_official_document","official_sources_only"
"620260603-5300-정읍시나선거구-100165552-1-선거공보","candidate-doc:100165552:1","5300","전북특별자치도","620260603","구·시·군의회의원선거","6","정읍시나선거구","100165552","고경윤","더불어민주당","1","선거공보","official_structured_record_no_public_file","reviewed_no_recoverable_official_document","official_sources_only"
"620260603-5300-정읍시나선거구-100160638-1-선거공보","candidate-doc:100160638:1","5300","전북특별자치도","620260603","구·시·군의회의원선거","6","정읍시나선거구","100160638","이복형","무소속","1","선거공보","official_structured_record_no_public_file","reviewed_no_recoverable_official_document","official_sources_only"
"620260603-5300-정읍시나선거구-100158295-1-선거공보","candidate-doc:100158295:1","5300","전북특별자치도","620260603","구·시·군의회의원선거","6","정읍시나선거구","100158295","이영민","무소속","1","선거공보","official_structured_record_no_public_file","reviewed_no_recoverable_official_document","official_sources_only"
"620260603-5300-정읍시다선거구-100156907-1-선거공보","candidate-doc:100156907:1","5300","전북특별자치도","620260603","구·시·군의회의원선거","6","정읍시다선거구","100156907","황혜숙","더불어민주당","1","선거공보","official_structured_record_no_public_file","reviewed_no_recoverable_official_document","official_sources_only"
"620260603-5300-정읍시다선거구-100155403-1-선거공보","candidate-doc:100155403:1","5300","전북특별자치도","620260603","구·시·군의회의원선거","6","정읍시다선거구","100155403","한선미","더불어민주당","1","선거공보","official_structured_record_no_public_file","reviewed_no_recoverable_official_document","official_sources_only"
"620260603-5300-정읍시라선거구-100153909-1-선거공보","candidate-doc:100153909:1","5300","전북특별자치도","620260603","구·시·군의회의원선거","6","정읍시라선거구","100153909","최강술","더불어민주당","1","선거공보","official_structured_record_no_public_file","reviewed_no_recoverable_official_document","official_sources_only"
"620260603-5300-정읍시라선거구-100157273-1-선거공보","candidate-doc:100157273:1","5300","전북특별자치도","620260603","구·시·군의회의원선거","6","정읍시라선거구","100157273","최재기","더불어민주당","1","선거공보","official_structured_record_no_public_file","reviewed_no_recoverable_official_document","official_sources_only"
"620260603-5300-정읍시라선거구-100158753-1-선거공보","candidate-doc:100158753:1","5300","전북특별자치도","620260603","구·시·군의회의원선거","6","정읍시라선거구","100158753","박성완","조국혁신당","1","선거공보","official_structured_record_no_public_file","reviewed_no_recoverable_official_document","official_sources_only"
"620260603-5300-정읍시라선거구-100161796-1-선거공보","candidate-doc:100161796:1","5300","전북특별자치도","620260603","구·시·군의회의원선거","6","정읍시라선거구","100161796","김승범","무소속","1","선거공보","official_structured_record_no_public_file","reviewed_no_recoverable_official_document","official_sources_only"
"620260603-5300-정읍시마선거구-100153906-1-선거공보","candidate-doc:100153906:1","5300","전북특별자치도","620260603","구·시·군의회의원선거","6","정읍시마선거구","100153906","이남희","더불어민주당","1","선거공보","official_structured_record_no_public_file","reviewed_no_recoverable_official_document","official_sources_only"
"620260603-5300-정읍시마선거구-100155407-1-선거공보","candidate-doc:100155407:1","5300","전북특별자치도","620260603","구·시·군의회의원선거","6","정읍시마선거구","100155407","김용훈","더불어민주당","1","선거공보","official_structured_record_no_public_file","reviewed_no_recoverable_official_document","official_sources_only"
"620260603-5300-정읍시마선거구-100157626-1-선거공보","candidate-doc:100157626:1","5300","전북특별자치도","620260603","구·시·군의회의원선거","6","정읍시마선거구","100157626","김을수","조국혁신당","1","선거공보","official_structured_record_no_public_file","reviewed_no_recoverable_official_document","official_sources_only"
"620260603-5300-정읍시마선거구-100160174-1-선거공보","candidate-doc:100160174:1","5300","전북특별자치도","620260603","구·시·군의회의원선거","6","정읍시마선거구","100160174","이도형","무소속","1","선거공보","official_structured_record_no_public_file","reviewed_no_recoverable_official_document","official_sources_only"
"620260603-5300-정읍시마선거구-100155315-1-선거공보","candidate-doc:100155315:1","5300","전북특별자치도","620260603","구·시·군의회의원선거","6","정읍시마선거구","100155315","김석환","무소속","1","선거공보","official_structured_record_no_public_file","reviewed_no_recoverable_official_document","official_sources_only"
"620260603-5300-정읍시바선거구-100154880-1-선거공보","candidate-doc:100154880:1","5300","전북특별자치도","620260603","구·시·군의회의원선거","6","정읍시바선거구","100154880","서향경","더불어민주당","1","선거공보","official_structured_record_no_public_file","reviewed_no_recoverable_official_document","official_sources_only"
"620260603-5300-정읍시바선거구-100158689-1-선거공보","candidate-doc:100158689:1","5300","전북특별자치도","620260603","구·시·군의회의원선거","6","정읍시바선거구","100158689","박일","더불어민주당","1","선거공보","official_structured_record_no_public_file","reviewed_no_recoverable_official_document","official_sources_only"
"620260603-5300-정읍시바선거구-100163544-1-선거공보","candidate-doc:100163544:1","5300","전북특별자치도","620260603","구·시·군의회의원선거","6","정읍시바선거구","100163544","조상중","무소속","1","선거공보","official_structured_record_no_public_file","reviewed_no_recoverable_official_document","official_sources_only"
"620260603-5300-정읍시사선거구-100154195-1-선거공보","candidate-doc:100154195:1","5300","전북특별자치도","620260603","구·시·군의회의원선거","6","정읍시사선거구","100154195","정상섭","더불어민주당","1","선거공보","official_structured_record_no_public_file","reviewed_no_recoverable_official_document","official_sources_only"
"620260603-5300-정읍시사선거구-100154276-1-선거공보","candidate-doc:100154276:1","5300","전북특별자치도","620260603","구·시·군의회의원선거","6","정읍시사선거구","100154276","김영현","더불어민주당","1","선거공보","official_structured_record_no_public_file","reviewed_no_recoverable_official_document","official_sources_only"
"620260603-5300-정읍시사선거구-100158440-1-선거공보","candidate-doc:100158440:1","5300","전북특별자치도","620260603","구·시·군의회의원선거","6","정읍시사선거구","100158440","이홍로","조국혁신당","1","선거공보","official_structured_record_no_public_file","reviewed_no_recoverable_official_document","official_sources_only"
"620260603-5300-정읍시사선거구-100160733-1-선거공보","candidate-doc:100160733:1","5300","전북특별자치도","620260603","구·시·군의회의원선거","6","정읍시사선거구","100160733","이만재","무소속","1","선거공보","official_structured_record_no_public_file","reviewed_no_recoverable_official_document","official_sources_only"
"620260603-5300-남원시가선거구-100156205-1-선거공보","candidate-doc:100156205:1","5300","전북특별자치도","620260603","구·시·군의회의원선거","6","남원시가선거구","100156205","소태수","더불어민주당","1","선거공보","official_structured_record_no_public_file","reviewed_no_recoverable_official_document","official_sources_only"
"620260603-5300-남원시가선거구-100155716-1-선거공보","candidate-doc:100155716:1","5300","전북특별자치도","620260603","구·시·군의회의원선거","6","남원시가선거구","100155716","조용수","더불어민주당","1","선거공보","official_structured_record_no_public_file","reviewed_no_recoverable_official_document","official_sources_only"
"620260603-5300-남원시라선거구-100155733-1-선거공보","candidate-doc:100155733:1","5300","전북특별자치도","620260603","구·시·군의회의원선거","6","남원시라선거구","100155733","장병옥","더불어민주당","1","선거공보","official_structured_record_no_public_file","reviewed_no_recoverable_official_document","official_sources_only"
"620260603-5300-남원시라선거구-100157834-1-선거공보","candidate-doc:100157834:1","5300","전북특별자치도","620260603","구·시·군의회의원선거","6","남원시라선거구","100157834","이기열","더불어민주당","1","선거공보","official_structured_record_no_public_file","reviewed_no_recoverable_official_document","official_sources_only"
"620260603-5300-김제시가선거구-100155770-1-선거공보","candidate-doc:100155770:1","5300","전북특별자치도","620260603","구·시·군의회의원선거","6","김제시가선거구","100155770","이정자","더불어민주당","1","선거공보","official_structured_record_no_public_file","reviewed_no_recoverable_official_document","official_sources_only"
"620260603-5300-김제시가선거구-100155176-1-선거공보","candidate-doc:100155176:1","5300","전북특별자치도","620260603","구·시·군의회의원선거","6","김제시가선거구","100155176","주상현","더불어민주당","1","선거공보","official_structured_record_no_public_file","reviewed_no_recoverable_official_document","official_sources_only"
"620260603-5300-김제시가선거구-100157560-1-선거공보","candidate-doc:100157560:1","5300","전북특별자치도","620260603","구·시·군의회의원선거","6","김제시가선거구","100157560","남궁윤","더불어민주당","1","선거공보","official_structured_record_no_public_file","reviewed_no_recoverable_official_document","official_sources_only"
"620260603-5300-김제시가선거구-100160024-1-선거공보","candidate-doc:100160024:1","5300","전북특별자치도","620260603","구·시·군의회의원선거","6","김제시가선거구","100160024","유진우","무소속","1","선거공보","official_structured_record_no_public_file","reviewed_no_recoverable_official_document","official_sources_only"
"620260603-5300-김제시나선거구-100154854-1-선거공보","candidate-doc:100154854:1","5300","전북특별자치도","620260603","구·시·군의회의원선거","6","김제시나선거구","100154854","최보선","더불어민주당","1","선거공보","official_structured_record_no_public_file","reviewed_no_recoverable_official_document","official_sources_only"
"620260603-5300-김제시나선거구-100156260-1-선거공보","candidate-doc:100156260:1","5300","전북특별자치도","620260603","구·시·군의회의원선거","6","김제시나선거구","100156260","오승경","더불어민주당","1","선거공보","official_structured_record_no_public_file","reviewed_no_recoverable_official_document","official_sources_only"
"620260603-5300-김제시나선거구-100160387-1-선거공보","candidate-doc:100160387:1","5300","전북특별자치도","620260603","구·시·군의회의원선거","6","김제시나선거구","100160387","김영자","더불어민주당","1","선거공보","official_structured_record_no_public_file","reviewed_no_recoverable_official_document","official_sources_only"
"620260603-5300-김제시나선거구-100163659-1-선거공보","candidate-doc:100163659:1","5300","전북특별자치도","620260603","구·시·군의회의원선거","6","김제시나선거구","100163659","박성운","조국혁신당","1","선거공보","official_structured_record_no_public_file","reviewed_no_recoverable_official_document","official_sources_only"
"620260603-5300-김제시나선거구-100165246-1-선거공보","candidate-doc:100165246:1","5300","전북특별자치도","620260603","구·시·군의회의원선거","6","김제시나선거구","100165246","조성원","무소속","1","선거공보","official_structured_record_no_public_file","reviewed_no_recoverable_official_document","official_sources_only"
"620260603-5300-김제시다선거구-100155935-1-선거공보","candidate-doc:100155935:1","5300","전북특별자치도","620260603","구·시·군의회의원선거","6","김제시다선거구","100155935","장민우","더불어민주당","1","선거공보","official_structured_record_no_public_file","reviewed_no_recoverable_official_document","official_sources_only"
"620260603-5300-김제시다선거구-100155442-1-선거공보","candidate-doc:100155442:1","5300","전북특별자치도","620260603","구·시·군의회의원선거","6","김제시다선거구","100155442","오상민","더불어민주당","1","선거공보","official_structured_record_no_public_file","reviewed_no_recoverable_official_document","official_sources_only"
"620260603-5300-김제시다선거구-100154866-1-선거공보","candidate-doc:100154866:1","5300","전북특별자치도","620260603","구·시·군의회의원선거","6","김제시다선거구","100154866","김민완","더불어민주당","1","선거공보","official_structured_record_no_public_file","reviewed_no_recoverable_official_document","official_sources_only"
"620260603-5300-김제시라선거구-100154872-1-선거공보","candidate-doc:100154872:1","5300","전북특별자치도","620260603","구·시·군의회의원선거","6","김제시라선거구","100154872","김진수","더불어민주당","1","선거공보","official_structured_record_no_public_file","reviewed_no_recoverable_official_document","official_sources_only"
"620260603-5300-김제시라선거구-100157339-1-선거공보","candidate-doc:100157339:1","5300","전북특별자치도","620260603","구·시·군의회의원선거","6","김제시라선거구","100157339","김승일","더불어민주당","1","선거공보","official_structured_record_no_public_file","reviewed_no_recoverable_official_document","official_sources_only"
"620260603-5300-김제시라선거구-100157002-1-선거공보","candidate-doc:100157002:1","5300","전북특별자치도","620260603","구·시·군의회의원선거","6","김제시라선거구","100157002","문순자","더불어민주당","1","선거공보","official_structured_record_no_public_file","reviewed_no_recoverable_official_document","official_sources_only"
"620260603-5300-김제시라선거구-100162295-1-선거공보","candidate-doc:100162295:1","5300","전북특별자치도","620260603","구·시·군의회의원선거","6","김제시라선거구","100162295","최훈","무소속","1","선거공보","official_structured_record_no_public_file","reviewed_no_recoverable_official_document","official_sources_only"
"620260603-5300-완주군나선거구-100159635-1-선거공보","candidate-doc:100159635:1","5300","전북특별자치도","620260603","구·시·군의회의원선거","6","완주군나선거구","100159635","최광호","더불어민주당","1","선거공보","official_structured_record_no_public_file","reviewed_no_recoverable_official_document","official_sources_only"
"620260603-5300-완주군나선거구-100159533-1-선거공보","candidate-doc:100159533:1","5300","전북특별자치도","620260603","구·시·군의회의원선거","6","완주군나선거구","100159533","성중기","더불어민주당","1","선거공보","official_structured_record_no_public_file","reviewed_no_recoverable_official_document","official_sources_only"
"620260603-5300-완주군나선거구-100163602-1-선거공보","candidate-doc:100163602:1","5300","전북특별자치도","620260603","구·시·군의회의원선거","6","완주군나선거구","100163602","권오석","무소속","1","선거공보","official_structured_record_no_public_file","reviewed_no_recoverable_official_document","official_sources_only"
"620260603-5300-장수군가선거구-100159451-1-선거공보","candidate-doc:100159451:1","5300","전북특별자치도","620260603","구·시·군의회의원선거","6","장수군가선거구","100159451","김광훈","더불어민주당","1","선거공보","official_structured_record_no_public_file","reviewed_no_recoverable_official_document","official_sources_only"
"620260603-5300-장수군가선거구-100159734-1-선거공보","candidate-doc:100159734:1","5300","전북특별자치도","620260603","구·시·군의회의원선거","6","장수군가선거구","100159734","정상득","더불어민주당","1","선거공보","official_structured_record_no_public_file","reviewed_no_recoverable_official_document","official_sources_only"
"620260603-5300-장수군가선거구-100160326-1-선거공보","candidate-doc:100160326:1","5300","전북특별자치도","620260603","구·시·군의회의원선거","6","장수군가선거구","100160326","임정권","더불어민주당","1","선거공보","official_structured_record_no_public_file","reviewed_no_recoverable_official_document","official_sources_only"
"620260603-5300-장수군가선거구-100159763-1-선거공보","candidate-doc:100159763:1","5300","전북특별자치도","620260603","구·시·군의회의원선거","6","장수군가선거구","100159763","장종태","무소속","1","선거공보","official_structured_record_no_public_file","reviewed_no_recoverable_official_document","official_sources_only"
"620260603-5300-장수군나선거구-100160162-1-선거공보","candidate-doc:100160162:1","5300","전북특별자치도","620260603","구·시·군의회의원선거","6","장수군나선거구","100160162","문재표","더불어민주당","1","선거공보","official_structured_record_no_public_file","reviewed_no_recoverable_official_document","official_sources_only"
"620260603-5300-장수군나선거구-100159880-1-선거공보","candidate-doc:100159880:1","5300","전북특별자치도","620260603","구·시·군의회의원선거","6","장수군나선거구","100159880","채수권","더불어민주당","1","선거공보","official_structured_record_no_public_file","reviewed_no_recoverable_official_document","official_sources_only"
"620260603-5300-장수군나선거구-100159674-1-선거공보","candidate-doc:100159674:1","5300","전북특별자치도","620260603","구·시·군의회의원선거","6","장수군나선거구","100159674","김남수","더불어민주당","1","선거공보","official_structured_record_no_public_file","reviewed_no_recoverable_official_document","official_sources_only"
"620260603-5300-장수군나선거구-100160483-1-선거공보","candidate-doc:100160483:1","5300","전북특별자치도","620260603","구·시·군의회의원선거","6","장수군나선거구","100160483","임재성","무소속","1","선거공보","official_structured_record_no_public_file","reviewed_no_recoverable_official_document","official_sources_only"
"620260603-5300-장수군나선거구-100163843-1-선거공보","candidate-doc:100163843:1","5300","전북특별자치도","620260603","구·시·군의회의원선거","6","장수군나선거구","100163843","곽한옥","무소속","1","선거공보","official_structured_record_no_public_file","reviewed_no_recoverable_official_document","official_sources_only"
"620260603-5300-부안군나선거구-100159668-1-선거공보","candidate-doc:100159668:1","5300","전북특별자치도","620260603","구·시·군의회의원선거","6","부안군나선거구","100159668","김원진","더불어민주당","1","선거공보","official_structured_record_no_public_file","reviewed_no_recoverable_official_document","official_sources_only"
"620260603-5300-부안군나선거구-100159735-1-선거공보","candidate-doc:100159735:1","5300","전북특별자치도","620260603","구·시·군의회의원선거","6","부안군나선거구","100159735","오장환","더불어민주당","1","선거공보","official_structured_record_no_public_file","reviewed_no_recoverable_official_document","official_sources_only"
"620260603-5300-부안군라선거구-100160008-1-선거공보","candidate-doc:100160008:1","5300","전북특별자치도","620260603","구·시·군의회의원선거","6","부안군라선거구","100160008","김형관","무소속","1","선거공보","official_structured_record_no_public_file","reviewed_no_recoverable_official_document","official_sources_only"
"620260603-4600-목포시가선거구-100156856-1-선거공보","candidate-doc:100156856:1","4600","전라남도","620260603","구·시·군의회의원선거","6","목포시가선거구","100156856","박수경","더불어민주당","1","선거공보","official_structured_record_no_public_file","reviewed_no_recoverable_official_document","official_sources_only"
"620260603-4600-목포시가선거구-100162296-1-선거공보","candidate-doc:100162296:1","4600","전라남도","620260603","구·시·군의회의원선거","6","목포시가선거구","100162296","박효상","더불어민주당","1","선거공보","official_structured_record_no_public_file","reviewed_no_recoverable_official_document","official_sources_only"
"620260603-4600-목포시가선거구-100162244-1-선거공보","candidate-doc:100162244:1","4600","전라남도","620260603","구·시·군의회의원선거","6","목포시가선거구","100162244","박용식","더불어민주당","1","선거공보","official_structured_record_no_public_file","reviewed_no_recoverable_official_document","official_sources_only"
"620260603-4600-목포시나선거구-100154726-1-선거공보","candidate-doc:100154726:1","4600","전라남도","620260603","구·시·군의회의원선거","6","목포시나선거구","100154726","김종찬","더불어민주당","1","선거공보","official_structured_record_no_public_file","reviewed_no_recoverable_official_document","official_sources_only"
"620260603-4600-목포시다선거구-100156158-1-선거공보","candidate-doc:100156158:1","4600","전라남도","620260603","구·시·군의회의원선거","6","목포시다선거구","100156158","안호선","더불어민주당","1","선거공보","official_structured_record_no_public_file","reviewed_no_recoverable_official_document","official_sources_only"
"620260603-4600-목포시라선거구-100156464-1-선거공보","candidate-doc:100156464:1","4600","전라남도","620260603","구·시·군의회의원선거","6","목포시라선거구","100156464","이형완","더불어민주당","1","선거공보","official_structured_record_no_public_file","reviewed_no_recoverable_official_document","official_sources_only"
"620260603-4600-목포시라선거구-100158430-1-선거공보","candidate-doc:100158430:1","4600","전라남도","620260603","구·시·군의회의원선거","6","목포시라선거구","100158430","유창훈","더불어민주당","1","선거공보","official_structured_record_no_public_file","reviewed_no_recoverable_official_document","official_sources_only"
"620260603-4600-목포시마선거구-100156148-1-선거공보","candidate-doc:100156148:1","4600","전라남도","620260603","구·시·군의회의원선거","6","목포시마선거구","100156148","장국진","더불어민주당","1","선거공보","official_structured_record_no_public_file","reviewed_no_recoverable_official_document","official_sources_only"
"620260603-4600-목포시바선거구-100156164-1-선거공보","candidate-doc:100156164:1","4600","전라남도","620260603","구·시·군의회의원선거","6","목포시바선거구","100156164","김호한","더불어민주당","1","선거공보","official_structured_record_no_public_file","reviewed_no_recoverable_official_document","official_sources_only"
"620260603-4600-목포시바선거구-100163121-1-선거공보","candidate-doc:100163121:1","4600","전라남도","620260603","구·시·군의회의원선거","6","목포시바선거구","100163121","정정문","조국혁신당","1","선거공보","official_structured_record_no_public_file","reviewed_no_recoverable_official_document","official_sources_only"
"620260603-4600-목포시바선거구-100165865-1-선거공보","candidate-doc:100165865:1","4600","전라남도","620260603","구·시·군의회의원선거","6","목포시바선거구","100165865","나영민","무소속","1","선거공보","official_structured_record_no_public_file","reviewed_no_recoverable_official_document","official_sources_only"
"620260603-4600-목포시바선거구-100162652-1-선거공보","candidate-doc:100162652:1","4600","전라남도","620260603","구·시·군의회의원선거","6","목포시바선거구","100162652","오호영","무소속","1","선거공보","official_structured_record_no_public_file","reviewed_no_recoverable_official_document","official_sources_only"
"620260603-4600-목포시사선거구-100156155-1-선거공보","candidate-doc:100156155:1","4600","전라남도","620260603","구·시·군의회의원선거","6","목포시사선거구","100156155","김은숙","더불어민주당","1","선거공보","official_structured_record_no_public_file","reviewed_no_recoverable_official_document","official_sources_only"
"620260603-4600-목포시사선거구-100158002-1-선거공보","candidate-doc:100158002:1","4600","전라남도","620260603","구·시·군의회의원선거","6","목포시사선거구","100158002","최지선","더불어민주당","1","선거공보","official_structured_record_no_public_file","reviewed_no_recoverable_official_document","official_sources_only"
"620260603-4600-목포시사선거구-100155273-1-선거공보","candidate-doc:100155273:1","4600","전라남도","620260603","구·시·군의회의원선거","6","목포시사선거구","100155273","백동규","정의당","1","선거공보","official_structured_record_no_public_file","reviewed_no_recoverable_official_document","official_sources_only"
"620260603-4600-목포시사선거구-100156878-1-선거공보","candidate-doc:100156878:1","4600","전라남도","620260603","구·시·군의회의원선거","6","목포시사선거구","100156878","박용준","무소속","1","선거공보","official_structured_record_no_public_file","reviewed_no_recoverable_official_document","official_sources_only"
"620260603-4600-여수시가선거구-100158085-1-선거공보","candidate-doc:100158085:1","4600","전라남도","620260603","구·시·군의회의원선거","6","여수시가선거구","100158085","박성미","더불어민주당","1","선거공보","official_structured_record_no_public_file","reviewed_no_recoverable_official_document","official_sources_only"
"620260603-4600-여수시가선거구-100158052-1-선거공보","candidate-doc:100158052:1","4600","전라남도","620260603","구·시·군의회의원선거","6","여수시가선거구","100158052","김철민","더불어민주당","1","선거공보","official_structured_record_no_public_file","reviewed_no_recoverable_official_document","official_sources_only"
"620260603-4600-나주시가선거구-100161724-1-선거공보","candidate-doc:100161724:1","4600","전라남도","620260603","구·시·군의회의원선거","6","나주시가선거구","100161724","최문환","더불어민주당","1","선거공보","official_structured_record_no_public_file","reviewed_no_recoverable_official_document","official_sources_only"
"620260603-4600-나주시가선거구-100160153-1-선거공보","candidate-doc:100160153:1","4600","전라남도","620260603","구·시·군의회의원선거","6","나주시가선거구","100160153","김해원","더불어민주당","1","선거공보","official_structured_record_no_public_file","reviewed_no_recoverable_official_document","official_sources_only"
"620260603-4600-나주시가선거구-100161026-1-선거공보","candidate-doc:100161026:1","4600","전라남도","620260603","구·시·군의회의원선거","6","나주시가선거구","100161026","김관용","더불어민주당","1","선거공보","official_structured_record_no_public_file","reviewed_no_recoverable_official_document","official_sources_only"
"620260603-4600-나주시가선거구-100157057-1-선거공보","candidate-doc:100157057:1","4600","전라남도","620260603","구·시·군의회의원선거","6","나주시가선거구","100157057","이경천","진보당","1","선거공보","official_structured_record_no_public_file","reviewed_no_recoverable_official_document","official_sources_only"
"620260603-4600-나주시가선거구-100161714-1-선거공보","candidate-doc:100161714:1","4600","전라남도","620260603","구·시·군의회의원선거","6","나주시가선거구","100161714","한형철","무소속","1","선거공보","official_structured_record_no_public_file","reviewed_no_recoverable_official_document","official_sources_only"
"620260603-4600-나주시나선거구-100155325-1-선거공보","candidate-doc:100155325:1","4600","전라남도","620260603","구·시·군의회의원선거","6","나주시나선거구","100155325","김준정","더불어민주당","1","선거공보","official_structured_record_no_public_file","reviewed_no_recoverable_official_document","official_sources_only"
"620260603-4600-나주시나선거구-100157608-1-선거공보","candidate-doc:100157608:1","4600","전라남도","620260603","구·시·군의회의원선거","6","나주시나선거구","100157608","김정숙","더불어민주당","1","선거공보","official_structured_record_no_public_file","reviewed_no_recoverable_official_document","official_sources_only"
"620260603-4600-나주시나선거구-100163651-1-선거공보","candidate-doc:100163651:1","4600","전라남도","620260603","구·시·군의회의원선거","6","나주시나선거구","100163651","박동민","더불어민주당","1","선거공보","official_structured_record_no_public_file","reviewed_no_recoverable_official_document","official_sources_only"
"620260603-4600-나주시나선거구-100155696-1-선거공보","candidate-doc:100155696:1","4600","전라남도","620260603","구·시·군의회의원선거","6","나주시나선거구","100155696","최현호","조국혁신당","1","선거공보","official_structured_record_no_public_file","reviewed_no_recoverable_official_document","official_sources_only"
"620260603-4600-나주시나선거구-100157066-1-선거공보","candidate-doc:100157066:1","4600","전라남도","620260603","구·시·군의회의원선거","6","나주시나선거구","100157066","황광민","진보당","1","선거공보","official_structured_record_no_public_file","reviewed_no_recoverable_official_document","official_sources_only"
"620260603-4600-나주시다선거구-100155713-1-선거공보","candidate-doc:100155713:1","4600","전라남도","620260603","구·시·군의회의원선거","6","나주시다선거구","100155713","김소영","더불어민주당","1","선거공보","official_structured_record_no_public_file","reviewed_no_recoverable_official_document","official_sources_only"
"620260603-4600-나주시다선거구-100156238-1-선거공보","candidate-doc:100156238:1","4600","전라남도","620260603","구·시·군의회의원선거","6","나주시다선거구","100156238","신상용","더불어민주당","1","선거공보","official_structured_record_no_public_file","reviewed_no_recoverable_official_document","official_sources_only"
"620260603-4600-나주시다선거구-100157631-1-선거공보","candidate-doc:100157631:1","4600","전라남도","620260603","구·시·군의회의원선거","6","나주시다선거구","100157631","최정기","무소속","1","선거공보","official_structured_record_no_public_file","reviewed_no_recoverable_official_document","official_sources_only"
"620260603-4600-나주시라선거구-100160246-1-선거공보","candidate-doc:100160246:1","4600","전라남도","620260603","구·시·군의회의원선거","6","나주시라선거구","100160246","조영미","더불어민주당","1","선거공보","official_structured_record_no_public_file","reviewed_no_recoverable_official_document","official_sources_only"
"620260603-4600-나주시라선거구-100154973-1-선거공보","candidate-doc:100154973:1","4600","전라남도","620260603","구·시·군의회의원선거","6","나주시라선거구","100154973","전상규","더불어민주당","1","선거공보","official_structured_record_no_public_file","reviewed_no_recoverable_official_document","official_sources_only"
"620260603-4600-나주시라선거구-100157100-1-선거공보","candidate-doc:100157100:1","4600","전라남도","620260603","구·시·군의회의원선거","6","나주시라선거구","100157100","김성보","진보당","1","선거공보","official_structured_record_no_public_file","reviewed_no_recoverable_official_document","official_sources_only"
"620260603-4600-나주시라선거구-100157509-1-선거공보","candidate-doc:100157509:1","4600","전라남도","620260603","구·시·군의회의원선거","6","나주시라선거구","100157509","임준택","무소속","1","선거공보","official_structured_record_no_public_file","reviewed_no_recoverable_official_document","official_sources_only"
"620260603-4600-나주시마선거구-100155209-1-선거공보","candidate-doc:100155209:1","4600","전라남도","620260603","구·시·군의회의원선거","6","나주시마선거구","100155209","박소준","더불어민주당","1","선거공보","official_structured_record_no_public_file","reviewed_no_recoverable_official_document","official_sources_only"
"620260603-4600-나주시마선거구-100155109-1-선거공보","candidate-doc:100155109:1","4600","전라남도","620260603","구·시·군의회의원선거","6","나주시마선거구","100155109","최석순","더불어민주당","1","선거공보","official_structured_record_no_public_file","reviewed_no_recoverable_official_document","official_sources_only"
"620260603-4600-나주시마선거구-100157081-1-선거공보","candidate-doc:100157081:1","4600","전라남도","620260603","구·시·군의회의원선거","6","나주시마선거구","100157081","황우선","더불어민주당","1","선거공보","official_structured_record_no_public_file","reviewed_no_recoverable_official_document","official_sources_only"
"620260603-4600-나주시마선거구-100157112-1-선거공보","candidate-doc:100157112:1","4600","전라남도","620260603","구·시·군의회의원선거","6","나주시마선거구","100157112","김철민","조국혁신당","1","선거공보","official_structured_record_no_public_file","reviewed_no_recoverable_official_document","official_sources_only"
"620260603-4600-나주시마선거구-100163908-1-선거공보","candidate-doc:100163908:1","4600","전라남도","620260603","구·시·군의회의원선거","6","나주시마선거구","100163908","성인","기본소득당","1","선거공보","official_structured_record_no_public_file","reviewed_no_recoverable_official_document","official_sources_only"
"620260603-4600-나주시마선거구-100157174-1-선거공보","candidate-doc:100157174:1","4600","전라남도","620260603","구·시·군의회의원선거","6","나주시마선거구","100157174","박장열","무소속","1","선거공보","official_structured_record_no_public_file","reviewed_no_recoverable_official_document","official_sources_only"
"620260603-4600-나주시마선거구-100160658-1-선거공보","candidate-doc:100160658:1","4600","전라남도","620260603","구·시·군의회의원선거","6","나주시마선거구","100160658","서충기","무소속","1","선거공보","official_structured_record_no_public_file","reviewed_no_recoverable_official_document","official_sources_only"
"620260603-4600-고흥군가선거구-100161117-1-선거공보","candidate-doc:100161117:1","4600","전라남도","620260603","구·시·군의회의원선거","6","고흥군가선거구","100161117","박경석","더불어민주당","1","선거공보","official_structured_record_no_public_file","reviewed_no_recoverable_official_document","official_sources_only"
"620260603-4600-고흥군가선거구-100159747-1-선거공보","candidate-doc:100159747:1","4600","전라남도","620260603","구·시·군의회의원선거","6","고흥군가선거구","100159747","한승욱","더불어민주당","1","선거공보","official_structured_record_no_public_file","reviewed_no_recoverable_official_document","official_sources_only"
"620260603-4600-고흥군가선거구-100160354-1-선거공보","candidate-doc:100160354:1","4600","전라남도","620260603","구·시·군의회의원선거","6","고흥군가선거구","100160354","류동철","더불어민주당","1","선거공보","official_structured_record_no_public_file","reviewed_no_recoverable_official_document","official_sources_only"
"620260603-4600-고흥군라선거구-100160731-1-선거공보","candidate-doc:100160731:1","4600","전라남도","620260603","구·시·군의회의원선거","6","고흥군라선거구","100160731","박규대","더불어민주당","1","선거공보","official_structured_record_no_public_file","reviewed_no_recoverable_official_document","official_sources_only"
"620260603-4600-고흥군라선거구-100160386-1-선거공보","candidate-doc:100160386:1","4600","전라남도","620260603","구·시·군의회의원선거","6","고흥군라선거구","100160386","송종화","더불어민주당","1","선거공보","official_structured_record_no_public_file","reviewed_no_recoverable_official_document","official_sources_only"
"620260603-4600-완도군가선거구-100160253-1-선거공보","candidate-doc:100160253:1","4600","전라남도","620260603","구·시·군의회의원선거","6","완도군가선거구","100160253","최정욱","더불어민주당","1","선거공보","official_structured_record_no_public_file","reviewed_no_recoverable_official_document","official_sources_only"
"620260603-4600-완도군가선거구-100160616-1-선거공보","candidate-doc:100160616:1","4600","전라남도","620260603","구·시·군의회의원선거","6","완도군가선거구","100160616","박성규","무소속","1","선거공보","official_structured_record_no_public_file","reviewed_no_recoverable_official_document","official_sources_only"
"620260603-4600-완도군가선거구-100161683-1-선거공보","candidate-doc:100161683:1","4600","전라남도","620260603","구·시·군의회의원선거","6","완도군가선거구","100161683","조영식","무소속","1","선거공보","official_structured_record_no_public_file","reviewed_no_recoverable_official_document","official_sources_only"
"620260603-4600-완도군가선거구-100160384-1-선거공보","candidate-doc:100160384:1","4600","전라남도","620260603","구·시·군의회의원선거","6","완도군가선거구","100160384","유전종","무소속","1","선거공보","official_structured_record_no_public_file","reviewed_no_recoverable_official_document","official_sources_only"
"620260603-4600-완도군나선거구-100161196-1-선거공보","candidate-doc:100161196:1","4600","전라남도","620260603","구·시·군의회의원선거","6","완도군나선거구","100161196","김세윤","더불어민주당","1","선거공보","official_structured_record_no_public_file","reviewed_no_recoverable_official_document","official_sources_only"
"620260603-4600-완도군나선거구-100160943-1-선거공보","candidate-doc:100160943:1","4600","전라남도","620260603","구·시·군의회의원선거","6","완도군나선거구","100160943","임원희","더불어민주당","1","선거공보","official_structured_record_no_public_file","reviewed_no_recoverable_official_document","official_sources_only"
"620260603-4600-신안군가선거구-100159707-1-선거공보","candidate-doc:100159707:1","4600","전라남도","620260603","구·시·군의회의원선거","6","신안군가선거구","100159707","나영효","무소속","1","선거공보","official_structured_record_no_public_file","reviewed_no_recoverable_official_document","official_sources_only"
"620260603-4600-신안군라선거구-100159729-1-선거공보","candidate-doc:100159729:1","4600","전라남도","620260603","구·시·군의회의원선거","6","신안군라선거구","100159729","강대성","더불어민주당","1","선거공보","official_structured_record_no_public_file","reviewed_no_recoverable_official_document","official_sources_only"
"620260603-4600-신안군라선거구-100159950-1-선거공보","candidate-doc:100159950:1","4600","전라남도","620260603","구·시·군의회의원선거","6","신안군라선거구","100159950","김용배","더불어민주당","1","선거공보","official_structured_record_no_public_file","reviewed_no_recoverable_official_document","official_sources_only"
"620260603-4700-포항시마선거구-100163328-1-선거공보","candidate-doc:100163328:1","4700","경상북도","620260603","구·시·군의회의원선거","6","포항시마선거구","100163328","김상민","더불어민주당","1","선거공보","official_structured_record_no_public_file","reviewed_no_recoverable_official_document","official_sources_only"
"620260603-4700-포항시마선거구-100162969-1-선거공보","candidate-doc:100162969:1","4700","경상북도","620260603","구·시·군의회의원선거","6","포항시마선거구","100162969","김하영","국민의힘","1","선거공보","official_structured_record_no_public_file","reviewed_no_recoverable_official_document","official_sources_only"
"620260603-4700-포항시마선거구-100162171-1-선거공보","candidate-doc:100162171:1","4700","경상북도","620260603","구·시·군의회의원선거","6","포항시마선거구","100162171","정원석","국민의힘","1","선거공보","official_structured_record_no_public_file","reviewed_no_recoverable_official_document","official_sources_only"
"620260603-4700-경주시다선거구-100158849-1-선거공보","candidate-doc:100158849:1","4700","경상북도","620260603","구·시·군의회의원선거","6","경주시다선거구","100158849","김상희","국민의힘","1","선거공보","official_structured_record_no_public_file","reviewed_no_recoverable_official_document","official_sources_only"
"620260603-4700-경주시다선거구-100157410-1-선거공보","candidate-doc:100157410:1","4700","경상북도","620260603","구·시·군의회의원선거","6","경주시다선거구","100157410","주동열","국민의힘","1","선거공보","official_structured_record_no_public_file","reviewed_no_recoverable_official_document","official_sources_only"
"620260603-4700-김천시마선거구-100161872-1-선거공보","candidate-doc:100161872:1","4700","경상북도","620260603","구·시·군의회의원선거","6","김천시마선거구","100161872","김세호","국민의힘","1","선거공보","official_structured_record_no_public_file","reviewed_no_recoverable_official_document","official_sources_only"
"620260603-4700-김천시마선거구-100161889-1-선거공보","candidate-doc:100161889:1","4700","경상북도","620260603","구·시·군의회의원선거","6","김천시마선거구","100161889","김석조","국민의힘","1","선거공보","official_structured_record_no_public_file","reviewed_no_recoverable_official_document","official_sources_only"
"620260603-4700-안동시나선거구-100162783-1-선거공보","candidate-doc:100162783:1","4700","경상북도","620260603","구·시·군의회의원선거","6","안동시나선거구","100162783","정복순","더불어민주당","1","선거공보","official_structured_record_no_public_file","reviewed_no_recoverable_official_document","official_sources_only"
"620260603-4700-안동시나선거구-100163919-1-선거공보","candidate-doc:100163919:1","4700","경상북도","620260603","구·시·군의회의원선거","6","안동시나선거구","100163919","권기윤","국민의힘","1","선거공보","official_structured_record_no_public_file","reviewed_no_recoverable_official_document","official_sources_only"
"620260603-4700-영주시가선거구-100155507-1-선거공보","candidate-doc:100155507:1","4700","경상북도","620260603","구·시·군의회의원선거","6","영주시가선거구","100155507","이재민","무소속","1","선거공보","official_structured_record_no_public_file","reviewed_no_recoverable_official_document","official_sources_only"
"620260603-4700-영주시가선거구-100163418-1-선거공보","candidate-doc:100163418:1","4700","경상북도","620260603","구·시·군의회의원선거","6","영주시가선거구","100163418","김병기","무소속","1","선거공보","official_structured_record_no_public_file","reviewed_no_recoverable_official_document","official_sources_only"
"620260603-4700-영주시나선거구-100156406-1-선거공보","candidate-doc:100156406:1","4700","경상북도","620260603","구·시·군의회의원선거","6","영주시나선거구","100156406","최락선","더불어민주당","1","선거공보","official_structured_record_no_public_file","reviewed_no_recoverable_official_document","official_sources_only"
"620260603-4700-영주시나선거구-100154380-1-선거공보","candidate-doc:100154380:1","4700","경상북도","620260603","구·시·군의회의원선거","6","영주시나선거구","100154380","손종호","국민의힘","1","선거공보","official_structured_record_no_public_file","reviewed_no_recoverable_official_document","official_sources_only"
"620260603-4700-영주시나선거구-100162087-1-선거공보","candidate-doc:100162087:1","4700","경상북도","620260603","구·시·군의회의원선거","6","영주시나선거구","100162087","유충상","무소속","1","선거공보","official_structured_record_no_public_file","reviewed_no_recoverable_official_document","official_sources_only"
"620260603-4700-영주시다선거구-100156066-1-선거공보","candidate-doc:100156066:1","4700","경상북도","620260603","구·시·군의회의원선거","6","영주시다선거구","100156066","최선희","더불어민주당","1","선거공보","official_structured_record_no_public_file","reviewed_no_recoverable_official_document","official_sources_only"
"620260603-4700-영주시다선거구-100162011-1-선거공보","candidate-doc:100162011:1","4700","경상북도","620260603","구·시·군의회의원선거","6","영주시다선거구","100162011","김병창","무소속","1","선거공보","official_structured_record_no_public_file","reviewed_no_recoverable_official_document","official_sources_only"
"620260603-4700-영주시다선거구-100163563-1-선거공보","candidate-doc:100163563:1","4700","경상북도","620260603","구·시·군의회의원선거","6","영주시다선거구","100163563","이대경","무소속","1","선거공보","official_structured_record_no_public_file","reviewed_no_recoverable_official_document","official_sources_only"
"620260603-4700-영주시마선거구-100160462-1-선거공보","candidate-doc:100160462:1","4700","경상북도","620260603","구·시·군의회의원선거","6","영주시마선거구","100160462","전규호","국민의힘","1","선거공보","official_structured_record_no_public_file","reviewed_no_recoverable_official_document","official_sources_only"
"620260603-4700-영주시마선거구-100165423-1-선거공보","candidate-doc:100165423:1","4700","경상북도","620260603","구·시·군의회의원선거","6","영주시마선거구","100165423","최홍식","무소속","1","선거공보","official_structured_record_no_public_file","reviewed_no_recoverable_official_document","official_sources_only"
"620260603-4700-영주시바선거구-100155723-1-선거공보","candidate-doc:100155723:1","4700","경상북도","620260603","구·시·군의회의원선거","6","영주시바선거구","100155723","양기택","국민의힘","1","선거공보","official_structured_record_no_public_file","reviewed_no_recoverable_official_document","official_sources_only"
"620260603-4700-영주시바선거구-100157104-1-선거공보","candidate-doc:100157104:1","4700","경상북도","620260603","구·시·군의회의원선거","6","영주시바선거구","100157104","전풍림","국민의힘","1","선거공보","official_structured_record_no_public_file","reviewed_no_recoverable_official_document","official_sources_only"
"620260603-4700-영주시바선거구-100158611-1-선거공보","candidate-doc:100158611:1","4700","경상북도","620260603","구·시·군의회의원선거","6","영주시바선거구","100158611","김주영","무소속","1","선거공보","official_structured_record_no_public_file","reviewed_no_recoverable_official_document","official_sources_only"
"620260603-4700-경산시다선거구-100157254-1-선거공보","candidate-doc:100157254:1","4700","경상북도","620260603","구·시·군의회의원선거","6","경산시다선거구","100157254","강수명","무소속","1","선거공보","official_structured_record_no_public_file","reviewed_no_recoverable_official_document","official_sources_only"
"620260603-4700-청도군가선거구-100159946-1-선거공보","candidate-doc:100159946:1","4700","경상북도","620260603","구·시·군의회의원선거","6","청도군가선거구","100159946","이경동","무소속","1","선거공보","official_structured_record_no_public_file","reviewed_no_recoverable_official_document","official_sources_only"
"620260603-4700-청도군가선거구-100160323-1-선거공보","candidate-doc:100160323:1","4700","경상북도","620260603","구·시·군의회의원선거","6","청도군가선거구","100160323","정두교","무소속","1","선거공보","official_structured_record_no_public_file","reviewed_no_recoverable_official_document","official_sources_only"
"620260603-4700-고령군다선거구-100158602-1-선거공보","candidate-doc:100158602:1","4700","경상북도","620260603","구·시·군의회의원선거","6","고령군다선거구","100158602","김광호","국민의힘","1","선거공보","official_structured_record_no_public_file","reviewed_no_recoverable_official_document","official_sources_only"
"620260603-4700-고령군다선거구-100158986-1-선거공보","candidate-doc:100158986:1","4700","경상북도","620260603","구·시·군의회의원선거","6","고령군다선거구","100158986","이철호","국민의힘","1","선거공보","official_structured_record_no_public_file","reviewed_no_recoverable_official_document","official_sources_only"
"620260603-4700-칠곡군나선거구-100159793-1-선거공보","candidate-doc:100159793:1","4700","경상북도","620260603","구·시·군의회의원선거","6","칠곡군나선거구","100159793","이진구","국민의힘","1","선거공보","official_structured_record_no_public_file","reviewed_no_recoverable_official_document","official_sources_only"
"620260603-4700-칠곡군나선거구-100162465-1-선거공보","candidate-doc:100162465:1","4700","경상북도","620260603","구·시·군의회의원선거","6","칠곡군나선거구","100162465","이상승","국민의힘","1","선거공보","official_structured_record_no_public_file","reviewed_no_recoverable_official_document","official_sources_only"
"620260603-4700-봉화군나선거구-100160206-1-선거공보","candidate-doc:100160206:1","4700","경상북도","620260603","구·시·군의회의원선거","6","봉화군나선거구","100160206","이양재","국민의힘","1","선거공보","official_structured_record_no_public_file","reviewed_no_recoverable_official_document","official_sources_only"
"620260603-4700-봉화군나선거구-100163505-1-선거공보","candidate-doc:100163505:1","4700","경상북도","620260603","구·시·군의회의원선거","6","봉화군나선거구","100163505","금동윤","국민의힘","1","선거공보","official_structured_record_no_public_file","reviewed_no_recoverable_official_document","official_sources_only"
"620260603-4800-창원시사선거구-100165350-1-선거공보","candidate-doc:100165350:1","4800","경상남도","620260603","구·시·군의회의원선거","6","창원시사선거구","100165350","백승규","더불어민주당","1","선거공보","official_structured_record_no_public_file","reviewed_no_recoverable_official_document","official_sources_only"
"620260603-4800-창원시사선거구-100156371-1-선거공보","candidate-doc:100156371:1","4800","경상남도","620260603","구·시·군의회의원선거","6","창원시사선거구","100156371","박강우","국민의힘","1","선거공보","official_structured_record_no_public_file","reviewed_no_recoverable_official_document","official_sources_only"
"620260603-4800-창원시타선거구-100154298-1-선거공보","candidate-doc:100154298:1","4800","경상남도","620260603","구·시·군의회의원선거","6","창원시타선거구","100154298","서명일","더불어민주당","1","선거공보","official_structured_record_no_public_file","reviewed_no_recoverable_official_document","official_sources_only"
"620260603-4800-창원시타선거구-100162967-1-선거공보","candidate-doc:100162967:1","4800","경상남도","620260603","구·시·군의회의원선거","6","창원시타선거구","100162967","황점복","국민의힘","1","선거공보","official_structured_record_no_public_file","reviewed_no_recoverable_official_document","official_sources_only"
"620260603-4800-김해시나선거구-100157958-1-선거공보","candidate-doc:100157958:1","4800","경상남도","620260603","구·시·군의회의원선거","6","김해시나선거구","100157958","이철훈","국민의힘","1","선거공보","official_structured_record_no_public_file","reviewed_no_recoverable_official_document","official_sources_only"
"620260603-4800-김해시다선거구-100158780-1-선거공보","candidate-doc:100158780:1","4800","경상남도","620260603","구·시·군의회의원선거","6","김해시다선거구","100158780","조종현","더불어민주당","1","선거공보","official_structured_record_no_public_file","reviewed_no_recoverable_official_document","official_sources_only"
"620260603-4800-김해시라선거구-100159269-1-선거공보","candidate-doc:100159269:1","4800","경상남도","620260603","구·시·군의회의원선거","6","김해시라선거구","100159269","정준호","더불어민주당","1","선거공보","official_structured_record_no_public_file","reviewed_no_recoverable_official_document","official_sources_only"
"620260603-4800-김해시마선거구-100157957-1-선거공보","candidate-doc:100157957:1","4800","경상남도","620260603","구·시·군의회의원선거","6","김해시마선거구","100157957","허윤옥","국민의힘","1","선거공보","official_structured_record_no_public_file","reviewed_no_recoverable_official_document","official_sources_only"
"620260603-4800-김해시마선거구-100157781-1-선거공보","candidate-doc:100157781:1","4800","경상남도","620260603","구·시·군의회의원선거","6","김해시마선거구","100157781","김주섭","국민의힘","1","선거공보","official_structured_record_no_public_file","reviewed_no_recoverable_official_document","official_sources_only"
"620260603-4800-김해시사선거구-100158268-1-선거공보","candidate-doc:100158268:1","4800","경상남도","620260603","구·시·군의회의원선거","6","김해시사선거구","100158268","김영서","국민의힘","1","선거공보","official_structured_record_no_public_file","reviewed_no_recoverable_official_document","official_sources_only"
"620260603-4800-김해시아선거구-100160525-1-선거공보","candidate-doc:100160525:1","4800","경상남도","620260603","구·시·군의회의원선거","6","김해시아선거구","100160525","강민수","국민의힘","1","선거공보","official_structured_record_no_public_file","reviewed_no_recoverable_official_document","official_sources_only"
"620260603-4800-양산시나선거구-100156184-1-선거공보","candidate-doc:100156184:1","4800","경상남도","620260603","구·시·군의회의원선거","6","양산시나선거구","100156184","임정섭","더불어민주당","1","선거공보","official_structured_record_no_public_file","reviewed_no_recoverable_official_document","official_sources_only"
"620260603-4800-양산시마선거구-100162298-1-선거공보","candidate-doc:100162298:1","4800","경상남도","620260603","구·시·군의회의원선거","6","양산시마선거구","100162298","박선주","더불어민주당","1","선거공보","official_structured_record_no_public_file","reviewed_no_recoverable_official_document","official_sources_only"
"620260603-4800-양산시마선거구-100162445-1-선거공보","candidate-doc:100162445:1","4800","경상남도","620260603","구·시·군의회의원선거","6","양산시마선거구","100162445","정숙남","국민의힘","1","선거공보","official_structured_record_no_public_file","reviewed_no_recoverable_official_document","official_sources_only"
"620260603-4800-양산시아선거구-100161502-1-선거공보","candidate-doc:100161502:1","4800","경상남도","620260603","구·시·군의회의원선거","6","양산시아선거구","100161502","최복춘","국민의힘","1","선거공보","official_structured_record_no_public_file","reviewed_no_recoverable_official_document","official_sources_only"
"620260603-4800-의령군다선거구-100162764-1-선거공보","candidate-doc:100162764:1","4800","경상남도","620260603","구·시·군의회의원선거","6","의령군다선거구","100162764","황성철","국민의힘","1","선거공보","official_structured_record_no_public_file","reviewed_no_recoverable_official_document","official_sources_only"
"620260603-4800-의령군다선거구-100162893-1-선거공보","candidate-doc:100162893:1","4800","경상남도","620260603","구·시·군의회의원선거","6","의령군다선거구","100162893","윤병열","국민의힘","1","선거공보","official_structured_record_no_public_file","reviewed_no_recoverable_official_document","official_sources_only"
"620260603-4800-함양군가선거구-100159640-1-선거공보","candidate-doc:100159640:1","4800","경상남도","620260603","구·시·군의회의원선거","6","함양군가선거구","100159640","하경수","국민의힘","1","선거공보","official_structured_record_no_public_file","reviewed_no_recoverable_official_document","official_sources_only"
"620260603-4800-함양군가선거구-100162949-1-선거공보","candidate-doc:100162949:1","4800","경상남도","620260603","구·시·군의회의원선거","6","함양군가선거구","100162949","임채숙","무소속","1","선거공보","official_structured_record_no_public_file","reviewed_no_recoverable_official_document","official_sources_only"
"620260603-4800-함양군가선거구-100160480-1-선거공보","candidate-doc:100160480:1","4800","경상남도","620260603","구·시·군의회의원선거","6","함양군가선거구","100160480","박만호","무소속","1","선거공보","official_structured_record_no_public_file","reviewed_no_recoverable_official_document","official_sources_only"
"620260603-4800-함양군다선거구-100160680-1-선거공보","candidate-doc:100160680:1","4800","경상남도","620260603","구·시·군의회의원선거","6","함양군다선거구","100160680","강신택","국민의힘","1","선거공보","official_structured_record_no_public_file","reviewed_no_recoverable_official_document","official_sources_only"
"620260603-4800-함양군다선거구-100162729-1-선거공보","candidate-doc:100162729:1","4800","경상남도","620260603","구·시·군의회의원선거","6","함양군다선거구","100162729","양인호","무소속","1","선거공보","official_structured_record_no_public_file","reviewed_no_recoverable_official_document","official_sources_only"
"820260603-2600-부산광역시-개혁신당-1-0","party-doc:820260603:부산광역시:개혁신당:1","2600","부산광역시","820260603","광역의원비례대표선거","8","부산광역시","","","개혁신당","1","비례대표 정당 제출자료","official_structured_record_no_public_file","reviewed_no_recoverable_official_document","official_sources_only"
"820260603-2700-대구광역시-개혁신당-1-0","party-doc:820260603:대구광역시:개혁신당:1","2700","대구광역시","820260603","광역의원비례대표선거","8","대구광역시","","","개혁신당","1","비례대표 정당 제출자료","official_structured_record_no_public_file","reviewed_no_recoverable_official_document","official_sources_only"
"820260603-5300-전북특별자치도-진보당-1-0","party-doc:820260603:전북특별자치도:진보당:1","5300","전북특별자치도","820260603","광역의원비례대표선거","8","전북특별자치도","","","진보당","1","비례대표 정당 제출자료","official_structured_record_no_public_file","reviewed_no_recoverable_official_document","official_sources_only"
"820260603-1100-서울특별시-사회민주당-1-0","party-doc:820260603:서울특별시:사회민주당:1","1100","서울특별시","820260603","광역의원비례대표선거","8","서울특별시","","","사회민주당","1","비례대표 정당 제출자료","official_structured_record_no_public_file","reviewed_no_recoverable_official_document","official_sources_only"
"820260603-2800-인천광역시-사회민주당-1-0","party-doc:820260603:인천광역시:사회민주당:1","2800","인천광역시","820260603","광역의원비례대표선거","8","인천광역시","","","사회민주당","1","비례대표 정당 제출자료","official_structured_record_no_public_file","reviewed_no_recoverable_official_document","official_sources_only"
"820260603-4100-경기도-사회민주당-1-0","party-doc:820260603:경기도:사회민주당:1","4100","경기도","820260603","광역의원비례대표선거","8","경기도","","","사회민주당","1","비례대표 정당 제출자료","official_structured_record_no_public_file","reviewed_no_recoverable_official_document","official_sources_only"
"820260603-2600-부산광역시-사회민주당-1-0","party-doc:820260603:부산광역시:사회민주당:1","2600","부산광역시","820260603","광역의원비례대표선거","8","부산광역시","","","사회민주당","1","비례대표 정당 제출자료","official_structured_record_no_public_file","reviewed_no_recoverable_official_document","official_sources_only"
"820260603-4100-경기도-새미래민주당-1-0","party-doc:820260603:경기도:새미래민주당:1","4100","경기도","820260603","광역의원비례대표선거","8","경기도","","","새미래민주당","1","비례대표 정당 제출자료","official_structured_record_no_public_file","reviewed_no_recoverable_official_document","official_sources_only"
"820260603-2700-대구광역시-자유와혁신-1-0","party-doc:820260603:대구광역시:자유와혁신:1","2700","대구광역시","820260603","광역의원비례대표선거","8","대구광역시","","","자유와혁신","1","비례대표 정당 제출자료","official_structured_record_no_public_file","reviewed_no_recoverable_official_document","official_sources_only"
"820260603-5300-전북특별자치도-자유와혁신-1-0","party-doc:820260603:전북특별자치도:자유와혁신:1","5300","전북특별자치도","820260603","광역의원비례대표선거","8","전북특별자치도","","","자유와혁신","1","비례대표 정당 제출자료","official_structured_record_no_public_file","reviewed_no_recoverable_official_document","official_sources_only"
"820260603-2900-전남광주통합특별시-자유와혁신-1-0","party-doc:820260603:전남광주통합특별시:자유와혁신:1","2900","전남광주통합특별시","820260603","광역의원비례대표선거","8","전남광주통합특별시","","","자유와혁신","1","비례대표 정당 제출자료","official_structured_record_no_public_file","reviewed_no_recoverable_official_document","official_sources_only"
"820260603-1100-서울특별시-자유와혁신-1-0","party-doc:820260603:서울특별시:자유와혁신:1","1100","서울특별시","820260603","광역의원비례대표선거","8","서울특별시","","","자유와혁신","1","비례대표 정당 제출자료","official_structured_record_no_public_file","reviewed_no_recoverable_official_document","official_sources_only"
"820260603-4100-경기도-자유와혁신-1-0","party-doc:820260603:경기도:자유와혁신:1","4100","경기도","820260603","광역의원비례대표선거","8","경기도","","","자유와혁신","1","비례대표 정당 제출자료","official_structured_record_no_public_file","reviewed_no_recoverable_official_document","official_sources_only"
"820260603-2800-인천광역시-자유와혁신-1-0","party-doc:820260603:인천광역시:자유와혁신:1","2800","인천광역시","820260603","광역의원비례대표선거","8","인천광역시","","","자유와혁신","1","비례대표 정당 제출자료","official_structured_record_no_public_file","reviewed_no_recoverable_official_document","official_sources_only"
"820260603-2600-부산광역시-자유와혁신-1-0","party-doc:820260603:부산광역시:자유와혁신:1","2600","부산광역시","820260603","광역의원비례대표선거","8","부산광역시","","","자유와혁신","1","비례대표 정당 제출자료","official_structured_record_no_public_file","reviewed_no_recoverable_official_document","official_sources_only"
"820260603-1100-서울특별시-자유통일당-1-0","party-doc:820260603:서울특별시:자유통일당:1","1100","서울특별시","820260603","광역의원비례대표선거","8","서울특별시","","","자유통일당","1","비례대표 정당 제출자료","official_structured_record_no_public_file","reviewed_no_recoverable_official_document","official_sources_only"
"920260603-1100-동작구-더불어민주당-1-0","party-doc:920260603:동작구:더불어민주당:1","1100","서울특별시","920260603","기초의원비례대표선거","9","동작구","","","더불어민주당","1","비례대표 정당 제출자료","official_structured_record_no_public_file","reviewed_no_recoverable_official_document","official_sources_only"
"920260603-1100-도봉구-더불어민주당-1-0","party-doc:920260603:도봉구:더불어민주당:1","1100","서울특별시","920260603","기초의원비례대표선거","9","도봉구","","","더불어민주당","1","비례대표 정당 제출자료","official_structured_record_no_public_file","reviewed_no_recoverable_official_document","official_sources_only"
"920260603-1100-노원구-더불어민주당-1-0","party-doc:920260603:노원구:더불어민주당:1","1100","서울특별시","920260603","기초의원비례대표선거","9","노원구","","","더불어민주당","1","비례대표 정당 제출자료","official_structured_record_no_public_file","reviewed_no_recoverable_official_document","official_sources_only"
"920260603-1100-구로구-더불어민주당-1-0","party-doc:920260603:구로구:더불어민주당:1","1100","서울특별시","920260603","기초의원비례대표선거","9","구로구","","","더불어민주당","1","비례대표 정당 제출자료","official_structured_record_no_public_file","reviewed_no_recoverable_official_document","official_sources_only"
"920260603-1100-성북구-더불어민주당-1-0","party-doc:920260603:성북구:더불어민주당:1","1100","서울특별시","920260603","기초의원비례대표선거","9","성북구","","","더불어민주당","1","비례대표 정당 제출자료","official_structured_record_no_public_file","reviewed_no_recoverable_official_document","official_sources_only"
"920260603-1100-서대문구-더불어민주당-1-0","party-doc:920260603:서대문구:더불어민주당:1","1100","서울특별시","920260603","기초의원비례대표선거","9","서대문구","","","더불어민주당","1","비례대표 정당 제출자료","official_structured_record_no_public_file","reviewed_no_recoverable_official_document","official_sources_only"
"920260603-1100-구로구-국민의힘-1-0","party-doc:920260603:구로구:국민의힘:1","1100","서울특별시","920260603","기초의원비례대표선거","9","구로구","","","국민의힘","1","비례대표 정당 제출자료","official_structured_record_no_public_file","reviewed_no_recoverable_official_document","official_sources_only"
"920260603-1100-성북구-국민의힘-1-0","party-doc:920260603:성북구:국민의힘:1","1100","서울특별시","920260603","기초의원비례대표선거","9","성북구","","","국민의힘","1","비례대표 정당 제출자료","official_structured_record_no_public_file","reviewed_no_recoverable_official_document","official_sources_only"
"920260603-1100-도봉구-국민의힘-1-0","party-doc:920260603:도봉구:국민의힘:1","1100","서울특별시","920260603","기초의원비례대표선거","9","도봉구","","","국민의힘","1","비례대표 정당 제출자료","official_structured_record_no_public_file","reviewed_no_recoverable_official_document","official_sources_only"
"920260603-1100-노원구-국민의힘-1-0","party-doc:920260603:노원구:국민의힘:1","1100","서울특별시","920260603","기초의원비례대표선거","9","노원구","","","국민의힘","1","비례대표 정당 제출자료","official_structured_record_no_public_file","reviewed_no_recoverable_official_document","official_sources_only"
"920260603-1100-서대문구-국민의힘-1-0","party-doc:920260603:서대문구:국민의힘:1","1100","서울특별시","920260603","기초의원비례대표선거","9","서대문구","","","국민의힘","1","비례대표 정당 제출자료","official_structured_record_no_public_file","reviewed_no_recoverable_official_document","official_sources_only"
"920260603-1100-동작구-개혁신당-1-0","party-doc:920260603:동작구:개혁신당:1","1100","서울특별시","920260603","기초의원비례대표선거","9","동작구","","","개혁신당","1","비례대표 정당 제출자료","official_structured_record_no_public_file","reviewed_no_recoverable_official_document","official_sources_only"
"920260603-1100-송파구-진보당-1-0","party-doc:920260603:송파구:진보당:1","1100","서울특별시","920260603","기초의원비례대표선거","9","송파구","","","진보당","1","비례대표 정당 제출자료","official_structured_record_no_public_file","reviewed_no_recoverable_official_document","official_sources_only"
"920260603-1100-동대문구-진보당-1-0","party-doc:920260603:동대문구:진보당:1","1100","서울특별시","920260603","기초의원비례대표선거","9","동대문구","","","진보당","1","비례대표 정당 제출자료","official_structured_record_no_public_file","reviewed_no_recoverable_official_document","official_sources_only"
"920260603-1100-관악구-정의당-1-0","party-doc:920260603:관악구:정의당:1","1100","서울특별시","920260603","기초의원비례대표선거","9","관악구","","","정의당","1","비례대표 정당 제출자료","official_structured_record_no_public_file","reviewed_no_recoverable_official_document","official_sources_only"
"920260603-2600-금정구-더불어민주당-1-0","party-doc:920260603:금정구:더불어민주당:1","2600","부산광역시","920260603","기초의원비례대표선거","9","금정구","","","더불어민주당","1","비례대표 정당 제출자료","official_structured_record_no_public_file","reviewed_no_recoverable_official_document","official_sources_only"
"920260603-2600-남구-더불어민주당-1-0","party-doc:920260603:남구:더불어민주당:1","2600","부산광역시","920260603","기초의원비례대표선거","9","남구","","","더불어민주당","1","비례대표 정당 제출자료","official_structured_record_no_public_file","reviewed_no_recoverable_official_document","official_sources_only"
"920260603-2600-해운대구-더불어민주당-1-0","party-doc:920260603:해운대구:더불어민주당:1","2600","부산광역시","920260603","기초의원비례대표선거","9","해운대구","","","더불어민주당","1","비례대표 정당 제출자료","official_structured_record_no_public_file","reviewed_no_recoverable_official_document","official_sources_only"
"920260603-2600-동래구-더불어민주당-1-0","party-doc:920260603:동래구:더불어민주당:1","2600","부산광역시","920260603","기초의원비례대표선거","9","동래구","","","더불어민주당","1","비례대표 정당 제출자료","official_structured_record_no_public_file","reviewed_no_recoverable_official_document","official_sources_only"
"920260603-2600-연제구-더불어민주당-1-0","party-doc:920260603:연제구:더불어민주당:1","2600","부산광역시","920260603","기초의원비례대표선거","9","연제구","","","더불어민주당","1","비례대표 정당 제출자료","official_structured_record_no_public_file","reviewed_no_recoverable_official_document","official_sources_only"
"920260603-2600-북구-더불어민주당-1-0","party-doc:920260603:북구:더불어민주당:1","2600","부산광역시","920260603","기초의원비례대표선거","9","북구","","","더불어민주당","1","비례대표 정당 제출자료","official_structured_record_no_public_file","reviewed_no_recoverable_official_document","official_sources_only"
"920260603-2600-연제구-국민의힘-1-0","party-doc:920260603:연제구:국민의힘:1","2600","부산광역시","920260603","기초의원비례대표선거","9","연제구","","","국민의힘","1","비례대표 정당 제출자료","official_structured_record_no_public_file","reviewed_no_recoverable_official_document","official_sources_only"
"920260603-2600-동래구-국민의힘-1-0","party-doc:920260603:동래구:국민의힘:1","2600","부산광역시","920260603","기초의원비례대표선거","9","동래구","","","국민의힘","1","비례대표 정당 제출자료","official_structured_record_no_public_file","reviewed_no_recoverable_official_document","official_sources_only"
"920260603-2600-해운대구-국민의힘-1-0","party-doc:920260603:해운대구:국민의힘:1","2600","부산광역시","920260603","기초의원비례대표선거","9","해운대구","","","국민의힘","1","비례대표 정당 제출자료","official_structured_record_no_public_file","reviewed_no_recoverable_official_document","official_sources_only"
"920260603-2600-남구-국민의힘-1-0","party-doc:920260603:남구:국민의힘:1","2600","부산광역시","920260603","기초의원비례대표선거","9","남구","","","국민의힘","1","비례대표 정당 제출자료","official_structured_record_no_public_file","reviewed_no_recoverable_official_document","official_sources_only"
"920260603-2600-금정구-국민의힘-1-0","party-doc:920260603:금정구:국민의힘:1","2600","부산광역시","920260603","기초의원비례대표선거","9","금정구","","","국민의힘","1","비례대표 정당 제출자료","official_structured_record_no_public_file","reviewed_no_recoverable_official_document","official_sources_only"
"920260603-2600-북구-국민의힘-1-0","party-doc:920260603:북구:국민의힘:1","2600","부산광역시","920260603","기초의원비례대표선거","9","북구","","","국민의힘","1","비례대표 정당 제출자료","official_structured_record_no_public_file","reviewed_no_recoverable_official_document","official_sources_only"
"920260603-2600-서구-국민의힘-1-0","party-doc:920260603:서구:국민의힘:1","2600","부산광역시","920260603","기초의원비례대표선거","9","서구","","","국민의힘","1","비례대표 정당 제출자료","official_structured_record_no_public_file","reviewed_no_recoverable_official_document","official_sources_only"
"920260603-2600-수영구-국민의힘-1-0","party-doc:920260603:수영구:국민의힘:1","2600","부산광역시","920260603","기초의원비례대표선거","9","수영구","","","국민의힘","1","비례대표 정당 제출자료","official_structured_record_no_public_file","reviewed_no_recoverable_official_document","official_sources_only"
"920260603-2700-북구-더불어민주당-1-0","party-doc:920260603:북구:더불어민주당:1","2700","대구광역시","920260603","기초의원비례대표선거","9","북구","","","더불어민주당","1","비례대표 정당 제출자료","official_structured_record_no_public_file","reviewed_no_recoverable_official_document","official_sources_only"
"920260603-2700-달성군-더불어민주당-1-0","party-doc:920260603:달성군:더불어민주당:1","2700","대구광역시","920260603","기초의원비례대표선거","9","달성군","","","더불어민주당","1","비례대표 정당 제출자료","official_structured_record_no_public_file","reviewed_no_recoverable_official_document","official_sources_only"
"920260603-2700-달서구-더불어민주당-1-0","party-doc:920260603:달서구:더불어민주당:1","2700","대구광역시","920260603","기초의원비례대표선거","9","달서구","","","더불어민주당","1","비례대표 정당 제출자료","official_structured_record_no_public_file","reviewed_no_recoverable_official_document","official_sources_only"
"920260603-2700-달성군-국민의힘-1-0","party-doc:920260603:달성군:국민의힘:1","2700","대구광역시","920260603","기초의원비례대표선거","9","달성군","","","국민의힘","1","비례대표 정당 제출자료","official_structured_record_no_public_file","reviewed_no_recoverable_official_document","official_sources_only"
"920260603-2700-수성구-국민의힘-1-0","party-doc:920260603:수성구:국민의힘:1","2700","대구광역시","920260603","기초의원비례대표선거","9","수성구","","","국민의힘","1","비례대표 정당 제출자료","official_structured_record_no_public_file","reviewed_no_recoverable_official_document","official_sources_only"
"920260603-2700-달서구-국민의힘-1-0","party-doc:920260603:달서구:국민의힘:1","2700","대구광역시","920260603","기초의원비례대표선거","9","달서구","","","국민의힘","1","비례대표 정당 제출자료","official_structured_record_no_public_file","reviewed_no_recoverable_official_document","official_sources_only"
"920260603-2700-남구-국민의힘-1-0","party-doc:920260603:남구:국민의힘:1","2700","대구광역시","920260603","기초의원비례대표선거","9","남구","","","국민의힘","1","비례대표 정당 제출자료","official_structured_record_no_public_file","reviewed_no_recoverable_official_document","official_sources_only"
"920260603-2700-서구-국민의힘-1-0","party-doc:920260603:서구:국민의힘:1","2700","대구광역시","920260603","기초의원비례대표선거","9","서구","","","국민의힘","1","비례대표 정당 제출자료","official_structured_record_no_public_file","reviewed_no_recoverable_official_document","official_sources_only"
"920260603-2700-동구-국민의힘-1-0","party-doc:920260603:동구:국민의힘:1","2700","대구광역시","920260603","기초의원비례대표선거","9","동구","","","국민의힘","1","비례대표 정당 제출자료","official_structured_record_no_public_file","reviewed_no_recoverable_official_document","official_sources_only"
"920260603-2700-군위군-국민의힘-1-0","party-doc:920260603:군위군:국민의힘:1","2700","대구광역시","920260603","기초의원비례대표선거","9","군위군","","","국민의힘","1","비례대표 정당 제출자료","official_structured_record_no_public_file","reviewed_no_recoverable_official_document","official_sources_only"
"920260603-2700-중구-국민의힘-1-0","party-doc:920260603:중구:국민의힘:1","2700","대구광역시","920260603","기초의원비례대표선거","9","중구","","","국민의힘","1","비례대표 정당 제출자료","official_structured_record_no_public_file","reviewed_no_recoverable_official_document","official_sources_only"
"920260603-2700-북구-국민의힘-1-0","party-doc:920260603:북구:국민의힘:1","2700","대구광역시","920260603","기초의원비례대표선거","9","북구","","","국민의힘","1","비례대표 정당 제출자료","official_structured_record_no_public_file","reviewed_no_recoverable_official_document","official_sources_only"
"920260603-2700-수성구-개혁신당-1-0","party-doc:920260603:수성구:개혁신당:1","2700","대구광역시","920260603","기초의원비례대표선거","9","수성구","","","개혁신당","1","비례대표 정당 제출자료","official_structured_record_no_public_file","reviewed_no_recoverable_official_document","official_sources_only"
"920260603-2800-남동구-더불어민주당-1-0","party-doc:920260603:남동구:더불어민주당:1","2800","인천광역시","920260603","기초의원비례대표선거","9","남동구","","","더불어민주당","1","비례대표 정당 제출자료","official_structured_record_no_public_file","reviewed_no_recoverable_official_document","official_sources_only"
"920260603-2800-연수구-더불어민주당-1-0","party-doc:920260603:연수구:더불어민주당:1","2800","인천광역시","920260603","기초의원비례대표선거","9","연수구","","","더불어민주당","1","비례대표 정당 제출자료","official_structured_record_no_public_file","reviewed_no_recoverable_official_document","official_sources_only"
"920260603-2800-서구-더불어민주당-1-0","party-doc:920260603:서구:더불어민주당:1","2800","인천광역시","920260603","기초의원비례대표선거","9","서구","","","더불어민주당","1","비례대표 정당 제출자료","official_structured_record_no_public_file","reviewed_no_recoverable_official_document","official_sources_only"
"920260603-2800-검단구-더불어민주당-1-0","party-doc:920260603:검단구:더불어민주당:1","2800","인천광역시","920260603","기초의원비례대표선거","9","검단구","","","더불어민주당","1","비례대표 정당 제출자료","official_structured_record_no_public_file","reviewed_no_recoverable_official_document","official_sources_only"
"920260603-2800-미추홀구-더불어민주당-1-0","party-doc:920260603:미추홀구:더불어민주당:1","2800","인천광역시","920260603","기초의원비례대표선거","9","미추홀구","","","더불어민주당","1","비례대표 정당 제출자료","official_structured_record_no_public_file","reviewed_no_recoverable_official_document","official_sources_only"
"920260603-2800-연수구-국민의힘-1-0","party-doc:920260603:연수구:국민의힘:1","2800","인천광역시","920260603","기초의원비례대표선거","9","연수구","","","국민의힘","1","비례대표 정당 제출자료","official_structured_record_no_public_file","reviewed_no_recoverable_official_document","official_sources_only"
"920260603-2800-미추홀구-국민의힘-1-0","party-doc:920260603:미추홀구:국민의힘:1","2800","인천광역시","920260603","기초의원비례대표선거","9","미추홀구","","","국민의힘","1","비례대표 정당 제출자료","official_structured_record_no_public_file","reviewed_no_recoverable_official_document","official_sources_only"
"920260603-2800-서구-국민의힘-1-0","party-doc:920260603:서구:국민의힘:1","2800","인천광역시","920260603","기초의원비례대표선거","9","서구","","","국민의힘","1","비례대표 정당 제출자료","official_structured_record_no_public_file","reviewed_no_recoverable_official_document","official_sources_only"
"920260603-2800-남동구-국민의힘-1-0","party-doc:920260603:남동구:국민의힘:1","2800","인천광역시","920260603","기초의원비례대표선거","9","남동구","","","국민의힘","1","비례대표 정당 제출자료","official_structured_record_no_public_file","reviewed_no_recoverable_official_document","official_sources_only"
"920260603-2900-동구-더불어민주당-1-0","party-doc:920260603:동구:더불어민주당:1","2900","광주광역시","920260603","기초의원비례대표선거","9","동구","","","더불어민주당","1","비례대표 정당 제출자료","official_structured_record_no_public_file","reviewed_no_recoverable_official_document","official_sources_only"
"920260603-4100-용인시-더불어민주당-1-0","party-doc:920260603:용인시:더불어민주당:1","4100","경기도","920260603","기초의원비례대표선거","9","용인시","","","더불어민주당","1","비례대표 정당 제출자료","official_structured_record_no_public_file","reviewed_no_recoverable_official_document","official_sources_only"
"920260603-4100-광명시-더불어민주당-1-0","party-doc:920260603:광명시:더불어민주당:1","4100","경기도","920260603","기초의원비례대표선거","9","광명시","","","더불어민주당","1","비례대표 정당 제출자료","official_structured_record_no_public_file","reviewed_no_recoverable_official_document","official_sources_only"
"920260603-4100-부천시-더불어민주당-1-0","party-doc:920260603:부천시:더불어민주당:1","4100","경기도","920260603","기초의원비례대표선거","9","부천시","","","더불어민주당","1","비례대표 정당 제출자료","official_structured_record_no_public_file","reviewed_no_recoverable_official_document","official_sources_only"
"920260603-4100-광주시-더불어민주당-1-0","party-doc:920260603:광주시:더불어민주당:1","4100","경기도","920260603","기초의원비례대표선거","9","광주시","","","더불어민주당","1","비례대표 정당 제출자료","official_structured_record_no_public_file","reviewed_no_recoverable_official_document","official_sources_only"
"920260603-4100-고양시-더불어민주당-1-0","party-doc:920260603:고양시:더불어민주당:1","4100","경기도","920260603","기초의원비례대표선거","9","고양시","","","더불어민주당","1","비례대표 정당 제출자료","official_structured_record_no_public_file","reviewed_no_recoverable_official_document","official_sources_only"
"920260603-4100-의정부시-더불어민주당-1-0","party-doc:920260603:의정부시:더불어민주당:1","4100","경기도","920260603","기초의원비례대표선거","9","의정부시","","","더불어민주당","1","비례대표 정당 제출자료","official_structured_record_no_public_file","reviewed_no_recoverable_official_document","official_sources_only"
"920260603-4100-고양시-국민의힘-1-0","party-doc:920260603:고양시:국민의힘:1","4100","경기도","920260603","기초의원비례대표선거","9","고양시","","","국민의힘","1","비례대표 정당 제출자료","official_structured_record_no_public_file","reviewed_no_recoverable_official_document","official_sources_only"
"920260603-4100-가평군-국민의힘-1-0","party-doc:920260603:가평군:국민의힘:1","4100","경기도","920260603","기초의원비례대표선거","9","가평군","","","국민의힘","1","비례대표 정당 제출자료","official_structured_record_no_public_file","reviewed_no_recoverable_official_document","official_sources_only"
"920260603-4100-군포시-국민의힘-1-0","party-doc:920260603:군포시:국민의힘:1","4100","경기도","920260603","기초의원비례대표선거","9","군포시","","","국민의힘","1","비례대표 정당 제출자료","official_structured_record_no_public_file","reviewed_no_recoverable_official_document","official_sources_only"
"920260603-4100-부천시-국민의힘-1-0","party-doc:920260603:부천시:국민의힘:1","4100","경기도","920260603","기초의원비례대표선거","9","부천시","","","국민의힘","1","비례대표 정당 제출자료","official_structured_record_no_public_file","reviewed_no_recoverable_official_document","official_sources_only"
"920260603-4100-광명시-국민의힘-1-0","party-doc:920260603:광명시:국민의힘:1","4100","경기도","920260603","기초의원비례대표선거","9","광명시","","","국민의힘","1","비례대표 정당 제출자료","official_structured_record_no_public_file","reviewed_no_recoverable_official_document","official_sources_only"
"920260603-4100-의정부시-국민의힘-1-0","party-doc:920260603:의정부시:국민의힘:1","4100","경기도","920260603","기초의원비례대표선거","9","의정부시","","","국민의힘","1","비례대표 정당 제출자료","official_structured_record_no_public_file","reviewed_no_recoverable_official_document","official_sources_only"
"920260603-4100-광주시-국민의힘-1-0","party-doc:920260603:광주시:국민의힘:1","4100","경기도","920260603","기초의원비례대표선거","9","광주시","","","국민의힘","1","비례대표 정당 제출자료","official_structured_record_no_public_file","reviewed_no_recoverable_official_document","official_sources_only"
"920260603-4100-용인시-국민의힘-1-0","party-doc:920260603:용인시:국민의힘:1","4100","경기도","920260603","기초의원비례대표선거","9","용인시","","","국민의힘","1","비례대표 정당 제출자료","official_structured_record_no_public_file","reviewed_no_recoverable_official_document","official_sources_only"
"920260603-4100-평택시-국민의힘-1-0","party-doc:920260603:평택시:국민의힘:1","4100","경기도","920260603","기초의원비례대표선거","9","평택시","","","국민의힘","1","비례대표 정당 제출자료","official_structured_record_no_public_file","reviewed_no_recoverable_official_document","official_sources_only"
"920260603-4100-고양시-조국혁신당-1-0","party-doc:920260603:고양시:조국혁신당:1","4100","경기도","920260603","기초의원비례대표선거","9","고양시","","","조국혁신당","1","비례대표 정당 제출자료","official_structured_record_no_public_file","reviewed_no_recoverable_official_document","official_sources_only"
"920260603-4100-수원시-개혁신당-1-0","party-doc:920260603:수원시:개혁신당:1","4100","경기도","920260603","기초의원비례대표선거","9","수원시","","","개혁신당","1","비례대표 정당 제출자료","official_structured_record_no_public_file","reviewed_no_recoverable_official_document","official_sources_only"
"920260603-4100-화성시-개혁신당-1-0","party-doc:920260603:화성시:개혁신당:1","4100","경기도","920260603","기초의원비례대표선거","9","화성시","","","개혁신당","1","비례대표 정당 제출자료","official_structured_record_no_public_file","reviewed_no_recoverable_official_document","official_sources_only"
"920260603-4100-김포시-개혁신당-1-0","party-doc:920260603:김포시:개혁신당:1","4100","경기도","920260603","기초의원비례대표선거","9","김포시","","","개혁신당","1","비례대표 정당 제출자료","official_structured_record_no_public_file","reviewed_no_recoverable_official_document","official_sources_only"
"920260603-4100-고양시-진보당-1-0","party-doc:920260603:고양시:진보당:1","4100","경기도","920260603","기초의원비례대표선거","9","고양시","","","진보당","1","비례대표 정당 제출자료","official_structured_record_no_public_file","reviewed_no_recoverable_official_document","official_sources_only"
"920260603-4100-남양주시-진보당-1-0","party-doc:920260603:남양주시:진보당:1","4100","경기도","920260603","기초의원비례대표선거","9","남양주시","","","진보당","1","비례대표 정당 제출자료","official_structured_record_no_public_file","reviewed_no_recoverable_official_document","official_sources_only"
"920260603-4100-포천시-진보당-1-0","party-doc:920260603:포천시:진보당:1","4100","경기도","920260603","기초의원비례대표선거","9","포천시","","","진보당","1","비례대표 정당 제출자료","official_structured_record_no_public_file","reviewed_no_recoverable_official_document","official_sources_only"
"920260603-4100-평택시-진보당-1-0","party-doc:920260603:평택시:진보당:1","4100","경기도","920260603","기초의원비례대표선거","9","평택시","","","진보당","1","비례대표 정당 제출자료","official_structured_record_no_public_file","reviewed_no_recoverable_official_document","official_sources_only"
"920260603-4100-안산시-진보당-1-0","party-doc:920260603:안산시:진보당:1","4100","경기도","920260603","기초의원비례대표선거","9","안산시","","","진보당","1","비례대표 정당 제출자료","official_structured_record_no_public_file","reviewed_no_recoverable_official_document","official_sources_only"
"920260603-4100-성남시-진보당-1-0","party-doc:920260603:성남시:진보당:1","4100","경기도","920260603","기초의원비례대표선거","9","성남시","","","진보당","1","비례대표 정당 제출자료","official_structured_record_no_public_file","reviewed_no_recoverable_official_document","official_sources_only"
"920260603-4100-수원시-진보당-1-0","party-doc:920260603:수원시:진보당:1","4100","경기도","920260603","기초의원비례대표선거","9","수원시","","","진보당","1","비례대표 정당 제출자료","official_structured_record_no_public_file","reviewed_no_recoverable_official_document","official_sources_only"
"920260603-5200-영월군-더불어민주당-1-0","party-doc:920260603:영월군:더불어민주당:1","5200","강원특별자치도","920260603","기초의원비례대표선거","9","영월군","","","더불어민주당","1","비례대표 정당 제출자료","official_structured_record_no_public_file","reviewed_no_recoverable_official_document","official_sources_only"
"920260603-5200-홍천군-더불어민주당-1-0","party-doc:920260603:홍천군:더불어민주당:1","5200","강원특별자치도","920260603","기초의원비례대표선거","9","홍천군","","","더불어민주당","1","비례대표 정당 제출자료","official_structured_record_no_public_file","reviewed_no_recoverable_official_document","official_sources_only"
"920260603-5200-춘천시-더불어민주당-1-0","party-doc:920260603:춘천시:더불어민주당:1","5200","강원특별자치도","920260603","기초의원비례대표선거","9","춘천시","","","더불어민주당","1","비례대표 정당 제출자료","official_structured_record_no_public_file","reviewed_no_recoverable_official_document","official_sources_only"
"920260603-5200-양구군-더불어민주당-1-0","party-doc:920260603:양구군:더불어민주당:1","5200","강원특별자치도","920260603","기초의원비례대표선거","9","양구군","","","더불어민주당","1","비례대표 정당 제출자료","official_structured_record_no_public_file","reviewed_no_recoverable_official_document","official_sources_only"
"920260603-5200-양구군-국민의힘-1-0","party-doc:920260603:양구군:국민의힘:1","5200","강원특별자치도","920260603","기초의원비례대표선거","9","양구군","","","국민의힘","1","비례대표 정당 제출자료","official_structured_record_no_public_file","reviewed_no_recoverable_official_document","official_sources_only"
"920260603-5200-춘천시-국민의힘-1-0","party-doc:920260603:춘천시:국민의힘:1","5200","강원특별자치도","920260603","기초의원비례대표선거","9","춘천시","","","국민의힘","1","비례대표 정당 제출자료","official_structured_record_no_public_file","reviewed_no_recoverable_official_document","official_sources_only"
"920260603-5200-홍천군-국민의힘-1-0","party-doc:920260603:홍천군:국민의힘:1","5200","강원특별자치도","920260603","기초의원비례대표선거","9","홍천군","","","국민의힘","1","비례대표 정당 제출자료","official_structured_record_no_public_file","reviewed_no_recoverable_official_document","official_sources_only"
"920260603-5200-영월군-국민의힘-1-0","party-doc:920260603:영월군:국민의힘:1","5200","강원특별자치도","920260603","기초의원비례대표선거","9","영월군","","","국민의힘","1","비례대표 정당 제출자료","official_structured_record_no_public_file","reviewed_no_recoverable_official_document","official_sources_only"
"920260603-4300-청주시-진보당-1-0","party-doc:920260603:청주시:진보당:1","4300","충청북도","920260603","기초의원비례대표선거","9","청주시","","","진보당","1","비례대표 정당 제출자료","official_structured_record_no_public_file","reviewed_no_recoverable_official_document","official_sources_only"
"920260603-4400-부여군-더불어민주당-1-0","party-doc:920260603:부여군:더불어민주당:1","4400","충청남도","920260603","기초의원비례대표선거","9","부여군","","","더불어민주당","1","비례대표 정당 제출자료","official_structured_record_no_public_file","reviewed_no_recoverable_official_document","official_sources_only"
"920260603-4400-홍성군-국민의힘-1-0","party-doc:920260603:홍성군:국민의힘:1","4400","충청남도","920260603","기초의원비례대표선거","9","홍성군","","","국민의힘","1","비례대표 정당 제출자료","official_structured_record_no_public_file","reviewed_no_recoverable_official_document","official_sources_only"
"920260603-4400-공주시-국민의힘-1-0","party-doc:920260603:공주시:국민의힘:1","4400","충청남도","920260603","기초의원비례대표선거","9","공주시","","","국민의힘","1","비례대표 정당 제출자료","official_structured_record_no_public_file","reviewed_no_recoverable_official_document","official_sources_only"
"920260603-4400-부여군-국민의힘-1-0","party-doc:920260603:부여군:국민의힘:1","4400","충청남도","920260603","기초의원비례대표선거","9","부여군","","","국민의힘","1","비례대표 정당 제출자료","official_structured_record_no_public_file","reviewed_no_recoverable_official_document","official_sources_only"
"920260603-5300-부안군-더불어민주당-1-0","party-doc:920260603:부안군:더불어민주당:1","5300","전북특별자치도","920260603","기초의원비례대표선거","9","부안군","","","더불어민주당","1","비례대표 정당 제출자료","official_structured_record_no_public_file","reviewed_no_recoverable_official_document","official_sources_only"
"920260603-5300-진안군-더불어민주당-1-0","party-doc:920260603:진안군:더불어민주당:1","5300","전북특별자치도","920260603","기초의원비례대표선거","9","진안군","","","더불어민주당","1","비례대표 정당 제출자료","official_structured_record_no_public_file","reviewed_no_recoverable_official_document","official_sources_only"
"920260603-5300-전주시-더불어민주당-1-0","party-doc:920260603:전주시:더불어민주당:1","5300","전북특별자치도","920260603","기초의원비례대표선거","9","전주시","","","더불어민주당","1","비례대표 정당 제출자료","official_structured_record_no_public_file","reviewed_no_recoverable_official_document","official_sources_only"
"920260603-5300-정읍시-더불어민주당-1-0","party-doc:920260603:정읍시:더불어민주당:1","5300","전북특별자치도","920260603","기초의원비례대표선거","9","정읍시","","","더불어민주당","1","비례대표 정당 제출자료","official_structured_record_no_public_file","reviewed_no_recoverable_official_document","official_sources_only"
"920260603-5300-김제시-더불어민주당-1-0","party-doc:920260603:김제시:더불어민주당:1","5300","전북특별자치도","920260603","기초의원비례대표선거","9","김제시","","","더불어민주당","1","비례대표 정당 제출자료","official_structured_record_no_public_file","reviewed_no_recoverable_official_document","official_sources_only"
"920260603-5300-무주군-더불어민주당-1-0","party-doc:920260603:무주군:더불어민주당:1","5300","전북특별자치도","920260603","기초의원비례대표선거","9","무주군","","","더불어민주당","1","비례대표 정당 제출자료","official_structured_record_no_public_file","reviewed_no_recoverable_official_document","official_sources_only"
"920260603-5300-장수군-더불어민주당-1-0","party-doc:920260603:장수군:더불어민주당:1","5300","전북특별자치도","920260603","기초의원비례대표선거","9","장수군","","","더불어민주당","1","비례대표 정당 제출자료","official_structured_record_no_public_file","reviewed_no_recoverable_official_document","official_sources_only"
"920260603-5300-순창군-더불어민주당-1-0","party-doc:920260603:순창군:더불어민주당:1","5300","전북특별자치도","920260603","기초의원비례대표선거","9","순창군","","","더불어민주당","1","비례대표 정당 제출자료","official_structured_record_no_public_file","reviewed_no_recoverable_official_document","official_sources_only"
"920260603-5300-전주시-국민의힘-1-0","party-doc:920260603:전주시:국민의힘:1","5300","전북특별자치도","920260603","기초의원비례대표선거","9","전주시","","","국민의힘","1","비례대표 정당 제출자료","official_structured_record_no_public_file","reviewed_no_recoverable_official_document","official_sources_only"
"920260603-5300-전주시-조국혁신당-1-0","party-doc:920260603:전주시:조국혁신당:1","5300","전북특별자치도","920260603","기초의원비례대표선거","9","전주시","","","조국혁신당","1","비례대표 정당 제출자료","official_structured_record_no_public_file","reviewed_no_recoverable_official_document","official_sources_only"
"920260603-5300-장수군-조국혁신당-1-0","party-doc:920260603:장수군:조국혁신당:1","5300","전북특별자치도","920260603","기초의원비례대표선거","9","장수군","","","조국혁신당","1","비례대표 정당 제출자료","official_structured_record_no_public_file","reviewed_no_recoverable_official_document","official_sources_only"
"920260603-5300-정읍시-조국혁신당-1-0","party-doc:920260603:정읍시:조국혁신당:1","5300","전북특별자치도","920260603","기초의원비례대표선거","9","정읍시","","","조국혁신당","1","비례대표 정당 제출자료","official_structured_record_no_public_file","reviewed_no_recoverable_official_document","official_sources_only"
"920260603-5300-전주시-진보당-1-0","party-doc:920260603:전주시:진보당:1","5300","전북특별자치도","920260603","기초의원비례대표선거","9","전주시","","","진보당","1","비례대표 정당 제출자료","official_structured_record_no_public_file","reviewed_no_recoverable_official_document","official_sources_only"
"920260603-5300-전주시-노동당-1-0","party-doc:920260603:전주시:노동당:1","5300","전북특별자치도","920260603","기초의원비례대표선거","9","전주시","","","노동당","1","비례대표 정당 제출자료","official_structured_record_no_public_file","reviewed_no_recoverable_official_document","official_sources_only"
"920260603-4600-무안군-더불어민주당-1-0","party-doc:920260603:무안군:더불어민주당:1","4600","전라남도","920260603","기초의원비례대표선거","9","무안군","","","더불어민주당","1","비례대표 정당 제출자료","official_structured_record_no_public_file","reviewed_no_recoverable_official_document","official_sources_only"
"920260603-4600-곡성군-더불어민주당-1-0","party-doc:920260603:곡성군:더불어민주당:1","4600","전라남도","920260603","기초의원비례대표선거","9","곡성군","","","더불어민주당","1","비례대표 정당 제출자료","official_structured_record_no_public_file","reviewed_no_recoverable_official_document","official_sources_only"
"920260603-4600-영암군-더불어민주당-1-0","party-doc:920260603:영암군:더불어민주당:1","4600","전라남도","920260603","기초의원비례대표선거","9","영암군","","","더불어민주당","1","비례대표 정당 제출자료","official_structured_record_no_public_file","reviewed_no_recoverable_official_document","official_sources_only"
"920260603-4600-화순군-더불어민주당-1-0","party-doc:920260603:화순군:더불어민주당:1","4600","전라남도","920260603","기초의원비례대표선거","9","화순군","","","더불어민주당","1","비례대표 정당 제출자료","official_structured_record_no_public_file","reviewed_no_recoverable_official_document","official_sources_only"
"920260603-4600-강진군-더불어민주당-1-0","party-doc:920260603:강진군:더불어민주당:1","4600","전라남도","920260603","기초의원비례대표선거","9","강진군","","","더불어민주당","1","비례대표 정당 제출자료","official_structured_record_no_public_file","reviewed_no_recoverable_official_document","official_sources_only"
"920260603-4600-영광군-더불어민주당-1-0","party-doc:920260603:영광군:더불어민주당:1","4600","전라남도","920260603","기초의원비례대표선거","9","영광군","","","더불어민주당","1","비례대표 정당 제출자료","official_structured_record_no_public_file","reviewed_no_recoverable_official_document","official_sources_only"
"920260603-4600-나주시-더불어민주당-1-0","party-doc:920260603:나주시:더불어민주당:1","4600","전라남도","920260603","기초의원비례대표선거","9","나주시","","","더불어민주당","1","비례대표 정당 제출자료","official_structured_record_no_public_file","reviewed_no_recoverable_official_document","official_sources_only"
"920260603-4600-구례군-더불어민주당-1-0","party-doc:920260603:구례군:더불어민주당:1","4600","전라남도","920260603","기초의원비례대표선거","9","구례군","","","더불어민주당","1","비례대표 정당 제출자료","official_structured_record_no_public_file","reviewed_no_recoverable_official_document","official_sources_only"
"920260603-4600-장흥군-더불어민주당-1-0","party-doc:920260603:장흥군:더불어민주당:1","4600","전라남도","920260603","기초의원비례대표선거","9","장흥군","","","더불어민주당","1","비례대표 정당 제출자료","official_structured_record_no_public_file","reviewed_no_recoverable_official_document","official_sources_only"
"920260603-4600-완도군-더불어민주당-1-0","party-doc:920260603:완도군:더불어민주당:1","4600","전라남도","920260603","기초의원비례대표선거","9","완도군","","","더불어민주당","1","비례대표 정당 제출자료","official_structured_record_no_public_file","reviewed_no_recoverable_official_document","official_sources_only"
"920260603-4600-신안군-더불어민주당-1-0","party-doc:920260603:신안군:더불어민주당:1","4600","전라남도","920260603","기초의원비례대표선거","9","신안군","","","더불어민주당","1","비례대표 정당 제출자료","official_structured_record_no_public_file","reviewed_no_recoverable_official_document","official_sources_only"
"920260603-4600-보성군-더불어민주당-1-0","party-doc:920260603:보성군:더불어민주당:1","4600","전라남도","920260603","기초의원비례대표선거","9","보성군","","","더불어민주당","1","비례대표 정당 제출자료","official_structured_record_no_public_file","reviewed_no_recoverable_official_document","official_sources_only"
"920260603-4600-장성군-더불어민주당-1-0","party-doc:920260603:장성군:더불어민주당:1","4600","전라남도","920260603","기초의원비례대표선거","9","장성군","","","더불어민주당","1","비례대표 정당 제출자료","official_structured_record_no_public_file","reviewed_no_recoverable_official_document","official_sources_only"
"920260603-4600-광양시-더불어민주당-1-0","party-doc:920260603:광양시:더불어민주당:1","4600","전라남도","920260603","기초의원비례대표선거","9","광양시","","","더불어민주당","1","비례대표 정당 제출자료","official_structured_record_no_public_file","reviewed_no_recoverable_official_document","official_sources_only"
"920260603-4600-진도군-더불어민주당-1-0","party-doc:920260603:진도군:더불어민주당:1","4600","전라남도","920260603","기초의원비례대표선거","9","진도군","","","더불어민주당","1","비례대표 정당 제출자료","official_structured_record_no_public_file","reviewed_no_recoverable_official_document","official_sources_only"
"920260603-4600-고흥군-더불어민주당-1-0","party-doc:920260603:고흥군:더불어민주당:1","4600","전라남도","920260603","기초의원비례대표선거","9","고흥군","","","더불어민주당","1","비례대표 정당 제출자료","official_structured_record_no_public_file","reviewed_no_recoverable_official_document","official_sources_only"
"920260603-4600-함평군-더불어민주당-1-0","party-doc:920260603:함평군:더불어민주당:1","4600","전라남도","920260603","기초의원비례대표선거","9","함평군","","","더불어민주당","1","비례대표 정당 제출자료","official_structured_record_no_public_file","reviewed_no_recoverable_official_document","official_sources_only"
"920260603-4600-나주시-조국혁신당-1-0","party-doc:920260603:나주시:조국혁신당:1","4600","전라남도","920260603","기초의원비례대표선거","9","나주시","","","조국혁신당","1","비례대표 정당 제출자료","official_structured_record_no_public_file","reviewed_no_recoverable_official_document","official_sources_only"
"920260603-4600-나주시-진보당-1-0","party-doc:920260603:나주시:진보당:1","4600","전라남도","920260603","기초의원비례대표선거","9","나주시","","","진보당","1","비례대표 정당 제출자료","official_structured_record_no_public_file","reviewed_no_recoverable_official_document","official_sources_only"
"920260603-4600-목포시-정의당-1-0","party-doc:920260603:목포시:정의당:1","4600","전라남도","920260603","기초의원비례대표선거","9","목포시","","","정의당","1","비례대표 정당 제출자료","official_structured_record_no_public_file","reviewed_no_recoverable_official_document","official_sources_only"
"920260603-4700-영주시-더불어민주당-1-0","party-doc:920260603:영주시:더불어민주당:1","4700","경상북도","920260603","기초의원비례대표선거","9","영주시","","","더불어민주당","1","비례대표 정당 제출자료","official_structured_record_no_public_file","reviewed_no_recoverable_official_document","official_sources_only"
"920260603-4700-의성군-더불어민주당-1-0","party-doc:920260603:의성군:더불어민주당:1","4700","경상북도","920260603","기초의원비례대표선거","9","의성군","","","더불어민주당","1","비례대표 정당 제출자료","official_structured_record_no_public_file","reviewed_no_recoverable_official_document","official_sources_only"
"920260603-4700-김천시-국민의힘-1-0","party-doc:920260603:김천시:국민의힘:1","4700","경상북도","920260603","기초의원비례대표선거","9","김천시","","","국민의힘","1","비례대표 정당 제출자료","official_structured_record_no_public_file","reviewed_no_recoverable_official_document","official_sources_only"
"920260603-4700-구미시-국민의힘-1-0","party-doc:920260603:구미시:국민의힘:1","4700","경상북도","920260603","기초의원비례대표선거","9","구미시","","","국민의힘","1","비례대표 정당 제출자료","official_structured_record_no_public_file","reviewed_no_recoverable_official_document","official_sources_only"
"920260603-4700-청도군-국민의힘-1-0","party-doc:920260603:청도군:국민의힘:1","4700","경상북도","920260603","기초의원비례대표선거","9","청도군","","","국민의힘","1","비례대표 정당 제출자료","official_structured_record_no_public_file","reviewed_no_recoverable_official_document","official_sources_only"
"920260603-4700-칠곡군-국민의힘-1-0","party-doc:920260603:칠곡군:국민의힘:1","4700","경상북도","920260603","기초의원비례대표선거","9","칠곡군","","","국민의힘","1","비례대표 정당 제출자료","official_structured_record_no_public_file","reviewed_no_recoverable_official_document","official_sources_only"
"920260603-4700-영주시-국민의힘-1-0","party-doc:920260603:영주시:국민의힘:1","4700","경상북도","920260603","기초의원비례대표선거","9","영주시","","","국민의힘","1","비례대표 정당 제출자료","official_structured_record_no_public_file","reviewed_no_recoverable_official_document","official_sources_only"
"920260603-4700-고령군-국민의힘-1-0","party-doc:920260603:고령군:국민의힘:1","4700","경상북도","920260603","기초의원비례대표선거","9","고령군","","","국민의힘","1","비례대표 정당 제출자료","official_structured_record_no_public_file","reviewed_no_recoverable_official_document","official_sources_only"
"920260603-4700-포항시-국민의힘-1-0","party-doc:920260603:포항시:국민의힘:1","4700","경상북도","920260603","기초의원비례대표선거","9","포항시","","","국민의힘","1","비례대표 정당 제출자료","official_structured_record_no_public_file","reviewed_no_recoverable_official_document","official_sources_only"
"920260603-4700-울릉군-국민의힘-1-0","party-doc:920260603:울릉군:국민의힘:1","4700","경상북도","920260603","기초의원비례대표선거","9","울릉군","","","국민의힘","1","비례대표 정당 제출자료","official_structured_record_no_public_file","reviewed_no_recoverable_official_document","official_sources_only"
"920260603-4700-청송군-국민의힘-1-0","party-doc:920260603:청송군:국민의힘:1","4700","경상북도","920260603","기초의원비례대표선거","9","청송군","","","국민의힘","1","비례대표 정당 제출자료","official_structured_record_no_public_file","reviewed_no_recoverable_official_document","official_sources_only"
"920260603-4700-문경시-국민의힘-1-0","party-doc:920260603:문경시:국민의힘:1","4700","경상북도","920260603","기초의원비례대표선거","9","문경시","","","국민의힘","1","비례대표 정당 제출자료","official_structured_record_no_public_file","reviewed_no_recoverable_official_document","official_sources_only"
"920260603-4700-상주시-국민의힘-1-0","party-doc:920260603:상주시:국민의힘:1","4700","경상북도","920260603","기초의원비례대표선거","9","상주시","","","국민의힘","1","비례대표 정당 제출자료","official_structured_record_no_public_file","reviewed_no_recoverable_official_document","official_sources_only"
"920260603-4700-울진군-국민의힘-1-0","party-doc:920260603:울진군:국민의힘:1","4700","경상북도","920260603","기초의원비례대표선거","9","울진군","","","국민의힘","1","비례대표 정당 제출자료","official_structured_record_no_public_file","reviewed_no_recoverable_official_document","official_sources_only"
"920260603-4700-의성군-국민의힘-1-0","party-doc:920260603:의성군:국민의힘:1","4700","경상북도","920260603","기초의원비례대표선거","9","의성군","","","국민의힘","1","비례대표 정당 제출자료","official_structured_record_no_public_file","reviewed_no_recoverable_official_document","official_sources_only"
"920260603-4700-봉화군-국민의힘-1-0","party-doc:920260603:봉화군:국민의힘:1","4700","경상북도","920260603","기초의원비례대표선거","9","봉화군","","","국민의힘","1","비례대표 정당 제출자료","official_structured_record_no_public_file","reviewed_no_recoverable_official_document","official_sources_only"
"920260603-4700-영덕군-국민의힘-1-0","party-doc:920260603:영덕군:국민의힘:1","4700","경상북도","920260603","기초의원비례대표선거","9","영덕군","","","국민의힘","1","비례대표 정당 제출자료","official_structured_record_no_public_file","reviewed_no_recoverable_official_document","official_sources_only"
"920260603-4700-영양군-국민의힘-1-0","party-doc:920260603:영양군:국민의힘:1","4700","경상북도","920260603","기초의원비례대표선거","9","영양군","","","국민의힘","1","비례대표 정당 제출자료","official_structured_record_no_public_file","reviewed_no_recoverable_official_document","official_sources_only"
"920260603-4700-성주군-국민의힘-1-0","party-doc:920260603:성주군:국민의힘:1","4700","경상북도","920260603","기초의원비례대표선거","9","성주군","","","국민의힘","1","비례대표 정당 제출자료","official_structured_record_no_public_file","reviewed_no_recoverable_official_document","official_sources_only"
"920260603-4700-예천군-국민의힘-1-0","party-doc:920260603:예천군:국민의힘:1","4700","경상북도","920260603","기초의원비례대표선거","9","예천군","","","국민의힘","1","비례대표 정당 제출자료","official_structured_record_no_public_file","reviewed_no_recoverable_official_document","official_sources_only"
"920260603-4700-경주시-국민의힘-1-0","party-doc:920260603:경주시:국민의힘:1","4700","경상북도","920260603","기초의원비례대표선거","9","경주시","","","국민의힘","1","비례대표 정당 제출자료","official_structured_record_no_public_file","reviewed_no_recoverable_official_document","official_sources_only"
"920260603-4700-포항시-개혁신당-1-0","party-doc:920260603:포항시:개혁신당:1","4700","경상북도","920260603","기초의원비례대표선거","9","포항시","","","개혁신당","1","비례대표 정당 제출자료","official_structured_record_no_public_file","reviewed_no_recoverable_official_document","official_sources_only"
"920260603-4800-하동군-더불어민주당-1-0","party-doc:920260603:하동군:더불어민주당:1","4800","경상남도","920260603","기초의원비례대표선거","9","하동군","","","더불어민주당","1","비례대표 정당 제출자료","official_structured_record_no_public_file","reviewed_no_recoverable_official_document","official_sources_only"
"920260603-4800-양산시-더불어민주당-1-0","party-doc:920260603:양산시:더불어민주당:1","4800","경상남도","920260603","기초의원비례대표선거","9","양산시","","","더불어민주당","1","비례대표 정당 제출자료","official_structured_record_no_public_file","reviewed_no_recoverable_official_document","official_sources_only"
"920260603-4800-하동군-국민의힘-1-0","party-doc:920260603:하동군:국민의힘:1","4800","경상남도","920260603","기초의원비례대표선거","9","하동군","","","국민의힘","1","비례대표 정당 제출자료","official_structured_record_no_public_file","reviewed_no_recoverable_official_document","official_sources_only"
"920260603-4800-산청군-국민의힘-1-0","party-doc:920260603:산청군:국민의힘:1","4800","경상남도","920260603","기초의원비례대표선거","9","산청군","","","국민의힘","1","비례대표 정당 제출자료","official_structured_record_no_public_file","reviewed_no_recoverable_official_document","official_sources_only"
"920260603-4800-김해시-조국혁신당-1-0","party-doc:920260603:김해시:조국혁신당:1","4800","경상남도","920260603","기초의원비례대표선거","9","김해시","","","조국혁신당","1","비례대표 정당 제출자료","official_structured_record_no_public_file","reviewed_no_recoverable_official_document","official_sources_only"
"920260603-4800-창원시-조국혁신당-1-0","party-doc:920260603:창원시:조국혁신당:1","4800","경상남도","920260603","기초의원비례대표선거","9","창원시","","","조국혁신당","1","비례대표 정당 제출자료","official_structured_record_no_public_file","reviewed_no_recoverable_official_document","official_sources_only"
"920260603-4800-창원시-개혁신당-1-0","party-doc:920260603:창원시:개혁신당:1","4800","경상남도","920260603","기초의원비례대표선거","9","창원시","","","개혁신당","1","비례대표 정당 제출자료","official_structured_record_no_public_file","reviewed_no_recoverable_official_document","official_sources_only"
"920260603-4800-의령군-진보당-1-0","party-doc:920260603:의령군:진보당:1","4800","경상남도","920260603","기초의원비례대표선거","9","의령군","","","진보당","1","비례대표 정당 제출자료","official_structured_record_no_public_file","reviewed_no_recoverable_official_document","official_sources_only"
"920260603-4800-함안군-진보당-1-0","party-doc:920260603:함안군:진보당:1","4800","경상남도","920260603","기초의원비례대표선거","9","함안군","","","진보당","1","비례대표 정당 제출자료","official_structured_record_no_public_file","reviewed_no_recoverable_official_document","official_sources_only"
"920260603-4800-창원시-진보당-1-0","party-doc:920260603:창원시:진보당:1","4800","경상남도","920260603","기초의원비례대표선거","9","창원시","","","진보당","1","비례대표 정당 제출자료","official_structured_record_no_public_file","reviewed_no_recoverable_official_document","official_sources_only"
"920260603-4800-양산시-진보당-1-0","party-doc:920260603:양산시:진보당:1","4800","경상남도","920260603","기초의원비례대표선거","9","양산시","","","진보당","1","비례대표 정당 제출자료","official_structured_record_no_public_file","reviewed_no_recoverable_official_document","official_sources_only"
"920260603-4800-밀양시-진보당-1-0","party-doc:920260603:밀양시:진보당:1","4800","경상남도","920260603","기초의원비례대표선거","9","밀양시","","","진보당","1","비례대표 정당 제출자료","official_structured_record_no_public_file","reviewed_no_recoverable_official_document","official_sources_only"
"920260603-4800-창녕군-진보당-1-0","party-doc:920260603:창녕군:진보당:1","4800","경상남도","920260603","기초의원비례대표선거","9","창녕군","","","진보당","1","비례대표 정당 제출자료","official_structured_record_no_public_file","reviewed_no_recoverable_official_document","official_sources_only"
"920260603-4800-진주시-진보당-1-0","party-doc:920260603:진주시:진보당:1","4800","경상남도","920260603","기초의원비례대표선거","9","진주시","","","진보당","1","비례대표 정당 제출자료","official_structured_record_no_public_file","reviewed_no_recoverable_official_document","official_sources_only"
"920260603-4800-사천시-진보당-1-0","party-doc:920260603:사천시:진보당:1","4800","경상남도","920260603","기초의원비례대표선거","9","사천시","","","진보당","1","비례대표 정당 제출자료","official_structured_record_no_public_file","reviewed_no_recoverable_official_document","official_sources_only"
"920260603-4800-김해시-진보당-1-0","party-doc:920260603:김해시:진보당:1","4800","경상남도","920260603","기초의원비례대표선거","9","김해시","","","진보당","1","비례대표 정당 제출자료","official_structured_record_no_public_file","reviewed_no_recoverable_official_document","official_sources_only"
"920260603-4800-창원시-자유와혁신-1-0","party-doc:920260603:창원시:자유와혁신:1","4800","경상남도","920260603","기초의원비례대표선거","9","창원시","","","자유와혁신","1","비례대표 정당 제출자료","official_structured_record_no_public_file","reviewed_no_recoverable_official_document","official_sources_only"
"920260603-4800-창원시-정의당-1-0","party-doc:920260603:창원시:정의당:1","4800","경상남도","920260603","기초의원비례대표선거","9","창원시","","","정의당","1","비례대표 정당 제출자료","official_structured_record_no_public_file","reviewed_no_recoverable_official_document","official_sources_only"
"1120260603-1100-서울특별시-100153800-2-선거공약서","candidate-doc:100153800:2","1100","서울특별시","1120260603","교육감선거","11","서울특별시","100153800","김영배","무소속","2","선거공약서","official_structured_record_no_public_file","reviewed_no_recoverable_official_document","official_sources_only"
"1120260603-1100-서울특별시-100155563-2-선거공약서","candidate-doc:100155563:2","1100","서울특별시","1120260603","교육감선거","11","서울특별시","100155563","한만중","무소속","2","선거공약서","official_structured_record_no_public_file","reviewed_no_recoverable_official_document","official_sources_only"
"1120260603-1100-서울특별시-100163258-2-선거공약서","candidate-doc:100163258:2","1100","서울특별시","1120260603","교육감선거","11","서울특별시","100163258","조전혁","무소속","2","선거공약서","official_structured_record_no_public_file","reviewed_no_recoverable_official_document","official_sources_only"
"1120260603-1100-서울특별시-100162651-2-선거공약서","candidate-doc:100162651:2","1100","서울특별시","1120260603","교육감선거","11","서울특별시","100162651","이학인","무소속","2","선거공약서","official_structured_record_no_public_file","reviewed_no_recoverable_official_document","official_sources_only"
"1120260603-1100-서울특별시-100153774-2-선거공약서","candidate-doc:100153774:2","1100","서울특별시","1120260603","교육감선거","11","서울특별시","100153774","윤호상","무소속","2","선거공약서","official_structured_record_no_public_file","reviewed_no_recoverable_official_document","official_sources_only"
"1120260603-1100-서울특별시-100153778-2-선거공약서","candidate-doc:100153778:2","1100","서울특별시","1120260603","교육감선거","11","서울특별시","100153778","홍제남","무소속","2","선거공약서","official_structured_record_no_public_file","reviewed_no_recoverable_official_document","official_sources_only"
"1120260603-1100-서울특별시-100153786-2-선거공약서","candidate-doc:100153786:2","1100","서울특별시","1120260603","교육감선거","11","서울특별시","100153786","류수노","무소속","2","선거공약서","official_structured_record_no_public_file","reviewed_no_recoverable_official_document","official_sources_only"
"1120260603-2900-전남광주통합특별시-100153856-2-선거공약서","candidate-doc:100153856:2","2900","전남광주통합특별시","1120260603","교육감선거","11","전남광주통합특별시","100153856","강숙영","무소속","2","선거공약서","official_structured_record_no_public_file","reviewed_no_recoverable_official_document","official_sources_only"
"1120260603-2900-전남광주통합특별시-100160673-2-선거공약서","candidate-doc:100160673:2","2900","전남광주통합특별시","1120260603","교육감선거","11","전남광주통합특별시","100160673","이정선","무소속","2","선거공약서","official_structured_record_no_public_file","reviewed_no_recoverable_official_document","official_sources_only"
"1120260603-2900-전남광주통합특별시-100153771-2-선거공약서","candidate-doc:100153771:2","2900","전남광주통합특별시","1120260603","교육감선거","11","전남광주통합특별시","100153771","장관호","무소속","2","선거공약서","official_structured_record_no_public_file","reviewed_no_recoverable_official_document","official_sources_only"
"1120260603-2600-부산광역시-100163844-2-선거공약서","candidate-doc:100163844:2","2600","부산광역시","1120260603","교육감선거","11","부산광역시","100163844","정승윤","무소속","2","선거공약서","official_structured_record_no_public_file","reviewed_no_recoverable_official_document","official_sources_only"
"1120260603-2600-부산광역시-100153847-2-선거공약서","candidate-doc:100153847:2","2600","부산광역시","1120260603","교육감선거","11","부산광역시","100153847","최윤홍","무소속","2","선거공약서","official_structured_record_no_public_file","reviewed_no_recoverable_official_document","official_sources_only"
"1120260603-2600-부산광역시-100162788-2-선거공약서","candidate-doc:100162788:2","2600","부산광역시","1120260603","교육감선거","11","부산광역시","100162788","김석준","무소속","2","선거공약서","official_structured_record_no_public_file","reviewed_no_recoverable_official_document","official_sources_only"
"1120260603-2700-대구광역시-100153820-2-선거공약서","candidate-doc:100153820:2","2700","대구광역시","1120260603","교육감선거","11","대구광역시","100153820","서중현","무소속","2","선거공약서","official_structured_record_no_public_file","reviewed_no_recoverable_official_document","official_sources_only"
"1120260603-2700-대구광역시-100162085-2-선거공약서","candidate-doc:100162085:2","2700","대구광역시","1120260603","교육감선거","11","대구광역시","100162085","임성무","무소속","2","선거공약서","official_structured_record_no_public_file","reviewed_no_recoverable_official_document","official_sources_only"
"1120260603-2700-대구광역시-100162500-2-선거공약서","candidate-doc:100162500:2","2700","대구광역시","1120260603","교육감선거","11","대구광역시","100162500","강은희","무소속","2","선거공약서","official_structured_record_no_public_file","reviewed_no_recoverable_official_document","official_sources_only"
"1120260603-2800-인천광역시-100163408-2-선거공약서","candidate-doc:100163408:2","2800","인천광역시","1120260603","교육감선거","11","인천광역시","100163408","도성훈","무소속","2","선거공약서","official_structured_record_no_public_file","reviewed_no_recoverable_official_document","official_sources_only"
"1120260603-2800-인천광역시-100153794-2-선거공약서","candidate-doc:100153794:2","2800","인천광역시","1120260603","교육감선거","11","인천광역시","100153794","이대형","무소속","2","선거공약서","official_structured_record_no_public_file","reviewed_no_recoverable_official_document","official_sources_only"
"1120260603-2800-인천광역시-100153776-2-선거공약서","candidate-doc:100153776:2","2800","인천광역시","1120260603","교육감선거","11","인천광역시","100153776","임병구","무소속","2","선거공약서","official_structured_record_no_public_file","reviewed_no_recoverable_official_document","official_sources_only"
"1120260603-3000-대전광역시-100153741-2-선거공약서","candidate-doc:100153741:2","3000","대전광역시","1120260603","교육감선거","11","대전광역시","100153741","정상신","무소속","2","선거공약서","official_structured_record_no_public_file","reviewed_no_recoverable_official_document","official_sources_only"
"1120260603-3000-대전광역시-100153739-2-선거공약서","candidate-doc:100153739:2","3000","대전광역시","1120260603","교육감선거","11","대전광역시","100153739","맹수석","무소속","2","선거공약서","official_structured_record_no_public_file","reviewed_no_recoverable_official_document","official_sources_only"
"1120260603-3000-대전광역시-100153740-2-선거공약서","candidate-doc:100153740:2","3000","대전광역시","1120260603","교육감선거","11","대전광역시","100153740","오석진","무소속","2","선거공약서","official_structured_record_no_public_file","reviewed_no_recoverable_official_document","official_sources_only"
"1120260603-3100-울산광역시-100161017-2-선거공약서","candidate-doc:100161017:2","3100","울산광역시","1120260603","교육감선거","11","울산광역시","100161017","구광렬","무소속","2","선거공약서","official_structured_record_no_public_file","reviewed_no_recoverable_official_document","official_sources_only"
"1120260603-3100-울산광역시-100156317-2-선거공약서","candidate-doc:100156317:2","3100","울산광역시","1120260603","교육감선거","11","울산광역시","100156317","김주홍","무소속","2","선거공약서","official_structured_record_no_public_file","reviewed_no_recoverable_official_document","official_sources_only"
"1120260603-5100-세종특별자치시-100153756-2-선거공약서","candidate-doc:100153756:2","5100","세종특별자치시","1120260603","교육감선거","11","세종특별자치시","100153756","강미애","무소속","2","선거공약서","official_structured_record_no_public_file","reviewed_no_recoverable_official_document","official_sources_only"
"1120260603-5100-세종특별자치시-100153760-2-선거공약서","candidate-doc:100153760:2","5100","세종특별자치시","1120260603","교육감선거","11","세종특별자치시","100153760","안광식","무소속","2","선거공약서","official_structured_record_no_public_file","reviewed_no_recoverable_official_document","official_sources_only"
"1120260603-5100-세종특별자치시-100153758-2-선거공약서","candidate-doc:100153758:2","5100","세종특별자치시","1120260603","교육감선거","11","세종특별자치시","100153758","임전수","무소속","2","선거공약서","official_structured_record_no_public_file","reviewed_no_recoverable_official_document","official_sources_only"
"1120260603-5100-세종특별자치시-100153759-2-선거공약서","candidate-doc:100153759:2","5100","세종특별자치시","1120260603","교육감선거","11","세종특별자치시","100153759","원성수","무소속","2","선거공약서","official_structured_record_no_public_file","reviewed_no_recoverable_official_document","official_sources_only"
"1120260603-4100-경기도-100163064-2-선거공약서","candidate-doc:100163064:2","4100","경기도","1120260603","교육감선거","11","경기도","100163064","임태희","무소속","2","선거공약서","official_structured_record_no_public_file","reviewed_no_recoverable_official_document","official_sources_only"
"1120260603-4100-경기도-100153797-2-선거공약서","candidate-doc:100153797:2","4100","경기도","1120260603","교육감선거","11","경기도","100153797","안민석","무소속","2","선거공약서","official_structured_record_no_public_file","reviewed_no_recoverable_official_document","official_sources_only"
"1120260603-5200-강원특별자치도-100153787-2-선거공약서","candidate-doc:100153787:2","5200","강원특별자치도","1120260603","교육감선거","11","강원특별자치도","100153787","최광익","무소속","2","선거공약서","official_structured_record_no_public_file","reviewed_no_recoverable_official_document","official_sources_only"
"1120260603-5200-강원특별자치도-100153782-2-선거공약서","candidate-doc:100153782:2","5200","강원특별자치도","1120260603","교육감선거","11","강원특별자치도","100153782","박현숙","무소속","2","선거공약서","official_structured_record_no_public_file","reviewed_no_recoverable_official_document","official_sources_only"
"1120260603-4300-충청북도-100162804-2-선거공약서","candidate-doc:100162804:2","4300","충청북도","1120260603","교육감선거","11","충청북도","100162804","윤건영","무소속","2","선거공약서","official_structured_record_no_public_file","reviewed_no_recoverable_official_document","official_sources_only"
"1120260603-4300-충청북도-100153743-2-선거공약서","candidate-doc:100153743:2","4300","충청북도","1120260603","교육감선거","11","충청북도","100153743","김성근","무소속","2","선거공약서","official_structured_record_no_public_file","reviewed_no_recoverable_official_document","official_sources_only"
"1120260603-4300-충청북도-100153825-2-선거공약서","candidate-doc:100153825:2","4300","충청북도","1120260603","교육감선거","11","충청북도","100153825","김진균","무소속","2","선거공약서","official_structured_record_no_public_file","reviewed_no_recoverable_official_document","official_sources_only"
"1120260603-4400-충청남도-100153788-2-선거공약서","candidate-doc:100153788:2","4400","충청남도","1120260603","교육감선거","11","충청남도","100153788","이병도","무소속","2","선거공약서","official_structured_record_no_public_file","reviewed_no_recoverable_official_document","official_sources_only"
"1120260603-4400-충청남도-100153791-2-선거공약서","candidate-doc:100153791:2","4400","충청남도","1120260603","교육감선거","11","충청남도","100153791","이병학","무소속","2","선거공약서","official_structured_record_no_public_file","reviewed_no_recoverable_official_document","official_sources_only"
"1120260603-4400-충청남도-100153814-2-선거공약서","candidate-doc:100153814:2","4400","충청남도","1120260603","교육감선거","11","충청남도","100153814","김영춘","무소속","2","선거공약서","official_structured_record_no_public_file","reviewed_no_recoverable_official_document","official_sources_only"
"1120260603-4400-충청남도-100158164-2-선거공약서","candidate-doc:100158164:2","4400","충청남도","1120260603","교육감선거","11","충청남도","100158164","이명수","무소속","2","선거공약서","official_structured_record_no_public_file","reviewed_no_recoverable_official_document","official_sources_only"
"1120260603-5300-전북특별자치도-100153763-2-선거공약서","candidate-doc:100153763:2","5300","전북특별자치도","1120260603","교육감선거","11","전북특별자치도","100153763","이남호","무소속","2","선거공약서","official_structured_record_no_public_file","reviewed_no_recoverable_official_document","official_sources_only"
"1120260603-5300-전북특별자치도-100153762-2-선거공약서","candidate-doc:100153762:2","5300","전북특별자치도","1120260603","교육감선거","11","전북특별자치도","100153762","천호성","무소속","2","선거공약서","official_structured_record_no_public_file","reviewed_no_recoverable_official_document","official_sources_only"
"1120260603-4800-경상남도-100153751-2-선거공약서","candidate-doc:100153751:2","4800","경상남도","1120260603","교육감선거","11","경상남도","100153751","오인태","무소속","2","선거공약서","official_structured_record_no_public_file","reviewed_no_recoverable_official_document","official_sources_only"
"1120260603-4800-경상남도-100153823-2-선거공약서","candidate-doc:100153823:2","4800","경상남도","1120260603","교육감선거","11","경상남도","100153823","김준식","무소속","2","선거공약서","official_structured_record_no_public_file","reviewed_no_recoverable_official_document","official_sources_only"
"1120260603-4800-경상남도-100153770-2-선거공약서","candidate-doc:100153770:2","4800","경상남도","1120260603","교육감선거","11","경상남도","100153770","권순기","무소속","2","선거공약서","official_structured_record_no_public_file","reviewed_no_recoverable_official_document","official_sources_only"
"1120260603-4900-제주특별자치도-100153761-2-선거공약서","candidate-doc:100153761:2","4900","제주특별자치도","1120260603","교육감선거","11","제주특별자치도","100153761","송문석","무소속","2","선거공약서","official_structured_record_no_public_file","reviewed_no_recoverable_official_document","official_sources_only"
"1120260603-4900-제주특별자치도-100156980-2-선거공약서","candidate-doc:100156980:2","4900","제주특별자치도","1120260603","교육감선거","11","제주특별자치도","100156980","고의숙","무소속","2","선거공약서","official_structured_record_no_public_file","reviewed_no_recoverable_official_document","official_sources_only"
"1120260603-4900-제주특별자치도-100162806-2-선거공약서","candidate-doc:100162806:2","4900","제주특별자치도","1120260603","교육감선거","11","제주특별자치도","100162806","김광수","무소속","2","선거공약서","official_structured_record_no_public_file","reviewed_no_recoverable_official_document","official_sources_only"
