record_id,election_name,province_id,province_name,province_source,subSgId,subSgName,sgTypecode,sggid,sggname,hbjname,huboid,jdname,jdid,hbjgiho,hbjjikup,hbjhakruk,doc_index,doc_type,doc_type_raw,source_id,original_available,original_url,current_available,current_pdf_path,current_pdf_path_source,current_download_url,classification,raw_fileinfo,filePathName,updtFileName,fileTypeName,fileDispYn,pdfPrvwYn,recovery_status
"420260603-4100-수원시-100162275-1-선거공보","제9회 전국동시지방선거","4100","경기도","nec_region_scope","420260603","구·시·군의 장선거","4","4410300","수원시","정희윤","100162275","개혁신당","5070","4","정당인","광운대학교대학원 건설법무학과 박사과정 휴학","1","선거공보","선거공보","candidate-doc:100162275:1","false","","true","20260603/PDF/PBINFO/4103/003_100162275_20260525_1.pdf","fileinfo","https://policy.nec.go.kr/plc/common/downloadFile.do?requestedFileName=20260603_%EC%88%98%EC%9B%90%EC%8B%9C_%EC%A0%95%ED%9D%AC%EC%9C%A4_%EC%84%A0%EA%B1%B0%EA%B3%B5%EB%B3%B4.pdf&requestedFullPath=20260603/PDF/PBINFO/4103/003_100162275_20260525_1.pdf","pack_stale_currently_available","선거공보||20260603/PDF/PBINFO/4103/003_100162275_20260525_1.pdf||||1||HEIGHT||Y||00||00","","","","Y","",""
"420260603-4100-평택시-100153870-1-선거공보","제9회 전국동시지방선거","4100","경기도","nec_region_scope","420260603","구·시·군의 장선거","4","4411500","평택시","최원용","100153870","더불어민주당","100","1","정당인","서울대학교 행정대학원 졸업(행정학석사)","1","선거공보","선거공보","candidate-doc:100153870:1","false","","true","20260603/PDF/PBINFO/4115/003_100153870_20260525_1.pdf","fileinfo","https://policy.nec.go.kr/plc/common/downloadFile.do?requestedFileName=20260603_%ED%8F%89%ED%83%9D%EC%8B%9C_%EC%B5%9C%EC%9B%90%EC%9A%A9_%EC%84%A0%EA%B1%B0%EA%B3%B5%EB%B3%B4.pdf&requestedFullPath=20260603/PDF/PBINFO/4115/003_100153870_20260525_1.pdf","pack_stale_currently_available","선거공보||20260603/PDF/PBINFO/4115/003_100153870_20260525_1.pdf||||1||HEIGHT||Y||00||00","","","","Y","",""
"420260603-5200-양양군-100158374-1-선거공보","제9회 전국동시지방선거","5200","강원특별자치도","nec_region_scope","420260603","구·시·군의 장선거","4","4521000","양양군","김정중","100158374","더불어민주당","100","1","정당인","경기대학교 사학과 졸업","1","선거공보","선거공보","candidate-doc:100158374:1","false","","true","20260603/PDF/PBINFO/5210/003_100158374_20260521_1.pdf","fileinfo","https://policy.nec.go.kr/plc/common/downloadFile.do?requestedFileName=20260603_%EC%96%91%EC%96%91%EA%B5%B0_%EA%B9%80%EC%A0%95%EC%A4%91_%EC%84%A0%EA%B1%B0%EA%B3%B5%EB%B3%B4.pdf&requestedFullPath=20260603/PDF/PBINFO/5210/003_100158374_20260521_1.pdf","pack_stale_currently_available","선거공보||20260603/PDF/PBINFO/5210/003_100158374_20260521_1.pdf||||1||HEIGHT||Y||00||00","","","","Y","",""
"420260603-5200-양양군-100158425-1-선거공보","제9회 전국동시지방선거","5200","강원특별자치도","nec_region_scope","420260603","구·시·군의 장선거","4","4521000","양양군","김호열","100158425","국민의힘","200","2","정당인","경동대학교 행정학과 졸업","1","선거공보","선거공보","candidate-doc:100158425:1","false","","true","20260603/PDF/PBINFO/5210/003_100158425_20260521_1.pdf","fileinfo","https://policy.nec.go.kr/plc/common/downloadFile.do?requestedFileName=20260603_%EC%96%91%EC%96%91%EA%B5%B0_%EA%B9%80%ED%98%B8%EC%97%B4_%EC%84%A0%EA%B1%B0%EA%B3%B5%EB%B3%B4.pdf&requestedFullPath=20260603/PDF/PBINFO/5210/003_100158425_20260521_1.pdf","pack_stale_currently_available","선거공보||20260603/PDF/PBINFO/5210/003_100158425_20260521_1.pdf||||1||HEIGHT||Y||00||00","","","","Y","",""
"420260603-5200-양양군-100158425-2-선거공약서","제9회 전국동시지방선거","5200","강원특별자치도","nec_region_scope","420260603","구·시·군의 장선거","4","4521000","양양군","김호열","100158425","국민의힘","200","2","정당인","경동대학교 행정학과 졸업","2","선거공약서","선거공약서","candidate-doc:100158425:2","false","","true","20260603/PDF/PRMS_DOC_PUB/5210/004_100158425_20260522_1.pdf","fileinfo","https://policy.nec.go.kr/plc/common/downloadFile.do?requestedFileName=20260603_%EC%96%91%EC%96%91%EA%B5%B0_%EA%B9%80%ED%98%B8%EC%97%B4_%EC%84%A0%EA%B1%B0%EA%B3%B5%EC%95%BD%EC%84%9C.pdf&requestedFullPath=20260603/PDF/PRMS_DOC_PUB/5210/004_100158425_20260522_1.pdf","pack_stale_currently_available","선거공약서||20260603/PDF/PRMS_DOC_PUB/5210/004_100158425_20260522_1.pdf||||1||HEIGHT||Y||00||01","","","","Y","",""
"420260603-5200-양양군-100158565-1-선거공보","제9회 전국동시지방선거","5200","강원특별자치도","nec_region_scope","420260603","구·시·군의 장선거","4","4521000","양양군","고제철","100158565","무소속","9999","5","무","관동대학교대학원 관광경영학과 박사과정 수료","1","선거공보","선거공보","candidate-doc:100158565:1","false","","true","20260603/PDF/PBINFO/5210/003_100158565_20260521_1.pdf","fileinfo","https://policy.nec.go.kr/plc/common/downloadFile.do?requestedFileName=20260603_%EC%96%91%EC%96%91%EA%B5%B0_%EA%B3%A0%EC%A0%9C%EC%B2%A0_%EC%84%A0%EA%B1%B0%EA%B3%B5%EB%B3%B4.pdf&requestedFullPath=20260603/PDF/PBINFO/5210/003_100158565_20260521_1.pdf","pack_stale_currently_available","선거공보||20260603/PDF/PBINFO/5210/003_100158565_20260521_1.pdf||||1||HEIGHT||Y||00||00","","","","Y","",""
"420260603-5300-정읍시-100163655-1-선거공보","제9회 전국동시지방선거","5300","전북특별자치도","nec_region_scope","420260603","구·시·군의 장선거","4","4530700","정읍시","이학수","100163655","더불어민주당","100","1","정읍시장","전주대학교 대학원 졸업(금융보험학석사)","1","선거공보","선거공보","candidate-doc:100163655:1","false","","true","20260603/PDF/PBINFO/5307/003_100163655_20260524_1.pdf","fileinfo","https://policy.nec.go.kr/plc/common/downloadFile.do?requestedFileName=20260603_%EC%A0%95%EC%9D%8D%EC%8B%9C_%EC%9D%B4%ED%95%99%EC%88%98_%EC%84%A0%EA%B1%B0%EA%B3%B5%EB%B3%B4.pdf&requestedFullPath=20260603/PDF/PBINFO/5307/003_100163655_20260524_1.pdf","pack_stale_currently_available","선거공보||20260603/PDF/PBINFO/5307/003_100163655_20260524_1.pdf||||1||HEIGHT||Y||00||00","","","","Y","",""
"420260603-5300-정읍시-100156163-1-선거공보","제9회 전국동시지방선거","5300","전북특별자치도","nec_region_scope","420260603","구·시·군의 장선거","4","4530700","정읍시","김민영","100156163","조국혁신당","5077","3","정치인","조선대학교 경영대학원 졸업(경영학석사)","1","선거공보","선거공보","candidate-doc:100156163:1","false","","true","20260603/PDF/PBINFO/5307/003_100156163_20260524_1.pdf","fileinfo","https://policy.nec.go.kr/plc/common/downloadFile.do?requestedFileName=20260603_%EC%A0%95%EC%9D%8D%EC%8B%9C_%EA%B9%80%EB%AF%BC%EC%98%81_%EC%84%A0%EA%B1%B0%EA%B3%B5%EB%B3%B4.pdf&requestedFullPath=20260603/PDF/PBINFO/5307/003_100156163_20260524_1.pdf","pack_stale_currently_available","선거공보||20260603/PDF/PBINFO/5307/003_100156163_20260524_1.pdf||||1||HEIGHT||Y||00||00","","","","Y","",""
"420260603-5300-정읍시-100154602-1-선거공보","제9회 전국동시지방선거","5300","전북특별자치도","nec_region_scope","420260603","구·시·군의 장선거","4","4530700","정읍시","김재선","100154602","무소속","9999","5","덕산그룹 회장","전북과학대학교 경영세무회계과 졸업","1","선거공보","선거공보","candidate-doc:100154602:1","false","","true","20260603/PDF/PBINFO/5307/003_100154602_20260524_1.pdf","fileinfo","https://policy.nec.go.kr/plc/common/downloadFile.do?requestedFileName=20260603_%EC%A0%95%EC%9D%8D%EC%8B%9C_%EA%B9%80%EC%9E%AC%EC%84%A0_%EC%84%A0%EA%B1%B0%EA%B3%B5%EB%B3%B4.pdf&requestedFullPath=20260603/PDF/PBINFO/5307/003_100154602_20260524_1.pdf","pack_stale_currently_available","선거공보||20260603/PDF/PBINFO/5307/003_100154602_20260524_1.pdf||||1||HEIGHT||Y||00||00","","","","Y","",""
"420260603-5300-고창군-100159114-2-선거공약서","제9회 전국동시지방선거","5300","전북특별자치도","nec_region_scope","420260603","구·시·군의 장선거","4","4531600","고창군","유기상","100159114","조국혁신당","5077","3","정당인","전북대학교 대학원 사학과 졸업(문학박사)","2","선거공약서","선거공약서","candidate-doc:100159114:2","false","","true","20260603/PDF/PRMS_DOC_PUB/5316/004_100159114_20260525_1.pdf","fileinfo","https://policy.nec.go.kr/plc/common/downloadFile.do?requestedFileName=20260603_%EA%B3%A0%EC%B0%BD%EA%B5%B0_%EC%9C%A0%EA%B8%B0%EC%83%81_%EC%84%A0%EA%B1%B0%EA%B3%B5%EC%95%BD%EC%84%9C.pdf&requestedFullPath=20260603/PDF/PRMS_DOC_PUB/5316/004_100159114_20260525_1.pdf","pack_stale_currently_available","선거공약서||20260603/PDF/PRMS_DOC_PUB/5316/004_100159114_20260525_1.pdf||||1||HEIGHT||Y||00||01","","","","Y","",""
"520260603-4100-수원시제5선거구-100157162-1-선거공보","제9회 전국동시지방선거","4100","경기도","nec_region_scope","520260603","시·도의회의원선거","5","5410301","수원시제5선거구","황수영","100157162","더불어민주당","100","1","정당인","중앙대학교 도서관학과 졸업","1","선거공보","선거공보","candidate-doc:100157162:1","false","","true","20260603/PDF/PBINFO/4103/003_100157162_20260525_1.pdf","fileinfo","https://policy.nec.go.kr/plc/common/downloadFile.do?requestedFileName=20260603_%EC%88%98%EC%9B%90%EC%8B%9C%EC%A0%9C5%EC%84%A0%EA%B1%B0%EA%B5%AC_%ED%99%A9%EC%88%98%EC%98%81_%EC%84%A0%EA%B1%B0%EA%B3%B5%EB%B3%B4.pdf&requestedFullPath=20260603/PDF/PBINFO/4103/003_100157162_20260525_1.pdf","pack_stale_currently_available","선거공보||20260603/PDF/PBINFO/4103/003_100157162_20260525_1.pdf||||1||HEIGHT||Y||00||00","","","","Y","",""
"520260603-4100-수원시제5선거구-100159009-1-선거공보","제9회 전국동시지방선거","4100","경기도","nec_region_scope","520260603","시·도의회의원선거","5","5410301","수원시제5선거구","김재은","100159009","국민의힘","200","2","현대자동차 영업사원","동남보건대학 환경생명과학과 졸업","1","선거공보","선거공보","candidate-doc:100159009:1","false","","true","20260603/PDF/PBINFO/4103/003_100159009_20260525_1.pdf","fileinfo","https://policy.nec.go.kr/plc/common/downloadFile.do?requestedFileName=20260603_%EC%88%98%EC%9B%90%EC%8B%9C%EC%A0%9C5%EC%84%A0%EA%B1%B0%EA%B5%AC_%EA%B9%80%EC%9E%AC%EC%9D%80_%EC%84%A0%EA%B1%B0%EA%B3%B5%EB%B3%B4.pdf&requestedFullPath=20260603/PDF/PBINFO/4103/003_100159009_20260525_1.pdf","pack_stale_currently_available","선거공보||20260603/PDF/PBINFO/4103/003_100159009_20260525_1.pdf||||1||HEIGHT||Y||00||00","","","","Y","",""
"520260603-4100-용인시제4선거구-100162490-1-선거공보","제9회 전국동시지방선거","4100","경기도","nec_region_scope","520260603","시·도의회의원선거","5","5413702","용인시제4선거구","전자영","100162490","더불어민주당","100","1","경기도의회의원","강남대학교 경제통상학부 졸업(경제학전공)","1","선거공보","선거공보","candidate-doc:100162490:1","false","","true","20260603/PDF/PBINFO/4137/003_100162490_20260524_1.pdf","fileinfo","https://policy.nec.go.kr/plc/common/downloadFile.do?requestedFileName=20260603_%EC%9A%A9%EC%9D%B8%EC%8B%9C%EC%A0%9C4%EC%84%A0%EA%B1%B0%EA%B5%AC_%EC%A0%84%EC%9E%90%EC%98%81_%EC%84%A0%EA%B1%B0%EA%B3%B5%EB%B3%B4.pdf&requestedFullPath=20260603/PDF/PBINFO/4137/003_100162490_20260524_1.pdf","pack_stale_currently_available","선거공보||20260603/PDF/PBINFO/4137/003_100162490_20260524_1.pdf||||1||HEIGHT||Y||00||00","","","","Y","",""
"520260603-4100-용인시제4선거구-100162057-1-선거공보","제9회 전국동시지방선거","4100","경기도","nec_region_scope","520260603","시·도의회의원선거","5","5413702","용인시제4선거구","윤정희","100162057","국민의힘","200","2","(주)무동건축사사무소 대표","경기대학교 공학대학원 졸업(공학석사)","1","선거공보","선거공보","candidate-doc:100162057:1","false","","true","20260603/PDF/PBINFO/4137/003_100162057_20260524_1.pdf","fileinfo","https://policy.nec.go.kr/plc/common/downloadFile.do?requestedFileName=20260603_%EC%9A%A9%EC%9D%B8%EC%8B%9C%EC%A0%9C4%EC%84%A0%EA%B1%B0%EA%B5%AC_%EC%9C%A4%EC%A0%95%ED%9D%AC_%EC%84%A0%EA%B1%B0%EA%B3%B5%EB%B3%B4.pdf&requestedFullPath=20260603/PDF/PBINFO/4137/003_100162057_20260524_1.pdf","pack_stale_currently_available","선거공보||20260603/PDF/PBINFO/4137/003_100162057_20260524_1.pdf||||1||HEIGHT||Y||00||00","","","","Y","",""
"520260603-4100-용인시제5선거구-100157732-1-선거공보","제9회 전국동시지방선거","4100","경기도","nec_region_scope","520260603","시·도의회의원선거","5","5413703","용인시제5선거구","채명신","100157732","더불어민주당","100","1","정당인","세종대학교 대학원 무용학과 졸업(무용학박사)","1","선거공보","선거공보","candidate-doc:100157732:1","false","","true","20260603/PDF/PBINFO/4137/003_100157732_20260524_1.pdf","fileinfo","https://policy.nec.go.kr/plc/common/downloadFile.do?requestedFileName=20260603_%EC%9A%A9%EC%9D%B8%EC%8B%9C%EC%A0%9C5%EC%84%A0%EA%B1%B0%EA%B5%AC_%EC%B1%84%EB%AA%85%EC%8B%A0_%EC%84%A0%EA%B1%B0%EA%B3%B5%EB%B3%B4.pdf&requestedFullPath=20260603/PDF/PBINFO/4137/003_100157732_20260524_1.pdf","pack_stale_currently_available","선거공보||20260603/PDF/PBINFO/4137/003_100157732_20260524_1.pdf||||1||HEIGHT||Y||00||00","","","","Y","",""
"520260603-4100-용인시제5선거구-100160721-1-선거공보","제9회 전국동시지방선거","4100","경기도","nec_region_scope","520260603","시·도의회의원선거","5","5413703","용인시제5선거구","정하용","100160721","국민의힘","200","2","경기도의회의원","명지대학교 대학원 지방행정학과 졸업(행정학석사)","1","선거공보","선거공보","candidate-doc:100160721:1","false","","true","20260603/PDF/PBINFO/4137/003_100160721_20260524_1.pdf","fileinfo","https://policy.nec.go.kr/plc/common/downloadFile.do?requestedFileName=20260603_%EC%9A%A9%EC%9D%B8%EC%8B%9C%EC%A0%9C5%EC%84%A0%EA%B1%B0%EA%B5%AC_%EC%A0%95%ED%95%98%EC%9A%A9_%EC%84%A0%EA%B1%B0%EA%B3%B5%EB%B3%B4.pdf&requestedFullPath=20260603/PDF/PBINFO/4137/003_100160721_20260524_1.pdf","pack_stale_currently_available","선거공보||20260603/PDF/PBINFO/4137/003_100160721_20260524_1.pdf||||1||HEIGHT||Y||00||00","","","","Y","",""
"520260603-4100-용인시제9선거구-100163207-1-선거공보","제9회 전국동시지방선거","4100","경기도","nec_region_scope","520260603","시·도의회의원선거","5","5413704","용인시제9선거구","고찬석","100163207","더불어민주당","100","1","정당인","강남대학교 부동산·법무·행정대학원 법학과 졸업(법학석사)","1","선거공보","선거공보","candidate-doc:100163207:1","false","","true","20260603/PDF/PBINFO/4137/003_100163207_20260525_1.pdf","fileinfo","https://policy.nec.go.kr/plc/common/downloadFile.do?requestedFileName=20260603_%EC%9A%A9%EC%9D%B8%EC%8B%9C%EC%A0%9C9%EC%84%A0%EA%B1%B0%EA%B5%AC_%EA%B3%A0%EC%B0%AC%EC%84%9D_%EC%84%A0%EA%B1%B0%EA%B3%B5%EB%B3%B4.pdf&requestedFullPath=20260603/PDF/PBINFO/4137/003_100163207_20260525_1.pdf","pack_stale_currently_available","선거공보||20260603/PDF/PBINFO/4137/003_100163207_20260525_1.pdf||||1||HEIGHT||Y||00||00","","","","Y","",""
"520260603-4100-용인시제9선거구-100161521-1-선거공보","제9회 전국동시지방선거","4100","경기도","nec_region_scope","520260603","시·도의회의원선거","5","5413704","용인시제9선거구","신현정","100161521","국민의힘","200","2","정당인","경희대학교 테크노경영대학원 복지경영학과 졸업(경영학석사)","1","선거공보","선거공보","candidate-doc:100161521:1","false","","true","20260603/PDF/PBINFO/4137/003_100161521_20260525_1.pdf","fileinfo","https://policy.nec.go.kr/plc/common/downloadFile.do?requestedFileName=20260603_%EC%9A%A9%EC%9D%B8%EC%8B%9C%EC%A0%9C9%EC%84%A0%EA%B1%B0%EA%B5%AC_%EC%8B%A0%ED%98%84%EC%A0%95_%EC%84%A0%EA%B1%B0%EA%B3%B5%EB%B3%B4.pdf&requestedFullPath=20260603/PDF/PBINFO/4137/003_100161521_20260525_1.pdf","pack_stale_currently_available","선거공보||20260603/PDF/PBINFO/4137/003_100161521_20260525_1.pdf||||1||HEIGHT||Y||00||00","","","","Y","",""
"520260603-4100-용인시제10선거구-100157362-1-선거공보","제9회 전국동시지방선거","4100","경기도","nec_region_scope","520260603","시·도의회의원선거","5","5413705","용인시제10선거구","우현욱","100157362","더불어민주당","100","1","정당인","경북대학교 공과대학 화학공학과 졸업 ","1","선거공보","선거공보","candidate-doc:100157362:1","false","","true","20260603/PDF/PBINFO/4137/003_100157362_20260524_1.pdf","fileinfo","https://policy.nec.go.kr/plc/common/downloadFile.do?requestedFileName=20260603_%EC%9A%A9%EC%9D%B8%EC%8B%9C%EC%A0%9C10%EC%84%A0%EA%B1%B0%EA%B5%AC_%EC%9A%B0%ED%98%84%EC%9A%B1_%EC%84%A0%EA%B1%B0%EA%B3%B5%EB%B3%B4.pdf&requestedFullPath=20260603/PDF/PBINFO/4137/003_100157362_20260524_1.pdf","pack_stale_currently_available","선거공보||20260603/PDF/PBINFO/4137/003_100157362_20260524_1.pdf||||1||HEIGHT||Y||00||00","","","","Y","",""
"520260603-4100-용인시제10선거구-100163222-1-선거공보","제9회 전국동시지방선거","4100","경기도","nec_region_scope","520260603","시·도의회의원선거","5","5413705","용인시제10선거구","이유진","100163222","국민의힘","200","2","유아 아동 미술교육 강사","성신여자대학교 교육대학원 졸업(교육학석사)","1","선거공보","선거공보","candidate-doc:100163222:1","false","","true","20260603/PDF/PBINFO/4137/003_100163222_20260525_1.pdf","fileinfo","https://policy.nec.go.kr/plc/common/downloadFile.do?requestedFileName=20260603_%EC%9A%A9%EC%9D%B8%EC%8B%9C%EC%A0%9C10%EC%84%A0%EA%B1%B0%EA%B5%AC_%EC%9D%B4%EC%9C%A0%EC%A7%84_%EC%84%A0%EA%B1%B0%EA%B3%B5%EB%B3%B4.pdf&requestedFullPath=20260603/PDF/PBINFO/4137/003_100163222_20260525_1.pdf","pack_stale_currently_available","선거공보||20260603/PDF/PBINFO/4137/003_100163222_20260525_1.pdf||||1||HEIGHT||Y||00||00","","","","Y","",""
"520260603-4100-고양시제7선거구-100163071-1-선거공보","제9회 전국동시지방선거","4100","경기도","nec_region_scope","520260603","시·도의회의원선거","5","5412101","고양시제7선거구","김해련","100163071","더불어민주당","100","1","고양특례시의원","세종대학교 영어영문학과 졸업","1","선거공보","선거공보","candidate-doc:100163071:1","false","","true","20260603/PDF/PBINFO/4121/003_100163071_20260525_1.pdf","fileinfo","https://policy.nec.go.kr/plc/common/downloadFile.do?requestedFileName=20260603_%EA%B3%A0%EC%96%91%EC%8B%9C%EC%A0%9C7%EC%84%A0%EA%B1%B0%EA%B5%AC_%EA%B9%80%ED%95%B4%EB%A0%A8_%EC%84%A0%EA%B1%B0%EA%B3%B5%EB%B3%B4.pdf&requestedFullPath=20260603/PDF/PBINFO/4121/003_100163071_20260525_1.pdf","pack_stale_currently_available","선거공보||20260603/PDF/PBINFO/4121/003_100163071_20260525_1.pdf||||1||HEIGHT||Y||00||00","","","","Y","",""
"520260603-4100-고양시제7선거구-100162965-1-선거공보","제9회 전국동시지방선거","4100","경기도","nec_region_scope","520260603","시·도의회의원선거","5","5412101","고양시제7선거구","이호배","100162965","국민의힘","200","2","헬스트레이너","우석대학교 에너지전기공학과 중퇴 (2020.03~2021.12)","1","선거공보","선거공보","candidate-doc:100162965:1","false","","true","20260603/PDF/PBINFO/4121/003_100162965_20260525_1.pdf","fileinfo","https://policy.nec.go.kr/plc/common/downloadFile.do?requestedFileName=20260603_%EA%B3%A0%EC%96%91%EC%8B%9C%EC%A0%9C7%EC%84%A0%EA%B1%B0%EA%B5%AC_%EC%9D%B4%ED%98%B8%EB%B0%B0_%EC%84%A0%EA%B1%B0%EA%B3%B5%EB%B3%B4.pdf&requestedFullPath=20260603/PDF/PBINFO/4121/003_100162965_20260525_1.pdf","pack_stale_currently_available","선거공보||20260603/PDF/PBINFO/4121/003_100162965_20260525_1.pdf||||1||HEIGHT||Y||00||00","","","","Y","",""
"520260603-4100-고양시제8선거구-100155438-1-선거공보","제9회 전국동시지방선거","4100","경기도","nec_region_scope","520260603","시·도의회의원선거","5","5412102","고양시제8선거구","이성한","100155438","더불어민주당","100","1","정당인","단국대학교 문과대학 도예학과 졸업","1","선거공보","선거공보","candidate-doc:100155438:1","false","","true","20260603/PDF/PBINFO/4121/003_100155438_20260525_1.pdf","fileinfo","https://policy.nec.go.kr/plc/common/downloadFile.do?requestedFileName=20260603_%EA%B3%A0%EC%96%91%EC%8B%9C%EC%A0%9C8%EC%84%A0%EA%B1%B0%EA%B5%AC_%EC%9D%B4%EC%84%B1%ED%95%9C_%EC%84%A0%EA%B1%B0%EA%B3%B5%EB%B3%B4.pdf&requestedFullPath=20260603/PDF/PBINFO/4121/003_100155438_20260525_1.pdf","pack_stale_currently_available","선거공보||20260603/PDF/PBINFO/4121/003_100155438_20260525_1.pdf||||1||HEIGHT||Y||00||00","","","","Y","",""
"520260603-4100-고양시제9선거구-100156534-1-선거공보","제9회 전국동시지방선거","4100","경기도","nec_region_scope","520260603","시·도의회의원선거","5","5412103","고양시제9선거구","이기대","100156534","더불어민주당","100","1","사회연대경제 활동가","한양대학교 공공정책대학원 졸업［시민사회학 석사(사회적임팩트)］","1","선거공보","선거공보","candidate-doc:100156534:1","false","","true","20260603/PDF/PBINFO/4121/003_100156534_20260525_1.pdf","fileinfo","https://policy.nec.go.kr/plc/common/downloadFile.do?requestedFileName=20260603_%EA%B3%A0%EC%96%91%EC%8B%9C%EC%A0%9C9%EC%84%A0%EA%B1%B0%EA%B5%AC_%EC%9D%B4%EA%B8%B0%EB%8C%80_%EC%84%A0%EA%B1%B0%EA%B3%B5%EB%B3%B4.pdf&requestedFullPath=20260603/PDF/PBINFO/4121/003_100156534_20260525_1.pdf","pack_stale_currently_available","선거공보||20260603/PDF/PBINFO/4121/003_100156534_20260525_1.pdf||||1||HEIGHT||Y||00||00","","","","Y","",""
"520260603-4100-고양시제9선거구-100161587-1-선거공보","제9회 전국동시지방선거","4100","경기도","nec_region_scope","520260603","시·도의회의원선거","5","5412103","고양시제9선거구","김수환","100161587","국민의힘","200","2","호원대학교 실용음악학부 시간강사","동국대학교 행정대학원 졸업(사회복지학 석사)","1","선거공보","선거공보","candidate-doc:100161587:1","false","","true","20260603/PDF/PBINFO/4121/003_100161587_20260525_1.pdf","fileinfo","https://policy.nec.go.kr/plc/common/downloadFile.do?requestedFileName=20260603_%EA%B3%A0%EC%96%91%EC%8B%9C%EC%A0%9C9%EC%84%A0%EA%B1%B0%EA%B5%AC_%EA%B9%80%EC%88%98%ED%99%98_%EC%84%A0%EA%B1%B0%EA%B3%B5%EB%B3%B4.pdf&requestedFullPath=20260603/PDF/PBINFO/4121/003_100161587_20260525_1.pdf","pack_stale_currently_available","선거공보||20260603/PDF/PBINFO/4121/003_100161587_20260525_1.pdf||||1||HEIGHT||Y||00||00","","","","Y","",""
"520260603-4100-성남시제3선거구-100158213-1-선거공보","제9회 전국동시지방선거","4100","경기도","nec_region_scope","520260603","시·도의회의원선거","5","5410601","성남시제3선거구","모성민","100158213","국민의힘","200","2","무직","국제사이버대학교 사회복지학 1년 중퇴(2014.3. ~ 2014.12.)","1","선거공보","선거공보","candidate-doc:100158213:1","false","","true","20260603/PDF/PBINFO/4106/003_100158213_20260525_2.pdf","fileinfo","https://policy.nec.go.kr/plc/common/downloadFile.do?requestedFileName=20260603_%EC%84%B1%EB%82%A8%EC%8B%9C%EC%A0%9C3%EC%84%A0%EA%B1%B0%EA%B5%AC_%EB%AA%A8%EC%84%B1%EB%AF%BC_%EC%84%A0%EA%B1%B0%EA%B3%B5%EB%B3%B4.pdf&requestedFullPath=20260603/PDF/PBINFO/4106/003_100158213_20260525_2.pdf","pack_stale_currently_available","선거공보||20260603/PDF/PBINFO/4106/003_100158213_20260525_2.pdf||||1||HEIGHT||Y||00||00","","","","Y","",""
"520260603-4100-평택시제1선거구-100161462-1-선거공보","제9회 전국동시지방선거","4100","경기도","nec_region_scope","520260603","시·도의회의원선거","5","5411501","평택시제1선거구","김상곤","100161462","국민의힘","200","2","경기도의회의원","한경국립대학교 교육대학원 석사학위과정 1학기 재학중","1","선거공보","선거공보","candidate-doc:100161462:1","false","","true","20260603/PDF/PBINFO/4115/003_100161462_20260525_1.pdf","fileinfo","https://policy.nec.go.kr/plc/common/downloadFile.do?requestedFileName=20260603_%ED%8F%89%ED%83%9D%EC%8B%9C%EC%A0%9C1%EC%84%A0%EA%B1%B0%EA%B5%AC_%EA%B9%80%EC%83%81%EA%B3%A4_%EC%84%A0%EA%B1%B0%EA%B3%B5%EB%B3%B4.pdf&requestedFullPath=20260603/PDF/PBINFO/4115/003_100161462_20260525_1.pdf","pack_stale_currently_available","선거공보||20260603/PDF/PBINFO/4115/003_100161462_20260525_1.pdf||||1||HEIGHT||Y||00||00","","","","Y","",""
"520260603-4100-평택시제2선거구-100157708-1-선거공보","제9회 전국동시지방선거","4100","경기도","nec_region_scope","520260603","시·도의회의원선거","5","5411502","평택시제2선거구","백정일","100157708","국민의힘","200","2","문화기획자","고려대학교 대학원 문화콘텐츠학과 졸업(문학박사)","1","선거공보","선거공보","candidate-doc:100157708:1","false","","true","20260603/PDF/PBINFO/4115/003_100157708_20260524_1.pdf","fileinfo","https://policy.nec.go.kr/plc/common/downloadFile.do?requestedFileName=20260603_%ED%8F%89%ED%83%9D%EC%8B%9C%EC%A0%9C2%EC%84%A0%EA%B1%B0%EA%B5%AC_%EB%B0%B1%EC%A0%95%EC%9D%BC_%EC%84%A0%EA%B1%B0%EA%B3%B5%EB%B3%B4.pdf&requestedFullPath=20260603/PDF/PBINFO/4115/003_100157708_20260524_1.pdf","pack_stale_currently_available","선거공보||20260603/PDF/PBINFO/4115/003_100157708_20260524_1.pdf||||1||HEIGHT||Y||00||00","","","","Y","",""
"520260603-4100-안양시제1선거구-100161600-1-선거공보","제9회 전국동시지방선거","4100","경기도","nec_region_scope","520260603","시·도의회의원선거","5","5410901","안양시제1선거구","김성수","100161600","더불어민주당","100","1","경기도의회의원","한국방송통신대학교 경제학과 1학년 제적(2010.03.01.~2025.09.24.)","1","선거공보","선거공보","candidate-doc:100161600:1","false","","true","20260603/PDF/PBINFO/4109/003_100161600_20260525_2.pdf","fileinfo","https://policy.nec.go.kr/plc/common/downloadFile.do?requestedFileName=20260603_%EC%95%88%EC%96%91%EC%8B%9C%EC%A0%9C1%EC%84%A0%EA%B1%B0%EA%B5%AC_%EA%B9%80%EC%84%B1%EC%88%98_%EC%84%A0%EA%B1%B0%EA%B3%B5%EB%B3%B4.pdf&requestedFullPath=20260603/PDF/PBINFO/4109/003_100161600_20260525_2.pdf","pack_stale_currently_available","선거공보||20260603/PDF/PBINFO/4109/003_100161600_20260525_2.pdf||||1||HEIGHT||Y||00||00","","","","Y","",""
"520260603-4100-안양시제1선거구-100161661-1-선거공보","제9회 전국동시지방선거","4100","경기도","nec_region_scope","520260603","시·도의회의원선거","5","5410901","안양시제1선거구","정완기","100161661","국민의힘","200","2","안양시의회의원","명지대학교 대학원 지방행정학과 졸업(행정학석사)","1","선거공보","선거공보","candidate-doc:100161661:1","false","","true","20260603/PDF/PBINFO/4109/003_100161661_20260523_1.pdf","fileinfo","https://policy.nec.go.kr/plc/common/downloadFile.do?requestedFileName=20260603_%EC%95%88%EC%96%91%EC%8B%9C%EC%A0%9C1%EC%84%A0%EA%B1%B0%EA%B5%AC_%EC%A0%95%EC%99%84%EA%B8%B0_%EC%84%A0%EA%B1%B0%EA%B3%B5%EB%B3%B4.pdf&requestedFullPath=20260603/PDF/PBINFO/4109/003_100161661_20260523_1.pdf","pack_stale_currently_available","선거공보||20260603/PDF/PBINFO/4109/003_100161661_20260523_1.pdf||||1||HEIGHT||Y||00||00","","","","Y","",""
"520260603-4100-안양시제2선거구-100157073-1-선거공보","제9회 전국동시지방선거","4100","경기도","nec_region_scope","520260603","시·도의회의원선거","5","5410902","안양시제2선거구","최경순","100157073","더불어민주당","100","1","정당인","경인교육대학교 교육전문대학원 윤리인성교육학과 수료","1","선거공보","선거공보","candidate-doc:100157073:1","false","","true","20260603/PDF/PBINFO/4109/003_100157073_20260523_1.pdf","fileinfo","https://policy.nec.go.kr/plc/common/downloadFile.do?requestedFileName=20260603_%EC%95%88%EC%96%91%EC%8B%9C%EC%A0%9C2%EC%84%A0%EA%B1%B0%EA%B5%AC_%EC%B5%9C%EA%B2%BD%EC%88%9C_%EC%84%A0%EA%B1%B0%EA%B3%B5%EB%B3%B4.pdf&requestedFullPath=20260603/PDF/PBINFO/4109/003_100157073_20260523_1.pdf","pack_stale_currently_available","선거공보||20260603/PDF/PBINFO/4109/003_100157073_20260523_1.pdf||||1||HEIGHT||Y||00||00","","","","Y","",""
"520260603-4100-안양시제2선거구-100154977-1-선거공보","제9회 전국동시지방선거","4100","경기도","nec_region_scope","520260603","시·도의회의원선거","5","5410902","안양시제2선거구","정영근","100154977","국민의힘","200","2","(주)나무손ETS 이사","아주대학교 기계공학부 졸업","1","선거공보","선거공보","candidate-doc:100154977:1","false","","true","20260603/PDF/PBINFO/4109/003_100154977_20260523_1.pdf","fileinfo","https://policy.nec.go.kr/plc/common/downloadFile.do?requestedFileName=20260603_%EC%95%88%EC%96%91%EC%8B%9C%EC%A0%9C2%EC%84%A0%EA%B1%B0%EA%B5%AC_%EC%A0%95%EC%98%81%EA%B7%BC_%EC%84%A0%EA%B1%B0%EA%B3%B5%EB%B3%B4.pdf&requestedFullPath=20260603/PDF/PBINFO/4109/003_100154977_20260523_1.pdf","pack_stale_currently_available","선거공보||20260603/PDF/PBINFO/4109/003_100154977_20260523_1.pdf||||1||HEIGHT||Y||00||00","","","","Y","",""
"520260603-4100-의왕시제1선거구-100156889-1-선거공보","제9회 전국동시지방선거","4100","경기도","nec_region_scope","520260603","시·도의회의원선거","5","5412401","의왕시제1선거구","박근철","100156889","더불어민주당","100","1","더불어민주당 당대표 특별보좌역 정무특보","경기대학교 대학원 수료 (행정학박사과정)","1","선거공보","선거공보","candidate-doc:100156889:1","false","","true","20260603/PDF/PBINFO/4124/003_100156889_20260521_1.pdf","fileinfo","https://policy.nec.go.kr/plc/common/downloadFile.do?requestedFileName=20260603_%EC%9D%98%EC%99%95%EC%8B%9C%EC%A0%9C1%EC%84%A0%EA%B1%B0%EA%B5%AC_%EB%B0%95%EA%B7%BC%EC%B2%A0_%EC%84%A0%EA%B1%B0%EA%B3%B5%EB%B3%B4.pdf&requestedFullPath=20260603/PDF/PBINFO/4124/003_100156889_20260521_1.pdf","pack_stale_currently_available","선거공보||20260603/PDF/PBINFO/4124/003_100156889_20260521_1.pdf||||1||HEIGHT||Y||00||00","","","","Y","",""
"520260603-4100-의왕시제1선거구-100161229-1-선거공보","제9회 전국동시지방선거","4100","경기도","nec_region_scope","520260603","시·도의회의원선거","5","5412401","의왕시제1선거구","김영기","100161229","국민의힘","200","2","경기도의회의원","서울대학교 수의학과 졸업","1","선거공보","선거공보","candidate-doc:100161229:1","false","","true","20260603/PDF/PBINFO/4124/003_100161229_20260521_1.pdf","fileinfo","https://policy.nec.go.kr/plc/common/downloadFile.do?requestedFileName=20260603_%EC%9D%98%EC%99%95%EC%8B%9C%EC%A0%9C1%EC%84%A0%EA%B1%B0%EA%B5%AC_%EA%B9%80%EC%98%81%EA%B8%B0_%EC%84%A0%EA%B1%B0%EA%B3%B5%EB%B3%B4.pdf&requestedFullPath=20260603/PDF/PBINFO/4124/003_100161229_20260521_1.pdf","pack_stale_currently_available","선거공보||20260603/PDF/PBINFO/4124/003_100161229_20260521_1.pdf||||1||HEIGHT||Y||00||00","","","","Y","",""
"520260603-4100-의왕시제2선거구-100154941-1-선거공보","제9회 전국동시지방선거","4100","경기도","nec_region_scope","520260603","시·도의회의원선거","5","5412402","의왕시제2선거구","장태환","100154941","더불어민주당","100","1","정치인","안양대학교 대학원 졸업 (교육학박사)","1","선거공보","선거공보","candidate-doc:100154941:1","false","","true","20260603/PDF/PBINFO/4124/003_100154941_20260522_1.pdf","fileinfo","https://policy.nec.go.kr/plc/common/downloadFile.do?requestedFileName=20260603_%EC%9D%98%EC%99%95%EC%8B%9C%EC%A0%9C2%EC%84%A0%EA%B1%B0%EA%B5%AC_%EC%9E%A5%ED%83%9C%ED%99%98_%EC%84%A0%EA%B1%B0%EA%B3%B5%EB%B3%B4.pdf&requestedFullPath=20260603/PDF/PBINFO/4124/003_100154941_20260522_1.pdf","pack_stale_currently_available","선거공보||20260603/PDF/PBINFO/4124/003_100154941_20260522_1.pdf||||1||HEIGHT||Y||00||00","","","","Y","",""
"520260603-4100-의왕시제2선거구-100160804-1-선거공보","제9회 전국동시지방선거","4100","경기도","nec_region_scope","520260603","시·도의회의원선거","5","5412402","의왕시제2선거구","김학기","100160804","국민의힘","200","2","의왕시의회의원","연세대학교 행정대학원 졸업 (행정학석사)","1","선거공보","선거공보","candidate-doc:100160804:1","false","","true","20260603/PDF/PBINFO/4124/003_100160804_20260521_1.pdf","fileinfo","https://policy.nec.go.kr/plc/common/downloadFile.do?requestedFileName=20260603_%EC%9D%98%EC%99%95%EC%8B%9C%EC%A0%9C2%EC%84%A0%EA%B1%B0%EA%B5%AC_%EA%B9%80%ED%95%99%EA%B8%B0_%EC%84%A0%EA%B1%B0%EA%B3%B5%EB%B3%B4.pdf&requestedFullPath=20260603/PDF/PBINFO/4124/003_100160804_20260521_1.pdf","pack_stale_currently_available","선거공보||20260603/PDF/PBINFO/4124/003_100160804_20260521_1.pdf||||1||HEIGHT||Y||00||00","","","","Y","",""
"520260603-5200-춘천시제1선거구-100155097-1-선거공보","제9회 전국동시지방선거","5200","강원특별자치도","nec_region_scope","520260603","시·도의회의원선거","5","5520101","춘천시제1선거구","윤지영","100155097","더불어민주당","100","1","정당인","한림대학교 대학원 졸업(사회복지학 박사)","1","선거공보","선거공보","candidate-doc:100155097:1","false","","true","20260603/PDF/PBINFO/5201/003_100155097_20260524_1.pdf","fileinfo","https://policy.nec.go.kr/plc/common/downloadFile.do?requestedFileName=20260603_%EC%B6%98%EC%B2%9C%EC%8B%9C%EC%A0%9C1%EC%84%A0%EA%B1%B0%EA%B5%AC_%EC%9C%A4%EC%A7%80%EC%98%81_%EC%84%A0%EA%B1%B0%EA%B3%B5%EB%B3%B4.pdf&requestedFullPath=20260603/PDF/PBINFO/5201/003_100155097_20260524_1.pdf","pack_stale_currently_available","선거공보||20260603/PDF/PBINFO/5201/003_100155097_20260524_1.pdf||||1||HEIGHT||Y||00||00","","","","Y","",""
"520260603-5200-춘천시제1선거구-100163296-1-선거공보","제9회 전국동시지방선거","5200","강원특별자치도","nec_region_scope","520260603","시·도의회의원선거","5","5520101","춘천시제1선거구","한중일","100163296","국민의힘","200","2","정당인","강원대학교 일반대학원 평화학과 박사과정 수료(인문평화학 전공)","1","선거공보","선거공보","candidate-doc:100163296:1","false","","true","20260603/PDF/PBINFO/5201/003_100163296_20260524_1.pdf","fileinfo","https://policy.nec.go.kr/plc/common/downloadFile.do?requestedFileName=20260603_%EC%B6%98%EC%B2%9C%EC%8B%9C%EC%A0%9C1%EC%84%A0%EA%B1%B0%EA%B5%AC_%ED%95%9C%EC%A4%91%EC%9D%BC_%EC%84%A0%EA%B1%B0%EA%B3%B5%EB%B3%B4.pdf&requestedFullPath=20260603/PDF/PBINFO/5201/003_100163296_20260524_1.pdf","pack_stale_currently_available","선거공보||20260603/PDF/PBINFO/5201/003_100163296_20260524_1.pdf||||1||HEIGHT||Y||00||00","","","","Y","",""
"520260603-5200-춘천시제2선거구-100153841-1-선거공보","제9회 전국동시지방선거","5200","강원특별자치도","nec_region_scope","520260603","시·도의회의원선거","5","5520102","춘천시제2선거구","김희철","100153841","국민의힘","200","2","정당인","강원대학교 경영행정대학원 행정학과 졸업(행정학석사)","1","선거공보","선거공보","candidate-doc:100153841:1","false","","true","20260603/PDF/PBINFO/5201/003_100153841_20260522_1.pdf","fileinfo","https://policy.nec.go.kr/plc/common/downloadFile.do?requestedFileName=20260603_%EC%B6%98%EC%B2%9C%EC%8B%9C%EC%A0%9C2%EC%84%A0%EA%B1%B0%EA%B5%AC_%EA%B9%80%ED%9D%AC%EC%B2%A0_%EC%84%A0%EA%B1%B0%EA%B3%B5%EB%B3%B4.pdf&requestedFullPath=20260603/PDF/PBINFO/5201/003_100153841_20260522_1.pdf","pack_stale_currently_available","선거공보||20260603/PDF/PBINFO/5201/003_100153841_20260522_1.pdf||||1||HEIGHT||Y||00||00","","","","Y","",""
"520260603-5200-홍천군제1선거구-100154032-1-선거공보","제9회 전국동시지방선거","5200","강원특별자치도","nec_region_scope","520260603","시·도의회의원선거","5","5521201","홍천군제1선거구","권재혁","100154032","더불어민주당","100","1","정당인","강원대학교 법과대학 행정학과 졸업","1","선거공보","선거공보","candidate-doc:100154032:1","false","","true","20260603/PDF/PBINFO/5212/003_100154032_20260523_1.pdf","fileinfo","https://policy.nec.go.kr/plc/common/downloadFile.do?requestedFileName=20260603_%ED%99%8D%EC%B2%9C%EA%B5%B0%EC%A0%9C1%EC%84%A0%EA%B1%B0%EA%B5%AC_%EA%B6%8C%EC%9E%AC%ED%98%81_%EC%84%A0%EA%B1%B0%EA%B3%B5%EB%B3%B4.pdf&requestedFullPath=20260603/PDF/PBINFO/5212/003_100154032_20260523_1.pdf","pack_stale_currently_available","선거공보||20260603/PDF/PBINFO/5212/003_100154032_20260523_1.pdf||||1||HEIGHT||Y||00||00","","","","Y","",""
"520260603-5200-철원군제2선거구-100157279-1-선거공보","제9회 전국동시지방선거","5200","강원특별자치도","nec_region_scope","520260603","시·도의회의원선거","5","5521802","철원군제2선거구","김호진","100157279","더불어민주당","100","1","무직","서일대학교 자동차과 중퇴(2000.3. ~ 2004.10.)","1","선거공보","선거공보","candidate-doc:100157279:1","false","","true","20260603/PDF/PBINFO/5218/003_100157279_20260521_1.pdf","fileinfo","https://policy.nec.go.kr/plc/common/downloadFile.do?requestedFileName=20260603_%EC%B2%A0%EC%9B%90%EA%B5%B0%EC%A0%9C2%EC%84%A0%EA%B1%B0%EA%B5%AC_%EA%B9%80%ED%98%B8%EC%A7%84_%EC%84%A0%EA%B1%B0%EA%B3%B5%EB%B3%B4.pdf&requestedFullPath=20260603/PDF/PBINFO/5218/003_100157279_20260521_1.pdf","pack_stale_currently_available","선거공보||20260603/PDF/PBINFO/5218/003_100157279_20260521_1.pdf||||1||HEIGHT||Y||00||00","","","","Y","",""
"520260603-5200-철원군제2선거구-100154101-1-선거공보","제9회 전국동시지방선거","5200","강원특별자치도","nec_region_scope","520260603","시·도의회의원선거","5","5521802","철원군제2선거구","엄기성","100154101","국민의힘","200","2","기둥교육 대표","강원대학교 교육대학원 졸업(교육학 석사)","1","선거공보","선거공보","candidate-doc:100154101:1","false","","true","20260603/PDF/PBINFO/5218/003_100154101_20260521_1.pdf","fileinfo","https://policy.nec.go.kr/plc/common/downloadFile.do?requestedFileName=20260603_%EC%B2%A0%EC%9B%90%EA%B5%B0%EC%A0%9C2%EC%84%A0%EA%B1%B0%EA%B5%AC_%EC%97%84%EA%B8%B0%EC%84%B1_%EC%84%A0%EA%B1%B0%EA%B3%B5%EB%B3%B4.pdf&requestedFullPath=20260603/PDF/PBINFO/5218/003_100154101_20260521_1.pdf","pack_stale_currently_available","선거공보||20260603/PDF/PBINFO/5218/003_100154101_20260521_1.pdf||||1||HEIGHT||Y||00||00","","","","Y","",""
"520260603-5200-양양군선거구-100162787-1-선거공보","제9회 전국동시지방선거","5200","강원특별자치도","nec_region_scope","520260603","시·도의회의원선거","5","5521001","양양군선거구","김동진","100162787","더불어민주당","100","1","자영업","안양대학교 경영행정대학원 관광경영학과 졸업(관광경영학석사)","1","선거공보","선거공보","candidate-doc:100162787:1","false","","true","20260603/PDF/PBINFO/5210/003_100162787_20260521_1.pdf","fileinfo","https://policy.nec.go.kr/plc/common/downloadFile.do?requestedFileName=20260603_%EC%96%91%EC%96%91%EA%B5%B0%EC%84%A0%EA%B1%B0%EA%B5%AC_%EA%B9%80%EB%8F%99%EC%A7%84_%EC%84%A0%EA%B1%B0%EA%B3%B5%EB%B3%B4.pdf&requestedFullPath=20260603/PDF/PBINFO/5210/003_100162787_20260521_1.pdf","pack_stale_currently_available","선거공보||20260603/PDF/PBINFO/5210/003_100162787_20260521_1.pdf||||1||HEIGHT||Y||00||00","","","","Y","",""
"520260603-5200-양양군선거구-100162226-1-선거공보","제9회 전국동시지방선거","5200","강원특별자치도","nec_region_scope","520260603","시·도의회의원선거","5","5521001","양양군선거구","이종석","100162226","국민의힘","200","2","양양군의회 의원","강릉대학교 경영정책과학대학원 지역개발학과 졸업(도시계획학석사)","1","선거공보","선거공보","candidate-doc:100162226:1","false","","true","20260603/PDF/PBINFO/5210/003_100162226_20260521_1.pdf","fileinfo","https://policy.nec.go.kr/plc/common/downloadFile.do?requestedFileName=20260603_%EC%96%91%EC%96%91%EA%B5%B0%EC%84%A0%EA%B1%B0%EA%B5%AC_%EC%9D%B4%EC%A2%85%EC%84%9D_%EC%84%A0%EA%B1%B0%EA%B3%B5%EB%B3%B4.pdf&requestedFullPath=20260603/PDF/PBINFO/5210/003_100162226_20260521_1.pdf","pack_stale_currently_available","선거공보||20260603/PDF/PBINFO/5210/003_100162226_20260521_1.pdf||||1||HEIGHT||Y||00||00","","","","Y","",""
"520260603-5200-양양군선거구-100155591-1-선거공보","제9회 전국동시지방선거","5200","강원특별자치도","nec_region_scope","520260603","시·도의회의원선거","5","5521001","양양군선거구","김영근","100155591","무소속","9999","5","행정사 겸 법무사","건국대학교 부동산대학원 졸업 (부동산학 석사)","1","선거공보","선거공보","candidate-doc:100155591:1","false","","true","20260603/PDF/PBINFO/5210/003_100155591_20260521_1.pdf","fileinfo","https://policy.nec.go.kr/plc/common/downloadFile.do?requestedFileName=20260603_%EC%96%91%EC%96%91%EA%B5%B0%EC%84%A0%EA%B1%B0%EA%B5%AC_%EA%B9%80%EC%98%81%EA%B7%BC_%EC%84%A0%EA%B1%B0%EA%B3%B5%EB%B3%B4.pdf&requestedFullPath=20260603/PDF/PBINFO/5210/003_100155591_20260521_1.pdf","pack_stale_currently_available","선거공보||20260603/PDF/PBINFO/5210/003_100155591_20260521_1.pdf||||1||HEIGHT||Y||00||00","","","","Y","",""
"520260603-5300-전주시제3선거구-100164396-1-선거공보","제9회 전국동시지방선거","5300","전북특별자치도","nec_region_scope","520260603","시·도의회의원선거","5","5530103","전주시제3선거구","정종복","100164396","더불어민주당","100","1","전북특별자치도의회의원","전주대학교 경영행정대학원 경영학 석사","1","선거공보","선거공보","candidate-doc:100164396:1","false","","true","20260603/PDF/PBINFO/5301/003_100164396_20260525_1.pdf","fileinfo","https://policy.nec.go.kr/plc/common/downloadFile.do?requestedFileName=20260603_%EC%A0%84%EC%A3%BC%EC%8B%9C%EC%A0%9C3%EC%84%A0%EA%B1%B0%EA%B5%AC_%EC%A0%95%EC%A2%85%EB%B3%B5_%EC%84%A0%EA%B1%B0%EA%B3%B5%EB%B3%B4.pdf&requestedFullPath=20260603/PDF/PBINFO/5301/003_100164396_20260525_1.pdf","pack_stale_currently_available","선거공보||20260603/PDF/PBINFO/5301/003_100164396_20260525_1.pdf||||1||HEIGHT||Y||00||00","","","","Y","",""
"520260603-5300-전주시제7선거구-100157496-1-선거공보","제9회 전국동시지방선거","5300","전북특별자치도","nec_region_scope","520260603","시·도의회의원선거","5","5530107","전주시제7선거구","박형배","100157496","더불어민주당","100","1","정치인","전북대학교 행정대학원 정치학석사","1","선거공보","선거공보","candidate-doc:100157496:1","false","","true","20260603/PDF/PBINFO/5301/003_100157496_20260525_1.pdf","fileinfo","https://policy.nec.go.kr/plc/common/downloadFile.do?requestedFileName=20260603_%EC%A0%84%EC%A3%BC%EC%8B%9C%EC%A0%9C7%EC%84%A0%EA%B1%B0%EA%B5%AC_%EB%B0%95%ED%98%95%EB%B0%B0_%EC%84%A0%EA%B1%B0%EA%B3%B5%EB%B3%B4.pdf&requestedFullPath=20260603/PDF/PBINFO/5301/003_100157496_20260525_1.pdf","pack_stale_currently_available","선거공보||20260603/PDF/PBINFO/5301/003_100157496_20260525_1.pdf||||1||HEIGHT||Y||00||00","","","","Y","",""
"520260603-5300-전주시제7선거구-100164409-1-선거공보","제9회 전국동시지방선거","5300","전북특별자치도","nec_region_scope","520260603","시·도의회의원선거","5","5530107","전주시제7선거구","이수진","100164409","무소속","9999","5","정치인","경희대학교 대학원 행정학과 졸업(행정학 박사)","1","선거공보","선거공보","candidate-doc:100164409:1","false","","true","20260603/PDF/PBINFO/5301/003_100164409_20260525_1.pdf","fileinfo","https://policy.nec.go.kr/plc/common/downloadFile.do?requestedFileName=20260603_%EC%A0%84%EC%A3%BC%EC%8B%9C%EC%A0%9C7%EC%84%A0%EA%B1%B0%EA%B5%AC_%EC%9D%B4%EC%88%98%EC%A7%84_%EC%84%A0%EA%B1%B0%EA%B3%B5%EB%B3%B4.pdf&requestedFullPath=20260603/PDF/PBINFO/5301/003_100164409_20260525_1.pdf","pack_stale_currently_available","선거공보||20260603/PDF/PBINFO/5301/003_100164409_20260525_1.pdf||||1||HEIGHT||Y||00||00","","","","Y","",""
"620260603-4100-수원시바선거구-100156706-1-선거공보","제9회 전국동시지방선거","4100","경기도","nec_region_scope","620260603","구·시·군의회의원선거","6","6410301","수원시바선거구","조인희","100156706","더불어민주당","100","1","자영업","경기대학교 일반대학원 상담학과 석사과정 수료","1","선거공보","선거공보","candidate-doc:100156706:1","false","","true","20260603/PDF/PBINFO/4103/003_100156706_20260525_1.pdf","fileinfo","https://policy.nec.go.kr/plc/common/downloadFile.do?requestedFileName=20260603_%EC%88%98%EC%9B%90%EC%8B%9C%EB%B0%94%EC%84%A0%EA%B1%B0%EA%B5%AC_%EC%A1%B0%EC%9D%B8%ED%9D%AC_%EC%84%A0%EA%B1%B0%EA%B3%B5%EB%B3%B4.pdf&requestedFullPath=20260603/PDF/PBINFO/4103/003_100156706_20260525_1.pdf","pack_stale_currently_available","선거공보||20260603/PDF/PBINFO/4103/003_100156706_20260525_1.pdf||||1||HEIGHT||Y||00||00","","","","Y","",""
"620260603-4100-수원시사선거구-100160842-1-선거공보","제9회 전국동시지방선거","4100","경기도","nec_region_scope","620260603","구·시·군의회의원선거","6","6410302","수원시사선거구","유준숙","100160842","국민의힘","200","2","수원시의회 의원","수원대학교 사회복지대학원 졸업(사회복지학 석사)","1","선거공보","선거공보","candidate-doc:100160842:1","false","","true","20260603/PDF/PBINFO/4103/003_100160842_20260525_1.pdf","fileinfo","https://policy.nec.go.kr/plc/common/downloadFile.do?requestedFileName=20260603_%EC%88%98%EC%9B%90%EC%8B%9C%EC%82%AC%EC%84%A0%EA%B1%B0%EA%B5%AC_%EC%9C%A0%EC%A4%80%EC%88%99_%EC%84%A0%EA%B1%B0%EA%B3%B5%EB%B3%B4.pdf&requestedFullPath=20260603/PDF/PBINFO/4103/003_100160842_20260525_1.pdf","pack_stale_currently_available","선거공보||20260603/PDF/PBINFO/4103/003_100160842_20260525_1.pdf||||1||HEIGHT||Y||00||00","","","","Y","",""
"620260603-4100-용인시라선거구-100155032-1-선거공보","제9회 전국동시지방선거","4100","경기도","nec_region_scope","620260603","구·시·군의회의원선거","6","6413701","용인시라선거구","오수정","100155032","더불어민주당","100","1","트랜스밸리 대표","아주대학교 공공정책대학원 행정학과 졸업(행정학석사)","1","선거공보","선거공보","candidate-doc:100155032:1","false","","true","20260603/PDF/PBINFO/4137/003_100155032_20260525_2.pdf","fileinfo","https://policy.nec.go.kr/plc/common/downloadFile.do?requestedFileName=20260603_%EC%9A%A9%EC%9D%B8%EC%8B%9C%EB%9D%BC%EC%84%A0%EA%B1%B0%EA%B5%AC_%EC%98%A4%EC%88%98%EC%A0%95_%EC%84%A0%EA%B1%B0%EA%B3%B5%EB%B3%B4.pdf&requestedFullPath=20260603/PDF/PBINFO/4137/003_100155032_20260525_2.pdf","pack_stale_currently_available","선거공보||20260603/PDF/PBINFO/4137/003_100155032_20260525_2.pdf||||1||HEIGHT||Y||00||00","","","","Y","",""
"620260603-4100-용인시라선거구-100162689-1-선거공보","제9회 전국동시지방선거","4100","경기도","nec_region_scope","620260603","구·시·군의회의원선거","6","6413701","용인시라선거구","임현수","100162689","더불어민주당","100","1","용인시의회의원","서원대학교 사범대학 체육교육과 졸업","1","선거공보","선거공보","candidate-doc:100162689:1","false","","true","20260603/PDF/PBINFO/4137/003_100162689_20260525_1.pdf","fileinfo","https://policy.nec.go.kr/plc/common/downloadFile.do?requestedFileName=20260603_%EC%9A%A9%EC%9D%B8%EC%8B%9C%EB%9D%BC%EC%84%A0%EA%B1%B0%EA%B5%AC_%EC%9E%84%ED%98%84%EC%88%98_%EC%84%A0%EA%B1%B0%EA%B3%B5%EB%B3%B4.pdf&requestedFullPath=20260603/PDF/PBINFO/4137/003_100162689_20260525_1.pdf","pack_stale_currently_available","선거공보||20260603/PDF/PBINFO/4137/003_100162689_20260525_1.pdf||||1||HEIGHT||Y||00||00","","","","Y","",""
"620260603-4100-용인시라선거구-100163398-1-선거공보","제9회 전국동시지방선거","4100","경기도","nec_region_scope","620260603","구·시·군의회의원선거","6","6413701","용인시라선거구","김한울","100163398","국민의힘","200","2","변호사","아주대학교 법학전문대학원 졸업(법학전문석사)","1","선거공보","선거공보","candidate-doc:100163398:1","false","","true","20260603/PDF/PBINFO/4137/003_100163398_20260524_1.pdf","fileinfo","https://policy.nec.go.kr/plc/common/downloadFile.do?requestedFileName=20260603_%EC%9A%A9%EC%9D%B8%EC%8B%9C%EB%9D%BC%EC%84%A0%EA%B1%B0%EA%B5%AC_%EA%B9%80%ED%95%9C%EC%9A%B8_%EC%84%A0%EA%B1%B0%EA%B3%B5%EB%B3%B4.pdf&requestedFullPath=20260603/PDF/PBINFO/4137/003_100163398_20260524_1.pdf","pack_stale_currently_available","선거공보||20260603/PDF/PBINFO/4137/003_100163398_20260524_1.pdf||||1||HEIGHT||Y||00||00","","","","Y","",""
"620260603-4100-용인시라선거구-100163610-1-선거공보","제9회 전국동시지방선거","4100","경기도","nec_region_scope","620260603","구·시·군의회의원선거","6","6413701","용인시라선거구","안치용","100163610","국민의힘","200","2","용인시의회의원","용인대학교 경영학과 졸업","1","선거공보","선거공보","candidate-doc:100163610:1","false","","true","20260603/PDF/PBINFO/4137/003_100163610_20260524_1.pdf","fileinfo","https://policy.nec.go.kr/plc/common/downloadFile.do?requestedFileName=20260603_%EC%9A%A9%EC%9D%B8%EC%8B%9C%EB%9D%BC%EC%84%A0%EA%B1%B0%EA%B5%AC_%EC%95%88%EC%B9%98%EC%9A%A9_%EC%84%A0%EA%B1%B0%EA%B3%B5%EB%B3%B4.pdf&requestedFullPath=20260603/PDF/PBINFO/4137/003_100163610_20260524_1.pdf","pack_stale_currently_available","선거공보||20260603/PDF/PBINFO/4137/003_100163610_20260524_1.pdf||||1||HEIGHT||Y||00||00","","","","Y","",""
"620260603-4100-용인시라선거구-100165687-1-선거공보","제9회 전국동시지방선거","4100","경기도","nec_region_scope","620260603","구·시·군의회의원선거","6","6413701","용인시라선거구","정성규","100165687","개혁신당","5070","4","사단법인 경기도사회적경제협회 남부시니어사업단 대표","미기재","1","선거공보","선거공보","candidate-doc:100165687:1","false","","true","20260603/PDF/PBINFO/4137/003_100165687_20260525_1.pdf","fileinfo","https://policy.nec.go.kr/plc/common/downloadFile.do?requestedFileName=20260603_%EC%9A%A9%EC%9D%B8%EC%8B%9C%EB%9D%BC%EC%84%A0%EA%B1%B0%EA%B5%AC_%EC%A0%95%EC%84%B1%EA%B7%9C_%EC%84%A0%EA%B1%B0%EA%B3%B5%EB%B3%B4.pdf&requestedFullPath=20260603/PDF/PBINFO/4137/003_100165687_20260525_1.pdf","pack_stale_currently_available","선거공보||20260603/PDF/PBINFO/4137/003_100165687_20260525_1.pdf||||1||HEIGHT||Y||00||00","","","","Y","",""
"620260603-4100-용인시라선거구-100155268-1-선거공보","제9회 전국동시지방선거","4100","경기도","nec_region_scope","620260603","구·시·군의회의원선거","6","6413701","용인시라선거구","조병훈","100155268","진보당","5010","5","노동자","단국대학교 영어영문학과 졸업","1","선거공보","선거공보","candidate-doc:100155268:1","false","","true","20260603/PDF/PBINFO/4137/003_100155268_20260524_1.pdf","fileinfo","https://policy.nec.go.kr/plc/common/downloadFile.do?requestedFileName=20260603_%EC%9A%A9%EC%9D%B8%EC%8B%9C%EB%9D%BC%EC%84%A0%EA%B1%B0%EA%B5%AC_%EC%A1%B0%EB%B3%91%ED%9B%88_%EC%84%A0%EA%B1%B0%EA%B3%B5%EB%B3%B4.pdf&requestedFullPath=20260603/PDF/PBINFO/4137/003_100155268_20260524_1.pdf","pack_stale_currently_available","선거공보||20260603/PDF/PBINFO/4137/003_100155268_20260524_1.pdf||||1||HEIGHT||Y||00||00","","","","Y","",""
"620260603-4100-용인시바선거구-100162876-1-선거공보","제9회 전국동시지방선거","4100","경기도","nec_region_scope","620260603","구·시·군의회의원선거","6","6413703","용인시바선거구","박희정","100162876","더불어민주당","100","1","용인시의회의원","대구효성가톨릭대학교 성악과 졸업","1","선거공보","선거공보","candidate-doc:100162876:1","false","","true","20260603/PDF/PBINFO/4137/003_100162876_20260524_1.pdf","fileinfo","https://policy.nec.go.kr/plc/common/downloadFile.do?requestedFileName=20260603_%EC%9A%A9%EC%9D%B8%EC%8B%9C%EB%B0%94%EC%84%A0%EA%B1%B0%EA%B5%AC_%EB%B0%95%ED%9D%AC%EC%A0%95_%EC%84%A0%EA%B1%B0%EA%B3%B5%EB%B3%B4.pdf&requestedFullPath=20260603/PDF/PBINFO/4137/003_100162876_20260524_1.pdf","pack_stale_currently_available","선거공보||20260603/PDF/PBINFO/4137/003_100162876_20260524_1.pdf||||1||HEIGHT||Y||00||00","","","","Y","",""
"620260603-4100-용인시바선거구-100163615-1-선거공보","제9회 전국동시지방선거","4100","경기도","nec_region_scope","620260603","구·시·군의회의원선거","6","6413703","용인시바선거구","이민희","100163615","국민의힘","200","2","(주)세영컴퍼니 대표이사","서경대학교 대학원 졸업(공공디자인·행정학석사)","1","선거공보","선거공보","candidate-doc:100163615:1","false","","true","20260603/PDF/PBINFO/4137/003_100163615_20260524_1.pdf","fileinfo","https://policy.nec.go.kr/plc/common/downloadFile.do?requestedFileName=20260603_%EC%9A%A9%EC%9D%B8%EC%8B%9C%EB%B0%94%EC%84%A0%EA%B1%B0%EA%B5%AC_%EC%9D%B4%EB%AF%BC%ED%9D%AC_%EC%84%A0%EA%B1%B0%EA%B3%B5%EB%B3%B4.pdf&requestedFullPath=20260603/PDF/PBINFO/4137/003_100163615_20260524_1.pdf","pack_stale_currently_available","선거공보||20260603/PDF/PBINFO/4137/003_100163615_20260524_1.pdf||||1||HEIGHT||Y||00||00","","","","Y","",""
"620260603-4100-용인시바선거구-100158249-1-선거공보","제9회 전국동시지방선거","4100","경기도","nec_region_scope","620260603","구·시·군의회의원선거","6","6413703","용인시바선거구","김교순","100158249","조국혁신당","5077","3","중소기업 대표","숭실대학교 정보과학대학원 정보보안학과 졸업(공학석사)","1","선거공보","선거공보","candidate-doc:100158249:1","false","","true","20260603/PDF/PBINFO/4137/003_100158249_20260525_1.pdf","fileinfo","https://policy.nec.go.kr/plc/common/downloadFile.do?requestedFileName=20260603_%EC%9A%A9%EC%9D%B8%EC%8B%9C%EB%B0%94%EC%84%A0%EA%B1%B0%EA%B5%AC_%EA%B9%80%EA%B5%90%EC%88%9C_%EC%84%A0%EA%B1%B0%EA%B3%B5%EB%B3%B4.pdf&requestedFullPath=20260603/PDF/PBINFO/4137/003_100158249_20260525_1.pdf","pack_stale_currently_available","선거공보||20260603/PDF/PBINFO/4137/003_100158249_20260525_1.pdf||||1||HEIGHT||Y||00||00","","","","Y","",""
"620260603-4100-용인시차선거구-100156660-1-선거공보","제9회 전국동시지방선거","4100","경기도","nec_region_scope","620260603","구·시·군의회의원선거","6","6413704","용인시차선거구","이주연","100156660","더불어민주당","100","1","정당인","광운대학교 경영대학원 졸업(경영학석사)","1","선거공보","선거공보","candidate-doc:100156660:1","false","","true","20260603/PDF/PBINFO/4137/003_100156660_20260524_1.pdf","fileinfo","https://policy.nec.go.kr/plc/common/downloadFile.do?requestedFileName=20260603_%EC%9A%A9%EC%9D%B8%EC%8B%9C%EC%B0%A8%EC%84%A0%EA%B1%B0%EA%B5%AC_%EC%9D%B4%EC%A3%BC%EC%97%B0_%EC%84%A0%EA%B1%B0%EA%B3%B5%EB%B3%B4.pdf&requestedFullPath=20260603/PDF/PBINFO/4137/003_100156660_20260524_1.pdf","pack_stale_currently_available","선거공보||20260603/PDF/PBINFO/4137/003_100156660_20260524_1.pdf||||1||HEIGHT||Y||00||00","","","","Y","",""
"620260603-4100-용인시차선거구-100163227-1-선거공보","제9회 전국동시지방선거","4100","경기도","nec_region_scope","620260603","구·시·군의회의원선거","6","6413704","용인시차선거구","신현녀","100163227","더불어민주당","100","1","용인시의회의원","강남대학교 교육대학원 졸업(교육학석사)","1","선거공보","선거공보","candidate-doc:100163227:1","false","","true","20260603/PDF/PBINFO/4137/003_100163227_20260525_1.pdf","fileinfo","https://policy.nec.go.kr/plc/common/downloadFile.do?requestedFileName=20260603_%EC%9A%A9%EC%9D%B8%EC%8B%9C%EC%B0%A8%EC%84%A0%EA%B1%B0%EA%B5%AC_%EC%8B%A0%ED%98%84%EB%85%80_%EC%84%A0%EA%B1%B0%EA%B3%B5%EB%B3%B4.pdf&requestedFullPath=20260603/PDF/PBINFO/4137/003_100163227_20260525_1.pdf","pack_stale_currently_available","선거공보||20260603/PDF/PBINFO/4137/003_100163227_20260525_1.pdf||||1||HEIGHT||Y||00||00","","","","Y","",""
"620260603-4100-용인시차선거구-100160858-1-선거공보","제9회 전국동시지방선거","4100","경기도","nec_region_scope","620260603","구·시·군의회의원선거","6","6413704","용인시차선거구","이제성","100160858","국민의힘","200","2","정당인","서울시립대학교 스포츠과학과 졸업","1","선거공보","선거공보","candidate-doc:100160858:1","false","","true","20260603/PDF/PBINFO/4137/003_100160858_20260525_1.pdf","fileinfo","https://policy.nec.go.kr/plc/common/downloadFile.do?requestedFileName=20260603_%EC%9A%A9%EC%9D%B8%EC%8B%9C%EC%B0%A8%EC%84%A0%EA%B1%B0%EA%B5%AC_%EC%9D%B4%EC%A0%9C%EC%84%B1_%EC%84%A0%EA%B1%B0%EA%B3%B5%EB%B3%B4.pdf&requestedFullPath=20260603/PDF/PBINFO/4137/003_100160858_20260525_1.pdf","pack_stale_currently_available","선거공보||20260603/PDF/PBINFO/4137/003_100160858_20260525_1.pdf||||1||HEIGHT||Y||00||00","","","","Y","",""
"620260603-4100-용인시차선거구-100161335-1-선거공보","제9회 전국동시지방선거","4100","경기도","nec_region_scope","620260603","구·시·군의회의원선거","6","6413704","용인시차선거구","목영희","100161335","국민의힘","200","2","지역활동가","용인대학교 체육학 학사과정 이수중","1","선거공보","선거공보","candidate-doc:100161335:1","false","","true","20260603/PDF/PBINFO/4137/003_100161335_20260524_1.pdf","fileinfo","https://policy.nec.go.kr/plc/common/downloadFile.do?requestedFileName=20260603_%EC%9A%A9%EC%9D%B8%EC%8B%9C%EC%B0%A8%EC%84%A0%EA%B1%B0%EA%B5%AC_%EB%AA%A9%EC%98%81%ED%9D%AC_%EC%84%A0%EA%B1%B0%EA%B3%B5%EB%B3%B4.pdf&requestedFullPath=20260603/PDF/PBINFO/4137/003_100161335_20260524_1.pdf","pack_stale_currently_available","선거공보||20260603/PDF/PBINFO/4137/003_100161335_20260524_1.pdf||||1||HEIGHT||Y||00||00","","","","Y","",""
"620260603-4100-용인시차선거구-100154809-1-선거공보","제9회 전국동시지방선거","4100","경기도","nec_region_scope","620260603","구·시·군의회의원선거","6","6413704","용인시차선거구","이상만","100154809","자유와혁신","5082","5","자영업","안동과학대학 정보보안부사관과 졸업","1","선거공보","선거공보","candidate-doc:100154809:1","false","","true","20260603/PDF/PBINFO/4137/003_100154809_20260524_1.pdf","fileinfo","https://policy.nec.go.kr/plc/common/downloadFile.do?requestedFileName=20260603_%EC%9A%A9%EC%9D%B8%EC%8B%9C%EC%B0%A8%EC%84%A0%EA%B1%B0%EA%B5%AC_%EC%9D%B4%EC%83%81%EB%A7%8C_%EC%84%A0%EA%B1%B0%EA%B3%B5%EB%B3%B4.pdf&requestedFullPath=20260603/PDF/PBINFO/4137/003_100154809_20260524_1.pdf","pack_stale_currently_available","선거공보||20260603/PDF/PBINFO/4137/003_100154809_20260524_1.pdf||||1||HEIGHT||Y||00||00","","","","Y","",""
"620260603-4100-용인시카선거구-100165751-1-선거공보","제9회 전국동시지방선거","4100","경기도","nec_region_scope","620260603","구·시·군의회의원선거","6","6413705","용인시카선거구","이상욱","100165751","더불어민주당","100","1","용인시의회의원","단국대학교 대학원 행정학과 박사과정 재학중","1","선거공보","선거공보","candidate-doc:100165751:1","false","","true","20260603/PDF/PBINFO/4137/003_100165751_20260524_1.pdf","fileinfo","https://policy.nec.go.kr/plc/common/downloadFile.do?requestedFileName=20260603_%EC%9A%A9%EC%9D%B8%EC%8B%9C%EC%B9%B4%EC%84%A0%EA%B1%B0%EA%B5%AC_%EC%9D%B4%EC%83%81%EC%9A%B1_%EC%84%A0%EA%B1%B0%EA%B3%B5%EB%B3%B4.pdf&requestedFullPath=20260603/PDF/PBINFO/4137/003_100165751_20260524_1.pdf","pack_stale_currently_available","선거공보||20260603/PDF/PBINFO/4137/003_100165751_20260524_1.pdf||||1||HEIGHT||Y||00||00","","","","Y","",""
"620260603-4100-용인시카선거구-100163631-1-선거공보","제9회 전국동시지방선거","4100","경기도","nec_region_scope","620260603","구·시·군의회의원선거","6","6413705","용인시카선거구","황재욱","100163631","더불어민주당","100","1","용인시의회의원","명지대학교 대학원 지방행정학과 졸업(행정학석사)","1","선거공보","선거공보","candidate-doc:100163631:1","false","","true","20260603/PDF/PBINFO/4137/003_100163631_20260524_1.pdf","fileinfo","https://policy.nec.go.kr/plc/common/downloadFile.do?requestedFileName=20260603_%EC%9A%A9%EC%9D%B8%EC%8B%9C%EC%B9%B4%EC%84%A0%EA%B1%B0%EA%B5%AC_%ED%99%A9%EC%9E%AC%EC%9A%B1_%EC%84%A0%EA%B1%B0%EA%B3%B5%EB%B3%B4.pdf&requestedFullPath=20260603/PDF/PBINFO/4137/003_100163631_20260524_1.pdf","pack_stale_currently_available","선거공보||20260603/PDF/PBINFO/4137/003_100163631_20260524_1.pdf||||1||HEIGHT||Y||00||00","","","","Y","",""
"620260603-4100-용인시카선거구-100160610-1-선거공보","제9회 전국동시지방선거","4100","경기도","nec_region_scope","620260603","구·시·군의회의원선거","6","6413705","용인시카선거구","이정열","100160610","국민의힘","200","2","정당인","중부대학교 골프지도학과 졸업","1","선거공보","선거공보","candidate-doc:100160610:1","false","","true","20260603/PDF/PBINFO/4137/003_100160610_20260524_1.pdf","fileinfo","https://policy.nec.go.kr/plc/common/downloadFile.do?requestedFileName=20260603_%EC%9A%A9%EC%9D%B8%EC%8B%9C%EC%B9%B4%EC%84%A0%EA%B1%B0%EA%B5%AC_%EC%9D%B4%EC%A0%95%EC%97%B4_%EC%84%A0%EA%B1%B0%EA%B3%B5%EB%B3%B4.pdf&requestedFullPath=20260603/PDF/PBINFO/4137/003_100160610_20260524_1.pdf","pack_stale_currently_available","선거공보||20260603/PDF/PBINFO/4137/003_100160610_20260524_1.pdf||||1||HEIGHT||Y||00||00","","","","Y","",""
"620260603-4100-용인시카선거구-100160857-1-선거공보","제9회 전국동시지방선거","4100","경기도","nec_region_scope","620260603","구·시·군의회의원선거","6","6413705","용인시카선거구","박은선","100160857","국민의힘","200","2","용인시의회의원","상명대학교 대학원 공연예술경영학과 박사과정 수료","1","선거공보","선거공보","candidate-doc:100160857:1","false","","true","20260603/PDF/PBINFO/4137/003_100160857_20260524_1.pdf","fileinfo","https://policy.nec.go.kr/plc/common/downloadFile.do?requestedFileName=20260603_%EC%9A%A9%EC%9D%B8%EC%8B%9C%EC%B9%B4%EC%84%A0%EA%B1%B0%EA%B5%AC_%EB%B0%95%EC%9D%80%EC%84%A0_%EC%84%A0%EA%B1%B0%EA%B3%B5%EB%B3%B4.pdf&requestedFullPath=20260603/PDF/PBINFO/4137/003_100160857_20260524_1.pdf","pack_stale_currently_available","선거공보||20260603/PDF/PBINFO/4137/003_100160857_20260524_1.pdf||||1||HEIGHT||Y||00||00","","","","Y","",""
"620260603-4100-용인시카선거구-100163694-1-선거공보","제9회 전국동시지방선거","4100","경기도","nec_region_scope","620260603","구·시·군의회의원선거","6","6413705","용인시카선거구","우태주","100163694","개혁신당","5070","4","국회 입법정책연구회 부회장","연세대학교 행정대학원 졸업(행정학석사)","1","선거공보","선거공보","candidate-doc:100163694:1","false","","true","20260603/PDF/PBINFO/4137/003_100163694_20260524_1.pdf","fileinfo","https://policy.nec.go.kr/plc/common/downloadFile.do?requestedFileName=20260603_%EC%9A%A9%EC%9D%B8%EC%8B%9C%EC%B9%B4%EC%84%A0%EA%B1%B0%EA%B5%AC_%EC%9A%B0%ED%83%9C%EC%A3%BC_%EC%84%A0%EA%B1%B0%EA%B3%B5%EB%B3%B4.pdf&requestedFullPath=20260603/PDF/PBINFO/4137/003_100163694_20260524_1.pdf","pack_stale_currently_available","선거공보||20260603/PDF/PBINFO/4137/003_100163694_20260524_1.pdf||||1||HEIGHT||Y||00||00","","","","Y","",""
"620260603-4100-고양시사선거구-100163229-1-선거공보","제9회 전국동시지방선거","4100","경기도","nec_region_scope","620260603","구·시·군의회의원선거","6","6412101","고양시사선거구","고덕희","100163229","국민의힘","200","2","고양시의회의원","제주대학교 법학과 졸업","1","선거공보","선거공보","candidate-doc:100163229:1","false","","true","20260603/PDF/PBINFO/4121/003_100163229_20260525_1.pdf","fileinfo","https://policy.nec.go.kr/plc/common/downloadFile.do?requestedFileName=20260603_%EA%B3%A0%EC%96%91%EC%8B%9C%EC%82%AC%EC%84%A0%EA%B1%B0%EA%B5%AC_%EA%B3%A0%EB%8D%95%ED%9D%AC_%EC%84%A0%EA%B1%B0%EA%B3%B5%EB%B3%B4.pdf&requestedFullPath=20260603/PDF/PBINFO/4121/003_100163229_20260525_1.pdf","pack_stale_currently_available","선거공보||20260603/PDF/PBINFO/4121/003_100163229_20260525_1.pdf||||1||HEIGHT||Y||00||00","","","","Y","",""
"620260603-4100-고양시아선거구-100156004-1-선거공보","제9회 전국동시지방선거","4100","경기도","nec_region_scope","620260603","구·시·군의회의원선거","6","6412102","고양시아선거구","이종미","100156004","더불어민주당","100","1","정당인","경북대학교 지리학과 졸업","1","선거공보","선거공보","candidate-doc:100156004:1","false","","true","20260603/PDF/PBINFO/4121/003_100156004_20260525_1.pdf","fileinfo","https://policy.nec.go.kr/plc/common/downloadFile.do?requestedFileName=20260603_%EA%B3%A0%EC%96%91%EC%8B%9C%EC%95%84%EC%84%A0%EA%B1%B0%EA%B5%AC_%EC%9D%B4%EC%A2%85%EB%AF%B8_%EC%84%A0%EA%B1%B0%EA%B3%B5%EB%B3%B4.pdf&requestedFullPath=20260603/PDF/PBINFO/4121/003_100156004_20260525_1.pdf","pack_stale_currently_available","선거공보||20260603/PDF/PBINFO/4121/003_100156004_20260525_1.pdf||||1||HEIGHT||Y||00||00","","","","Y","",""
"620260603-4100-고양시아선거구-100163488-1-선거공보","제9회 전국동시지방선거","4100","경기도","nec_region_scope","620260603","구·시·군의회의원선거","6","6412102","고양시아선거구","김보래","100163488","국민의힘","200","2","청담코어디자인 셀린점 원장","인하대학교 문화콘텐츠학과 졸업","1","선거공보","선거공보","candidate-doc:100163488:1","false","","true","20260603/PDF/PBINFO/4121/003_100163488_20260525_1.pdf","fileinfo","https://policy.nec.go.kr/plc/common/downloadFile.do?requestedFileName=20260603_%EA%B3%A0%EC%96%91%EC%8B%9C%EC%95%84%EC%84%A0%EA%B1%B0%EA%B5%AC_%EA%B9%80%EB%B3%B4%EB%9E%98_%EC%84%A0%EA%B1%B0%EA%B3%B5%EB%B3%B4.pdf&requestedFullPath=20260603/PDF/PBINFO/4121/003_100163488_20260525_1.pdf","pack_stale_currently_available","선거공보||20260603/PDF/PBINFO/4121/003_100163488_20260525_1.pdf||||1||HEIGHT||Y||00||00","","","","Y","",""
"620260603-4100-고양시아선거구-100163205-1-선거공보","제9회 전국동시지방선거","4100","경기도","nec_region_scope","620260603","구·시·군의회의원선거","6","6412102","고양시아선거구","손동숙","100163205","국민의힘","200","2","고양시의회의원","서울과학기술대학교 국방융합과학대학원 에너지정책학과 박사과정 재학중","1","선거공보","선거공보","candidate-doc:100163205:1","false","","true","20260603/PDF/PBINFO/4121/003_100163205_20260525_1.pdf","fileinfo","https://policy.nec.go.kr/plc/common/downloadFile.do?requestedFileName=20260603_%EA%B3%A0%EC%96%91%EC%8B%9C%EC%95%84%EC%84%A0%EA%B1%B0%EA%B5%AC_%EC%86%90%EB%8F%99%EC%88%99_%EC%84%A0%EA%B1%B0%EA%B3%B5%EB%B3%B4.pdf&requestedFullPath=20260603/PDF/PBINFO/4121/003_100163205_20260525_1.pdf","pack_stale_currently_available","선거공보||20260603/PDF/PBINFO/4121/003_100163205_20260525_1.pdf||||1||HEIGHT||Y||00||00","","","","Y","",""
"620260603-4100-고양시아선거구-100163183-1-선거공보","제9회 전국동시지방선거","4100","경기도","nec_region_scope","620260603","구·시·군의회의원선거","6","6412102","고양시아선거구","김승갑","100163183","조국혁신당","5077","3","한국아파트경리회계학원(일산본원) 대표","단국대학교 영어영문학과 졸업","1","선거공보","선거공보","candidate-doc:100163183:1","false","","true","20260603/PDF/PBINFO/4121/003_100163183_20260525_1.pdf","fileinfo","https://policy.nec.go.kr/plc/common/downloadFile.do?requestedFileName=20260603_%EA%B3%A0%EC%96%91%EC%8B%9C%EC%95%84%EC%84%A0%EA%B1%B0%EA%B5%AC_%EA%B9%80%EC%8A%B9%EA%B0%91_%EC%84%A0%EA%B1%B0%EA%B3%B5%EB%B3%B4.pdf&requestedFullPath=20260603/PDF/PBINFO/4121/003_100163183_20260525_1.pdf","pack_stale_currently_available","선거공보||20260603/PDF/PBINFO/4121/003_100163183_20260525_1.pdf||||1||HEIGHT||Y||00||00","","","","Y","",""
"620260603-4100-고양시아선거구-100162328-1-선거공보","제9회 전국동시지방선거","4100","경기도","nec_region_scope","620260603","구·시·군의회의원선거","6","6412102","고양시아선거구","정민재","100162328","개혁신당","5070","4","정당인","서울시립대학교 재학중(경영학전공, 인공지능학과 복수전공)","1","선거공보","선거공보","candidate-doc:100162328:1","false","","true","20260603/PDF/PBINFO/4121/003_100162328_20260525_1.pdf","fileinfo","https://policy.nec.go.kr/plc/common/downloadFile.do?requestedFileName=20260603_%EA%B3%A0%EC%96%91%EC%8B%9C%EC%95%84%EC%84%A0%EA%B1%B0%EA%B5%AC_%EC%A0%95%EB%AF%BC%EC%9E%AC_%EC%84%A0%EA%B1%B0%EA%B3%B5%EB%B3%B4.pdf&requestedFullPath=20260603/PDF/PBINFO/4121/003_100162328_20260525_1.pdf","pack_stale_currently_available","선거공보||20260603/PDF/PBINFO/4121/003_100162328_20260525_1.pdf||||1||HEIGHT||Y||00||00","","","","Y","",""
"620260603-4100-평택시가선거구-100160878-1-선거공보","제9회 전국동시지방선거","4100","경기도","nec_region_scope","620260603","구·시·군의회의원선거","6","6411501","평택시가선거구","이종원","100160878","더불어민주당","100","1","평택시의회의원(평택시가선거구)","단국대학교 스포츠과학부 생활체육전공 졸업","1","선거공보","선거공보","candidate-doc:100160878:1","false","","true","20260603/PDF/PBINFO/4115/003_100160878_20260525_1.pdf","fileinfo","https://policy.nec.go.kr/plc/common/downloadFile.do?requestedFileName=20260603_%ED%8F%89%ED%83%9D%EC%8B%9C%EA%B0%80%EC%84%A0%EA%B1%B0%EA%B5%AC_%EC%9D%B4%EC%A2%85%EC%9B%90_%EC%84%A0%EA%B1%B0%EA%B3%B5%EB%B3%B4.pdf&requestedFullPath=20260603/PDF/PBINFO/4115/003_100160878_20260525_1.pdf","pack_stale_currently_available","선거공보||20260603/PDF/PBINFO/4115/003_100160878_20260525_1.pdf||||1||HEIGHT||Y||00||00","","","","Y","",""
"620260603-4100-평택시가선거구-100161423-1-선거공보","제9회 전국동시지방선거","4100","경기도","nec_region_scope","620260603","구·시·군의회의원선거","6","6411501","평택시가선거구","이관우","100161423","국민의힘","200","2","평택시의회의원","국민대학교 정치대학원 졸업(정치학 석사)","1","선거공보","선거공보","candidate-doc:100161423:1","false","","true","20260603/PDF/PBINFO/4115/003_100161423_20260525_1.pdf","fileinfo","https://policy.nec.go.kr/plc/common/downloadFile.do?requestedFileName=20260603_%ED%8F%89%ED%83%9D%EC%8B%9C%EA%B0%80%EC%84%A0%EA%B1%B0%EA%B5%AC_%EC%9D%B4%EA%B4%80%EC%9A%B0_%EC%84%A0%EA%B1%B0%EA%B3%B5%EB%B3%B4.pdf&requestedFullPath=20260603/PDF/PBINFO/4115/003_100161423_20260525_1.pdf","pack_stale_currently_available","선거공보||20260603/PDF/PBINFO/4115/003_100161423_20260525_1.pdf||||1||HEIGHT||Y||00||00","","","","Y","",""
"620260603-4100-평택시나선거구-100155878-1-선거공보","제9회 전국동시지방선거","4100","경기도","nec_region_scope","620260603","구·시·군의회의원선거","6","6411502","평택시나선거구","최두성","100155878","국민의힘","200","2","정당인","장안전문대학(현 장안대학교) 행정과 2년 제적(1986.3.~1990.9)","1","선거공보","선거공보","candidate-doc:100155878:1","false","","true","20260603/PDF/PBINFO/4115/003_100155878_20260525_1.pdf","fileinfo","https://policy.nec.go.kr/plc/common/downloadFile.do?requestedFileName=20260603_%ED%8F%89%ED%83%9D%EC%8B%9C%EB%82%98%EC%84%A0%EA%B1%B0%EA%B5%AC_%EC%B5%9C%EB%91%90%EC%84%B1_%EC%84%A0%EA%B1%B0%EA%B3%B5%EB%B3%B4.pdf&requestedFullPath=20260603/PDF/PBINFO/4115/003_100155878_20260525_1.pdf","pack_stale_currently_available","선거공보||20260603/PDF/PBINFO/4115/003_100155878_20260525_1.pdf||||1||HEIGHT||Y||00||00","","","","Y","",""
"620260603-4100-평택시라선거구-100164973-1-선거공보","제9회 전국동시지방선거","4100","경기도","nec_region_scope","620260603","구·시·군의회의원선거","6","6411504","평택시라선거구","김혜영","100164973","국민의힘","200","2","정당인","한남대학교대학원 교육학과 석사과정 수료","1","선거공보","선거공보","candidate-doc:100164973:1","false","","true","20260603/PDF/PBINFO/4115/003_100164973_20260525_1.pdf","fileinfo","https://policy.nec.go.kr/plc/common/downloadFile.do?requestedFileName=20260603_%ED%8F%89%ED%83%9D%EC%8B%9C%EB%9D%BC%EC%84%A0%EA%B1%B0%EA%B5%AC_%EA%B9%80%ED%98%9C%EC%98%81_%EC%84%A0%EA%B1%B0%EA%B3%B5%EB%B3%B4.pdf&requestedFullPath=20260603/PDF/PBINFO/4115/003_100164973_20260525_1.pdf","pack_stale_currently_available","선거공보||20260603/PDF/PBINFO/4115/003_100164973_20260525_1.pdf||||1||HEIGHT||Y||00||00","","","","Y","",""
"620260603-4100-평택시라선거구-100163661-1-선거공보","제9회 전국동시지방선거","4100","경기도","nec_region_scope","620260603","구·시·군의회의원선거","6","6411504","평택시라선거구","이재범","100163661","개혁신당","5070","4","회사원","한국항공대학교 항공우주 및 기계공학부 졸업","1","선거공보","선거공보","candidate-doc:100163661:1","false","","true","20260603/PDF/PBINFO/4115/003_100163661_20260525_1.pdf","fileinfo","https://policy.nec.go.kr/plc/common/downloadFile.do?requestedFileName=20260603_%ED%8F%89%ED%83%9D%EC%8B%9C%EB%9D%BC%EC%84%A0%EA%B1%B0%EA%B5%AC_%EC%9D%B4%EC%9E%AC%EB%B2%94_%EC%84%A0%EA%B1%B0%EA%B3%B5%EB%B3%B4.pdf&requestedFullPath=20260603/PDF/PBINFO/4115/003_100163661_20260525_1.pdf","pack_stale_currently_available","선거공보||20260603/PDF/PBINFO/4115/003_100163661_20260525_1.pdf||||1||HEIGHT||Y||00||00","","","","Y","",""
"620260603-4100-평택시라선거구-100155618-1-선거공보","제9회 전국동시지방선거","4100","경기도","nec_region_scope","620260603","구·시·군의회의원선거","6","6411504","평택시라선거구","이해금","100155618","무소속","9999","5","정당인","한경국립대학교 공공정책대학원 사회사업학 석사","1","선거공보","선거공보","candidate-doc:100155618:1","false","","true","20260603/PDF/PBINFO/4115/003_100155618_20260525_1.pdf","fileinfo","https://policy.nec.go.kr/plc/common/downloadFile.do?requestedFileName=20260603_%ED%8F%89%ED%83%9D%EC%8B%9C%EB%9D%BC%EC%84%A0%EA%B1%B0%EA%B5%AC_%EC%9D%B4%ED%95%B4%EA%B8%88_%EC%84%A0%EA%B1%B0%EA%B3%B5%EB%B3%B4.pdf&requestedFullPath=20260603/PDF/PBINFO/4115/003_100155618_20260525_1.pdf","pack_stale_currently_available","선거공보||20260603/PDF/PBINFO/4115/003_100155618_20260525_1.pdf||||1||HEIGHT||Y||00||00","","","","Y","",""
"620260603-4100-안양시가선거구-100161435-1-선거공보","제9회 전국동시지방선거","4100","경기도","nec_region_scope","620260603","구·시·군의회의원선거","6","6410901","안양시가선거구","장명희","100161435","더불어민주당","100","1","정치인","런던정치경제대학교(LSE) 비교정치학 석사(2014.10~2015.09)","1","선거공보","선거공보","candidate-doc:100161435:1","false","","true","20260603/PDF/PBINFO/4109/003_100161435_20260523_1.pdf","fileinfo","https://policy.nec.go.kr/plc/common/downloadFile.do?requestedFileName=20260603_%EC%95%88%EC%96%91%EC%8B%9C%EA%B0%80%EC%84%A0%EA%B1%B0%EA%B5%AC_%EC%9E%A5%EB%AA%85%ED%9D%AC_%EC%84%A0%EA%B1%B0%EA%B3%B5%EB%B3%B4.pdf&requestedFullPath=20260603/PDF/PBINFO/4109/003_100161435_20260523_1.pdf","pack_stale_currently_available","선거공보||20260603/PDF/PBINFO/4109/003_100161435_20260523_1.pdf||||1||HEIGHT||Y||00||00","","","","Y","",""
"620260603-4100-안양시가선거구-100155552-1-선거공보","제9회 전국동시지방선거","4100","경기도","nec_region_scope","620260603","구·시·군의회의원선거","6","6410901","안양시가선거구","이호건","100155552","더불어민주당","100","1","정당인","인하대학교 행정학과 중퇴(1982.3~1986.9)","1","선거공보","선거공보","candidate-doc:100155552:1","false","","true","20260603/PDF/PBINFO/4109/003_100155552_20260523_1.pdf","fileinfo","https://policy.nec.go.kr/plc/common/downloadFile.do?requestedFileName=20260603_%EC%95%88%EC%96%91%EC%8B%9C%EA%B0%80%EC%84%A0%EA%B1%B0%EA%B5%AC_%EC%9D%B4%ED%98%B8%EA%B1%B4_%EC%84%A0%EA%B1%B0%EA%B3%B5%EB%B3%B4.pdf&requestedFullPath=20260603/PDF/PBINFO/4109/003_100155552_20260523_1.pdf","pack_stale_currently_available","선거공보||20260603/PDF/PBINFO/4109/003_100155552_20260523_1.pdf||||1||HEIGHT||Y||00||00","","","","Y","",""
"620260603-4100-안양시가선거구-100162164-1-선거공보","제9회 전국동시지방선거","4100","경기도","nec_region_scope","620260603","구·시·군의회의원선거","6","6410901","안양시가선거구","김정중","100162164","국민의힘","200","2","안양시의회의원","안양대학교 경영행정대학원 졸업(사회복지학석사)","1","선거공보","선거공보","candidate-doc:100162164:1","false","","true","20260603/PDF/PBINFO/4109/003_100162164_20260523_1.pdf","fileinfo","https://policy.nec.go.kr/plc/common/downloadFile.do?requestedFileName=20260603_%EC%95%88%EC%96%91%EC%8B%9C%EA%B0%80%EC%84%A0%EA%B1%B0%EA%B5%AC_%EA%B9%80%EC%A0%95%EC%A4%91_%EC%84%A0%EA%B1%B0%EA%B3%B5%EB%B3%B4.pdf&requestedFullPath=20260603/PDF/PBINFO/4109/003_100162164_20260523_1.pdf","pack_stale_currently_available","선거공보||20260603/PDF/PBINFO/4109/003_100162164_20260523_1.pdf||||1||HEIGHT||Y||00||00","","","","Y","",""
"620260603-4100-안양시다선거구-100162528-1-선거공보","제9회 전국동시지방선거","4100","경기도","nec_region_scope","620260603","구·시·군의회의원선거","6","6410903","안양시다선거구","곽동윤","100162528","더불어민주당","100","1","안양시의회의원","서강대학교 대학원 영어영문학과 영어교육전공 석사과정 수료","1","선거공보","선거공보","candidate-doc:100162528:1","false","","true","20260603/PDF/PBINFO/4109/003_100162528_20260523_1.pdf","fileinfo","https://policy.nec.go.kr/plc/common/downloadFile.do?requestedFileName=20260603_%EC%95%88%EC%96%91%EC%8B%9C%EB%8B%A4%EC%84%A0%EA%B1%B0%EA%B5%AC_%EA%B3%BD%EB%8F%99%EC%9C%A4_%EC%84%A0%EA%B1%B0%EA%B3%B5%EB%B3%B4.pdf&requestedFullPath=20260603/PDF/PBINFO/4109/003_100162528_20260523_1.pdf","pack_stale_currently_available","선거공보||20260603/PDF/PBINFO/4109/003_100162528_20260523_1.pdf||||1||HEIGHT||Y||00||00","","","","Y","",""
"620260603-4100-안양시다선거구-100155929-1-선거공보","제9회 전국동시지방선거","4100","경기도","nec_region_scope","620260603","구·시·군의회의원선거","6","6410903","안양시다선거구","허희준","100155929","더불어민주당","100","1","정당인","부안고등학교 졸업","1","선거공보","선거공보","candidate-doc:100155929:1","false","","true","20260603/PDF/PBINFO/4109/003_100155929_20260523_1.pdf","fileinfo","https://policy.nec.go.kr/plc/common/downloadFile.do?requestedFileName=20260603_%EC%95%88%EC%96%91%EC%8B%9C%EB%8B%A4%EC%84%A0%EA%B1%B0%EA%B5%AC_%ED%97%88%ED%9D%AC%EC%A4%80_%EC%84%A0%EA%B1%B0%EA%B3%B5%EB%B3%B4.pdf&requestedFullPath=20260603/PDF/PBINFO/4109/003_100155929_20260523_1.pdf","pack_stale_currently_available","선거공보||20260603/PDF/PBINFO/4109/003_100155929_20260523_1.pdf||||1||HEIGHT||Y||00||00","","","","Y","",""
"620260603-4100-안양시다선거구-100155134-1-선거공보","제9회 전국동시지방선거","4100","경기도","nec_region_scope","620260603","구·시·군의회의원선거","6","6410903","안양시다선거구","윤순섭","100155134","국민의힘","200","2","교육업","중앙신학대학원대학교(현 온석대학원대학교) 교육학과 졸업(교육학석사)","1","선거공보","선거공보","candidate-doc:100155134:1","false","","true","20260603/PDF/PBINFO/4109/003_100155134_20260523_1.pdf","fileinfo","https://policy.nec.go.kr/plc/common/downloadFile.do?requestedFileName=20260603_%EC%95%88%EC%96%91%EC%8B%9C%EB%8B%A4%EC%84%A0%EA%B1%B0%EA%B5%AC_%EC%9C%A4%EC%88%9C%EC%84%AD_%EC%84%A0%EA%B1%B0%EA%B3%B5%EB%B3%B4.pdf&requestedFullPath=20260603/PDF/PBINFO/4109/003_100155134_20260523_1.pdf","pack_stale_currently_available","선거공보||20260603/PDF/PBINFO/4109/003_100155134_20260523_1.pdf||||1||HEIGHT||Y||00||00","","","","Y","",""
"620260603-4100-안양시다선거구-100165311-1-선거공보","제9회 전국동시지방선거","4100","경기도","nec_region_scope","620260603","구·시·군의회의원선거","6","6410903","안양시다선거구","이광수","100165311","무소속","9999","5","건축사","한경대학교 건축공학과 졸업","1","선거공보","선거공보","candidate-doc:100165311:1","false","","true","20260603/PDF/PBINFO/4109/003_100165311_20260525_2.pdf","fileinfo","https://policy.nec.go.kr/plc/common/downloadFile.do?requestedFileName=20260603_%EC%95%88%EC%96%91%EC%8B%9C%EB%8B%A4%EC%84%A0%EA%B1%B0%EA%B5%AC_%EC%9D%B4%EA%B4%91%EC%88%98_%EC%84%A0%EA%B1%B0%EA%B3%B5%EB%B3%B4.pdf&requestedFullPath=20260603/PDF/PBINFO/4109/003_100165311_20260525_2.pdf","pack_stale_currently_available","선거공보||20260603/PDF/PBINFO/4109/003_100165311_20260525_2.pdf||||1||HEIGHT||Y||00||00","","","","Y","",""
"620260603-4100-안양시라선거구-100162429-1-선거공보","제9회 전국동시지방선거","4100","경기도","nec_region_scope","620260603","구·시·군의회의원선거","6","6410904","안양시라선거구","윤경숙","100162429","더불어민주당","100","1","정당인","연세대학교 문과대학 국어국문학과 졸업","1","선거공보","선거공보","candidate-doc:100162429:1","false","","true","20260603/PDF/PBINFO/4109/003_100162429_20260523_1.pdf","fileinfo","https://policy.nec.go.kr/plc/common/downloadFile.do?requestedFileName=20260603_%EC%95%88%EC%96%91%EC%8B%9C%EB%9D%BC%EC%84%A0%EA%B1%B0%EA%B5%AC_%EC%9C%A4%EA%B2%BD%EC%88%99_%EC%84%A0%EA%B1%B0%EA%B3%B5%EB%B3%B4.pdf&requestedFullPath=20260603/PDF/PBINFO/4109/003_100162429_20260523_1.pdf","pack_stale_currently_available","선거공보||20260603/PDF/PBINFO/4109/003_100162429_20260523_1.pdf||||1||HEIGHT||Y||00||00","","","","Y","",""
"620260603-4100-안양시라선거구-100154495-1-선거공보","제9회 전국동시지방선거","4100","경기도","nec_region_scope","620260603","구·시·군의회의원선거","6","6410904","안양시라선거구","이중민","100154495","더불어민주당","100","1","정당인","광운대학교 경영대학원 경영정보 전공 졸업(경영학석사)","1","선거공보","선거공보","candidate-doc:100154495:1","false","","true","20260603/PDF/PBINFO/4109/003_100154495_20260523_1.pdf","fileinfo","https://policy.nec.go.kr/plc/common/downloadFile.do?requestedFileName=20260603_%EC%95%88%EC%96%91%EC%8B%9C%EB%9D%BC%EC%84%A0%EA%B1%B0%EA%B5%AC_%EC%9D%B4%EC%A4%91%EB%AF%BC_%EC%84%A0%EA%B1%B0%EA%B3%B5%EB%B3%B4.pdf&requestedFullPath=20260603/PDF/PBINFO/4109/003_100154495_20260523_1.pdf","pack_stale_currently_available","선거공보||20260603/PDF/PBINFO/4109/003_100154495_20260523_1.pdf||||1||HEIGHT||Y||00||00","","","","Y","",""
"620260603-4100-안양시라선거구-100156936-1-선거공보","제9회 전국동시지방선거","4100","경기도","nec_region_scope","620260603","구·시·군의회의원선거","6","6410904","안양시라선거구","조은석","100156936","국민의힘","200","2","회사원","중앙대학교 신문방송대학원 신문방송학과 졸업(언론학석사)","1","선거공보","선거공보","candidate-doc:100156936:1","false","","true","20260603/PDF/PBINFO/4109/003_100156936_20260523_1.pdf","fileinfo","https://policy.nec.go.kr/plc/common/downloadFile.do?requestedFileName=20260603_%EC%95%88%EC%96%91%EC%8B%9C%EB%9D%BC%EC%84%A0%EA%B1%B0%EA%B5%AC_%EC%A1%B0%EC%9D%80%EC%84%9D_%EC%84%A0%EA%B1%B0%EA%B3%B5%EB%B3%B4.pdf&requestedFullPath=20260603/PDF/PBINFO/4109/003_100156936_20260523_1.pdf","pack_stale_currently_available","선거공보||20260603/PDF/PBINFO/4109/003_100156936_20260523_1.pdf||||1||HEIGHT||Y||00||00","","","","Y","",""
"620260603-4100-의왕시가선거구-100154713-1-선거공보","제9회 전국동시지방선거","4100","경기도","nec_region_scope","620260603","구·시·군의회의원선거","6","6412401","의왕시가선거구","김동국","100154713","더불어민주당","100","1","리드인영어수학학원 원장","단국대학교 응용수학과 졸업","1","선거공보","선거공보","candidate-doc:100154713:1","false","","true","20260603/PDF/PBINFO/4124/003_100154713_20260521_1.pdf","fileinfo","https://policy.nec.go.kr/plc/common/downloadFile.do?requestedFileName=20260603_%EC%9D%98%EC%99%95%EC%8B%9C%EA%B0%80%EC%84%A0%EA%B1%B0%EA%B5%AC_%EA%B9%80%EB%8F%99%EA%B5%AD_%EC%84%A0%EA%B1%B0%EA%B3%B5%EB%B3%B4.pdf&requestedFullPath=20260603/PDF/PBINFO/4124/003_100154713_20260521_1.pdf","pack_stale_currently_available","선거공보||20260603/PDF/PBINFO/4124/003_100154713_20260521_1.pdf||||1||HEIGHT||Y||00||00","","","","Y","",""
"620260603-4100-의왕시가선거구-100157734-1-선거공보","제9회 전국동시지방선거","4100","경기도","nec_region_scope","620260603","구·시·군의회의원선거","6","6412401","의왕시가선거구","서창수","100157734","더불어민주당","100","1","의왕시의회의원","연세대학교 행정대학원 졸업 (행정학 석사)","1","선거공보","선거공보","candidate-doc:100157734:1","false","","true","20260603/PDF/PBINFO/4124/003_100157734_20260521_1.pdf","fileinfo","https://policy.nec.go.kr/plc/common/downloadFile.do?requestedFileName=20260603_%EC%9D%98%EC%99%95%EC%8B%9C%EA%B0%80%EC%84%A0%EA%B1%B0%EA%B5%AC_%EC%84%9C%EC%B0%BD%EC%88%98_%EC%84%A0%EA%B1%B0%EA%B3%B5%EB%B3%B4.pdf&requestedFullPath=20260603/PDF/PBINFO/4124/003_100157734_20260521_1.pdf","pack_stale_currently_available","선거공보||20260603/PDF/PBINFO/4124/003_100157734_20260521_1.pdf||||1||HEIGHT||Y||00||00","","","","Y","",""
"620260603-4100-의왕시가선거구-100162889-1-선거공보","제9회 전국동시지방선거","4100","경기도","nec_region_scope","620260603","구·시·군의회의원선거","6","6412401","의왕시가선거구","박혜숙","100162889","국민의힘","200","2","의왕시의회의원","경기대학교 서비스경영전문대학원 석사과정 1학기 재학중","1","선거공보","선거공보","candidate-doc:100162889:1","false","","true","20260603/PDF/PBINFO/4124/003_100162889_20260521_1.pdf","fileinfo","https://policy.nec.go.kr/plc/common/downloadFile.do?requestedFileName=20260603_%EC%9D%98%EC%99%95%EC%8B%9C%EA%B0%80%EC%84%A0%EA%B1%B0%EA%B5%AC_%EB%B0%95%ED%98%9C%EC%88%99_%EC%84%A0%EA%B1%B0%EA%B3%B5%EB%B3%B4.pdf&requestedFullPath=20260603/PDF/PBINFO/4124/003_100162889_20260521_1.pdf","pack_stale_currently_available","선거공보||20260603/PDF/PBINFO/4124/003_100162889_20260521_1.pdf||||1||HEIGHT||Y||00||00","","","","Y","",""
"620260603-4100-의왕시가선거구-100158260-1-선거공보","제9회 전국동시지방선거","4100","경기도","nec_region_scope","620260603","구·시·군의회의원선거","6","6412401","의왕시가선거구","김동구","100158260","국민의힘","200","2","정당인","한양대학교 산업대학원 졸업(공학석사)","1","선거공보","선거공보","candidate-doc:100158260:1","false","","true","20260603/PDF/PBINFO/4124/003_100158260_20260522_1.pdf","fileinfo","https://policy.nec.go.kr/plc/common/downloadFile.do?requestedFileName=20260603_%EC%9D%98%EC%99%95%EC%8B%9C%EA%B0%80%EC%84%A0%EA%B1%B0%EA%B5%AC_%EA%B9%80%EB%8F%99%EA%B5%AC_%EC%84%A0%EA%B1%B0%EA%B3%B5%EB%B3%B4.pdf&requestedFullPath=20260603/PDF/PBINFO/4124/003_100158260_20260522_1.pdf","pack_stale_currently_available","선거공보||20260603/PDF/PBINFO/4124/003_100158260_20260522_1.pdf||||1||HEIGHT||Y||00||00","","","","Y","",""
"620260603-4100-의왕시가선거구-100160099-1-선거공보","제9회 전국동시지방선거","4100","경기도","nec_region_scope","620260603","구·시·군의회의원선거","6","6412401","의왕시가선거구","박현호","100160099","개혁신당","5070","4","의왕시의회의원","인하대학교 컴퓨터공학과 졸업","1","선거공보","선거공보","candidate-doc:100160099:1","false","","true","20260603/PDF/PBINFO/4124/003_100160099_20260522_1.pdf","fileinfo","https://policy.nec.go.kr/plc/common/downloadFile.do?requestedFileName=20260603_%EC%9D%98%EC%99%95%EC%8B%9C%EA%B0%80%EC%84%A0%EA%B1%B0%EA%B5%AC_%EB%B0%95%ED%98%84%ED%98%B8_%EC%84%A0%EA%B1%B0%EA%B3%B5%EB%B3%B4.pdf&requestedFullPath=20260603/PDF/PBINFO/4124/003_100160099_20260522_1.pdf","pack_stale_currently_available","선거공보||20260603/PDF/PBINFO/4124/003_100160099_20260522_1.pdf||||1||HEIGHT||Y||00||00","","","","Y","",""
"620260603-4100-의왕시나선거구-100157840-1-선거공보","제9회 전국동시지방선거","4100","경기도","nec_region_scope","620260603","구·시·군의회의원선거","6","6412402","의왕시나선거구","김태흥","100157840","더불어민주당","100","1","의왕시의회의원","한양대학교 공학대학원 졸업(공학석사)","1","선거공보","선거공보","candidate-doc:100157840:1","false","","true","20260603/PDF/PBINFO/4124/003_100157840_20260522_1.pdf","fileinfo","https://policy.nec.go.kr/plc/common/downloadFile.do?requestedFileName=20260603_%EC%9D%98%EC%99%95%EC%8B%9C%EB%82%98%EC%84%A0%EA%B1%B0%EA%B5%AC_%EA%B9%80%ED%83%9C%ED%9D%A5_%EC%84%A0%EA%B1%B0%EA%B3%B5%EB%B3%B4.pdf&requestedFullPath=20260603/PDF/PBINFO/4124/003_100157840_20260522_1.pdf","pack_stale_currently_available","선거공보||20260603/PDF/PBINFO/4124/003_100157840_20260522_1.pdf||||1||HEIGHT||Y||00||00","","","","Y","",""
"620260603-4100-의왕시나선거구-100155729-1-선거공보","제9회 전국동시지방선거","4100","경기도","nec_region_scope","620260603","구·시·군의회의원선거","6","6412402","의왕시나선거구","이랑이","100155729","더불어민주당","100","1","정당인","한국방송통신대학교 사회복지학과 졸업","1","선거공보","선거공보","candidate-doc:100155729:1","false","","true","20260603/PDF/PBINFO/4124/003_100155729_20260522_1.pdf","fileinfo","https://policy.nec.go.kr/plc/common/downloadFile.do?requestedFileName=20260603_%EC%9D%98%EC%99%95%EC%8B%9C%EB%82%98%EC%84%A0%EA%B1%B0%EA%B5%AC_%EC%9D%B4%EB%9E%91%EC%9D%B4_%EC%84%A0%EA%B1%B0%EA%B3%B5%EB%B3%B4.pdf&requestedFullPath=20260603/PDF/PBINFO/4124/003_100155729_20260522_1.pdf","pack_stale_currently_available","선거공보||20260603/PDF/PBINFO/4124/003_100155729_20260522_1.pdf||||1||HEIGHT||Y||00||00","","","","Y","",""
"620260603-4100-의왕시나선거구-100155589-1-선거공보","제9회 전국동시지방선거","4100","경기도","nec_region_scope","620260603","구·시·군의회의원선거","6","6412402","의왕시나선거구","박재영","100155589","국민의힘","200","2","열린화가협회 대표","건국대학교 대학원 졸업 (경영학 박사)","1","선거공보","선거공보","candidate-doc:100155589:1","false","","true","20260603/PDF/PBINFO/4124/003_100155589_20260521_1.pdf","fileinfo","https://policy.nec.go.kr/plc/common/downloadFile.do?requestedFileName=20260603_%EC%9D%98%EC%99%95%EC%8B%9C%EB%82%98%EC%84%A0%EA%B1%B0%EA%B5%AC_%EB%B0%95%EC%9E%AC%EC%98%81_%EC%84%A0%EA%B1%B0%EA%B3%B5%EB%B3%B4.pdf&requestedFullPath=20260603/PDF/PBINFO/4124/003_100155589_20260521_1.pdf","pack_stale_currently_available","선거공보||20260603/PDF/PBINFO/4124/003_100155589_20260521_1.pdf||||1||HEIGHT||Y||00||00","","","","Y","",""
"620260603-4100-의왕시나선거구-100157812-1-선거공보","제9회 전국동시지방선거","4100","경기도","nec_region_scope","620260603","구·시·군의회의원선거","6","6412402","의왕시나선거구","노선희","100157812","국민의힘","200","2","의왕시의회의원","고려대학교 식량자원학과 졸업","1","선거공보","선거공보","candidate-doc:100157812:1","false","","true","20260603/PDF/PBINFO/4124/003_100157812_20260521_1.pdf","fileinfo","https://policy.nec.go.kr/plc/common/downloadFile.do?requestedFileName=20260603_%EC%9D%98%EC%99%95%EC%8B%9C%EB%82%98%EC%84%A0%EA%B1%B0%EA%B5%AC_%EB%85%B8%EC%84%A0%ED%9D%AC_%EC%84%A0%EA%B1%B0%EA%B3%B5%EB%B3%B4.pdf&requestedFullPath=20260603/PDF/PBINFO/4124/003_100157812_20260521_1.pdf","pack_stale_currently_available","선거공보||20260603/PDF/PBINFO/4124/003_100157812_20260521_1.pdf||||1||HEIGHT||Y||00||00","","","","Y","",""
"620260603-4100-의왕시나선거구-100161965-1-선거공보","제9회 전국동시지방선거","4100","경기도","nec_region_scope","620260603","구·시·군의회의원선거","6","6412402","의왕시나선거구","양성혁","100161965","개혁신당","5070","4","공인회계사","고려대학교 통계학과 졸업","1","선거공보","선거공보","candidate-doc:100161965:1","false","","true","20260603/PDF/PBINFO/4124/003_100161965_20260521_3.pdf","fileinfo","https://policy.nec.go.kr/plc/common/downloadFile.do?requestedFileName=20260603_%EC%9D%98%EC%99%95%EC%8B%9C%EB%82%98%EC%84%A0%EA%B1%B0%EA%B5%AC_%EC%96%91%EC%84%B1%ED%98%81_%EC%84%A0%EA%B1%B0%EA%B3%B5%EB%B3%B4.pdf&requestedFullPath=20260603/PDF/PBINFO/4124/003_100161965_20260521_3.pdf","pack_stale_currently_available","선거공보||20260603/PDF/PBINFO/4124/003_100161965_20260521_3.pdf||||1||HEIGHT||Y||00||00","","","","Y","",""
"620260603-5200-춘천시마선거구-100154483-1-선거공보","제9회 전국동시지방선거","5200","강원특별자치도","nec_region_scope","620260603","구·시·군의회의원선거","6","6520105","춘천시마선거구","유소은","100154483","더불어민주당","100","1","정당인","한림대학교 사회복지대학원 졸업(사회복지학 석사)","1","선거공보","선거공보","candidate-doc:100154483:1","false","","true","20260603/PDF/PBINFO/5201/003_100154483_20260525_1.pdf","fileinfo","https://policy.nec.go.kr/plc/common/downloadFile.do?requestedFileName=20260603_%EC%B6%98%EC%B2%9C%EC%8B%9C%EB%A7%88%EC%84%A0%EA%B1%B0%EA%B5%AC_%EC%9C%A0%EC%86%8C%EC%9D%80_%EC%84%A0%EA%B1%B0%EA%B3%B5%EB%B3%B4.pdf&requestedFullPath=20260603/PDF/PBINFO/5201/003_100154483_20260525_1.pdf","pack_stale_currently_available","선거공보||20260603/PDF/PBINFO/5201/003_100154483_20260525_1.pdf||||1||HEIGHT||Y||00||00","","","","Y","",""
"620260603-5200-홍천군가선거구-100160738-1-선거공보","제9회 전국동시지방선거","5200","강원특별자치도","nec_region_scope","620260603","구·시·군의회의원선거","6","6521201","홍천군가선거구","최이경","100160738","더불어민주당","100","1","정당인","상지대학병설전문대학 유아교육과(현 상지대학교) 졸업","1","선거공보","선거공보","candidate-doc:100160738:1","false","","true","20260603/PDF/PBINFO/5212/003_100160738_20260523_1.pdf","fileinfo","https://policy.nec.go.kr/plc/common/downloadFile.do?requestedFileName=20260603_%ED%99%8D%EC%B2%9C%EA%B5%B0%EA%B0%80%EC%84%A0%EA%B1%B0%EA%B5%AC_%EC%B5%9C%EC%9D%B4%EA%B2%BD_%EC%84%A0%EA%B1%B0%EA%B3%B5%EB%B3%B4.pdf&requestedFullPath=20260603/PDF/PBINFO/5212/003_100160738_20260523_1.pdf","pack_stale_currently_available","선거공보||20260603/PDF/PBINFO/5212/003_100160738_20260523_1.pdf||||1||HEIGHT||Y||00||00","","","","Y","",""
"620260603-5200-홍천군가선거구-100159288-1-선거공보","제9회 전국동시지방선거","5200","강원특별자치도","nec_region_scope","620260603","구·시·군의회의원선거","6","6521201","홍천군가선거구","백용길","100159288","더불어민주당","100","1","정당인","한림성심대학교 디지털복지행정전공 재학중","1","선거공보","선거공보","candidate-doc:100159288:1","false","","true","20260603/PDF/PBINFO/5212/003_100159288_20260523_1.pdf","fileinfo","https://policy.nec.go.kr/plc/common/downloadFile.do?requestedFileName=20260603_%ED%99%8D%EC%B2%9C%EA%B5%B0%EA%B0%80%EC%84%A0%EA%B1%B0%EA%B5%AC_%EB%B0%B1%EC%9A%A9%EA%B8%B8_%EC%84%A0%EA%B1%B0%EA%B3%B5%EB%B3%B4.pdf&requestedFullPath=20260603/PDF/PBINFO/5212/003_100159288_20260523_1.pdf","pack_stale_currently_available","선거공보||20260603/PDF/PBINFO/5212/003_100159288_20260523_1.pdf||||1||HEIGHT||Y||00||00","","","","Y","",""
"620260603-5200-홍천군가선거구-100160898-1-선거공보","제9회 전국동시지방선거","5200","강원특별자치도","nec_region_scope","620260603","구·시·군의회의원선거","6","6521201","홍천군가선거구","황경화","100160898","국민의힘","200","2","홍천군의회의원(비례대표)","한국방송통신대학교 농학과 졸업","1","선거공보","선거공보","candidate-doc:100160898:1","false","","true","20260603/PDF/PBINFO/5212/003_100160898_20260523_1.pdf","fileinfo","https://policy.nec.go.kr/plc/common/downloadFile.do?requestedFileName=20260603_%ED%99%8D%EC%B2%9C%EA%B5%B0%EA%B0%80%EC%84%A0%EA%B1%B0%EA%B5%AC_%ED%99%A9%EA%B2%BD%ED%99%94_%EC%84%A0%EA%B1%B0%EA%B3%B5%EB%B3%B4.pdf&requestedFullPath=20260603/PDF/PBINFO/5212/003_100160898_20260523_1.pdf","pack_stale_currently_available","선거공보||20260603/PDF/PBINFO/5212/003_100160898_20260523_1.pdf||||1||HEIGHT||Y||00||00","","","","Y","",""
"620260603-5200-홍천군가선거구-100159353-1-선거공보","제9회 전국동시지방선거","5200","강원특별자치도","nec_region_scope","620260603","구·시·군의회의원선거","6","6521201","홍천군가선거구","정관교","100159353","국민의힘","200","2","자영업","한양대학교 경영학사(경영학 전공)","1","선거공보","선거공보","candidate-doc:100159353:1","false","","true","20260603/PDF/PBINFO/5212/003_100159353_20260523_1.pdf","fileinfo","https://policy.nec.go.kr/plc/common/downloadFile.do?requestedFileName=20260603_%ED%99%8D%EC%B2%9C%EA%B5%B0%EA%B0%80%EC%84%A0%EA%B1%B0%EA%B5%AC_%EC%A0%95%EA%B4%80%EA%B5%90_%EC%84%A0%EA%B1%B0%EA%B3%B5%EB%B3%B4.pdf&requestedFullPath=20260603/PDF/PBINFO/5212/003_100159353_20260523_1.pdf","pack_stale_currently_available","선거공보||20260603/PDF/PBINFO/5212/003_100159353_20260523_1.pdf||||1||HEIGHT||Y||00||00","","","","Y","",""
"620260603-5200-홍천군나선거구-100161152-1-선거공보","제9회 전국동시지방선거","5200","강원특별자치도","nec_region_scope","620260603","구·시·군의회의원선거","6","6521202","홍천군나선거구","용준순","100161152","더불어민주당","100","1","정당인","송호대학교 사회복지과(야) 졸업","1","선거공보","선거공보","candidate-doc:100161152:1","false","","true","20260603/PDF/PBINFO/5212/003_100161152_20260523_1.pdf","fileinfo","https://policy.nec.go.kr/plc/common/downloadFile.do?requestedFileName=20260603_%ED%99%8D%EC%B2%9C%EA%B5%B0%EB%82%98%EC%84%A0%EA%B1%B0%EA%B5%AC_%EC%9A%A9%EC%A4%80%EC%88%9C_%EC%84%A0%EA%B1%B0%EA%B3%B5%EB%B3%B4.pdf&requestedFullPath=20260603/PDF/PBINFO/5212/003_100161152_20260523_1.pdf","pack_stale_currently_available","선거공보||20260603/PDF/PBINFO/5212/003_100161152_20260523_1.pdf||||1||HEIGHT||Y||00||00","","","","Y","",""
"620260603-5200-평창군나선거구-100161087-1-선거공보","제9회 전국동시지방선거","5200","강원특별자치도","nec_region_scope","620260603","구·시·군의회의원선거","6","6521502","평창군나선거구","심현정","100161087","국민의힘","200","2","제9대 평창군의회 의원","관동대학교 법정대학 행정학과 졸업(행정학사)","1","선거공보","선거공보","candidate-doc:100161087:1","false","","true","20260603/PDF/PBINFO/5215/003_100161087_20260521_1.pdf","fileinfo","https://policy.nec.go.kr/plc/common/downloadFile.do?requestedFileName=20260603_%ED%8F%89%EC%B0%BD%EA%B5%B0%EB%82%98%EC%84%A0%EA%B1%B0%EA%B5%AC_%EC%8B%AC%ED%98%84%EC%A0%95_%EC%84%A0%EA%B1%B0%EA%B3%B5%EB%B3%B4.pdf&requestedFullPath=20260603/PDF/PBINFO/5215/003_100161087_20260521_1.pdf","pack_stale_currently_available","선거공보||20260603/PDF/PBINFO/5215/003_100161087_20260521_1.pdf||||1||HEIGHT||Y||00||00","","","","Y","",""
"620260603-5200-양구군나선거구-100162530-1-선거공보","제9회 전국동시지방선거","5200","강원특별자치도","nec_region_scope","620260603","구·시·군의회의원선거","6","6521702","양구군나선거구","김선묵","100162530","더불어민주당","100","1","양구군의회 의원","농협대학교 협동조합산업과 졸업","1","선거공보","선거공보","candidate-doc:100162530:1","false","","true","20260603/PDF/PBINFO/5217/003_100162530_20260523_1.pdf","fileinfo","https://policy.nec.go.kr/plc/common/downloadFile.do?requestedFileName=20260603_%EC%96%91%EA%B5%AC%EA%B5%B0%EB%82%98%EC%84%A0%EA%B1%B0%EA%B5%AC_%EA%B9%80%EC%84%A0%EB%AC%B5_%EC%84%A0%EA%B1%B0%EA%B3%B5%EB%B3%B4.pdf&requestedFullPath=20260603/PDF/PBINFO/5217/003_100162530_20260523_1.pdf","pack_stale_currently_available","선거공보||20260603/PDF/PBINFO/5217/003_100162530_20260523_1.pdf||||1||HEIGHT||Y||00||00","","","","Y","",""
"620260603-5200-양구군나선거구-100160200-1-선거공보","제9회 전국동시지방선거","5200","강원특별자치도","nec_region_scope","620260603","구·시·군의회의원선거","6","6521702","양구군나선거구","우동화","100160200","더불어민주당","100","1","농업","미기재","1","선거공보","선거공보","candidate-doc:100160200:1","false","","true","20260603/PDF/PBINFO/5217/003_100160200_20260522_1.pdf","fileinfo","https://policy.nec.go.kr/plc/common/downloadFile.do?requestedFileName=20260603_%EC%96%91%EA%B5%AC%EA%B5%B0%EB%82%98%EC%84%A0%EA%B1%B0%EA%B5%AC_%EC%9A%B0%EB%8F%99%ED%99%94_%EC%84%A0%EA%B1%B0%EA%B3%B5%EB%B3%B4.pdf&requestedFullPath=20260603/PDF/PBINFO/5217/003_100160200_20260522_1.pdf","pack_stale_currently_available","선거공보||20260603/PDF/PBINFO/5217/003_100160200_20260522_1.pdf||||1||HEIGHT||Y||00||00","","","","Y","",""
"620260603-5200-양구군나선거구-100159111-1-선거공보","제9회 전국동시지방선거","5200","강원특별자치도","nec_region_scope","620260603","구·시·군의회의원선거","6","6521702","양구군나선거구","김연성","100159111","국민의힘","200","2","소상공인","목원대학교 광고홍보언론학과 졸업","1","선거공보","선거공보","candidate-doc:100159111:1","false","","true","20260603/PDF/PBINFO/5217/003_100159111_20260523_1.pdf","fileinfo","https://policy.nec.go.kr/plc/common/downloadFile.do?requestedFileName=20260603_%EC%96%91%EA%B5%AC%EA%B5%B0%EB%82%98%EC%84%A0%EA%B1%B0%EA%B5%AC_%EA%B9%80%EC%97%B0%EC%84%B1_%EC%84%A0%EA%B1%B0%EA%B3%B5%EB%B3%B4.pdf&requestedFullPath=20260603/PDF/PBINFO/5217/003_100159111_20260523_1.pdf","pack_stale_currently_available","선거공보||20260603/PDF/PBINFO/5217/003_100159111_20260523_1.pdf||||1||HEIGHT||Y||00||00","","","","Y","",""
"620260603-5200-양구군나선거구-100158919-1-선거공보","제9회 전국동시지방선거","5200","강원특별자치도","nec_region_scope","620260603","구·시·군의회의원선거","6","6521702","양구군나선거구","정귀수","100158919","국민의힘","200","2","농업인","공업전문학사(정보통신 전공)","1","선거공보","선거공보","candidate-doc:100158919:1","false","","true","20260603/PDF/PBINFO/5217/003_100158919_20260522_1.pdf","fileinfo","https://policy.nec.go.kr/plc/common/downloadFile.do?requestedFileName=20260603_%EC%96%91%EA%B5%AC%EA%B5%B0%EB%82%98%EC%84%A0%EA%B1%B0%EA%B5%AC_%EC%A0%95%EA%B7%80%EC%88%98_%EC%84%A0%EA%B1%B0%EA%B3%B5%EB%B3%B4.pdf&requestedFullPath=20260603/PDF/PBINFO/5217/003_100158919_20260522_1.pdf","pack_stale_currently_available","선거공보||20260603/PDF/PBINFO/5217/003_100158919_20260522_1.pdf||||1||HEIGHT||Y||00||00","","","","Y","",""
"620260603-5200-양구군나선거구-100163013-1-선거공보","제9회 전국동시지방선거","5200","강원특별자치도","nec_region_scope","620260603","구·시·군의회의원선거","6","6521702","양구군나선거구","조돈준","100163013","무소속","9999","5","제9대 양구군의회 의원","고등학교 졸업학력 검정고시 합격","1","선거공보","선거공보","candidate-doc:100163013:1","false","","true","20260603/PDF/PBINFO/5217/003_100163013_20260523_1.pdf","fileinfo","https://policy.nec.go.kr/plc/common/downloadFile.do?requestedFileName=20260603_%EC%96%91%EA%B5%AC%EA%B5%B0%EB%82%98%EC%84%A0%EA%B1%B0%EA%B5%AC_%EC%A1%B0%EB%8F%88%EC%A4%80_%EC%84%A0%EA%B1%B0%EA%B3%B5%EB%B3%B4.pdf&requestedFullPath=20260603/PDF/PBINFO/5217/003_100163013_20260523_1.pdf","pack_stale_currently_available","선거공보||20260603/PDF/PBINFO/5217/003_100163013_20260523_1.pdf||||1||HEIGHT||Y||00||00","","","","Y","",""
"620260603-5200-양양군가선거구-100158793-1-선거공보","제9회 전국동시지방선거","5200","강원특별자치도","nec_region_scope","620260603","구·시·군의회의원선거","6","6521001","양양군가선거구","최근배","100158793","더불어민주당","100","1","KB손해보험 양양영업소 소장","강원대학교사범대학부속고등학교 졸업","1","선거공보","선거공보","candidate-doc:100158793:1","false","","true","20260603/PDF/PBINFO/5210/003_100158793_20260521_1.pdf","fileinfo","https://policy.nec.go.kr/plc/common/downloadFile.do?requestedFileName=20260603_%EC%96%91%EC%96%91%EA%B5%B0%EA%B0%80%EC%84%A0%EA%B1%B0%EA%B5%AC_%EC%B5%9C%EA%B7%BC%EB%B0%B0_%EC%84%A0%EA%B1%B0%EA%B3%B5%EB%B3%B4.pdf&requestedFullPath=20260603/PDF/PBINFO/5210/003_100158793_20260521_1.pdf","pack_stale_currently_available","선거공보||20260603/PDF/PBINFO/5210/003_100158793_20260521_1.pdf||||1||HEIGHT||Y||00||00","","","","Y","",""
"620260603-5200-양양군가선거구-100158377-1-선거공보","제9회 전국동시지방선거","5200","강원특별자치도","nec_region_scope","620260603","구·시·군의회의원선거","6","6521001","양양군가선거구","고정순","100158377","국민의힘","200","2","정당인","경동대학교 사회복지경영학부 졸업 (사회복지학전공)","1","선거공보","선거공보","candidate-doc:100158377:1","false","","true","20260603/PDF/PBINFO/5210/003_100158377_20260521_1.pdf","fileinfo","https://policy.nec.go.kr/plc/common/downloadFile.do?requestedFileName=20260603_%EC%96%91%EC%96%91%EA%B5%B0%EA%B0%80%EC%84%A0%EA%B1%B0%EA%B5%AC_%EA%B3%A0%EC%A0%95%EC%88%9C_%EC%84%A0%EA%B1%B0%EA%B3%B5%EB%B3%B4.pdf&requestedFullPath=20260603/PDF/PBINFO/5210/003_100158377_20260521_1.pdf","pack_stale_currently_available","선거공보||20260603/PDF/PBINFO/5210/003_100158377_20260521_1.pdf||||1||HEIGHT||Y||00||00","","","","Y","",""
"620260603-5200-양양군가선거구-100161133-1-선거공보","제9회 전국동시지방선거","5200","강원특별자치도","nec_region_scope","620260603","구·시·군의회의원선거","6","6521001","양양군가선거구","이명숙","100161133","국민의힘","200","2","양양군의원","강릉원주대학교 경영정책과학대학원 관광학과졸업(관광학석사)","1","선거공보","선거공보","candidate-doc:100161133:1","false","","true","20260603/PDF/PBINFO/5210/003_100161133_20260521_1.pdf","fileinfo","https://policy.nec.go.kr/plc/common/downloadFile.do?requestedFileName=20260603_%EC%96%91%EC%96%91%EA%B5%B0%EA%B0%80%EC%84%A0%EA%B1%B0%EA%B5%AC_%EC%9D%B4%EB%AA%85%EC%88%99_%EC%84%A0%EA%B1%B0%EA%B3%B5%EB%B3%B4.pdf&requestedFullPath=20260603/PDF/PBINFO/5210/003_100161133_20260521_1.pdf","pack_stale_currently_available","선거공보||20260603/PDF/PBINFO/5210/003_100161133_20260521_1.pdf||||1||HEIGHT||Y||00||00","","","","Y","",""
"620260603-5200-양양군가선거구-100158442-1-선거공보","제9회 전국동시지방선거","5200","강원특별자치도","nec_region_scope","620260603","구·시·군의회의원선거","6","6521001","양양군가선거구","최선남","100158442","국민의힘","200","2","양양군의회의원","강원대학교산업대학원 토목공학과 졸업(공학석사)","1","선거공보","선거공보","candidate-doc:100158442:1","false","","true","20260603/PDF/PBINFO/5210/003_100158442_20260521_1.pdf","fileinfo","https://policy.nec.go.kr/plc/common/downloadFile.do?requestedFileName=20260603_%EC%96%91%EC%96%91%EA%B5%B0%EA%B0%80%EC%84%A0%EA%B1%B0%EA%B5%AC_%EC%B5%9C%EC%84%A0%EB%82%A8_%EC%84%A0%EA%B1%B0%EA%B3%B5%EB%B3%B4.pdf&requestedFullPath=20260603/PDF/PBINFO/5210/003_100158442_20260521_1.pdf","pack_stale_currently_available","선거공보||20260603/PDF/PBINFO/5210/003_100158442_20260521_1.pdf||||1||HEIGHT||Y||00||00","","","","Y","",""
"620260603-5200-양양군나선거구-100159582-1-선거공보","제9회 전국동시지방선거","5200","강원특별자치도","nec_region_scope","620260603","구·시·군의회의원선거","6","6521002","양양군나선거구","안미영","100159582","더불어민주당","100","1","자영업(숙박업)","동우전문대학 관광과 졸업 (현 경동대학교)","1","선거공보","선거공보","candidate-doc:100159582:1","false","","true","20260603/PDF/PBINFO/5210/003_100159582_20260521_1.pdf","fileinfo","https://policy.nec.go.kr/plc/common/downloadFile.do?requestedFileName=20260603_%EC%96%91%EC%96%91%EA%B5%B0%EB%82%98%EC%84%A0%EA%B1%B0%EA%B5%AC_%EC%95%88%EB%AF%B8%EC%98%81_%EC%84%A0%EA%B1%B0%EA%B3%B5%EB%B3%B4.pdf&requestedFullPath=20260603/PDF/PBINFO/5210/003_100159582_20260521_1.pdf","pack_stale_currently_available","선거공보||20260603/PDF/PBINFO/5210/003_100159582_20260521_1.pdf||||1||HEIGHT||Y||00||00","","","","Y","",""
"620260603-5200-양양군나선거구-100159356-1-선거공보","제9회 전국동시지방선거","5200","강원특별자치도","nec_region_scope","620260603","구·시·군의회의원선거","6","6521002","양양군나선거구","전유성","100159356","국민의힘","200","2","자영업","가톨릭관동대학교 음악학부 졸업 (음악전공)","1","선거공보","선거공보","candidate-doc:100159356:1","false","","true","20260603/PDF/PBINFO/5210/003_100159356_20260521_1.pdf","fileinfo","https://policy.nec.go.kr/plc/common/downloadFile.do?requestedFileName=20260603_%EC%96%91%EC%96%91%EA%B5%B0%EB%82%98%EC%84%A0%EA%B1%B0%EA%B5%AC_%EC%A0%84%EC%9C%A0%EC%84%B1_%EC%84%A0%EA%B1%B0%EA%B3%B5%EB%B3%B4.pdf&requestedFullPath=20260603/PDF/PBINFO/5210/003_100159356_20260521_1.pdf","pack_stale_currently_available","선거공보||20260603/PDF/PBINFO/5210/003_100159356_20260521_1.pdf||||1||HEIGHT||Y||00||00","","","","Y","",""
"620260603-5200-양양군나선거구-100159759-1-선거공보","제9회 전국동시지방선거","5200","강원특별자치도","nec_region_scope","620260603","구·시·군의회의원선거","6","6521002","양양군나선거구","박동철","100159759","국민의힘","200","2","임업","서울대학교 농과대학 동물자원과학과 졸업","1","선거공보","선거공보","candidate-doc:100159759:1","false","","true","20260603/PDF/PBINFO/5210/003_100159759_20260521_1.pdf","fileinfo","https://policy.nec.go.kr/plc/common/downloadFile.do?requestedFileName=20260603_%EC%96%91%EC%96%91%EA%B5%B0%EB%82%98%EC%84%A0%EA%B1%B0%EA%B5%AC_%EB%B0%95%EB%8F%99%EC%B2%A0_%EC%84%A0%EA%B1%B0%EA%B3%B5%EB%B3%B4.pdf&requestedFullPath=20260603/PDF/PBINFO/5210/003_100159759_20260521_1.pdf","pack_stale_currently_available","선거공보||20260603/PDF/PBINFO/5210/003_100159759_20260521_1.pdf||||1||HEIGHT||Y||00||00","","","","Y","",""
"620260603-5200-양양군나선거구-100158384-1-선거공보","제9회 전국동시지방선거","5200","강원특별자치도","nec_region_scope","620260603","구·시·군의회의원선거","6","6521002","양양군나선거구","고교연","100158384","국민의힘","200","2","양양군의회 의원","강릉농공고등학교 졸업 (현 강릉중앙고등학교)","1","선거공보","선거공보","candidate-doc:100158384:1","false","","true","20260603/PDF/PBINFO/5210/003_100158384_20260521_1.pdf","fileinfo","https://policy.nec.go.kr/plc/common/downloadFile.do?requestedFileName=20260603_%EC%96%91%EC%96%91%EA%B5%B0%EB%82%98%EC%84%A0%EA%B1%B0%EA%B5%AC_%EA%B3%A0%EA%B5%90%EC%97%B0_%EC%84%A0%EA%B1%B0%EA%B3%B5%EB%B3%B4.pdf&requestedFullPath=20260603/PDF/PBINFO/5210/003_100158384_20260521_1.pdf","pack_stale_currently_available","선거공보||20260603/PDF/PBINFO/5210/003_100158384_20260521_1.pdf||||1||HEIGHT||Y||00||00","","","","Y","",""
"620260603-5200-양양군나선거구-100160391-1-선거공보","제9회 전국동시지방선거","5200","강원특별자치도","nec_region_scope","620260603","구·시·군의회의원선거","6","6521002","양양군나선거구","오세만","100160391","무소속","9999","5","양양군의회 의원","동우전문대학 관광과 졸업","1","선거공보","선거공보","candidate-doc:100160391:1","false","","true","20260603/PDF/PBINFO/5210/003_100160391_20260521_1.pdf","fileinfo","https://policy.nec.go.kr/plc/common/downloadFile.do?requestedFileName=20260603_%EC%96%91%EC%96%91%EA%B5%B0%EB%82%98%EC%84%A0%EA%B1%B0%EA%B5%AC_%EC%98%A4%EC%84%B8%EB%A7%8C_%EC%84%A0%EA%B1%B0%EA%B3%B5%EB%B3%B4.pdf&requestedFullPath=20260603/PDF/PBINFO/5210/003_100160391_20260521_1.pdf","pack_stale_currently_available","선거공보||20260603/PDF/PBINFO/5210/003_100160391_20260521_1.pdf||||1||HEIGHT||Y||00||00","","","","Y","",""
"620260603-5200-양양군나선거구-100161081-1-선거공보","제9회 전국동시지방선거","5200","강원특별자치도","nec_region_scope","620260603","구·시·군의회의원선거","6","6521002","양양군나선거구","박광수","100161081","무소속","9999","6","양양군의회의원","강릉상업고등학교 (현 강릉제일고등학교) 졸업","1","선거공보","선거공보","candidate-doc:100161081:1","false","","true","20260603/PDF/PBINFO/5210/003_100161081_20260522_1.pdf","fileinfo","https://policy.nec.go.kr/plc/common/downloadFile.do?requestedFileName=20260603_%EC%96%91%EC%96%91%EA%B5%B0%EB%82%98%EC%84%A0%EA%B1%B0%EA%B5%AC_%EB%B0%95%EA%B4%91%EC%88%98_%EC%84%A0%EA%B1%B0%EA%B3%B5%EB%B3%B4.pdf&requestedFullPath=20260603/PDF/PBINFO/5210/003_100161081_20260522_1.pdf","pack_stale_currently_available","선거공보||20260603/PDF/PBINFO/5210/003_100161081_20260522_1.pdf||||1||HEIGHT||Y||00||00","","","","Y","",""
"620260603-5300-전주시가선거구-100162142-1-선거공보","제9회 전국동시지방선거","5300","전북특별자치도","nec_region_scope","620260603","구·시·군의회의원선거","6","6530101","전주시가선거구","최용철","100162142","더불어민주당","100","1","전주시의회의원","전북대학교 행정대학원 정치학석사(지방자치학)","1","선거공보","선거공보","candidate-doc:100162142:1","false","","true","20260603/PDF/PBINFO/5301/003_100162142_20260525_1.pdf","fileinfo","https://policy.nec.go.kr/plc/common/downloadFile.do?requestedFileName=20260603_%EC%A0%84%EC%A3%BC%EC%8B%9C%EA%B0%80%EC%84%A0%EA%B1%B0%EA%B5%AC_%EC%B5%9C%EC%9A%A9%EC%B2%A0_%EC%84%A0%EA%B1%B0%EA%B3%B5%EB%B3%B4.pdf&requestedFullPath=20260603/PDF/PBINFO/5301/003_100162142_20260525_1.pdf","pack_stale_currently_available","선거공보||20260603/PDF/PBINFO/5301/003_100162142_20260525_1.pdf||||1||HEIGHT||Y||00||00","","","","Y","",""
"620260603-5300-전주시가선거구-100161148-1-선거공보","제9회 전국동시지방선거","5300","전북특별자치도","nec_region_scope","620260603","구·시·군의회의원선거","6","6530101","전주시가선거구","김윤철","100161148","더불어민주당","100","1","시의원","전북대학교 행정대학원 정치학석사(지방자치학)","1","선거공보","선거공보","candidate-doc:100161148:1","false","","true","20260603/PDF/PBINFO/5301/003_100161148_20260525_1.pdf","fileinfo","https://policy.nec.go.kr/plc/common/downloadFile.do?requestedFileName=20260603_%EC%A0%84%EC%A3%BC%EC%8B%9C%EA%B0%80%EC%84%A0%EA%B1%B0%EA%B5%AC_%EA%B9%80%EC%9C%A4%EC%B2%A0_%EC%84%A0%EA%B1%B0%EA%B3%B5%EB%B3%B4.pdf&requestedFullPath=20260603/PDF/PBINFO/5301/003_100161148_20260525_1.pdf","pack_stale_currently_available","선거공보||20260603/PDF/PBINFO/5301/003_100161148_20260525_1.pdf||||1||HEIGHT||Y||00||00","","","","Y","",""
"620260603-5300-전주시가선거구-100161708-1-선거공보","제9회 전국동시지방선거","5300","전북특별자치도","nec_region_scope","620260603","구·시·군의회의원선거","6","6530101","전주시가선거구","김원주","100161708","더불어민주당","100","1","전주시의원","전북대학교 법무대학원 법학과 석사 졸업","1","선거공보","선거공보","candidate-doc:100161708:1","false","","true","20260603/PDF/PBINFO/5301/003_100161708_20260525_1.pdf","fileinfo","https://policy.nec.go.kr/plc/common/downloadFile.do?requestedFileName=20260603_%EC%A0%84%EC%A3%BC%EC%8B%9C%EA%B0%80%EC%84%A0%EA%B1%B0%EA%B5%AC_%EA%B9%80%EC%9B%90%EC%A3%BC_%EC%84%A0%EA%B1%B0%EA%B3%B5%EB%B3%B4.pdf&requestedFullPath=20260603/PDF/PBINFO/5301/003_100161708_20260525_1.pdf","pack_stale_currently_available","선거공보||20260603/PDF/PBINFO/5301/003_100161708_20260525_1.pdf||||1||HEIGHT||Y||00||00","","","","Y","",""
"620260603-5300-전주시가선거구-100155376-1-선거공보","제9회 전국동시지방선거","5300","전북특별자치도","nec_region_scope","620260603","구·시·군의회의원선거","6","6530101","전주시가선거구","채민석","100155376","조국혁신당","5077","3","조국혁신당 전북특별자치도당 대변인","원광대학교 경영학부 졸업","1","선거공보","선거공보","candidate-doc:100155376:1","false","","true","20260603/PDF/PBINFO/5301/003_100155376_20260525_1.pdf","fileinfo","https://policy.nec.go.kr/plc/common/downloadFile.do?requestedFileName=20260603_%EC%A0%84%EC%A3%BC%EC%8B%9C%EA%B0%80%EC%84%A0%EA%B1%B0%EA%B5%AC_%EC%B1%84%EB%AF%BC%EC%84%9D_%EC%84%A0%EA%B1%B0%EA%B3%B5%EB%B3%B4.pdf&requestedFullPath=20260603/PDF/PBINFO/5301/003_100155376_20260525_1.pdf","pack_stale_currently_available","선거공보||20260603/PDF/PBINFO/5301/003_100155376_20260525_1.pdf||||1||HEIGHT||Y||00||00","","","","Y","",""
"620260603-5300-전주시나선거구-100157488-1-선거공보","제9회 전국동시지방선거","5300","전북특별자치도","nec_region_scope","620260603","구·시·군의회의원선거","6","6530102","전주시나선거구","장병익","100157488","더불어민주당","100","1","전주시의원","전북대학교 대학원 행정학과 박사과정 수료","1","선거공보","선거공보","candidate-doc:100157488:1","false","","true","20260603/PDF/PBINFO/5301/003_100157488_20260525_1.pdf","fileinfo","https://policy.nec.go.kr/plc/common/downloadFile.do?requestedFileName=20260603_%EC%A0%84%EC%A3%BC%EC%8B%9C%EB%82%98%EC%84%A0%EA%B1%B0%EA%B5%AC_%EC%9E%A5%EB%B3%91%EC%9D%B5_%EC%84%A0%EA%B1%B0%EA%B3%B5%EB%B3%B4.pdf&requestedFullPath=20260603/PDF/PBINFO/5301/003_100157488_20260525_1.pdf","pack_stale_currently_available","선거공보||20260603/PDF/PBINFO/5301/003_100157488_20260525_1.pdf||||1||HEIGHT||Y||00||00","","","","Y","",""
"620260603-5300-전주시나선거구-100156063-1-선거공보","제9회 전국동시지방선거","5300","전북특별자치도","nec_region_scope","620260603","구·시·군의회의원선거","6","6530102","전주시나선거구","이동문","100156063","더불어민주당","100","1","기업인","전주대학교 경상대학 경제정보학부 졸업","1","선거공보","선거공보","candidate-doc:100156063:1","false","","true","20260603/PDF/PBINFO/5301/003_100156063_20260525_1.pdf","fileinfo","https://policy.nec.go.kr/plc/common/downloadFile.do?requestedFileName=20260603_%EC%A0%84%EC%A3%BC%EC%8B%9C%EB%82%98%EC%84%A0%EA%B1%B0%EA%B5%AC_%EC%9D%B4%EB%8F%99%EB%AC%B8_%EC%84%A0%EA%B1%B0%EA%B3%B5%EB%B3%B4.pdf&requestedFullPath=20260603/PDF/PBINFO/5301/003_100156063_20260525_1.pdf","pack_stale_currently_available","선거공보||20260603/PDF/PBINFO/5301/003_100156063_20260525_1.pdf||||1||HEIGHT||Y||00||00","","","","Y","",""
"620260603-5300-전주시나선거구-100157646-1-선거공보","제9회 전국동시지방선거","5300","전북특별자치도","nec_region_scope","620260603","구·시·군의회의원선거","6","6530102","전주시나선거구","김세혁","100157646","더불어민주당","100","1","전주시의회의원","전북대학교 공공정책대학원 행정학과 석사수료","1","선거공보","선거공보","candidate-doc:100157646:1","false","","true","20260603/PDF/PBINFO/5301/003_100157646_20260525_1.pdf","fileinfo","https://policy.nec.go.kr/plc/common/downloadFile.do?requestedFileName=20260603_%EC%A0%84%EC%A3%BC%EC%8B%9C%EB%82%98%EC%84%A0%EA%B1%B0%EA%B5%AC_%EA%B9%80%EC%84%B8%ED%98%81_%EC%84%A0%EA%B1%B0%EA%B3%B5%EB%B3%B4.pdf&requestedFullPath=20260603/PDF/PBINFO/5301/003_100157646_20260525_1.pdf","pack_stale_currently_available","선거공보||20260603/PDF/PBINFO/5301/003_100157646_20260525_1.pdf||||1||HEIGHT||Y||00||00","","","","Y","",""
"620260603-5300-전주시나선거구-100156111-1-선거공보","제9회 전국동시지방선거","5300","전북특별자치도","nec_region_scope","620260603","구·시·군의회의원선거","6","6530102","전주시나선거구","조우영","100156111","조국혁신당","5077","3","무 ","전주기전대학 사회복지상담과 졸업","1","선거공보","선거공보","candidate-doc:100156111:1","false","","true","20260603/PDF/PBINFO/5301/003_100156111_20260525_1.pdf","fileinfo","https://policy.nec.go.kr/plc/common/downloadFile.do?requestedFileName=20260603_%EC%A0%84%EC%A3%BC%EC%8B%9C%EB%82%98%EC%84%A0%EA%B1%B0%EA%B5%AC_%EC%A1%B0%EC%9A%B0%EC%98%81_%EC%84%A0%EA%B1%B0%EA%B3%B5%EB%B3%B4.pdf&requestedFullPath=20260603/PDF/PBINFO/5301/003_100156111_20260525_1.pdf","pack_stale_currently_available","선거공보||20260603/PDF/PBINFO/5301/003_100156111_20260525_1.pdf||||1||HEIGHT||Y||00||00","","","","Y","",""
"620260603-5300-전주시나선거구-100156335-1-선거공보","제9회 전국동시지방선거","5300","전북특별자치도","nec_region_scope","620260603","구·시·군의회의원선거","6","6530102","전주시나선거구","여민영","100156335","진보당","5010","5","서비스노동자","부산대학교 철학과 졸업","1","선거공보","선거공보","candidate-doc:100156335:1","false","","true","20260603/PDF/PBINFO/5301/003_100156335_20260525_1.pdf","fileinfo","https://policy.nec.go.kr/plc/common/downloadFile.do?requestedFileName=20260603_%EC%A0%84%EC%A3%BC%EC%8B%9C%EB%82%98%EC%84%A0%EA%B1%B0%EA%B5%AC_%EC%97%AC%EB%AF%BC%EC%98%81_%EC%84%A0%EA%B1%B0%EA%B3%B5%EB%B3%B4.pdf&requestedFullPath=20260603/PDF/PBINFO/5301/003_100156335_20260525_1.pdf","pack_stale_currently_available","선거공보||20260603/PDF/PBINFO/5301/003_100156335_20260525_1.pdf||||1||HEIGHT||Y||00||00","","","","Y","",""
"620260603-5300-전주시다선거구-100156028-1-선거공보","제9회 전국동시지방선거","5300","전북특별자치도","nec_region_scope","620260603","구·시·군의회의원선거","6","6530103","전주시다선거구","김정명","100156028","더불어민주당","100","1","전주시의회의원","우석대학교 체육학전공(체육학사) 졸업","1","선거공보","선거공보","candidate-doc:100156028:1","false","","true","20260603/PDF/PBINFO/5301/003_100156028_20260525_1.pdf","fileinfo","https://policy.nec.go.kr/plc/common/downloadFile.do?requestedFileName=20260603_%EC%A0%84%EC%A3%BC%EC%8B%9C%EB%8B%A4%EC%84%A0%EA%B1%B0%EA%B5%AC_%EA%B9%80%EC%A0%95%EB%AA%85_%EC%84%A0%EA%B1%B0%EA%B3%B5%EB%B3%B4.pdf&requestedFullPath=20260603/PDF/PBINFO/5301/003_100156028_20260525_1.pdf","pack_stale_currently_available","선거공보||20260603/PDF/PBINFO/5301/003_100156028_20260525_1.pdf||||1||HEIGHT||Y||00||00","","","","Y","",""
"620260603-5300-전주시다선거구-100156225-1-선거공보","제9회 전국동시지방선거","5300","전북특별자치도","nec_region_scope","620260603","구·시·군의회의원선거","6","6530103","전주시다선거구","이남숙","100156225","더불어민주당","100","1","전주시의회의원","한일장신대학교 대학원 기독교사회복지학과 졸업(사회복지학 박사)","1","선거공보","선거공보","candidate-doc:100156225:1","false","","true","20260603/PDF/PBINFO/5301/003_100156225_20260525_1.pdf","fileinfo","https://policy.nec.go.kr/plc/common/downloadFile.do?requestedFileName=20260603_%EC%A0%84%EC%A3%BC%EC%8B%9C%EB%8B%A4%EC%84%A0%EA%B1%B0%EA%B5%AC_%EC%9D%B4%EB%82%A8%EC%88%99_%EC%84%A0%EA%B1%B0%EA%B3%B5%EB%B3%B4.pdf&requestedFullPath=20260603/PDF/PBINFO/5301/003_100156225_20260525_1.pdf","pack_stale_currently_available","선거공보||20260603/PDF/PBINFO/5301/003_100156225_20260525_1.pdf||||1||HEIGHT||Y||00||00","","","","Y","",""
"620260603-5300-전주시다선거구-100157192-1-선거공보","제9회 전국동시지방선거","5300","전북특별자치도","nec_region_scope","620260603","구·시·군의회의원선거","6","6530103","전주시다선거구","최주만","100157192","더불어민주당","100","1","전주시의회 부의장","전북대학교 법무대학원 석사과정 수료","1","선거공보","선거공보","candidate-doc:100157192:1","false","","true","20260603/PDF/PBINFO/5301/003_100157192_20260525_1.pdf","fileinfo","https://policy.nec.go.kr/plc/common/downloadFile.do?requestedFileName=20260603_%EC%A0%84%EC%A3%BC%EC%8B%9C%EB%8B%A4%EC%84%A0%EA%B1%B0%EA%B5%AC_%EC%B5%9C%EC%A3%BC%EB%A7%8C_%EC%84%A0%EA%B1%B0%EA%B3%B5%EB%B3%B4.pdf&requestedFullPath=20260603/PDF/PBINFO/5301/003_100157192_20260525_1.pdf","pack_stale_currently_available","선거공보||20260603/PDF/PBINFO/5301/003_100157192_20260525_1.pdf||||1||HEIGHT||Y||00||00","","","","Y","",""
"620260603-5300-전주시다선거구-100156424-1-선거공보","제9회 전국동시지방선거","5300","전북특별자치도","nec_region_scope","620260603","구·시·군의회의원선거","6","6530103","전주시다선거구","김경찬","100156424","국민의힘","200","2","정당인","경북대학교 음악학과 졸업","1","선거공보","선거공보","candidate-doc:100156424:1","false","","true","20260603/PDF/PBINFO/5301/003_100156424_20260525_1.pdf","fileinfo","https://policy.nec.go.kr/plc/common/downloadFile.do?requestedFileName=20260603_%EC%A0%84%EC%A3%BC%EC%8B%9C%EB%8B%A4%EC%84%A0%EA%B1%B0%EA%B5%AC_%EA%B9%80%EA%B2%BD%EC%B0%AC_%EC%84%A0%EA%B1%B0%EA%B3%B5%EB%B3%B4.pdf&requestedFullPath=20260603/PDF/PBINFO/5301/003_100156424_20260525_1.pdf","pack_stale_currently_available","선거공보||20260603/PDF/PBINFO/5301/003_100156424_20260525_1.pdf||||1||HEIGHT||Y||00||00","","","","Y","",""
"620260603-5300-전주시다선거구-100154619-1-선거공보","제9회 전국동시지방선거","5300","전북특별자치도","nec_region_scope","620260603","구·시·군의회의원선거","6","6530103","전주시다선거구","김주년","100154619","조국혁신당","5077","3","정당인","전주대학교 졸업(화학전공 이학사)","1","선거공보","선거공보","candidate-doc:100154619:1","false","","true","20260603/PDF/PBINFO/5301/003_100154619_20260525_1.pdf","fileinfo","https://policy.nec.go.kr/plc/common/downloadFile.do?requestedFileName=20260603_%EC%A0%84%EC%A3%BC%EC%8B%9C%EB%8B%A4%EC%84%A0%EA%B1%B0%EA%B5%AC_%EA%B9%80%EC%A3%BC%EB%85%84_%EC%84%A0%EA%B1%B0%EA%B3%B5%EB%B3%B4.pdf&requestedFullPath=20260603/PDF/PBINFO/5301/003_100154619_20260525_1.pdf","pack_stale_currently_available","선거공보||20260603/PDF/PBINFO/5301/003_100154619_20260525_1.pdf||||1||HEIGHT||Y||00||00","","","","Y","",""
"620260603-5300-전주시다선거구-100156899-1-선거공보","제9회 전국동시지방선거","5300","전북특별자치도","nec_region_scope","620260603","구·시·군의회의원선거","6","6530103","전주시다선거구","양영환","100156899","무소속","9999","5","(현)전주시의회의원","세계사이버대학 청소년복지상담학과 졸업","1","선거공보","선거공보","candidate-doc:100156899:1","false","","true","20260603/PDF/PBINFO/5301/003_100156899_20260525_1.pdf","fileinfo","https://policy.nec.go.kr/plc/common/downloadFile.do?requestedFileName=20260603_%EC%A0%84%EC%A3%BC%EC%8B%9C%EB%8B%A4%EC%84%A0%EA%B1%B0%EA%B5%AC_%EC%96%91%EC%98%81%ED%99%98_%EC%84%A0%EA%B1%B0%EA%B3%B5%EB%B3%B4.pdf&requestedFullPath=20260603/PDF/PBINFO/5301/003_100156899_20260525_1.pdf","pack_stale_currently_available","선거공보||20260603/PDF/PBINFO/5301/003_100156899_20260525_1.pdf||||1||HEIGHT||Y||00||00","","","","Y","",""
"620260603-5300-전주시라선거구-100154948-1-선거공보","제9회 전국동시지방선거","5300","전북특별자치도","nec_region_scope","620260603","구·시·군의회의원선거","6","6530104","전주시라선거구","심진철","100154948","더불어민주당","100","1","개인사업자","전주공업고등학교(전기과)졸업","1","선거공보","선거공보","candidate-doc:100154948:1","false","","true","20260603/PDF/PBINFO/5301/003_100154948_20260525_1.pdf","fileinfo","https://policy.nec.go.kr/plc/common/downloadFile.do?requestedFileName=20260603_%EC%A0%84%EC%A3%BC%EC%8B%9C%EB%9D%BC%EC%84%A0%EA%B1%B0%EA%B5%AC_%EC%8B%AC%EC%A7%84%EC%B2%A0_%EC%84%A0%EA%B1%B0%EA%B3%B5%EB%B3%B4.pdf&requestedFullPath=20260603/PDF/PBINFO/5301/003_100154948_20260525_1.pdf","pack_stale_currently_available","선거공보||20260603/PDF/PBINFO/5301/003_100154948_20260525_1.pdf||||1||HEIGHT||Y||00||00","","","","Y","",""
"620260603-5300-전주시라선거구-100156711-1-선거공보","제9회 전국동시지방선거","5300","전북특별자치도","nec_region_scope","620260603","구·시·군의회의원선거","6","6530104","전주시라선거구","최인호","100156711","조국혁신당","5077","3","기업인","한국방송통신대학교 대학원 정보과학과 석사학위과정 3학기 제적","1","선거공보","선거공보","candidate-doc:100156711:1","false","","true","20260603/PDF/PBINFO/5301/003_100156711_20260525_1.pdf","fileinfo","https://policy.nec.go.kr/plc/common/downloadFile.do?requestedFileName=20260603_%EC%A0%84%EC%A3%BC%EC%8B%9C%EB%9D%BC%EC%84%A0%EA%B1%B0%EA%B5%AC_%EC%B5%9C%EC%9D%B8%ED%98%B8_%EC%84%A0%EA%B1%B0%EA%B3%B5%EB%B3%B4.pdf&requestedFullPath=20260603/PDF/PBINFO/5301/003_100156711_20260525_1.pdf","pack_stale_currently_available","선거공보||20260603/PDF/PBINFO/5301/003_100156711_20260525_1.pdf||||1||HEIGHT||Y||00||00","","","","Y","",""
"620260603-5300-전주시라선거구-100165323-1-선거공보","제9회 전국동시지방선거","5300","전북특별자치도","nec_region_scope","620260603","구·시·군의회의원선거","6","6530104","전주시라선거구","최영심","100165323","무소속","9999","5","교육공무직원","우석대학교 교육대학원 교육학 석사","1","선거공보","선거공보","candidate-doc:100165323:1","false","","true","20260603/PDF/PBINFO/5301/003_100165323_20260525_1.pdf","fileinfo","https://policy.nec.go.kr/plc/common/downloadFile.do?requestedFileName=20260603_%EC%A0%84%EC%A3%BC%EC%8B%9C%EB%9D%BC%EC%84%A0%EA%B1%B0%EA%B5%AC_%EC%B5%9C%EC%98%81%EC%8B%AC_%EC%84%A0%EA%B1%B0%EA%B3%B5%EB%B3%B4.pdf&requestedFullPath=20260603/PDF/PBINFO/5301/003_100165323_20260525_1.pdf","pack_stale_currently_available","선거공보||20260603/PDF/PBINFO/5301/003_100165323_20260525_1.pdf||||1||HEIGHT||Y||00||00","","","","Y","",""
"620260603-5300-전주시마선거구-100155600-1-선거공보","제9회 전국동시지방선거","5300","전북특별자치도","nec_region_scope","620260603","구·시·군의회의원선거","6","6530105","전주시마선거구","심성욱","100155600","더불어민주당","100","1","웰리치(BYC)대표","원광대학교 경영학과 졸업","1","선거공보","선거공보","candidate-doc:100155600:1","false","","true","20260603/PDF/PBINFO/5301/003_100155600_20260525_1.pdf","fileinfo","https://policy.nec.go.kr/plc/common/downloadFile.do?requestedFileName=20260603_%EC%A0%84%EC%A3%BC%EC%8B%9C%EB%A7%88%EC%84%A0%EA%B1%B0%EA%B5%AC_%EC%8B%AC%EC%84%B1%EC%9A%B1_%EC%84%A0%EA%B1%B0%EA%B3%B5%EB%B3%B4.pdf&requestedFullPath=20260603/PDF/PBINFO/5301/003_100155600_20260525_1.pdf","pack_stale_currently_available","선거공보||20260603/PDF/PBINFO/5301/003_100155600_20260525_1.pdf||||1||HEIGHT||Y||00||00","","","","Y","",""
"620260603-5300-전주시마선거구-100154889-1-선거공보","제9회 전국동시지방선거","5300","전북특별자치도","nec_region_scope","620260603","구·시·군의회의원선거","6","6530105","전주시마선거구","이은경","100154889","조국혁신당","5077","3","쉼터재활노인복지센터 센터장","전주대학교 보건복지대학원 사회복지학과 석사학위과정 휴학","1","선거공보","선거공보","candidate-doc:100154889:1","false","","true","20260603/PDF/PBINFO/5301/003_100154889_20260525_1.pdf","fileinfo","https://policy.nec.go.kr/plc/common/downloadFile.do?requestedFileName=20260603_%EC%A0%84%EC%A3%BC%EC%8B%9C%EB%A7%88%EC%84%A0%EA%B1%B0%EA%B5%AC_%EC%9D%B4%EC%9D%80%EA%B2%BD_%EC%84%A0%EA%B1%B0%EA%B3%B5%EB%B3%B4.pdf&requestedFullPath=20260603/PDF/PBINFO/5301/003_100154889_20260525_1.pdf","pack_stale_currently_available","선거공보||20260603/PDF/PBINFO/5301/003_100154889_20260525_1.pdf||||1||HEIGHT||Y||00||00","","","","Y","",""
"620260603-5300-전주시마선거구-100158283-1-선거공보","제9회 전국동시지방선거","5300","전북특별자치도","nec_region_scope","620260603","구·시·군의회의원선거","6","6530105","전주시마선거구","한승우","100158283","정의당","730","5","전주시의원","중앙대학교 응용통계학과 3학년 2학기 중퇴(1987.03~1993.03)","1","선거공보","선거공보","candidate-doc:100158283:1","false","","true","20260603/PDF/PBINFO/5301/003_100158283_20260525_1.pdf","fileinfo","https://policy.nec.go.kr/plc/common/downloadFile.do?requestedFileName=20260603_%EC%A0%84%EC%A3%BC%EC%8B%9C%EB%A7%88%EC%84%A0%EA%B1%B0%EA%B5%AC_%ED%95%9C%EC%8A%B9%EC%9A%B0_%EC%84%A0%EA%B1%B0%EA%B3%B5%EB%B3%B4.pdf&requestedFullPath=20260603/PDF/PBINFO/5301/003_100158283_20260525_1.pdf","pack_stale_currently_available","선거공보||20260603/PDF/PBINFO/5301/003_100158283_20260525_1.pdf||||1||HEIGHT||Y||00||00","","","","Y","",""
"620260603-5300-전주시바선거구-100162056-1-선거공보","제9회 전국동시지방선거","5300","전북특별자치도","nec_region_scope","620260603","구·시·군의회의원선거","6","6530106","전주시바선거구","전윤미","100162056","더불어민주당","100","1","전주시의회의원","원광대학교 대학원 뷰티디자인학 박사","1","선거공보","선거공보","candidate-doc:100162056:1","false","","true","20260603/PDF/PBINFO/5301/003_100162056_20260525_1.pdf","fileinfo","https://policy.nec.go.kr/plc/common/downloadFile.do?requestedFileName=20260603_%EC%A0%84%EC%A3%BC%EC%8B%9C%EB%B0%94%EC%84%A0%EA%B1%B0%EA%B5%AC_%EC%A0%84%EC%9C%A4%EB%AF%B8_%EC%84%A0%EA%B1%B0%EA%B3%B5%EB%B3%B4.pdf&requestedFullPath=20260603/PDF/PBINFO/5301/003_100162056_20260525_1.pdf","pack_stale_currently_available","선거공보||20260603/PDF/PBINFO/5301/003_100162056_20260525_1.pdf||||1||HEIGHT||Y||00||00","","","","Y","",""
"620260603-5300-전주시바선거구-100155828-1-선거공보","제9회 전국동시지방선거","5300","전북특별자치도","nec_region_scope","620260603","구·시·군의회의원선거","6","6530106","전주시바선거구","김성규","100155828","더불어민주당","100","1","전주시의회 의원","전주상업고등학교 졸업(현 전주제일고등학교)","1","선거공보","선거공보","candidate-doc:100155828:1","false","","true","20260603/PDF/PBINFO/5301/003_100155828_20260525_1.pdf","fileinfo","https://policy.nec.go.kr/plc/common/downloadFile.do?requestedFileName=20260603_%EC%A0%84%EC%A3%BC%EC%8B%9C%EB%B0%94%EC%84%A0%EA%B1%B0%EA%B5%AC_%EA%B9%80%EC%84%B1%EA%B7%9C_%EC%84%A0%EA%B1%B0%EA%B3%B5%EB%B3%B4.pdf&requestedFullPath=20260603/PDF/PBINFO/5301/003_100155828_20260525_1.pdf","pack_stale_currently_available","선거공보||20260603/PDF/PBINFO/5301/003_100155828_20260525_1.pdf||||1||HEIGHT||Y||00||00","","","","Y","",""
"620260603-5300-전주시바선거구-100156912-1-선거공보","제9회 전국동시지방선거","5300","전북특별자치도","nec_region_scope","620260603","구·시·군의회의원선거","6","6530106","전주시바선거구","조훈","100156912","더불어민주당","100","1","정당인","경희대학교 대학원 이학석사","1","선거공보","선거공보","candidate-doc:100156912:1","false","","true","20260603/PDF/PBINFO/5301/003_100156912_20260525_1.pdf","fileinfo","https://policy.nec.go.kr/plc/common/downloadFile.do?requestedFileName=20260603_%EC%A0%84%EC%A3%BC%EC%8B%9C%EB%B0%94%EC%84%A0%EA%B1%B0%EA%B5%AC_%EC%A1%B0%ED%9B%88_%EC%84%A0%EA%B1%B0%EA%B3%B5%EB%B3%B4.pdf&requestedFullPath=20260603/PDF/PBINFO/5301/003_100156912_20260525_1.pdf","pack_stale_currently_available","선거공보||20260603/PDF/PBINFO/5301/003_100156912_20260525_1.pdf||||1||HEIGHT||Y||00||00","","","","Y","",""
"620260603-5300-전주시바선거구-100161847-1-선거공보","제9회 전국동시지방선거","5300","전북특별자치도","nec_region_scope","620260603","구·시·군의회의원선거","6","6530106","전주시바선거구","송관수","100161847","조국혁신당","5077","3","정당인","우석대학교 유통통상학부 졸업","1","선거공보","선거공보","candidate-doc:100161847:1","false","","true","20260603/PDF/PBINFO/5301/003_100161847_20260525_1.pdf","fileinfo","https://policy.nec.go.kr/plc/common/downloadFile.do?requestedFileName=20260603_%EC%A0%84%EC%A3%BC%EC%8B%9C%EB%B0%94%EC%84%A0%EA%B1%B0%EA%B5%AC_%EC%86%A1%EA%B4%80%EC%88%98_%EC%84%A0%EA%B1%B0%EA%B3%B5%EB%B3%B4.pdf&requestedFullPath=20260603/PDF/PBINFO/5301/003_100161847_20260525_1.pdf","pack_stale_currently_available","선거공보||20260603/PDF/PBINFO/5301/003_100161847_20260525_1.pdf||||1||HEIGHT||Y||00||00","","","","Y","",""
"620260603-5300-전주시바선거구-100155388-1-선거공보","제9회 전국동시지방선거","5300","전북특별자치도","nec_region_scope","620260603","구·시·군의회의원선거","6","6530106","전주시바선거구","김금주","100155388","진보당","5010","5","정당인","전북대학교 사회복지학과 졸업","1","선거공보","선거공보","candidate-doc:100155388:1","false","","true","20260603/PDF/PBINFO/5301/003_100155388_20260525_1.pdf","fileinfo","https://policy.nec.go.kr/plc/common/downloadFile.do?requestedFileName=20260603_%EC%A0%84%EC%A3%BC%EC%8B%9C%EB%B0%94%EC%84%A0%EA%B1%B0%EA%B5%AC_%EA%B9%80%EA%B8%88%EC%A3%BC_%EC%84%A0%EA%B1%B0%EA%B3%B5%EB%B3%B4.pdf&requestedFullPath=20260603/PDF/PBINFO/5301/003_100155388_20260525_1.pdf","pack_stale_currently_available","선거공보||20260603/PDF/PBINFO/5301/003_100155388_20260525_1.pdf||||1||HEIGHT||Y||00||00","","","","Y","",""
"620260603-5300-전주시바선거구-100162322-1-선거공보","제9회 전국동시지방선거","5300","전북특별자치도","nec_region_scope","620260603","구·시·군의회의원선거","6","6530106","전주시바선거구","채영병","100162322","무소속","9999","6","전주시의원","한일장신대학교 NGO정책대학원 NGO정책석사졸업","1","선거공보","선거공보","candidate-doc:100162322:1","false","","true","20260603/PDF/PBINFO/5301/003_100162322_20260525_1.pdf","fileinfo","https://policy.nec.go.kr/plc/common/downloadFile.do?requestedFileName=20260603_%EC%A0%84%EC%A3%BC%EC%8B%9C%EB%B0%94%EC%84%A0%EA%B1%B0%EA%B5%AC_%EC%B1%84%EC%98%81%EB%B3%91_%EC%84%A0%EA%B1%B0%EA%B3%B5%EB%B3%B4.pdf&requestedFullPath=20260603/PDF/PBINFO/5301/003_100162322_20260525_1.pdf","pack_stale_currently_available","선거공보||20260603/PDF/PBINFO/5301/003_100162322_20260525_1.pdf||||1||HEIGHT||Y||00||00","","","","Y","",""
"620260603-5300-전주시사선거구-100155632-1-선거공보","제9회 전국동시지방선거","5300","전북특별자치도","nec_region_scope","620260603","구·시·군의회의원선거","6","6530107","전주시사선거구","이성국","100155632","더불어민주당","100","1","전주시의회의원","전북대학교 행정학과 석사과정 휴학","1","선거공보","선거공보","candidate-doc:100155632:1","false","","true","20260603/PDF/PBINFO/5301/003_100155632_20260525_1.pdf","fileinfo","https://policy.nec.go.kr/plc/common/downloadFile.do?requestedFileName=20260603_%EC%A0%84%EC%A3%BC%EC%8B%9C%EC%82%AC%EC%84%A0%EA%B1%B0%EA%B5%AC_%EC%9D%B4%EC%84%B1%EA%B5%AD_%EC%84%A0%EA%B1%B0%EA%B3%B5%EB%B3%B4.pdf&requestedFullPath=20260603/PDF/PBINFO/5301/003_100155632_20260525_1.pdf","pack_stale_currently_available","선거공보||20260603/PDF/PBINFO/5301/003_100155632_20260525_1.pdf||||1||HEIGHT||Y||00||00","","","","Y","",""
"620260603-5300-전주시사선거구-100156217-1-선거공보","제9회 전국동시지방선거","5300","전북특별자치도","nec_region_scope","620260603","구·시·군의회의원선거","6","6530107","전주시사선거구","박용욱","100156217","더불어민주당","100","1","자영업","전북대학교 보건대학원 산업위생관리학과 졸업(보건학석사)","1","선거공보","선거공보","candidate-doc:100156217:1","false","","true","20260603/PDF/PBINFO/5301/003_100156217_20260525_1.pdf","fileinfo","https://policy.nec.go.kr/plc/common/downloadFile.do?requestedFileName=20260603_%EC%A0%84%EC%A3%BC%EC%8B%9C%EC%82%AC%EC%84%A0%EA%B1%B0%EA%B5%AC_%EB%B0%95%EC%9A%A9%EC%9A%B1_%EC%84%A0%EA%B1%B0%EA%B3%B5%EB%B3%B4.pdf&requestedFullPath=20260603/PDF/PBINFO/5301/003_100156217_20260525_1.pdf","pack_stale_currently_available","선거공보||20260603/PDF/PBINFO/5301/003_100156217_20260525_1.pdf||||1||HEIGHT||Y||00||00","","","","Y","",""
"620260603-5300-전주시사선거구-100163040-1-선거공보","제9회 전국동시지방선거","5300","전북특별자치도","nec_region_scope","620260603","구·시·군의회의원선거","6","6530107","전주시사선거구","홍대규","100163040","조국혁신당","5077","3","전북인권협의회 사무총장","한일장신대학교 신학대학원 교역학과 졸업(석사과정)","1","선거공보","선거공보","candidate-doc:100163040:1","false","","true","20260603/PDF/PBINFO/5301/003_100163040_20260525_1.pdf","fileinfo","https://policy.nec.go.kr/plc/common/downloadFile.do?requestedFileName=20260603_%EC%A0%84%EC%A3%BC%EC%8B%9C%EC%82%AC%EC%84%A0%EA%B1%B0%EA%B5%AC_%ED%99%8D%EB%8C%80%EA%B7%9C_%EC%84%A0%EA%B1%B0%EA%B3%B5%EB%B3%B4.pdf&requestedFullPath=20260603/PDF/PBINFO/5301/003_100163040_20260525_1.pdf","pack_stale_currently_available","선거공보||20260603/PDF/PBINFO/5301/003_100163040_20260525_1.pdf||||1||HEIGHT||Y||00||00","","","","Y","",""
"820260603-2700-대구광역시-더불어민주당-1-1","제9회 전국동시지방선거","2700","대구광역시","sggname_exact_province","820260603","광역의원비례대표선거","8","","대구광역시","","","더불어민주당","100","","","","1","비례대표 정당 제출자료","1","party-doc:820260603:대구광역시:더불어민주당:1","false","","true","20260603/PDF/PBINFO_PUB/2700/003_100_20260522_1.pdf","filePathName+updtFileName","https://policy.nec.go.kr/plc/common/downloadFile.do?requestedFileName=20260603_%EB%8C%80%EA%B5%AC%EA%B4%91%EC%97%AD%EC%8B%9C_%EB%8D%94%EB%B6%88%EC%96%B4%EB%AF%BC%EC%A3%BC%EB%8B%B9_%EB%B9%84%EB%A1%80%EB%8C%80%ED%91%9C%20%EC%A0%95%EB%8B%B9%20%EC%A0%9C%EC%B6%9C%EC%9E%90%EB%A3%8C.pdf&requestedFullPath=20260603/PDF/PBINFO_PUB/2700/003_100_20260522_1.pdf","pack_stale_currently_available","1||HEIGHT","20260603/PDF/PBINFO_PUB/2700/","003_100_20260522_1.pdf","선거공보","Y","Y",""
"820260603-4400-충청남도-더불어민주당-1-1","제9회 전국동시지방선거","4400","충청남도","sggname_exact_province","820260603","광역의원비례대표선거","8","","충청남도","","","더불어민주당","100","","","","1","비례대표 정당 제출자료","1","party-doc:820260603:충청남도:더불어민주당:1","false","","true","20260603/PDF/PBINFO_PUB/4400/003_100_20260514_1.pdf","filePathName+updtFileName","https://policy.nec.go.kr/plc/common/downloadFile.do?requestedFileName=20260603_%EC%B6%A9%EC%B2%AD%EB%82%A8%EB%8F%84_%EB%8D%94%EB%B6%88%EC%96%B4%EB%AF%BC%EC%A3%BC%EB%8B%B9_%EB%B9%84%EB%A1%80%EB%8C%80%ED%91%9C%20%EC%A0%95%EB%8B%B9%20%EC%A0%9C%EC%B6%9C%EC%9E%90%EB%A3%8C.pdf&requestedFullPath=20260603/PDF/PBINFO_PUB/4400/003_100_20260514_1.pdf","pack_stale_currently_available","1||HEIGHT","20260603/PDF/PBINFO_PUB/4400/","003_100_20260514_1.pdf","선거공보","Y","Y",""
"820260603-5300-전북특별자치도-더불어민주당-1-1","제9회 전국동시지방선거","5300","전북특별자치도","sggname_exact_province","820260603","광역의원비례대표선거","8","","전북특별자치도","","","더불어민주당","100","","","","1","비례대표 정당 제출자료","1","party-doc:820260603:전북특별자치도:더불어민주당:1","false","","true","20260603/PDF/PBINFO_PUB/5300/003_100_20260522_1.pdf","filePathName+updtFileName","https://policy.nec.go.kr/plc/common/downloadFile.do?requestedFileName=20260603_%EC%A0%84%EB%B6%81%ED%8A%B9%EB%B3%84%EC%9E%90%EC%B9%98%EB%8F%84_%EB%8D%94%EB%B6%88%EC%96%B4%EB%AF%BC%EC%A3%BC%EB%8B%B9_%EB%B9%84%EB%A1%80%EB%8C%80%ED%91%9C%20%EC%A0%95%EB%8B%B9%20%EC%A0%9C%EC%B6%9C%EC%9E%90%EB%A3%8C.pdf&requestedFullPath=20260603/PDF/PBINFO_PUB/5300/003_100_20260522_1.pdf","pack_stale_currently_available","1||HEIGHT","20260603/PDF/PBINFO_PUB/5300/","003_100_20260522_1.pdf","선거공보","Y","Y",""
"820260603-3100-울산광역시-더불어민주당-1-1","제9회 전국동시지방선거","3100","울산광역시","sggname_exact_province","820260603","광역의원비례대표선거","8","","울산광역시","","","더불어민주당","100","","","","1","비례대표 정당 제출자료","1","party-doc:820260603:울산광역시:더불어민주당:1","false","","true","20260603/PDF/PBINFO_PUB/3100/003_100_20260521_1.pdf","filePathName+updtFileName","https://policy.nec.go.kr/plc/common/downloadFile.do?requestedFileName=20260603_%EC%9A%B8%EC%82%B0%EA%B4%91%EC%97%AD%EC%8B%9C_%EB%8D%94%EB%B6%88%EC%96%B4%EB%AF%BC%EC%A3%BC%EB%8B%B9_%EB%B9%84%EB%A1%80%EB%8C%80%ED%91%9C%20%EC%A0%95%EB%8B%B9%20%EC%A0%9C%EC%B6%9C%EC%9E%90%EB%A3%8C.pdf&requestedFullPath=20260603/PDF/PBINFO_PUB/3100/003_100_20260521_1.pdf","pack_stale_currently_available","1||HEIGHT","20260603/PDF/PBINFO_PUB/3100/","003_100_20260521_1.pdf","선거공보","Y","Y",""
"820260603-4300-충청북도-더불어민주당-1-1","제9회 전국동시지방선거","4300","충청북도","sggname_exact_province","820260603","광역의원비례대표선거","8","","충청북도","","","더불어민주당","100","","","","1","비례대표 정당 제출자료","1","party-doc:820260603:충청북도:더불어민주당:1","false","","true","20260603/PDF/PBINFO_PUB/4300/003_100_20260516_1.pdf","filePathName+updtFileName","https://policy.nec.go.kr/plc/common/downloadFile.do?requestedFileName=20260603_%EC%B6%A9%EC%B2%AD%EB%B6%81%EB%8F%84_%EB%8D%94%EB%B6%88%EC%96%B4%EB%AF%BC%EC%A3%BC%EB%8B%B9_%EB%B9%84%EB%A1%80%EB%8C%80%ED%91%9C%20%EC%A0%95%EB%8B%B9%20%EC%A0%9C%EC%B6%9C%EC%9E%90%EB%A3%8C.pdf&requestedFullPath=20260603/PDF/PBINFO_PUB/4300/003_100_20260516_1.pdf","pack_stale_currently_available","1||HEIGHT","20260603/PDF/PBINFO_PUB/4300/","003_100_20260516_1.pdf","선거공보","Y","Y",""
"820260603-1100-서울특별시-더불어민주당-1-1","제9회 전국동시지방선거","1100","서울특별시","sggname_exact_province","820260603","광역의원비례대표선거","8","","서울특별시","","","더불어민주당","100","","","","1","비례대표 정당 제출자료","1","party-doc:820260603:서울특별시:더불어민주당:1","false","","true","20260603/PDF/PBINFO_PUB/1100/003_100_20260523_1.pdf","filePathName+updtFileName","https://policy.nec.go.kr/plc/common/downloadFile.do?requestedFileName=20260603_%EC%84%9C%EC%9A%B8%ED%8A%B9%EB%B3%84%EC%8B%9C_%EB%8D%94%EB%B6%88%EC%96%B4%EB%AF%BC%EC%A3%BC%EB%8B%B9_%EB%B9%84%EB%A1%80%EB%8C%80%ED%91%9C%20%EC%A0%95%EB%8B%B9%20%EC%A0%9C%EC%B6%9C%EC%9E%90%EB%A3%8C.pdf&requestedFullPath=20260603/PDF/PBINFO_PUB/1100/003_100_20260523_1.pdf","pack_stale_currently_available","1||HEIGHT","20260603/PDF/PBINFO_PUB/1100/","003_100_20260523_1.pdf","선거공보","Y","Y",""
"820260603-2600-부산광역시-더불어민주당-1-1","제9회 전국동시지방선거","2600","부산광역시","sggname_exact_province","820260603","광역의원비례대표선거","8","","부산광역시","","","더불어민주당","100","","","","1","비례대표 정당 제출자료","1","party-doc:820260603:부산광역시:더불어민주당:1","false","","true","20260603/PDF/PBINFO_PUB/2600/003_100_20260522_1.pdf","filePathName+updtFileName","https://policy.nec.go.kr/plc/common/downloadFile.do?requestedFileName=20260603_%EB%B6%80%EC%82%B0%EA%B4%91%EC%97%AD%EC%8B%9C_%EB%8D%94%EB%B6%88%EC%96%B4%EB%AF%BC%EC%A3%BC%EB%8B%B9_%EB%B9%84%EB%A1%80%EB%8C%80%ED%91%9C%20%EC%A0%95%EB%8B%B9%20%EC%A0%9C%EC%B6%9C%EC%9E%90%EB%A3%8C.pdf&requestedFullPath=20260603/PDF/PBINFO_PUB/2600/003_100_20260522_1.pdf","pack_stale_currently_available","1||HEIGHT","20260603/PDF/PBINFO_PUB/2600/","003_100_20260522_1.pdf","선거공보","Y","Y",""
"820260603-4700-경상북도-더불어민주당-1-1","제9회 전국동시지방선거","4700","경상북도","sggname_exact_province","820260603","광역의원비례대표선거","8","","경상북도","","","더불어민주당","100","","","","1","비례대표 정당 제출자료","1","party-doc:820260603:경상북도:더불어민주당:1","false","","true","20260603/PDF/PBINFO_PUB/4700/003_100_20260517_1.pdf","filePathName+updtFileName","https://policy.nec.go.kr/plc/common/downloadFile.do?requestedFileName=20260603_%EA%B2%BD%EC%83%81%EB%B6%81%EB%8F%84_%EB%8D%94%EB%B6%88%EC%96%B4%EB%AF%BC%EC%A3%BC%EB%8B%B9_%EB%B9%84%EB%A1%80%EB%8C%80%ED%91%9C%20%EC%A0%95%EB%8B%B9%20%EC%A0%9C%EC%B6%9C%EC%9E%90%EB%A3%8C.pdf&requestedFullPath=20260603/PDF/PBINFO_PUB/4700/003_100_20260517_1.pdf","pack_stale_currently_available","1||HEIGHT","20260603/PDF/PBINFO_PUB/4700/","003_100_20260517_1.pdf","선거공보","Y","Y",""
"820260603-5200-강원특별자치도-더불어민주당-1-1","제9회 전국동시지방선거","5200","강원특별자치도","sggname_exact_province","820260603","광역의원비례대표선거","8","","강원특별자치도","","","더불어민주당","100","","","","1","비례대표 정당 제출자료","1","party-doc:820260603:강원특별자치도:더불어민주당:1","false","","true","20260603/PDF/PBINFO_PUB/5200/003_100_20260518_1.pdf","filePathName+updtFileName","https://policy.nec.go.kr/plc/common/downloadFile.do?requestedFileName=20260603_%EA%B0%95%EC%9B%90%ED%8A%B9%EB%B3%84%EC%9E%90%EC%B9%98%EB%8F%84_%EB%8D%94%EB%B6%88%EC%96%B4%EB%AF%BC%EC%A3%BC%EB%8B%B9_%EB%B9%84%EB%A1%80%EB%8C%80%ED%91%9C%20%EC%A0%95%EB%8B%B9%20%EC%A0%9C%EC%B6%9C%EC%9E%90%EB%A3%8C.pdf&requestedFullPath=20260603/PDF/PBINFO_PUB/5200/003_100_20260518_1.pdf","pack_stale_currently_available","1||HEIGHT","20260603/PDF/PBINFO_PUB/5200/","003_100_20260518_1.pdf","선거공보","Y","Y",""
"820260603-4800-경상남도-더불어민주당-1-1","제9회 전국동시지방선거","4800","경상남도","sggname_exact_province","820260603","광역의원비례대표선거","8","","경상남도","","","더불어민주당","100","","","","1","비례대표 정당 제출자료","1","party-doc:820260603:경상남도:더불어민주당:1","false","","true","20260603/PDF/PBINFO_PUB/4800/003_100_20260520_1.pdf","filePathName+updtFileName","https://policy.nec.go.kr/plc/common/downloadFile.do?requestedFileName=20260603_%EA%B2%BD%EC%83%81%EB%82%A8%EB%8F%84_%EB%8D%94%EB%B6%88%EC%96%B4%EB%AF%BC%EC%A3%BC%EB%8B%B9_%EB%B9%84%EB%A1%80%EB%8C%80%ED%91%9C%20%EC%A0%95%EB%8B%B9%20%EC%A0%9C%EC%B6%9C%EC%9E%90%EB%A3%8C.pdf&requestedFullPath=20260603/PDF/PBINFO_PUB/4800/003_100_20260520_1.pdf","pack_stale_currently_available","1||HEIGHT","20260603/PDF/PBINFO_PUB/4800/","003_100_20260520_1.pdf","선거공보","Y","Y",""
"820260603-2900-전남광주통합특별시-더불어민주당-1-1","제9회 전국동시지방선거","2900","전남광주통합특별시","sggname_exact_province","820260603","광역의원비례대표선거","8","","전남광주통합특별시","","","더불어민주당","100","","","","1","비례대표 정당 제출자료","1","party-doc:820260603:전남광주통합특별시:더불어민주당:1","false","","true","20260603/PDF/PBINFO_PUB/2900/003_100_20260523_4.pdf","filePathName+updtFileName","https://policy.nec.go.kr/plc/common/downloadFile.do?requestedFileName=20260603_%EC%A0%84%EB%82%A8%EA%B4%91%EC%A3%BC%ED%86%B5%ED%95%A9%ED%8A%B9%EB%B3%84%EC%8B%9C_%EB%8D%94%EB%B6%88%EC%96%B4%EB%AF%BC%EC%A3%BC%EB%8B%B9_%EB%B9%84%EB%A1%80%EB%8C%80%ED%91%9C%20%EC%A0%95%EB%8B%B9%20%EC%A0%9C%EC%B6%9C%EC%9E%90%EB%A3%8C.pdf&requestedFullPath=20260603/PDF/PBINFO_PUB/2900/003_100_20260523_4.pdf","pack_stale_currently_available","1||HEIGHT","20260603/PDF/PBINFO_PUB/2900/","003_100_20260523_4.pdf","선거공보","Y","Y",""
"820260603-2800-인천광역시-더불어민주당-1-1","제9회 전국동시지방선거","2800","인천광역시","sggname_exact_province","820260603","광역의원비례대표선거","8","","인천광역시","","","더불어민주당","100","","","","1","비례대표 정당 제출자료","1","party-doc:820260603:인천광역시:더불어민주당:1","false","","true","20260603/PDF/PBINFO_PUB/2800/003_100_20260518_1.pdf","filePathName+updtFileName","https://policy.nec.go.kr/plc/common/downloadFile.do?requestedFileName=20260603_%EC%9D%B8%EC%B2%9C%EA%B4%91%EC%97%AD%EC%8B%9C_%EB%8D%94%EB%B6%88%EC%96%B4%EB%AF%BC%EC%A3%BC%EB%8B%B9_%EB%B9%84%EB%A1%80%EB%8C%80%ED%91%9C%20%EC%A0%95%EB%8B%B9%20%EC%A0%9C%EC%B6%9C%EC%9E%90%EB%A3%8C.pdf&requestedFullPath=20260603/PDF/PBINFO_PUB/2800/003_100_20260518_1.pdf","pack_stale_currently_available","1||HEIGHT","20260603/PDF/PBINFO_PUB/2800/","003_100_20260518_1.pdf","선거공보","Y","Y",""
"820260603-5100-세종특별자치시-더불어민주당-1-1","제9회 전국동시지방선거","5100","세종특별자치시","sggname_exact_province","820260603","광역의원비례대표선거","8","","세종특별자치시","","","더불어민주당","100","","","","1","비례대표 정당 제출자료","1","party-doc:820260603:세종특별자치시:더불어민주당:1","false","","true","20260603/PDF/PBINFO_PUB/5100/003_100_20260522_1.pdf","filePathName+updtFileName","https://policy.nec.go.kr/plc/common/downloadFile.do?requestedFileName=20260603_%EC%84%B8%EC%A2%85%ED%8A%B9%EB%B3%84%EC%9E%90%EC%B9%98%EC%8B%9C_%EB%8D%94%EB%B6%88%EC%96%B4%EB%AF%BC%EC%A3%BC%EB%8B%B9_%EB%B9%84%EB%A1%80%EB%8C%80%ED%91%9C%20%EC%A0%95%EB%8B%B9%20%EC%A0%9C%EC%B6%9C%EC%9E%90%EB%A3%8C.pdf&requestedFullPath=20260603/PDF/PBINFO_PUB/5100/003_100_20260522_1.pdf","pack_stale_currently_available","1||HEIGHT","20260603/PDF/PBINFO_PUB/5100/","003_100_20260522_1.pdf","선거공보","Y","Y",""
"820260603-4100-경기도-더불어민주당-1-1","제9회 전국동시지방선거","4100","경기도","sggname_exact_province","820260603","광역의원비례대표선거","8","","경기도","","","더불어민주당","100","","","","1","비례대표 정당 제출자료","1","party-doc:820260603:경기도:더불어민주당:1","false","","true","20260603/PDF/PBINFO_PUB/4100/003_100_20260523_1.pdf","filePathName+updtFileName","https://policy.nec.go.kr/plc/common/downloadFile.do?requestedFileName=20260603_%EA%B2%BD%EA%B8%B0%EB%8F%84_%EB%8D%94%EB%B6%88%EC%96%B4%EB%AF%BC%EC%A3%BC%EB%8B%B9_%EB%B9%84%EB%A1%80%EB%8C%80%ED%91%9C%20%EC%A0%95%EB%8B%B9%20%EC%A0%9C%EC%B6%9C%EC%9E%90%EB%A3%8C.pdf&requestedFullPath=20260603/PDF/PBINFO_PUB/4100/003_100_20260523_1.pdf","pack_stale_currently_available","1||HEIGHT","20260603/PDF/PBINFO_PUB/4100/","003_100_20260523_1.pdf","선거공보","Y","Y",""
"820260603-4900-제주특별자치도-더불어민주당-1-1","제9회 전국동시지방선거","4900","제주특별자치도","sggname_exact_province","820260603","광역의원비례대표선거","8","","제주특별자치도","","","더불어민주당","100","","","","1","비례대표 정당 제출자료","1","party-doc:820260603:제주특별자치도:더불어민주당:1","false","","true","20260603/PDF/PBINFO_PUB/4900/003_100_20260520_1.pdf","filePathName+updtFileName","https://policy.nec.go.kr/plc/common/downloadFile.do?requestedFileName=20260603_%EC%A0%9C%EC%A3%BC%ED%8A%B9%EB%B3%84%EC%9E%90%EC%B9%98%EB%8F%84_%EB%8D%94%EB%B6%88%EC%96%B4%EB%AF%BC%EC%A3%BC%EB%8B%B9_%EB%B9%84%EB%A1%80%EB%8C%80%ED%91%9C%20%EC%A0%95%EB%8B%B9%20%EC%A0%9C%EC%B6%9C%EC%9E%90%EB%A3%8C.pdf&requestedFullPath=20260603/PDF/PBINFO_PUB/4900/003_100_20260520_1.pdf","pack_stale_currently_available","1||HEIGHT","20260603/PDF/PBINFO_PUB/4900/","003_100_20260520_1.pdf","선거공보","Y","Y",""
"820260603-3000-대전광역시-더불어민주당-1-1","제9회 전국동시지방선거","3000","대전광역시","sggname_exact_province","820260603","광역의원비례대표선거","8","","대전광역시","","","더불어민주당","100","","","","1","비례대표 정당 제출자료","1","party-doc:820260603:대전광역시:더불어민주당:1","false","","true","20260603/PDF/PBINFO_PUB/3000/003_100_20260514_1.pdf","filePathName+updtFileName","https://policy.nec.go.kr/plc/common/downloadFile.do?requestedFileName=20260603_%EB%8C%80%EC%A0%84%EA%B4%91%EC%97%AD%EC%8B%9C_%EB%8D%94%EB%B6%88%EC%96%B4%EB%AF%BC%EC%A3%BC%EB%8B%B9_%EB%B9%84%EB%A1%80%EB%8C%80%ED%91%9C%20%EC%A0%95%EB%8B%B9%20%EC%A0%9C%EC%B6%9C%EC%9E%90%EB%A3%8C.pdf&requestedFullPath=20260603/PDF/PBINFO_PUB/3000/003_100_20260514_1.pdf","pack_stale_currently_available","1||HEIGHT","20260603/PDF/PBINFO_PUB/3000/","003_100_20260514_1.pdf","선거공보","Y","Y",""
"820260603-2800-인천광역시-국민의힘-1-1","제9회 전국동시지방선거","2800","인천광역시","sggname_exact_province","820260603","광역의원비례대표선거","8","","인천광역시","","","국민의힘","200","","","","1","비례대표 정당 제출자료","1","party-doc:820260603:인천광역시:국민의힘:1","false","","true","20260603/PDF/PBINFO_PUB/2800/003_200_20260518_1.pdf","filePathName+updtFileName","https://policy.nec.go.kr/plc/common/downloadFile.do?requestedFileName=20260603_%EC%9D%B8%EC%B2%9C%EA%B4%91%EC%97%AD%EC%8B%9C_%EA%B5%AD%EB%AF%BC%EC%9D%98%ED%9E%98_%EB%B9%84%EB%A1%80%EB%8C%80%ED%91%9C%20%EC%A0%95%EB%8B%B9%20%EC%A0%9C%EC%B6%9C%EC%9E%90%EB%A3%8C.pdf&requestedFullPath=20260603/PDF/PBINFO_PUB/2800/003_200_20260518_1.pdf","pack_stale_currently_available","1||HEIGHT","20260603/PDF/PBINFO_PUB/2800/","003_200_20260518_1.pdf","선거공보","Y","Y",""
"820260603-5100-세종특별자치시-국민의힘-1-1","제9회 전국동시지방선거","5100","세종특별자치시","sggname_exact_province","820260603","광역의원비례대표선거","8","","세종특별자치시","","","국민의힘","200","","","","1","비례대표 정당 제출자료","1","party-doc:820260603:세종특별자치시:국민의힘:1","false","","true","20260603/PDF/PBINFO_PUB/5100/003_200_20260522_1.pdf","filePathName+updtFileName","https://policy.nec.go.kr/plc/common/downloadFile.do?requestedFileName=20260603_%EC%84%B8%EC%A2%85%ED%8A%B9%EB%B3%84%EC%9E%90%EC%B9%98%EC%8B%9C_%EA%B5%AD%EB%AF%BC%EC%9D%98%ED%9E%98_%EB%B9%84%EB%A1%80%EB%8C%80%ED%91%9C%20%EC%A0%95%EB%8B%B9%20%EC%A0%9C%EC%B6%9C%EC%9E%90%EB%A3%8C.pdf&requestedFullPath=20260603/PDF/PBINFO_PUB/5100/003_200_20260522_1.pdf","pack_stale_currently_available","1||HEIGHT","20260603/PDF/PBINFO_PUB/5100/","003_200_20260522_1.pdf","선거공보","Y","Y",""
"820260603-2900-전남광주통합특별시-국민의힘-1-1","제9회 전국동시지방선거","2900","전남광주통합특별시","sggname_exact_province","820260603","광역의원비례대표선거","8","","전남광주통합특별시","","","국민의힘","200","","","","1","비례대표 정당 제출자료","1","party-doc:820260603:전남광주통합특별시:국민의힘:1","false","","true","20260603/PDF/PBINFO_PUB/2900/003_200_20260522_1.pdf","filePathName+updtFileName","https://policy.nec.go.kr/plc/common/downloadFile.do?requestedFileName=20260603_%EC%A0%84%EB%82%A8%EA%B4%91%EC%A3%BC%ED%86%B5%ED%95%A9%ED%8A%B9%EB%B3%84%EC%8B%9C_%EA%B5%AD%EB%AF%BC%EC%9D%98%ED%9E%98_%EB%B9%84%EB%A1%80%EB%8C%80%ED%91%9C%20%EC%A0%95%EB%8B%B9%20%EC%A0%9C%EC%B6%9C%EC%9E%90%EB%A3%8C.pdf&requestedFullPath=20260603/PDF/PBINFO_PUB/2900/003_200_20260522_1.pdf","pack_stale_currently_available","1||HEIGHT","20260603/PDF/PBINFO_PUB/2900/","003_200_20260522_1.pdf","선거공보","Y","Y",""
"820260603-3000-대전광역시-국민의힘-1-1","제9회 전국동시지방선거","3000","대전광역시","sggname_exact_province","820260603","광역의원비례대표선거","8","","대전광역시","","","국민의힘","200","","","","1","비례대표 정당 제출자료","1","party-doc:820260603:대전광역시:국민의힘:1","false","","true","20260603/PDF/PBINFO_PUB/3000/003_200_20260514_1.pdf","filePathName+updtFileName","https://policy.nec.go.kr/plc/common/downloadFile.do?requestedFileName=20260603_%EB%8C%80%EC%A0%84%EA%B4%91%EC%97%AD%EC%8B%9C_%EA%B5%AD%EB%AF%BC%EC%9D%98%ED%9E%98_%EB%B9%84%EB%A1%80%EB%8C%80%ED%91%9C%20%EC%A0%95%EB%8B%B9%20%EC%A0%9C%EC%B6%9C%EC%9E%90%EB%A3%8C.pdf&requestedFullPath=20260603/PDF/PBINFO_PUB/3000/003_200_20260514_1.pdf","pack_stale_currently_available","1||HEIGHT","20260603/PDF/PBINFO_PUB/3000/","003_200_20260514_1.pdf","선거공보","Y","Y",""
"820260603-3100-울산광역시-국민의힘-1-1","제9회 전국동시지방선거","3100","울산광역시","sggname_exact_province","820260603","광역의원비례대표선거","8","","울산광역시","","","국민의힘","200","","","","1","비례대표 정당 제출자료","1","party-doc:820260603:울산광역시:국민의힘:1","false","","true","20260603/PDF/PBINFO_PUB/3100/003_200_20260521_1.pdf","filePathName+updtFileName","https://policy.nec.go.kr/plc/common/downloadFile.do?requestedFileName=20260603_%EC%9A%B8%EC%82%B0%EA%B4%91%EC%97%AD%EC%8B%9C_%EA%B5%AD%EB%AF%BC%EC%9D%98%ED%9E%98_%EB%B9%84%EB%A1%80%EB%8C%80%ED%91%9C%20%EC%A0%95%EB%8B%B9%20%EC%A0%9C%EC%B6%9C%EC%9E%90%EB%A3%8C.pdf&requestedFullPath=20260603/PDF/PBINFO_PUB/3100/003_200_20260521_1.pdf","pack_stale_currently_available","1||HEIGHT","20260603/PDF/PBINFO_PUB/3100/","003_200_20260521_1.pdf","선거공보","Y","Y",""
"820260603-1100-서울특별시-국민의힘-1-1","제9회 전국동시지방선거","1100","서울특별시","sggname_exact_province","820260603","광역의원비례대표선거","8","","서울특별시","","","국민의힘","200","","","","1","비례대표 정당 제출자료","1","party-doc:820260603:서울특별시:국민의힘:1","false","","true","20260603/PDF/PBINFO_PUB/1100/003_200_20260523_1.pdf","filePathName+updtFileName","https://policy.nec.go.kr/plc/common/downloadFile.do?requestedFileName=20260603_%EC%84%9C%EC%9A%B8%ED%8A%B9%EB%B3%84%EC%8B%9C_%EA%B5%AD%EB%AF%BC%EC%9D%98%ED%9E%98_%EB%B9%84%EB%A1%80%EB%8C%80%ED%91%9C%20%EC%A0%95%EB%8B%B9%20%EC%A0%9C%EC%B6%9C%EC%9E%90%EB%A3%8C.pdf&requestedFullPath=20260603/PDF/PBINFO_PUB/1100/003_200_20260523_1.pdf","pack_stale_currently_available","1||HEIGHT","20260603/PDF/PBINFO_PUB/1100/","003_200_20260523_1.pdf","선거공보","Y","Y",""
"820260603-2600-부산광역시-국민의힘-1-1","제9회 전국동시지방선거","2600","부산광역시","sggname_exact_province","820260603","광역의원비례대표선거","8","","부산광역시","","","국민의힘","200","","","","1","비례대표 정당 제출자료","1","party-doc:820260603:부산광역시:국민의힘:1","false","","true","20260603/PDF/PBINFO_PUB/2600/003_200_20260525_3.pdf","filePathName+updtFileName","https://policy.nec.go.kr/plc/common/downloadFile.do?requestedFileName=20260603_%EB%B6%80%EC%82%B0%EA%B4%91%EC%97%AD%EC%8B%9C_%EA%B5%AD%EB%AF%BC%EC%9D%98%ED%9E%98_%EB%B9%84%EB%A1%80%EB%8C%80%ED%91%9C%20%EC%A0%95%EB%8B%B9%20%EC%A0%9C%EC%B6%9C%EC%9E%90%EB%A3%8C.pdf&requestedFullPath=20260603/PDF/PBINFO_PUB/2600/003_200_20260525_3.pdf","pack_stale_currently_available","1||HEIGHT","20260603/PDF/PBINFO_PUB/2600/","003_200_20260525_3.pdf","선거공보","Y","Y",""
"820260603-4100-경기도-국민의힘-1-1","제9회 전국동시지방선거","4100","경기도","sggname_exact_province","820260603","광역의원비례대표선거","8","","경기도","","","국민의힘","200","","","","1","비례대표 정당 제출자료","1","party-doc:820260603:경기도:국민의힘:1","false","","true","20260603/PDF/PBINFO_PUB/4100/003_200_20260523_1.pdf","filePathName+updtFileName","https://policy.nec.go.kr/plc/common/downloadFile.do?requestedFileName=20260603_%EA%B2%BD%EA%B8%B0%EB%8F%84_%EA%B5%AD%EB%AF%BC%EC%9D%98%ED%9E%98_%EB%B9%84%EB%A1%80%EB%8C%80%ED%91%9C%20%EC%A0%95%EB%8B%B9%20%EC%A0%9C%EC%B6%9C%EC%9E%90%EB%A3%8C.pdf&requestedFullPath=20260603/PDF/PBINFO_PUB/4100/003_200_20260523_1.pdf","pack_stale_currently_available","1||HEIGHT","20260603/PDF/PBINFO_PUB/4100/","003_200_20260523_1.pdf","선거공보","Y","Y",""
"820260603-4400-충청남도-국민의힘-1-1","제9회 전국동시지방선거","4400","충청남도","sggname_exact_province","820260603","광역의원비례대표선거","8","","충청남도","","","국민의힘","200","","","","1","비례대표 정당 제출자료","1","party-doc:820260603:충청남도:국민의힘:1","false","","true","20260603/PDF/PBINFO_PUB/4400/003_200_20260525_1.pdf","filePathName+updtFileName","https://policy.nec.go.kr/plc/common/downloadFile.do?requestedFileName=20260603_%EC%B6%A9%EC%B2%AD%EB%82%A8%EB%8F%84_%EA%B5%AD%EB%AF%BC%EC%9D%98%ED%9E%98_%EB%B9%84%EB%A1%80%EB%8C%80%ED%91%9C%20%EC%A0%95%EB%8B%B9%20%EC%A0%9C%EC%B6%9C%EC%9E%90%EB%A3%8C.pdf&requestedFullPath=20260603/PDF/PBINFO_PUB/4400/003_200_20260525_1.pdf","pack_stale_currently_available","1||HEIGHT","20260603/PDF/PBINFO_PUB/4400/","003_200_20260525_1.pdf","선거공보","Y","Y",""
"820260603-4300-충청북도-국민의힘-1-1","제9회 전국동시지방선거","4300","충청북도","sggname_exact_province","820260603","광역의원비례대표선거","8","","충청북도","","","국민의힘","200","","","","1","비례대표 정당 제출자료","1","party-doc:820260603:충청북도:국민의힘:1","false","","true","20260603/PDF/PBINFO_PUB/4300/003_200_20260516_1.pdf","filePathName+updtFileName","https://policy.nec.go.kr/plc/common/downloadFile.do?requestedFileName=20260603_%EC%B6%A9%EC%B2%AD%EB%B6%81%EB%8F%84_%EA%B5%AD%EB%AF%BC%EC%9D%98%ED%9E%98_%EB%B9%84%EB%A1%80%EB%8C%80%ED%91%9C%20%EC%A0%95%EB%8B%B9%20%EC%A0%9C%EC%B6%9C%EC%9E%90%EB%A3%8C.pdf&requestedFullPath=20260603/PDF/PBINFO_PUB/4300/003_200_20260516_1.pdf","pack_stale_currently_available","1||HEIGHT","20260603/PDF/PBINFO_PUB/4300/","003_200_20260516_1.pdf","선거공보","Y","Y",""
"820260603-4700-경상북도-국민의힘-1-1","제9회 전국동시지방선거","4700","경상북도","sggname_exact_province","820260603","광역의원비례대표선거","8","","경상북도","","","국민의힘","200","","","","1","비례대표 정당 제출자료","1","party-doc:820260603:경상북도:국민의힘:1","false","","true","20260603/PDF/PBINFO_PUB/4700/003_200_20260522_2.pdf","filePathName+updtFileName","https://policy.nec.go.kr/plc/common/downloadFile.do?requestedFileName=20260603_%EA%B2%BD%EC%83%81%EB%B6%81%EB%8F%84_%EA%B5%AD%EB%AF%BC%EC%9D%98%ED%9E%98_%EB%B9%84%EB%A1%80%EB%8C%80%ED%91%9C%20%EC%A0%95%EB%8B%B9%20%EC%A0%9C%EC%B6%9C%EC%9E%90%EB%A3%8C.pdf&requestedFullPath=20260603/PDF/PBINFO_PUB/4700/003_200_20260522_2.pdf","pack_stale_currently_available","1||HEIGHT","20260603/PDF/PBINFO_PUB/4700/","003_200_20260522_2.pdf","선거공보","Y","Y",""
"820260603-4900-제주특별자치도-국민의힘-1-1","제9회 전국동시지방선거","4900","제주특별자치도","sggname_exact_province","820260603","광역의원비례대표선거","8","","제주특별자치도","","","국민의힘","200","","","","1","비례대표 정당 제출자료","1","party-doc:820260603:제주특별자치도:국민의힘:1","false","","true","20260603/PDF/PBINFO_PUB/4900/003_200_20260520_1.pdf","filePathName+updtFileName","https://policy.nec.go.kr/plc/common/downloadFile.do?requestedFileName=20260603_%EC%A0%9C%EC%A3%BC%ED%8A%B9%EB%B3%84%EC%9E%90%EC%B9%98%EB%8F%84_%EA%B5%AD%EB%AF%BC%EC%9D%98%ED%9E%98_%EB%B9%84%EB%A1%80%EB%8C%80%ED%91%9C%20%EC%A0%95%EB%8B%B9%20%EC%A0%9C%EC%B6%9C%EC%9E%90%EB%A3%8C.pdf&requestedFullPath=20260603/PDF/PBINFO_PUB/4900/003_200_20260520_1.pdf","pack_stale_currently_available","1||HEIGHT","20260603/PDF/PBINFO_PUB/4900/","003_200_20260520_1.pdf","선거공보","Y","Y",""
"820260603-5200-강원특별자치도-국민의힘-1-1","제9회 전국동시지방선거","5200","강원특별자치도","sggname_exact_province","820260603","광역의원비례대표선거","8","","강원특별자치도","","","국민의힘","200","","","","1","비례대표 정당 제출자료","1","party-doc:820260603:강원특별자치도:국민의힘:1","false","","true","20260603/PDF/PBINFO_PUB/5200/003_200_20260518_1.pdf","filePathName+updtFileName","https://policy.nec.go.kr/plc/common/downloadFile.do?requestedFileName=20260603_%EA%B0%95%EC%9B%90%ED%8A%B9%EB%B3%84%EC%9E%90%EC%B9%98%EB%8F%84_%EA%B5%AD%EB%AF%BC%EC%9D%98%ED%9E%98_%EB%B9%84%EB%A1%80%EB%8C%80%ED%91%9C%20%EC%A0%95%EB%8B%B9%20%EC%A0%9C%EC%B6%9C%EC%9E%90%EB%A3%8C.pdf&requestedFullPath=20260603/PDF/PBINFO_PUB/5200/003_200_20260518_1.pdf","pack_stale_currently_available","1||HEIGHT","20260603/PDF/PBINFO_PUB/5200/","003_200_20260518_1.pdf","선거공보","Y","Y",""
"820260603-4800-경상남도-국민의힘-1-1","제9회 전국동시지방선거","4800","경상남도","sggname_exact_province","820260603","광역의원비례대표선거","8","","경상남도","","","국민의힘","200","","","","1","비례대표 정당 제출자료","1","party-doc:820260603:경상남도:국민의힘:1","false","","true","20260603/PDF/PBINFO_PUB/4800/003_200_20260523_1.pdf","filePathName+updtFileName","https://policy.nec.go.kr/plc/common/downloadFile.do?requestedFileName=20260603_%EA%B2%BD%EC%83%81%EB%82%A8%EB%8F%84_%EA%B5%AD%EB%AF%BC%EC%9D%98%ED%9E%98_%EB%B9%84%EB%A1%80%EB%8C%80%ED%91%9C%20%EC%A0%95%EB%8B%B9%20%EC%A0%9C%EC%B6%9C%EC%9E%90%EB%A3%8C.pdf&requestedFullPath=20260603/PDF/PBINFO_PUB/4800/003_200_20260523_1.pdf","pack_stale_currently_available","1||HEIGHT","20260603/PDF/PBINFO_PUB/4800/","003_200_20260523_1.pdf","선거공보","Y","Y",""
"820260603-2700-대구광역시-국민의힘-1-1","제9회 전국동시지방선거","2700","대구광역시","sggname_exact_province","820260603","광역의원비례대표선거","8","","대구광역시","","","국민의힘","200","","","","1","비례대표 정당 제출자료","1","party-doc:820260603:대구광역시:국민의힘:1","false","","true","20260603/PDF/PBINFO_PUB/2700/003_200_20260525_3.pdf","filePathName+updtFileName","https://policy.nec.go.kr/plc/common/downloadFile.do?requestedFileName=20260603_%EB%8C%80%EA%B5%AC%EA%B4%91%EC%97%AD%EC%8B%9C_%EA%B5%AD%EB%AF%BC%EC%9D%98%ED%9E%98_%EB%B9%84%EB%A1%80%EB%8C%80%ED%91%9C%20%EC%A0%95%EB%8B%B9%20%EC%A0%9C%EC%B6%9C%EC%9E%90%EB%A3%8C.pdf&requestedFullPath=20260603/PDF/PBINFO_PUB/2700/003_200_20260525_3.pdf","pack_stale_currently_available","1||HEIGHT","20260603/PDF/PBINFO_PUB/2700/","003_200_20260525_3.pdf","선거공보","Y","Y",""
"820260603-5300-전북특별자치도-국민의힘-1-1","제9회 전국동시지방선거","5300","전북특별자치도","sggname_exact_province","820260603","광역의원비례대표선거","8","","전북특별자치도","","","국민의힘","200","","","","1","비례대표 정당 제출자료","1","party-doc:820260603:전북특별자치도:국민의힘:1","false","","true","20260603/PDF/PBINFO_PUB/5300/003_200_20260522_1.pdf","filePathName+updtFileName","https://policy.nec.go.kr/plc/common/downloadFile.do?requestedFileName=20260603_%EC%A0%84%EB%B6%81%ED%8A%B9%EB%B3%84%EC%9E%90%EC%B9%98%EB%8F%84_%EA%B5%AD%EB%AF%BC%EC%9D%98%ED%9E%98_%EB%B9%84%EB%A1%80%EB%8C%80%ED%91%9C%20%EC%A0%95%EB%8B%B9%20%EC%A0%9C%EC%B6%9C%EC%9E%90%EB%A3%8C.pdf&requestedFullPath=20260603/PDF/PBINFO_PUB/5300/003_200_20260522_1.pdf","pack_stale_currently_available","1||HEIGHT","20260603/PDF/PBINFO_PUB/5300/","003_200_20260522_1.pdf","선거공보","Y","Y",""
"820260603-1100-서울특별시-조국혁신당-1-1","제9회 전국동시지방선거","1100","서울특별시","sggname_exact_province","820260603","광역의원비례대표선거","8","","서울특별시","","","조국혁신당","5077","","","","1","비례대표 정당 제출자료","1","party-doc:820260603:서울특별시:조국혁신당:1","false","","true","20260603/PDF/PBINFO_PUB/1100/003_5077_20260523_1.pdf","filePathName+updtFileName","https://policy.nec.go.kr/plc/common/downloadFile.do?requestedFileName=20260603_%EC%84%9C%EC%9A%B8%ED%8A%B9%EB%B3%84%EC%8B%9C_%EC%A1%B0%EA%B5%AD%ED%98%81%EC%8B%A0%EB%8B%B9_%EB%B9%84%EB%A1%80%EB%8C%80%ED%91%9C%20%EC%A0%95%EB%8B%B9%20%EC%A0%9C%EC%B6%9C%EC%9E%90%EB%A3%8C.pdf&requestedFullPath=20260603/PDF/PBINFO_PUB/1100/003_5077_20260523_1.pdf","pack_stale_currently_available","1||HEIGHT","20260603/PDF/PBINFO_PUB/1100/","003_5077_20260523_1.pdf","선거공보","Y","Y",""
"820260603-5100-세종특별자치시-조국혁신당-1-1","제9회 전국동시지방선거","5100","세종특별자치시","sggname_exact_province","820260603","광역의원비례대표선거","8","","세종특별자치시","","","조국혁신당","5077","","","","1","비례대표 정당 제출자료","1","party-doc:820260603:세종특별자치시:조국혁신당:1","false","","true","20260603/PDF/PBINFO_PUB/5100/003_5077_20260523_1.pdf","filePathName+updtFileName","https://policy.nec.go.kr/plc/common/downloadFile.do?requestedFileName=20260603_%EC%84%B8%EC%A2%85%ED%8A%B9%EB%B3%84%EC%9E%90%EC%B9%98%EC%8B%9C_%EC%A1%B0%EA%B5%AD%ED%98%81%EC%8B%A0%EB%8B%B9_%EB%B9%84%EB%A1%80%EB%8C%80%ED%91%9C%20%EC%A0%95%EB%8B%B9%20%EC%A0%9C%EC%B6%9C%EC%9E%90%EB%A3%8C.pdf&requestedFullPath=20260603/PDF/PBINFO_PUB/5100/003_5077_20260523_1.pdf","pack_stale_currently_available","1||HEIGHT","20260603/PDF/PBINFO_PUB/5100/","003_5077_20260523_1.pdf","선거공보","Y","Y",""
"820260603-4800-경상남도-조국혁신당-1-1","제9회 전국동시지방선거","4800","경상남도","sggname_exact_province","820260603","광역의원비례대표선거","8","","경상남도","","","조국혁신당","5077","","","","1","비례대표 정당 제출자료","1","party-doc:820260603:경상남도:조국혁신당:1","false","","true","20260603/PDF/PBINFO_PUB/4800/003_5077_20260523_1.pdf","filePathName+updtFileName","https://policy.nec.go.kr/plc/common/downloadFile.do?requestedFileName=20260603_%EA%B2%BD%EC%83%81%EB%82%A8%EB%8F%84_%EC%A1%B0%EA%B5%AD%ED%98%81%EC%8B%A0%EB%8B%B9_%EB%B9%84%EB%A1%80%EB%8C%80%ED%91%9C%20%EC%A0%95%EB%8B%B9%20%EC%A0%9C%EC%B6%9C%EC%9E%90%EB%A3%8C.pdf&requestedFullPath=20260603/PDF/PBINFO_PUB/4800/003_5077_20260523_1.pdf","pack_stale_currently_available","1||HEIGHT","20260603/PDF/PBINFO_PUB/4800/","003_5077_20260523_1.pdf","선거공보","Y","Y",""
"820260603-4400-충청남도-조국혁신당-1-1","제9회 전국동시지방선거","4400","충청남도","sggname_exact_province","820260603","광역의원비례대표선거","8","","충청남도","","","조국혁신당","5077","","","","1","비례대표 정당 제출자료","1","party-doc:820260603:충청남도:조국혁신당:1","false","","true","20260603/PDF/PBINFO_PUB/4400/003_5077_20260514_1.pdf","filePathName+updtFileName","https://policy.nec.go.kr/plc/common/downloadFile.do?requestedFileName=20260603_%EC%B6%A9%EC%B2%AD%EB%82%A8%EB%8F%84_%EC%A1%B0%EA%B5%AD%ED%98%81%EC%8B%A0%EB%8B%B9_%EB%B9%84%EB%A1%80%EB%8C%80%ED%91%9C%20%EC%A0%95%EB%8B%B9%20%EC%A0%9C%EC%B6%9C%EC%9E%90%EB%A3%8C.pdf&requestedFullPath=20260603/PDF/PBINFO_PUB/4400/003_5077_20260514_1.pdf","pack_stale_currently_available","1||HEIGHT","20260603/PDF/PBINFO_PUB/4400/","003_5077_20260514_1.pdf","선거공보","Y","Y",""
"820260603-2800-인천광역시-조국혁신당-1-1","제9회 전국동시지방선거","2800","인천광역시","sggname_exact_province","820260603","광역의원비례대표선거","8","","인천광역시","","","조국혁신당","5077","","","","1","비례대표 정당 제출자료","1","party-doc:820260603:인천광역시:조국혁신당:1","false","","true","20260603/PDF/PBINFO_PUB/2800/003_5077_20260519_2.pdf","filePathName+updtFileName","https://policy.nec.go.kr/plc/common/downloadFile.do?requestedFileName=20260603_%EC%9D%B8%EC%B2%9C%EA%B4%91%EC%97%AD%EC%8B%9C_%EC%A1%B0%EA%B5%AD%ED%98%81%EC%8B%A0%EB%8B%B9_%EB%B9%84%EB%A1%80%EB%8C%80%ED%91%9C%20%EC%A0%95%EB%8B%B9%20%EC%A0%9C%EC%B6%9C%EC%9E%90%EB%A3%8C.pdf&requestedFullPath=20260603/PDF/PBINFO_PUB/2800/003_5077_20260519_2.pdf","pack_stale_currently_available","1||HEIGHT","20260603/PDF/PBINFO_PUB/2800/","003_5077_20260519_2.pdf","선거공보","Y","Y",""
"820260603-4900-제주특별자치도-조국혁신당-1-1","제9회 전국동시지방선거","4900","제주특별자치도","sggname_exact_province","820260603","광역의원비례대표선거","8","","제주특별자치도","","","조국혁신당","5077","","","","1","비례대표 정당 제출자료","1","party-doc:820260603:제주특별자치도:조국혁신당:1","false","","true","20260603/PDF/PBINFO_PUB/4900/003_5077_20260520_1.pdf","filePathName+updtFileName","https://policy.nec.go.kr/plc/common/downloadFile.do?requestedFileName=20260603_%EC%A0%9C%EC%A3%BC%ED%8A%B9%EB%B3%84%EC%9E%90%EC%B9%98%EB%8F%84_%EC%A1%B0%EA%B5%AD%ED%98%81%EC%8B%A0%EB%8B%B9_%EB%B9%84%EB%A1%80%EB%8C%80%ED%91%9C%20%EC%A0%95%EB%8B%B9%20%EC%A0%9C%EC%B6%9C%EC%9E%90%EB%A3%8C.pdf&requestedFullPath=20260603/PDF/PBINFO_PUB/4900/003_5077_20260520_1.pdf","pack_stale_currently_available","1||HEIGHT","20260603/PDF/PBINFO_PUB/4900/","003_5077_20260520_1.pdf","선거공보","Y","Y",""
"820260603-3100-울산광역시-조국혁신당-1-1","제9회 전국동시지방선거","3100","울산광역시","sggname_exact_province","820260603","광역의원비례대표선거","8","","울산광역시","","","조국혁신당","5077","","","","1","비례대표 정당 제출자료","1","party-doc:820260603:울산광역시:조국혁신당:1","false","","true","20260603/PDF/PBINFO_PUB/3100/003_5077_20260521_1.pdf","filePathName+updtFileName","https://policy.nec.go.kr/plc/common/downloadFile.do?requestedFileName=20260603_%EC%9A%B8%EC%82%B0%EA%B4%91%EC%97%AD%EC%8B%9C_%EC%A1%B0%EA%B5%AD%ED%98%81%EC%8B%A0%EB%8B%B9_%EB%B9%84%EB%A1%80%EB%8C%80%ED%91%9C%20%EC%A0%95%EB%8B%B9%20%EC%A0%9C%EC%B6%9C%EC%9E%90%EB%A3%8C.pdf&requestedFullPath=20260603/PDF/PBINFO_PUB/3100/003_5077_20260521_1.pdf","pack_stale_currently_available","1||HEIGHT","20260603/PDF/PBINFO_PUB/3100/","003_5077_20260521_1.pdf","선거공보","Y","Y",""
"820260603-2900-전남광주통합특별시-조국혁신당-1-1","제9회 전국동시지방선거","2900","전남광주통합특별시","sggname_exact_province","820260603","광역의원비례대표선거","8","","전남광주통합특별시","","","조국혁신당","5077","","","","1","비례대표 정당 제출자료","1","party-doc:820260603:전남광주통합특별시:조국혁신당:1","false","","true","20260603/PDF/PBINFO_PUB/2900/003_5077_20260522_1.pdf","filePathName+updtFileName","https://policy.nec.go.kr/plc/common/downloadFile.do?requestedFileName=20260603_%EC%A0%84%EB%82%A8%EA%B4%91%EC%A3%BC%ED%86%B5%ED%95%A9%ED%8A%B9%EB%B3%84%EC%8B%9C_%EC%A1%B0%EA%B5%AD%ED%98%81%EC%8B%A0%EB%8B%B9_%EB%B9%84%EB%A1%80%EB%8C%80%ED%91%9C%20%EC%A0%95%EB%8B%B9%20%EC%A0%9C%EC%B6%9C%EC%9E%90%EB%A3%8C.pdf&requestedFullPath=20260603/PDF/PBINFO_PUB/2900/003_5077_20260522_1.pdf","pack_stale_currently_available","1||HEIGHT","20260603/PDF/PBINFO_PUB/2900/","003_5077_20260522_1.pdf","선거공보","Y","Y",""
"820260603-5300-전북특별자치도-조국혁신당-1-1","제9회 전국동시지방선거","5300","전북특별자치도","sggname_exact_province","820260603","광역의원비례대표선거","8","","전북특별자치도","","","조국혁신당","5077","","","","1","비례대표 정당 제출자료","1","party-doc:820260603:전북특별자치도:조국혁신당:1","false","","true","20260603/PDF/PBINFO_PUB/5300/003_5077_20260522_1.pdf","filePathName+updtFileName","https://policy.nec.go.kr/plc/common/downloadFile.do?requestedFileName=20260603_%EC%A0%84%EB%B6%81%ED%8A%B9%EB%B3%84%EC%9E%90%EC%B9%98%EB%8F%84_%EC%A1%B0%EA%B5%AD%ED%98%81%EC%8B%A0%EB%8B%B9_%EB%B9%84%EB%A1%80%EB%8C%80%ED%91%9C%20%EC%A0%95%EB%8B%B9%20%EC%A0%9C%EC%B6%9C%EC%9E%90%EB%A3%8C.pdf&requestedFullPath=20260603/PDF/PBINFO_PUB/5300/003_5077_20260522_1.pdf","pack_stale_currently_available","1||HEIGHT","20260603/PDF/PBINFO_PUB/5300/","003_5077_20260522_1.pdf","선거공보","Y","Y",""
"820260603-4100-경기도-조국혁신당-1-1","제9회 전국동시지방선거","4100","경기도","sggname_exact_province","820260603","광역의원비례대표선거","8","","경기도","","","조국혁신당","5077","","","","1","비례대표 정당 제출자료","1","party-doc:820260603:경기도:조국혁신당:1","false","","true","20260603/PDF/PBINFO_PUB/4100/003_5077_20260523_1.pdf","filePathName+updtFileName","https://policy.nec.go.kr/plc/common/downloadFile.do?requestedFileName=20260603_%EA%B2%BD%EA%B8%B0%EB%8F%84_%EC%A1%B0%EA%B5%AD%ED%98%81%EC%8B%A0%EB%8B%B9_%EB%B9%84%EB%A1%80%EB%8C%80%ED%91%9C%20%EC%A0%95%EB%8B%B9%20%EC%A0%9C%EC%B6%9C%EC%9E%90%EB%A3%8C.pdf&requestedFullPath=20260603/PDF/PBINFO_PUB/4100/003_5077_20260523_1.pdf","pack_stale_currently_available","1||HEIGHT","20260603/PDF/PBINFO_PUB/4100/","003_5077_20260523_1.pdf","선거공보","Y","Y",""
"820260603-3000-대전광역시-조국혁신당-1-1","제9회 전국동시지방선거","3000","대전광역시","sggname_exact_province","820260603","광역의원비례대표선거","8","","대전광역시","","","조국혁신당","5077","","","","1","비례대표 정당 제출자료","1","party-doc:820260603:대전광역시:조국혁신당:1","false","","true","20260603/PDF/PBINFO_PUB/3000/003_5077_20260514_1.pdf","filePathName+updtFileName","https://policy.nec.go.kr/plc/common/downloadFile.do?requestedFileName=20260603_%EB%8C%80%EC%A0%84%EA%B4%91%EC%97%AD%EC%8B%9C_%EC%A1%B0%EA%B5%AD%ED%98%81%EC%8B%A0%EB%8B%B9_%EB%B9%84%EB%A1%80%EB%8C%80%ED%91%9C%20%EC%A0%95%EB%8B%B9%20%EC%A0%9C%EC%B6%9C%EC%9E%90%EB%A3%8C.pdf&requestedFullPath=20260603/PDF/PBINFO_PUB/3000/003_5077_20260514_1.pdf","pack_stale_currently_available","1||HEIGHT","20260603/PDF/PBINFO_PUB/3000/","003_5077_20260514_1.pdf","선거공보","Y","Y",""
"820260603-5200-강원특별자치도-조국혁신당-1-1","제9회 전국동시지방선거","5200","강원특별자치도","sggname_exact_province","820260603","광역의원비례대표선거","8","","강원특별자치도","","","조국혁신당","5077","","","","1","비례대표 정당 제출자료","1","party-doc:820260603:강원특별자치도:조국혁신당:1","false","","true","20260603/PDF/PBINFO_PUB/5200/003_5077_20260519_1.pdf","filePathName+updtFileName","https://policy.nec.go.kr/plc/common/downloadFile.do?requestedFileName=20260603_%EA%B0%95%EC%9B%90%ED%8A%B9%EB%B3%84%EC%9E%90%EC%B9%98%EB%8F%84_%EC%A1%B0%EA%B5%AD%ED%98%81%EC%8B%A0%EB%8B%B9_%EB%B9%84%EB%A1%80%EB%8C%80%ED%91%9C%20%EC%A0%95%EB%8B%B9%20%EC%A0%9C%EC%B6%9C%EC%9E%90%EB%A3%8C.pdf&requestedFullPath=20260603/PDF/PBINFO_PUB/5200/003_5077_20260519_1.pdf","pack_stale_currently_available","1||HEIGHT","20260603/PDF/PBINFO_PUB/5200/","003_5077_20260519_1.pdf","선거공보","Y","Y",""
"820260603-4300-충청북도-조국혁신당-1-1","제9회 전국동시지방선거","4300","충청북도","sggname_exact_province","820260603","광역의원비례대표선거","8","","충청북도","","","조국혁신당","5077","","","","1","비례대표 정당 제출자료","1","party-doc:820260603:충청북도:조국혁신당:1","false","","true","20260603/PDF/PBINFO_PUB/4300/003_5077_20260516_1.pdf","filePathName+updtFileName","https://policy.nec.go.kr/plc/common/downloadFile.do?requestedFileName=20260603_%EC%B6%A9%EC%B2%AD%EB%B6%81%EB%8F%84_%EC%A1%B0%EA%B5%AD%ED%98%81%EC%8B%A0%EB%8B%B9_%EB%B9%84%EB%A1%80%EB%8C%80%ED%91%9C%20%EC%A0%95%EB%8B%B9%20%EC%A0%9C%EC%B6%9C%EC%9E%90%EB%A3%8C.pdf&requestedFullPath=20260603/PDF/PBINFO_PUB/4300/003_5077_20260516_1.pdf","pack_stale_currently_available","1||HEIGHT","20260603/PDF/PBINFO_PUB/4300/","003_5077_20260516_1.pdf","선거공보","Y","Y",""
"820260603-1100-서울특별시-개혁신당-1-1","제9회 전국동시지방선거","1100","서울특별시","sggname_exact_province","820260603","광역의원비례대표선거","8","","서울특별시","","","개혁신당","5070","","","","1","비례대표 정당 제출자료","1","party-doc:820260603:서울특별시:개혁신당:1","false","","true","20260603/PDF/PBINFO_PUB/1100/003_5070_20260523_1.pdf","filePathName+updtFileName","https://policy.nec.go.kr/plc/common/downloadFile.do?requestedFileName=20260603_%EC%84%9C%EC%9A%B8%ED%8A%B9%EB%B3%84%EC%8B%9C_%EA%B0%9C%ED%98%81%EC%8B%A0%EB%8B%B9_%EB%B9%84%EB%A1%80%EB%8C%80%ED%91%9C%20%EC%A0%95%EB%8B%B9%20%EC%A0%9C%EC%B6%9C%EC%9E%90%EB%A3%8C.pdf&requestedFullPath=20260603/PDF/PBINFO_PUB/1100/003_5070_20260523_1.pdf","pack_stale_currently_available","1||HEIGHT","20260603/PDF/PBINFO_PUB/1100/","003_5070_20260523_1.pdf","선거공보","Y","Y",""
"820260603-3100-울산광역시-개혁신당-1-1","제9회 전국동시지방선거","3100","울산광역시","sggname_exact_province","820260603","광역의원비례대표선거","8","","울산광역시","","","개혁신당","5070","","","","1","비례대표 정당 제출자료","1","party-doc:820260603:울산광역시:개혁신당:1","false","","true","20260603/PDF/PBINFO_PUB/3100/003_5070_20260521_1.pdf","filePathName+updtFileName","https://policy.nec.go.kr/plc/common/downloadFile.do?requestedFileName=20260603_%EC%9A%B8%EC%82%B0%EA%B4%91%EC%97%AD%EC%8B%9C_%EA%B0%9C%ED%98%81%EC%8B%A0%EB%8B%B9_%EB%B9%84%EB%A1%80%EB%8C%80%ED%91%9C%20%EC%A0%95%EB%8B%B9%20%EC%A0%9C%EC%B6%9C%EC%9E%90%EB%A3%8C.pdf&requestedFullPath=20260603/PDF/PBINFO_PUB/3100/003_5070_20260521_1.pdf","pack_stale_currently_available","1||HEIGHT","20260603/PDF/PBINFO_PUB/3100/","003_5070_20260521_1.pdf","선거공보","Y","Y",""
"820260603-4100-경기도-개혁신당-1-1","제9회 전국동시지방선거","4100","경기도","sggname_exact_province","820260603","광역의원비례대표선거","8","","경기도","","","개혁신당","5070","","","","1","비례대표 정당 제출자료","1","party-doc:820260603:경기도:개혁신당:1","false","","true","20260603/PDF/PBINFO_PUB/4100/003_5070_20260523_1.pdf","filePathName+updtFileName","https://policy.nec.go.kr/plc/common/downloadFile.do?requestedFileName=20260603_%EA%B2%BD%EA%B8%B0%EB%8F%84_%EA%B0%9C%ED%98%81%EC%8B%A0%EB%8B%B9_%EB%B9%84%EB%A1%80%EB%8C%80%ED%91%9C%20%EC%A0%95%EB%8B%B9%20%EC%A0%9C%EC%B6%9C%EC%9E%90%EB%A3%8C.pdf&requestedFullPath=20260603/PDF/PBINFO_PUB/4100/003_5070_20260523_1.pdf","pack_stale_currently_available","1||HEIGHT","20260603/PDF/PBINFO_PUB/4100/","003_5070_20260523_1.pdf","선거공보","Y","Y",""
"820260603-4700-경상북도-개혁신당-1-1","제9회 전국동시지방선거","4700","경상북도","sggname_exact_province","820260603","광역의원비례대표선거","8","","경상북도","","","개혁신당","5070","","","","1","비례대표 정당 제출자료","1","party-doc:820260603:경상북도:개혁신당:1","false","","true","20260603/PDF/PBINFO_PUB/4700/003_5070_20260518_1.pdf","filePathName+updtFileName","https://policy.nec.go.kr/plc/common/downloadFile.do?requestedFileName=20260603_%EA%B2%BD%EC%83%81%EB%B6%81%EB%8F%84_%EA%B0%9C%ED%98%81%EC%8B%A0%EB%8B%B9_%EB%B9%84%EB%A1%80%EB%8C%80%ED%91%9C%20%EC%A0%95%EB%8B%B9%20%EC%A0%9C%EC%B6%9C%EC%9E%90%EB%A3%8C.pdf&requestedFullPath=20260603/PDF/PBINFO_PUB/4700/003_5070_20260518_1.pdf","pack_stale_currently_available","1||HEIGHT","20260603/PDF/PBINFO_PUB/4700/","003_5070_20260518_1.pdf","선거공보","Y","Y",""
"820260603-4800-경상남도-개혁신당-1-1","제9회 전국동시지방선거","4800","경상남도","sggname_exact_province","820260603","광역의원비례대표선거","8","","경상남도","","","개혁신당","5070","","","","1","비례대표 정당 제출자료","1","party-doc:820260603:경상남도:개혁신당:1","false","","true","20260603/PDF/PBINFO_PUB/4800/003_5070_20260520_1.pdf","filePathName+updtFileName","https://policy.nec.go.kr/plc/common/downloadFile.do?requestedFileName=20260603_%EA%B2%BD%EC%83%81%EB%82%A8%EB%8F%84_%EA%B0%9C%ED%98%81%EC%8B%A0%EB%8B%B9_%EB%B9%84%EB%A1%80%EB%8C%80%ED%91%9C%20%EC%A0%95%EB%8B%B9%20%EC%A0%9C%EC%B6%9C%EC%9E%90%EB%A3%8C.pdf&requestedFullPath=20260603/PDF/PBINFO_PUB/4800/003_5070_20260520_1.pdf","pack_stale_currently_available","1||HEIGHT","20260603/PDF/PBINFO_PUB/4800/","003_5070_20260520_1.pdf","선거공보","Y","Y",""
"820260603-4900-제주특별자치도-개혁신당-1-1","제9회 전국동시지방선거","4900","제주특별자치도","sggname_exact_province","820260603","광역의원비례대표선거","8","","제주특별자치도","","","개혁신당","5070","","","","1","비례대표 정당 제출자료","1","party-doc:820260603:제주특별자치도:개혁신당:1","false","","true","20260603/PDF/PBINFO_PUB/4900/003_5070_20260520_1.pdf","filePathName+updtFileName","https://policy.nec.go.kr/plc/common/downloadFile.do?requestedFileName=20260603_%EC%A0%9C%EC%A3%BC%ED%8A%B9%EB%B3%84%EC%9E%90%EC%B9%98%EB%8F%84_%EA%B0%9C%ED%98%81%EC%8B%A0%EB%8B%B9_%EB%B9%84%EB%A1%80%EB%8C%80%ED%91%9C%20%EC%A0%95%EB%8B%B9%20%EC%A0%9C%EC%B6%9C%EC%9E%90%EB%A3%8C.pdf&requestedFullPath=20260603/PDF/PBINFO_PUB/4900/003_5070_20260520_1.pdf","pack_stale_currently_available","1||HEIGHT","20260603/PDF/PBINFO_PUB/4900/","003_5070_20260520_1.pdf","선거공보","Y","Y",""
"820260603-5200-강원특별자치도-진보당-1-1","제9회 전국동시지방선거","5200","강원특별자치도","sggname_exact_province","820260603","광역의원비례대표선거","8","","강원특별자치도","","","진보당","5010","","","","1","비례대표 정당 제출자료","1","party-doc:820260603:강원특별자치도:진보당:1","false","","true","20260603/PDF/PBINFO_PUB/5200/003_5010_20260518_1.pdf","filePathName+updtFileName","https://policy.nec.go.kr/plc/common/downloadFile.do?requestedFileName=20260603_%EA%B0%95%EC%9B%90%ED%8A%B9%EB%B3%84%EC%9E%90%EC%B9%98%EB%8F%84_%EC%A7%84%EB%B3%B4%EB%8B%B9_%EB%B9%84%EB%A1%80%EB%8C%80%ED%91%9C%20%EC%A0%95%EB%8B%B9%20%EC%A0%9C%EC%B6%9C%EC%9E%90%EB%A3%8C.pdf&requestedFullPath=20260603/PDF/PBINFO_PUB/5200/003_5010_20260518_1.pdf","pack_stale_currently_available","1||HEIGHT","20260603/PDF/PBINFO_PUB/5200/","003_5010_20260518_1.pdf","선거공보","Y","Y",""
"820260603-3100-울산광역시-진보당-1-1","제9회 전국동시지방선거","3100","울산광역시","sggname_exact_province","820260603","광역의원비례대표선거","8","","울산광역시","","","진보당","5010","","","","1","비례대표 정당 제출자료","1","party-doc:820260603:울산광역시:진보당:1","false","","true","20260603/PDF/PBINFO_PUB/3100/003_5010_20260522_1.pdf","filePathName+updtFileName","https://policy.nec.go.kr/plc/common/downloadFile.do?requestedFileName=20260603_%EC%9A%B8%EC%82%B0%EA%B4%91%EC%97%AD%EC%8B%9C_%EC%A7%84%EB%B3%B4%EB%8B%B9_%EB%B9%84%EB%A1%80%EB%8C%80%ED%91%9C%20%EC%A0%95%EB%8B%B9%20%EC%A0%9C%EC%B6%9C%EC%9E%90%EB%A3%8C.pdf&requestedFullPath=20260603/PDF/PBINFO_PUB/3100/003_5010_20260522_1.pdf","pack_stale_currently_available","1||HEIGHT","20260603/PDF/PBINFO_PUB/3100/","003_5010_20260522_1.pdf","선거공보","Y","Y",""
"820260603-3000-대전광역시-진보당-1-1","제9회 전국동시지방선거","3000","대전광역시","sggname_exact_province","820260603","광역의원비례대표선거","8","","대전광역시","","","진보당","5010","","","","1","비례대표 정당 제출자료","1","party-doc:820260603:대전광역시:진보당:1","false","","true","20260603/PDF/PBINFO_PUB/3000/003_5010_20260514_1.pdf","filePathName+updtFileName","https://policy.nec.go.kr/plc/common/downloadFile.do?requestedFileName=20260603_%EB%8C%80%EC%A0%84%EA%B4%91%EC%97%AD%EC%8B%9C_%EC%A7%84%EB%B3%B4%EB%8B%B9_%EB%B9%84%EB%A1%80%EB%8C%80%ED%91%9C%20%EC%A0%95%EB%8B%B9%20%EC%A0%9C%EC%B6%9C%EC%9E%90%EB%A3%8C.pdf&requestedFullPath=20260603/PDF/PBINFO_PUB/3000/003_5010_20260514_1.pdf","pack_stale_currently_available","1||HEIGHT","20260603/PDF/PBINFO_PUB/3000/","003_5010_20260514_1.pdf","선거공보","Y","Y",""
"820260603-4300-충청북도-진보당-1-1","제9회 전국동시지방선거","4300","충청북도","sggname_exact_province","820260603","광역의원비례대표선거","8","","충청북도","","","진보당","5010","","","","1","비례대표 정당 제출자료","1","party-doc:820260603:충청북도:진보당:1","false","","true","20260603/PDF/PBINFO_PUB/4300/003_5010_20260516_1.pdf","filePathName+updtFileName","https://policy.nec.go.kr/plc/common/downloadFile.do?requestedFileName=20260603_%EC%B6%A9%EC%B2%AD%EB%B6%81%EB%8F%84_%EC%A7%84%EB%B3%B4%EB%8B%B9_%EB%B9%84%EB%A1%80%EB%8C%80%ED%91%9C%20%EC%A0%95%EB%8B%B9%20%EC%A0%9C%EC%B6%9C%EC%9E%90%EB%A3%8C.pdf&requestedFullPath=20260603/PDF/PBINFO_PUB/4300/003_5010_20260516_1.pdf","pack_stale_currently_available","1||HEIGHT","20260603/PDF/PBINFO_PUB/4300/","003_5010_20260516_1.pdf","선거공보","Y","Y",""
"820260603-2600-부산광역시-진보당-1-1","제9회 전국동시지방선거","2600","부산광역시","sggname_exact_province","820260603","광역의원비례대표선거","8","","부산광역시","","","진보당","5010","","","","1","비례대표 정당 제출자료","1","party-doc:820260603:부산광역시:진보당:1","false","","true","20260603/PDF/PBINFO_PUB/2600/003_5010_20260521_1.pdf","filePathName+updtFileName","https://policy.nec.go.kr/plc/common/downloadFile.do?requestedFileName=20260603_%EB%B6%80%EC%82%B0%EA%B4%91%EC%97%AD%EC%8B%9C_%EC%A7%84%EB%B3%B4%EB%8B%B9_%EB%B9%84%EB%A1%80%EB%8C%80%ED%91%9C%20%EC%A0%95%EB%8B%B9%20%EC%A0%9C%EC%B6%9C%EC%9E%90%EB%A3%8C.pdf&requestedFullPath=20260603/PDF/PBINFO_PUB/2600/003_5010_20260521_1.pdf","pack_stale_currently_available","1||HEIGHT","20260603/PDF/PBINFO_PUB/2600/","003_5010_20260521_1.pdf","선거공보","Y","Y",""
"820260603-1100-서울특별시-진보당-1-1","제9회 전국동시지방선거","1100","서울특별시","sggname_exact_province","820260603","광역의원비례대표선거","8","","서울특별시","","","진보당","5010","","","","1","비례대표 정당 제출자료","1","party-doc:820260603:서울특별시:진보당:1","false","","true","20260603/PDF/PBINFO_PUB/1100/003_5010_20260523_1.pdf","filePathName+updtFileName","https://policy.nec.go.kr/plc/common/downloadFile.do?requestedFileName=20260603_%EC%84%9C%EC%9A%B8%ED%8A%B9%EB%B3%84%EC%8B%9C_%EC%A7%84%EB%B3%B4%EB%8B%B9_%EB%B9%84%EB%A1%80%EB%8C%80%ED%91%9C%20%EC%A0%95%EB%8B%B9%20%EC%A0%9C%EC%B6%9C%EC%9E%90%EB%A3%8C.pdf&requestedFullPath=20260603/PDF/PBINFO_PUB/1100/003_5010_20260523_1.pdf","pack_stale_currently_available","1||HEIGHT","20260603/PDF/PBINFO_PUB/1100/","003_5010_20260523_1.pdf","선거공보","Y","Y",""
"820260603-5100-세종특별자치시-진보당-1-1","제9회 전국동시지방선거","5100","세종특별자치시","sggname_exact_province","820260603","광역의원비례대표선거","8","","세종특별자치시","","","진보당","5010","","","","1","비례대표 정당 제출자료","1","party-doc:820260603:세종특별자치시:진보당:1","false","","true","20260603/PDF/PBINFO_PUB/5100/003_5010_20260522_1.pdf","filePathName+updtFileName","https://policy.nec.go.kr/plc/common/downloadFile.do?requestedFileName=20260603_%EC%84%B8%EC%A2%85%ED%8A%B9%EB%B3%84%EC%9E%90%EC%B9%98%EC%8B%9C_%EC%A7%84%EB%B3%B4%EB%8B%B9_%EB%B9%84%EB%A1%80%EB%8C%80%ED%91%9C%20%EC%A0%95%EB%8B%B9%20%EC%A0%9C%EC%B6%9C%EC%9E%90%EB%A3%8C.pdf&requestedFullPath=20260603/PDF/PBINFO_PUB/5100/003_5010_20260522_1.pdf","pack_stale_currently_available","1||HEIGHT","20260603/PDF/PBINFO_PUB/5100/","003_5010_20260522_1.pdf","선거공보","Y","Y",""
"820260603-4800-경상남도-진보당-1-1","제9회 전국동시지방선거","4800","경상남도","sggname_exact_province","820260603","광역의원비례대표선거","8","","경상남도","","","진보당","5010","","","","1","비례대표 정당 제출자료","1","party-doc:820260603:경상남도:진보당:1","false","","true","20260603/PDF/PBINFO_PUB/4800/003_5010_20260520_1.pdf","filePathName+updtFileName","https://policy.nec.go.kr/plc/common/downloadFile.do?requestedFileName=20260603_%EA%B2%BD%EC%83%81%EB%82%A8%EB%8F%84_%EC%A7%84%EB%B3%B4%EB%8B%B9_%EB%B9%84%EB%A1%80%EB%8C%80%ED%91%9C%20%EC%A0%95%EB%8B%B9%20%EC%A0%9C%EC%B6%9C%EC%9E%90%EB%A3%8C.pdf&requestedFullPath=20260603/PDF/PBINFO_PUB/4800/003_5010_20260520_1.pdf","pack_stale_currently_available","1||HEIGHT","20260603/PDF/PBINFO_PUB/4800/","003_5010_20260520_1.pdf","선거공보","Y","Y",""
"820260603-4400-충청남도-진보당-1-1","제9회 전국동시지방선거","4400","충청남도","sggname_exact_province","820260603","광역의원비례대표선거","8","","충청남도","","","진보당","5010","","","","1","비례대표 정당 제출자료","1","party-doc:820260603:충청남도:진보당:1","false","","true","20260603/PDF/PBINFO_PUB/4400/003_5010_20260522_1.pdf","filePathName+updtFileName","https://policy.nec.go.kr/plc/common/downloadFile.do?requestedFileName=20260603_%EC%B6%A9%EC%B2%AD%EB%82%A8%EB%8F%84_%EC%A7%84%EB%B3%B4%EB%8B%B9_%EB%B9%84%EB%A1%80%EB%8C%80%ED%91%9C%20%EC%A0%95%EB%8B%B9%20%EC%A0%9C%EC%B6%9C%EC%9E%90%EB%A3%8C.pdf&requestedFullPath=20260603/PDF/PBINFO_PUB/4400/003_5010_20260522_1.pdf","pack_stale_currently_available","1||HEIGHT","20260603/PDF/PBINFO_PUB/4400/","003_5010_20260522_1.pdf","선거공보","Y","Y",""
"820260603-4100-경기도-진보당-1-1","제9회 전국동시지방선거","4100","경기도","sggname_exact_province","820260603","광역의원비례대표선거","8","","경기도","","","진보당","5010","","","","1","비례대표 정당 제출자료","1","party-doc:820260603:경기도:진보당:1","false","","true","20260603/PDF/PBINFO_PUB/4100/003_5010_20260523_1.pdf","filePathName+updtFileName","https://policy.nec.go.kr/plc/common/downloadFile.do?requestedFileName=20260603_%EA%B2%BD%EA%B8%B0%EB%8F%84_%EC%A7%84%EB%B3%B4%EB%8B%B9_%EB%B9%84%EB%A1%80%EB%8C%80%ED%91%9C%20%EC%A0%95%EB%8B%B9%20%EC%A0%9C%EC%B6%9C%EC%9E%90%EB%A3%8C.pdf&requestedFullPath=20260603/PDF/PBINFO_PUB/4100/003_5010_20260523_1.pdf","pack_stale_currently_available","1||HEIGHT","20260603/PDF/PBINFO_PUB/4100/","003_5010_20260523_1.pdf","선거공보","Y","Y",""
"820260603-2800-인천광역시-진보당-1-1","제9회 전국동시지방선거","2800","인천광역시","sggname_exact_province","820260603","광역의원비례대표선거","8","","인천광역시","","","진보당","5010","","","","1","비례대표 정당 제출자료","1","party-doc:820260603:인천광역시:진보당:1","false","","true","20260603/PDF/PBINFO_PUB/2800/003_5010_20260518_1.pdf","filePathName+updtFileName","https://policy.nec.go.kr/plc/common/downloadFile.do?requestedFileName=20260603_%EC%9D%B8%EC%B2%9C%EA%B4%91%EC%97%AD%EC%8B%9C_%EC%A7%84%EB%B3%B4%EB%8B%B9_%EB%B9%84%EB%A1%80%EB%8C%80%ED%91%9C%20%EC%A0%95%EB%8B%B9%20%EC%A0%9C%EC%B6%9C%EC%9E%90%EB%A3%8C.pdf&requestedFullPath=20260603/PDF/PBINFO_PUB/2800/003_5010_20260518_1.pdf","pack_stale_currently_available","1||HEIGHT","20260603/PDF/PBINFO_PUB/2800/","003_5010_20260518_1.pdf","선거공보","Y","Y",""
"820260603-2700-대구광역시-진보당-1-1","제9회 전국동시지방선거","2700","대구광역시","sggname_exact_province","820260603","광역의원비례대표선거","8","","대구광역시","","","진보당","5010","","","","1","비례대표 정당 제출자료","1","party-doc:820260603:대구광역시:진보당:1","false","","true","20260603/PDF/PBINFO_PUB/2700/003_5010_20260525_1.pdf","filePathName+updtFileName","https://policy.nec.go.kr/plc/common/downloadFile.do?requestedFileName=20260603_%EB%8C%80%EA%B5%AC%EA%B4%91%EC%97%AD%EC%8B%9C_%EC%A7%84%EB%B3%B4%EB%8B%B9_%EB%B9%84%EB%A1%80%EB%8C%80%ED%91%9C%20%EC%A0%95%EB%8B%B9%20%EC%A0%9C%EC%B6%9C%EC%9E%90%EB%A3%8C.pdf&requestedFullPath=20260603/PDF/PBINFO_PUB/2700/003_5010_20260525_1.pdf","pack_stale_currently_available","1||HEIGHT","20260603/PDF/PBINFO_PUB/2700/","003_5010_20260525_1.pdf","선거공보","Y","Y",""
"820260603-4700-경상북도-진보당-1-1","제9회 전국동시지방선거","4700","경상북도","sggname_exact_province","820260603","광역의원비례대표선거","8","","경상북도","","","진보당","5010","","","","1","비례대표 정당 제출자료","1","party-doc:820260603:경상북도:진보당:1","false","","true","20260603/PDF/PBINFO_PUB/4700/003_5010_20260518_1.pdf","filePathName+updtFileName","https://policy.nec.go.kr/plc/common/downloadFile.do?requestedFileName=20260603_%EA%B2%BD%EC%83%81%EB%B6%81%EB%8F%84_%EC%A7%84%EB%B3%B4%EB%8B%B9_%EB%B9%84%EB%A1%80%EB%8C%80%ED%91%9C%20%EC%A0%95%EB%8B%B9%20%EC%A0%9C%EC%B6%9C%EC%9E%90%EB%A3%8C.pdf&requestedFullPath=20260603/PDF/PBINFO_PUB/4700/003_5010_20260518_1.pdf","pack_stale_currently_available","1||HEIGHT","20260603/PDF/PBINFO_PUB/4700/","003_5010_20260518_1.pdf","선거공보","Y","Y",""
"820260603-2900-전남광주통합특별시-진보당-1-1","제9회 전국동시지방선거","2900","전남광주통합특별시","sggname_exact_province","820260603","광역의원비례대표선거","8","","전남광주통합특별시","","","진보당","5010","","","","1","비례대표 정당 제출자료","1","party-doc:820260603:전남광주통합특별시:진보당:1","false","","true","20260603/PDF/PBINFO_PUB/2900/003_5010_20260523_1.pdf","filePathName+updtFileName","https://policy.nec.go.kr/plc/common/downloadFile.do?requestedFileName=20260603_%EC%A0%84%EB%82%A8%EA%B4%91%EC%A3%BC%ED%86%B5%ED%95%A9%ED%8A%B9%EB%B3%84%EC%8B%9C_%EC%A7%84%EB%B3%B4%EB%8B%B9_%EB%B9%84%EB%A1%80%EB%8C%80%ED%91%9C%20%EC%A0%95%EB%8B%B9%20%EC%A0%9C%EC%B6%9C%EC%9E%90%EB%A3%8C.pdf&requestedFullPath=20260603/PDF/PBINFO_PUB/2900/003_5010_20260523_1.pdf","pack_stale_currently_available","1||HEIGHT","20260603/PDF/PBINFO_PUB/2900/","003_5010_20260523_1.pdf","선거공보","Y","Y",""
"820260603-4900-제주특별자치도-진보당-1-1","제9회 전국동시지방선거","4900","제주특별자치도","sggname_exact_province","820260603","광역의원비례대표선거","8","","제주특별자치도","","","진보당","5010","","","","1","비례대표 정당 제출자료","1","party-doc:820260603:제주특별자치도:진보당:1","false","","true","20260603/PDF/PBINFO_PUB/4900/003_5010_20260522_1.pdf","filePathName+updtFileName","https://policy.nec.go.kr/plc/common/downloadFile.do?requestedFileName=20260603_%EC%A0%9C%EC%A3%BC%ED%8A%B9%EB%B3%84%EC%9E%90%EC%B9%98%EB%8F%84_%EC%A7%84%EB%B3%B4%EB%8B%B9_%EB%B9%84%EB%A1%80%EB%8C%80%ED%91%9C%20%EC%A0%95%EB%8B%B9%20%EC%A0%9C%EC%B6%9C%EC%9E%90%EB%A3%8C.pdf&requestedFullPath=20260603/PDF/PBINFO_PUB/4900/003_5010_20260522_1.pdf","pack_stale_currently_available","1||HEIGHT","20260603/PDF/PBINFO_PUB/4900/","003_5010_20260522_1.pdf","선거공보","Y","Y",""
"820260603-4400-충청남도-기본소득당-1-1","제9회 전국동시지방선거","4400","충청남도","sggname_exact_province","820260603","광역의원비례대표선거","8","","충청남도","","","기본소득당","5035","","","","1","비례대표 정당 제출자료","1","party-doc:820260603:충청남도:기본소득당:1","false","","true","20260603/PDF/PBINFO_PUB/4400/003_5035_20260518_1.pdf","filePathName+updtFileName","https://policy.nec.go.kr/plc/common/downloadFile.do?requestedFileName=20260603_%EC%B6%A9%EC%B2%AD%EB%82%A8%EB%8F%84_%EA%B8%B0%EB%B3%B8%EC%86%8C%EB%93%9D%EB%8B%B9_%EB%B9%84%EB%A1%80%EB%8C%80%ED%91%9C%20%EC%A0%95%EB%8B%B9%20%EC%A0%9C%EC%B6%9C%EC%9E%90%EB%A3%8C.pdf&requestedFullPath=20260603/PDF/PBINFO_PUB/4400/003_5035_20260518_1.pdf","pack_stale_currently_available","1||HEIGHT","20260603/PDF/PBINFO_PUB/4400/","003_5035_20260518_1.pdf","선거공보","Y","Y",""
"820260603-2800-인천광역시-기본소득당-1-1","제9회 전국동시지방선거","2800","인천광역시","sggname_exact_province","820260603","광역의원비례대표선거","8","","인천광역시","","","기본소득당","5035","","","","1","비례대표 정당 제출자료","1","party-doc:820260603:인천광역시:기본소득당:1","false","","true","20260603/PDF/PBINFO_PUB/2800/003_5035_20260518_1.pdf","filePathName+updtFileName","https://policy.nec.go.kr/plc/common/downloadFile.do?requestedFileName=20260603_%EC%9D%B8%EC%B2%9C%EA%B4%91%EC%97%AD%EC%8B%9C_%EA%B8%B0%EB%B3%B8%EC%86%8C%EB%93%9D%EB%8B%B9_%EB%B9%84%EB%A1%80%EB%8C%80%ED%91%9C%20%EC%A0%95%EB%8B%B9%20%EC%A0%9C%EC%B6%9C%EC%9E%90%EB%A3%8C.pdf&requestedFullPath=20260603/PDF/PBINFO_PUB/2800/003_5035_20260518_1.pdf","pack_stale_currently_available","1||HEIGHT","20260603/PDF/PBINFO_PUB/2800/","003_5035_20260518_1.pdf","선거공보","Y","Y",""
"820260603-2600-부산광역시-기본소득당-1-1","제9회 전국동시지방선거","2600","부산광역시","sggname_exact_province","820260603","광역의원비례대표선거","8","","부산광역시","","","기본소득당","5035","","","","1","비례대표 정당 제출자료","1","party-doc:820260603:부산광역시:기본소득당:1","false","","true","20260603/PDF/PBINFO_PUB/2600/003_5035_20260521_1.pdf","filePathName+updtFileName","https://policy.nec.go.kr/plc/common/downloadFile.do?requestedFileName=20260603_%EB%B6%80%EC%82%B0%EA%B4%91%EC%97%AD%EC%8B%9C_%EA%B8%B0%EB%B3%B8%EC%86%8C%EB%93%9D%EB%8B%B9_%EB%B9%84%EB%A1%80%EB%8C%80%ED%91%9C%20%EC%A0%95%EB%8B%B9%20%EC%A0%9C%EC%B6%9C%EC%9E%90%EB%A3%8C.pdf&requestedFullPath=20260603/PDF/PBINFO_PUB/2600/003_5035_20260521_1.pdf","pack_stale_currently_available","1||HEIGHT","20260603/PDF/PBINFO_PUB/2600/","003_5035_20260521_1.pdf","선거공보","Y","Y",""
"820260603-5200-강원특별자치도-기본소득당-1-1","제9회 전국동시지방선거","5200","강원특별자치도","sggname_exact_province","820260603","광역의원비례대표선거","8","","강원특별자치도","","","기본소득당","5035","","","","1","비례대표 정당 제출자료","1","party-doc:820260603:강원특별자치도:기본소득당:1","false","","true","20260603/PDF/PBINFO_PUB/5200/003_5035_20260518_1.pdf","filePathName+updtFileName","https://policy.nec.go.kr/plc/common/downloadFile.do?requestedFileName=20260603_%EA%B0%95%EC%9B%90%ED%8A%B9%EB%B3%84%EC%9E%90%EC%B9%98%EB%8F%84_%EA%B8%B0%EB%B3%B8%EC%86%8C%EB%93%9D%EB%8B%B9_%EB%B9%84%EB%A1%80%EB%8C%80%ED%91%9C%20%EC%A0%95%EB%8B%B9%20%EC%A0%9C%EC%B6%9C%EC%9E%90%EB%A3%8C.pdf&requestedFullPath=20260603/PDF/PBINFO_PUB/5200/003_5035_20260518_1.pdf","pack_stale_currently_available","1||HEIGHT","20260603/PDF/PBINFO_PUB/5200/","003_5035_20260518_1.pdf","선거공보","Y","Y",""
"820260603-5100-세종특별자치시-기본소득당-1-1","제9회 전국동시지방선거","5100","세종특별자치시","sggname_exact_province","820260603","광역의원비례대표선거","8","","세종특별자치시","","","기본소득당","5035","","","","1","비례대표 정당 제출자료","1","party-doc:820260603:세종특별자치시:기본소득당:1","false","","true","20260603/PDF/PBINFO_PUB/5100/003_5035_20260522_1.pdf","filePathName+updtFileName","https://policy.nec.go.kr/plc/common/downloadFile.do?requestedFileName=20260603_%EC%84%B8%EC%A2%85%ED%8A%B9%EB%B3%84%EC%9E%90%EC%B9%98%EC%8B%9C_%EA%B8%B0%EB%B3%B8%EC%86%8C%EB%93%9D%EB%8B%B9_%EB%B9%84%EB%A1%80%EB%8C%80%ED%91%9C%20%EC%A0%95%EB%8B%B9%20%EC%A0%9C%EC%B6%9C%EC%9E%90%EB%A3%8C.pdf&requestedFullPath=20260603/PDF/PBINFO_PUB/5100/003_5035_20260522_1.pdf","pack_stale_currently_available","1||HEIGHT","20260603/PDF/PBINFO_PUB/5100/","003_5035_20260522_1.pdf","선거공보","Y","Y",""
"820260603-4700-경상북도-기본소득당-1-1","제9회 전국동시지방선거","4700","경상북도","sggname_exact_province","820260603","광역의원비례대표선거","8","","경상북도","","","기본소득당","5035","","","","1","비례대표 정당 제출자료","1","party-doc:820260603:경상북도:기본소득당:1","false","","true","20260603/PDF/PBINFO_PUB/4700/003_5035_20260517_2.pdf","filePathName+updtFileName","https://policy.nec.go.kr/plc/common/downloadFile.do?requestedFileName=20260603_%EA%B2%BD%EC%83%81%EB%B6%81%EB%8F%84_%EA%B8%B0%EB%B3%B8%EC%86%8C%EB%93%9D%EB%8B%B9_%EB%B9%84%EB%A1%80%EB%8C%80%ED%91%9C%20%EC%A0%95%EB%8B%B9%20%EC%A0%9C%EC%B6%9C%EC%9E%90%EB%A3%8C.pdf&requestedFullPath=20260603/PDF/PBINFO_PUB/4700/003_5035_20260517_2.pdf","pack_stale_currently_available","1||HEIGHT","20260603/PDF/PBINFO_PUB/4700/","003_5035_20260517_2.pdf","선거공보","Y","Y",""
"820260603-3100-울산광역시-기본소득당-1-1","제9회 전국동시지방선거","3100","울산광역시","sggname_exact_province","820260603","광역의원비례대표선거","8","","울산광역시","","","기본소득당","5035","","","","1","비례대표 정당 제출자료","1","party-doc:820260603:울산광역시:기본소득당:1","false","","true","20260603/PDF/PBINFO_PUB/3100/003_5035_20260521_1.pdf","filePathName+updtFileName","https://policy.nec.go.kr/plc/common/downloadFile.do?requestedFileName=20260603_%EC%9A%B8%EC%82%B0%EA%B4%91%EC%97%AD%EC%8B%9C_%EA%B8%B0%EB%B3%B8%EC%86%8C%EB%93%9D%EB%8B%B9_%EB%B9%84%EB%A1%80%EB%8C%80%ED%91%9C%20%EC%A0%95%EB%8B%B9%20%EC%A0%9C%EC%B6%9C%EC%9E%90%EB%A3%8C.pdf&requestedFullPath=20260603/PDF/PBINFO_PUB/3100/003_5035_20260521_1.pdf","pack_stale_currently_available","1||HEIGHT","20260603/PDF/PBINFO_PUB/3100/","003_5035_20260521_1.pdf","선거공보","Y","Y",""
"820260603-2700-대구광역시-기본소득당-1-1","제9회 전국동시지방선거","2700","대구광역시","sggname_exact_province","820260603","광역의원비례대표선거","8","","대구광역시","","","기본소득당","5035","","","","1","비례대표 정당 제출자료","1","party-doc:820260603:대구광역시:기본소득당:1","false","","true","20260603/PDF/PBINFO_PUB/2700/003_5035_20260522_1.pdf","filePathName+updtFileName","https://policy.nec.go.kr/plc/common/downloadFile.do?requestedFileName=20260603_%EB%8C%80%EA%B5%AC%EA%B4%91%EC%97%AD%EC%8B%9C_%EA%B8%B0%EB%B3%B8%EC%86%8C%EB%93%9D%EB%8B%B9_%EB%B9%84%EB%A1%80%EB%8C%80%ED%91%9C%20%EC%A0%95%EB%8B%B9%20%EC%A0%9C%EC%B6%9C%EC%9E%90%EB%A3%8C.pdf&requestedFullPath=20260603/PDF/PBINFO_PUB/2700/003_5035_20260522_1.pdf","pack_stale_currently_available","1||HEIGHT","20260603/PDF/PBINFO_PUB/2700/","003_5035_20260522_1.pdf","선거공보","Y","Y",""
"820260603-5300-전북특별자치도-기본소득당-1-1","제9회 전국동시지방선거","5300","전북특별자치도","sggname_exact_province","820260603","광역의원비례대표선거","8","","전북특별자치도","","","기본소득당","5035","","","","1","비례대표 정당 제출자료","1","party-doc:820260603:전북특별자치도:기본소득당:1","false","","true","20260603/PDF/PBINFO_PUB/5300/003_5035_20260522_1.pdf","filePathName+updtFileName","https://policy.nec.go.kr/plc/common/downloadFile.do?requestedFileName=20260603_%EC%A0%84%EB%B6%81%ED%8A%B9%EB%B3%84%EC%9E%90%EC%B9%98%EB%8F%84_%EA%B8%B0%EB%B3%B8%EC%86%8C%EB%93%9D%EB%8B%B9_%EB%B9%84%EB%A1%80%EB%8C%80%ED%91%9C%20%EC%A0%95%EB%8B%B9%20%EC%A0%9C%EC%B6%9C%EC%9E%90%EB%A3%8C.pdf&requestedFullPath=20260603/PDF/PBINFO_PUB/5300/003_5035_20260522_1.pdf","pack_stale_currently_available","1||HEIGHT","20260603/PDF/PBINFO_PUB/5300/","003_5035_20260522_1.pdf","선거공보","Y","Y",""
"820260603-4900-제주특별자치도-기본소득당-1-1","제9회 전국동시지방선거","4900","제주특별자치도","sggname_exact_province","820260603","광역의원비례대표선거","8","","제주특별자치도","","","기본소득당","5035","","","","1","비례대표 정당 제출자료","1","party-doc:820260603:제주특별자치도:기본소득당:1","false","","true","20260603/PDF/PBINFO_PUB/4900/003_5035_20260520_1.pdf","filePathName+updtFileName","https://policy.nec.go.kr/plc/common/downloadFile.do?requestedFileName=20260603_%EC%A0%9C%EC%A3%BC%ED%8A%B9%EB%B3%84%EC%9E%90%EC%B9%98%EB%8F%84_%EA%B8%B0%EB%B3%B8%EC%86%8C%EB%93%9D%EB%8B%B9_%EB%B9%84%EB%A1%80%EB%8C%80%ED%91%9C%20%EC%A0%95%EB%8B%B9%20%EC%A0%9C%EC%B6%9C%EC%9E%90%EB%A3%8C.pdf&requestedFullPath=20260603/PDF/PBINFO_PUB/4900/003_5035_20260520_1.pdf","pack_stale_currently_available","1||HEIGHT","20260603/PDF/PBINFO_PUB/4900/","003_5035_20260520_1.pdf","선거공보","Y","Y",""
"820260603-1100-서울특별시-기본소득당-1-1","제9회 전국동시지방선거","1100","서울특별시","sggname_exact_province","820260603","광역의원비례대표선거","8","","서울특별시","","","기본소득당","5035","","","","1","비례대표 정당 제출자료","1","party-doc:820260603:서울특별시:기본소득당:1","false","","true","20260603/PDF/PBINFO_PUB/1100/003_5035_20260523_1.pdf","filePathName+updtFileName","https://policy.nec.go.kr/plc/common/downloadFile.do?requestedFileName=20260603_%EC%84%9C%EC%9A%B8%ED%8A%B9%EB%B3%84%EC%8B%9C_%EA%B8%B0%EB%B3%B8%EC%86%8C%EB%93%9D%EB%8B%B9_%EB%B9%84%EB%A1%80%EB%8C%80%ED%91%9C%20%EC%A0%95%EB%8B%B9%20%EC%A0%9C%EC%B6%9C%EC%9E%90%EB%A3%8C.pdf&requestedFullPath=20260603/PDF/PBINFO_PUB/1100/003_5035_20260523_1.pdf","pack_stale_currently_available","1||HEIGHT","20260603/PDF/PBINFO_PUB/1100/","003_5035_20260523_1.pdf","선거공보","Y","Y",""
"820260603-2900-전남광주통합특별시-기본소득당-1-1","제9회 전국동시지방선거","2900","전남광주통합특별시","sggname_exact_province","820260603","광역의원비례대표선거","8","","전남광주통합특별시","","","기본소득당","5035","","","","1","비례대표 정당 제출자료","1","party-doc:820260603:전남광주통합특별시:기본소득당:1","false","","true","20260603/PDF/PBINFO_PUB/2900/003_5035_20260518_1.pdf","filePathName+updtFileName","https://policy.nec.go.kr/plc/common/downloadFile.do?requestedFileName=20260603_%EC%A0%84%EB%82%A8%EA%B4%91%EC%A3%BC%ED%86%B5%ED%95%A9%ED%8A%B9%EB%B3%84%EC%8B%9C_%EA%B8%B0%EB%B3%B8%EC%86%8C%EB%93%9D%EB%8B%B9_%EB%B9%84%EB%A1%80%EB%8C%80%ED%91%9C%20%EC%A0%95%EB%8B%B9%20%EC%A0%9C%EC%B6%9C%EC%9E%90%EB%A3%8C.pdf&requestedFullPath=20260603/PDF/PBINFO_PUB/2900/003_5035_20260518_1.pdf","pack_stale_currently_available","1||HEIGHT","20260603/PDF/PBINFO_PUB/2900/","003_5035_20260518_1.pdf","선거공보","Y","Y",""
"820260603-4800-경상남도-기본소득당-1-1","제9회 전국동시지방선거","4800","경상남도","sggname_exact_province","820260603","광역의원비례대표선거","8","","경상남도","","","기본소득당","5035","","","","1","비례대표 정당 제출자료","1","party-doc:820260603:경상남도:기본소득당:1","false","","true","20260603/PDF/PBINFO_PUB/4800/003_5035_20260520_1.pdf","filePathName+updtFileName","https://policy.nec.go.kr/plc/common/downloadFile.do?requestedFileName=20260603_%EA%B2%BD%EC%83%81%EB%82%A8%EB%8F%84_%EA%B8%B0%EB%B3%B8%EC%86%8C%EB%93%9D%EB%8B%B9_%EB%B9%84%EB%A1%80%EB%8C%80%ED%91%9C%20%EC%A0%95%EB%8B%B9%20%EC%A0%9C%EC%B6%9C%EC%9E%90%EB%A3%8C.pdf&requestedFullPath=20260603/PDF/PBINFO_PUB/4800/003_5035_20260520_1.pdf","pack_stale_currently_available","1||HEIGHT","20260603/PDF/PBINFO_PUB/4800/","003_5035_20260520_1.pdf","선거공보","Y","Y",""
"820260603-4300-충청북도-기본소득당-1-1","제9회 전국동시지방선거","4300","충청북도","sggname_exact_province","820260603","광역의원비례대표선거","8","","충청북도","","","기본소득당","5035","","","","1","비례대표 정당 제출자료","1","party-doc:820260603:충청북도:기본소득당:1","false","","true","20260603/PDF/PBINFO_PUB/4300/003_5035_20260517_1.pdf","filePathName+updtFileName","https://policy.nec.go.kr/plc/common/downloadFile.do?requestedFileName=20260603_%EC%B6%A9%EC%B2%AD%EB%B6%81%EB%8F%84_%EA%B8%B0%EB%B3%B8%EC%86%8C%EB%93%9D%EB%8B%B9_%EB%B9%84%EB%A1%80%EB%8C%80%ED%91%9C%20%EC%A0%95%EB%8B%B9%20%EC%A0%9C%EC%B6%9C%EC%9E%90%EB%A3%8C.pdf&requestedFullPath=20260603/PDF/PBINFO_PUB/4300/003_5035_20260517_1.pdf","pack_stale_currently_available","1||HEIGHT","20260603/PDF/PBINFO_PUB/4300/","003_5035_20260517_1.pdf","선거공보","Y","Y",""
"820260603-4100-경기도-기본소득당-1-1","제9회 전국동시지방선거","4100","경기도","sggname_exact_province","820260603","광역의원비례대표선거","8","","경기도","","","기본소득당","5035","","","","1","비례대표 정당 제출자료","1","party-doc:820260603:경기도:기본소득당:1","false","","true","20260603/PDF/PBINFO_PUB/4100/003_5035_20260523_1.pdf","filePathName+updtFileName","https://policy.nec.go.kr/plc/common/downloadFile.do?requestedFileName=20260603_%EA%B2%BD%EA%B8%B0%EB%8F%84_%EA%B8%B0%EB%B3%B8%EC%86%8C%EB%93%9D%EB%8B%B9_%EB%B9%84%EB%A1%80%EB%8C%80%ED%91%9C%20%EC%A0%95%EB%8B%B9%20%EC%A0%9C%EC%B6%9C%EC%9E%90%EB%A3%8C.pdf&requestedFullPath=20260603/PDF/PBINFO_PUB/4100/003_5035_20260523_1.pdf","pack_stale_currently_available","1||HEIGHT","20260603/PDF/PBINFO_PUB/4100/","003_5035_20260523_1.pdf","선거공보","Y","Y",""
"820260603-3000-대전광역시-기본소득당-1-1","제9회 전국동시지방선거","3000","대전광역시","sggname_exact_province","820260603","광역의원비례대표선거","8","","대전광역시","","","기본소득당","5035","","","","1","비례대표 정당 제출자료","1","party-doc:820260603:대전광역시:기본소득당:1","false","","true","20260603/PDF/PBINFO_PUB/3000/003_5035_20260518_1.pdf","filePathName+updtFileName","https://policy.nec.go.kr/plc/common/downloadFile.do?requestedFileName=20260603_%EB%8C%80%EC%A0%84%EA%B4%91%EC%97%AD%EC%8B%9C_%EA%B8%B0%EB%B3%B8%EC%86%8C%EB%93%9D%EB%8B%B9_%EB%B9%84%EB%A1%80%EB%8C%80%ED%91%9C%20%EC%A0%95%EB%8B%B9%20%EC%A0%9C%EC%B6%9C%EC%9E%90%EB%A3%8C.pdf&requestedFullPath=20260603/PDF/PBINFO_PUB/3000/003_5035_20260518_1.pdf","pack_stale_currently_available","1||HEIGHT","20260603/PDF/PBINFO_PUB/3000/","003_5035_20260518_1.pdf","선거공보","Y","Y",""
"820260603-4100-경기도-거지당-1-1","제9회 전국동시지방선거","4100","경기도","sggname_exact_province","820260603","광역의원비례대표선거","8","","경기도","","","거지당","5054","","","","1","비례대표 정당 제출자료","1","party-doc:820260603:경기도:거지당:1","false","","true","20260603/PDF/PBINFO_PUB/4100/003_5054_20260523_1.pdf","filePathName+updtFileName","https://policy.nec.go.kr/plc/common/downloadFile.do?requestedFileName=20260603_%EA%B2%BD%EA%B8%B0%EB%8F%84_%EA%B1%B0%EC%A7%80%EB%8B%B9_%EB%B9%84%EB%A1%80%EB%8C%80%ED%91%9C%20%EC%A0%95%EB%8B%B9%20%EC%A0%9C%EC%B6%9C%EC%9E%90%EB%A3%8C.pdf&requestedFullPath=20260603/PDF/PBINFO_PUB/4100/003_5054_20260523_1.pdf","pack_stale_currently_available","1||HEIGHT","20260603/PDF/PBINFO_PUB/4100/","003_5054_20260523_1.pdf","선거공보","Y","Y",""
"820260603-1100-서울특별시-거지당-1-1","제9회 전국동시지방선거","1100","서울특별시","sggname_exact_province","820260603","광역의원비례대표선거","8","","서울특별시","","","거지당","5054","","","","1","비례대표 정당 제출자료","1","party-doc:820260603:서울특별시:거지당:1","false","","true","20260603/PDF/PBINFO_PUB/1100/003_5054_20260523_1.pdf","filePathName+updtFileName","https://policy.nec.go.kr/plc/common/downloadFile.do?requestedFileName=20260603_%EC%84%9C%EC%9A%B8%ED%8A%B9%EB%B3%84%EC%8B%9C_%EA%B1%B0%EC%A7%80%EB%8B%B9_%EB%B9%84%EB%A1%80%EB%8C%80%ED%91%9C%20%EC%A0%95%EB%8B%B9%20%EC%A0%9C%EC%B6%9C%EC%9E%90%EB%A3%8C.pdf&requestedFullPath=20260603/PDF/PBINFO_PUB/1100/003_5054_20260523_1.pdf","pack_stale_currently_available","1||HEIGHT","20260603/PDF/PBINFO_PUB/1100/","003_5054_20260523_1.pdf","선거공보","Y","Y",""
"820260603-2700-대구광역시-공화당-1-1","제9회 전국동시지방선거","2700","대구광역시","sggname_exact_province","820260603","광역의원비례대표선거","8","","대구광역시","","","공화당","5051","","","","1","비례대표 정당 제출자료","1","party-doc:820260603:대구광역시:공화당:1","false","","true","20260603/PDF/PBINFO_PUB/2700/003_5051_20260523_3.pdf","filePathName+updtFileName","https://policy.nec.go.kr/plc/common/downloadFile.do?requestedFileName=20260603_%EB%8C%80%EA%B5%AC%EA%B4%91%EC%97%AD%EC%8B%9C_%EA%B3%B5%ED%99%94%EB%8B%B9_%EB%B9%84%EB%A1%80%EB%8C%80%ED%91%9C%20%EC%A0%95%EB%8B%B9%20%EC%A0%9C%EC%B6%9C%EC%9E%90%EB%A3%8C.pdf&requestedFullPath=20260603/PDF/PBINFO_PUB/2700/003_5051_20260523_3.pdf","pack_stale_currently_available","1||HEIGHT","20260603/PDF/PBINFO_PUB/2700/","003_5051_20260523_3.pdf","선거공보","Y","Y",""
"820260603-4700-경상북도-공화당-1-1","제9회 전국동시지방선거","4700","경상북도","sggname_exact_province","820260603","광역의원비례대표선거","8","","경상북도","","","공화당","5051","","","","1","비례대표 정당 제출자료","1","party-doc:820260603:경상북도:공화당:1","false","","true","20260603/PDF/PBINFO_PUB/4700/003_5051_20260520_1.pdf","filePathName+updtFileName","https://policy.nec.go.kr/plc/common/downloadFile.do?requestedFileName=20260603_%EA%B2%BD%EC%83%81%EB%B6%81%EB%8F%84_%EA%B3%B5%ED%99%94%EB%8B%B9_%EB%B9%84%EB%A1%80%EB%8C%80%ED%91%9C%20%EC%A0%95%EB%8B%B9%20%EC%A0%9C%EC%B6%9C%EC%9E%90%EB%A3%8C.pdf&requestedFullPath=20260603/PDF/PBINFO_PUB/4700/003_5051_20260520_1.pdf","pack_stale_currently_available","1||HEIGHT","20260603/PDF/PBINFO_PUB/4700/","003_5051_20260520_1.pdf","선거공보","Y","Y",""
"820260603-1100-서울특별시-공화당-1-1","제9회 전국동시지방선거","1100","서울특별시","sggname_exact_province","820260603","광역의원비례대표선거","8","","서울특별시","","","공화당","5051","","","","1","비례대표 정당 제출자료","1","party-doc:820260603:서울특별시:공화당:1","false","","true","20260603/PDF/PBINFO_PUB/1100/003_5051_20260523_1.pdf","filePathName+updtFileName","https://policy.nec.go.kr/plc/common/downloadFile.do?requestedFileName=20260603_%EC%84%9C%EC%9A%B8%ED%8A%B9%EB%B3%84%EC%8B%9C_%EA%B3%B5%ED%99%94%EB%8B%B9_%EB%B9%84%EB%A1%80%EB%8C%80%ED%91%9C%20%EC%A0%95%EB%8B%B9%20%EC%A0%9C%EC%B6%9C%EC%9E%90%EB%A3%8C.pdf&requestedFullPath=20260603/PDF/PBINFO_PUB/1100/003_5051_20260523_1.pdf","pack_stale_currently_available","1||HEIGHT","20260603/PDF/PBINFO_PUB/1100/","003_5051_20260523_1.pdf","선거공보","Y","Y",""
"820260603-4100-경기도-공화당-1-1","제9회 전국동시지방선거","4100","경기도","sggname_exact_province","820260603","광역의원비례대표선거","8","","경기도","","","공화당","5051","","","","1","비례대표 정당 제출자료","1","party-doc:820260603:경기도:공화당:1","false","","true","20260603/PDF/PBINFO_PUB/4100/003_5051_20260523_1.pdf","filePathName+updtFileName","https://policy.nec.go.kr/plc/common/downloadFile.do?requestedFileName=20260603_%EA%B2%BD%EA%B8%B0%EB%8F%84_%EA%B3%B5%ED%99%94%EB%8B%B9_%EB%B9%84%EB%A1%80%EB%8C%80%ED%91%9C%20%EC%A0%95%EB%8B%B9%20%EC%A0%9C%EC%B6%9C%EC%9E%90%EB%A3%8C.pdf&requestedFullPath=20260603/PDF/PBINFO_PUB/4100/003_5051_20260523_1.pdf","pack_stale_currently_available","1||HEIGHT","20260603/PDF/PBINFO_PUB/4100/","003_5051_20260523_1.pdf","선거공보","Y","Y",""
"820260603-2600-부산광역시-공화당-1-1","제9회 전국동시지방선거","2600","부산광역시","sggname_exact_province","820260603","광역의원비례대표선거","8","","부산광역시","","","공화당","5051","","","","1","비례대표 정당 제출자료","1","party-doc:820260603:부산광역시:공화당:1","false","","true","20260603/PDF/PBINFO_PUB/2600/003_5051_20260521_1.pdf","filePathName+updtFileName","https://policy.nec.go.kr/plc/common/downloadFile.do?requestedFileName=20260603_%EB%B6%80%EC%82%B0%EA%B4%91%EC%97%AD%EC%8B%9C_%EA%B3%B5%ED%99%94%EB%8B%B9_%EB%B9%84%EB%A1%80%EB%8C%80%ED%91%9C%20%EC%A0%95%EB%8B%B9%20%EC%A0%9C%EC%B6%9C%EC%9E%90%EB%A3%8C.pdf&requestedFullPath=20260603/PDF/PBINFO_PUB/2600/003_5051_20260521_1.pdf","pack_stale_currently_available","1||HEIGHT","20260603/PDF/PBINFO_PUB/2600/","003_5051_20260521_1.pdf","선거공보","Y","Y",""
"820260603-4800-경상남도-공화당-1-1","제9회 전국동시지방선거","4800","경상남도","sggname_exact_province","820260603","광역의원비례대표선거","8","","경상남도","","","공화당","5051","","","","1","비례대표 정당 제출자료","1","party-doc:820260603:경상남도:공화당:1","false","","true","20260603/PDF/PBINFO_PUB/4800/003_5051_20260521_1.pdf","filePathName+updtFileName","https://policy.nec.go.kr/plc/common/downloadFile.do?requestedFileName=20260603_%EA%B2%BD%EC%83%81%EB%82%A8%EB%8F%84_%EA%B3%B5%ED%99%94%EB%8B%B9_%EB%B9%84%EB%A1%80%EB%8C%80%ED%91%9C%20%EC%A0%95%EB%8B%B9%20%EC%A0%9C%EC%B6%9C%EC%9E%90%EB%A3%8C.pdf&requestedFullPath=20260603/PDF/PBINFO_PUB/4800/003_5051_20260521_1.pdf","pack_stale_currently_available","1||HEIGHT","20260603/PDF/PBINFO_PUB/4800/","003_5051_20260521_1.pdf","선거공보","Y","Y",""
"820260603-2800-인천광역시-공화당-1-1","제9회 전국동시지방선거","2800","인천광역시","sggname_exact_province","820260603","광역의원비례대표선거","8","","인천광역시","","","공화당","5051","","","","1","비례대표 정당 제출자료","1","party-doc:820260603:인천광역시:공화당:1","false","","true","20260603/PDF/PBINFO_PUB/2800/003_5051_20260521_2.pdf","filePathName+updtFileName","https://policy.nec.go.kr/plc/common/downloadFile.do?requestedFileName=20260603_%EC%9D%B8%EC%B2%9C%EA%B4%91%EC%97%AD%EC%8B%9C_%EA%B3%B5%ED%99%94%EB%8B%B9_%EB%B9%84%EB%A1%80%EB%8C%80%ED%91%9C%20%EC%A0%95%EB%8B%B9%20%EC%A0%9C%EC%B6%9C%EC%9E%90%EB%A3%8C.pdf&requestedFullPath=20260603/PDF/PBINFO_PUB/2800/003_5051_20260521_2.pdf","pack_stale_currently_available","1||HEIGHT","20260603/PDF/PBINFO_PUB/2800/","003_5051_20260521_2.pdf","선거공보","Y","Y",""
"820260603-4100-경기도-국민대통합당-1-1","제9회 전국동시지방선거","4100","경기도","sggname_exact_province","820260603","광역의원비례대표선거","8","","경기도","","","국민대통합당","2060","","","","1","비례대표 정당 제출자료","1","party-doc:820260603:경기도:국민대통합당:1","false","","true","20260603/PDF/PBINFO_PUB/4100/003_2060_20260523_1.pdf","filePathName+updtFileName","https://policy.nec.go.kr/plc/common/downloadFile.do?requestedFileName=20260603_%EA%B2%BD%EA%B8%B0%EB%8F%84_%EA%B5%AD%EB%AF%BC%EB%8C%80%ED%86%B5%ED%95%A9%EB%8B%B9_%EB%B9%84%EB%A1%80%EB%8C%80%ED%91%9C%20%EC%A0%95%EB%8B%B9%20%EC%A0%9C%EC%B6%9C%EC%9E%90%EB%A3%8C.pdf&requestedFullPath=20260603/PDF/PBINFO_PUB/4100/003_2060_20260523_1.pdf","pack_stale_currently_available","1||HEIGHT","20260603/PDF/PBINFO_PUB/4100/","003_2060_20260523_1.pdf","선거공보","Y","Y",""
"820260603-1100-서울특별시-국민대통합당-1-1","제9회 전국동시지방선거","1100","서울특별시","sggname_exact_province","820260603","광역의원비례대표선거","8","","서울특별시","","","국민대통합당","2060","","","","1","비례대표 정당 제출자료","1","party-doc:820260603:서울특별시:국민대통합당:1","false","","true","20260603/PDF/PBINFO_PUB/1100/003_2060_20260523_1.pdf","filePathName+updtFileName","https://policy.nec.go.kr/plc/common/downloadFile.do?requestedFileName=20260603_%EC%84%9C%EC%9A%B8%ED%8A%B9%EB%B3%84%EC%8B%9C_%EA%B5%AD%EB%AF%BC%EB%8C%80%ED%86%B5%ED%95%A9%EB%8B%B9_%EB%B9%84%EB%A1%80%EB%8C%80%ED%91%9C%20%EC%A0%95%EB%8B%B9%20%EC%A0%9C%EC%B6%9C%EC%9E%90%EB%A3%8C.pdf&requestedFullPath=20260603/PDF/PBINFO_PUB/1100/003_2060_20260523_1.pdf","pack_stale_currently_available","1||HEIGHT","20260603/PDF/PBINFO_PUB/1100/","003_2060_20260523_1.pdf","선거공보","Y","Y",""
"820260603-4700-경상북도-국민대통합당-1-1","제9회 전국동시지방선거","4700","경상북도","sggname_exact_province","820260603","광역의원비례대표선거","8","","경상북도","","","국민대통합당","2060","","","","1","비례대표 정당 제출자료","1","party-doc:820260603:경상북도:국민대통합당:1","false","","true","20260603/PDF/PBINFO_PUB/4700/003_2060_20260517_1.pdf","filePathName+updtFileName","https://policy.nec.go.kr/plc/common/downloadFile.do?requestedFileName=20260603_%EA%B2%BD%EC%83%81%EB%B6%81%EB%8F%84_%EA%B5%AD%EB%AF%BC%EB%8C%80%ED%86%B5%ED%95%A9%EB%8B%B9_%EB%B9%84%EB%A1%80%EB%8C%80%ED%91%9C%20%EC%A0%95%EB%8B%B9%20%EC%A0%9C%EC%B6%9C%EC%9E%90%EB%A3%8C.pdf&requestedFullPath=20260603/PDF/PBINFO_PUB/4700/003_2060_20260517_1.pdf","pack_stale_currently_available","1||HEIGHT","20260603/PDF/PBINFO_PUB/4700/","003_2060_20260517_1.pdf","선거공보","Y","Y",""
"820260603-4800-경상남도-국민연합-1-1","제9회 전국동시지방선거","4800","경상남도","sggname_exact_province","820260603","광역의원비례대표선거","8","","경상남도","","","국민연합","4080","","","","1","비례대표 정당 제출자료","1","party-doc:820260603:경상남도:국민연합:1","false","","true","20260603/PDF/PBINFO_PUB/4800/003_4080_20260520_1.pdf","filePathName+updtFileName","https://policy.nec.go.kr/plc/common/downloadFile.do?requestedFileName=20260603_%EA%B2%BD%EC%83%81%EB%82%A8%EB%8F%84_%EA%B5%AD%EB%AF%BC%EC%97%B0%ED%95%A9_%EB%B9%84%EB%A1%80%EB%8C%80%ED%91%9C%20%EC%A0%95%EB%8B%B9%20%EC%A0%9C%EC%B6%9C%EC%9E%90%EB%A3%8C.pdf&requestedFullPath=20260603/PDF/PBINFO_PUB/4800/003_4080_20260520_1.pdf","pack_stale_currently_available","1||HEIGHT","20260603/PDF/PBINFO_PUB/4800/","003_4080_20260520_1.pdf","선거공보","Y","Y",""
"820260603-2800-인천광역시-국민연합-1-1","제9회 전국동시지방선거","2800","인천광역시","sggname_exact_province","820260603","광역의원비례대표선거","8","","인천광역시","","","국민연합","4080","","","","1","비례대표 정당 제출자료","1","party-doc:820260603:인천광역시:국민연합:1","false","","true","20260603/PDF/PBINFO_PUB/2800/003_4080_20260518_1.pdf","filePathName+updtFileName","https://policy.nec.go.kr/plc/common/downloadFile.do?requestedFileName=20260603_%EC%9D%B8%EC%B2%9C%EA%B4%91%EC%97%AD%EC%8B%9C_%EA%B5%AD%EB%AF%BC%EC%97%B0%ED%95%A9_%EB%B9%84%EB%A1%80%EB%8C%80%ED%91%9C%20%EC%A0%95%EB%8B%B9%20%EC%A0%9C%EC%B6%9C%EC%9E%90%EB%A3%8C.pdf&requestedFullPath=20260603/PDF/PBINFO_PUB/2800/003_4080_20260518_1.pdf","pack_stale_currently_available","1||HEIGHT","20260603/PDF/PBINFO_PUB/2800/","003_4080_20260518_1.pdf","선거공보","Y","Y",""
"820260603-4700-경상북도-국민연합-1-1","제9회 전국동시지방선거","4700","경상북도","sggname_exact_province","820260603","광역의원비례대표선거","8","","경상북도","","","국민연합","4080","","","","1","비례대표 정당 제출자료","1","party-doc:820260603:경상북도:국민연합:1","false","","true","20260603/PDF/PBINFO_PUB/4700/003_4080_20260518_3.pdf","filePathName+updtFileName","https://policy.nec.go.kr/plc/common/downloadFile.do?requestedFileName=20260603_%EA%B2%BD%EC%83%81%EB%B6%81%EB%8F%84_%EA%B5%AD%EB%AF%BC%EC%97%B0%ED%95%A9_%EB%B9%84%EB%A1%80%EB%8C%80%ED%91%9C%20%EC%A0%95%EB%8B%B9%20%EC%A0%9C%EC%B6%9C%EC%9E%90%EB%A3%8C.pdf&requestedFullPath=20260603/PDF/PBINFO_PUB/4700/003_4080_20260518_3.pdf","pack_stale_currently_available","1||HEIGHT","20260603/PDF/PBINFO_PUB/4700/","003_4080_20260518_3.pdf","선거공보","Y","Y",""
"820260603-4100-경기도-국민연합-1-1","제9회 전국동시지방선거","4100","경기도","sggname_exact_province","820260603","광역의원비례대표선거","8","","경기도","","","국민연합","4080","","","","1","비례대표 정당 제출자료","1","party-doc:820260603:경기도:국민연합:1","false","","true","20260603/PDF/PBINFO_PUB/4100/003_4080_20260523_1.pdf","filePathName+updtFileName","https://policy.nec.go.kr/plc/common/downloadFile.do?requestedFileName=20260603_%EA%B2%BD%EA%B8%B0%EB%8F%84_%EA%B5%AD%EB%AF%BC%EC%97%B0%ED%95%A9_%EB%B9%84%EB%A1%80%EB%8C%80%ED%91%9C%20%EC%A0%95%EB%8B%B9%20%EC%A0%9C%EC%B6%9C%EC%9E%90%EB%A3%8C.pdf&requestedFullPath=20260603/PDF/PBINFO_PUB/4100/003_4080_20260523_1.pdf","pack_stale_currently_available","1||HEIGHT","20260603/PDF/PBINFO_PUB/4100/","003_4080_20260523_1.pdf","선거공보","Y","Y",""
"820260603-1100-서울특별시-국민연합-1-1","제9회 전국동시지방선거","1100","서울특별시","sggname_exact_province","820260603","광역의원비례대표선거","8","","서울특별시","","","국민연합","4080","","","","1","비례대표 정당 제출자료","1","party-doc:820260603:서울특별시:국민연합:1","false","","true","20260603/PDF/PBINFO_PUB/1100/003_4080_20260523_1.pdf","filePathName+updtFileName","https://policy.nec.go.kr/plc/common/downloadFile.do?requestedFileName=20260603_%EC%84%9C%EC%9A%B8%ED%8A%B9%EB%B3%84%EC%8B%9C_%EA%B5%AD%EB%AF%BC%EC%97%B0%ED%95%A9_%EB%B9%84%EB%A1%80%EB%8C%80%ED%91%9C%20%EC%A0%95%EB%8B%B9%20%EC%A0%9C%EC%B6%9C%EC%9E%90%EB%A3%8C.pdf&requestedFullPath=20260603/PDF/PBINFO_PUB/1100/003_4080_20260523_1.pdf","pack_stale_currently_available","1||HEIGHT","20260603/PDF/PBINFO_PUB/1100/","003_4080_20260523_1.pdf","선거공보","Y","Y",""
"820260603-2700-대구광역시-국민연합-1-1","제9회 전국동시지방선거","2700","대구광역시","sggname_exact_province","820260603","광역의원비례대표선거","8","","대구광역시","","","국민연합","4080","","","","1","비례대표 정당 제출자료","1","party-doc:820260603:대구광역시:국민연합:1","false","","true","20260603/PDF/PBINFO_PUB/2700/003_4080_20260522_1.pdf","filePathName+updtFileName","https://policy.nec.go.kr/plc/common/downloadFile.do?requestedFileName=20260603_%EB%8C%80%EA%B5%AC%EA%B4%91%EC%97%AD%EC%8B%9C_%EA%B5%AD%EB%AF%BC%EC%97%B0%ED%95%A9_%EB%B9%84%EB%A1%80%EB%8C%80%ED%91%9C%20%EC%A0%95%EB%8B%B9%20%EC%A0%9C%EC%B6%9C%EC%9E%90%EB%A3%8C.pdf&requestedFullPath=20260603/PDF/PBINFO_PUB/2700/003_4080_20260522_1.pdf","pack_stale_currently_available","1||HEIGHT","20260603/PDF/PBINFO_PUB/2700/","003_4080_20260522_1.pdf","선거공보","Y","Y",""
"820260603-4100-경기도-기독당-1-1","제9회 전국동시지방선거","4100","경기도","sggname_exact_province","820260603","광역의원비례대표선거","8","","경기도","","","기독당","2020","","","","1","비례대표 정당 제출자료","1","party-doc:820260603:경기도:기독당:1","false","","true","20260603/PDF/PBINFO_PUB/4100/003_2020_20260523_1.pdf","filePathName+updtFileName","https://policy.nec.go.kr/plc/common/downloadFile.do?requestedFileName=20260603_%EA%B2%BD%EA%B8%B0%EB%8F%84_%EA%B8%B0%EB%8F%85%EB%8B%B9_%EB%B9%84%EB%A1%80%EB%8C%80%ED%91%9C%20%EC%A0%95%EB%8B%B9%20%EC%A0%9C%EC%B6%9C%EC%9E%90%EB%A3%8C.pdf&requestedFullPath=20260603/PDF/PBINFO_PUB/4100/003_2020_20260523_1.pdf","pack_stale_currently_available","1||HEIGHT","20260603/PDF/PBINFO_PUB/4100/","003_2020_20260523_1.pdf","선거공보","Y","Y",""
"820260603-2800-인천광역시-노동당-1-1","제9회 전국동시지방선거","2800","인천광역시","sggname_exact_province","820260603","광역의원비례대표선거","8","","인천광역시","","","노동당","1988","","","","1","비례대표 정당 제출자료","1","party-doc:820260603:인천광역시:노동당:1","false","","true","20260603/PDF/PBINFO_PUB/2800/003_1988_20260519_2.pdf","filePathName+updtFileName","https://policy.nec.go.kr/plc/common/downloadFile.do?requestedFileName=20260603_%EC%9D%B8%EC%B2%9C%EA%B4%91%EC%97%AD%EC%8B%9C_%EB%85%B8%EB%8F%99%EB%8B%B9_%EB%B9%84%EB%A1%80%EB%8C%80%ED%91%9C%20%EC%A0%95%EB%8B%B9%20%EC%A0%9C%EC%B6%9C%EC%9E%90%EB%A3%8C.pdf&requestedFullPath=20260603/PDF/PBINFO_PUB/2800/003_1988_20260519_2.pdf","pack_stale_currently_available","1||HEIGHT","20260603/PDF/PBINFO_PUB/2800/","003_1988_20260519_2.pdf","선거공보","Y","Y",""
"820260603-4900-제주특별자치도-녹색당-1-1","제9회 전국동시지방선거","4900","제주특별자치도","sggname_exact_province","820260603","광역의원비례대표선거","8","","제주특별자치도","","","녹색당","710","","","","1","비례대표 정당 제출자료","1","party-doc:820260603:제주특별자치도:녹색당:1","false","","true","20260603/PDF/PBINFO_PUB/4900/003_710_20260520_1.pdf","filePathName+updtFileName","https://policy.nec.go.kr/plc/common/downloadFile.do?requestedFileName=20260603_%EC%A0%9C%EC%A3%BC%ED%8A%B9%EB%B3%84%EC%9E%90%EC%B9%98%EB%8F%84_%EB%85%B9%EC%83%89%EB%8B%B9_%EB%B9%84%EB%A1%80%EB%8C%80%ED%91%9C%20%EC%A0%95%EB%8B%B9%20%EC%A0%9C%EC%B6%9C%EC%9E%90%EB%A3%8C.pdf&requestedFullPath=20260603/PDF/PBINFO_PUB/4900/003_710_20260520_1.pdf","pack_stale_currently_available","1||HEIGHT","20260603/PDF/PBINFO_PUB/4900/","003_710_20260520_1.pdf","선거공보","Y","Y",""
"820260603-4100-경기도-대한국민당-1-1","제9회 전국동시지방선거","4100","경기도","sggname_exact_province","820260603","광역의원비례대표선거","8","","경기도","","","대한국민당","5059","","","","1","비례대표 정당 제출자료","1","party-doc:820260603:경기도:대한국민당:1","false","","true","20260603/PDF/PBINFO_PUB/4100/003_5059_20260523_1.pdf","filePathName+updtFileName","https://policy.nec.go.kr/plc/common/downloadFile.do?requestedFileName=20260603_%EA%B2%BD%EA%B8%B0%EB%8F%84_%EB%8C%80%ED%95%9C%EA%B5%AD%EB%AF%BC%EB%8B%B9_%EB%B9%84%EB%A1%80%EB%8C%80%ED%91%9C%20%EC%A0%95%EB%8B%B9%20%EC%A0%9C%EC%B6%9C%EC%9E%90%EB%A3%8C.pdf&requestedFullPath=20260603/PDF/PBINFO_PUB/4100/003_5059_20260523_1.pdf","pack_stale_currently_available","1||HEIGHT","20260603/PDF/PBINFO_PUB/4100/","003_5059_20260523_1.pdf","선거공보","Y","Y",""
"820260603-1100-서울특별시-대한국민당-1-1","제9회 전국동시지방선거","1100","서울특별시","sggname_exact_province","820260603","광역의원비례대표선거","8","","서울특별시","","","대한국민당","5059","","","","1","비례대표 정당 제출자료","1","party-doc:820260603:서울특별시:대한국민당:1","false","","true","20260603/PDF/PBINFO_PUB/1100/003_5059_20260523_1.pdf","filePathName+updtFileName","https://policy.nec.go.kr/plc/common/downloadFile.do?requestedFileName=20260603_%EC%84%9C%EC%9A%B8%ED%8A%B9%EB%B3%84%EC%8B%9C_%EB%8C%80%ED%95%9C%EA%B5%AD%EB%AF%BC%EB%8B%B9_%EB%B9%84%EB%A1%80%EB%8C%80%ED%91%9C%20%EC%A0%95%EB%8B%B9%20%EC%A0%9C%EC%B6%9C%EC%9E%90%EB%A3%8C.pdf&requestedFullPath=20260603/PDF/PBINFO_PUB/1100/003_5059_20260523_1.pdf","pack_stale_currently_available","1||HEIGHT","20260603/PDF/PBINFO_PUB/1100/","003_5059_20260523_1.pdf","선거공보","Y","Y",""
"820260603-5200-강원특별자치도-자유와혁신-1-1","제9회 전국동시지방선거","5200","강원특별자치도","sggname_exact_province","820260603","광역의원비례대표선거","8","","강원특별자치도","","","자유와혁신","5082","","","","1","비례대표 정당 제출자료","1","party-doc:820260603:강원특별자치도:자유와혁신:1","false","","true","20260603/PDF/PBINFO_PUB/5200/003_5082_20260525_2.pdf","filePathName+updtFileName","https://policy.nec.go.kr/plc/common/downloadFile.do?requestedFileName=20260603_%EA%B0%95%EC%9B%90%ED%8A%B9%EB%B3%84%EC%9E%90%EC%B9%98%EB%8F%84_%EC%9E%90%EC%9C%A0%EC%99%80%ED%98%81%EC%8B%A0_%EB%B9%84%EB%A1%80%EB%8C%80%ED%91%9C%20%EC%A0%95%EB%8B%B9%20%EC%A0%9C%EC%B6%9C%EC%9E%90%EB%A3%8C.pdf&requestedFullPath=20260603/PDF/PBINFO_PUB/5200/003_5082_20260525_2.pdf","pack_stale_currently_available","1||HEIGHT","20260603/PDF/PBINFO_PUB/5200/","003_5082_20260525_2.pdf","선거공보","Y","Y",""
"820260603-4400-충청남도-정의당-1-1","제9회 전국동시지방선거","4400","충청남도","sggname_exact_province","820260603","광역의원비례대표선거","8","","충청남도","","","정의당","730","","","","1","비례대표 정당 제출자료","1","party-doc:820260603:충청남도:정의당:1","false","","true","20260603/PDF/PBINFO_PUB/4400/003_730_20260522_1.pdf","filePathName+updtFileName","https://policy.nec.go.kr/plc/common/downloadFile.do?requestedFileName=20260603_%EC%B6%A9%EC%B2%AD%EB%82%A8%EB%8F%84_%EC%A0%95%EC%9D%98%EB%8B%B9_%EB%B9%84%EB%A1%80%EB%8C%80%ED%91%9C%20%EC%A0%95%EB%8B%B9%20%EC%A0%9C%EC%B6%9C%EC%9E%90%EB%A3%8C.pdf&requestedFullPath=20260603/PDF/PBINFO_PUB/4400/003_730_20260522_1.pdf","pack_stale_currently_available","1||HEIGHT","20260603/PDF/PBINFO_PUB/4400/","003_730_20260522_1.pdf","선거공보","Y","Y",""
"820260603-5300-전북특별자치도-정의당-1-1","제9회 전국동시지방선거","5300","전북특별자치도","sggname_exact_province","820260603","광역의원비례대표선거","8","","전북특별자치도","","","정의당","730","","","","1","비례대표 정당 제출자료","1","party-doc:820260603:전북특별자치도:정의당:1","false","","true","20260603/PDF/PBINFO_PUB/5300/003_730_20260518_1.pdf","filePathName+updtFileName","https://policy.nec.go.kr/plc/common/downloadFile.do?requestedFileName=20260603_%EC%A0%84%EB%B6%81%ED%8A%B9%EB%B3%84%EC%9E%90%EC%B9%98%EB%8F%84_%EC%A0%95%EC%9D%98%EB%8B%B9_%EB%B9%84%EB%A1%80%EB%8C%80%ED%91%9C%20%EC%A0%95%EB%8B%B9%20%EC%A0%9C%EC%B6%9C%EC%9E%90%EB%A3%8C.pdf&requestedFullPath=20260603/PDF/PBINFO_PUB/5300/003_730_20260518_1.pdf","pack_stale_currently_available","1||HEIGHT","20260603/PDF/PBINFO_PUB/5300/","003_730_20260518_1.pdf","선거공보","Y","Y",""
"820260603-4800-경상남도-정의당-1-1","제9회 전국동시지방선거","4800","경상남도","sggname_exact_province","820260603","광역의원비례대표선거","8","","경상남도","","","정의당","730","","","","1","비례대표 정당 제출자료","1","party-doc:820260603:경상남도:정의당:1","false","","true","20260603/PDF/PBINFO_PUB/4800/003_730_20260523_1.pdf","filePathName+updtFileName","https://policy.nec.go.kr/plc/common/downloadFile.do?requestedFileName=20260603_%EA%B2%BD%EC%83%81%EB%82%A8%EB%8F%84_%EC%A0%95%EC%9D%98%EB%8B%B9_%EB%B9%84%EB%A1%80%EB%8C%80%ED%91%9C%20%EC%A0%95%EB%8B%B9%20%EC%A0%9C%EC%B6%9C%EC%9E%90%EB%A3%8C.pdf&requestedFullPath=20260603/PDF/PBINFO_PUB/4800/003_730_20260523_1.pdf","pack_stale_currently_available","1||HEIGHT","20260603/PDF/PBINFO_PUB/4800/","003_730_20260523_1.pdf","선거공보","Y","Y",""
"820260603-3000-대전광역시-정의당-1-1","제9회 전국동시지방선거","3000","대전광역시","sggname_exact_province","820260603","광역의원비례대표선거","8","","대전광역시","","","정의당","730","","","","1","비례대표 정당 제출자료","1","party-doc:820260603:대전광역시:정의당:1","false","","true","20260603/PDF/PBINFO_PUB/3000/003_730_20260520_1.pdf","filePathName+updtFileName","https://policy.nec.go.kr/plc/common/downloadFile.do?requestedFileName=20260603_%EB%8C%80%EC%A0%84%EA%B4%91%EC%97%AD%EC%8B%9C_%EC%A0%95%EC%9D%98%EB%8B%B9_%EB%B9%84%EB%A1%80%EB%8C%80%ED%91%9C%20%EC%A0%95%EB%8B%B9%20%EC%A0%9C%EC%B6%9C%EC%9E%90%EB%A3%8C.pdf&requestedFullPath=20260603/PDF/PBINFO_PUB/3000/003_730_20260520_1.pdf","pack_stale_currently_available","1||HEIGHT","20260603/PDF/PBINFO_PUB/3000/","003_730_20260520_1.pdf","선거공보","Y","Y",""
"820260603-2900-전남광주통합특별시-정의당-1-1","제9회 전국동시지방선거","2900","전남광주통합특별시","sggname_exact_province","820260603","광역의원비례대표선거","8","","전남광주통합특별시","","","정의당","730","","","","1","비례대표 정당 제출자료","1","party-doc:820260603:전남광주통합특별시:정의당:1","false","","true","20260603/PDF/PBINFO_PUB/2900/003_730_20260523_1.pdf","filePathName+updtFileName","https://policy.nec.go.kr/plc/common/downloadFile.do?requestedFileName=20260603_%EC%A0%84%EB%82%A8%EA%B4%91%EC%A3%BC%ED%86%B5%ED%95%A9%ED%8A%B9%EB%B3%84%EC%8B%9C_%EC%A0%95%EC%9D%98%EB%8B%B9_%EB%B9%84%EB%A1%80%EB%8C%80%ED%91%9C%20%EC%A0%95%EB%8B%B9%20%EC%A0%9C%EC%B6%9C%EC%9E%90%EB%A3%8C.pdf&requestedFullPath=20260603/PDF/PBINFO_PUB/2900/003_730_20260523_1.pdf","pack_stale_currently_available","1||HEIGHT","20260603/PDF/PBINFO_PUB/2900/","003_730_20260523_1.pdf","선거공보","Y","Y",""
"820260603-5200-강원특별자치도-정의당-1-1","제9회 전국동시지방선거","5200","강원특별자치도","sggname_exact_province","820260603","광역의원비례대표선거","8","","강원특별자치도","","","정의당","730","","","","1","비례대표 정당 제출자료","1","party-doc:820260603:강원특별자치도:정의당:1","false","","true","20260603/PDF/PBINFO_PUB/5200/003_730_20260518_1.pdf","filePathName+updtFileName","https://policy.nec.go.kr/plc/common/downloadFile.do?requestedFileName=20260603_%EA%B0%95%EC%9B%90%ED%8A%B9%EB%B3%84%EC%9E%90%EC%B9%98%EB%8F%84_%EC%A0%95%EC%9D%98%EB%8B%B9_%EB%B9%84%EB%A1%80%EB%8C%80%ED%91%9C%20%EC%A0%95%EB%8B%B9%20%EC%A0%9C%EC%B6%9C%EC%9E%90%EB%A3%8C.pdf&requestedFullPath=20260603/PDF/PBINFO_PUB/5200/003_730_20260518_1.pdf","pack_stale_currently_available","1||HEIGHT","20260603/PDF/PBINFO_PUB/5200/","003_730_20260518_1.pdf","선거공보","Y","Y",""
"820260603-2700-대구광역시-정의당-1-1","제9회 전국동시지방선거","2700","대구광역시","sggname_exact_province","820260603","광역의원비례대표선거","8","","대구광역시","","","정의당","730","","","","1","비례대표 정당 제출자료","1","party-doc:820260603:대구광역시:정의당:1","false","","true","20260603/PDF/PBINFO_PUB/2700/003_730_20260524_2.pdf","filePathName+updtFileName","https://policy.nec.go.kr/plc/common/downloadFile.do?requestedFileName=20260603_%EB%8C%80%EA%B5%AC%EA%B4%91%EC%97%AD%EC%8B%9C_%EC%A0%95%EC%9D%98%EB%8B%B9_%EB%B9%84%EB%A1%80%EB%8C%80%ED%91%9C%20%EC%A0%95%EB%8B%B9%20%EC%A0%9C%EC%B6%9C%EC%9E%90%EB%A3%8C.pdf&requestedFullPath=20260603/PDF/PBINFO_PUB/2700/003_730_20260524_2.pdf","pack_stale_currently_available","1||HEIGHT","20260603/PDF/PBINFO_PUB/2700/","003_730_20260524_2.pdf","선거공보","Y","Y",""
"820260603-4700-경상북도-정의당-1-1","제9회 전국동시지방선거","4700","경상북도","sggname_exact_province","820260603","광역의원비례대표선거","8","","경상북도","","","정의당","730","","","","1","비례대표 정당 제출자료","1","party-doc:820260603:경상북도:정의당:1","false","","true","20260603/PDF/PBINFO_PUB/4700/003_730_20260520_1.pdf","filePathName+updtFileName","https://policy.nec.go.kr/plc/common/downloadFile.do?requestedFileName=20260603_%EA%B2%BD%EC%83%81%EB%B6%81%EB%8F%84_%EC%A0%95%EC%9D%98%EB%8B%B9_%EB%B9%84%EB%A1%80%EB%8C%80%ED%91%9C%20%EC%A0%95%EB%8B%B9%20%EC%A0%9C%EC%B6%9C%EC%9E%90%EB%A3%8C.pdf&requestedFullPath=20260603/PDF/PBINFO_PUB/4700/003_730_20260520_1.pdf","pack_stale_currently_available","1||HEIGHT","20260603/PDF/PBINFO_PUB/4700/","003_730_20260520_1.pdf","선거공보","Y","Y",""
"820260603-4100-경기도-정의당-1-1","제9회 전국동시지방선거","4100","경기도","sggname_exact_province","820260603","광역의원비례대표선거","8","","경기도","","","정의당","730","","","","1","비례대표 정당 제출자료","1","party-doc:820260603:경기도:정의당:1","false","","true","20260603/PDF/PBINFO_PUB/4100/003_730_20260523_1.pdf","filePathName+updtFileName","https://policy.nec.go.kr/plc/common/downloadFile.do?requestedFileName=20260603_%EA%B2%BD%EA%B8%B0%EB%8F%84_%EC%A0%95%EC%9D%98%EB%8B%B9_%EB%B9%84%EB%A1%80%EB%8C%80%ED%91%9C%20%EC%A0%95%EB%8B%B9%20%EC%A0%9C%EC%B6%9C%EC%9E%90%EB%A3%8C.pdf&requestedFullPath=20260603/PDF/PBINFO_PUB/4100/003_730_20260523_1.pdf","pack_stale_currently_available","1||HEIGHT","20260603/PDF/PBINFO_PUB/4100/","003_730_20260523_1.pdf","선거공보","Y","Y",""
"820260603-5100-세종특별자치시-정의당-1-1","제9회 전국동시지방선거","5100","세종특별자치시","sggname_exact_province","820260603","광역의원비례대표선거","8","","세종특별자치시","","","정의당","730","","","","1","비례대표 정당 제출자료","1","party-doc:820260603:세종특별자치시:정의당:1","false","","true","20260603/PDF/PBINFO_PUB/5100/003_730_20260523_1.pdf","filePathName+updtFileName","https://policy.nec.go.kr/plc/common/downloadFile.do?requestedFileName=20260603_%EC%84%B8%EC%A2%85%ED%8A%B9%EB%B3%84%EC%9E%90%EC%B9%98%EC%8B%9C_%EC%A0%95%EC%9D%98%EB%8B%B9_%EB%B9%84%EB%A1%80%EB%8C%80%ED%91%9C%20%EC%A0%95%EB%8B%B9%20%EC%A0%9C%EC%B6%9C%EC%9E%90%EB%A3%8C.pdf&requestedFullPath=20260603/PDF/PBINFO_PUB/5100/003_730_20260523_1.pdf","pack_stale_currently_available","1||HEIGHT","20260603/PDF/PBINFO_PUB/5100/","003_730_20260523_1.pdf","선거공보","Y","Y",""
"820260603-3100-울산광역시-정의당-1-1","제9회 전국동시지방선거","3100","울산광역시","sggname_exact_province","820260603","광역의원비례대표선거","8","","울산광역시","","","정의당","730","","","","1","비례대표 정당 제출자료","1","party-doc:820260603:울산광역시:정의당:1","false","","true","20260603/PDF/PBINFO_PUB/3100/003_730_20260521_1.pdf","filePathName+updtFileName","https://policy.nec.go.kr/plc/common/downloadFile.do?requestedFileName=20260603_%EC%9A%B8%EC%82%B0%EA%B4%91%EC%97%AD%EC%8B%9C_%EC%A0%95%EC%9D%98%EB%8B%B9_%EB%B9%84%EB%A1%80%EB%8C%80%ED%91%9C%20%EC%A0%95%EB%8B%B9%20%EC%A0%9C%EC%B6%9C%EC%9E%90%EB%A3%8C.pdf&requestedFullPath=20260603/PDF/PBINFO_PUB/3100/003_730_20260521_1.pdf","pack_stale_currently_available","1||HEIGHT","20260603/PDF/PBINFO_PUB/3100/","003_730_20260521_1.pdf","선거공보","Y","Y",""
"820260603-2600-부산광역시-정의당-1-1","제9회 전국동시지방선거","2600","부산광역시","sggname_exact_province","820260603","광역의원비례대표선거","8","","부산광역시","","","정의당","730","","","","1","비례대표 정당 제출자료","1","party-doc:820260603:부산광역시:정의당:1","false","","true","20260603/PDF/PBINFO_PUB/2600/003_730_20260521_1.pdf","filePathName+updtFileName","https://policy.nec.go.kr/plc/common/downloadFile.do?requestedFileName=20260603_%EB%B6%80%EC%82%B0%EA%B4%91%EC%97%AD%EC%8B%9C_%EC%A0%95%EC%9D%98%EB%8B%B9_%EB%B9%84%EB%A1%80%EB%8C%80%ED%91%9C%20%EC%A0%95%EB%8B%B9%20%EC%A0%9C%EC%B6%9C%EC%9E%90%EB%A3%8C.pdf&requestedFullPath=20260603/PDF/PBINFO_PUB/2600/003_730_20260521_1.pdf","pack_stale_currently_available","1||HEIGHT","20260603/PDF/PBINFO_PUB/2600/","003_730_20260521_1.pdf","선거공보","Y","Y",""
"820260603-4300-충청북도-정의당-1-1","제9회 전국동시지방선거","4300","충청북도","sggname_exact_province","820260603","광역의원비례대표선거","8","","충청북도","","","정의당","730","","","","1","비례대표 정당 제출자료","1","party-doc:820260603:충청북도:정의당:1","false","","true","20260603/PDF/PBINFO_PUB/4300/003_730_20260516_1.pdf","filePathName+updtFileName","https://policy.nec.go.kr/plc/common/downloadFile.do?requestedFileName=20260603_%EC%B6%A9%EC%B2%AD%EB%B6%81%EB%8F%84_%EC%A0%95%EC%9D%98%EB%8B%B9_%EB%B9%84%EB%A1%80%EB%8C%80%ED%91%9C%20%EC%A0%95%EB%8B%B9%20%EC%A0%9C%EC%B6%9C%EC%9E%90%EB%A3%8C.pdf&requestedFullPath=20260603/PDF/PBINFO_PUB/4300/003_730_20260516_1.pdf","pack_stale_currently_available","1||HEIGHT","20260603/PDF/PBINFO_PUB/4300/","003_730_20260516_1.pdf","선거공보","Y","Y",""
"820260603-2800-인천광역시-정의당-1-1","제9회 전국동시지방선거","2800","인천광역시","sggname_exact_province","820260603","광역의원비례대표선거","8","","인천광역시","","","정의당","730","","","","1","비례대표 정당 제출자료","1","party-doc:820260603:인천광역시:정의당:1","false","","true","20260603/PDF/PBINFO_PUB/2800/003_730_20260518_1.pdf","filePathName+updtFileName","https://policy.nec.go.kr/plc/common/downloadFile.do?requestedFileName=20260603_%EC%9D%B8%EC%B2%9C%EA%B4%91%EC%97%AD%EC%8B%9C_%EC%A0%95%EC%9D%98%EB%8B%B9_%EB%B9%84%EB%A1%80%EB%8C%80%ED%91%9C%20%EC%A0%95%EB%8B%B9%20%EC%A0%9C%EC%B6%9C%EC%9E%90%EB%A3%8C.pdf&requestedFullPath=20260603/PDF/PBINFO_PUB/2800/003_730_20260518_1.pdf","pack_stale_currently_available","1||HEIGHT","20260603/PDF/PBINFO_PUB/2800/","003_730_20260518_1.pdf","선거공보","Y","Y",""
"820260603-1100-서울특별시-정의당-1-1","제9회 전국동시지방선거","1100","서울특별시","sggname_exact_province","820260603","광역의원비례대표선거","8","","서울특별시","","","정의당","730","","","","1","비례대표 정당 제출자료","1","party-doc:820260603:서울특별시:정의당:1","false","","true","20260603/PDF/PBINFO_PUB/1100/003_730_20260523_1.pdf","filePathName+updtFileName","https://policy.nec.go.kr/plc/common/downloadFile.do?requestedFileName=20260603_%EC%84%9C%EC%9A%B8%ED%8A%B9%EB%B3%84%EC%8B%9C_%EC%A0%95%EC%9D%98%EB%8B%B9_%EB%B9%84%EB%A1%80%EB%8C%80%ED%91%9C%20%EC%A0%95%EB%8B%B9%20%EC%A0%9C%EC%B6%9C%EC%9E%90%EB%A3%8C.pdf&requestedFullPath=20260603/PDF/PBINFO_PUB/1100/003_730_20260523_1.pdf","pack_stale_currently_available","1||HEIGHT","20260603/PDF/PBINFO_PUB/1100/","003_730_20260523_1.pdf","선거공보","Y","Y",""
"820260603-1100-서울특별시-친미연합-1-1","제9회 전국동시지방선거","1100","서울특별시","sggname_exact_province","820260603","광역의원비례대표선거","8","","서울특별시","","","친미연합","5041","","","","1","비례대표 정당 제출자료","1","party-doc:820260603:서울특별시:친미연합:1","false","","true","20260603/PDF/PBINFO_PUB/1100/003_5041_20260523_1.pdf","filePathName+updtFileName","https://policy.nec.go.kr/plc/common/downloadFile.do?requestedFileName=20260603_%EC%84%9C%EC%9A%B8%ED%8A%B9%EB%B3%84%EC%8B%9C_%EC%B9%9C%EB%AF%B8%EC%97%B0%ED%95%A9_%EB%B9%84%EB%A1%80%EB%8C%80%ED%91%9C%20%EC%A0%95%EB%8B%B9%20%EC%A0%9C%EC%B6%9C%EC%9E%90%EB%A3%8C.pdf&requestedFullPath=20260603/PDF/PBINFO_PUB/1100/003_5041_20260523_1.pdf","pack_stale_currently_available","1||HEIGHT","20260603/PDF/PBINFO_PUB/1100/","003_5041_20260523_1.pdf","선거공보","Y","Y",""
"820260603-4700-경상북도-친미연합-1-1","제9회 전국동시지방선거","4700","경상북도","sggname_exact_province","820260603","광역의원비례대표선거","8","","경상북도","","","친미연합","5041","","","","1","비례대표 정당 제출자료","1","party-doc:820260603:경상북도:친미연합:1","false","","true","20260603/PDF/PBINFO_PUB/4700/003_5041_20260517_1.pdf","filePathName+updtFileName","https://policy.nec.go.kr/plc/common/downloadFile.do?requestedFileName=20260603_%EA%B2%BD%EC%83%81%EB%B6%81%EB%8F%84_%EC%B9%9C%EB%AF%B8%EC%97%B0%ED%95%A9_%EB%B9%84%EB%A1%80%EB%8C%80%ED%91%9C%20%EC%A0%95%EB%8B%B9%20%EC%A0%9C%EC%B6%9C%EC%9E%90%EB%A3%8C.pdf&requestedFullPath=20260603/PDF/PBINFO_PUB/4700/003_5041_20260517_1.pdf","pack_stale_currently_available","1||HEIGHT","20260603/PDF/PBINFO_PUB/4700/","003_5041_20260517_1.pdf","선거공보","Y","Y",""
"820260603-4100-경기도-친미연합-1-1","제9회 전국동시지방선거","4100","경기도","sggname_exact_province","820260603","광역의원비례대표선거","8","","경기도","","","친미연합","5041","","","","1","비례대표 정당 제출자료","1","party-doc:820260603:경기도:친미연합:1","false","","true","20260603/PDF/PBINFO_PUB/4100/003_5041_20260523_1.pdf","filePathName+updtFileName","https://policy.nec.go.kr/plc/common/downloadFile.do?requestedFileName=20260603_%EA%B2%BD%EA%B8%B0%EB%8F%84_%EC%B9%9C%EB%AF%B8%EC%97%B0%ED%95%A9_%EB%B9%84%EB%A1%80%EB%8C%80%ED%91%9C%20%EC%A0%95%EB%8B%B9%20%EC%A0%9C%EC%B6%9C%EC%9E%90%EB%A3%8C.pdf&requestedFullPath=20260603/PDF/PBINFO_PUB/4100/003_5041_20260523_1.pdf","pack_stale_currently_available","1||HEIGHT","20260603/PDF/PBINFO_PUB/4100/","003_5041_20260523_1.pdf","선거공보","Y","Y",""
"820260603-2800-인천광역시-국민당-1-1","제9회 전국동시지방선거","2800","인천광역시","sggname_exact_province","820260603","광역의원비례대표선거","8","","인천광역시","","","국민당","2050","","","","1","비례대표 정당 제출자료","1","party-doc:820260603:인천광역시:국민당:1","false","","true","20260603/PDF/PBINFO_PUB/2800/003_2050_20260518_1.pdf","filePathName+updtFileName","https://policy.nec.go.kr/plc/common/downloadFile.do?requestedFileName=20260603_%EC%9D%B8%EC%B2%9C%EA%B4%91%EC%97%AD%EC%8B%9C_%EA%B5%AD%EB%AF%BC%EB%8B%B9_%EB%B9%84%EB%A1%80%EB%8C%80%ED%91%9C%20%EC%A0%95%EB%8B%B9%20%EC%A0%9C%EC%B6%9C%EC%9E%90%EB%A3%8C.pdf&requestedFullPath=20260603/PDF/PBINFO_PUB/2800/003_2050_20260518_1.pdf","pack_stale_currently_available","1||HEIGHT","20260603/PDF/PBINFO_PUB/2800/","003_2050_20260518_1.pdf","선거공보","Y","Y",""
"820260603-4100-경기도-국민당-1-1","제9회 전국동시지방선거","4100","경기도","sggname_exact_province","820260603","광역의원비례대표선거","8","","경기도","","","국민당","2050","","","","1","비례대표 정당 제출자료","1","party-doc:820260603:경기도:국민당:1","false","","true","20260603/PDF/PBINFO_PUB/4100/003_2050_20260523_1.pdf","filePathName+updtFileName","https://policy.nec.go.kr/plc/common/downloadFile.do?requestedFileName=20260603_%EA%B2%BD%EA%B8%B0%EB%8F%84_%EA%B5%AD%EB%AF%BC%EB%8B%B9_%EB%B9%84%EB%A1%80%EB%8C%80%ED%91%9C%20%EC%A0%95%EB%8B%B9%20%EC%A0%9C%EC%B6%9C%EC%9E%90%EB%A3%8C.pdf&requestedFullPath=20260603/PDF/PBINFO_PUB/4100/003_2050_20260523_1.pdf","pack_stale_currently_available","1||HEIGHT","20260603/PDF/PBINFO_PUB/4100/","003_2050_20260523_1.pdf","선거공보","Y","Y",""
"820260603-1100-서울특별시-국민당-1-1","제9회 전국동시지방선거","1100","서울특별시","sggname_exact_province","820260603","광역의원비례대표선거","8","","서울특별시","","","국민당","2050","","","","1","비례대표 정당 제출자료","1","party-doc:820260603:서울특별시:국민당:1","false","","true","20260603/PDF/PBINFO_PUB/1100/003_2050_20260523_1.pdf","filePathName+updtFileName","https://policy.nec.go.kr/plc/common/downloadFile.do?requestedFileName=20260603_%EC%84%9C%EC%9A%B8%ED%8A%B9%EB%B3%84%EC%8B%9C_%EA%B5%AD%EB%AF%BC%EB%8B%B9_%EB%B9%84%EB%A1%80%EB%8C%80%ED%91%9C%20%EC%A0%95%EB%8B%B9%20%EC%A0%9C%EC%B6%9C%EC%9E%90%EB%A3%8C.pdf&requestedFullPath=20260603/PDF/PBINFO_PUB/1100/003_2050_20260523_1.pdf","pack_stale_currently_available","1||HEIGHT","20260603/PDF/PBINFO_PUB/1100/","003_2050_20260523_1.pdf","선거공보","Y","Y",""
"820260603-1100-서울특별시-한국독립당-1-1","제9회 전국동시지방선거","1100","서울특별시","sggname_exact_province","820260603","광역의원비례대표선거","8","","서울특별시","","","한국독립당","700","","","","1","비례대표 정당 제출자료","1","party-doc:820260603:서울특별시:한국독립당:1","false","","true","20260603/PDF/PBINFO_PUB/1100/003_700_20260523_1.pdf","filePathName+updtFileName","https://policy.nec.go.kr/plc/common/downloadFile.do?requestedFileName=20260603_%EC%84%9C%EC%9A%B8%ED%8A%B9%EB%B3%84%EC%8B%9C_%ED%95%9C%EA%B5%AD%EB%8F%85%EB%A6%BD%EB%8B%B9_%EB%B9%84%EB%A1%80%EB%8C%80%ED%91%9C%20%EC%A0%95%EB%8B%B9%20%EC%A0%9C%EC%B6%9C%EC%9E%90%EB%A3%8C.pdf&requestedFullPath=20260603/PDF/PBINFO_PUB/1100/003_700_20260523_1.pdf","pack_stale_currently_available","1||HEIGHT","20260603/PDF/PBINFO_PUB/1100/","003_700_20260523_1.pdf","선거공보","Y","Y",""
"820260603-4100-경기도-한국독립당-1-1","제9회 전국동시지방선거","4100","경기도","sggname_exact_province","820260603","광역의원비례대표선거","8","","경기도","","","한국독립당","700","","","","1","비례대표 정당 제출자료","1","party-doc:820260603:경기도:한국독립당:1","false","","true","20260603/PDF/PBINFO_PUB/4100/003_700_20260523_1.pdf","filePathName+updtFileName","https://policy.nec.go.kr/plc/common/downloadFile.do?requestedFileName=20260603_%EA%B2%BD%EA%B8%B0%EB%8F%84_%ED%95%9C%EA%B5%AD%EB%8F%85%EB%A6%BD%EB%8B%B9_%EB%B9%84%EB%A1%80%EB%8C%80%ED%91%9C%20%EC%A0%95%EB%8B%B9%20%EC%A0%9C%EC%B6%9C%EC%9E%90%EB%A3%8C.pdf&requestedFullPath=20260603/PDF/PBINFO_PUB/4100/003_700_20260523_1.pdf","pack_stale_currently_available","1||HEIGHT","20260603/PDF/PBINFO_PUB/4100/","003_700_20260523_1.pdf","선거공보","Y","Y",""
"820260603-4100-경기도-한나라당-1-1","제9회 전국동시지방선거","4100","경기도","sggname_exact_province","820260603","광역의원비례대표선거","8","","경기도","","","한나라당","1990","","","","1","비례대표 정당 제출자료","1","party-doc:820260603:경기도:한나라당:1","false","","true","20260603/PDF/PBINFO_PUB/4100/003_1990_20260523_1.pdf","filePathName+updtFileName","https://policy.nec.go.kr/plc/common/downloadFile.do?requestedFileName=20260603_%EA%B2%BD%EA%B8%B0%EB%8F%84_%ED%95%9C%EB%82%98%EB%9D%BC%EB%8B%B9_%EB%B9%84%EB%A1%80%EB%8C%80%ED%91%9C%20%EC%A0%95%EB%8B%B9%20%EC%A0%9C%EC%B6%9C%EC%9E%90%EB%A3%8C.pdf&requestedFullPath=20260603/PDF/PBINFO_PUB/4100/003_1990_20260523_1.pdf","pack_stale_currently_available","1||HEIGHT","20260603/PDF/PBINFO_PUB/4100/","003_1990_20260523_1.pdf","선거공보","Y","Y",""
"820260603-1100-서울특별시-한나라당-1-1","제9회 전국동시지방선거","1100","서울특별시","sggname_exact_province","820260603","광역의원비례대표선거","8","","서울특별시","","","한나라당","1990","","","","1","비례대표 정당 제출자료","1","party-doc:820260603:서울특별시:한나라당:1","false","","true","20260603/PDF/PBINFO_PUB/1100/003_1990_20260523_1.pdf","filePathName+updtFileName","https://policy.nec.go.kr/plc/common/downloadFile.do?requestedFileName=20260603_%EC%84%9C%EC%9A%B8%ED%8A%B9%EB%B3%84%EC%8B%9C_%ED%95%9C%EB%82%98%EB%9D%BC%EB%8B%B9_%EB%B9%84%EB%A1%80%EB%8C%80%ED%91%9C%20%EC%A0%95%EB%8B%B9%20%EC%A0%9C%EC%B6%9C%EC%9E%90%EB%A3%8C.pdf&requestedFullPath=20260603/PDF/PBINFO_PUB/1100/003_1990_20260523_1.pdf","pack_stale_currently_available","1||HEIGHT","20260603/PDF/PBINFO_PUB/1100/","003_1990_20260523_1.pdf","선거공보","Y","Y",""
"920260603-1100-강동구-더불어민주당-1-1","제9회 전국동시지방선거","1100","서울특별시","nec_region_scope_for_basic_proportional","920260603","기초의원비례대표선거","9","","강동구","","","더불어민주당","100","","","","1","비례대표 정당 제출자료","1","party-doc:920260603:강동구:더불어민주당:1","false","","true","20260603/PDF/PBINFO_PUB/1125/003_100_20260524_1.pdf","filePathName+updtFileName","https://policy.nec.go.kr/plc/common/downloadFile.do?requestedFileName=20260603_%EA%B0%95%EB%8F%99%EA%B5%AC_%EB%8D%94%EB%B6%88%EC%96%B4%EB%AF%BC%EC%A3%BC%EB%8B%B9_%EB%B9%84%EB%A1%80%EB%8C%80%ED%91%9C%20%EC%A0%95%EB%8B%B9%20%EC%A0%9C%EC%B6%9C%EC%9E%90%EB%A3%8C.pdf&requestedFullPath=20260603/PDF/PBINFO_PUB/1125/003_100_20260524_1.pdf","pack_stale_currently_available","1||HEIGHT","20260603/PDF/PBINFO_PUB/1125/","003_100_20260524_1.pdf","선거공보","Y","Y",""
"920260603-1100-관악구-더불어민주당-1-1","제9회 전국동시지방선거","1100","서울특별시","nec_region_scope_for_basic_proportional","920260603","기초의원비례대표선거","9","","관악구","","","더불어민주당","100","","","","1","비례대표 정당 제출자료","1","party-doc:920260603:관악구:더불어민주당:1","false","","true","20260603/PDF/PBINFO_PUB/1121/003_100_20260522_1.pdf","filePathName+updtFileName","https://policy.nec.go.kr/plc/common/downloadFile.do?requestedFileName=20260603_%EA%B4%80%EC%95%85%EA%B5%AC_%EB%8D%94%EB%B6%88%EC%96%B4%EB%AF%BC%EC%A3%BC%EB%8B%B9_%EB%B9%84%EB%A1%80%EB%8C%80%ED%91%9C%20%EC%A0%95%EB%8B%B9%20%EC%A0%9C%EC%B6%9C%EC%9E%90%EB%A3%8C.pdf&requestedFullPath=20260603/PDF/PBINFO_PUB/1121/003_100_20260522_1.pdf","pack_stale_currently_available","1||HEIGHT","20260603/PDF/PBINFO_PUB/1121/","003_100_20260522_1.pdf","선거공보","Y","Y",""
"920260603-1100-종로구-더불어민주당-1-1","제9회 전국동시지방선거","1100","서울특별시","nec_region_scope_for_basic_proportional","920260603","기초의원비례대표선거","9","","종로구","","","더불어민주당","100","","","","1","비례대표 정당 제출자료","1","party-doc:920260603:종로구:더불어민주당:1","false","","true","20260603/PDF/PBINFO_PUB/1101/003_100_20260523_1.pdf","filePathName+updtFileName","https://policy.nec.go.kr/plc/common/downloadFile.do?requestedFileName=20260603_%EC%A2%85%EB%A1%9C%EA%B5%AC_%EB%8D%94%EB%B6%88%EC%96%B4%EB%AF%BC%EC%A3%BC%EB%8B%B9_%EB%B9%84%EB%A1%80%EB%8C%80%ED%91%9C%20%EC%A0%95%EB%8B%B9%20%EC%A0%9C%EC%B6%9C%EC%9E%90%EB%A3%8C.pdf&requestedFullPath=20260603/PDF/PBINFO_PUB/1101/003_100_20260523_1.pdf","pack_stale_currently_available","1||HEIGHT","20260603/PDF/PBINFO_PUB/1101/","003_100_20260523_1.pdf","선거공보","Y","Y",""
"920260603-1100-영등포구-더불어민주당-1-1","제9회 전국동시지방선거","1100","서울특별시","nec_region_scope_for_basic_proportional","920260603","기초의원비례대표선거","9","","영등포구","","","더불어민주당","100","","","","1","비례대표 정당 제출자료","1","party-doc:920260603:영등포구:더불어민주당:1","false","","true","20260603/PDF/PBINFO_PUB/1119/003_100_20260521_1.pdf","filePathName+updtFileName","https://policy.nec.go.kr/plc/common/downloadFile.do?requestedFileName=20260603_%EC%98%81%EB%93%B1%ED%8F%AC%EA%B5%AC_%EB%8D%94%EB%B6%88%EC%96%B4%EB%AF%BC%EC%A3%BC%EB%8B%B9_%EB%B9%84%EB%A1%80%EB%8C%80%ED%91%9C%20%EC%A0%95%EB%8B%B9%20%EC%A0%9C%EC%B6%9C%EC%9E%90%EB%A3%8C.pdf&requestedFullPath=20260603/PDF/PBINFO_PUB/1119/003_100_20260521_1.pdf","pack_stale_currently_available","1||HEIGHT","20260603/PDF/PBINFO_PUB/1119/","003_100_20260521_1.pdf","선거공보","Y","Y",""
"920260603-1100-은평구-더불어민주당-1-1","제9회 전국동시지방선거","1100","서울특별시","nec_region_scope_for_basic_proportional","920260603","기초의원비례대표선거","9","","은평구","","","더불어민주당","100","","","","1","비례대표 정당 제출자료","1","party-doc:920260603:은평구:더불어민주당:1","false","","true","20260603/PDF/PBINFO_PUB/1112/003_100_20260521_1.pdf","filePathName+updtFileName","https://policy.nec.go.kr/plc/common/downloadFile.do?requestedFileName=20260603_%EC%9D%80%ED%8F%89%EA%B5%AC_%EB%8D%94%EB%B6%88%EC%96%B4%EB%AF%BC%EC%A3%BC%EB%8B%B9_%EB%B9%84%EB%A1%80%EB%8C%80%ED%91%9C%20%EC%A0%95%EB%8B%B9%20%EC%A0%9C%EC%B6%9C%EC%9E%90%EB%A3%8C.pdf&requestedFullPath=20260603/PDF/PBINFO_PUB/1112/003_100_20260521_1.pdf","pack_stale_currently_available","1||HEIGHT","20260603/PDF/PBINFO_PUB/1112/","003_100_20260521_1.pdf","선거공보","Y","Y",""
"920260603-1100-강남구-더불어민주당-1-1","제9회 전국동시지방선거","1100","서울특별시","nec_region_scope_for_basic_proportional","920260603","기초의원비례대표선거","9","","강남구","","","더불어민주당","100","","","","1","비례대표 정당 제출자료","1","party-doc:920260603:강남구:더불어민주당:1","false","","true","20260603/PDF/PBINFO_PUB/1123/003_100_20260524_1.pdf","filePathName+updtFileName","https://policy.nec.go.kr/plc/common/downloadFile.do?requestedFileName=20260603_%EA%B0%95%EB%82%A8%EA%B5%AC_%EB%8D%94%EB%B6%88%EC%96%B4%EB%AF%BC%EC%A3%BC%EB%8B%B9_%EB%B9%84%EB%A1%80%EB%8C%80%ED%91%9C%20%EC%A0%95%EB%8B%B9%20%EC%A0%9C%EC%B6%9C%EC%9E%90%EB%A3%8C.pdf&requestedFullPath=20260603/PDF/PBINFO_PUB/1123/003_100_20260524_1.pdf","pack_stale_currently_available","1||HEIGHT","20260603/PDF/PBINFO_PUB/1123/","003_100_20260524_1.pdf","선거공보","Y","Y",""
"920260603-1100-용산구-더불어민주당-1-1","제9회 전국동시지방선거","1100","서울특별시","nec_region_scope_for_basic_proportional","920260603","기초의원비례대표선거","9","","용산구","","","더불어민주당","100","","","","1","비례대표 정당 제출자료","1","party-doc:920260603:용산구:더불어민주당:1","false","","true","20260603/PDF/PBINFO_PUB/1103/003_100_20260523_1.pdf","filePathName+updtFileName","https://policy.nec.go.kr/plc/common/downloadFile.do?requestedFileName=20260603_%EC%9A%A9%EC%82%B0%EA%B5%AC_%EB%8D%94%EB%B6%88%EC%96%B4%EB%AF%BC%EC%A3%BC%EB%8B%B9_%EB%B9%84%EB%A1%80%EB%8C%80%ED%91%9C%20%EC%A0%95%EB%8B%B9%20%EC%A0%9C%EC%B6%9C%EC%9E%90%EB%A3%8C.pdf&requestedFullPath=20260603/PDF/PBINFO_PUB/1103/003_100_20260523_1.pdf","pack_stale_currently_available","1||HEIGHT","20260603/PDF/PBINFO_PUB/1103/","003_100_20260523_1.pdf","선거공보","Y","Y",""
"920260603-1100-광진구-더불어민주당-1-1","제9회 전국동시지방선거","1100","서울특별시","nec_region_scope_for_basic_proportional","920260603","기초의원비례대표선거","9","","광진구","","","더불어민주당","100","","","","1","비례대표 정당 제출자료","1","party-doc:920260603:광진구:더불어민주당:1","false","","true","20260603/PDF/PBINFO_PUB/1105/003_100_20260523_1.pdf","filePathName+updtFileName","https://policy.nec.go.kr/plc/common/downloadFile.do?requestedFileName=20260603_%EA%B4%91%EC%A7%84%EA%B5%AC_%EB%8D%94%EB%B6%88%EC%96%B4%EB%AF%BC%EC%A3%BC%EB%8B%B9_%EB%B9%84%EB%A1%80%EB%8C%80%ED%91%9C%20%EC%A0%95%EB%8B%B9%20%EC%A0%9C%EC%B6%9C%EC%9E%90%EB%A3%8C.pdf&requestedFullPath=20260603/PDF/PBINFO_PUB/1105/003_100_20260523_1.pdf","pack_stale_currently_available","1||HEIGHT","20260603/PDF/PBINFO_PUB/1105/","003_100_20260523_1.pdf","선거공보","Y","Y",""
"920260603-1100-동대문구-더불어민주당-1-1","제9회 전국동시지방선거","1100","서울특별시","nec_region_scope_for_basic_proportional","920260603","기초의원비례대표선거","9","","동대문구","","","더불어민주당","100","","","","1","비례대표 정당 제출자료","1","party-doc:920260603:동대문구:더불어민주당:1","false","","true","20260603/PDF/PBINFO_PUB/1106/003_100_20260523_2.pdf","filePathName+updtFileName","https://policy.nec.go.kr/plc/common/downloadFile.do?requestedFileName=20260603_%EB%8F%99%EB%8C%80%EB%AC%B8%EA%B5%AC_%EB%8D%94%EB%B6%88%EC%96%B4%EB%AF%BC%EC%A3%BC%EB%8B%B9_%EB%B9%84%EB%A1%80%EB%8C%80%ED%91%9C%20%EC%A0%95%EB%8B%B9%20%EC%A0%9C%EC%B6%9C%EC%9E%90%EB%A3%8C.pdf&requestedFullPath=20260603/PDF/PBINFO_PUB/1106/003_100_20260523_2.pdf","pack_stale_currently_available","1||HEIGHT","20260603/PDF/PBINFO_PUB/1106/","003_100_20260523_2.pdf","선거공보","Y","Y",""
"920260603-1100-중랑구-더불어민주당-1-1","제9회 전국동시지방선거","1100","서울특별시","nec_region_scope_for_basic_proportional","920260603","기초의원비례대표선거","9","","중랑구","","","더불어민주당","100","","","","1","비례대표 정당 제출자료","1","party-doc:920260603:중랑구:더불어민주당:1","false","","true","20260603/PDF/PBINFO_PUB/1107/003_100_20260516_1.pdf","filePathName+updtFileName","https://policy.nec.go.kr/plc/common/downloadFile.do?requestedFileName=20260603_%EC%A4%91%EB%9E%91%EA%B5%AC_%EB%8D%94%EB%B6%88%EC%96%B4%EB%AF%BC%EC%A3%BC%EB%8B%B9_%EB%B9%84%EB%A1%80%EB%8C%80%ED%91%9C%20%EC%A0%95%EB%8B%B9%20%EC%A0%9C%EC%B6%9C%EC%9E%90%EB%A3%8C.pdf&requestedFullPath=20260603/PDF/PBINFO_PUB/1107/003_100_20260516_1.pdf","pack_stale_currently_available","1||HEIGHT","20260603/PDF/PBINFO_PUB/1107/","003_100_20260516_1.pdf","선거공보","Y","Y",""
"920260603-1100-서초구-더불어민주당-1-1","제9회 전국동시지방선거","1100","서울특별시","nec_region_scope_for_basic_proportional","920260603","기초의원비례대표선거","9","","서초구","","","더불어민주당","100","","","","1","비례대표 정당 제출자료","1","party-doc:920260603:서초구:더불어민주당:1","false","","true","20260603/PDF/PBINFO_PUB/1122/003_100_20260523_1.pdf","filePathName+updtFileName","https://policy.nec.go.kr/plc/common/downloadFile.do?requestedFileName=20260603_%EC%84%9C%EC%B4%88%EA%B5%AC_%EB%8D%94%EB%B6%88%EC%96%B4%EB%AF%BC%EC%A3%BC%EB%8B%B9_%EB%B9%84%EB%A1%80%EB%8C%80%ED%91%9C%20%EC%A0%95%EB%8B%B9%20%EC%A0%9C%EC%B6%9C%EC%9E%90%EB%A3%8C.pdf&requestedFullPath=20260603/PDF/PBINFO_PUB/1122/003_100_20260523_1.pdf","pack_stale_currently_available","1||HEIGHT","20260603/PDF/PBINFO_PUB/1122/","003_100_20260523_1.pdf","선거공보","Y","Y",""
"920260603-1100-중구-더불어민주당-1-1","제9회 전국동시지방선거","1100","서울특별시","nec_region_scope_for_basic_proportional","920260603","기초의원비례대표선거","9","","중구","","","더불어민주당","100","","","","1","비례대표 정당 제출자료","1","party-doc:920260603:중구:더불어민주당:1","false","","true","20260603/PDF/PBINFO_PUB/1102/003_100_20260516_1.pdf","filePathName+updtFileName","https://policy.nec.go.kr/plc/common/downloadFile.do?requestedFileName=20260603_%EC%A4%91%EA%B5%AC_%EB%8D%94%EB%B6%88%EC%96%B4%EB%AF%BC%EC%A3%BC%EB%8B%B9_%EB%B9%84%EB%A1%80%EB%8C%80%ED%91%9C%20%EC%A0%95%EB%8B%B9%20%EC%A0%9C%EC%B6%9C%EC%9E%90%EB%A3%8C.pdf&requestedFullPath=20260603/PDF/PBINFO_PUB/1102/003_100_20260516_1.pdf","pack_stale_currently_available","1||HEIGHT","20260603/PDF/PBINFO_PUB/1102/","003_100_20260516_1.pdf","선거공보","Y","Y",""
"920260603-1100-강북구-더불어민주당-1-1","제9회 전국동시지방선거","1100","서울특별시","nec_region_scope_for_basic_proportional","920260603","기초의원비례대표선거","9","","강북구","","","더불어민주당","100","","","","1","비례대표 정당 제출자료","1","party-doc:920260603:강북구:더불어민주당:1","false","","true","20260603/PDF/PBINFO_PUB/1109/003_100_20260523_1.pdf","filePathName+updtFileName","https://policy.nec.go.kr/plc/common/downloadFile.do?requestedFileName=20260603_%EA%B0%95%EB%B6%81%EA%B5%AC_%EB%8D%94%EB%B6%88%EC%96%B4%EB%AF%BC%EC%A3%BC%EB%8B%B9_%EB%B9%84%EB%A1%80%EB%8C%80%ED%91%9C%20%EC%A0%95%EB%8B%B9%20%EC%A0%9C%EC%B6%9C%EC%9E%90%EB%A3%8C.pdf&requestedFullPath=20260603/PDF/PBINFO_PUB/1109/003_100_20260523_1.pdf","pack_stale_currently_available","1||HEIGHT","20260603/PDF/PBINFO_PUB/1109/","003_100_20260523_1.pdf","선거공보","Y","Y",""
"920260603-1100-양천구-더불어민주당-1-1","제9회 전국동시지방선거","1100","서울특별시","nec_region_scope_for_basic_proportional","920260603","기초의원비례대표선거","9","","양천구","","","더불어민주당","100","","","","1","비례대표 정당 제출자료","1","party-doc:920260603:양천구:더불어민주당:1","false","","true","20260603/PDF/PBINFO_PUB/1115/003_100_20260523_1.pdf","filePathName+updtFileName","https://policy.nec.go.kr/plc/common/downloadFile.do?requestedFileName=20260603_%EC%96%91%EC%B2%9C%EA%B5%AC_%EB%8D%94%EB%B6%88%EC%96%B4%EB%AF%BC%EC%A3%BC%EB%8B%B9_%EB%B9%84%EB%A1%80%EB%8C%80%ED%91%9C%20%EC%A0%95%EB%8B%B9%20%EC%A0%9C%EC%B6%9C%EC%9E%90%EB%A3%8C.pdf&requestedFullPath=20260603/PDF/PBINFO_PUB/1115/003_100_20260523_1.pdf","pack_stale_currently_available","1||HEIGHT","20260603/PDF/PBINFO_PUB/1115/","003_100_20260523_1.pdf","선거공보","Y","Y",""
"920260603-1100-성동구-더불어민주당-1-1","제9회 전국동시지방선거","1100","서울특별시","nec_region_scope_for_basic_proportional","920260603","기초의원비례대표선거","9","","성동구","","","더불어민주당","100","","","","1","비례대표 정당 제출자료","1","party-doc:920260603:성동구:더불어민주당:1","false","","true","20260603/PDF/PBINFO_PUB/1104/003_100_20260524_1.pdf","filePathName+updtFileName","https://policy.nec.go.kr/plc/common/downloadFile.do?requestedFileName=20260603_%EC%84%B1%EB%8F%99%EA%B5%AC_%EB%8D%94%EB%B6%88%EC%96%B4%EB%AF%BC%EC%A3%BC%EB%8B%B9_%EB%B9%84%EB%A1%80%EB%8C%80%ED%91%9C%20%EC%A0%95%EB%8B%B9%20%EC%A0%9C%EC%B6%9C%EC%9E%90%EB%A3%8C.pdf&requestedFullPath=20260603/PDF/PBINFO_PUB/1104/003_100_20260524_1.pdf","pack_stale_currently_available","1||HEIGHT","20260603/PDF/PBINFO_PUB/1104/","003_100_20260524_1.pdf","선거공보","Y","Y",""
"920260603-1100-마포구-더불어민주당-1-1","제9회 전국동시지방선거","1100","서울특별시","nec_region_scope_for_basic_proportional","920260603","기초의원비례대표선거","9","","마포구","","","더불어민주당","100","","","","1","비례대표 정당 제출자료","1","party-doc:920260603:마포구:더불어민주당:1","false","","true","20260603/PDF/PBINFO_PUB/1114/003_100_20260516_2.pdf","filePathName+updtFileName","https://policy.nec.go.kr/plc/common/downloadFile.do?requestedFileName=20260603_%EB%A7%88%ED%8F%AC%EA%B5%AC_%EB%8D%94%EB%B6%88%EC%96%B4%EB%AF%BC%EC%A3%BC%EB%8B%B9_%EB%B9%84%EB%A1%80%EB%8C%80%ED%91%9C%20%EC%A0%95%EB%8B%B9%20%EC%A0%9C%EC%B6%9C%EC%9E%90%EB%A3%8C.pdf&requestedFullPath=20260603/PDF/PBINFO_PUB/1114/003_100_20260516_2.pdf","pack_stale_currently_available","1||HEIGHT","20260603/PDF/PBINFO_PUB/1114/","003_100_20260516_2.pdf","선거공보","Y","Y",""
"920260603-1100-송파구-더불어민주당-1-1","제9회 전국동시지방선거","1100","서울특별시","nec_region_scope_for_basic_proportional","920260603","기초의원비례대표선거","9","","송파구","","","더불어민주당","100","","","","1","비례대표 정당 제출자료","1","party-doc:920260603:송파구:더불어민주당:1","false","","true","20260603/PDF/PBINFO_PUB/1124/003_100_20260525_2.pdf","filePathName+updtFileName","https://policy.nec.go.kr/plc/common/downloadFile.do?requestedFileName=20260603_%EC%86%A1%ED%8C%8C%EA%B5%AC_%EB%8D%94%EB%B6%88%EC%96%B4%EB%AF%BC%EC%A3%BC%EB%8B%B9_%EB%B9%84%EB%A1%80%EB%8C%80%ED%91%9C%20%EC%A0%95%EB%8B%B9%20%EC%A0%9C%EC%B6%9C%EC%9E%90%EB%A3%8C.pdf&requestedFullPath=20260603/PDF/PBINFO_PUB/1124/003_100_20260525_2.pdf","pack_stale_currently_available","1||HEIGHT","20260603/PDF/PBINFO_PUB/1124/","003_100_20260525_2.pdf","선거공보","Y","Y",""
"920260603-1100-강서구-더불어민주당-1-1","제9회 전국동시지방선거","1100","서울특별시","nec_region_scope_for_basic_proportional","920260603","기초의원비례대표선거","9","","강서구","","","더불어민주당","100","","","","1","비례대표 정당 제출자료","1","party-doc:920260603:강서구:더불어민주당:1","false","","true","20260603/PDF/PBINFO_PUB/1116/003_100_20260518_1.pdf","filePathName+updtFileName","https://policy.nec.go.kr/plc/common/downloadFile.do?requestedFileName=20260603_%EA%B0%95%EC%84%9C%EA%B5%AC_%EB%8D%94%EB%B6%88%EC%96%B4%EB%AF%BC%EC%A3%BC%EB%8B%B9_%EB%B9%84%EB%A1%80%EB%8C%80%ED%91%9C%20%EC%A0%95%EB%8B%B9%20%EC%A0%9C%EC%B6%9C%EC%9E%90%EB%A3%8C.pdf&requestedFullPath=20260603/PDF/PBINFO_PUB/1116/003_100_20260518_1.pdf","pack_stale_currently_available","1||HEIGHT","20260603/PDF/PBINFO_PUB/1116/","003_100_20260518_1.pdf","선거공보","Y","Y",""
"920260603-1100-금천구-더불어민주당-1-1","제9회 전국동시지방선거","1100","서울특별시","nec_region_scope_for_basic_proportional","920260603","기초의원비례대표선거","9","","금천구","","","더불어민주당","100","","","","1","비례대표 정당 제출자료","1","party-doc:920260603:금천구:더불어민주당:1","false","","true","20260603/PDF/PBINFO_PUB/1118/003_100_20260518_1.pdf","filePathName+updtFileName","https://policy.nec.go.kr/plc/common/downloadFile.do?requestedFileName=20260603_%EA%B8%88%EC%B2%9C%EA%B5%AC_%EB%8D%94%EB%B6%88%EC%96%B4%EB%AF%BC%EC%A3%BC%EB%8B%B9_%EB%B9%84%EB%A1%80%EB%8C%80%ED%91%9C%20%EC%A0%95%EB%8B%B9%20%EC%A0%9C%EC%B6%9C%EC%9E%90%EB%A3%8C.pdf&requestedFullPath=20260603/PDF/PBINFO_PUB/1118/003_100_20260518_1.pdf","pack_stale_currently_available","1||HEIGHT","20260603/PDF/PBINFO_PUB/1118/","003_100_20260518_1.pdf","선거공보","Y","Y",""
"920260603-1100-금천구-국민의힘-1-1","제9회 전국동시지방선거","1100","서울특별시","nec_region_scope_for_basic_proportional","920260603","기초의원비례대표선거","9","","금천구","","","국민의힘","200","","","","1","비례대표 정당 제출자료","1","party-doc:920260603:금천구:국민의힘:1","false","","true","20260603/PDF/PBINFO_PUB/1118/003_200_20260523_1.pdf","filePathName+updtFileName","https://policy.nec.go.kr/plc/common/downloadFile.do?requestedFileName=20260603_%EA%B8%88%EC%B2%9C%EA%B5%AC_%EA%B5%AD%EB%AF%BC%EC%9D%98%ED%9E%98_%EB%B9%84%EB%A1%80%EB%8C%80%ED%91%9C%20%EC%A0%95%EB%8B%B9%20%EC%A0%9C%EC%B6%9C%EC%9E%90%EB%A3%8C.pdf&requestedFullPath=20260603/PDF/PBINFO_PUB/1118/003_200_20260523_1.pdf","pack_stale_currently_available","1||HEIGHT","20260603/PDF/PBINFO_PUB/1118/","003_200_20260523_1.pdf","선거공보","Y","Y",""
"920260603-1100-중구-국민의힘-1-1","제9회 전국동시지방선거","1100","서울특별시","nec_region_scope_for_basic_proportional","920260603","기초의원비례대표선거","9","","중구","","","국민의힘","200","","","","1","비례대표 정당 제출자료","1","party-doc:920260603:중구:국민의힘:1","false","","true","20260603/PDF/PBINFO_PUB/1102/003_200_20260516_1.pdf","filePathName+updtFileName","https://policy.nec.go.kr/plc/common/downloadFile.do?requestedFileName=20260603_%EC%A4%91%EA%B5%AC_%EA%B5%AD%EB%AF%BC%EC%9D%98%ED%9E%98_%EB%B9%84%EB%A1%80%EB%8C%80%ED%91%9C%20%EC%A0%95%EB%8B%B9%20%EC%A0%9C%EC%B6%9C%EC%9E%90%EB%A3%8C.pdf&requestedFullPath=20260603/PDF/PBINFO_PUB/1102/003_200_20260516_1.pdf","pack_stale_currently_available","1||HEIGHT","20260603/PDF/PBINFO_PUB/1102/","003_200_20260516_1.pdf","선거공보","Y","Y",""
"920260603-1100-영등포구-국민의힘-1-1","제9회 전국동시지방선거","1100","서울특별시","nec_region_scope_for_basic_proportional","920260603","기초의원비례대표선거","9","","영등포구","","","국민의힘","200","","","","1","비례대표 정당 제출자료","1","party-doc:920260603:영등포구:국민의힘:1","false","","true","20260603/PDF/PBINFO_PUB/1119/003_200_20260521_1.pdf","filePathName+updtFileName","https://policy.nec.go.kr/plc/common/downloadFile.do?requestedFileName=20260603_%EC%98%81%EB%93%B1%ED%8F%AC%EA%B5%AC_%EA%B5%AD%EB%AF%BC%EC%9D%98%ED%9E%98_%EB%B9%84%EB%A1%80%EB%8C%80%ED%91%9C%20%EC%A0%95%EB%8B%B9%20%EC%A0%9C%EC%B6%9C%EC%9E%90%EB%A3%8C.pdf&requestedFullPath=20260603/PDF/PBINFO_PUB/1119/003_200_20260521_1.pdf","pack_stale_currently_available","1||HEIGHT","20260603/PDF/PBINFO_PUB/1119/","003_200_20260521_1.pdf","선거공보","Y","Y",""
"920260603-1100-동작구-국민의힘-1-1","제9회 전국동시지방선거","1100","서울특별시","nec_region_scope_for_basic_proportional","920260603","기초의원비례대표선거","9","","동작구","","","국민의힘","200","","","","1","비례대표 정당 제출자료","1","party-doc:920260603:동작구:국민의힘:1","false","","true","20260603/PDF/PBINFO_PUB/1120/003_0_20260523_1.pdf","filePathName+updtFileName","https://policy.nec.go.kr/plc/common/downloadFile.do?requestedFileName=20260603_%EB%8F%99%EC%9E%91%EA%B5%AC_%EA%B5%AD%EB%AF%BC%EC%9D%98%ED%9E%98_%EB%B9%84%EB%A1%80%EB%8C%80%ED%91%9C%20%EC%A0%95%EB%8B%B9%20%EC%A0%9C%EC%B6%9C%EC%9E%90%EB%A3%8C.pdf&requestedFullPath=20260603/PDF/PBINFO_PUB/1120/003_0_20260523_1.pdf","pack_stale_currently_available","1||HEIGHT","20260603/PDF/PBINFO_PUB/1120/","003_0_20260523_1.pdf","선거공보","Y","Y",""
"920260603-1100-송파구-국민의힘-1-1","제9회 전국동시지방선거","1100","서울특별시","nec_region_scope_for_basic_proportional","920260603","기초의원비례대표선거","9","","송파구","","","국민의힘","200","","","","1","비례대표 정당 제출자료","1","party-doc:920260603:송파구:국민의힘:1","false","","true","20260603/PDF/PBINFO_PUB/1124/003_200_20260521_1.pdf","filePathName+updtFileName","https://policy.nec.go.kr/plc/common/downloadFile.do?requestedFileName=20260603_%EC%86%A1%ED%8C%8C%EA%B5%AC_%EA%B5%AD%EB%AF%BC%EC%9D%98%ED%9E%98_%EB%B9%84%EB%A1%80%EB%8C%80%ED%91%9C%20%EC%A0%95%EB%8B%B9%20%EC%A0%9C%EC%B6%9C%EC%9E%90%EB%A3%8C.pdf&requestedFullPath=20260603/PDF/PBINFO_PUB/1124/003_200_20260521_1.pdf","pack_stale_currently_available","1||HEIGHT","20260603/PDF/PBINFO_PUB/1124/","003_200_20260521_1.pdf","선거공보","Y","Y",""
"920260603-1100-서초구-국민의힘-1-1","제9회 전국동시지방선거","1100","서울특별시","nec_region_scope_for_basic_proportional","920260603","기초의원비례대표선거","9","","서초구","","","국민의힘","200","","","","1","비례대표 정당 제출자료","1","party-doc:920260603:서초구:국민의힘:1","false","","true","20260603/PDF/PBINFO_PUB/1122/003_200_20260523_1.pdf","filePathName+updtFileName","https://policy.nec.go.kr/plc/common/downloadFile.do?requestedFileName=20260603_%EC%84%9C%EC%B4%88%EA%B5%AC_%EA%B5%AD%EB%AF%BC%EC%9D%98%ED%9E%98_%EB%B9%84%EB%A1%80%EB%8C%80%ED%91%9C%20%EC%A0%95%EB%8B%B9%20%EC%A0%9C%EC%B6%9C%EC%9E%90%EB%A3%8C.pdf&requestedFullPath=20260603/PDF/PBINFO_PUB/1122/003_200_20260523_1.pdf","pack_stale_currently_available","1||HEIGHT","20260603/PDF/PBINFO_PUB/1122/","003_200_20260523_1.pdf","선거공보","Y","Y",""
"920260603-1100-중랑구-국민의힘-1-1","제9회 전국동시지방선거","1100","서울특별시","nec_region_scope_for_basic_proportional","920260603","기초의원비례대표선거","9","","중랑구","","","국민의힘","200","","","","1","비례대표 정당 제출자료","1","party-doc:920260603:중랑구:국민의힘:1","false","","true","20260603/PDF/PBINFO_PUB/1107/003_200_20260523_1.pdf","filePathName+updtFileName","https://policy.nec.go.kr/plc/common/downloadFile.do?requestedFileName=20260603_%EC%A4%91%EB%9E%91%EA%B5%AC_%EA%B5%AD%EB%AF%BC%EC%9D%98%ED%9E%98_%EB%B9%84%EB%A1%80%EB%8C%80%ED%91%9C%20%EC%A0%95%EB%8B%B9%20%EC%A0%9C%EC%B6%9C%EC%9E%90%EB%A3%8C.pdf&requestedFullPath=20260603/PDF/PBINFO_PUB/1107/003_200_20260523_1.pdf","pack_stale_currently_available","1||HEIGHT","20260603/PDF/PBINFO_PUB/1107/","003_200_20260523_1.pdf","선거공보","Y","Y",""
"920260603-1100-양천구-국민의힘-1-1","제9회 전국동시지방선거","1100","서울특별시","nec_region_scope_for_basic_proportional","920260603","기초의원비례대표선거","9","","양천구","","","국민의힘","200","","","","1","비례대표 정당 제출자료","1","party-doc:920260603:양천구:국민의힘:1","false","","true","20260603/PDF/PBINFO_PUB/1115/003_200_20260523_1.pdf","filePathName+updtFileName","https://policy.nec.go.kr/plc/common/downloadFile.do?requestedFileName=20260603_%EC%96%91%EC%B2%9C%EA%B5%AC_%EA%B5%AD%EB%AF%BC%EC%9D%98%ED%9E%98_%EB%B9%84%EB%A1%80%EB%8C%80%ED%91%9C%20%EC%A0%95%EB%8B%B9%20%EC%A0%9C%EC%B6%9C%EC%9E%90%EB%A3%8C.pdf&requestedFullPath=20260603/PDF/PBINFO_PUB/1115/003_200_20260523_1.pdf","pack_stale_currently_available","1||HEIGHT","20260603/PDF/PBINFO_PUB/1115/","003_200_20260523_1.pdf","선거공보","Y","Y",""
"920260603-1100-강북구-국민의힘-1-1","제9회 전국동시지방선거","1100","서울특별시","nec_region_scope_for_basic_proportional","920260603","기초의원비례대표선거","9","","강북구","","","국민의힘","200","","","","1","비례대표 정당 제출자료","1","party-doc:920260603:강북구:국민의힘:1","false","","true","20260603/PDF/PBINFO_PUB/1109/003_200_20260523_1.pdf","filePathName+updtFileName","https://policy.nec.go.kr/plc/common/downloadFile.do?requestedFileName=20260603_%EA%B0%95%EB%B6%81%EA%B5%AC_%EA%B5%AD%EB%AF%BC%EC%9D%98%ED%9E%98_%EB%B9%84%EB%A1%80%EB%8C%80%ED%91%9C%20%EC%A0%95%EB%8B%B9%20%EC%A0%9C%EC%B6%9C%EC%9E%90%EB%A3%8C.pdf&requestedFullPath=20260603/PDF/PBINFO_PUB/1109/003_200_20260523_1.pdf","pack_stale_currently_available","1||HEIGHT","20260603/PDF/PBINFO_PUB/1109/","003_200_20260523_1.pdf","선거공보","Y","Y",""
"920260603-1100-관악구-국민의힘-1-1","제9회 전국동시지방선거","1100","서울특별시","nec_region_scope_for_basic_proportional","920260603","기초의원비례대표선거","9","","관악구","","","국민의힘","200","","","","1","비례대표 정당 제출자료","1","party-doc:920260603:관악구:국민의힘:1","false","","true","20260603/PDF/PBINFO_PUB/1121/003_200_20260522_2.pdf","filePathName+updtFileName","https://policy.nec.go.kr/plc/common/downloadFile.do?requestedFileName=20260603_%EA%B4%80%EC%95%85%EA%B5%AC_%EA%B5%AD%EB%AF%BC%EC%9D%98%ED%9E%98_%EB%B9%84%EB%A1%80%EB%8C%80%ED%91%9C%20%EC%A0%95%EB%8B%B9%20%EC%A0%9C%EC%B6%9C%EC%9E%90%EB%A3%8C.pdf&requestedFullPath=20260603/PDF/PBINFO_PUB/1121/003_200_20260522_2.pdf","pack_stale_currently_available","1||HEIGHT","20260603/PDF/PBINFO_PUB/1121/","003_200_20260522_2.pdf","선거공보","Y","Y",""
"920260603-1100-용산구-국민의힘-1-1","제9회 전국동시지방선거","1100","서울특별시","nec_region_scope_for_basic_proportional","920260603","기초의원비례대표선거","9","","용산구","","","국민의힘","200","","","","1","비례대표 정당 제출자료","1","party-doc:920260603:용산구:국민의힘:1","false","","true","20260603/PDF/PBINFO_PUB/1103/003_200_20260523_1.pdf","filePathName+updtFileName","https://policy.nec.go.kr/plc/common/downloadFile.do?requestedFileName=20260603_%EC%9A%A9%EC%82%B0%EA%B5%AC_%EA%B5%AD%EB%AF%BC%EC%9D%98%ED%9E%98_%EB%B9%84%EB%A1%80%EB%8C%80%ED%91%9C%20%EC%A0%95%EB%8B%B9%20%EC%A0%9C%EC%B6%9C%EC%9E%90%EB%A3%8C.pdf&requestedFullPath=20260603/PDF/PBINFO_PUB/1103/003_200_20260523_1.pdf","pack_stale_currently_available","1||HEIGHT","20260603/PDF/PBINFO_PUB/1103/","003_200_20260523_1.pdf","선거공보","Y","Y",""
"920260603-1100-마포구-국민의힘-1-1","제9회 전국동시지방선거","1100","서울특별시","nec_region_scope_for_basic_proportional","920260603","기초의원비례대표선거","9","","마포구","","","국민의힘","200","","","","1","비례대표 정당 제출자료","1","party-doc:920260603:마포구:국민의힘:1","false","","true","20260603/PDF/PBINFO_PUB/1114/003_200_20260516_2.pdf","filePathName+updtFileName","https://policy.nec.go.kr/plc/common/downloadFile.do?requestedFileName=20260603_%EB%A7%88%ED%8F%AC%EA%B5%AC_%EA%B5%AD%EB%AF%BC%EC%9D%98%ED%9E%98_%EB%B9%84%EB%A1%80%EB%8C%80%ED%91%9C%20%EC%A0%95%EB%8B%B9%20%EC%A0%9C%EC%B6%9C%EC%9E%90%EB%A3%8C.pdf&requestedFullPath=20260603/PDF/PBINFO_PUB/1114/003_200_20260516_2.pdf","pack_stale_currently_available","1||HEIGHT","20260603/PDF/PBINFO_PUB/1114/","003_200_20260516_2.pdf","선거공보","Y","Y",""
"920260603-1100-성동구-국민의힘-1-1","제9회 전국동시지방선거","1100","서울특별시","nec_region_scope_for_basic_proportional","920260603","기초의원비례대표선거","9","","성동구","","","국민의힘","200","","","","1","비례대표 정당 제출자료","1","party-doc:920260603:성동구:국민의힘:1","false","","true","20260603/PDF/PBINFO_PUB/1104/003_200_20260524_1.pdf","filePathName+updtFileName","https://policy.nec.go.kr/plc/common/downloadFile.do?requestedFileName=20260603_%EC%84%B1%EB%8F%99%EA%B5%AC_%EA%B5%AD%EB%AF%BC%EC%9D%98%ED%9E%98_%EB%B9%84%EB%A1%80%EB%8C%80%ED%91%9C%20%EC%A0%95%EB%8B%B9%20%EC%A0%9C%EC%B6%9C%EC%9E%90%EB%A3%8C.pdf&requestedFullPath=20260603/PDF/PBINFO_PUB/1104/003_200_20260524_1.pdf","pack_stale_currently_available","1||HEIGHT","20260603/PDF/PBINFO_PUB/1104/","003_200_20260524_1.pdf","선거공보","Y","Y",""
"920260603-1100-광진구-국민의힘-1-1","제9회 전국동시지방선거","1100","서울특별시","nec_region_scope_for_basic_proportional","920260603","기초의원비례대표선거","9","","광진구","","","국민의힘","200","","","","1","비례대표 정당 제출자료","1","party-doc:920260603:광진구:국민의힘:1","false","","true","20260603/PDF/PBINFO_PUB/1105/003_200_20260523_1.pdf","filePathName+updtFileName","https://policy.nec.go.kr/plc/common/downloadFile.do?requestedFileName=20260603_%EA%B4%91%EC%A7%84%EA%B5%AC_%EA%B5%AD%EB%AF%BC%EC%9D%98%ED%9E%98_%EB%B9%84%EB%A1%80%EB%8C%80%ED%91%9C%20%EC%A0%95%EB%8B%B9%20%EC%A0%9C%EC%B6%9C%EC%9E%90%EB%A3%8C.pdf&requestedFullPath=20260603/PDF/PBINFO_PUB/1105/003_200_20260523_1.pdf","pack_stale_currently_available","1||HEIGHT","20260603/PDF/PBINFO_PUB/1105/","003_200_20260523_1.pdf","선거공보","Y","Y",""
"920260603-1100-동대문구-국민의힘-1-1","제9회 전국동시지방선거","1100","서울특별시","nec_region_scope_for_basic_proportional","920260603","기초의원비례대표선거","9","","동대문구","","","국민의힘","200","","","","1","비례대표 정당 제출자료","1","party-doc:920260603:동대문구:국민의힘:1","false","","true","20260603/PDF/PBINFO_PUB/1106/003_200_20260522_2.pdf","filePathName+updtFileName","https://policy.nec.go.kr/plc/common/downloadFile.do?requestedFileName=20260603_%EB%8F%99%EB%8C%80%EB%AC%B8%EA%B5%AC_%EA%B5%AD%EB%AF%BC%EC%9D%98%ED%9E%98_%EB%B9%84%EB%A1%80%EB%8C%80%ED%91%9C%20%EC%A0%95%EB%8B%B9%20%EC%A0%9C%EC%B6%9C%EC%9E%90%EB%A3%8C.pdf&requestedFullPath=20260603/PDF/PBINFO_PUB/1106/003_200_20260522_2.pdf","pack_stale_currently_available","1||HEIGHT","20260603/PDF/PBINFO_PUB/1106/","003_200_20260522_2.pdf","선거공보","Y","Y",""
"920260603-1100-종로구-국민의힘-1-1","제9회 전국동시지방선거","1100","서울특별시","nec_region_scope_for_basic_proportional","920260603","기초의원비례대표선거","9","","종로구","","","국민의힘","200","","","","1","비례대표 정당 제출자료","1","party-doc:920260603:종로구:국민의힘:1","false","","true","20260603/PDF/PBINFO_PUB/1101/003_200_20260523_1.pdf","filePathName+updtFileName","https://policy.nec.go.kr/plc/common/downloadFile.do?requestedFileName=20260603_%EC%A2%85%EB%A1%9C%EA%B5%AC_%EA%B5%AD%EB%AF%BC%EC%9D%98%ED%9E%98_%EB%B9%84%EB%A1%80%EB%8C%80%ED%91%9C%20%EC%A0%95%EB%8B%B9%20%EC%A0%9C%EC%B6%9C%EC%9E%90%EB%A3%8C.pdf&requestedFullPath=20260603/PDF/PBINFO_PUB/1101/003_200_20260523_1.pdf","pack_stale_currently_available","1||HEIGHT","20260603/PDF/PBINFO_PUB/1101/","003_200_20260523_1.pdf","선거공보","Y","Y",""
"920260603-1100-강서구-국민의힘-1-1","제9회 전국동시지방선거","1100","서울특별시","nec_region_scope_for_basic_proportional","920260603","기초의원비례대표선거","9","","강서구","","","국민의힘","200","","","","1","비례대표 정당 제출자료","1","party-doc:920260603:강서구:국민의힘:1","false","","true","20260603/PDF/PBINFO_PUB/1116/003_200_20260525_1.pdf","filePathName+updtFileName","https://policy.nec.go.kr/plc/common/downloadFile.do?requestedFileName=20260603_%EA%B0%95%EC%84%9C%EA%B5%AC_%EA%B5%AD%EB%AF%BC%EC%9D%98%ED%9E%98_%EB%B9%84%EB%A1%80%EB%8C%80%ED%91%9C%20%EC%A0%95%EB%8B%B9%20%EC%A0%9C%EC%B6%9C%EC%9E%90%EB%A3%8C.pdf&requestedFullPath=20260603/PDF/PBINFO_PUB/1116/003_200_20260525_1.pdf","pack_stale_currently_available","1||HEIGHT","20260603/PDF/PBINFO_PUB/1116/","003_200_20260525_1.pdf","선거공보","Y","Y",""
"920260603-1100-강남구-국민의힘-1-1","제9회 전국동시지방선거","1100","서울특별시","nec_region_scope_for_basic_proportional","920260603","기초의원비례대표선거","9","","강남구","","","국민의힘","200","","","","1","비례대표 정당 제출자료","1","party-doc:920260603:강남구:국민의힘:1","false","","true","20260603/PDF/PBINFO_PUB/1123/003_200_20260523_1.pdf","filePathName+updtFileName","https://policy.nec.go.kr/plc/common/downloadFile.do?requestedFileName=20260603_%EA%B0%95%EB%82%A8%EA%B5%AC_%EA%B5%AD%EB%AF%BC%EC%9D%98%ED%9E%98_%EB%B9%84%EB%A1%80%EB%8C%80%ED%91%9C%20%EC%A0%95%EB%8B%B9%20%EC%A0%9C%EC%B6%9C%EC%9E%90%EB%A3%8C.pdf&requestedFullPath=20260603/PDF/PBINFO_PUB/1123/003_200_20260523_1.pdf","pack_stale_currently_available","1||HEIGHT","20260603/PDF/PBINFO_PUB/1123/","003_200_20260523_1.pdf","선거공보","Y","Y",""
"920260603-1100-은평구-국민의힘-1-1","제9회 전국동시지방선거","1100","서울특별시","nec_region_scope_for_basic_proportional","920260603","기초의원비례대표선거","9","","은평구","","","국민의힘","200","","","","1","비례대표 정당 제출자료","1","party-doc:920260603:은평구:국민의힘:1","false","","true","20260603/PDF/PBINFO_PUB/1112/003_200_20260521_1.pdf","filePathName+updtFileName","https://policy.nec.go.kr/plc/common/downloadFile.do?requestedFileName=20260603_%EC%9D%80%ED%8F%89%EA%B5%AC_%EA%B5%AD%EB%AF%BC%EC%9D%98%ED%9E%98_%EB%B9%84%EB%A1%80%EB%8C%80%ED%91%9C%20%EC%A0%95%EB%8B%B9%20%EC%A0%9C%EC%B6%9C%EC%9E%90%EB%A3%8C.pdf&requestedFullPath=20260603/PDF/PBINFO_PUB/1112/003_200_20260521_1.pdf","pack_stale_currently_available","1||HEIGHT","20260603/PDF/PBINFO_PUB/1112/","003_200_20260521_1.pdf","선거공보","Y","Y",""
"920260603-1100-강동구-국민의힘-1-1","제9회 전국동시지방선거","1100","서울특별시","nec_region_scope_for_basic_proportional","920260603","기초의원비례대표선거","9","","강동구","","","국민의힘","200","","","","1","비례대표 정당 제출자료","1","party-doc:920260603:강동구:국민의힘:1","false","","true","20260603/PDF/PBINFO_PUB/1125/003_200_20260524_1.pdf","filePathName+updtFileName","https://policy.nec.go.kr/plc/common/downloadFile.do?requestedFileName=20260603_%EA%B0%95%EB%8F%99%EA%B5%AC_%EA%B5%AD%EB%AF%BC%EC%9D%98%ED%9E%98_%EB%B9%84%EB%A1%80%EB%8C%80%ED%91%9C%20%EC%A0%95%EB%8B%B9%20%EC%A0%9C%EC%B6%9C%EC%9E%90%EB%A3%8C.pdf&requestedFullPath=20260603/PDF/PBINFO_PUB/1125/003_200_20260524_1.pdf","pack_stale_currently_available","1||HEIGHT","20260603/PDF/PBINFO_PUB/1125/","003_200_20260524_1.pdf","선거공보","Y","Y",""
"920260603-2600-영도구-더불어민주당-1-1","제9회 전국동시지방선거","2600","부산광역시","nec_region_scope_for_basic_proportional","920260603","기초의원비례대표선거","9","","영도구","","","더불어민주당","100","","","","1","비례대표 정당 제출자료","1","party-doc:920260603:영도구:더불어민주당:1","false","","true","20260603/PDF/PBINFO_PUB/2604/003_100_20260522_1.pdf","filePathName+updtFileName","https://policy.nec.go.kr/plc/common/downloadFile.do?requestedFileName=20260603_%EC%98%81%EB%8F%84%EA%B5%AC_%EB%8D%94%EB%B6%88%EC%96%B4%EB%AF%BC%EC%A3%BC%EB%8B%B9_%EB%B9%84%EB%A1%80%EB%8C%80%ED%91%9C%20%EC%A0%95%EB%8B%B9%20%EC%A0%9C%EC%B6%9C%EC%9E%90%EB%A3%8C.pdf&requestedFullPath=20260603/PDF/PBINFO_PUB/2604/003_100_20260522_1.pdf","pack_stale_currently_available","1||HEIGHT","20260603/PDF/PBINFO_PUB/2604/","003_100_20260522_1.pdf","선거공보","Y","Y",""
"920260603-2600-서구-더불어민주당-1-1","제9회 전국동시지방선거","2600","부산광역시","nec_region_scope_for_basic_proportional","920260603","기초의원비례대표선거","9","","서구","","","더불어민주당","100","","","","1","비례대표 정당 제출자료","1","party-doc:920260603:서구:더불어민주당:1","false","","true","20260603/PDF/PBINFO_PUB/2602/003_100_20260519_1.pdf","filePathName+updtFileName","https://policy.nec.go.kr/plc/common/downloadFile.do?requestedFileName=20260603_%EC%84%9C%EA%B5%AC_%EB%8D%94%EB%B6%88%EC%96%B4%EB%AF%BC%EC%A3%BC%EB%8B%B9_%EB%B9%84%EB%A1%80%EB%8C%80%ED%91%9C%20%EC%A0%95%EB%8B%B9%20%EC%A0%9C%EC%B6%9C%EC%9E%90%EB%A3%8C.pdf&requestedFullPath=20260603/PDF/PBINFO_PUB/2602/003_100_20260519_1.pdf","pack_stale_currently_available","1||HEIGHT","20260603/PDF/PBINFO_PUB/2602/","003_100_20260519_1.pdf","선거공보","Y","Y",""
"920260603-2600-부산진구-더불어민주당-1-1","제9회 전국동시지방선거","2600","부산광역시","nec_region_scope_for_basic_proportional","920260603","기초의원비례대표선거","9","","부산진구","","","더불어민주당","100","","","","1","비례대표 정당 제출자료","1","party-doc:920260603:부산진구:더불어민주당:1","false","","true","20260603/PDF/PBINFO_PUB/2605/003_100_20260519_1.pdf","filePathName+updtFileName","https://policy.nec.go.kr/plc/common/downloadFile.do?requestedFileName=20260603_%EB%B6%80%EC%82%B0%EC%A7%84%EA%B5%AC_%EB%8D%94%EB%B6%88%EC%96%B4%EB%AF%BC%EC%A3%BC%EB%8B%B9_%EB%B9%84%EB%A1%80%EB%8C%80%ED%91%9C%20%EC%A0%95%EB%8B%B9%20%EC%A0%9C%EC%B6%9C%EC%9E%90%EB%A3%8C.pdf&requestedFullPath=20260603/PDF/PBINFO_PUB/2605/003_100_20260519_1.pdf","pack_stale_currently_available","1||HEIGHT","20260603/PDF/PBINFO_PUB/2605/","003_100_20260519_1.pdf","선거공보","Y","Y",""
"920260603-2600-기장군-더불어민주당-1-1","제9회 전국동시지방선거","2600","부산광역시","nec_region_scope_for_basic_proportional","920260603","기초의원비례대표선거","9","","기장군","","","더불어민주당","100","","","","1","비례대표 정당 제출자료","1","party-doc:920260603:기장군:더불어민주당:1","false","","true","20260603/PDF/PBINFO_PUB/2610/003_100_20260522_1.pdf","filePathName+updtFileName","https://policy.nec.go.kr/plc/common/downloadFile.do?requestedFileName=20260603_%EA%B8%B0%EC%9E%A5%EA%B5%B0_%EB%8D%94%EB%B6%88%EC%96%B4%EB%AF%BC%EC%A3%BC%EB%8B%B9_%EB%B9%84%EB%A1%80%EB%8C%80%ED%91%9C%20%EC%A0%95%EB%8B%B9%20%EC%A0%9C%EC%B6%9C%EC%9E%90%EB%A3%8C.pdf&requestedFullPath=20260603/PDF/PBINFO_PUB/2610/003_100_20260522_1.pdf","pack_stale_currently_available","1||HEIGHT","20260603/PDF/PBINFO_PUB/2610/","003_100_20260522_1.pdf","선거공보","Y","Y",""
"920260603-2600-중구-더불어민주당-1-1","제9회 전국동시지방선거","2600","부산광역시","nec_region_scope_for_basic_proportional","920260603","기초의원비례대표선거","9","","중구","","","더불어민주당","100","","","","1","비례대표 정당 제출자료","1","party-doc:920260603:중구:더불어민주당:1","false","","true","20260603/PDF/PBINFO_PUB/2601/003_100_20260519_1.pdf","filePathName+updtFileName","https://policy.nec.go.kr/plc/common/downloadFile.do?requestedFileName=20260603_%EC%A4%91%EA%B5%AC_%EB%8D%94%EB%B6%88%EC%96%B4%EB%AF%BC%EC%A3%BC%EB%8B%B9_%EB%B9%84%EB%A1%80%EB%8C%80%ED%91%9C%20%EC%A0%95%EB%8B%B9%20%EC%A0%9C%EC%B6%9C%EC%9E%90%EB%A3%8C.pdf&requestedFullPath=20260603/PDF/PBINFO_PUB/2601/003_100_20260519_1.pdf","pack_stale_currently_available","1||HEIGHT","20260603/PDF/PBINFO_PUB/2601/","003_100_20260519_1.pdf","선거공보","Y","Y",""
"920260603-2600-수영구-더불어민주당-1-1","제9회 전국동시지방선거","2600","부산광역시","nec_region_scope_for_basic_proportional","920260603","기초의원비례대표선거","9","","수영구","","","더불어민주당","100","","","","1","비례대표 정당 제출자료","1","party-doc:920260603:수영구:더불어민주당:1","false","","true","20260603/PDF/PBINFO_PUB/2615/003_100_20260523_1.pdf","filePathName+updtFileName","https://policy.nec.go.kr/plc/common/downloadFile.do?requestedFileName=20260603_%EC%88%98%EC%98%81%EA%B5%AC_%EB%8D%94%EB%B6%88%EC%96%B4%EB%AF%BC%EC%A3%BC%EB%8B%B9_%EB%B9%84%EB%A1%80%EB%8C%80%ED%91%9C%20%EC%A0%95%EB%8B%B9%20%EC%A0%9C%EC%B6%9C%EC%9E%90%EB%A3%8C.pdf&requestedFullPath=20260603/PDF/PBINFO_PUB/2615/003_100_20260523_1.pdf","pack_stale_currently_available","1||HEIGHT","20260603/PDF/PBINFO_PUB/2615/","003_100_20260523_1.pdf","선거공보","Y","Y",""
"920260603-2600-사상구-더불어민주당-1-1","제9회 전국동시지방선거","2600","부산광역시","nec_region_scope_for_basic_proportional","920260603","기초의원비례대표선거","9","","사상구","","","더불어민주당","100","","","","1","비례대표 정당 제출자료","1","party-doc:920260603:사상구:더불어민주당:1","false","","true","20260603/PDF/PBINFO_PUB/2616/003_100_20260523_1.pdf","filePathName+updtFileName","https://policy.nec.go.kr/plc/common/downloadFile.do?requestedFileName=20260603_%EC%82%AC%EC%83%81%EA%B5%AC_%EB%8D%94%EB%B6%88%EC%96%B4%EB%AF%BC%EC%A3%BC%EB%8B%B9_%EB%B9%84%EB%A1%80%EB%8C%80%ED%91%9C%20%EC%A0%95%EB%8B%B9%20%EC%A0%9C%EC%B6%9C%EC%9E%90%EB%A3%8C.pdf&requestedFullPath=20260603/PDF/PBINFO_PUB/2616/003_100_20260523_1.pdf","pack_stale_currently_available","1||HEIGHT","20260603/PDF/PBINFO_PUB/2616/","003_100_20260523_1.pdf","선거공보","Y","Y",""
"920260603-2600-사하구-더불어민주당-1-1","제9회 전국동시지방선거","2600","부산광역시","nec_region_scope_for_basic_proportional","920260603","기초의원비례대표선거","9","","사하구","","","더불어민주당","100","","","","1","비례대표 정당 제출자료","1","party-doc:920260603:사하구:더불어민주당:1","false","","true","20260603/PDF/PBINFO_PUB/2611/003_100_20260523_1.pdf","filePathName+updtFileName","https://policy.nec.go.kr/plc/common/downloadFile.do?requestedFileName=20260603_%EC%82%AC%ED%95%98%EA%B5%AC_%EB%8D%94%EB%B6%88%EC%96%B4%EB%AF%BC%EC%A3%BC%EB%8B%B9_%EB%B9%84%EB%A1%80%EB%8C%80%ED%91%9C%20%EC%A0%95%EB%8B%B9%20%EC%A0%9C%EC%B6%9C%EC%9E%90%EB%A3%8C.pdf&requestedFullPath=20260603/PDF/PBINFO_PUB/2611/003_100_20260523_1.pdf","pack_stale_currently_available","1||HEIGHT","20260603/PDF/PBINFO_PUB/2611/","003_100_20260523_1.pdf","선거공보","Y","Y",""
"920260603-2600-강서구-더불어민주당-1-1","제9회 전국동시지방선거","2600","부산광역시","nec_region_scope_for_basic_proportional","920260603","기초의원비례대표선거","9","","강서구","","","더불어민주당","100","","","","1","비례대표 정당 제출자료","1","party-doc:920260603:강서구:더불어민주당:1","false","","true","20260603/PDF/PBINFO_PUB/2613/003_100_20260519_1.pdf","filePathName+updtFileName","https://policy.nec.go.kr/plc/common/downloadFile.do?requestedFileName=20260603_%EA%B0%95%EC%84%9C%EA%B5%AC_%EB%8D%94%EB%B6%88%EC%96%B4%EB%AF%BC%EC%A3%BC%EB%8B%B9_%EB%B9%84%EB%A1%80%EB%8C%80%ED%91%9C%20%EC%A0%95%EB%8B%B9%20%EC%A0%9C%EC%B6%9C%EC%9E%90%EB%A3%8C.pdf&requestedFullPath=20260603/PDF/PBINFO_PUB/2613/003_100_20260519_1.pdf","pack_stale_currently_available","1||HEIGHT","20260603/PDF/PBINFO_PUB/2613/","003_100_20260519_1.pdf","선거공보","Y","Y",""
"920260603-2600-동구-더불어민주당-1-1","제9회 전국동시지방선거","2600","부산광역시","nec_region_scope_for_basic_proportional","920260603","기초의원비례대표선거","9","","동구","","","더불어민주당","100","","","","1","비례대표 정당 제출자료","1","party-doc:920260603:동구:더불어민주당:1","false","","true","20260603/PDF/PBINFO_PUB/2603/003_100_20260523_1.pdf","filePathName+updtFileName","https://policy.nec.go.kr/plc/common/downloadFile.do?requestedFileName=20260603_%EB%8F%99%EA%B5%AC_%EB%8D%94%EB%B6%88%EC%96%B4%EB%AF%BC%EC%A3%BC%EB%8B%B9_%EB%B9%84%EB%A1%80%EB%8C%80%ED%91%9C%20%EC%A0%95%EB%8B%B9%20%EC%A0%9C%EC%B6%9C%EC%9E%90%EB%A3%8C.pdf&requestedFullPath=20260603/PDF/PBINFO_PUB/2603/003_100_20260523_1.pdf","pack_stale_currently_available","1||HEIGHT","20260603/PDF/PBINFO_PUB/2603/","003_100_20260523_1.pdf","선거공보","Y","Y",""
"920260603-2600-영도구-국민의힘-1-1","제9회 전국동시지방선거","2600","부산광역시","nec_region_scope_for_basic_proportional","920260603","기초의원비례대표선거","9","","영도구","","","국민의힘","200","","","","1","비례대표 정당 제출자료","1","party-doc:920260603:영도구:국민의힘:1","false","","true","20260603/PDF/PBINFO_PUB/2604/003_200_20260522_1.pdf","filePathName+updtFileName","https://policy.nec.go.kr/plc/common/downloadFile.do?requestedFileName=20260603_%EC%98%81%EB%8F%84%EA%B5%AC_%EA%B5%AD%EB%AF%BC%EC%9D%98%ED%9E%98_%EB%B9%84%EB%A1%80%EB%8C%80%ED%91%9C%20%EC%A0%95%EB%8B%B9%20%EC%A0%9C%EC%B6%9C%EC%9E%90%EB%A3%8C.pdf&requestedFullPath=20260603/PDF/PBINFO_PUB/2604/003_200_20260522_1.pdf","pack_stale_currently_available","1||HEIGHT","20260603/PDF/PBINFO_PUB/2604/","003_200_20260522_1.pdf","선거공보","Y","Y",""
"920260603-2600-부산진구-국민의힘-1-1","제9회 전국동시지방선거","2600","부산광역시","nec_region_scope_for_basic_proportional","920260603","기초의원비례대표선거","9","","부산진구","","","국민의힘","200","","","","1","비례대표 정당 제출자료","1","party-doc:920260603:부산진구:국민의힘:1","false","","true","20260603/PDF/PBINFO_PUB/2605/003_200_20260523_1.pdf","filePathName+updtFileName","https://policy.nec.go.kr/plc/common/downloadFile.do?requestedFileName=20260603_%EB%B6%80%EC%82%B0%EC%A7%84%EA%B5%AC_%EA%B5%AD%EB%AF%BC%EC%9D%98%ED%9E%98_%EB%B9%84%EB%A1%80%EB%8C%80%ED%91%9C%20%EC%A0%95%EB%8B%B9%20%EC%A0%9C%EC%B6%9C%EC%9E%90%EB%A3%8C.pdf&requestedFullPath=20260603/PDF/PBINFO_PUB/2605/003_200_20260523_1.pdf","pack_stale_currently_available","1||HEIGHT","20260603/PDF/PBINFO_PUB/2605/","003_200_20260523_1.pdf","선거공보","Y","Y",""
"920260603-2600-중구-국민의힘-1-1","제9회 전국동시지방선거","2600","부산광역시","nec_region_scope_for_basic_proportional","920260603","기초의원비례대표선거","9","","중구","","","국민의힘","200","","","","1","비례대표 정당 제출자료","1","party-doc:920260603:중구:국민의힘:1","false","","true","20260603/PDF/PBINFO_PUB/2601/003_200_20260523_1.pdf","filePathName+updtFileName","https://policy.nec.go.kr/plc/common/downloadFile.do?requestedFileName=20260603_%EC%A4%91%EA%B5%AC_%EA%B5%AD%EB%AF%BC%EC%9D%98%ED%9E%98_%EB%B9%84%EB%A1%80%EB%8C%80%ED%91%9C%20%EC%A0%95%EB%8B%B9%20%EC%A0%9C%EC%B6%9C%EC%9E%90%EB%A3%8C.pdf&requestedFullPath=20260603/PDF/PBINFO_PUB/2601/003_200_20260523_1.pdf","pack_stale_currently_available","1||HEIGHT","20260603/PDF/PBINFO_PUB/2601/","003_200_20260523_1.pdf","선거공보","Y","Y",""
"920260603-2600-동구-국민의힘-1-1","제9회 전국동시지방선거","2600","부산광역시","nec_region_scope_for_basic_proportional","920260603","기초의원비례대표선거","9","","동구","","","국민의힘","200","","","","1","비례대표 정당 제출자료","1","party-doc:920260603:동구:국민의힘:1","false","","true","20260603/PDF/PBINFO_PUB/2603/003_200_20260523_1.pdf","filePathName+updtFileName","https://policy.nec.go.kr/plc/common/downloadFile.do?requestedFileName=20260603_%EB%8F%99%EA%B5%AC_%EA%B5%AD%EB%AF%BC%EC%9D%98%ED%9E%98_%EB%B9%84%EB%A1%80%EB%8C%80%ED%91%9C%20%EC%A0%95%EB%8B%B9%20%EC%A0%9C%EC%B6%9C%EC%9E%90%EB%A3%8C.pdf&requestedFullPath=20260603/PDF/PBINFO_PUB/2603/003_200_20260523_1.pdf","pack_stale_currently_available","1||HEIGHT","20260603/PDF/PBINFO_PUB/2603/","003_200_20260523_1.pdf","선거공보","Y","Y",""
"920260603-2600-기장군-국민의힘-1-1","제9회 전국동시지방선거","2600","부산광역시","nec_region_scope_for_basic_proportional","920260603","기초의원비례대표선거","9","","기장군","","","국민의힘","200","","","","1","비례대표 정당 제출자료","1","party-doc:920260603:기장군:국민의힘:1","false","","true","20260603/PDF/PBINFO_PUB/2610/003_200_20260522_1.pdf","filePathName+updtFileName","https://policy.nec.go.kr/plc/common/downloadFile.do?requestedFileName=20260603_%EA%B8%B0%EC%9E%A5%EA%B5%B0_%EA%B5%AD%EB%AF%BC%EC%9D%98%ED%9E%98_%EB%B9%84%EB%A1%80%EB%8C%80%ED%91%9C%20%EC%A0%95%EB%8B%B9%20%EC%A0%9C%EC%B6%9C%EC%9E%90%EB%A3%8C.pdf&requestedFullPath=20260603/PDF/PBINFO_PUB/2610/003_200_20260522_1.pdf","pack_stale_currently_available","1||HEIGHT","20260603/PDF/PBINFO_PUB/2610/","003_200_20260522_1.pdf","선거공보","Y","Y",""
"920260603-2600-사하구-국민의힘-1-1","제9회 전국동시지방선거","2600","부산광역시","nec_region_scope_for_basic_proportional","920260603","기초의원비례대표선거","9","","사하구","","","국민의힘","200","","","","1","비례대표 정당 제출자료","1","party-doc:920260603:사하구:국민의힘:1","false","","true","20260603/PDF/PBINFO_PUB/2611/003_200_20260523_1.pdf","filePathName+updtFileName","https://policy.nec.go.kr/plc/common/downloadFile.do?requestedFileName=20260603_%EC%82%AC%ED%95%98%EA%B5%AC_%EA%B5%AD%EB%AF%BC%EC%9D%98%ED%9E%98_%EB%B9%84%EB%A1%80%EB%8C%80%ED%91%9C%20%EC%A0%95%EB%8B%B9%20%EC%A0%9C%EC%B6%9C%EC%9E%90%EB%A3%8C.pdf&requestedFullPath=20260603/PDF/PBINFO_PUB/2611/003_200_20260523_1.pdf","pack_stale_currently_available","1||HEIGHT","20260603/PDF/PBINFO_PUB/2611/","003_200_20260523_1.pdf","선거공보","Y","Y",""
"920260603-2600-사상구-국민의힘-1-1","제9회 전국동시지방선거","2600","부산광역시","nec_region_scope_for_basic_proportional","920260603","기초의원비례대표선거","9","","사상구","","","국민의힘","200","","","","1","비례대표 정당 제출자료","1","party-doc:920260603:사상구:국민의힘:1","false","","true","20260603/PDF/PBINFO_PUB/2616/003_200_20260525_2.pdf","filePathName+updtFileName","https://policy.nec.go.kr/plc/common/downloadFile.do?requestedFileName=20260603_%EC%82%AC%EC%83%81%EA%B5%AC_%EA%B5%AD%EB%AF%BC%EC%9D%98%ED%9E%98_%EB%B9%84%EB%A1%80%EB%8C%80%ED%91%9C%20%EC%A0%95%EB%8B%B9%20%EC%A0%9C%EC%B6%9C%EC%9E%90%EB%A3%8C.pdf&requestedFullPath=20260603/PDF/PBINFO_PUB/2616/003_200_20260525_2.pdf","pack_stale_currently_available","1||HEIGHT","20260603/PDF/PBINFO_PUB/2616/","003_200_20260525_2.pdf","선거공보","Y","Y",""
"920260603-2600-강서구-국민의힘-1-1","제9회 전국동시지방선거","2600","부산광역시","nec_region_scope_for_basic_proportional","920260603","기초의원비례대표선거","9","","강서구","","","국민의힘","200","","","","1","비례대표 정당 제출자료","1","party-doc:920260603:강서구:국민의힘:1","false","","true","20260603/PDF/PBINFO_PUB/2613/003_200_20260522_1.pdf","filePathName+updtFileName","https://policy.nec.go.kr/plc/common/downloadFile.do?requestedFileName=20260603_%EA%B0%95%EC%84%9C%EA%B5%AC_%EA%B5%AD%EB%AF%BC%EC%9D%98%ED%9E%98_%EB%B9%84%EB%A1%80%EB%8C%80%ED%91%9C%20%EC%A0%95%EB%8B%B9%20%EC%A0%9C%EC%B6%9C%EC%9E%90%EB%A3%8C.pdf&requestedFullPath=20260603/PDF/PBINFO_PUB/2613/003_200_20260522_1.pdf","pack_stale_currently_available","1||HEIGHT","20260603/PDF/PBINFO_PUB/2613/","003_200_20260522_1.pdf","선거공보","Y","Y",""
"920260603-2700-남구-더불어민주당-1-1","제9회 전국동시지방선거","2700","대구광역시","nec_region_scope_for_basic_proportional","920260603","기초의원비례대표선거","9","","남구","","","더불어민주당","100","","","","1","비례대표 정당 제출자료","1","party-doc:920260603:남구:더불어민주당:1","false","","true","20260603/PDF/PBINFO_PUB/2704/003_100_20260519_1.pdf","filePathName+updtFileName","https://policy.nec.go.kr/plc/common/downloadFile.do?requestedFileName=20260603_%EB%82%A8%EA%B5%AC_%EB%8D%94%EB%B6%88%EC%96%B4%EB%AF%BC%EC%A3%BC%EB%8B%B9_%EB%B9%84%EB%A1%80%EB%8C%80%ED%91%9C%20%EC%A0%95%EB%8B%B9%20%EC%A0%9C%EC%B6%9C%EC%9E%90%EB%A3%8C.pdf&requestedFullPath=20260603/PDF/PBINFO_PUB/2704/003_100_20260519_1.pdf","pack_stale_currently_available","1||HEIGHT","20260603/PDF/PBINFO_PUB/2704/","003_100_20260519_1.pdf","선거공보","Y","Y",""
"920260603-2700-동구-더불어민주당-1-1","제9회 전국동시지방선거","2700","대구광역시","nec_region_scope_for_basic_proportional","920260603","기초의원비례대표선거","9","","동구","","","더불어민주당","100","","","","1","비례대표 정당 제출자료","1","party-doc:920260603:동구:더불어민주당:1","false","","true","20260603/PDF/PBINFO_PUB/2702/003_100_20260518_1.pdf","filePathName+updtFileName","https://policy.nec.go.kr/plc/common/downloadFile.do?requestedFileName=20260603_%EB%8F%99%EA%B5%AC_%EB%8D%94%EB%B6%88%EC%96%B4%EB%AF%BC%EC%A3%BC%EB%8B%B9_%EB%B9%84%EB%A1%80%EB%8C%80%ED%91%9C%20%EC%A0%95%EB%8B%B9%20%EC%A0%9C%EC%B6%9C%EC%9E%90%EB%A3%8C.pdf&requestedFullPath=20260603/PDF/PBINFO_PUB/2702/003_100_20260518_1.pdf","pack_stale_currently_available","1||HEIGHT","20260603/PDF/PBINFO_PUB/2702/","003_100_20260518_1.pdf","선거공보","Y","Y",""
"920260603-2700-수성구-더불어민주당-1-1","제9회 전국동시지방선거","2700","대구광역시","nec_region_scope_for_basic_proportional","920260603","기초의원비례대표선거","9","","수성구","","","더불어민주당","100","","","","1","비례대표 정당 제출자료","1","party-doc:920260603:수성구:더불어민주당:1","false","","true","20260603/PDF/PBINFO_PUB/2706/003_100_20260523_1.pdf","filePathName+updtFileName","https://policy.nec.go.kr/plc/common/downloadFile.do?requestedFileName=20260603_%EC%88%98%EC%84%B1%EA%B5%AC_%EB%8D%94%EB%B6%88%EC%96%B4%EB%AF%BC%EC%A3%BC%EB%8B%B9_%EB%B9%84%EB%A1%80%EB%8C%80%ED%91%9C%20%EC%A0%95%EB%8B%B9%20%EC%A0%9C%EC%B6%9C%EC%9E%90%EB%A3%8C.pdf&requestedFullPath=20260603/PDF/PBINFO_PUB/2706/003_100_20260523_1.pdf","pack_stale_currently_available","1||HEIGHT","20260603/PDF/PBINFO_PUB/2706/","003_100_20260523_1.pdf","선거공보","Y","Y",""
"920260603-2700-중구-더불어민주당-1-1","제9회 전국동시지방선거","2700","대구광역시","nec_region_scope_for_basic_proportional","920260603","기초의원비례대표선거","9","","중구","","","더불어민주당","100","","","","1","비례대표 정당 제출자료","1","party-doc:920260603:중구:더불어민주당:1","false","","true","20260603/PDF/PBINFO_PUB/2701/003_100_20260518_1.pdf","filePathName+updtFileName","https://policy.nec.go.kr/plc/common/downloadFile.do?requestedFileName=20260603_%EC%A4%91%EA%B5%AC_%EB%8D%94%EB%B6%88%EC%96%B4%EB%AF%BC%EC%A3%BC%EB%8B%B9_%EB%B9%84%EB%A1%80%EB%8C%80%ED%91%9C%20%EC%A0%95%EB%8B%B9%20%EC%A0%9C%EC%B6%9C%EC%9E%90%EB%A3%8C.pdf&requestedFullPath=20260603/PDF/PBINFO_PUB/2701/003_100_20260518_1.pdf","pack_stale_currently_available","1||HEIGHT","20260603/PDF/PBINFO_PUB/2701/","003_100_20260518_1.pdf","선거공보","Y","Y",""
"920260603-2700-서구-더불어민주당-1-1","제9회 전국동시지방선거","2700","대구광역시","nec_region_scope_for_basic_proportional","920260603","기초의원비례대표선거","9","","서구","","","더불어민주당","100","","","","1","비례대표 정당 제출자료","1","party-doc:920260603:서구:더불어민주당:1","false","","true","20260603/PDF/PBINFO_PUB/2703/003_100_20260522_1.pdf","filePathName+updtFileName","https://policy.nec.go.kr/plc/common/downloadFile.do?requestedFileName=20260603_%EC%84%9C%EA%B5%AC_%EB%8D%94%EB%B6%88%EC%96%B4%EB%AF%BC%EC%A3%BC%EB%8B%B9_%EB%B9%84%EB%A1%80%EB%8C%80%ED%91%9C%20%EC%A0%95%EB%8B%B9%20%EC%A0%9C%EC%B6%9C%EC%9E%90%EB%A3%8C.pdf&requestedFullPath=20260603/PDF/PBINFO_PUB/2703/003_100_20260522_1.pdf","pack_stale_currently_available","1||HEIGHT","20260603/PDF/PBINFO_PUB/2703/","003_100_20260522_1.pdf","선거공보","Y","Y",""
"920260603-2800-영종구-더불어민주당-1-1","제9회 전국동시지방선거","2800","인천광역시","nec_region_scope_for_basic_proportional","920260603","기초의원비례대표선거","9","","영종구","","","더불어민주당","100","","","","1","비례대표 정당 제출자료","1","party-doc:920260603:영종구:더불어민주당:1","false","","true","20260603/PDF/PBINFO_PUB/2811/003_100_20260516_1.pdf","filePathName+updtFileName","https://policy.nec.go.kr/plc/common/downloadFile.do?requestedFileName=20260603_%EC%98%81%EC%A2%85%EA%B5%AC_%EB%8D%94%EB%B6%88%EC%96%B4%EB%AF%BC%EC%A3%BC%EB%8B%B9_%EB%B9%84%EB%A1%80%EB%8C%80%ED%91%9C%20%EC%A0%95%EB%8B%B9%20%EC%A0%9C%EC%B6%9C%EC%9E%90%EB%A3%8C.pdf&requestedFullPath=20260603/PDF/PBINFO_PUB/2811/003_100_20260516_1.pdf","pack_stale_currently_available","1||HEIGHT","20260603/PDF/PBINFO_PUB/2811/","003_100_20260516_1.pdf","선거공보","Y","Y",""
"920260603-2800-계양구-더불어민주당-1-1","제9회 전국동시지방선거","2800","인천광역시","nec_region_scope_for_basic_proportional","920260603","기초의원비례대표선거","9","","계양구","","","더불어민주당","100","","","","1","비례대표 정당 제출자료","1","party-doc:920260603:계양구:더불어민주당:1","false","","true","20260603/PDF/PBINFO_PUB/2807/003_100_20260522_1.pdf","filePathName+updtFileName","https://policy.nec.go.kr/plc/common/downloadFile.do?requestedFileName=20260603_%EA%B3%84%EC%96%91%EA%B5%AC_%EB%8D%94%EB%B6%88%EC%96%B4%EB%AF%BC%EC%A3%BC%EB%8B%B9_%EB%B9%84%EB%A1%80%EB%8C%80%ED%91%9C%20%EC%A0%95%EB%8B%B9%20%EC%A0%9C%EC%B6%9C%EC%9E%90%EB%A3%8C.pdf&requestedFullPath=20260603/PDF/PBINFO_PUB/2807/003_100_20260522_1.pdf","pack_stale_currently_available","1||HEIGHT","20260603/PDF/PBINFO_PUB/2807/","003_100_20260522_1.pdf","선거공보","Y","Y",""
"920260603-2800-옹진군-더불어민주당-1-1","제9회 전국동시지방선거","2800","인천광역시","nec_region_scope_for_basic_proportional","920260603","기초의원비례대표선거","9","","옹진군","","","더불어민주당","100","","","","1","비례대표 정당 제출자료","1","party-doc:920260603:옹진군:더불어민주당:1","false","","true","20260603/PDF/PBINFO_PUB/2810/003_100_20260520_1.pdf","filePathName+updtFileName","https://policy.nec.go.kr/plc/common/downloadFile.do?requestedFileName=20260603_%EC%98%B9%EC%A7%84%EA%B5%B0_%EB%8D%94%EB%B6%88%EC%96%B4%EB%AF%BC%EC%A3%BC%EB%8B%B9_%EB%B9%84%EB%A1%80%EB%8C%80%ED%91%9C%20%EC%A0%95%EB%8B%B9%20%EC%A0%9C%EC%B6%9C%EC%9E%90%EB%A3%8C.pdf&requestedFullPath=20260603/PDF/PBINFO_PUB/2810/003_100_20260520_1.pdf","pack_stale_currently_available","1||HEIGHT","20260603/PDF/PBINFO_PUB/2810/","003_100_20260520_1.pdf","선거공보","Y","Y",""
"920260603-2800-제물포구-더불어민주당-1-1","제9회 전국동시지방선거","2800","인천광역시","nec_region_scope_for_basic_proportional","920260603","기초의원비례대표선거","9","","제물포구","","","더불어민주당","100","","","","1","비례대표 정당 제출자료","1","party-doc:920260603:제물포구:더불어민주당:1","false","","true","20260603/PDF/PBINFO_PUB/2812/003_100_20260521_1.pdf","filePathName+updtFileName","https://policy.nec.go.kr/plc/common/downloadFile.do?requestedFileName=20260603_%EC%A0%9C%EB%AC%BC%ED%8F%AC%EA%B5%AC_%EB%8D%94%EB%B6%88%EC%96%B4%EB%AF%BC%EC%A3%BC%EB%8B%B9_%EB%B9%84%EB%A1%80%EB%8C%80%ED%91%9C%20%EC%A0%95%EB%8B%B9%20%EC%A0%9C%EC%B6%9C%EC%9E%90%EB%A3%8C.pdf&requestedFullPath=20260603/PDF/PBINFO_PUB/2812/003_100_20260521_1.pdf","pack_stale_currently_available","1||HEIGHT","20260603/PDF/PBINFO_PUB/2812/","003_100_20260521_1.pdf","선거공보","Y","Y",""
"920260603-2800-부평구-더불어민주당-1-1","제9회 전국동시지방선거","2800","인천광역시","nec_region_scope_for_basic_proportional","920260603","기초의원비례대표선거","9","","부평구","","","더불어민주당","100","","","","1","비례대표 정당 제출자료","1","party-doc:920260603:부평구:더불어민주당:1","false","","true","20260603/PDF/PBINFO_PUB/2806/003_100_20260517_1.pdf","filePathName+updtFileName","https://policy.nec.go.kr/plc/common/downloadFile.do?requestedFileName=20260603_%EB%B6%80%ED%8F%89%EA%B5%AC_%EB%8D%94%EB%B6%88%EC%96%B4%EB%AF%BC%EC%A3%BC%EB%8B%B9_%EB%B9%84%EB%A1%80%EB%8C%80%ED%91%9C%20%EC%A0%95%EB%8B%B9%20%EC%A0%9C%EC%B6%9C%EC%9E%90%EB%A3%8C.pdf&requestedFullPath=20260603/PDF/PBINFO_PUB/2806/003_100_20260517_1.pdf","pack_stale_currently_available","1||HEIGHT","20260603/PDF/PBINFO_PUB/2806/","003_100_20260517_1.pdf","선거공보","Y","Y",""
"920260603-2800-강화군-더불어민주당-1-1","제9회 전국동시지방선거","2800","인천광역시","nec_region_scope_for_basic_proportional","920260603","기초의원비례대표선거","9","","강화군","","","더불어민주당","100","","","","1","비례대표 정당 제출자료","1","party-doc:920260603:강화군:더불어민주당:1","false","","true","20260603/PDF/PBINFO_PUB/2809/003_100_20260523_1.pdf","filePathName+updtFileName","https://policy.nec.go.kr/plc/common/downloadFile.do?requestedFileName=20260603_%EA%B0%95%ED%99%94%EA%B5%B0_%EB%8D%94%EB%B6%88%EC%96%B4%EB%AF%BC%EC%A3%BC%EB%8B%B9_%EB%B9%84%EB%A1%80%EB%8C%80%ED%91%9C%20%EC%A0%95%EB%8B%B9%20%EC%A0%9C%EC%B6%9C%EC%9E%90%EB%A3%8C.pdf&requestedFullPath=20260603/PDF/PBINFO_PUB/2809/003_100_20260523_1.pdf","pack_stale_currently_available","1||HEIGHT","20260603/PDF/PBINFO_PUB/2809/","003_100_20260523_1.pdf","선거공보","Y","Y",""
"920260603-2800-부평구-국민의힘-1-1","제9회 전국동시지방선거","2800","인천광역시","nec_region_scope_for_basic_proportional","920260603","기초의원비례대표선거","9","","부평구","","","국민의힘","200","","","","1","비례대표 정당 제출자료","1","party-doc:920260603:부평구:국민의힘:1","false","","true","20260603/PDF/PBINFO_PUB/2806/003_200_20260517_1.pdf","filePathName+updtFileName","https://policy.nec.go.kr/plc/common/downloadFile.do?requestedFileName=20260603_%EB%B6%80%ED%8F%89%EA%B5%AC_%EA%B5%AD%EB%AF%BC%EC%9D%98%ED%9E%98_%EB%B9%84%EB%A1%80%EB%8C%80%ED%91%9C%20%EC%A0%95%EB%8B%B9%20%EC%A0%9C%EC%B6%9C%EC%9E%90%EB%A3%8C.pdf&requestedFullPath=20260603/PDF/PBINFO_PUB/2806/003_200_20260517_1.pdf","pack_stale_currently_available","1||HEIGHT","20260603/PDF/PBINFO_PUB/2806/","003_200_20260517_1.pdf","선거공보","Y","Y",""
"920260603-2800-옹진군-국민의힘-1-1","제9회 전국동시지방선거","2800","인천광역시","nec_region_scope_for_basic_proportional","920260603","기초의원비례대표선거","9","","옹진군","","","국민의힘","200","","","","1","비례대표 정당 제출자료","1","party-doc:920260603:옹진군:국민의힘:1","false","","true","20260603/PDF/PBINFO_PUB/2810/003_200_20260520_1.pdf","filePathName+updtFileName","https://policy.nec.go.kr/plc/common/downloadFile.do?requestedFileName=20260603_%EC%98%B9%EC%A7%84%EA%B5%B0_%EA%B5%AD%EB%AF%BC%EC%9D%98%ED%9E%98_%EB%B9%84%EB%A1%80%EB%8C%80%ED%91%9C%20%EC%A0%95%EB%8B%B9%20%EC%A0%9C%EC%B6%9C%EC%9E%90%EB%A3%8C.pdf&requestedFullPath=20260603/PDF/PBINFO_PUB/2810/003_200_20260520_1.pdf","pack_stale_currently_available","1||HEIGHT","20260603/PDF/PBINFO_PUB/2810/","003_200_20260520_1.pdf","선거공보","Y","Y",""
"920260603-2800-제물포구-국민의힘-1-1","제9회 전국동시지방선거","2800","인천광역시","nec_region_scope_for_basic_proportional","920260603","기초의원비례대표선거","9","","제물포구","","","국민의힘","200","","","","1","비례대표 정당 제출자료","1","party-doc:920260603:제물포구:국민의힘:1","false","","true","20260603/PDF/PBINFO_PUB/2812/003_200_20260521_1.pdf","filePathName+updtFileName","https://policy.nec.go.kr/plc/common/downloadFile.do?requestedFileName=20260603_%EC%A0%9C%EB%AC%BC%ED%8F%AC%EA%B5%AC_%EA%B5%AD%EB%AF%BC%EC%9D%98%ED%9E%98_%EB%B9%84%EB%A1%80%EB%8C%80%ED%91%9C%20%EC%A0%95%EB%8B%B9%20%EC%A0%9C%EC%B6%9C%EC%9E%90%EB%A3%8C.pdf&requestedFullPath=20260603/PDF/PBINFO_PUB/2812/003_200_20260521_1.pdf","pack_stale_currently_available","1||HEIGHT","20260603/PDF/PBINFO_PUB/2812/","003_200_20260521_1.pdf","선거공보","Y","Y",""
"920260603-2800-계양구-국민의힘-1-1","제9회 전국동시지방선거","2800","인천광역시","nec_region_scope_for_basic_proportional","920260603","기초의원비례대표선거","9","","계양구","","","국민의힘","200","","","","1","비례대표 정당 제출자료","1","party-doc:920260603:계양구:국민의힘:1","false","","true","20260603/PDF/PBINFO_PUB/2807/003_200_20260522_1.pdf","filePathName+updtFileName","https://policy.nec.go.kr/plc/common/downloadFile.do?requestedFileName=20260603_%EA%B3%84%EC%96%91%EA%B5%AC_%EA%B5%AD%EB%AF%BC%EC%9D%98%ED%9E%98_%EB%B9%84%EB%A1%80%EB%8C%80%ED%91%9C%20%EC%A0%95%EB%8B%B9%20%EC%A0%9C%EC%B6%9C%EC%9E%90%EB%A3%8C.pdf&requestedFullPath=20260603/PDF/PBINFO_PUB/2807/003_200_20260522_1.pdf","pack_stale_currently_available","1||HEIGHT","20260603/PDF/PBINFO_PUB/2807/","003_200_20260522_1.pdf","선거공보","Y","Y",""
"920260603-2800-영종구-국민의힘-1-1","제9회 전국동시지방선거","2800","인천광역시","nec_region_scope_for_basic_proportional","920260603","기초의원비례대표선거","9","","영종구","","","국민의힘","200","","","","1","비례대표 정당 제출자료","1","party-doc:920260603:영종구:국민의힘:1","false","","true","20260603/PDF/PBINFO_PUB/2811/003_200_20260516_1.pdf","filePathName+updtFileName","https://policy.nec.go.kr/plc/common/downloadFile.do?requestedFileName=20260603_%EC%98%81%EC%A2%85%EA%B5%AC_%EA%B5%AD%EB%AF%BC%EC%9D%98%ED%9E%98_%EB%B9%84%EB%A1%80%EB%8C%80%ED%91%9C%20%EC%A0%95%EB%8B%B9%20%EC%A0%9C%EC%B6%9C%EC%9E%90%EB%A3%8C.pdf&requestedFullPath=20260603/PDF/PBINFO_PUB/2811/003_200_20260516_1.pdf","pack_stale_currently_available","1||HEIGHT","20260603/PDF/PBINFO_PUB/2811/","003_200_20260516_1.pdf","선거공보","Y","Y",""
"920260603-2800-강화군-국민의힘-1-1","제9회 전국동시지방선거","2800","인천광역시","nec_region_scope_for_basic_proportional","920260603","기초의원비례대표선거","9","","강화군","","","국민의힘","200","","","","1","비례대표 정당 제출자료","1","party-doc:920260603:강화군:국민의힘:1","false","","true","20260603/PDF/PBINFO_PUB/2809/003_200_20260523_1.pdf","filePathName+updtFileName","https://policy.nec.go.kr/plc/common/downloadFile.do?requestedFileName=20260603_%EA%B0%95%ED%99%94%EA%B5%B0_%EA%B5%AD%EB%AF%BC%EC%9D%98%ED%9E%98_%EB%B9%84%EB%A1%80%EB%8C%80%ED%91%9C%20%EC%A0%95%EB%8B%B9%20%EC%A0%9C%EC%B6%9C%EC%9E%90%EB%A3%8C.pdf&requestedFullPath=20260603/PDF/PBINFO_PUB/2809/003_200_20260523_1.pdf","pack_stale_currently_available","1||HEIGHT","20260603/PDF/PBINFO_PUB/2809/","003_200_20260523_1.pdf","선거공보","Y","Y",""
"920260603-2900-북구-더불어민주당-1-1","제9회 전국동시지방선거","2900","광주광역시","nec_region_scope_for_basic_proportional","920260603","기초의원비례대표선거","9","","북구","","","더불어민주당","100","","","","1","비례대표 정당 제출자료","1","party-doc:920260603:북구:더불어민주당:1","false","","true","20260603/PDF/PBINFO_PUB/2904/003_100_20260523_1.pdf","filePathName+updtFileName","https://policy.nec.go.kr/plc/common/downloadFile.do?requestedFileName=20260603_%EB%B6%81%EA%B5%AC_%EB%8D%94%EB%B6%88%EC%96%B4%EB%AF%BC%EC%A3%BC%EB%8B%B9_%EB%B9%84%EB%A1%80%EB%8C%80%ED%91%9C%20%EC%A0%95%EB%8B%B9%20%EC%A0%9C%EC%B6%9C%EC%9E%90%EB%A3%8C.pdf&requestedFullPath=20260603/PDF/PBINFO_PUB/2904/003_100_20260523_1.pdf","pack_stale_currently_available","1||HEIGHT","20260603/PDF/PBINFO_PUB/2904/","003_100_20260523_1.pdf","선거공보","Y","Y",""
"920260603-2900-남구-더불어민주당-1-1","제9회 전국동시지방선거","2900","광주광역시","nec_region_scope_for_basic_proportional","920260603","기초의원비례대표선거","9","","남구","","","더불어민주당","100","","","","1","비례대표 정당 제출자료","1","party-doc:920260603:남구:더불어민주당:1","false","","true","20260603/PDF/PBINFO_PUB/2903/003_100_20260524_2.pdf","filePathName+updtFileName","https://policy.nec.go.kr/plc/common/downloadFile.do?requestedFileName=20260603_%EB%82%A8%EA%B5%AC_%EB%8D%94%EB%B6%88%EC%96%B4%EB%AF%BC%EC%A3%BC%EB%8B%B9_%EB%B9%84%EB%A1%80%EB%8C%80%ED%91%9C%20%EC%A0%95%EB%8B%B9%20%EC%A0%9C%EC%B6%9C%EC%9E%90%EB%A3%8C.pdf&requestedFullPath=20260603/PDF/PBINFO_PUB/2903/003_100_20260524_2.pdf","pack_stale_currently_available","1||HEIGHT","20260603/PDF/PBINFO_PUB/2903/","003_100_20260524_2.pdf","선거공보","Y","Y",""
"920260603-2900-서구-더불어민주당-1-0","제9회 전국동시지방선거","2900","광주광역시","nec_region_scope_for_basic_proportional","920260603","기초의원비례대표선거","9","","서구","","","더불어민주당","100","","","","1","비례대표 정당 제출자료","0","party-doc:920260603:서구:더불어민주당:1","false","","true","20260603/PDF/PBINFO_PUB/2902/003_100_20260524_1.pdf","filePathName+updtFileName","https://policy.nec.go.kr/plc/common/downloadFile.do?requestedFileName=20260603_%EC%84%9C%EA%B5%AC_%EB%8D%94%EB%B6%88%EC%96%B4%EB%AF%BC%EC%A3%BC%EB%8B%B9_%EB%B9%84%EB%A1%80%EB%8C%80%ED%91%9C%20%EC%A0%95%EB%8B%B9%20%EC%A0%9C%EC%B6%9C%EC%9E%90%EB%A3%8C.pdf&requestedFullPath=20260603/PDF/PBINFO_PUB/2902/003_100_20260524_1.pdf","pack_stale_currently_available","0||","20260603/PDF/PBINFO_PUB/2902/","003_100_20260524_1.pdf","선거공보","N","Y",""
"920260603-2900-광산구-더불어민주당-1-1","제9회 전국동시지방선거","2900","광주광역시","nec_region_scope_for_basic_proportional","920260603","기초의원비례대표선거","9","","광산구","","","더불어민주당","100","","","","1","비례대표 정당 제출자료","1","party-doc:920260603:광산구:더불어민주당:1","false","","true","20260603/PDF/PBINFO_PUB/2905/003_100_20260522_1.pdf","filePathName+updtFileName","https://policy.nec.go.kr/plc/common/downloadFile.do?requestedFileName=20260603_%EA%B4%91%EC%82%B0%EA%B5%AC_%EB%8D%94%EB%B6%88%EC%96%B4%EB%AF%BC%EC%A3%BC%EB%8B%B9_%EB%B9%84%EB%A1%80%EB%8C%80%ED%91%9C%20%EC%A0%95%EB%8B%B9%20%EC%A0%9C%EC%B6%9C%EC%9E%90%EB%A3%8C.pdf&requestedFullPath=20260603/PDF/PBINFO_PUB/2905/003_100_20260522_1.pdf","pack_stale_currently_available","1||HEIGHT","20260603/PDF/PBINFO_PUB/2905/","003_100_20260522_1.pdf","선거공보","Y","Y",""
"920260603-2900-북구-조국혁신당-1-1","제9회 전국동시지방선거","2900","광주광역시","nec_region_scope_for_basic_proportional","920260603","기초의원비례대표선거","9","","북구","","","조국혁신당","5077","","","","1","비례대표 정당 제출자료","1","party-doc:920260603:북구:조국혁신당:1","false","","true","20260603/PDF/PBINFO_PUB/2904/003_5077_20260523_2.pdf","filePathName+updtFileName","https://policy.nec.go.kr/plc/common/downloadFile.do?requestedFileName=20260603_%EB%B6%81%EA%B5%AC_%EC%A1%B0%EA%B5%AD%ED%98%81%EC%8B%A0%EB%8B%B9_%EB%B9%84%EB%A1%80%EB%8C%80%ED%91%9C%20%EC%A0%95%EB%8B%B9%20%EC%A0%9C%EC%B6%9C%EC%9E%90%EB%A3%8C.pdf&requestedFullPath=20260603/PDF/PBINFO_PUB/2904/003_5077_20260523_2.pdf","pack_stale_currently_available","1||HEIGHT","20260603/PDF/PBINFO_PUB/2904/","003_5077_20260523_2.pdf","선거공보","Y","Y",""
"920260603-2900-남구-조국혁신당-1-1","제9회 전국동시지방선거","2900","광주광역시","nec_region_scope_for_basic_proportional","920260603","기초의원비례대표선거","9","","남구","","","조국혁신당","5077","","","","1","비례대표 정당 제출자료","1","party-doc:920260603:남구:조국혁신당:1","false","","true","20260603/PDF/PBINFO_PUB/2903/003_5077_20260524_2.pdf","filePathName+updtFileName","https://policy.nec.go.kr/plc/common/downloadFile.do?requestedFileName=20260603_%EB%82%A8%EA%B5%AC_%EC%A1%B0%EA%B5%AD%ED%98%81%EC%8B%A0%EB%8B%B9_%EB%B9%84%EB%A1%80%EB%8C%80%ED%91%9C%20%EC%A0%95%EB%8B%B9%20%EC%A0%9C%EC%B6%9C%EC%9E%90%EB%A3%8C.pdf&requestedFullPath=20260603/PDF/PBINFO_PUB/2903/003_5077_20260524_2.pdf","pack_stale_currently_available","1||HEIGHT","20260603/PDF/PBINFO_PUB/2903/","003_5077_20260524_2.pdf","선거공보","Y","Y",""
"920260603-2900-서구-조국혁신당-1-0","제9회 전국동시지방선거","2900","광주광역시","nec_region_scope_for_basic_proportional","920260603","기초의원비례대표선거","9","","서구","","","조국혁신당","5077","","","","1","비례대표 정당 제출자료","0","party-doc:920260603:서구:조국혁신당:1","false","","true","20260603/PDF/PBINFO_PUB/2902/003_5077_20260524_1.pdf","filePathName+updtFileName","https://policy.nec.go.kr/plc/common/downloadFile.do?requestedFileName=20260603_%EC%84%9C%EA%B5%AC_%EC%A1%B0%EA%B5%AD%ED%98%81%EC%8B%A0%EB%8B%B9_%EB%B9%84%EB%A1%80%EB%8C%80%ED%91%9C%20%EC%A0%95%EB%8B%B9%20%EC%A0%9C%EC%B6%9C%EC%9E%90%EB%A3%8C.pdf&requestedFullPath=20260603/PDF/PBINFO_PUB/2902/003_5077_20260524_1.pdf","pack_stale_currently_available","0||","20260603/PDF/PBINFO_PUB/2902/","003_5077_20260524_1.pdf","선거공보","N","Y",""
"920260603-2900-광산구-조국혁신당-1-1","제9회 전국동시지방선거","2900","광주광역시","nec_region_scope_for_basic_proportional","920260603","기초의원비례대표선거","9","","광산구","","","조국혁신당","5077","","","","1","비례대표 정당 제출자료","1","party-doc:920260603:광산구:조국혁신당:1","false","","true","20260603/PDF/PBINFO_PUB/2905/003_5077_20260522_1.pdf","filePathName+updtFileName","https://policy.nec.go.kr/plc/common/downloadFile.do?requestedFileName=20260603_%EA%B4%91%EC%82%B0%EA%B5%AC_%EC%A1%B0%EA%B5%AD%ED%98%81%EC%8B%A0%EB%8B%B9_%EB%B9%84%EB%A1%80%EB%8C%80%ED%91%9C%20%EC%A0%95%EB%8B%B9%20%EC%A0%9C%EC%B6%9C%EC%9E%90%EB%A3%8C.pdf&requestedFullPath=20260603/PDF/PBINFO_PUB/2905/003_5077_20260522_1.pdf","pack_stale_currently_available","1||HEIGHT","20260603/PDF/PBINFO_PUB/2905/","003_5077_20260522_1.pdf","선거공보","Y","Y",""
"920260603-2900-서구-진보당-1-0","제9회 전국동시지방선거","2900","광주광역시","nec_region_scope_for_basic_proportional","920260603","기초의원비례대표선거","9","","서구","","","진보당","5010","","","","1","비례대표 정당 제출자료","0","party-doc:920260603:서구:진보당:1","false","","true","20260603/PDF/PBINFO_PUB/2902/003_5010_20260524_1.pdf","filePathName+updtFileName","https://policy.nec.go.kr/plc/common/downloadFile.do?requestedFileName=20260603_%EC%84%9C%EA%B5%AC_%EC%A7%84%EB%B3%B4%EB%8B%B9_%EB%B9%84%EB%A1%80%EB%8C%80%ED%91%9C%20%EC%A0%95%EB%8B%B9%20%EC%A0%9C%EC%B6%9C%EC%9E%90%EB%A3%8C.pdf&requestedFullPath=20260603/PDF/PBINFO_PUB/2902/003_5010_20260524_1.pdf","pack_stale_currently_available","0||","20260603/PDF/PBINFO_PUB/2902/","003_5010_20260524_1.pdf","선거공보","N","Y",""
"920260603-2900-남구-진보당-1-1","제9회 전국동시지방선거","2900","광주광역시","nec_region_scope_for_basic_proportional","920260603","기초의원비례대표선거","9","","남구","","","진보당","5010","","","","1","비례대표 정당 제출자료","1","party-doc:920260603:남구:진보당:1","false","","true","20260603/PDF/PBINFO_PUB/2903/003_5010_20260523_1.pdf","filePathName+updtFileName","https://policy.nec.go.kr/plc/common/downloadFile.do?requestedFileName=20260603_%EB%82%A8%EA%B5%AC_%EC%A7%84%EB%B3%B4%EB%8B%B9_%EB%B9%84%EB%A1%80%EB%8C%80%ED%91%9C%20%EC%A0%95%EB%8B%B9%20%EC%A0%9C%EC%B6%9C%EC%9E%90%EB%A3%8C.pdf&requestedFullPath=20260603/PDF/PBINFO_PUB/2903/003_5010_20260523_1.pdf","pack_stale_currently_available","1||HEIGHT","20260603/PDF/PBINFO_PUB/2903/","003_5010_20260523_1.pdf","선거공보","Y","Y",""
"920260603-2900-북구-진보당-1-1","제9회 전국동시지방선거","2900","광주광역시","nec_region_scope_for_basic_proportional","920260603","기초의원비례대표선거","9","","북구","","","진보당","5010","","","","1","비례대표 정당 제출자료","1","party-doc:920260603:북구:진보당:1","false","","true","20260603/PDF/PBINFO_PUB/2904/003_5010_20260523_2.pdf","filePathName+updtFileName","https://policy.nec.go.kr/plc/common/downloadFile.do?requestedFileName=20260603_%EB%B6%81%EA%B5%AC_%EC%A7%84%EB%B3%B4%EB%8B%B9_%EB%B9%84%EB%A1%80%EB%8C%80%ED%91%9C%20%EC%A0%95%EB%8B%B9%20%EC%A0%9C%EC%B6%9C%EC%9E%90%EB%A3%8C.pdf&requestedFullPath=20260603/PDF/PBINFO_PUB/2904/003_5010_20260523_2.pdf","pack_stale_currently_available","1||HEIGHT","20260603/PDF/PBINFO_PUB/2904/","003_5010_20260523_2.pdf","선거공보","Y","Y",""
"920260603-2900-광산구-진보당-1-1","제9회 전국동시지방선거","2900","광주광역시","nec_region_scope_for_basic_proportional","920260603","기초의원비례대표선거","9","","광산구","","","진보당","5010","","","","1","비례대표 정당 제출자료","1","party-doc:920260603:광산구:진보당:1","false","","true","20260603/PDF/PBINFO_PUB/2905/003_5010_20260522_1.pdf","filePathName+updtFileName","https://policy.nec.go.kr/plc/common/downloadFile.do?requestedFileName=20260603_%EA%B4%91%EC%82%B0%EA%B5%AC_%EC%A7%84%EB%B3%B4%EB%8B%B9_%EB%B9%84%EB%A1%80%EB%8C%80%ED%91%9C%20%EC%A0%95%EB%8B%B9%20%EC%A0%9C%EC%B6%9C%EC%9E%90%EB%A3%8C.pdf&requestedFullPath=20260603/PDF/PBINFO_PUB/2905/003_5010_20260522_1.pdf","pack_stale_currently_available","1||HEIGHT","20260603/PDF/PBINFO_PUB/2905/","003_5010_20260522_1.pdf","선거공보","Y","Y",""
"920260603-3000-서구-더불어민주당-1-1","제9회 전국동시지방선거","3000","대전광역시","nec_region_scope_for_basic_proportional","920260603","기초의원비례대표선거","9","","서구","","","더불어민주당","100","","","","1","비례대표 정당 제출자료","1","party-doc:920260603:서구:더불어민주당:1","false","","true","20260603/PDF/PBINFO_PUB/3003/003_100_20260522_1.pdf","filePathName+updtFileName","https://policy.nec.go.kr/plc/common/downloadFile.do?requestedFileName=20260603_%EC%84%9C%EA%B5%AC_%EB%8D%94%EB%B6%88%EC%96%B4%EB%AF%BC%EC%A3%BC%EB%8B%B9_%EB%B9%84%EB%A1%80%EB%8C%80%ED%91%9C%20%EC%A0%95%EB%8B%B9%20%EC%A0%9C%EC%B6%9C%EC%9E%90%EB%A3%8C.pdf&requestedFullPath=20260603/PDF/PBINFO_PUB/3003/003_100_20260522_1.pdf","pack_stale_currently_available","1||HEIGHT","20260603/PDF/PBINFO_PUB/3003/","003_100_20260522_1.pdf","선거공보","Y","Y",""
"920260603-3000-중구-더불어민주당-1-1","제9회 전국동시지방선거","3000","대전광역시","nec_region_scope_for_basic_proportional","920260603","기초의원비례대표선거","9","","중구","","","더불어민주당","100","","","","1","비례대표 정당 제출자료","1","party-doc:920260603:중구:더불어민주당:1","false","","true","20260603/PDF/PBINFO_PUB/3002/003_100_20260522_1.pdf","filePathName+updtFileName","https://policy.nec.go.kr/plc/common/downloadFile.do?requestedFileName=20260603_%EC%A4%91%EA%B5%AC_%EB%8D%94%EB%B6%88%EC%96%B4%EB%AF%BC%EC%A3%BC%EB%8B%B9_%EB%B9%84%EB%A1%80%EB%8C%80%ED%91%9C%20%EC%A0%95%EB%8B%B9%20%EC%A0%9C%EC%B6%9C%EC%9E%90%EB%A3%8C.pdf&requestedFullPath=20260603/PDF/PBINFO_PUB/3002/003_100_20260522_1.pdf","pack_stale_currently_available","1||HEIGHT","20260603/PDF/PBINFO_PUB/3002/","003_100_20260522_1.pdf","선거공보","Y","Y",""
"920260603-3000-유성구-더불어민주당-1-1","제9회 전국동시지방선거","3000","대전광역시","nec_region_scope_for_basic_proportional","920260603","기초의원비례대표선거","9","","유성구","","","더불어민주당","100","","","","1","비례대표 정당 제출자료","1","party-doc:920260603:유성구:더불어민주당:1","false","","true","20260603/PDF/PBINFO_PUB/3004/003_100_20260517_1.pdf","filePathName+updtFileName","https://policy.nec.go.kr/plc/common/downloadFile.do?requestedFileName=20260603_%EC%9C%A0%EC%84%B1%EA%B5%AC_%EB%8D%94%EB%B6%88%EC%96%B4%EB%AF%BC%EC%A3%BC%EB%8B%B9_%EB%B9%84%EB%A1%80%EB%8C%80%ED%91%9C%20%EC%A0%95%EB%8B%B9%20%EC%A0%9C%EC%B6%9C%EC%9E%90%EB%A3%8C.pdf&requestedFullPath=20260603/PDF/PBINFO_PUB/3004/003_100_20260517_1.pdf","pack_stale_currently_available","1||HEIGHT","20260603/PDF/PBINFO_PUB/3004/","003_100_20260517_1.pdf","선거공보","Y","Y",""
"920260603-3000-동구-더불어민주당-1-1","제9회 전국동시지방선거","3000","대전광역시","nec_region_scope_for_basic_proportional","920260603","기초의원비례대표선거","9","","동구","","","더불어민주당","100","","","","1","비례대표 정당 제출자료","1","party-doc:920260603:동구:더불어민주당:1","false","","true","20260603/PDF/PBINFO_PUB/3001/003_100_20260517_1.pdf","filePathName+updtFileName","https://policy.nec.go.kr/plc/common/downloadFile.do?requestedFileName=20260603_%EB%8F%99%EA%B5%AC_%EB%8D%94%EB%B6%88%EC%96%B4%EB%AF%BC%EC%A3%BC%EB%8B%B9_%EB%B9%84%EB%A1%80%EB%8C%80%ED%91%9C%20%EC%A0%95%EB%8B%B9%20%EC%A0%9C%EC%B6%9C%EC%9E%90%EB%A3%8C.pdf&requestedFullPath=20260603/PDF/PBINFO_PUB/3001/003_100_20260517_1.pdf","pack_stale_currently_available","1||HEIGHT","20260603/PDF/PBINFO_PUB/3001/","003_100_20260517_1.pdf","선거공보","Y","Y",""
"920260603-3000-대덕구-더불어민주당-1-1","제9회 전국동시지방선거","3000","대전광역시","nec_region_scope_for_basic_proportional","920260603","기초의원비례대표선거","9","","대덕구","","","더불어민주당","100","","","","1","비례대표 정당 제출자료","1","party-doc:920260603:대덕구:더불어민주당:1","false","","true","20260603/PDF/PBINFO_PUB/3005/003_100_20260523_2.pdf","filePathName+updtFileName","https://policy.nec.go.kr/plc/common/downloadFile.do?requestedFileName=20260603_%EB%8C%80%EB%8D%95%EA%B5%AC_%EB%8D%94%EB%B6%88%EC%96%B4%EB%AF%BC%EC%A3%BC%EB%8B%B9_%EB%B9%84%EB%A1%80%EB%8C%80%ED%91%9C%20%EC%A0%95%EB%8B%B9%20%EC%A0%9C%EC%B6%9C%EC%9E%90%EB%A3%8C.pdf&requestedFullPath=20260603/PDF/PBINFO_PUB/3005/003_100_20260523_2.pdf","pack_stale_currently_available","1||HEIGHT","20260603/PDF/PBINFO_PUB/3005/","003_100_20260523_2.pdf","선거공보","Y","Y",""
"920260603-3000-대덕구-국민의힘-1-1","제9회 전국동시지방선거","3000","대전광역시","nec_region_scope_for_basic_proportional","920260603","기초의원비례대표선거","9","","대덕구","","","국민의힘","200","","","","1","비례대표 정당 제출자료","1","party-doc:920260603:대덕구:국민의힘:1","false","","true","20260603/PDF/PBINFO_PUB/3005/003_200_20260523_1.pdf","filePathName+updtFileName","https://policy.nec.go.kr/plc/common/downloadFile.do?requestedFileName=20260603_%EB%8C%80%EB%8D%95%EA%B5%AC_%EA%B5%AD%EB%AF%BC%EC%9D%98%ED%9E%98_%EB%B9%84%EB%A1%80%EB%8C%80%ED%91%9C%20%EC%A0%95%EB%8B%B9%20%EC%A0%9C%EC%B6%9C%EC%9E%90%EB%A3%8C.pdf&requestedFullPath=20260603/PDF/PBINFO_PUB/3005/003_200_20260523_1.pdf","pack_stale_currently_available","1||HEIGHT","20260603/PDF/PBINFO_PUB/3005/","003_200_20260523_1.pdf","선거공보","Y","Y",""
"920260603-3000-서구-국민의힘-1-1","제9회 전국동시지방선거","3000","대전광역시","nec_region_scope_for_basic_proportional","920260603","기초의원비례대표선거","9","","서구","","","국민의힘","200","","","","1","비례대표 정당 제출자료","1","party-doc:920260603:서구:국민의힘:1","false","","true","20260603/PDF/PBINFO_PUB/3003/003_200_20260522_1.pdf","filePathName+updtFileName","https://policy.nec.go.kr/plc/common/downloadFile.do?requestedFileName=20260603_%EC%84%9C%EA%B5%AC_%EA%B5%AD%EB%AF%BC%EC%9D%98%ED%9E%98_%EB%B9%84%EB%A1%80%EB%8C%80%ED%91%9C%20%EC%A0%95%EB%8B%B9%20%EC%A0%9C%EC%B6%9C%EC%9E%90%EB%A3%8C.pdf&requestedFullPath=20260603/PDF/PBINFO_PUB/3003/003_200_20260522_1.pdf","pack_stale_currently_available","1||HEIGHT","20260603/PDF/PBINFO_PUB/3003/","003_200_20260522_1.pdf","선거공보","Y","Y",""
"920260603-3000-중구-국민의힘-1-1","제9회 전국동시지방선거","3000","대전광역시","nec_region_scope_for_basic_proportional","920260603","기초의원비례대표선거","9","","중구","","","국민의힘","200","","","","1","비례대표 정당 제출자료","1","party-doc:920260603:중구:국민의힘:1","false","","true","20260603/PDF/PBINFO_PUB/3002/003_200_20260522_1.pdf","filePathName+updtFileName","https://policy.nec.go.kr/plc/common/downloadFile.do?requestedFileName=20260603_%EC%A4%91%EA%B5%AC_%EA%B5%AD%EB%AF%BC%EC%9D%98%ED%9E%98_%EB%B9%84%EB%A1%80%EB%8C%80%ED%91%9C%20%EC%A0%95%EB%8B%B9%20%EC%A0%9C%EC%B6%9C%EC%9E%90%EB%A3%8C.pdf&requestedFullPath=20260603/PDF/PBINFO_PUB/3002/003_200_20260522_1.pdf","pack_stale_currently_available","1||HEIGHT","20260603/PDF/PBINFO_PUB/3002/","003_200_20260522_1.pdf","선거공보","Y","Y",""
"920260603-3000-동구-국민의힘-1-1","제9회 전국동시지방선거","3000","대전광역시","nec_region_scope_for_basic_proportional","920260603","기초의원비례대표선거","9","","동구","","","국민의힘","200","","","","1","비례대표 정당 제출자료","1","party-doc:920260603:동구:국민의힘:1","false","","true","20260603/PDF/PBINFO_PUB/3001/003_200_20260521_1.pdf","filePathName+updtFileName","https://policy.nec.go.kr/plc/common/downloadFile.do?requestedFileName=20260603_%EB%8F%99%EA%B5%AC_%EA%B5%AD%EB%AF%BC%EC%9D%98%ED%9E%98_%EB%B9%84%EB%A1%80%EB%8C%80%ED%91%9C%20%EC%A0%95%EB%8B%B9%20%EC%A0%9C%EC%B6%9C%EC%9E%90%EB%A3%8C.pdf&requestedFullPath=20260603/PDF/PBINFO_PUB/3001/003_200_20260521_1.pdf","pack_stale_currently_available","1||HEIGHT","20260603/PDF/PBINFO_PUB/3001/","003_200_20260521_1.pdf","선거공보","Y","Y",""
"920260603-3000-유성구-국민의힘-1-1","제9회 전국동시지방선거","3000","대전광역시","nec_region_scope_for_basic_proportional","920260603","기초의원비례대표선거","9","","유성구","","","국민의힘","200","","","","1","비례대표 정당 제출자료","1","party-doc:920260603:유성구:국민의힘:1","false","","true","20260603/PDF/PBINFO_PUB/3004/003_200_20260517_1.pdf","filePathName+updtFileName","https://policy.nec.go.kr/plc/common/downloadFile.do?requestedFileName=20260603_%EC%9C%A0%EC%84%B1%EA%B5%AC_%EA%B5%AD%EB%AF%BC%EC%9D%98%ED%9E%98_%EB%B9%84%EB%A1%80%EB%8C%80%ED%91%9C%20%EC%A0%95%EB%8B%B9%20%EC%A0%9C%EC%B6%9C%EC%9E%90%EB%A3%8C.pdf&requestedFullPath=20260603/PDF/PBINFO_PUB/3004/003_200_20260517_1.pdf","pack_stale_currently_available","1||HEIGHT","20260603/PDF/PBINFO_PUB/3004/","003_200_20260517_1.pdf","선거공보","Y","Y",""
"920260603-3100-동구-더불어민주당-1-1","제9회 전국동시지방선거","3100","울산광역시","nec_region_scope_for_basic_proportional","920260603","기초의원비례대표선거","9","","동구","","","더불어민주당","100","","","","1","비례대표 정당 제출자료","1","party-doc:920260603:동구:더불어민주당:1","false","","true","20260603/PDF/PBINFO_PUB/3103/003_100_20260522_1.pdf","filePathName+updtFileName","https://policy.nec.go.kr/plc/common/downloadFile.do?requestedFileName=20260603_%EB%8F%99%EA%B5%AC_%EB%8D%94%EB%B6%88%EC%96%B4%EB%AF%BC%EC%A3%BC%EB%8B%B9_%EB%B9%84%EB%A1%80%EB%8C%80%ED%91%9C%20%EC%A0%95%EB%8B%B9%20%EC%A0%9C%EC%B6%9C%EC%9E%90%EB%A3%8C.pdf&requestedFullPath=20260603/PDF/PBINFO_PUB/3103/003_100_20260522_1.pdf","pack_stale_currently_available","1||HEIGHT","20260603/PDF/PBINFO_PUB/3103/","003_100_20260522_1.pdf","선거공보","Y","Y",""
"920260603-3100-남구-더불어민주당-1-1","제9회 전국동시지방선거","3100","울산광역시","nec_region_scope_for_basic_proportional","920260603","기초의원비례대표선거","9","","남구","","","더불어민주당","100","","","","1","비례대표 정당 제출자료","1","party-doc:920260603:남구:더불어민주당:1","false","","true","20260603/PDF/PBINFO_PUB/3102/003_100_20260522_1.pdf","filePathName+updtFileName","https://policy.nec.go.kr/plc/common/downloadFile.do?requestedFileName=20260603_%EB%82%A8%EA%B5%AC_%EB%8D%94%EB%B6%88%EC%96%B4%EB%AF%BC%EC%A3%BC%EB%8B%B9_%EB%B9%84%EB%A1%80%EB%8C%80%ED%91%9C%20%EC%A0%95%EB%8B%B9%20%EC%A0%9C%EC%B6%9C%EC%9E%90%EB%A3%8C.pdf&requestedFullPath=20260603/PDF/PBINFO_PUB/3102/003_100_20260522_1.pdf","pack_stale_currently_available","1||HEIGHT","20260603/PDF/PBINFO_PUB/3102/","003_100_20260522_1.pdf","선거공보","Y","Y",""
"920260603-3100-울주군-더불어민주당-1-1","제9회 전국동시지방선거","3100","울산광역시","nec_region_scope_for_basic_proportional","920260603","기초의원비례대표선거","9","","울주군","","","더불어민주당","100","","","","1","비례대표 정당 제출자료","1","party-doc:920260603:울주군:더불어민주당:1","false","","true","20260603/PDF/PBINFO_PUB/3105/003_100_20260522_1.pdf","filePathName+updtFileName","https://policy.nec.go.kr/plc/common/downloadFile.do?requestedFileName=20260603_%EC%9A%B8%EC%A3%BC%EA%B5%B0_%EB%8D%94%EB%B6%88%EC%96%B4%EB%AF%BC%EC%A3%BC%EB%8B%B9_%EB%B9%84%EB%A1%80%EB%8C%80%ED%91%9C%20%EC%A0%95%EB%8B%B9%20%EC%A0%9C%EC%B6%9C%EC%9E%90%EB%A3%8C.pdf&requestedFullPath=20260603/PDF/PBINFO_PUB/3105/003_100_20260522_1.pdf","pack_stale_currently_available","1||HEIGHT","20260603/PDF/PBINFO_PUB/3105/","003_100_20260522_1.pdf","선거공보","Y","Y",""
"920260603-3100-중구-더불어민주당-1-1","제9회 전국동시지방선거","3100","울산광역시","nec_region_scope_for_basic_proportional","920260603","기초의원비례대표선거","9","","중구","","","더불어민주당","100","","","","1","비례대표 정당 제출자료","1","party-doc:920260603:중구:더불어민주당:1","false","","true","20260603/PDF/PBINFO_PUB/3101/003_100_20260522_1.pdf","filePathName+updtFileName","https://policy.nec.go.kr/plc/common/downloadFile.do?requestedFileName=20260603_%EC%A4%91%EA%B5%AC_%EB%8D%94%EB%B6%88%EC%96%B4%EB%AF%BC%EC%A3%BC%EB%8B%B9_%EB%B9%84%EB%A1%80%EB%8C%80%ED%91%9C%20%EC%A0%95%EB%8B%B9%20%EC%A0%9C%EC%B6%9C%EC%9E%90%EB%A3%8C.pdf&requestedFullPath=20260603/PDF/PBINFO_PUB/3101/003_100_20260522_1.pdf","pack_stale_currently_available","1||HEIGHT","20260603/PDF/PBINFO_PUB/3101/","003_100_20260522_1.pdf","선거공보","Y","Y",""
"920260603-3100-북구-더불어민주당-1-1","제9회 전국동시지방선거","3100","울산광역시","nec_region_scope_for_basic_proportional","920260603","기초의원비례대표선거","9","","북구","","","더불어민주당","100","","","","1","비례대표 정당 제출자료","1","party-doc:920260603:북구:더불어민주당:1","false","","true","20260603/PDF/PBINFO_PUB/3104/003_100_20260522_1.pdf","filePathName+updtFileName","https://policy.nec.go.kr/plc/common/downloadFile.do?requestedFileName=20260603_%EB%B6%81%EA%B5%AC_%EB%8D%94%EB%B6%88%EC%96%B4%EB%AF%BC%EC%A3%BC%EB%8B%B9_%EB%B9%84%EB%A1%80%EB%8C%80%ED%91%9C%20%EC%A0%95%EB%8B%B9%20%EC%A0%9C%EC%B6%9C%EC%9E%90%EB%A3%8C.pdf&requestedFullPath=20260603/PDF/PBINFO_PUB/3104/003_100_20260522_1.pdf","pack_stale_currently_available","1||HEIGHT","20260603/PDF/PBINFO_PUB/3104/","003_100_20260522_1.pdf","선거공보","Y","Y",""
"920260603-3100-울주군-국민의힘-1-1","제9회 전국동시지방선거","3100","울산광역시","nec_region_scope_for_basic_proportional","920260603","기초의원비례대표선거","9","","울주군","","","국민의힘","200","","","","1","비례대표 정당 제출자료","1","party-doc:920260603:울주군:국민의힘:1","false","","true","20260603/PDF/PBINFO_PUB/3105/003_200_20260522_1.pdf","filePathName+updtFileName","https://policy.nec.go.kr/plc/common/downloadFile.do?requestedFileName=20260603_%EC%9A%B8%EC%A3%BC%EA%B5%B0_%EA%B5%AD%EB%AF%BC%EC%9D%98%ED%9E%98_%EB%B9%84%EB%A1%80%EB%8C%80%ED%91%9C%20%EC%A0%95%EB%8B%B9%20%EC%A0%9C%EC%B6%9C%EC%9E%90%EB%A3%8C.pdf&requestedFullPath=20260603/PDF/PBINFO_PUB/3105/003_200_20260522_1.pdf","pack_stale_currently_available","1||HEIGHT","20260603/PDF/PBINFO_PUB/3105/","003_200_20260522_1.pdf","선거공보","Y","Y",""
"920260603-3100-동구-국민의힘-1-1","제9회 전국동시지방선거","3100","울산광역시","nec_region_scope_for_basic_proportional","920260603","기초의원비례대표선거","9","","동구","","","국민의힘","200","","","","1","비례대표 정당 제출자료","1","party-doc:920260603:동구:국민의힘:1","false","","true","20260603/PDF/PBINFO_PUB/3103/003_200_20260522_1.pdf","filePathName+updtFileName","https://policy.nec.go.kr/plc/common/downloadFile.do?requestedFileName=20260603_%EB%8F%99%EA%B5%AC_%EA%B5%AD%EB%AF%BC%EC%9D%98%ED%9E%98_%EB%B9%84%EB%A1%80%EB%8C%80%ED%91%9C%20%EC%A0%95%EB%8B%B9%20%EC%A0%9C%EC%B6%9C%EC%9E%90%EB%A3%8C.pdf&requestedFullPath=20260603/PDF/PBINFO_PUB/3103/003_200_20260522_1.pdf","pack_stale_currently_available","1||HEIGHT","20260603/PDF/PBINFO_PUB/3103/","003_200_20260522_1.pdf","선거공보","Y","Y",""
"920260603-3100-북구-국민의힘-1-1","제9회 전국동시지방선거","3100","울산광역시","nec_region_scope_for_basic_proportional","920260603","기초의원비례대표선거","9","","북구","","","국민의힘","200","","","","1","비례대표 정당 제출자료","1","party-doc:920260603:북구:국민의힘:1","false","","true","20260603/PDF/PBINFO_PUB/3104/003_200_20260522_1.pdf","filePathName+updtFileName","https://policy.nec.go.kr/plc/common/downloadFile.do?requestedFileName=20260603_%EB%B6%81%EA%B5%AC_%EA%B5%AD%EB%AF%BC%EC%9D%98%ED%9E%98_%EB%B9%84%EB%A1%80%EB%8C%80%ED%91%9C%20%EC%A0%95%EB%8B%B9%20%EC%A0%9C%EC%B6%9C%EC%9E%90%EB%A3%8C.pdf&requestedFullPath=20260603/PDF/PBINFO_PUB/3104/003_200_20260522_1.pdf","pack_stale_currently_available","1||HEIGHT","20260603/PDF/PBINFO_PUB/3104/","003_200_20260522_1.pdf","선거공보","Y","Y",""
"920260603-3100-중구-국민의힘-1-1","제9회 전국동시지방선거","3100","울산광역시","nec_region_scope_for_basic_proportional","920260603","기초의원비례대표선거","9","","중구","","","국민의힘","200","","","","1","비례대표 정당 제출자료","1","party-doc:920260603:중구:국민의힘:1","false","","true","20260603/PDF/PBINFO_PUB/3101/003_200_20260522_1.pdf","filePathName+updtFileName","https://policy.nec.go.kr/plc/common/downloadFile.do?requestedFileName=20260603_%EC%A4%91%EA%B5%AC_%EA%B5%AD%EB%AF%BC%EC%9D%98%ED%9E%98_%EB%B9%84%EB%A1%80%EB%8C%80%ED%91%9C%20%EC%A0%95%EB%8B%B9%20%EC%A0%9C%EC%B6%9C%EC%9E%90%EB%A3%8C.pdf&requestedFullPath=20260603/PDF/PBINFO_PUB/3101/003_200_20260522_1.pdf","pack_stale_currently_available","1||HEIGHT","20260603/PDF/PBINFO_PUB/3101/","003_200_20260522_1.pdf","선거공보","Y","Y",""
"920260603-3100-남구-국민의힘-1-1","제9회 전국동시지방선거","3100","울산광역시","nec_region_scope_for_basic_proportional","920260603","기초의원비례대표선거","9","","남구","","","국민의힘","200","","","","1","비례대표 정당 제출자료","1","party-doc:920260603:남구:국민의힘:1","false","","true","20260603/PDF/PBINFO_PUB/3102/003_200_20260522_1.pdf","filePathName+updtFileName","https://policy.nec.go.kr/plc/common/downloadFile.do?requestedFileName=20260603_%EB%82%A8%EA%B5%AC_%EA%B5%AD%EB%AF%BC%EC%9D%98%ED%9E%98_%EB%B9%84%EB%A1%80%EB%8C%80%ED%91%9C%20%EC%A0%95%EB%8B%B9%20%EC%A0%9C%EC%B6%9C%EC%9E%90%EB%A3%8C.pdf&requestedFullPath=20260603/PDF/PBINFO_PUB/3102/003_200_20260522_1.pdf","pack_stale_currently_available","1||HEIGHT","20260603/PDF/PBINFO_PUB/3102/","003_200_20260522_1.pdf","선거공보","Y","Y",""
"920260603-3100-남구-진보당-1-1","제9회 전국동시지방선거","3100","울산광역시","nec_region_scope_for_basic_proportional","920260603","기초의원비례대표선거","9","","남구","","","진보당","5010","","","","1","비례대표 정당 제출자료","1","party-doc:920260603:남구:진보당:1","false","","true","20260603/PDF/PBINFO_PUB/3102/003_5010_20260521_1.pdf","filePathName+updtFileName","https://policy.nec.go.kr/plc/common/downloadFile.do?requestedFileName=20260603_%EB%82%A8%EA%B5%AC_%EC%A7%84%EB%B3%B4%EB%8B%B9_%EB%B9%84%EB%A1%80%EB%8C%80%ED%91%9C%20%EC%A0%95%EB%8B%B9%20%EC%A0%9C%EC%B6%9C%EC%9E%90%EB%A3%8C.pdf&requestedFullPath=20260603/PDF/PBINFO_PUB/3102/003_5010_20260521_1.pdf","pack_stale_currently_available","1||HEIGHT","20260603/PDF/PBINFO_PUB/3102/","003_5010_20260521_1.pdf","선거공보","Y","Y",""
"920260603-3100-동구-진보당-1-1","제9회 전국동시지방선거","3100","울산광역시","nec_region_scope_for_basic_proportional","920260603","기초의원비례대표선거","9","","동구","","","진보당","5010","","","","1","비례대표 정당 제출자료","1","party-doc:920260603:동구:진보당:1","false","","true","20260603/PDF/PBINFO_PUB/3103/003_5010_20260522_1.pdf","filePathName+updtFileName","https://policy.nec.go.kr/plc/common/downloadFile.do?requestedFileName=20260603_%EB%8F%99%EA%B5%AC_%EC%A7%84%EB%B3%B4%EB%8B%B9_%EB%B9%84%EB%A1%80%EB%8C%80%ED%91%9C%20%EC%A0%95%EB%8B%B9%20%EC%A0%9C%EC%B6%9C%EC%9E%90%EB%A3%8C.pdf&requestedFullPath=20260603/PDF/PBINFO_PUB/3103/003_5010_20260522_1.pdf","pack_stale_currently_available","1||HEIGHT","20260603/PDF/PBINFO_PUB/3103/","003_5010_20260522_1.pdf","선거공보","Y","Y",""
"920260603-4100-오산시-더불어민주당-1-1","제9회 전국동시지방선거","4100","경기도","nec_region_scope_for_basic_proportional","920260603","기초의원비례대표선거","9","","오산시","","","더불어민주당","100","","","","1","비례대표 정당 제출자료","1","party-doc:920260603:오산시:더불어민주당:1","false","","true","20260603/PDF/PBINFO_PUB/4127/003_100_20260522_1.pdf","filePathName+updtFileName","https://policy.nec.go.kr/plc/common/downloadFile.do?requestedFileName=20260603_%EC%98%A4%EC%82%B0%EC%8B%9C_%EB%8D%94%EB%B6%88%EC%96%B4%EB%AF%BC%EC%A3%BC%EB%8B%B9_%EB%B9%84%EB%A1%80%EB%8C%80%ED%91%9C%20%EC%A0%95%EB%8B%B9%20%EC%A0%9C%EC%B6%9C%EC%9E%90%EB%A3%8C.pdf&requestedFullPath=20260603/PDF/PBINFO_PUB/4127/003_100_20260522_1.pdf","pack_stale_currently_available","1||HEIGHT","20260603/PDF/PBINFO_PUB/4127/","003_100_20260522_1.pdf","선거공보","Y","Y",""
"920260603-4100-과천시-더불어민주당-1-1","제9회 전국동시지방선거","4100","경기도","nec_region_scope_for_basic_proportional","920260603","기초의원비례대표선거","9","","과천시","","","더불어민주당","100","","","","1","비례대표 정당 제출자료","1","party-doc:920260603:과천시:더불어민주당:1","false","","true","20260603/PDF/PBINFO_PUB/4123/003_100_20260523_1.pdf","filePathName+updtFileName","https://policy.nec.go.kr/plc/common/downloadFile.do?requestedFileName=20260603_%EA%B3%BC%EC%B2%9C%EC%8B%9C_%EB%8D%94%EB%B6%88%EC%96%B4%EB%AF%BC%EC%A3%BC%EB%8B%B9_%EB%B9%84%EB%A1%80%EB%8C%80%ED%91%9C%20%EC%A0%95%EB%8B%B9%20%EC%A0%9C%EC%B6%9C%EC%9E%90%EB%A3%8C.pdf&requestedFullPath=20260603/PDF/PBINFO_PUB/4123/003_100_20260523_1.pdf","pack_stale_currently_available","1||HEIGHT","20260603/PDF/PBINFO_PUB/4123/","003_100_20260523_1.pdf","선거공보","Y","Y",""
"920260603-4100-이천시-더불어민주당-1-1","제9회 전국동시지방선거","4100","경기도","nec_region_scope_for_basic_proportional","920260603","기초의원비례대표선거","9","","이천시","","","더불어민주당","100","","","","1","비례대표 정당 제출자료","1","party-doc:920260603:이천시:더불어민주당:1","false","","true","20260603/PDF/PBINFO_PUB/4134/003_100_20260521_1.pdf","filePathName+updtFileName","https://policy.nec.go.kr/plc/common/downloadFile.do?requestedFileName=20260603_%EC%9D%B4%EC%B2%9C%EC%8B%9C_%EB%8D%94%EB%B6%88%EC%96%B4%EB%AF%BC%EC%A3%BC%EB%8B%B9_%EB%B9%84%EB%A1%80%EB%8C%80%ED%91%9C%20%EC%A0%95%EB%8B%B9%20%EC%A0%9C%EC%B6%9C%EC%9E%90%EB%A3%8C.pdf&requestedFullPath=20260603/PDF/PBINFO_PUB/4134/003_100_20260521_1.pdf","pack_stale_currently_available","1||HEIGHT","20260603/PDF/PBINFO_PUB/4134/","003_100_20260521_1.pdf","선거공보","Y","Y",""
"920260603-4100-의왕시-더불어민주당-1-1","제9회 전국동시지방선거","4100","경기도","nec_region_scope_for_basic_proportional","920260603","기초의원비례대표선거","9","","의왕시","","","더불어민주당","100","","","","1","비례대표 정당 제출자료","1","party-doc:920260603:의왕시:더불어민주당:1","false","","true","20260603/PDF/PBINFO_PUB/4124/003_100_20260525_1.pdf","filePathName+updtFileName","https://policy.nec.go.kr/plc/common/downloadFile.do?requestedFileName=20260603_%EC%9D%98%EC%99%95%EC%8B%9C_%EB%8D%94%EB%B6%88%EC%96%B4%EB%AF%BC%EC%A3%BC%EB%8B%B9_%EB%B9%84%EB%A1%80%EB%8C%80%ED%91%9C%20%EC%A0%95%EB%8B%B9%20%EC%A0%9C%EC%B6%9C%EC%9E%90%EB%A3%8C.pdf&requestedFullPath=20260603/PDF/PBINFO_PUB/4124/003_100_20260525_1.pdf","pack_stale_currently_available","1||HEIGHT","20260603/PDF/PBINFO_PUB/4124/","003_100_20260525_1.pdf","선거공보","Y","Y",""
"920260603-4100-수원시-더불어민주당-1-1","제9회 전국동시지방선거","4100","경기도","nec_region_scope_for_basic_proportional","920260603","기초의원비례대표선거","9","","수원시","","","더불어민주당","100","","","","1","비례대표 정당 제출자료","1","party-doc:920260603:수원시:더불어민주당:1","false","","true","20260603/PDF/PBINFO_PUB/4103/003_100_20260525_2.pdf","filePathName+updtFileName","https://policy.nec.go.kr/plc/common/downloadFile.do?requestedFileName=20260603_%EC%88%98%EC%9B%90%EC%8B%9C_%EB%8D%94%EB%B6%88%EC%96%B4%EB%AF%BC%EC%A3%BC%EB%8B%B9_%EB%B9%84%EB%A1%80%EB%8C%80%ED%91%9C%20%EC%A0%95%EB%8B%B9%20%EC%A0%9C%EC%B6%9C%EC%9E%90%EB%A3%8C.pdf&requestedFullPath=20260603/PDF/PBINFO_PUB/4103/003_100_20260525_2.pdf","pack_stale_currently_available","1||HEIGHT","20260603/PDF/PBINFO_PUB/4103/","003_100_20260525_2.pdf","선거공보","Y","Y",""
"920260603-4100-포천시-더불어민주당-1-1","제9회 전국동시지방선거","4100","경기도","nec_region_scope_for_basic_proportional","920260603","기초의원비례대표선거","9","","포천시","","","더불어민주당","100","","","","1","비례대표 정당 제출자료","1","party-doc:920260603:포천시:더불어민주당:1","false","","true","20260603/PDF/PBINFO_PUB/4141/003_100_20260523_1.pdf","filePathName+updtFileName","https://policy.nec.go.kr/plc/common/downloadFile.do?requestedFileName=20260603_%ED%8F%AC%EC%B2%9C%EC%8B%9C_%EB%8D%94%EB%B6%88%EC%96%B4%EB%AF%BC%EC%A3%BC%EB%8B%B9_%EB%B9%84%EB%A1%80%EB%8C%80%ED%91%9C%20%EC%A0%95%EB%8B%B9%20%EC%A0%9C%EC%B6%9C%EC%9E%90%EB%A3%8C.pdf&requestedFullPath=20260603/PDF/PBINFO_PUB/4141/003_100_20260523_1.pdf","pack_stale_currently_available","1||HEIGHT","20260603/PDF/PBINFO_PUB/4141/","003_100_20260523_1.pdf","선거공보","Y","Y",""
"920260603-4100-여주시-더불어민주당-1-0","제9회 전국동시지방선거","4100","경기도","nec_region_scope_for_basic_proportional","920260603","기초의원비례대표선거","9","","여주시","","","더불어민주당","100","","","","1","비례대표 정당 제출자료","0","party-doc:920260603:여주시:더불어민주당:1","false","","true","20260603/PDF/PBINFO_PUB/4133/003_100_20260522_1.pdf","filePathName+updtFileName","https://policy.nec.go.kr/plc/common/downloadFile.do?requestedFileName=20260603_%EC%97%AC%EC%A3%BC%EC%8B%9C_%EB%8D%94%EB%B6%88%EC%96%B4%EB%AF%BC%EC%A3%BC%EB%8B%B9_%EB%B9%84%EB%A1%80%EB%8C%80%ED%91%9C%20%EC%A0%95%EB%8B%B9%20%EC%A0%9C%EC%B6%9C%EC%9E%90%EB%A3%8C.pdf&requestedFullPath=20260603/PDF/PBINFO_PUB/4133/003_100_20260522_1.pdf","pack_stale_currently_available","0||","20260603/PDF/PBINFO_PUB/4133/","003_100_20260522_1.pdf","선거공보","N","Y",""
"920260603-4100-동두천시-더불어민주당-1-1","제9회 전국동시지방선거","4100","경기도","nec_region_scope_for_basic_proportional","920260603","기초의원비례대표선거","9","","동두천시","","","더불어민주당","100","","","","1","비례대표 정당 제출자료","1","party-doc:920260603:동두천시:더불어민주당:1","false","","true","20260603/PDF/PBINFO_PUB/4117/003_100_20260523_1.pdf","filePathName+updtFileName","https://policy.nec.go.kr/plc/common/downloadFile.do?requestedFileName=20260603_%EB%8F%99%EB%91%90%EC%B2%9C%EC%8B%9C_%EB%8D%94%EB%B6%88%EC%96%B4%EB%AF%BC%EC%A3%BC%EB%8B%B9_%EB%B9%84%EB%A1%80%EB%8C%80%ED%91%9C%20%EC%A0%95%EB%8B%B9%20%EC%A0%9C%EC%B6%9C%EC%9E%90%EB%A3%8C.pdf&requestedFullPath=20260603/PDF/PBINFO_PUB/4117/003_100_20260523_1.pdf","pack_stale_currently_available","1||HEIGHT","20260603/PDF/PBINFO_PUB/4117/","003_100_20260523_1.pdf","선거공보","Y","Y",""
"920260603-4100-평택시-더불어민주당-1-1","제9회 전국동시지방선거","4100","경기도","nec_region_scope_for_basic_proportional","920260603","기초의원비례대표선거","9","","평택시","","","더불어민주당","100","","","","1","비례대표 정당 제출자료","1","party-doc:920260603:평택시:더불어민주당:1","false","","true","20260603/PDF/PBINFO_PUB/4115/003_100_20260525_1.pdf","filePathName+updtFileName","https://policy.nec.go.kr/plc/common/downloadFile.do?requestedFileName=20260603_%ED%8F%89%ED%83%9D%EC%8B%9C_%EB%8D%94%EB%B6%88%EC%96%B4%EB%AF%BC%EC%A3%BC%EB%8B%B9_%EB%B9%84%EB%A1%80%EB%8C%80%ED%91%9C%20%EC%A0%95%EB%8B%B9%20%EC%A0%9C%EC%B6%9C%EC%9E%90%EB%A3%8C.pdf&requestedFullPath=20260603/PDF/PBINFO_PUB/4115/003_100_20260525_1.pdf","pack_stale_currently_available","1||HEIGHT","20260603/PDF/PBINFO_PUB/4115/","003_100_20260525_1.pdf","선거공보","Y","Y",""
"920260603-4100-화성시-더불어민주당-1-1","제9회 전국동시지방선거","4100","경기도","nec_region_scope_for_basic_proportional","920260603","기초의원비례대표선거","9","","화성시","","","더불어민주당","100","","","","1","비례대표 정당 제출자료","1","party-doc:920260603:화성시:더불어민주당:1","false","","true","20260603/PDF/PBINFO_PUB/4153/003_100_20260523_1.pdf","filePathName+updtFileName","https://policy.nec.go.kr/plc/common/downloadFile.do?requestedFileName=20260603_%ED%99%94%EC%84%B1%EC%8B%9C_%EB%8D%94%EB%B6%88%EC%96%B4%EB%AF%BC%EC%A3%BC%EB%8B%B9_%EB%B9%84%EB%A1%80%EB%8C%80%ED%91%9C%20%EC%A0%95%EB%8B%B9%20%EC%A0%9C%EC%B6%9C%EC%9E%90%EB%A3%8C.pdf&requestedFullPath=20260603/PDF/PBINFO_PUB/4153/003_100_20260523_1.pdf","pack_stale_currently_available","1||HEIGHT","20260603/PDF/PBINFO_PUB/4153/","003_100_20260523_1.pdf","선거공보","Y","Y",""
"920260603-4100-연천군-더불어민주당-1-1","제9회 전국동시지방선거","4100","경기도","nec_region_scope_for_basic_proportional","920260603","기초의원비례대표선거","9","","연천군","","","더불어민주당","100","","","","1","비례대표 정당 제출자료","1","party-doc:920260603:연천군:더불어민주당:1","false","","true","20260603/PDF/PBINFO_PUB/4142/003_100_20260522_1.pdf","filePathName+updtFileName","https://policy.nec.go.kr/plc/common/downloadFile.do?requestedFileName=20260603_%EC%97%B0%EC%B2%9C%EA%B5%B0_%EB%8D%94%EB%B6%88%EC%96%B4%EB%AF%BC%EC%A3%BC%EB%8B%B9_%EB%B9%84%EB%A1%80%EB%8C%80%ED%91%9C%20%EC%A0%95%EB%8B%B9%20%EC%A0%9C%EC%B6%9C%EC%9E%90%EB%A3%8C.pdf&requestedFullPath=20260603/PDF/PBINFO_PUB/4142/003_100_20260522_1.pdf","pack_stale_currently_available","1||HEIGHT","20260603/PDF/PBINFO_PUB/4142/","003_100_20260522_1.pdf","선거공보","Y","Y",""
"920260603-4100-안성시-더불어민주당-1-1","제9회 전국동시지방선거","4100","경기도","nec_region_scope_for_basic_proportional","920260603","기초의원비례대표선거","9","","안성시","","","더불어민주당","100","","","","1","비례대표 정당 제출자료","1","party-doc:920260603:안성시:더불어민주당:1","false","","true","20260603/PDF/PBINFO_PUB/4138/003_100_20260523_1.pdf","filePathName+updtFileName","https://policy.nec.go.kr/plc/common/downloadFile.do?requestedFileName=20260603_%EC%95%88%EC%84%B1%EC%8B%9C_%EB%8D%94%EB%B6%88%EC%96%B4%EB%AF%BC%EC%A3%BC%EB%8B%B9_%EB%B9%84%EB%A1%80%EB%8C%80%ED%91%9C%20%EC%A0%95%EB%8B%B9%20%EC%A0%9C%EC%B6%9C%EC%9E%90%EB%A3%8C.pdf&requestedFullPath=20260603/PDF/PBINFO_PUB/4138/003_100_20260523_1.pdf","pack_stale_currently_available","1||HEIGHT","20260603/PDF/PBINFO_PUB/4138/","003_100_20260523_1.pdf","선거공보","Y","Y",""
"920260603-4100-시흥시-더불어민주당-1-1","제9회 전국동시지방선거","4100","경기도","nec_region_scope_for_basic_proportional","920260603","기초의원비례대표선거","9","","시흥시","","","더불어민주당","100","","","","1","비례대표 정당 제출자료","1","party-doc:920260603:시흥시:더불어민주당:1","false","","true","20260603/PDF/PBINFO_PUB/4129/003_100_20260523_1.pdf","filePathName+updtFileName","https://policy.nec.go.kr/plc/common/downloadFile.do?requestedFileName=20260603_%EC%8B%9C%ED%9D%A5%EC%8B%9C_%EB%8D%94%EB%B6%88%EC%96%B4%EB%AF%BC%EC%A3%BC%EB%8B%B9_%EB%B9%84%EB%A1%80%EB%8C%80%ED%91%9C%20%EC%A0%95%EB%8B%B9%20%EC%A0%9C%EC%B6%9C%EC%9E%90%EB%A3%8C.pdf&requestedFullPath=20260603/PDF/PBINFO_PUB/4129/003_100_20260523_1.pdf","pack_stale_currently_available","1||HEIGHT","20260603/PDF/PBINFO_PUB/4129/","003_100_20260523_1.pdf","선거공보","Y","Y",""
"920260603-4100-양평군-더불어민주당-1-1","제9회 전국동시지방선거","4100","경기도","nec_region_scope_for_basic_proportional","920260603","기초의원비례대표선거","9","","양평군","","","더불어민주당","100","","","","1","비례대표 정당 제출자료","1","party-doc:920260603:양평군:더불어민주당:1","false","","true","20260603/PDF/PBINFO_PUB/4143/003_100_20260522_1.pdf","filePathName+updtFileName","https://policy.nec.go.kr/plc/common/downloadFile.do?requestedFileName=20260603_%EC%96%91%ED%8F%89%EA%B5%B0_%EB%8D%94%EB%B6%88%EC%96%B4%EB%AF%BC%EC%A3%BC%EB%8B%B9_%EB%B9%84%EB%A1%80%EB%8C%80%ED%91%9C%20%EC%A0%95%EB%8B%B9%20%EC%A0%9C%EC%B6%9C%EC%9E%90%EB%A3%8C.pdf&requestedFullPath=20260603/PDF/PBINFO_PUB/4143/003_100_20260522_1.pdf","pack_stale_currently_available","1||HEIGHT","20260603/PDF/PBINFO_PUB/4143/","003_100_20260522_1.pdf","선거공보","Y","Y",""
"920260603-4100-안산시-더불어민주당-1-1","제9회 전국동시지방선거","4100","경기도","nec_region_scope_for_basic_proportional","920260603","기초의원비례대표선거","9","","안산시","","","더불어민주당","100","","","","1","비례대표 정당 제출자료","1","party-doc:920260603:안산시:더불어민주당:1","false","","true","20260603/PDF/PBINFO_PUB/4119/003_100_20260525_2.pdf","filePathName+updtFileName","https://policy.nec.go.kr/plc/common/downloadFile.do?requestedFileName=20260603_%EC%95%88%EC%82%B0%EC%8B%9C_%EB%8D%94%EB%B6%88%EC%96%B4%EB%AF%BC%EC%A3%BC%EB%8B%B9_%EB%B9%84%EB%A1%80%EB%8C%80%ED%91%9C%20%EC%A0%95%EB%8B%B9%20%EC%A0%9C%EC%B6%9C%EC%9E%90%EB%A3%8C.pdf&requestedFullPath=20260603/PDF/PBINFO_PUB/4119/003_100_20260525_2.pdf","pack_stale_currently_available","1||HEIGHT","20260603/PDF/PBINFO_PUB/4119/","003_100_20260525_2.pdf","선거공보","Y","Y",""
"920260603-4100-성남시-더불어민주당-1-1","제9회 전국동시지방선거","4100","경기도","nec_region_scope_for_basic_proportional","920260603","기초의원비례대표선거","9","","성남시","","","더불어민주당","100","","","","1","비례대표 정당 제출자료","1","party-doc:920260603:성남시:더불어민주당:1","false","","true","20260603/PDF/PBINFO_PUB/4106/003_100_20260523_1.pdf","filePathName+updtFileName","https://policy.nec.go.kr/plc/common/downloadFile.do?requestedFileName=20260603_%EC%84%B1%EB%82%A8%EC%8B%9C_%EB%8D%94%EB%B6%88%EC%96%B4%EB%AF%BC%EC%A3%BC%EB%8B%B9_%EB%B9%84%EB%A1%80%EB%8C%80%ED%91%9C%20%EC%A0%95%EB%8B%B9%20%EC%A0%9C%EC%B6%9C%EC%9E%90%EB%A3%8C.pdf&requestedFullPath=20260603/PDF/PBINFO_PUB/4106/003_100_20260523_1.pdf","pack_stale_currently_available","1||HEIGHT","20260603/PDF/PBINFO_PUB/4106/","003_100_20260523_1.pdf","선거공보","Y","Y",""
"920260603-4100-가평군-더불어민주당-1-1","제9회 전국동시지방선거","4100","경기도","nec_region_scope_for_basic_proportional","920260603","기초의원비례대표선거","9","","가평군","","","더불어민주당","100","","","","1","비례대표 정당 제출자료","1","party-doc:920260603:가평군:더불어민주당:1","false","","true","20260603/PDF/PBINFO_PUB/4144/003_100_20260525_1.pdf","filePathName+updtFileName","https://policy.nec.go.kr/plc/common/downloadFile.do?requestedFileName=20260603_%EA%B0%80%ED%8F%89%EA%B5%B0_%EB%8D%94%EB%B6%88%EC%96%B4%EB%AF%BC%EC%A3%BC%EB%8B%B9_%EB%B9%84%EB%A1%80%EB%8C%80%ED%91%9C%20%EC%A0%95%EB%8B%B9%20%EC%A0%9C%EC%B6%9C%EC%9E%90%EB%A3%8C.pdf&requestedFullPath=20260603/PDF/PBINFO_PUB/4144/003_100_20260525_1.pdf","pack_stale_currently_available","1||HEIGHT","20260603/PDF/PBINFO_PUB/4144/","003_100_20260525_1.pdf","선거공보","Y","Y",""
"920260603-4100-김포시-더불어민주당-1-1","제9회 전국동시지방선거","4100","경기도","nec_region_scope_for_basic_proportional","920260603","기초의원비례대표선거","9","","김포시","","","더불어민주당","100","","","","1","비례대표 정당 제출자료","1","party-doc:920260603:김포시:더불어민주당:1","false","","true","20260603/PDF/PBINFO_PUB/4139/003_100_20260523_1.pdf","filePathName+updtFileName","https://policy.nec.go.kr/plc/common/downloadFile.do?requestedFileName=20260603_%EA%B9%80%ED%8F%AC%EC%8B%9C_%EB%8D%94%EB%B6%88%EC%96%B4%EB%AF%BC%EC%A3%BC%EB%8B%B9_%EB%B9%84%EB%A1%80%EB%8C%80%ED%91%9C%20%EC%A0%95%EB%8B%B9%20%EC%A0%9C%EC%B6%9C%EC%9E%90%EB%A3%8C.pdf&requestedFullPath=20260603/PDF/PBINFO_PUB/4139/003_100_20260523_1.pdf","pack_stale_currently_available","1||HEIGHT","20260603/PDF/PBINFO_PUB/4139/","003_100_20260523_1.pdf","선거공보","Y","Y",""
"920260603-4100-구리시-더불어민주당-1-1","제9회 전국동시지방선거","4100","경기도","nec_region_scope_for_basic_proportional","920260603","기초의원비례대표선거","9","","구리시","","","더불어민주당","100","","","","1","비례대표 정당 제출자료","1","party-doc:920260603:구리시:더불어민주당:1","false","","true","20260603/PDF/PBINFO_PUB/4125/003_100_20260522_1.pdf","filePathName+updtFileName","https://policy.nec.go.kr/plc/common/downloadFile.do?requestedFileName=20260603_%EA%B5%AC%EB%A6%AC%EC%8B%9C_%EB%8D%94%EB%B6%88%EC%96%B4%EB%AF%BC%EC%A3%BC%EB%8B%B9_%EB%B9%84%EB%A1%80%EB%8C%80%ED%91%9C%20%EC%A0%95%EB%8B%B9%20%EC%A0%9C%EC%B6%9C%EC%9E%90%EB%A3%8C.pdf&requestedFullPath=20260603/PDF/PBINFO_PUB/4125/003_100_20260522_1.pdf","pack_stale_currently_available","1||HEIGHT","20260603/PDF/PBINFO_PUB/4125/","003_100_20260522_1.pdf","선거공보","Y","Y",""
"920260603-4100-안양시-더불어민주당-1-1","제9회 전국동시지방선거","4100","경기도","nec_region_scope_for_basic_proportional","920260603","기초의원비례대표선거","9","","안양시","","","더불어민주당","100","","","","1","비례대표 정당 제출자료","1","party-doc:920260603:안양시:더불어민주당:1","false","","true","20260603/PDF/PBINFO_PUB/4110/003_100_20260522_1.pdf","filePathName+updtFileName","https://policy.nec.go.kr/plc/common/downloadFile.do?requestedFileName=20260603_%EC%95%88%EC%96%91%EC%8B%9C_%EB%8D%94%EB%B6%88%EC%96%B4%EB%AF%BC%EC%A3%BC%EB%8B%B9_%EB%B9%84%EB%A1%80%EB%8C%80%ED%91%9C%20%EC%A0%95%EB%8B%B9%20%EC%A0%9C%EC%B6%9C%EC%9E%90%EB%A3%8C.pdf&requestedFullPath=20260603/PDF/PBINFO_PUB/4110/003_100_20260522_1.pdf","pack_stale_currently_available","1||HEIGHT","20260603/PDF/PBINFO_PUB/4110/","003_100_20260522_1.pdf","선거공보","Y","Y",""
"920260603-4100-파주시-더불어민주당-1-0","제9회 전국동시지방선거","4100","경기도","nec_region_scope_for_basic_proportional","920260603","기초의원비례대표선거","9","","파주시","","","더불어민주당","100","","","","1","비례대표 정당 제출자료","0","party-doc:920260603:파주시:더불어민주당:1","false","","true","20260603/PDF/PBINFO_PUB/4132/003_100_20260522_2.pdf","filePathName+updtFileName","https://policy.nec.go.kr/plc/common/downloadFile.do?requestedFileName=20260603_%ED%8C%8C%EC%A3%BC%EC%8B%9C_%EB%8D%94%EB%B6%88%EC%96%B4%EB%AF%BC%EC%A3%BC%EB%8B%B9_%EB%B9%84%EB%A1%80%EB%8C%80%ED%91%9C%20%EC%A0%95%EB%8B%B9%20%EC%A0%9C%EC%B6%9C%EC%9E%90%EB%A3%8C.pdf&requestedFullPath=20260603/PDF/PBINFO_PUB/4132/003_100_20260522_2.pdf","pack_stale_currently_available","0||","20260603/PDF/PBINFO_PUB/4132/","003_100_20260522_2.pdf","선거공보","N","Y",""
"920260603-4100-하남시-더불어민주당-1-1","제9회 전국동시지방선거","4100","경기도","nec_region_scope_for_basic_proportional","920260603","기초의원비례대표선거","9","","하남시","","","더불어민주당","100","","","","1","비례대표 정당 제출자료","1","party-doc:920260603:하남시:더불어민주당:1","false","","true","20260603/PDF/PBINFO_PUB/4131/003_100_20260524_1.pdf","filePathName+updtFileName","https://policy.nec.go.kr/plc/common/downloadFile.do?requestedFileName=20260603_%ED%95%98%EB%82%A8%EC%8B%9C_%EB%8D%94%EB%B6%88%EC%96%B4%EB%AF%BC%EC%A3%BC%EB%8B%B9_%EB%B9%84%EB%A1%80%EB%8C%80%ED%91%9C%20%EC%A0%95%EB%8B%B9%20%EC%A0%9C%EC%B6%9C%EC%9E%90%EB%A3%8C.pdf&requestedFullPath=20260603/PDF/PBINFO_PUB/4131/003_100_20260524_1.pdf","pack_stale_currently_available","1||HEIGHT","20260603/PDF/PBINFO_PUB/4131/","003_100_20260524_1.pdf","선거공보","Y","Y",""
"920260603-4100-군포시-더불어민주당-1-1","제9회 전국동시지방선거","4100","경기도","nec_region_scope_for_basic_proportional","920260603","기초의원비례대표선거","9","","군포시","","","더불어민주당","100","","","","1","비례대표 정당 제출자료","1","party-doc:920260603:군포시:더불어민주당:1","false","","true","20260603/PDF/PBINFO_PUB/4130/003_100_20260525_1.pdf","filePathName+updtFileName","https://policy.nec.go.kr/plc/common/downloadFile.do?requestedFileName=20260603_%EA%B5%B0%ED%8F%AC%EC%8B%9C_%EB%8D%94%EB%B6%88%EC%96%B4%EB%AF%BC%EC%A3%BC%EB%8B%B9_%EB%B9%84%EB%A1%80%EB%8C%80%ED%91%9C%20%EC%A0%95%EB%8B%B9%20%EC%A0%9C%EC%B6%9C%EC%9E%90%EB%A3%8C.pdf&requestedFullPath=20260603/PDF/PBINFO_PUB/4130/003_100_20260525_1.pdf","pack_stale_currently_available","1||HEIGHT","20260603/PDF/PBINFO_PUB/4130/","003_100_20260525_1.pdf","선거공보","Y","Y",""
"920260603-4100-남양주시-더불어민주당-1-1","제9회 전국동시지방선거","4100","경기도","nec_region_scope_for_basic_proportional","920260603","기초의원비례대표선거","9","","남양주시","","","더불어민주당","100","","","","1","비례대표 정당 제출자료","1","party-doc:920260603:남양주시:더불어민주당:1","false","","true","20260603/PDF/PBINFO_PUB/4126/003_100_20260522_1.pdf","filePathName+updtFileName","https://policy.nec.go.kr/plc/common/downloadFile.do?requestedFileName=20260603_%EB%82%A8%EC%96%91%EC%A3%BC%EC%8B%9C_%EB%8D%94%EB%B6%88%EC%96%B4%EB%AF%BC%EC%A3%BC%EB%8B%B9_%EB%B9%84%EB%A1%80%EB%8C%80%ED%91%9C%20%EC%A0%95%EB%8B%B9%20%EC%A0%9C%EC%B6%9C%EC%9E%90%EB%A3%8C.pdf&requestedFullPath=20260603/PDF/PBINFO_PUB/4126/003_100_20260522_1.pdf","pack_stale_currently_available","1||HEIGHT","20260603/PDF/PBINFO_PUB/4126/","003_100_20260522_1.pdf","선거공보","Y","Y",""
"920260603-4100-양주시-더불어민주당-1-1","제9회 전국동시지방선거","4100","경기도","nec_region_scope_for_basic_proportional","920260603","기초의원비례대표선거","9","","양주시","","","더불어민주당","100","","","","1","비례대표 정당 제출자료","1","party-doc:920260603:양주시:더불어민주당:1","false","","true","20260603/PDF/PBINFO_PUB/4116/003_100_20260522_1.pdf","filePathName+updtFileName","https://policy.nec.go.kr/plc/common/downloadFile.do?requestedFileName=20260603_%EC%96%91%EC%A3%BC%EC%8B%9C_%EB%8D%94%EB%B6%88%EC%96%B4%EB%AF%BC%EC%A3%BC%EB%8B%B9_%EB%B9%84%EB%A1%80%EB%8C%80%ED%91%9C%20%EC%A0%95%EB%8B%B9%20%EC%A0%9C%EC%B6%9C%EC%9E%90%EB%A3%8C.pdf&requestedFullPath=20260603/PDF/PBINFO_PUB/4116/003_100_20260522_1.pdf","pack_stale_currently_available","1||HEIGHT","20260603/PDF/PBINFO_PUB/4116/","003_100_20260522_1.pdf","선거공보","Y","Y",""
"920260603-4100-화성시-국민의힘-1-1","제9회 전국동시지방선거","4100","경기도","nec_region_scope_for_basic_proportional","920260603","기초의원비례대표선거","9","","화성시","","","국민의힘","200","","","","1","비례대표 정당 제출자료","1","party-doc:920260603:화성시:국민의힘:1","false","","true","20260603/PDF/PBINFO_PUB/4153/003_200_20260521_1.pdf","filePathName+updtFileName","https://policy.nec.go.kr/plc/common/downloadFile.do?requestedFileName=20260603_%ED%99%94%EC%84%B1%EC%8B%9C_%EA%B5%AD%EB%AF%BC%EC%9D%98%ED%9E%98_%EB%B9%84%EB%A1%80%EB%8C%80%ED%91%9C%20%EC%A0%95%EB%8B%B9%20%EC%A0%9C%EC%B6%9C%EC%9E%90%EB%A3%8C.pdf&requestedFullPath=20260603/PDF/PBINFO_PUB/4153/003_200_20260521_1.pdf","pack_stale_currently_available","1||HEIGHT","20260603/PDF/PBINFO_PUB/4153/","003_200_20260521_1.pdf","선거공보","Y","Y",""
"920260603-4100-과천시-국민의힘-1-1","제9회 전국동시지방선거","4100","경기도","nec_region_scope_for_basic_proportional","920260603","기초의원비례대표선거","9","","과천시","","","국민의힘","200","","","","1","비례대표 정당 제출자료","1","party-doc:920260603:과천시:국민의힘:1","false","","true","20260603/PDF/PBINFO_PUB/4123/003_200_20260523_1.pdf","filePathName+updtFileName","https://policy.nec.go.kr/plc/common/downloadFile.do?requestedFileName=20260603_%EA%B3%BC%EC%B2%9C%EC%8B%9C_%EA%B5%AD%EB%AF%BC%EC%9D%98%ED%9E%98_%EB%B9%84%EB%A1%80%EB%8C%80%ED%91%9C%20%EC%A0%95%EB%8B%B9%20%EC%A0%9C%EC%B6%9C%EC%9E%90%EB%A3%8C.pdf&requestedFullPath=20260603/PDF/PBINFO_PUB/4123/003_200_20260523_1.pdf","pack_stale_currently_available","1||HEIGHT","20260603/PDF/PBINFO_PUB/4123/","003_200_20260523_1.pdf","선거공보","Y","Y",""
"920260603-4100-양평군-국민의힘-1-1","제9회 전국동시지방선거","4100","경기도","nec_region_scope_for_basic_proportional","920260603","기초의원비례대표선거","9","","양평군","","","국민의힘","200","","","","1","비례대표 정당 제출자료","1","party-doc:920260603:양평군:국민의힘:1","false","","true","20260603/PDF/PBINFO_PUB/4143/003_200_20260522_1.pdf","filePathName+updtFileName","https://policy.nec.go.kr/plc/common/downloadFile.do?requestedFileName=20260603_%EC%96%91%ED%8F%89%EA%B5%B0_%EA%B5%AD%EB%AF%BC%EC%9D%98%ED%9E%98_%EB%B9%84%EB%A1%80%EB%8C%80%ED%91%9C%20%EC%A0%95%EB%8B%B9%20%EC%A0%9C%EC%B6%9C%EC%9E%90%EB%A3%8C.pdf&requestedFullPath=20260603/PDF/PBINFO_PUB/4143/003_200_20260522_1.pdf","pack_stale_currently_available","1||HEIGHT","20260603/PDF/PBINFO_PUB/4143/","003_200_20260522_1.pdf","선거공보","Y","Y",""
"920260603-4100-안성시-국민의힘-1-1","제9회 전국동시지방선거","4100","경기도","nec_region_scope_for_basic_proportional","920260603","기초의원비례대표선거","9","","안성시","","","국민의힘","200","","","","1","비례대표 정당 제출자료","1","party-doc:920260603:안성시:국민의힘:1","false","","true","20260603/PDF/PBINFO_PUB/4138/003_200_20260523_1.pdf","filePathName+updtFileName","https://policy.nec.go.kr/plc/common/downloadFile.do?requestedFileName=20260603_%EC%95%88%EC%84%B1%EC%8B%9C_%EA%B5%AD%EB%AF%BC%EC%9D%98%ED%9E%98_%EB%B9%84%EB%A1%80%EB%8C%80%ED%91%9C%20%EC%A0%95%EB%8B%B9%20%EC%A0%9C%EC%B6%9C%EC%9E%90%EB%A3%8C.pdf&requestedFullPath=20260603/PDF/PBINFO_PUB/4138/003_200_20260523_1.pdf","pack_stale_currently_available","1||HEIGHT","20260603/PDF/PBINFO_PUB/4138/","003_200_20260523_1.pdf","선거공보","Y","Y",""
"920260603-4100-안산시-국민의힘-1-1","제9회 전국동시지방선거","4100","경기도","nec_region_scope_for_basic_proportional","920260603","기초의원비례대표선거","9","","안산시","","","국민의힘","200","","","","1","비례대표 정당 제출자료","1","party-doc:920260603:안산시:국민의힘:1","false","","true","20260603/PDF/PBINFO_PUB/4119/003_200_20260524_1.pdf","filePathName+updtFileName","https://policy.nec.go.kr/plc/common/downloadFile.do?requestedFileName=20260603_%EC%95%88%EC%82%B0%EC%8B%9C_%EA%B5%AD%EB%AF%BC%EC%9D%98%ED%9E%98_%EB%B9%84%EB%A1%80%EB%8C%80%ED%91%9C%20%EC%A0%95%EB%8B%B9%20%EC%A0%9C%EC%B6%9C%EC%9E%90%EB%A3%8C.pdf&requestedFullPath=20260603/PDF/PBINFO_PUB/4119/003_200_20260524_1.pdf","pack_stale_currently_available","1||HEIGHT","20260603/PDF/PBINFO_PUB/4119/","003_200_20260524_1.pdf","선거공보","Y","Y",""
"920260603-4100-하남시-국민의힘-1-1","제9회 전국동시지방선거","4100","경기도","nec_region_scope_for_basic_proportional","920260603","기초의원비례대표선거","9","","하남시","","","국민의힘","200","","","","1","비례대표 정당 제출자료","1","party-doc:920260603:하남시:국민의힘:1","false","","true","20260603/PDF/PBINFO_PUB/4131/003_200_20260524_1.pdf","filePathName+updtFileName","https://policy.nec.go.kr/plc/common/downloadFile.do?requestedFileName=20260603_%ED%95%98%EB%82%A8%EC%8B%9C_%EA%B5%AD%EB%AF%BC%EC%9D%98%ED%9E%98_%EB%B9%84%EB%A1%80%EB%8C%80%ED%91%9C%20%EC%A0%95%EB%8B%B9%20%EC%A0%9C%EC%B6%9C%EC%9E%90%EB%A3%8C.pdf&requestedFullPath=20260603/PDF/PBINFO_PUB/4131/003_200_20260524_1.pdf","pack_stale_currently_available","1||HEIGHT","20260603/PDF/PBINFO_PUB/4131/","003_200_20260524_1.pdf","선거공보","Y","Y",""
"920260603-4100-포천시-국민의힘-1-1","제9회 전국동시지방선거","4100","경기도","nec_region_scope_for_basic_proportional","920260603","기초의원비례대표선거","9","","포천시","","","국민의힘","200","","","","1","비례대표 정당 제출자료","1","party-doc:920260603:포천시:국민의힘:1","false","","true","20260603/PDF/PBINFO_PUB/4141/003_200_20260523_1.pdf","filePathName+updtFileName","https://policy.nec.go.kr/plc/common/downloadFile.do?requestedFileName=20260603_%ED%8F%AC%EC%B2%9C%EC%8B%9C_%EA%B5%AD%EB%AF%BC%EC%9D%98%ED%9E%98_%EB%B9%84%EB%A1%80%EB%8C%80%ED%91%9C%20%EC%A0%95%EB%8B%B9%20%EC%A0%9C%EC%B6%9C%EC%9E%90%EB%A3%8C.pdf&requestedFullPath=20260603/PDF/PBINFO_PUB/4141/003_200_20260523_1.pdf","pack_stale_currently_available","1||HEIGHT","20260603/PDF/PBINFO_PUB/4141/","003_200_20260523_1.pdf","선거공보","Y","Y",""
"920260603-4100-김포시-국민의힘-1-1","제9회 전국동시지방선거","4100","경기도","nec_region_scope_for_basic_proportional","920260603","기초의원비례대표선거","9","","김포시","","","국민의힘","200","","","","1","비례대표 정당 제출자료","1","party-doc:920260603:김포시:국민의힘:1","false","","true","20260603/PDF/PBINFO_PUB/4139/003_0_20260523_1.pdf","filePathName+updtFileName","https://policy.nec.go.kr/plc/common/downloadFile.do?requestedFileName=20260603_%EA%B9%80%ED%8F%AC%EC%8B%9C_%EA%B5%AD%EB%AF%BC%EC%9D%98%ED%9E%98_%EB%B9%84%EB%A1%80%EB%8C%80%ED%91%9C%20%EC%A0%95%EB%8B%B9%20%EC%A0%9C%EC%B6%9C%EC%9E%90%EB%A3%8C.pdf&requestedFullPath=20260603/PDF/PBINFO_PUB/4139/003_0_20260523_1.pdf","pack_stale_currently_available","1||HEIGHT","20260603/PDF/PBINFO_PUB/4139/","003_0_20260523_1.pdf","선거공보","Y","Y",""
"920260603-4100-여주시-국민의힘-1-0","제9회 전국동시지방선거","4100","경기도","nec_region_scope_for_basic_proportional","920260603","기초의원비례대표선거","9","","여주시","","","국민의힘","200","","","","1","비례대표 정당 제출자료","0","party-doc:920260603:여주시:국민의힘:1","false","","true","20260603/PDF/PBINFO_PUB/4133/003_200_20260522_1.pdf","filePathName+updtFileName","https://policy.nec.go.kr/plc/common/downloadFile.do?requestedFileName=20260603_%EC%97%AC%EC%A3%BC%EC%8B%9C_%EA%B5%AD%EB%AF%BC%EC%9D%98%ED%9E%98_%EB%B9%84%EB%A1%80%EB%8C%80%ED%91%9C%20%EC%A0%95%EB%8B%B9%20%EC%A0%9C%EC%B6%9C%EC%9E%90%EB%A3%8C.pdf&requestedFullPath=20260603/PDF/PBINFO_PUB/4133/003_200_20260522_1.pdf","pack_stale_currently_available","0||","20260603/PDF/PBINFO_PUB/4133/","003_200_20260522_1.pdf","선거공보","N","Y",""
"920260603-4100-파주시-국민의힘-1-0","제9회 전국동시지방선거","4100","경기도","nec_region_scope_for_basic_proportional","920260603","기초의원비례대표선거","9","","파주시","","","국민의힘","200","","","","1","비례대표 정당 제출자료","0","party-doc:920260603:파주시:국민의힘:1","false","","true","20260603/PDF/PBINFO_PUB/4132/003_200_20260522_1.pdf","filePathName+updtFileName","https://policy.nec.go.kr/plc/common/downloadFile.do?requestedFileName=20260603_%ED%8C%8C%EC%A3%BC%EC%8B%9C_%EA%B5%AD%EB%AF%BC%EC%9D%98%ED%9E%98_%EB%B9%84%EB%A1%80%EB%8C%80%ED%91%9C%20%EC%A0%95%EB%8B%B9%20%EC%A0%9C%EC%B6%9C%EC%9E%90%EB%A3%8C.pdf&requestedFullPath=20260603/PDF/PBINFO_PUB/4132/003_200_20260522_1.pdf","pack_stale_currently_available","0||","20260603/PDF/PBINFO_PUB/4132/","003_200_20260522_1.pdf","선거공보","N","Y",""
"920260603-4100-시흥시-국민의힘-1-1","제9회 전국동시지방선거","4100","경기도","nec_region_scope_for_basic_proportional","920260603","기초의원비례대표선거","9","","시흥시","","","국민의힘","200","","","","1","비례대표 정당 제출자료","1","party-doc:920260603:시흥시:국민의힘:1","false","","true","20260603/PDF/PBINFO_PUB/4129/003_200_20260523_2.pdf","filePathName+updtFileName","https://policy.nec.go.kr/plc/common/downloadFile.do?requestedFileName=20260603_%EC%8B%9C%ED%9D%A5%EC%8B%9C_%EA%B5%AD%EB%AF%BC%EC%9D%98%ED%9E%98_%EB%B9%84%EB%A1%80%EB%8C%80%ED%91%9C%20%EC%A0%95%EB%8B%B9%20%EC%A0%9C%EC%B6%9C%EC%9E%90%EB%A3%8C.pdf&requestedFullPath=20260603/PDF/PBINFO_PUB/4129/003_200_20260523_2.pdf","pack_stale_currently_available","1||HEIGHT","20260603/PDF/PBINFO_PUB/4129/","003_200_20260523_2.pdf","선거공보","Y","Y",""
"920260603-4100-안양시-국민의힘-1-1","제9회 전국동시지방선거","4100","경기도","nec_region_scope_for_basic_proportional","920260603","기초의원비례대표선거","9","","안양시","","","국민의힘","200","","","","1","비례대표 정당 제출자료","1","party-doc:920260603:안양시:국민의힘:1","false","","true","20260603/PDF/PBINFO_PUB/4110/003_200_20260522_1.pdf","filePathName+updtFileName","https://policy.nec.go.kr/plc/common/downloadFile.do?requestedFileName=20260603_%EC%95%88%EC%96%91%EC%8B%9C_%EA%B5%AD%EB%AF%BC%EC%9D%98%ED%9E%98_%EB%B9%84%EB%A1%80%EB%8C%80%ED%91%9C%20%EC%A0%95%EB%8B%B9%20%EC%A0%9C%EC%B6%9C%EC%9E%90%EB%A3%8C.pdf&requestedFullPath=20260603/PDF/PBINFO_PUB/4110/003_200_20260522_1.pdf","pack_stale_currently_available","1||HEIGHT","20260603/PDF/PBINFO_PUB/4110/","003_200_20260522_1.pdf","선거공보","Y","Y",""
"920260603-4100-성남시-국민의힘-1-1","제9회 전국동시지방선거","4100","경기도","nec_region_scope_for_basic_proportional","920260603","기초의원비례대표선거","9","","성남시","","","국민의힘","200","","","","1","비례대표 정당 제출자료","1","party-doc:920260603:성남시:국민의힘:1","false","","true","20260603/PDF/PBINFO_PUB/4106/003_200_20260523_1.pdf","filePathName+updtFileName","https://policy.nec.go.kr/plc/common/downloadFile.do?requestedFileName=20260603_%EC%84%B1%EB%82%A8%EC%8B%9C_%EA%B5%AD%EB%AF%BC%EC%9D%98%ED%9E%98_%EB%B9%84%EB%A1%80%EB%8C%80%ED%91%9C%20%EC%A0%95%EB%8B%B9%20%EC%A0%9C%EC%B6%9C%EC%9E%90%EB%A3%8C.pdf&requestedFullPath=20260603/PDF/PBINFO_PUB/4106/003_200_20260523_1.pdf","pack_stale_currently_available","1||HEIGHT","20260603/PDF/PBINFO_PUB/4106/","003_200_20260523_1.pdf","선거공보","Y","Y",""
"920260603-4100-수원시-국민의힘-1-1","제9회 전국동시지방선거","4100","경기도","nec_region_scope_for_basic_proportional","920260603","기초의원비례대표선거","9","","수원시","","","국민의힘","200","","","","1","비례대표 정당 제출자료","1","party-doc:920260603:수원시:국민의힘:1","false","","true","20260603/PDF/PBINFO_PUB/4103/003_200_20260524_1.pdf","filePathName+updtFileName","https://policy.nec.go.kr/plc/common/downloadFile.do?requestedFileName=20260603_%EC%88%98%EC%9B%90%EC%8B%9C_%EA%B5%AD%EB%AF%BC%EC%9D%98%ED%9E%98_%EB%B9%84%EB%A1%80%EB%8C%80%ED%91%9C%20%EC%A0%95%EB%8B%B9%20%EC%A0%9C%EC%B6%9C%EC%9E%90%EB%A3%8C.pdf&requestedFullPath=20260603/PDF/PBINFO_PUB/4103/003_200_20260524_1.pdf","pack_stale_currently_available","1||HEIGHT","20260603/PDF/PBINFO_PUB/4103/","003_200_20260524_1.pdf","선거공보","Y","Y",""
"920260603-4100-연천군-국민의힘-1-1","제9회 전국동시지방선거","4100","경기도","nec_region_scope_for_basic_proportional","920260603","기초의원비례대표선거","9","","연천군","","","국민의힘","200","","","","1","비례대표 정당 제출자료","1","party-doc:920260603:연천군:국민의힘:1","false","","true","20260603/PDF/PBINFO_PUB/4142/003_200_20260521_1.pdf","filePathName+updtFileName","https://policy.nec.go.kr/plc/common/downloadFile.do?requestedFileName=20260603_%EC%97%B0%EC%B2%9C%EA%B5%B0_%EA%B5%AD%EB%AF%BC%EC%9D%98%ED%9E%98_%EB%B9%84%EB%A1%80%EB%8C%80%ED%91%9C%20%EC%A0%95%EB%8B%B9%20%EC%A0%9C%EC%B6%9C%EC%9E%90%EB%A3%8C.pdf&requestedFullPath=20260603/PDF/PBINFO_PUB/4142/003_200_20260521_1.pdf","pack_stale_currently_available","1||HEIGHT","20260603/PDF/PBINFO_PUB/4142/","003_200_20260521_1.pdf","선거공보","Y","Y",""
"920260603-4100-양주시-국민의힘-1-1","제9회 전국동시지방선거","4100","경기도","nec_region_scope_for_basic_proportional","920260603","기초의원비례대표선거","9","","양주시","","","국민의힘","200","","","","1","비례대표 정당 제출자료","1","party-doc:920260603:양주시:국민의힘:1","false","","true","20260603/PDF/PBINFO_PUB/4116/003_200_20260523_1.pdf","filePathName+updtFileName","https://policy.nec.go.kr/plc/common/downloadFile.do?requestedFileName=20260603_%EC%96%91%EC%A3%BC%EC%8B%9C_%EA%B5%AD%EB%AF%BC%EC%9D%98%ED%9E%98_%EB%B9%84%EB%A1%80%EB%8C%80%ED%91%9C%20%EC%A0%95%EB%8B%B9%20%EC%A0%9C%EC%B6%9C%EC%9E%90%EB%A3%8C.pdf&requestedFullPath=20260603/PDF/PBINFO_PUB/4116/003_200_20260523_1.pdf","pack_stale_currently_available","1||HEIGHT","20260603/PDF/PBINFO_PUB/4116/","003_200_20260523_1.pdf","선거공보","Y","Y",""
"920260603-4100-오산시-국민의힘-1-1","제9회 전국동시지방선거","4100","경기도","nec_region_scope_for_basic_proportional","920260603","기초의원비례대표선거","9","","오산시","","","국민의힘","200","","","","1","비례대표 정당 제출자료","1","party-doc:920260603:오산시:국민의힘:1","false","","true","20260603/PDF/PBINFO_PUB/4127/003_200_20260522_1.pdf","filePathName+updtFileName","https://policy.nec.go.kr/plc/common/downloadFile.do?requestedFileName=20260603_%EC%98%A4%EC%82%B0%EC%8B%9C_%EA%B5%AD%EB%AF%BC%EC%9D%98%ED%9E%98_%EB%B9%84%EB%A1%80%EB%8C%80%ED%91%9C%20%EC%A0%95%EB%8B%B9%20%EC%A0%9C%EC%B6%9C%EC%9E%90%EB%A3%8C.pdf&requestedFullPath=20260603/PDF/PBINFO_PUB/4127/003_200_20260522_1.pdf","pack_stale_currently_available","1||HEIGHT","20260603/PDF/PBINFO_PUB/4127/","003_200_20260522_1.pdf","선거공보","Y","Y",""
"920260603-4100-구리시-국민의힘-1-1","제9회 전국동시지방선거","4100","경기도","nec_region_scope_for_basic_proportional","920260603","기초의원비례대표선거","9","","구리시","","","국민의힘","200","","","","1","비례대표 정당 제출자료","1","party-doc:920260603:구리시:국민의힘:1","false","","true","20260603/PDF/PBINFO_PUB/4125/003_200_20260523_1.pdf","filePathName+updtFileName","https://policy.nec.go.kr/plc/common/downloadFile.do?requestedFileName=20260603_%EA%B5%AC%EB%A6%AC%EC%8B%9C_%EA%B5%AD%EB%AF%BC%EC%9D%98%ED%9E%98_%EB%B9%84%EB%A1%80%EB%8C%80%ED%91%9C%20%EC%A0%95%EB%8B%B9%20%EC%A0%9C%EC%B6%9C%EC%9E%90%EB%A3%8C.pdf&requestedFullPath=20260603/PDF/PBINFO_PUB/4125/003_200_20260523_1.pdf","pack_stale_currently_available","1||HEIGHT","20260603/PDF/PBINFO_PUB/4125/","003_200_20260523_1.pdf","선거공보","Y","Y",""
"920260603-4100-의왕시-국민의힘-1-1","제9회 전국동시지방선거","4100","경기도","nec_region_scope_for_basic_proportional","920260603","기초의원비례대표선거","9","","의왕시","","","국민의힘","200","","","","1","비례대표 정당 제출자료","1","party-doc:920260603:의왕시:국민의힘:1","false","","true","20260603/PDF/PBINFO_PUB/4124/003_200_20260525_1.pdf","filePathName+updtFileName","https://policy.nec.go.kr/plc/common/downloadFile.do?requestedFileName=20260603_%EC%9D%98%EC%99%95%EC%8B%9C_%EA%B5%AD%EB%AF%BC%EC%9D%98%ED%9E%98_%EB%B9%84%EB%A1%80%EB%8C%80%ED%91%9C%20%EC%A0%95%EB%8B%B9%20%EC%A0%9C%EC%B6%9C%EC%9E%90%EB%A3%8C.pdf&requestedFullPath=20260603/PDF/PBINFO_PUB/4124/003_200_20260525_1.pdf","pack_stale_currently_available","1||HEIGHT","20260603/PDF/PBINFO_PUB/4124/","003_200_20260525_1.pdf","선거공보","Y","Y",""
"920260603-4100-이천시-국민의힘-1-1","제9회 전국동시지방선거","4100","경기도","nec_region_scope_for_basic_proportional","920260603","기초의원비례대표선거","9","","이천시","","","국민의힘","200","","","","1","비례대표 정당 제출자료","1","party-doc:920260603:이천시:국민의힘:1","false","","true","20260603/PDF/PBINFO_PUB/4134/003_200_20260522_1.pdf","filePathName+updtFileName","https://policy.nec.go.kr/plc/common/downloadFile.do?requestedFileName=20260603_%EC%9D%B4%EC%B2%9C%EC%8B%9C_%EA%B5%AD%EB%AF%BC%EC%9D%98%ED%9E%98_%EB%B9%84%EB%A1%80%EB%8C%80%ED%91%9C%20%EC%A0%95%EB%8B%B9%20%EC%A0%9C%EC%B6%9C%EC%9E%90%EB%A3%8C.pdf&requestedFullPath=20260603/PDF/PBINFO_PUB/4134/003_200_20260522_1.pdf","pack_stale_currently_available","1||HEIGHT","20260603/PDF/PBINFO_PUB/4134/","003_200_20260522_1.pdf","선거공보","Y","Y",""
"920260603-4100-남양주시-국민의힘-1-1","제9회 전국동시지방선거","4100","경기도","nec_region_scope_for_basic_proportional","920260603","기초의원비례대표선거","9","","남양주시","","","국민의힘","200","","","","1","비례대표 정당 제출자료","1","party-doc:920260603:남양주시:국민의힘:1","false","","true","20260603/PDF/PBINFO_PUB/4126/003_200_20260523_1.pdf","filePathName+updtFileName","https://policy.nec.go.kr/plc/common/downloadFile.do?requestedFileName=20260603_%EB%82%A8%EC%96%91%EC%A3%BC%EC%8B%9C_%EA%B5%AD%EB%AF%BC%EC%9D%98%ED%9E%98_%EB%B9%84%EB%A1%80%EB%8C%80%ED%91%9C%20%EC%A0%95%EB%8B%B9%20%EC%A0%9C%EC%B6%9C%EC%9E%90%EB%A3%8C.pdf&requestedFullPath=20260603/PDF/PBINFO_PUB/4126/003_200_20260523_1.pdf","pack_stale_currently_available","1||HEIGHT","20260603/PDF/PBINFO_PUB/4126/","003_200_20260523_1.pdf","선거공보","Y","Y",""
"920260603-4100-동두천시-국민의힘-1-1","제9회 전국동시지방선거","4100","경기도","nec_region_scope_for_basic_proportional","920260603","기초의원비례대표선거","9","","동두천시","","","국민의힘","200","","","","1","비례대표 정당 제출자료","1","party-doc:920260603:동두천시:국민의힘:1","false","","true","20260603/PDF/PBINFO_PUB/4117/003_200_20260523_1.pdf","filePathName+updtFileName","https://policy.nec.go.kr/plc/common/downloadFile.do?requestedFileName=20260603_%EB%8F%99%EB%91%90%EC%B2%9C%EC%8B%9C_%EA%B5%AD%EB%AF%BC%EC%9D%98%ED%9E%98_%EB%B9%84%EB%A1%80%EB%8C%80%ED%91%9C%20%EC%A0%95%EB%8B%B9%20%EC%A0%9C%EC%B6%9C%EC%9E%90%EB%A3%8C.pdf&requestedFullPath=20260603/PDF/PBINFO_PUB/4117/003_200_20260523_1.pdf","pack_stale_currently_available","1||HEIGHT","20260603/PDF/PBINFO_PUB/4117/","003_200_20260523_1.pdf","선거공보","Y","Y",""
"920260603-4100-수원시-조국혁신당-1-1","제9회 전국동시지방선거","4100","경기도","nec_region_scope_for_basic_proportional","920260603","기초의원비례대표선거","9","","수원시","","","조국혁신당","5077","","","","1","비례대표 정당 제출자료","1","party-doc:920260603:수원시:조국혁신당:1","false","","true","20260603/PDF/PBINFO_PUB/4103/003_5077_20260525_1.pdf","filePathName+updtFileName","https://policy.nec.go.kr/plc/common/downloadFile.do?requestedFileName=20260603_%EC%88%98%EC%9B%90%EC%8B%9C_%EC%A1%B0%EA%B5%AD%ED%98%81%EC%8B%A0%EB%8B%B9_%EB%B9%84%EB%A1%80%EB%8C%80%ED%91%9C%20%EC%A0%95%EB%8B%B9%20%EC%A0%9C%EC%B6%9C%EC%9E%90%EB%A3%8C.pdf&requestedFullPath=20260603/PDF/PBINFO_PUB/4103/003_5077_20260525_1.pdf","pack_stale_currently_available","1||HEIGHT","20260603/PDF/PBINFO_PUB/4103/","003_5077_20260525_1.pdf","선거공보","Y","Y",""
"920260603-4100-성남시-조국혁신당-1-1","제9회 전국동시지방선거","4100","경기도","nec_region_scope_for_basic_proportional","920260603","기초의원비례대표선거","9","","성남시","","","조국혁신당","5077","","","","1","비례대표 정당 제출자료","1","party-doc:920260603:성남시:조국혁신당:1","false","","true","20260603/PDF/PBINFO_PUB/4106/003_5077_20260524_1.pdf","filePathName+updtFileName","https://policy.nec.go.kr/plc/common/downloadFile.do?requestedFileName=20260603_%EC%84%B1%EB%82%A8%EC%8B%9C_%EC%A1%B0%EA%B5%AD%ED%98%81%EC%8B%A0%EB%8B%B9_%EB%B9%84%EB%A1%80%EB%8C%80%ED%91%9C%20%EC%A0%95%EB%8B%B9%20%EC%A0%9C%EC%B6%9C%EC%9E%90%EB%A3%8C.pdf&requestedFullPath=20260603/PDF/PBINFO_PUB/4106/003_5077_20260524_1.pdf","pack_stale_currently_available","1||HEIGHT","20260603/PDF/PBINFO_PUB/4106/","003_5077_20260524_1.pdf","선거공보","Y","Y",""
"920260603-5200-강릉시-더불어민주당-1-1","제9회 전국동시지방선거","5200","강원특별자치도","nec_region_scope_for_basic_proportional","920260603","기초의원비례대표선거","9","","강릉시","","","더불어민주당","100","","","","1","비례대표 정당 제출자료","1","party-doc:920260603:강릉시:더불어민주당:1","false","","true","20260603/PDF/PBINFO_PUB/5203/003_100_20260521_1.pdf","filePathName+updtFileName","https://policy.nec.go.kr/plc/common/downloadFile.do?requestedFileName=20260603_%EA%B0%95%EB%A6%89%EC%8B%9C_%EB%8D%94%EB%B6%88%EC%96%B4%EB%AF%BC%EC%A3%BC%EB%8B%B9_%EB%B9%84%EB%A1%80%EB%8C%80%ED%91%9C%20%EC%A0%95%EB%8B%B9%20%EC%A0%9C%EC%B6%9C%EC%9E%90%EB%A3%8C.pdf&requestedFullPath=20260603/PDF/PBINFO_PUB/5203/003_100_20260521_1.pdf","pack_stale_currently_available","1||HEIGHT","20260603/PDF/PBINFO_PUB/5203/","003_100_20260521_1.pdf","선거공보","Y","Y",""
"920260603-5200-고성군-더불어민주당-1-1","제9회 전국동시지방선거","5200","강원특별자치도","nec_region_scope_for_basic_proportional","920260603","기초의원비례대표선거","9","","고성군","","","더불어민주당","100","","","","1","비례대표 정당 제출자료","1","party-doc:920260603:고성군:더불어민주당:1","false","","true","20260603/PDF/PBINFO_PUB/5209/003_100_20260522_1.pdf","filePathName+updtFileName","https://policy.nec.go.kr/plc/common/downloadFile.do?requestedFileName=20260603_%EA%B3%A0%EC%84%B1%EA%B5%B0_%EB%8D%94%EB%B6%88%EC%96%B4%EB%AF%BC%EC%A3%BC%EB%8B%B9_%EB%B9%84%EB%A1%80%EB%8C%80%ED%91%9C%20%EC%A0%95%EB%8B%B9%20%EC%A0%9C%EC%B6%9C%EC%9E%90%EB%A3%8C.pdf&requestedFullPath=20260603/PDF/PBINFO_PUB/5209/003_100_20260522_1.pdf","pack_stale_currently_available","1||HEIGHT","20260603/PDF/PBINFO_PUB/5209/","003_100_20260522_1.pdf","선거공보","Y","Y",""
"920260603-5200-속초시-더불어민주당-1-1","제9회 전국동시지방선거","5200","강원특별자치도","nec_region_scope_for_basic_proportional","920260603","기초의원비례대표선거","9","","속초시","","","더불어민주당","100","","","","1","비례대표 정당 제출자료","1","party-doc:920260603:속초시:더불어민주당:1","false","","true","20260603/PDF/PBINFO_PUB/5208/003_100_20260520_1.pdf","filePathName+updtFileName","https://policy.nec.go.kr/plc/common/downloadFile.do?requestedFileName=20260603_%EC%86%8D%EC%B4%88%EC%8B%9C_%EB%8D%94%EB%B6%88%EC%96%B4%EB%AF%BC%EC%A3%BC%EB%8B%B9_%EB%B9%84%EB%A1%80%EB%8C%80%ED%91%9C%20%EC%A0%95%EB%8B%B9%20%EC%A0%9C%EC%B6%9C%EC%9E%90%EB%A3%8C.pdf&requestedFullPath=20260603/PDF/PBINFO_PUB/5208/003_100_20260520_1.pdf","pack_stale_currently_available","1||HEIGHT","20260603/PDF/PBINFO_PUB/5208/","003_100_20260520_1.pdf","선거공보","Y","Y",""
"920260603-5200-양양군-더불어민주당-1-1","제9회 전국동시지방선거","5200","강원특별자치도","nec_region_scope_for_basic_proportional","920260603","기초의원비례대표선거","9","","양양군","","","더불어민주당","100","","","","1","비례대표 정당 제출자료","1","party-doc:920260603:양양군:더불어민주당:1","false","","true","20260603/PDF/PBINFO_PUB/5210/003_100_20260521_1.pdf","filePathName+updtFileName","https://policy.nec.go.kr/plc/common/downloadFile.do?requestedFileName=20260603_%EC%96%91%EC%96%91%EA%B5%B0_%EB%8D%94%EB%B6%88%EC%96%B4%EB%AF%BC%EC%A3%BC%EB%8B%B9_%EB%B9%84%EB%A1%80%EB%8C%80%ED%91%9C%20%EC%A0%95%EB%8B%B9%20%EC%A0%9C%EC%B6%9C%EC%9E%90%EB%A3%8C.pdf&requestedFullPath=20260603/PDF/PBINFO_PUB/5210/003_100_20260521_1.pdf","pack_stale_currently_available","1||HEIGHT","20260603/PDF/PBINFO_PUB/5210/","003_100_20260521_1.pdf","선거공보","Y","Y",""
"920260603-5200-평창군-더불어민주당-1-1","제9회 전국동시지방선거","5200","강원특별자치도","nec_region_scope_for_basic_proportional","920260603","기초의원비례대표선거","9","","평창군","","","더불어민주당","100","","","","1","비례대표 정당 제출자료","1","party-doc:920260603:평창군:더불어민주당:1","false","","true","20260603/PDF/PBINFO_PUB/5215/003_100_20260522_1.pdf","filePathName+updtFileName","https://policy.nec.go.kr/plc/common/downloadFile.do?requestedFileName=20260603_%ED%8F%89%EC%B0%BD%EA%B5%B0_%EB%8D%94%EB%B6%88%EC%96%B4%EB%AF%BC%EC%A3%BC%EB%8B%B9_%EB%B9%84%EB%A1%80%EB%8C%80%ED%91%9C%20%EC%A0%95%EB%8B%B9%20%EC%A0%9C%EC%B6%9C%EC%9E%90%EB%A3%8C.pdf&requestedFullPath=20260603/PDF/PBINFO_PUB/5215/003_100_20260522_1.pdf","pack_stale_currently_available","1||HEIGHT","20260603/PDF/PBINFO_PUB/5215/","003_100_20260522_1.pdf","선거공보","Y","Y",""
"920260603-5200-원주시-더불어민주당-1-1","제9회 전국동시지방선거","5200","강원특별자치도","nec_region_scope_for_basic_proportional","920260603","기초의원비례대표선거","9","","원주시","","","더불어민주당","100","","","","1","비례대표 정당 제출자료","1","party-doc:920260603:원주시:더불어민주당:1","false","","true","20260603/PDF/PBINFO_PUB/5202/003_100_20260523_1.pdf","filePathName+updtFileName","https://policy.nec.go.kr/plc/common/downloadFile.do?requestedFileName=20260603_%EC%9B%90%EC%A3%BC%EC%8B%9C_%EB%8D%94%EB%B6%88%EC%96%B4%EB%AF%BC%EC%A3%BC%EB%8B%B9_%EB%B9%84%EB%A1%80%EB%8C%80%ED%91%9C%20%EC%A0%95%EB%8B%B9%20%EC%A0%9C%EC%B6%9C%EC%9E%90%EB%A3%8C.pdf&requestedFullPath=20260603/PDF/PBINFO_PUB/5202/003_100_20260523_1.pdf","pack_stale_currently_available","1||HEIGHT","20260603/PDF/PBINFO_PUB/5202/","003_100_20260523_1.pdf","선거공보","Y","Y",""
"920260603-5200-화천군-더불어민주당-1-1","제9회 전국동시지방선거","5200","강원특별자치도","nec_region_scope_for_basic_proportional","920260603","기초의원비례대표선거","9","","화천군","","","더불어민주당","100","","","","1","비례대표 정당 제출자료","1","party-doc:920260603:화천군:더불어민주당:1","false","","true","20260603/PDF/PBINFO_PUB/5216/003_100_20260522_1.pdf","filePathName+updtFileName","https://policy.nec.go.kr/plc/common/downloadFile.do?requestedFileName=20260603_%ED%99%94%EC%B2%9C%EA%B5%B0_%EB%8D%94%EB%B6%88%EC%96%B4%EB%AF%BC%EC%A3%BC%EB%8B%B9_%EB%B9%84%EB%A1%80%EB%8C%80%ED%91%9C%20%EC%A0%95%EB%8B%B9%20%EC%A0%9C%EC%B6%9C%EC%9E%90%EB%A3%8C.pdf&requestedFullPath=20260603/PDF/PBINFO_PUB/5216/003_100_20260522_1.pdf","pack_stale_currently_available","1||HEIGHT","20260603/PDF/PBINFO_PUB/5216/","003_100_20260522_1.pdf","선거공보","Y","Y",""
"920260603-5200-인제군-더불어민주당-1-1","제9회 전국동시지방선거","5200","강원특별자치도","nec_region_scope_for_basic_proportional","920260603","기초의원비례대표선거","9","","인제군","","","더불어민주당","100","","","","1","비례대표 정당 제출자료","1","party-doc:920260603:인제군:더불어민주당:1","false","","true","20260603/PDF/PBINFO_PUB/5211/003_100_20260522_1.pdf","filePathName+updtFileName","https://policy.nec.go.kr/plc/common/downloadFile.do?requestedFileName=20260603_%EC%9D%B8%EC%A0%9C%EA%B5%B0_%EB%8D%94%EB%B6%88%EC%96%B4%EB%AF%BC%EC%A3%BC%EB%8B%B9_%EB%B9%84%EB%A1%80%EB%8C%80%ED%91%9C%20%EC%A0%95%EB%8B%B9%20%EC%A0%9C%EC%B6%9C%EC%9E%90%EB%A3%8C.pdf&requestedFullPath=20260603/PDF/PBINFO_PUB/5211/003_100_20260522_1.pdf","pack_stale_currently_available","1||HEIGHT","20260603/PDF/PBINFO_PUB/5211/","003_100_20260522_1.pdf","선거공보","Y","Y",""
"920260603-5200-횡성군-더불어민주당-1-1","제9회 전국동시지방선거","5200","강원특별자치도","nec_region_scope_for_basic_proportional","920260603","기초의원비례대표선거","9","","횡성군","","","더불어민주당","100","","","","1","비례대표 정당 제출자료","1","party-doc:920260603:횡성군:더불어민주당:1","false","","true","20260603/PDF/PBINFO_PUB/5213/003_100_20260521_1.pdf","filePathName+updtFileName","https://policy.nec.go.kr/plc/common/downloadFile.do?requestedFileName=20260603_%ED%9A%A1%EC%84%B1%EA%B5%B0_%EB%8D%94%EB%B6%88%EC%96%B4%EB%AF%BC%EC%A3%BC%EB%8B%B9_%EB%B9%84%EB%A1%80%EB%8C%80%ED%91%9C%20%EC%A0%95%EB%8B%B9%20%EC%A0%9C%EC%B6%9C%EC%9E%90%EB%A3%8C.pdf&requestedFullPath=20260603/PDF/PBINFO_PUB/5213/003_100_20260521_1.pdf","pack_stale_currently_available","1||HEIGHT","20260603/PDF/PBINFO_PUB/5213/","003_100_20260521_1.pdf","선거공보","Y","Y",""
"920260603-5200-철원군-더불어민주당-1-1","제9회 전국동시지방선거","5200","강원특별자치도","nec_region_scope_for_basic_proportional","920260603","기초의원비례대표선거","9","","철원군","","","더불어민주당","100","","","","1","비례대표 정당 제출자료","1","party-doc:920260603:철원군:더불어민주당:1","false","","true","20260603/PDF/PBINFO_PUB/5218/003_100_20260521_1.pdf","filePathName+updtFileName","https://policy.nec.go.kr/plc/common/downloadFile.do?requestedFileName=20260603_%EC%B2%A0%EC%9B%90%EA%B5%B0_%EB%8D%94%EB%B6%88%EC%96%B4%EB%AF%BC%EC%A3%BC%EB%8B%B9_%EB%B9%84%EB%A1%80%EB%8C%80%ED%91%9C%20%EC%A0%95%EB%8B%B9%20%EC%A0%9C%EC%B6%9C%EC%9E%90%EB%A3%8C.pdf&requestedFullPath=20260603/PDF/PBINFO_PUB/5218/003_100_20260521_1.pdf","pack_stale_currently_available","1||HEIGHT","20260603/PDF/PBINFO_PUB/5218/","003_100_20260521_1.pdf","선거공보","Y","Y",""
"920260603-5200-동해시-더불어민주당-1-1","제9회 전국동시지방선거","5200","강원특별자치도","nec_region_scope_for_basic_proportional","920260603","기초의원비례대표선거","9","","동해시","","","더불어민주당","100","","","","1","비례대표 정당 제출자료","1","party-doc:920260603:동해시:더불어민주당:1","false","","true","20260603/PDF/PBINFO_PUB/5204/003_100_20260523_1.pdf","filePathName+updtFileName","https://policy.nec.go.kr/plc/common/downloadFile.do?requestedFileName=20260603_%EB%8F%99%ED%95%B4%EC%8B%9C_%EB%8D%94%EB%B6%88%EC%96%B4%EB%AF%BC%EC%A3%BC%EB%8B%B9_%EB%B9%84%EB%A1%80%EB%8C%80%ED%91%9C%20%EC%A0%95%EB%8B%B9%20%EC%A0%9C%EC%B6%9C%EC%9E%90%EB%A3%8C.pdf&requestedFullPath=20260603/PDF/PBINFO_PUB/5204/003_100_20260523_1.pdf","pack_stale_currently_available","1||HEIGHT","20260603/PDF/PBINFO_PUB/5204/","003_100_20260523_1.pdf","선거공보","Y","Y",""
"920260603-5200-삼척시-더불어민주당-1-1","제9회 전국동시지방선거","5200","강원특별자치도","nec_region_scope_for_basic_proportional","920260603","기초의원비례대표선거","9","","삼척시","","","더불어민주당","100","","","","1","비례대표 정당 제출자료","1","party-doc:920260603:삼척시:더불어민주당:1","false","","true","20260603/PDF/PBINFO_PUB/5205/003_100_20260523_1.pdf","filePathName+updtFileName","https://policy.nec.go.kr/plc/common/downloadFile.do?requestedFileName=20260603_%EC%82%BC%EC%B2%99%EC%8B%9C_%EB%8D%94%EB%B6%88%EC%96%B4%EB%AF%BC%EC%A3%BC%EB%8B%B9_%EB%B9%84%EB%A1%80%EB%8C%80%ED%91%9C%20%EC%A0%95%EB%8B%B9%20%EC%A0%9C%EC%B6%9C%EC%9E%90%EB%A3%8C.pdf&requestedFullPath=20260603/PDF/PBINFO_PUB/5205/003_100_20260523_1.pdf","pack_stale_currently_available","1||HEIGHT","20260603/PDF/PBINFO_PUB/5205/","003_100_20260523_1.pdf","선거공보","Y","Y",""
"920260603-5200-태백시-더불어민주당-1-1","제9회 전국동시지방선거","5200","강원특별자치도","nec_region_scope_for_basic_proportional","920260603","기초의원비례대표선거","9","","태백시","","","더불어민주당","100","","","","1","비례대표 정당 제출자료","1","party-doc:920260603:태백시:더불어민주당:1","false","","true","20260603/PDF/PBINFO_PUB/5206/003_100_20260517_1.pdf","filePathName+updtFileName","https://policy.nec.go.kr/plc/common/downloadFile.do?requestedFileName=20260603_%ED%83%9C%EB%B0%B1%EC%8B%9C_%EB%8D%94%EB%B6%88%EC%96%B4%EB%AF%BC%EC%A3%BC%EB%8B%B9_%EB%B9%84%EB%A1%80%EB%8C%80%ED%91%9C%20%EC%A0%95%EB%8B%B9%20%EC%A0%9C%EC%B6%9C%EC%9E%90%EB%A3%8C.pdf&requestedFullPath=20260603/PDF/PBINFO_PUB/5206/003_100_20260517_1.pdf","pack_stale_currently_available","1||HEIGHT","20260603/PDF/PBINFO_PUB/5206/","003_100_20260517_1.pdf","선거공보","Y","Y",""
"920260603-5200-정선군-더불어민주당-1-1","제9회 전국동시지방선거","5200","강원특별자치도","nec_region_scope_for_basic_proportional","920260603","기초의원비례대표선거","9","","정선군","","","더불어민주당","100","","","","1","비례대표 정당 제출자료","1","party-doc:920260603:정선군:더불어민주당:1","false","","true","20260603/PDF/PBINFO_PUB/5207/003_100_20260521_1.pdf","filePathName+updtFileName","https://policy.nec.go.kr/plc/common/downloadFile.do?requestedFileName=20260603_%EC%A0%95%EC%84%A0%EA%B5%B0_%EB%8D%94%EB%B6%88%EC%96%B4%EB%AF%BC%EC%A3%BC%EB%8B%B9_%EB%B9%84%EB%A1%80%EB%8C%80%ED%91%9C%20%EC%A0%95%EB%8B%B9%20%EC%A0%9C%EC%B6%9C%EC%9E%90%EB%A3%8C.pdf&requestedFullPath=20260603/PDF/PBINFO_PUB/5207/003_100_20260521_1.pdf","pack_stale_currently_available","1||HEIGHT","20260603/PDF/PBINFO_PUB/5207/","003_100_20260521_1.pdf","선거공보","Y","Y",""
"920260603-5200-화천군-국민의힘-1-1","제9회 전국동시지방선거","5200","강원특별자치도","nec_region_scope_for_basic_proportional","920260603","기초의원비례대표선거","9","","화천군","","","국민의힘","200","","","","1","비례대표 정당 제출자료","1","party-doc:920260603:화천군:국민의힘:1","false","","true","20260603/PDF/PBINFO_PUB/5216/003_200_20260518_1.pdf","filePathName+updtFileName","https://policy.nec.go.kr/plc/common/downloadFile.do?requestedFileName=20260603_%ED%99%94%EC%B2%9C%EA%B5%B0_%EA%B5%AD%EB%AF%BC%EC%9D%98%ED%9E%98_%EB%B9%84%EB%A1%80%EB%8C%80%ED%91%9C%20%EC%A0%95%EB%8B%B9%20%EC%A0%9C%EC%B6%9C%EC%9E%90%EB%A3%8C.pdf&requestedFullPath=20260603/PDF/PBINFO_PUB/5216/003_200_20260518_1.pdf","pack_stale_currently_available","1||HEIGHT","20260603/PDF/PBINFO_PUB/5216/","003_200_20260518_1.pdf","선거공보","Y","Y",""
"920260603-5200-횡성군-국민의힘-1-1","제9회 전국동시지방선거","5200","강원특별자치도","nec_region_scope_for_basic_proportional","920260603","기초의원비례대표선거","9","","횡성군","","","국민의힘","200","","","","1","비례대표 정당 제출자료","1","party-doc:920260603:횡성군:국민의힘:1","false","","true","20260603/PDF/PBINFO_PUB/5213/003_200_20260521_1.pdf","filePathName+updtFileName","https://policy.nec.go.kr/plc/common/downloadFile.do?requestedFileName=20260603_%ED%9A%A1%EC%84%B1%EA%B5%B0_%EA%B5%AD%EB%AF%BC%EC%9D%98%ED%9E%98_%EB%B9%84%EB%A1%80%EB%8C%80%ED%91%9C%20%EC%A0%95%EB%8B%B9%20%EC%A0%9C%EC%B6%9C%EC%9E%90%EB%A3%8C.pdf&requestedFullPath=20260603/PDF/PBINFO_PUB/5213/003_200_20260521_1.pdf","pack_stale_currently_available","1||HEIGHT","20260603/PDF/PBINFO_PUB/5213/","003_200_20260521_1.pdf","선거공보","Y","Y",""
"920260603-5200-동해시-국민의힘-1-1","제9회 전국동시지방선거","5200","강원특별자치도","nec_region_scope_for_basic_proportional","920260603","기초의원비례대표선거","9","","동해시","","","국민의힘","200","","","","1","비례대표 정당 제출자료","1","party-doc:920260603:동해시:국민의힘:1","false","","true","20260603/PDF/PBINFO_PUB/5204/003_200_20260523_1.pdf","filePathName+updtFileName","https://policy.nec.go.kr/plc/common/downloadFile.do?requestedFileName=20260603_%EB%8F%99%ED%95%B4%EC%8B%9C_%EA%B5%AD%EB%AF%BC%EC%9D%98%ED%9E%98_%EB%B9%84%EB%A1%80%EB%8C%80%ED%91%9C%20%EC%A0%95%EB%8B%B9%20%EC%A0%9C%EC%B6%9C%EC%9E%90%EB%A3%8C.pdf&requestedFullPath=20260603/PDF/PBINFO_PUB/5204/003_200_20260523_1.pdf","pack_stale_currently_available","1||HEIGHT","20260603/PDF/PBINFO_PUB/5204/","003_200_20260523_1.pdf","선거공보","Y","Y",""
"920260603-5200-속초시-국민의힘-1-1","제9회 전국동시지방선거","5200","강원특별자치도","nec_region_scope_for_basic_proportional","920260603","기초의원비례대표선거","9","","속초시","","","국민의힘","200","","","","1","비례대표 정당 제출자료","1","party-doc:920260603:속초시:국민의힘:1","false","","true","20260603/PDF/PBINFO_PUB/5208/003_200_20260521_1.pdf","filePathName+updtFileName","https://policy.nec.go.kr/plc/common/downloadFile.do?requestedFileName=20260603_%EC%86%8D%EC%B4%88%EC%8B%9C_%EA%B5%AD%EB%AF%BC%EC%9D%98%ED%9E%98_%EB%B9%84%EB%A1%80%EB%8C%80%ED%91%9C%20%EC%A0%95%EB%8B%B9%20%EC%A0%9C%EC%B6%9C%EC%9E%90%EB%A3%8C.pdf&requestedFullPath=20260603/PDF/PBINFO_PUB/5208/003_200_20260521_1.pdf","pack_stale_currently_available","1||HEIGHT","20260603/PDF/PBINFO_PUB/5208/","003_200_20260521_1.pdf","선거공보","Y","Y",""
"920260603-5200-철원군-국민의힘-1-1","제9회 전국동시지방선거","5200","강원특별자치도","nec_region_scope_for_basic_proportional","920260603","기초의원비례대표선거","9","","철원군","","","국민의힘","200","","","","1","비례대표 정당 제출자료","1","party-doc:920260603:철원군:국민의힘:1","false","","true","20260603/PDF/PBINFO_PUB/5218/003_200_20260521_1.pdf","filePathName+updtFileName","https://policy.nec.go.kr/plc/common/downloadFile.do?requestedFileName=20260603_%EC%B2%A0%EC%9B%90%EA%B5%B0_%EA%B5%AD%EB%AF%BC%EC%9D%98%ED%9E%98_%EB%B9%84%EB%A1%80%EB%8C%80%ED%91%9C%20%EC%A0%95%EB%8B%B9%20%EC%A0%9C%EC%B6%9C%EC%9E%90%EB%A3%8C.pdf&requestedFullPath=20260603/PDF/PBINFO_PUB/5218/003_200_20260521_1.pdf","pack_stale_currently_available","1||HEIGHT","20260603/PDF/PBINFO_PUB/5218/","003_200_20260521_1.pdf","선거공보","Y","Y",""
"920260603-5200-정선군-국민의힘-1-1","제9회 전국동시지방선거","5200","강원특별자치도","nec_region_scope_for_basic_proportional","920260603","기초의원비례대표선거","9","","정선군","","","국민의힘","200","","","","1","비례대표 정당 제출자료","1","party-doc:920260603:정선군:국민의힘:1","false","","true","20260603/PDF/PBINFO_PUB/5207/003_200_20260521_1.pdf","filePathName+updtFileName","https://policy.nec.go.kr/plc/common/downloadFile.do?requestedFileName=20260603_%EC%A0%95%EC%84%A0%EA%B5%B0_%EA%B5%AD%EB%AF%BC%EC%9D%98%ED%9E%98_%EB%B9%84%EB%A1%80%EB%8C%80%ED%91%9C%20%EC%A0%95%EB%8B%B9%20%EC%A0%9C%EC%B6%9C%EC%9E%90%EB%A3%8C.pdf&requestedFullPath=20260603/PDF/PBINFO_PUB/5207/003_200_20260521_1.pdf","pack_stale_currently_available","1||HEIGHT","20260603/PDF/PBINFO_PUB/5207/","003_200_20260521_1.pdf","선거공보","Y","Y",""
"920260603-5200-인제군-국민의힘-1-1","제9회 전국동시지방선거","5200","강원특별자치도","nec_region_scope_for_basic_proportional","920260603","기초의원비례대표선거","9","","인제군","","","국민의힘","200","","","","1","비례대표 정당 제출자료","1","party-doc:920260603:인제군:국민의힘:1","false","","true","20260603/PDF/PBINFO_PUB/5211/003_200_20260522_1.pdf","filePathName+updtFileName","https://policy.nec.go.kr/plc/common/downloadFile.do?requestedFileName=20260603_%EC%9D%B8%EC%A0%9C%EA%B5%B0_%EA%B5%AD%EB%AF%BC%EC%9D%98%ED%9E%98_%EB%B9%84%EB%A1%80%EB%8C%80%ED%91%9C%20%EC%A0%95%EB%8B%B9%20%EC%A0%9C%EC%B6%9C%EC%9E%90%EB%A3%8C.pdf&requestedFullPath=20260603/PDF/PBINFO_PUB/5211/003_200_20260522_1.pdf","pack_stale_currently_available","1||HEIGHT","20260603/PDF/PBINFO_PUB/5211/","003_200_20260522_1.pdf","선거공보","Y","Y",""
"920260603-5200-삼척시-국민의힘-1-1","제9회 전국동시지방선거","5200","강원특별자치도","nec_region_scope_for_basic_proportional","920260603","기초의원비례대표선거","9","","삼척시","","","국민의힘","200","","","","1","비례대표 정당 제출자료","1","party-doc:920260603:삼척시:국민의힘:1","false","","true","20260603/PDF/PBINFO_PUB/5205/003_200_20260518_1.pdf","filePathName+updtFileName","https://policy.nec.go.kr/plc/common/downloadFile.do?requestedFileName=20260603_%EC%82%BC%EC%B2%99%EC%8B%9C_%EA%B5%AD%EB%AF%BC%EC%9D%98%ED%9E%98_%EB%B9%84%EB%A1%80%EB%8C%80%ED%91%9C%20%EC%A0%95%EB%8B%B9%20%EC%A0%9C%EC%B6%9C%EC%9E%90%EB%A3%8C.pdf&requestedFullPath=20260603/PDF/PBINFO_PUB/5205/003_200_20260518_1.pdf","pack_stale_currently_available","1||HEIGHT","20260603/PDF/PBINFO_PUB/5205/","003_200_20260518_1.pdf","선거공보","Y","Y",""
"920260603-5200-양양군-국민의힘-1-1","제9회 전국동시지방선거","5200","강원특별자치도","nec_region_scope_for_basic_proportional","920260603","기초의원비례대표선거","9","","양양군","","","국민의힘","200","","","","1","비례대표 정당 제출자료","1","party-doc:920260603:양양군:국민의힘:1","false","","true","20260603/PDF/PBINFO_PUB/5210/003_200_20260522_1.pdf","filePathName+updtFileName","https://policy.nec.go.kr/plc/common/downloadFile.do?requestedFileName=20260603_%EC%96%91%EC%96%91%EA%B5%B0_%EA%B5%AD%EB%AF%BC%EC%9D%98%ED%9E%98_%EB%B9%84%EB%A1%80%EB%8C%80%ED%91%9C%20%EC%A0%95%EB%8B%B9%20%EC%A0%9C%EC%B6%9C%EC%9E%90%EB%A3%8C.pdf&requestedFullPath=20260603/PDF/PBINFO_PUB/5210/003_200_20260522_1.pdf","pack_stale_currently_available","1||HEIGHT","20260603/PDF/PBINFO_PUB/5210/","003_200_20260522_1.pdf","선거공보","Y","Y",""
"920260603-5200-원주시-국민의힘-1-1","제9회 전국동시지방선거","5200","강원특별자치도","nec_region_scope_for_basic_proportional","920260603","기초의원비례대표선거","9","","원주시","","","국민의힘","200","","","","1","비례대표 정당 제출자료","1","party-doc:920260603:원주시:국민의힘:1","false","","true","20260603/PDF/PBINFO_PUB/5202/003_200_20260523_1.pdf","filePathName+updtFileName","https://policy.nec.go.kr/plc/common/downloadFile.do?requestedFileName=20260603_%EC%9B%90%EC%A3%BC%EC%8B%9C_%EA%B5%AD%EB%AF%BC%EC%9D%98%ED%9E%98_%EB%B9%84%EB%A1%80%EB%8C%80%ED%91%9C%20%EC%A0%95%EB%8B%B9%20%EC%A0%9C%EC%B6%9C%EC%9E%90%EB%A3%8C.pdf&requestedFullPath=20260603/PDF/PBINFO_PUB/5202/003_200_20260523_1.pdf","pack_stale_currently_available","1||HEIGHT","20260603/PDF/PBINFO_PUB/5202/","003_200_20260523_1.pdf","선거공보","Y","Y",""
"920260603-5200-고성군-국민의힘-1-1","제9회 전국동시지방선거","5200","강원특별자치도","nec_region_scope_for_basic_proportional","920260603","기초의원비례대표선거","9","","고성군","","","국민의힘","200","","","","1","비례대표 정당 제출자료","1","party-doc:920260603:고성군:국민의힘:1","false","","true","20260603/PDF/PBINFO_PUB/5209/003_200_20260522_1.pdf","filePathName+updtFileName","https://policy.nec.go.kr/plc/common/downloadFile.do?requestedFileName=20260603_%EA%B3%A0%EC%84%B1%EA%B5%B0_%EA%B5%AD%EB%AF%BC%EC%9D%98%ED%9E%98_%EB%B9%84%EB%A1%80%EB%8C%80%ED%91%9C%20%EC%A0%95%EB%8B%B9%20%EC%A0%9C%EC%B6%9C%EC%9E%90%EB%A3%8C.pdf&requestedFullPath=20260603/PDF/PBINFO_PUB/5209/003_200_20260522_1.pdf","pack_stale_currently_available","1||HEIGHT","20260603/PDF/PBINFO_PUB/5209/","003_200_20260522_1.pdf","선거공보","Y","Y",""
"920260603-5200-강릉시-국민의힘-1-1","제9회 전국동시지방선거","5200","강원특별자치도","nec_region_scope_for_basic_proportional","920260603","기초의원비례대표선거","9","","강릉시","","","국민의힘","200","","","","1","비례대표 정당 제출자료","1","party-doc:920260603:강릉시:국민의힘:1","false","","true","20260603/PDF/PBINFO_PUB/5203/003_200_20260521_1.pdf","filePathName+updtFileName","https://policy.nec.go.kr/plc/common/downloadFile.do?requestedFileName=20260603_%EA%B0%95%EB%A6%89%EC%8B%9C_%EA%B5%AD%EB%AF%BC%EC%9D%98%ED%9E%98_%EB%B9%84%EB%A1%80%EB%8C%80%ED%91%9C%20%EC%A0%95%EB%8B%B9%20%EC%A0%9C%EC%B6%9C%EC%9E%90%EB%A3%8C.pdf&requestedFullPath=20260603/PDF/PBINFO_PUB/5203/003_200_20260521_1.pdf","pack_stale_currently_available","1||HEIGHT","20260603/PDF/PBINFO_PUB/5203/","003_200_20260521_1.pdf","선거공보","Y","Y",""
"920260603-5200-태백시-국민의힘-1-1","제9회 전국동시지방선거","5200","강원특별자치도","nec_region_scope_for_basic_proportional","920260603","기초의원비례대표선거","9","","태백시","","","국민의힘","200","","","","1","비례대표 정당 제출자료","1","party-doc:920260603:태백시:국민의힘:1","false","","true","20260603/PDF/PBINFO_PUB/5206/003_200_20260518_1.pdf","filePathName+updtFileName","https://policy.nec.go.kr/plc/common/downloadFile.do?requestedFileName=20260603_%ED%83%9C%EB%B0%B1%EC%8B%9C_%EA%B5%AD%EB%AF%BC%EC%9D%98%ED%9E%98_%EB%B9%84%EB%A1%80%EB%8C%80%ED%91%9C%20%EC%A0%95%EB%8B%B9%20%EC%A0%9C%EC%B6%9C%EC%9E%90%EB%A3%8C.pdf&requestedFullPath=20260603/PDF/PBINFO_PUB/5206/003_200_20260518_1.pdf","pack_stale_currently_available","1||HEIGHT","20260603/PDF/PBINFO_PUB/5206/","003_200_20260518_1.pdf","선거공보","Y","Y",""
"920260603-5200-평창군-국민의힘-1-1","제9회 전국동시지방선거","5200","강원특별자치도","nec_region_scope_for_basic_proportional","920260603","기초의원비례대표선거","9","","평창군","","","국민의힘","200","","","","1","비례대표 정당 제출자료","1","party-doc:920260603:평창군:국민의힘:1","false","","true","20260603/PDF/PBINFO_PUB/5215/003_200_20260522_1.pdf","filePathName+updtFileName","https://policy.nec.go.kr/plc/common/downloadFile.do?requestedFileName=20260603_%ED%8F%89%EC%B0%BD%EA%B5%B0_%EA%B5%AD%EB%AF%BC%EC%9D%98%ED%9E%98_%EB%B9%84%EB%A1%80%EB%8C%80%ED%91%9C%20%EC%A0%95%EB%8B%B9%20%EC%A0%9C%EC%B6%9C%EC%9E%90%EB%A3%8C.pdf&requestedFullPath=20260603/PDF/PBINFO_PUB/5215/003_200_20260522_1.pdf","pack_stale_currently_available","1||HEIGHT","20260603/PDF/PBINFO_PUB/5215/","003_200_20260522_1.pdf","선거공보","Y","Y",""
"920260603-4300-단양군-더불어민주당-1-1","제9회 전국동시지방선거","4300","충청북도","nec_region_scope_for_basic_proportional","920260603","기초의원비례대표선거","9","","단양군","","","더불어민주당","100","","","","1","비례대표 정당 제출자료","1","party-doc:920260603:단양군:더불어민주당:1","false","","true","20260603/PDF/PBINFO_PUB/4305/003_100_20260523_1.pdf","filePathName+updtFileName","https://policy.nec.go.kr/plc/common/downloadFile.do?requestedFileName=20260603_%EB%8B%A8%EC%96%91%EA%B5%B0_%EB%8D%94%EB%B6%88%EC%96%B4%EB%AF%BC%EC%A3%BC%EB%8B%B9_%EB%B9%84%EB%A1%80%EB%8C%80%ED%91%9C%20%EC%A0%95%EB%8B%B9%20%EC%A0%9C%EC%B6%9C%EC%9E%90%EB%A3%8C.pdf&requestedFullPath=20260603/PDF/PBINFO_PUB/4305/003_100_20260523_1.pdf","pack_stale_currently_available","1||HEIGHT","20260603/PDF/PBINFO_PUB/4305/","003_100_20260523_1.pdf","선거공보","Y","Y",""
"920260603-4300-증평군-더불어민주당-1-1","제9회 전국동시지방선거","4300","충청북도","nec_region_scope_for_basic_proportional","920260603","기초의원비례대표선거","9","","증평군","","","더불어민주당","100","","","","1","비례대표 정당 제출자료","1","party-doc:920260603:증평군:더불어민주당:1","false","","true","20260603/PDF/PBINFO_PUB/4313/003_100_20260522_1.pdf","filePathName+updtFileName","https://policy.nec.go.kr/plc/common/downloadFile.do?requestedFileName=20260603_%EC%A6%9D%ED%8F%89%EA%B5%B0_%EB%8D%94%EB%B6%88%EC%96%B4%EB%AF%BC%EC%A3%BC%EB%8B%B9_%EB%B9%84%EB%A1%80%EB%8C%80%ED%91%9C%20%EC%A0%95%EB%8B%B9%20%EC%A0%9C%EC%B6%9C%EC%9E%90%EB%A3%8C.pdf&requestedFullPath=20260603/PDF/PBINFO_PUB/4313/003_100_20260522_1.pdf","pack_stale_currently_available","1||HEIGHT","20260603/PDF/PBINFO_PUB/4313/","003_100_20260522_1.pdf","선거공보","Y","Y",""
"920260603-4300-청주시-더불어민주당-1-1","제9회 전국동시지방선거","4300","충청북도","nec_region_scope_for_basic_proportional","920260603","기초의원비례대표선거","9","","청주시","","","더불어민주당","100","","","","1","비례대표 정당 제출자료","1","party-doc:920260603:청주시:더불어민주당:1","false","","true","20260603/PDF/PBINFO_PUB/4301/003_100_20260522_2.pdf","filePathName+updtFileName","https://policy.nec.go.kr/plc/common/downloadFile.do?requestedFileName=20260603_%EC%B2%AD%EC%A3%BC%EC%8B%9C_%EB%8D%94%EB%B6%88%EC%96%B4%EB%AF%BC%EC%A3%BC%EB%8B%B9_%EB%B9%84%EB%A1%80%EB%8C%80%ED%91%9C%20%EC%A0%95%EB%8B%B9%20%EC%A0%9C%EC%B6%9C%EC%9E%90%EB%A3%8C.pdf&requestedFullPath=20260603/PDF/PBINFO_PUB/4301/003_100_20260522_2.pdf","pack_stale_currently_available","1||HEIGHT","20260603/PDF/PBINFO_PUB/4301/","003_100_20260522_2.pdf","선거공보","Y","Y",""
"920260603-4300-보은군-더불어민주당-1-1","제9회 전국동시지방선거","4300","충청북도","nec_region_scope_for_basic_proportional","920260603","기초의원비례대표선거","9","","보은군","","","더불어민주당","100","","","","1","비례대표 정당 제출자료","1","party-doc:920260603:보은군:더불어민주당:1","false","","true","20260603/PDF/PBINFO_PUB/4308/003_100_20260523_1.pdf","filePathName+updtFileName","https://policy.nec.go.kr/plc/common/downloadFile.do?requestedFileName=20260603_%EB%B3%B4%EC%9D%80%EA%B5%B0_%EB%8D%94%EB%B6%88%EC%96%B4%EB%AF%BC%EC%A3%BC%EB%8B%B9_%EB%B9%84%EB%A1%80%EB%8C%80%ED%91%9C%20%EC%A0%95%EB%8B%B9%20%EC%A0%9C%EC%B6%9C%EC%9E%90%EB%A3%8C.pdf&requestedFullPath=20260603/PDF/PBINFO_PUB/4308/003_100_20260523_1.pdf","pack_stale_currently_available","1||HEIGHT","20260603/PDF/PBINFO_PUB/4308/","003_100_20260523_1.pdf","선거공보","Y","Y",""
"920260603-4300-괴산군-더불어민주당-1-1","제9회 전국동시지방선거","4300","충청북도","nec_region_scope_for_basic_proportional","920260603","기초의원비례대표선거","9","","괴산군","","","더불어민주당","100","","","","1","비례대표 정당 제출자료","1","party-doc:920260603:괴산군:더불어민주당:1","false","","true","20260603/PDF/PBINFO_PUB/4312/003_100_20260523_1.pdf","filePathName+updtFileName","https://policy.nec.go.kr/plc/common/downloadFile.do?requestedFileName=20260603_%EA%B4%B4%EC%82%B0%EA%B5%B0_%EB%8D%94%EB%B6%88%EC%96%B4%EB%AF%BC%EC%A3%BC%EB%8B%B9_%EB%B9%84%EB%A1%80%EB%8C%80%ED%91%9C%20%EC%A0%95%EB%8B%B9%20%EC%A0%9C%EC%B6%9C%EC%9E%90%EB%A3%8C.pdf&requestedFullPath=20260603/PDF/PBINFO_PUB/4312/003_100_20260523_1.pdf","pack_stale_currently_available","1||HEIGHT","20260603/PDF/PBINFO_PUB/4312/","003_100_20260523_1.pdf","선거공보","Y","Y",""
"920260603-4300-진천군-더불어민주당-1-1","제9회 전국동시지방선거","4300","충청북도","nec_region_scope_for_basic_proportional","920260603","기초의원비례대표선거","9","","진천군","","","더불어민주당","100","","","","1","비례대표 정당 제출자료","1","party-doc:920260603:진천군:더불어민주당:1","false","","true","20260603/PDF/PBINFO_PUB/4311/003_100_20260523_1.pdf","filePathName+updtFileName","https://policy.nec.go.kr/plc/common/downloadFile.do?requestedFileName=20260603_%EC%A7%84%EC%B2%9C%EA%B5%B0_%EB%8D%94%EB%B6%88%EC%96%B4%EB%AF%BC%EC%A3%BC%EB%8B%B9_%EB%B9%84%EB%A1%80%EB%8C%80%ED%91%9C%20%EC%A0%95%EB%8B%B9%20%EC%A0%9C%EC%B6%9C%EC%9E%90%EB%A3%8C.pdf&requestedFullPath=20260603/PDF/PBINFO_PUB/4311/003_100_20260523_1.pdf","pack_stale_currently_available","1||HEIGHT","20260603/PDF/PBINFO_PUB/4311/","003_100_20260523_1.pdf","선거공보","Y","Y",""
"920260603-4300-영동군-더불어민주당-1-1","제9회 전국동시지방선거","4300","충청북도","nec_region_scope_for_basic_proportional","920260603","기초의원비례대표선거","9","","영동군","","","더불어민주당","100","","","","1","비례대표 정당 제출자료","1","party-doc:920260603:영동군:더불어민주당:1","false","","true","20260603/PDF/PBINFO_PUB/4307/003_100_20260523_1.pdf","filePathName+updtFileName","https://policy.nec.go.kr/plc/common/downloadFile.do?requestedFileName=20260603_%EC%98%81%EB%8F%99%EA%B5%B0_%EB%8D%94%EB%B6%88%EC%96%B4%EB%AF%BC%EC%A3%BC%EB%8B%B9_%EB%B9%84%EB%A1%80%EB%8C%80%ED%91%9C%20%EC%A0%95%EB%8B%B9%20%EC%A0%9C%EC%B6%9C%EC%9E%90%EB%A3%8C.pdf&requestedFullPath=20260603/PDF/PBINFO_PUB/4307/003_100_20260523_1.pdf","pack_stale_currently_available","1||HEIGHT","20260603/PDF/PBINFO_PUB/4307/","003_100_20260523_1.pdf","선거공보","Y","Y",""
"920260603-4300-충주시-더불어민주당-1-1","제9회 전국동시지방선거","4300","충청북도","nec_region_scope_for_basic_proportional","920260603","기초의원비례대표선거","9","","충주시","","","더불어민주당","100","","","","1","비례대표 정당 제출자료","1","party-doc:920260603:충주시:더불어민주당:1","false","","true","20260603/PDF/PBINFO_PUB/4303/003_100_20260524_1.pdf","filePathName+updtFileName","https://policy.nec.go.kr/plc/common/downloadFile.do?requestedFileName=20260603_%EC%B6%A9%EC%A3%BC%EC%8B%9C_%EB%8D%94%EB%B6%88%EC%96%B4%EB%AF%BC%EC%A3%BC%EB%8B%B9_%EB%B9%84%EB%A1%80%EB%8C%80%ED%91%9C%20%EC%A0%95%EB%8B%B9%20%EC%A0%9C%EC%B6%9C%EC%9E%90%EB%A3%8C.pdf&requestedFullPath=20260603/PDF/PBINFO_PUB/4303/003_100_20260524_1.pdf","pack_stale_currently_available","1||HEIGHT","20260603/PDF/PBINFO_PUB/4303/","003_100_20260524_1.pdf","선거공보","Y","Y",""
"920260603-4300-제천시-더불어민주당-1-1","제9회 전국동시지방선거","4300","충청북도","nec_region_scope_for_basic_proportional","920260603","기초의원비례대표선거","9","","제천시","","","더불어민주당","100","","","","1","비례대표 정당 제출자료","1","party-doc:920260603:제천시:더불어민주당:1","false","","true","20260603/PDF/PBINFO_PUB/4304/003_100_20260523_1.pdf","filePathName+updtFileName","https://policy.nec.go.kr/plc/common/downloadFile.do?requestedFileName=20260603_%EC%A0%9C%EC%B2%9C%EC%8B%9C_%EB%8D%94%EB%B6%88%EC%96%B4%EB%AF%BC%EC%A3%BC%EB%8B%B9_%EB%B9%84%EB%A1%80%EB%8C%80%ED%91%9C%20%EC%A0%95%EB%8B%B9%20%EC%A0%9C%EC%B6%9C%EC%9E%90%EB%A3%8C.pdf&requestedFullPath=20260603/PDF/PBINFO_PUB/4304/003_100_20260523_1.pdf","pack_stale_currently_available","1||HEIGHT","20260603/PDF/PBINFO_PUB/4304/","003_100_20260523_1.pdf","선거공보","Y","Y",""
"920260603-4300-음성군-더불어민주당-1-1","제9회 전국동시지방선거","4300","충청북도","nec_region_scope_for_basic_proportional","920260603","기초의원비례대표선거","9","","음성군","","","더불어민주당","100","","","","1","비례대표 정당 제출자료","1","party-doc:920260603:음성군:더불어민주당:1","false","","true","20260603/PDF/PBINFO_PUB/4310/003_100_20260523_1.pdf","filePathName+updtFileName","https://policy.nec.go.kr/plc/common/downloadFile.do?requestedFileName=20260603_%EC%9D%8C%EC%84%B1%EA%B5%B0_%EB%8D%94%EB%B6%88%EC%96%B4%EB%AF%BC%EC%A3%BC%EB%8B%B9_%EB%B9%84%EB%A1%80%EB%8C%80%ED%91%9C%20%EC%A0%95%EB%8B%B9%20%EC%A0%9C%EC%B6%9C%EC%9E%90%EB%A3%8C.pdf&requestedFullPath=20260603/PDF/PBINFO_PUB/4310/003_100_20260523_1.pdf","pack_stale_currently_available","1||HEIGHT","20260603/PDF/PBINFO_PUB/4310/","003_100_20260523_1.pdf","선거공보","Y","Y",""
"920260603-4300-옥천군-더불어민주당-1-1","제9회 전국동시지방선거","4300","충청북도","nec_region_scope_for_basic_proportional","920260603","기초의원비례대표선거","9","","옥천군","","","더불어민주당","100","","","","1","비례대표 정당 제출자료","1","party-doc:920260603:옥천군:더불어민주당:1","false","","true","20260603/PDF/PBINFO_PUB/4309/003_100_20260523_1.pdf","filePathName+updtFileName","https://policy.nec.go.kr/plc/common/downloadFile.do?requestedFileName=20260603_%EC%98%A5%EC%B2%9C%EA%B5%B0_%EB%8D%94%EB%B6%88%EC%96%B4%EB%AF%BC%EC%A3%BC%EB%8B%B9_%EB%B9%84%EB%A1%80%EB%8C%80%ED%91%9C%20%EC%A0%95%EB%8B%B9%20%EC%A0%9C%EC%B6%9C%EC%9E%90%EB%A3%8C.pdf&requestedFullPath=20260603/PDF/PBINFO_PUB/4309/003_100_20260523_1.pdf","pack_stale_currently_available","1||HEIGHT","20260603/PDF/PBINFO_PUB/4309/","003_100_20260523_1.pdf","선거공보","Y","Y",""
"920260603-4300-충주시-국민의힘-1-1","제9회 전국동시지방선거","4300","충청북도","nec_region_scope_for_basic_proportional","920260603","기초의원비례대표선거","9","","충주시","","","국민의힘","200","","","","1","비례대표 정당 제출자료","1","party-doc:920260603:충주시:국민의힘:1","false","","true","20260603/PDF/PBINFO_PUB/4303/003_200_20260524_1.pdf","filePathName+updtFileName","https://policy.nec.go.kr/plc/common/downloadFile.do?requestedFileName=20260603_%EC%B6%A9%EC%A3%BC%EC%8B%9C_%EA%B5%AD%EB%AF%BC%EC%9D%98%ED%9E%98_%EB%B9%84%EB%A1%80%EB%8C%80%ED%91%9C%20%EC%A0%95%EB%8B%B9%20%EC%A0%9C%EC%B6%9C%EC%9E%90%EB%A3%8C.pdf&requestedFullPath=20260603/PDF/PBINFO_PUB/4303/003_200_20260524_1.pdf","pack_stale_currently_available","1||HEIGHT","20260603/PDF/PBINFO_PUB/4303/","003_200_20260524_1.pdf","선거공보","Y","Y",""
"920260603-4300-괴산군-국민의힘-1-1","제9회 전국동시지방선거","4300","충청북도","nec_region_scope_for_basic_proportional","920260603","기초의원비례대표선거","9","","괴산군","","","국민의힘","200","","","","1","비례대표 정당 제출자료","1","party-doc:920260603:괴산군:국민의힘:1","false","","true","20260603/PDF/PBINFO_PUB/4312/003_200_20260523_1.pdf","filePathName+updtFileName","https://policy.nec.go.kr/plc/common/downloadFile.do?requestedFileName=20260603_%EA%B4%B4%EC%82%B0%EA%B5%B0_%EA%B5%AD%EB%AF%BC%EC%9D%98%ED%9E%98_%EB%B9%84%EB%A1%80%EB%8C%80%ED%91%9C%20%EC%A0%95%EB%8B%B9%20%EC%A0%9C%EC%B6%9C%EC%9E%90%EB%A3%8C.pdf&requestedFullPath=20260603/PDF/PBINFO_PUB/4312/003_200_20260523_1.pdf","pack_stale_currently_available","1||HEIGHT","20260603/PDF/PBINFO_PUB/4312/","003_200_20260523_1.pdf","선거공보","Y","Y",""
"920260603-4300-제천시-국민의힘-1-1","제9회 전국동시지방선거","4300","충청북도","nec_region_scope_for_basic_proportional","920260603","기초의원비례대표선거","9","","제천시","","","국민의힘","200","","","","1","비례대표 정당 제출자료","1","party-doc:920260603:제천시:국민의힘:1","false","","true","20260603/PDF/PBINFO_PUB/4304/003_200_20260523_1.pdf","filePathName+updtFileName","https://policy.nec.go.kr/plc/common/downloadFile.do?requestedFileName=20260603_%EC%A0%9C%EC%B2%9C%EC%8B%9C_%EA%B5%AD%EB%AF%BC%EC%9D%98%ED%9E%98_%EB%B9%84%EB%A1%80%EB%8C%80%ED%91%9C%20%EC%A0%95%EB%8B%B9%20%EC%A0%9C%EC%B6%9C%EC%9E%90%EB%A3%8C.pdf&requestedFullPath=20260603/PDF/PBINFO_PUB/4304/003_200_20260523_1.pdf","pack_stale_currently_available","1||HEIGHT","20260603/PDF/PBINFO_PUB/4304/","003_200_20260523_1.pdf","선거공보","Y","Y",""
"920260603-4300-단양군-국민의힘-1-1","제9회 전국동시지방선거","4300","충청북도","nec_region_scope_for_basic_proportional","920260603","기초의원비례대표선거","9","","단양군","","","국민의힘","200","","","","1","비례대표 정당 제출자료","1","party-doc:920260603:단양군:국민의힘:1","false","","true","20260603/PDF/PBINFO_PUB/4305/003_200_20260523_1.pdf","filePathName+updtFileName","https://policy.nec.go.kr/plc/common/downloadFile.do?requestedFileName=20260603_%EB%8B%A8%EC%96%91%EA%B5%B0_%EA%B5%AD%EB%AF%BC%EC%9D%98%ED%9E%98_%EB%B9%84%EB%A1%80%EB%8C%80%ED%91%9C%20%EC%A0%95%EB%8B%B9%20%EC%A0%9C%EC%B6%9C%EC%9E%90%EB%A3%8C.pdf&requestedFullPath=20260603/PDF/PBINFO_PUB/4305/003_200_20260523_1.pdf","pack_stale_currently_available","1||HEIGHT","20260603/PDF/PBINFO_PUB/4305/","003_200_20260523_1.pdf","선거공보","Y","Y",""
"920260603-4300-영동군-국민의힘-1-1","제9회 전국동시지방선거","4300","충청북도","nec_region_scope_for_basic_proportional","920260603","기초의원비례대표선거","9","","영동군","","","국민의힘","200","","","","1","비례대표 정당 제출자료","1","party-doc:920260603:영동군:국민의힘:1","false","","true","20260603/PDF/PBINFO_PUB/4307/003_200_20260523_1.pdf","filePathName+updtFileName","https://policy.nec.go.kr/plc/common/downloadFile.do?requestedFileName=20260603_%EC%98%81%EB%8F%99%EA%B5%B0_%EA%B5%AD%EB%AF%BC%EC%9D%98%ED%9E%98_%EB%B9%84%EB%A1%80%EB%8C%80%ED%91%9C%20%EC%A0%95%EB%8B%B9%20%EC%A0%9C%EC%B6%9C%EC%9E%90%EB%A3%8C.pdf&requestedFullPath=20260603/PDF/PBINFO_PUB/4307/003_200_20260523_1.pdf","pack_stale_currently_available","1||HEIGHT","20260603/PDF/PBINFO_PUB/4307/","003_200_20260523_1.pdf","선거공보","Y","Y",""
"920260603-4300-진천군-국민의힘-1-1","제9회 전국동시지방선거","4300","충청북도","nec_region_scope_for_basic_proportional","920260603","기초의원비례대표선거","9","","진천군","","","국민의힘","200","","","","1","비례대표 정당 제출자료","1","party-doc:920260603:진천군:국민의힘:1","false","","true","20260603/PDF/PBINFO_PUB/4311/003_200_20260523_1.pdf","filePathName+updtFileName","https://policy.nec.go.kr/plc/common/downloadFile.do?requestedFileName=20260603_%EC%A7%84%EC%B2%9C%EA%B5%B0_%EA%B5%AD%EB%AF%BC%EC%9D%98%ED%9E%98_%EB%B9%84%EB%A1%80%EB%8C%80%ED%91%9C%20%EC%A0%95%EB%8B%B9%20%EC%A0%9C%EC%B6%9C%EC%9E%90%EB%A3%8C.pdf&requestedFullPath=20260603/PDF/PBINFO_PUB/4311/003_200_20260523_1.pdf","pack_stale_currently_available","1||HEIGHT","20260603/PDF/PBINFO_PUB/4311/","003_200_20260523_1.pdf","선거공보","Y","Y",""
"920260603-4300-증평군-국민의힘-1-1","제9회 전국동시지방선거","4300","충청북도","nec_region_scope_for_basic_proportional","920260603","기초의원비례대표선거","9","","증평군","","","국민의힘","200","","","","1","비례대표 정당 제출자료","1","party-doc:920260603:증평군:국민의힘:1","false","","true","20260603/PDF/PBINFO_PUB/4313/003_200_20260522_1.pdf","filePathName+updtFileName","https://policy.nec.go.kr/plc/common/downloadFile.do?requestedFileName=20260603_%EC%A6%9D%ED%8F%89%EA%B5%B0_%EA%B5%AD%EB%AF%BC%EC%9D%98%ED%9E%98_%EB%B9%84%EB%A1%80%EB%8C%80%ED%91%9C%20%EC%A0%95%EB%8B%B9%20%EC%A0%9C%EC%B6%9C%EC%9E%90%EB%A3%8C.pdf&requestedFullPath=20260603/PDF/PBINFO_PUB/4313/003_200_20260522_1.pdf","pack_stale_currently_available","1||HEIGHT","20260603/PDF/PBINFO_PUB/4313/","003_200_20260522_1.pdf","선거공보","Y","Y",""
"920260603-4300-보은군-국민의힘-1-1","제9회 전국동시지방선거","4300","충청북도","nec_region_scope_for_basic_proportional","920260603","기초의원비례대표선거","9","","보은군","","","국민의힘","200","","","","1","비례대표 정당 제출자료","1","party-doc:920260603:보은군:국민의힘:1","false","","true","20260603/PDF/PBINFO_PUB/4308/003_200_20260523_1.pdf","filePathName+updtFileName","https://policy.nec.go.kr/plc/common/downloadFile.do?requestedFileName=20260603_%EB%B3%B4%EC%9D%80%EA%B5%B0_%EA%B5%AD%EB%AF%BC%EC%9D%98%ED%9E%98_%EB%B9%84%EB%A1%80%EB%8C%80%ED%91%9C%20%EC%A0%95%EB%8B%B9%20%EC%A0%9C%EC%B6%9C%EC%9E%90%EB%A3%8C.pdf&requestedFullPath=20260603/PDF/PBINFO_PUB/4308/003_200_20260523_1.pdf","pack_stale_currently_available","1||HEIGHT","20260603/PDF/PBINFO_PUB/4308/","003_200_20260523_1.pdf","선거공보","Y","Y",""
"920260603-4300-음성군-국민의힘-1-1","제9회 전국동시지방선거","4300","충청북도","nec_region_scope_for_basic_proportional","920260603","기초의원비례대표선거","9","","음성군","","","국민의힘","200","","","","1","비례대표 정당 제출자료","1","party-doc:920260603:음성군:국민의힘:1","false","","true","20260603/PDF/PBINFO_PUB/4310/003_200_20260523_1.pdf","filePathName+updtFileName","https://policy.nec.go.kr/plc/common/downloadFile.do?requestedFileName=20260603_%EC%9D%8C%EC%84%B1%EA%B5%B0_%EA%B5%AD%EB%AF%BC%EC%9D%98%ED%9E%98_%EB%B9%84%EB%A1%80%EB%8C%80%ED%91%9C%20%EC%A0%95%EB%8B%B9%20%EC%A0%9C%EC%B6%9C%EC%9E%90%EB%A3%8C.pdf&requestedFullPath=20260603/PDF/PBINFO_PUB/4310/003_200_20260523_1.pdf","pack_stale_currently_available","1||HEIGHT","20260603/PDF/PBINFO_PUB/4310/","003_200_20260523_1.pdf","선거공보","Y","Y",""
"920260603-4300-옥천군-국민의힘-1-1","제9회 전국동시지방선거","4300","충청북도","nec_region_scope_for_basic_proportional","920260603","기초의원비례대표선거","9","","옥천군","","","국민의힘","200","","","","1","비례대표 정당 제출자료","1","party-doc:920260603:옥천군:국민의힘:1","false","","true","20260603/PDF/PBINFO_PUB/4309/003_200_20260523_1.pdf","filePathName+updtFileName","https://policy.nec.go.kr/plc/common/downloadFile.do?requestedFileName=20260603_%EC%98%A5%EC%B2%9C%EA%B5%B0_%EA%B5%AD%EB%AF%BC%EC%9D%98%ED%9E%98_%EB%B9%84%EB%A1%80%EB%8C%80%ED%91%9C%20%EC%A0%95%EB%8B%B9%20%EC%A0%9C%EC%B6%9C%EC%9E%90%EB%A3%8C.pdf&requestedFullPath=20260603/PDF/PBINFO_PUB/4309/003_200_20260523_1.pdf","pack_stale_currently_available","1||HEIGHT","20260603/PDF/PBINFO_PUB/4309/","003_200_20260523_1.pdf","선거공보","Y","Y",""
"920260603-4300-청주시-국민의힘-1-1","제9회 전국동시지방선거","4300","충청북도","nec_region_scope_for_basic_proportional","920260603","기초의원비례대표선거","9","","청주시","","","국민의힘","200","","","","1","비례대표 정당 제출자료","1","party-doc:920260603:청주시:국민의힘:1","false","","true","20260603/PDF/PBINFO_PUB/4301/003_200_20260515_1.pdf","filePathName+updtFileName","https://policy.nec.go.kr/plc/common/downloadFile.do?requestedFileName=20260603_%EC%B2%AD%EC%A3%BC%EC%8B%9C_%EA%B5%AD%EB%AF%BC%EC%9D%98%ED%9E%98_%EB%B9%84%EB%A1%80%EB%8C%80%ED%91%9C%20%EC%A0%95%EB%8B%B9%20%EC%A0%9C%EC%B6%9C%EC%9E%90%EB%A3%8C.pdf&requestedFullPath=20260603/PDF/PBINFO_PUB/4301/003_200_20260515_1.pdf","pack_stale_currently_available","1||HEIGHT","20260603/PDF/PBINFO_PUB/4301/","003_200_20260515_1.pdf","선거공보","Y","Y",""
"920260603-4300-청주시-조국혁신당-1-1","제9회 전국동시지방선거","4300","충청북도","nec_region_scope_for_basic_proportional","920260603","기초의원비례대표선거","9","","청주시","","","조국혁신당","5077","","","","1","비례대표 정당 제출자료","1","party-doc:920260603:청주시:조국혁신당:1","false","","true","20260603/PDF/PBINFO_PUB/4301/003_5077_20260517_3.pdf","filePathName+updtFileName","https://policy.nec.go.kr/plc/common/downloadFile.do?requestedFileName=20260603_%EC%B2%AD%EC%A3%BC%EC%8B%9C_%EC%A1%B0%EA%B5%AD%ED%98%81%EC%8B%A0%EB%8B%B9_%EB%B9%84%EB%A1%80%EB%8C%80%ED%91%9C%20%EC%A0%95%EB%8B%B9%20%EC%A0%9C%EC%B6%9C%EC%9E%90%EB%A3%8C.pdf&requestedFullPath=20260603/PDF/PBINFO_PUB/4301/003_5077_20260517_3.pdf","pack_stale_currently_available","1||HEIGHT","20260603/PDF/PBINFO_PUB/4301/","003_5077_20260517_3.pdf","선거공보","Y","Y",""
"920260603-4400-논산시-더불어민주당-1-1","제9회 전국동시지방선거","4400","충청남도","nec_region_scope_for_basic_proportional","920260603","기초의원비례대표선거","9","","논산시","","","더불어민주당","100","","","","1","비례대표 정당 제출자료","1","party-doc:920260603:논산시:더불어민주당:1","false","","true","20260603/PDF/PBINFO_PUB/4409/003_100_20260522_1.pdf","filePathName+updtFileName","https://policy.nec.go.kr/plc/common/downloadFile.do?requestedFileName=20260603_%EB%85%BC%EC%82%B0%EC%8B%9C_%EB%8D%94%EB%B6%88%EC%96%B4%EB%AF%BC%EC%A3%BC%EB%8B%B9_%EB%B9%84%EB%A1%80%EB%8C%80%ED%91%9C%20%EC%A0%95%EB%8B%B9%20%EC%A0%9C%EC%B6%9C%EC%9E%90%EB%A3%8C.pdf&requestedFullPath=20260603/PDF/PBINFO_PUB/4409/003_100_20260522_1.pdf","pack_stale_currently_available","1||HEIGHT","20260603/PDF/PBINFO_PUB/4409/","003_100_20260522_1.pdf","선거공보","Y","Y",""
"920260603-4400-태안군-더불어민주당-1-1","제9회 전국동시지방선거","4400","충청남도","nec_region_scope_for_basic_proportional","920260603","기초의원비례대표선거","9","","태안군","","","더불어민주당","100","","","","1","비례대표 정당 제출자료","1","party-doc:920260603:태안군:더불어민주당:1","false","","true","20260603/PDF/PBINFO_PUB/4406/003_100_20260514_1.pdf","filePathName+updtFileName","https://policy.nec.go.kr/plc/common/downloadFile.do?requestedFileName=20260603_%ED%83%9C%EC%95%88%EA%B5%B0_%EB%8D%94%EB%B6%88%EC%96%B4%EB%AF%BC%EC%A3%BC%EB%8B%B9_%EB%B9%84%EB%A1%80%EB%8C%80%ED%91%9C%20%EC%A0%95%EB%8B%B9%20%EC%A0%9C%EC%B6%9C%EC%9E%90%EB%A3%8C.pdf&requestedFullPath=20260603/PDF/PBINFO_PUB/4406/003_100_20260514_1.pdf","pack_stale_currently_available","1||HEIGHT","20260603/PDF/PBINFO_PUB/4406/","003_100_20260514_1.pdf","선거공보","Y","Y",""
"920260603-4400-홍성군-더불어민주당-1-1","제9회 전국동시지방선거","4400","충청남도","nec_region_scope_for_basic_proportional","920260603","기초의원비례대표선거","9","","홍성군","","","더불어민주당","100","","","","1","비례대표 정당 제출자료","1","party-doc:920260603:홍성군:더불어민주당:1","false","","true","20260603/PDF/PBINFO_PUB/4413/003_100_20260523_1.pdf","filePathName+updtFileName","https://policy.nec.go.kr/plc/common/downloadFile.do?requestedFileName=20260603_%ED%99%8D%EC%84%B1%EA%B5%B0_%EB%8D%94%EB%B6%88%EC%96%B4%EB%AF%BC%EC%A3%BC%EB%8B%B9_%EB%B9%84%EB%A1%80%EB%8C%80%ED%91%9C%20%EC%A0%95%EB%8B%B9%20%EC%A0%9C%EC%B6%9C%EC%9E%90%EB%A3%8C.pdf&requestedFullPath=20260603/PDF/PBINFO_PUB/4413/003_100_20260523_1.pdf","pack_stale_currently_available","1||HEIGHT","20260603/PDF/PBINFO_PUB/4413/","003_100_20260523_1.pdf","선거공보","Y","Y",""
"920260603-4400-보령시-더불어민주당-1-1","제9회 전국동시지방선거","4400","충청남도","nec_region_scope_for_basic_proportional","920260603","기초의원비례대표선거","9","","보령시","","","더불어민주당","100","","","","1","비례대표 정당 제출자료","1","party-doc:920260603:보령시:더불어민주당:1","false","","true","20260603/PDF/PBINFO_PUB/4403/003_100_20260523_1.pdf","filePathName+updtFileName","https://policy.nec.go.kr/plc/common/downloadFile.do?requestedFileName=20260603_%EB%B3%B4%EB%A0%B9%EC%8B%9C_%EB%8D%94%EB%B6%88%EC%96%B4%EB%AF%BC%EC%A3%BC%EB%8B%B9_%EB%B9%84%EB%A1%80%EB%8C%80%ED%91%9C%20%EC%A0%95%EB%8B%B9%20%EC%A0%9C%EC%B6%9C%EC%9E%90%EB%A3%8C.pdf&requestedFullPath=20260603/PDF/PBINFO_PUB/4403/003_100_20260523_1.pdf","pack_stale_currently_available","1||HEIGHT","20260603/PDF/PBINFO_PUB/4403/","003_100_20260523_1.pdf","선거공보","Y","Y",""
"920260603-4400-서산시-더불어민주당-1-1","제9회 전국동시지방선거","4400","충청남도","nec_region_scope_for_basic_proportional","920260603","기초의원비례대표선거","9","","서산시","","","더불어민주당","100","","","","1","비례대표 정당 제출자료","1","party-doc:920260603:서산시:더불어민주당:1","false","","true","20260603/PDF/PBINFO_PUB/4405/003_100_20260517_1.pdf","filePathName+updtFileName","https://policy.nec.go.kr/plc/common/downloadFile.do?requestedFileName=20260603_%EC%84%9C%EC%82%B0%EC%8B%9C_%EB%8D%94%EB%B6%88%EC%96%B4%EB%AF%BC%EC%A3%BC%EB%8B%B9_%EB%B9%84%EB%A1%80%EB%8C%80%ED%91%9C%20%EC%A0%95%EB%8B%B9%20%EC%A0%9C%EC%B6%9C%EC%9E%90%EB%A3%8C.pdf&requestedFullPath=20260603/PDF/PBINFO_PUB/4405/003_100_20260517_1.pdf","pack_stale_currently_available","1||HEIGHT","20260603/PDF/PBINFO_PUB/4405/","003_100_20260517_1.pdf","선거공보","Y","Y",""
"920260603-4400-서천군-더불어민주당-1-1","제9회 전국동시지방선거","4400","충청남도","nec_region_scope_for_basic_proportional","920260603","기초의원비례대표선거","9","","서천군","","","더불어민주당","100","","","","1","비례대표 정당 제출자료","1","party-doc:920260603:서천군:더불어민주당:1","false","","true","20260603/PDF/PBINFO_PUB/4412/003_100_20260522_1.pdf","filePathName+updtFileName","https://policy.nec.go.kr/plc/common/downloadFile.do?requestedFileName=20260603_%EC%84%9C%EC%B2%9C%EA%B5%B0_%EB%8D%94%EB%B6%88%EC%96%B4%EB%AF%BC%EC%A3%BC%EB%8B%B9_%EB%B9%84%EB%A1%80%EB%8C%80%ED%91%9C%20%EC%A0%95%EB%8B%B9%20%EC%A0%9C%EC%B6%9C%EC%9E%90%EB%A3%8C.pdf&requestedFullPath=20260603/PDF/PBINFO_PUB/4412/003_100_20260522_1.pdf","pack_stale_currently_available","1||HEIGHT","20260603/PDF/PBINFO_PUB/4412/","003_100_20260522_1.pdf","선거공보","Y","Y",""
"920260603-4400-당진시-더불어민주당-1-1","제9회 전국동시지방선거","4400","충청남도","nec_region_scope_for_basic_proportional","920260603","기초의원비례대표선거","9","","당진시","","","더불어민주당","100","","","","1","비례대표 정당 제출자료","1","party-doc:920260603:당진시:더불어민주당:1","false","","true","20260603/PDF/PBINFO_PUB/4416/003_100_20260522_1.pdf","filePathName+updtFileName","https://policy.nec.go.kr/plc/common/downloadFile.do?requestedFileName=20260603_%EB%8B%B9%EC%A7%84%EC%8B%9C_%EB%8D%94%EB%B6%88%EC%96%B4%EB%AF%BC%EC%A3%BC%EB%8B%B9_%EB%B9%84%EB%A1%80%EB%8C%80%ED%91%9C%20%EC%A0%95%EB%8B%B9%20%EC%A0%9C%EC%B6%9C%EC%9E%90%EB%A3%8C.pdf&requestedFullPath=20260603/PDF/PBINFO_PUB/4416/003_100_20260522_1.pdf","pack_stale_currently_available","1||HEIGHT","20260603/PDF/PBINFO_PUB/4416/","003_100_20260522_1.pdf","선거공보","Y","Y",""
"920260603-4400-천안시-더불어민주당-1-1","제9회 전국동시지방선거","4400","충청남도","nec_region_scope_for_basic_proportional","920260603","기초의원비례대표선거","9","","천안시","","","더불어민주당","100","","","","1","비례대표 정당 제출자료","1","party-doc:920260603:천안시:더불어민주당:1","false","","true","20260603/PDF/PBINFO_PUB/4417/003_100_20260523_1.pdf","filePathName+updtFileName","https://policy.nec.go.kr/plc/common/downloadFile.do?requestedFileName=20260603_%EC%B2%9C%EC%95%88%EC%8B%9C_%EB%8D%94%EB%B6%88%EC%96%B4%EB%AF%BC%EC%A3%BC%EB%8B%B9_%EB%B9%84%EB%A1%80%EB%8C%80%ED%91%9C%20%EC%A0%95%EB%8B%B9%20%EC%A0%9C%EC%B6%9C%EC%9E%90%EB%A3%8C.pdf&requestedFullPath=20260603/PDF/PBINFO_PUB/4417/003_100_20260523_1.pdf","pack_stale_currently_available","1||HEIGHT","20260603/PDF/PBINFO_PUB/4417/","003_100_20260523_1.pdf","선거공보","Y","Y",""
"920260603-4400-아산시-더불어민주당-1-1","제9회 전국동시지방선거","4400","충청남도","nec_region_scope_for_basic_proportional","920260603","기초의원비례대표선거","9","","아산시","","","더불어민주당","100","","","","1","비례대표 정당 제출자료","1","party-doc:920260603:아산시:더불어민주당:1","false","","true","20260603/PDF/PBINFO_PUB/4404/003_100_20260522_1.pdf","filePathName+updtFileName","https://policy.nec.go.kr/plc/common/downloadFile.do?requestedFileName=20260603_%EC%95%84%EC%82%B0%EC%8B%9C_%EB%8D%94%EB%B6%88%EC%96%B4%EB%AF%BC%EC%A3%BC%EB%8B%B9_%EB%B9%84%EB%A1%80%EB%8C%80%ED%91%9C%20%EC%A0%95%EB%8B%B9%20%EC%A0%9C%EC%B6%9C%EC%9E%90%EB%A3%8C.pdf&requestedFullPath=20260603/PDF/PBINFO_PUB/4404/003_100_20260522_1.pdf","pack_stale_currently_available","1||HEIGHT","20260603/PDF/PBINFO_PUB/4404/","003_100_20260522_1.pdf","선거공보","Y","Y",""
"920260603-4400-금산군-더불어민주당-1-1","제9회 전국동시지방선거","4400","충청남도","nec_region_scope_for_basic_proportional","920260603","기초의원비례대표선거","9","","금산군","","","더불어민주당","100","","","","1","비례대표 정당 제출자료","1","party-doc:920260603:금산군:더불어민주당:1","false","","true","20260603/PDF/PBINFO_PUB/4407/003_100_20260522_1.pdf","filePathName+updtFileName","https://policy.nec.go.kr/plc/common/downloadFile.do?requestedFileName=20260603_%EA%B8%88%EC%82%B0%EA%B5%B0_%EB%8D%94%EB%B6%88%EC%96%B4%EB%AF%BC%EC%A3%BC%EB%8B%B9_%EB%B9%84%EB%A1%80%EB%8C%80%ED%91%9C%20%EC%A0%95%EB%8B%B9%20%EC%A0%9C%EC%B6%9C%EC%9E%90%EB%A3%8C.pdf&requestedFullPath=20260603/PDF/PBINFO_PUB/4407/003_100_20260522_1.pdf","pack_stale_currently_available","1||HEIGHT","20260603/PDF/PBINFO_PUB/4407/","003_100_20260522_1.pdf","선거공보","Y","Y",""
"920260603-4400-예산군-더불어민주당-1-1","제9회 전국동시지방선거","4400","충청남도","nec_region_scope_for_basic_proportional","920260603","기초의원비례대표선거","9","","예산군","","","더불어민주당","100","","","","1","비례대표 정당 제출자료","1","party-doc:920260603:예산군:더불어민주당:1","false","","true","20260603/PDF/PBINFO_PUB/4415/003_100_20260521_1.pdf","filePathName+updtFileName","https://policy.nec.go.kr/plc/common/downloadFile.do?requestedFileName=20260603_%EC%98%88%EC%82%B0%EA%B5%B0_%EB%8D%94%EB%B6%88%EC%96%B4%EB%AF%BC%EC%A3%BC%EB%8B%B9_%EB%B9%84%EB%A1%80%EB%8C%80%ED%91%9C%20%EC%A0%95%EB%8B%B9%20%EC%A0%9C%EC%B6%9C%EC%9E%90%EB%A3%8C.pdf&requestedFullPath=20260603/PDF/PBINFO_PUB/4415/003_100_20260521_1.pdf","pack_stale_currently_available","1||HEIGHT","20260603/PDF/PBINFO_PUB/4415/","003_100_20260521_1.pdf","선거공보","Y","Y",""
"920260603-4400-계룡시-더불어민주당-1-1","제9회 전국동시지방선거","4400","충청남도","nec_region_scope_for_basic_proportional","920260603","기초의원비례대표선거","9","","계룡시","","","더불어민주당","100","","","","1","비례대표 정당 제출자료","1","party-doc:920260603:계룡시:더불어민주당:1","false","","true","20260603/PDF/PBINFO_PUB/4410/003_100_20260523_1.pdf","filePathName+updtFileName","https://policy.nec.go.kr/plc/common/downloadFile.do?requestedFileName=20260603_%EA%B3%84%EB%A3%A1%EC%8B%9C_%EB%8D%94%EB%B6%88%EC%96%B4%EB%AF%BC%EC%A3%BC%EB%8B%B9_%EB%B9%84%EB%A1%80%EB%8C%80%ED%91%9C%20%EC%A0%95%EB%8B%B9%20%EC%A0%9C%EC%B6%9C%EC%9E%90%EB%A3%8C.pdf&requestedFullPath=20260603/PDF/PBINFO_PUB/4410/003_100_20260523_1.pdf","pack_stale_currently_available","1||HEIGHT","20260603/PDF/PBINFO_PUB/4410/","003_100_20260523_1.pdf","선거공보","Y","Y",""
"920260603-4400-공주시-더불어민주당-1-1","제9회 전국동시지방선거","4400","충청남도","nec_region_scope_for_basic_proportional","920260603","기초의원비례대표선거","9","","공주시","","","더불어민주당","100","","","","1","비례대표 정당 제출자료","1","party-doc:920260603:공주시:더불어민주당:1","false","","true","20260603/PDF/PBINFO_PUB/4402/003_100_20260523_1.pdf","filePathName+updtFileName","https://policy.nec.go.kr/plc/common/downloadFile.do?requestedFileName=20260603_%EA%B3%B5%EC%A3%BC%EC%8B%9C_%EB%8D%94%EB%B6%88%EC%96%B4%EB%AF%BC%EC%A3%BC%EB%8B%B9_%EB%B9%84%EB%A1%80%EB%8C%80%ED%91%9C%20%EC%A0%95%EB%8B%B9%20%EC%A0%9C%EC%B6%9C%EC%9E%90%EB%A3%8C.pdf&requestedFullPath=20260603/PDF/PBINFO_PUB/4402/003_100_20260523_1.pdf","pack_stale_currently_available","1||HEIGHT","20260603/PDF/PBINFO_PUB/4402/","003_100_20260523_1.pdf","선거공보","Y","Y",""
"920260603-4400-청양군-더불어민주당-1-1","제9회 전국동시지방선거","4400","충청남도","nec_region_scope_for_basic_proportional","920260603","기초의원비례대표선거","9","","청양군","","","더불어민주당","100","","","","1","비례대표 정당 제출자료","1","party-doc:920260603:청양군:더불어민주당:1","false","","true","20260603/PDF/PBINFO_PUB/4414/003_100_20260523_1.pdf","filePathName+updtFileName","https://policy.nec.go.kr/plc/common/downloadFile.do?requestedFileName=20260603_%EC%B2%AD%EC%96%91%EA%B5%B0_%EB%8D%94%EB%B6%88%EC%96%B4%EB%AF%BC%EC%A3%BC%EB%8B%B9_%EB%B9%84%EB%A1%80%EB%8C%80%ED%91%9C%20%EC%A0%95%EB%8B%B9%20%EC%A0%9C%EC%B6%9C%EC%9E%90%EB%A3%8C.pdf&requestedFullPath=20260603/PDF/PBINFO_PUB/4414/003_100_20260523_1.pdf","pack_stale_currently_available","1||HEIGHT","20260603/PDF/PBINFO_PUB/4414/","003_100_20260523_1.pdf","선거공보","Y","Y",""
"920260603-4400-아산시-국민의힘-1-1","제9회 전국동시지방선거","4400","충청남도","nec_region_scope_for_basic_proportional","920260603","기초의원비례대표선거","9","","아산시","","","국민의힘","200","","","","1","비례대표 정당 제출자료","1","party-doc:920260603:아산시:국민의힘:1","false","","true","20260603/PDF/PBINFO_PUB/4404/003_200_20260522_1.pdf","filePathName+updtFileName","https://policy.nec.go.kr/plc/common/downloadFile.do?requestedFileName=20260603_%EC%95%84%EC%82%B0%EC%8B%9C_%EA%B5%AD%EB%AF%BC%EC%9D%98%ED%9E%98_%EB%B9%84%EB%A1%80%EB%8C%80%ED%91%9C%20%EC%A0%95%EB%8B%B9%20%EC%A0%9C%EC%B6%9C%EC%9E%90%EB%A3%8C.pdf&requestedFullPath=20260603/PDF/PBINFO_PUB/4404/003_200_20260522_1.pdf","pack_stale_currently_available","1||HEIGHT","20260603/PDF/PBINFO_PUB/4404/","003_200_20260522_1.pdf","선거공보","Y","Y",""
"920260603-4400-금산군-국민의힘-1-1","제9회 전국동시지방선거","4400","충청남도","nec_region_scope_for_basic_proportional","920260603","기초의원비례대표선거","9","","금산군","","","국민의힘","200","","","","1","비례대표 정당 제출자료","1","party-doc:920260603:금산군:국민의힘:1","false","","true","20260603/PDF/PBINFO_PUB/4407/003_200_20260524_2.pdf","filePathName+updtFileName","https://policy.nec.go.kr/plc/common/downloadFile.do?requestedFileName=20260603_%EA%B8%88%EC%82%B0%EA%B5%B0_%EA%B5%AD%EB%AF%BC%EC%9D%98%ED%9E%98_%EB%B9%84%EB%A1%80%EB%8C%80%ED%91%9C%20%EC%A0%95%EB%8B%B9%20%EC%A0%9C%EC%B6%9C%EC%9E%90%EB%A3%8C.pdf&requestedFullPath=20260603/PDF/PBINFO_PUB/4407/003_200_20260524_2.pdf","pack_stale_currently_available","1||HEIGHT","20260603/PDF/PBINFO_PUB/4407/","003_200_20260524_2.pdf","선거공보","Y","Y",""
"920260603-4400-예산군-국민의힘-1-1","제9회 전국동시지방선거","4400","충청남도","nec_region_scope_for_basic_proportional","920260603","기초의원비례대표선거","9","","예산군","","","국민의힘","200","","","","1","비례대표 정당 제출자료","1","party-doc:920260603:예산군:국민의힘:1","false","","true","20260603/PDF/PBINFO_PUB/4415/003_200_20260521_1.pdf","filePathName+updtFileName","https://policy.nec.go.kr/plc/common/downloadFile.do?requestedFileName=20260603_%EC%98%88%EC%82%B0%EA%B5%B0_%EA%B5%AD%EB%AF%BC%EC%9D%98%ED%9E%98_%EB%B9%84%EB%A1%80%EB%8C%80%ED%91%9C%20%EC%A0%95%EB%8B%B9%20%EC%A0%9C%EC%B6%9C%EC%9E%90%EB%A3%8C.pdf&requestedFullPath=20260603/PDF/PBINFO_PUB/4415/003_200_20260521_1.pdf","pack_stale_currently_available","1||HEIGHT","20260603/PDF/PBINFO_PUB/4415/","003_200_20260521_1.pdf","선거공보","Y","Y",""
"920260603-4400-천안시-국민의힘-1-1","제9회 전국동시지방선거","4400","충청남도","nec_region_scope_for_basic_proportional","920260603","기초의원비례대표선거","9","","천안시","","","국민의힘","200","","","","1","비례대표 정당 제출자료","1","party-doc:920260603:천안시:국민의힘:1","false","","true","20260603/PDF/PBINFO_PUB/4417/003_200_20260523_2.pdf","filePathName+updtFileName","https://policy.nec.go.kr/plc/common/downloadFile.do?requestedFileName=20260603_%EC%B2%9C%EC%95%88%EC%8B%9C_%EA%B5%AD%EB%AF%BC%EC%9D%98%ED%9E%98_%EB%B9%84%EB%A1%80%EB%8C%80%ED%91%9C%20%EC%A0%95%EB%8B%B9%20%EC%A0%9C%EC%B6%9C%EC%9E%90%EB%A3%8C.pdf&requestedFullPath=20260603/PDF/PBINFO_PUB/4417/003_200_20260523_2.pdf","pack_stale_currently_available","1||HEIGHT","20260603/PDF/PBINFO_PUB/4417/","003_200_20260523_2.pdf","선거공보","Y","Y",""
"920260603-4400-계룡시-국민의힘-1-1","제9회 전국동시지방선거","4400","충청남도","nec_region_scope_for_basic_proportional","920260603","기초의원비례대표선거","9","","계룡시","","","국민의힘","200","","","","1","비례대표 정당 제출자료","1","party-doc:920260603:계룡시:국민의힘:1","false","","true","20260603/PDF/PBINFO_PUB/4410/003_200_20260523_1.pdf","filePathName+updtFileName","https://policy.nec.go.kr/plc/common/downloadFile.do?requestedFileName=20260603_%EA%B3%84%EB%A3%A1%EC%8B%9C_%EA%B5%AD%EB%AF%BC%EC%9D%98%ED%9E%98_%EB%B9%84%EB%A1%80%EB%8C%80%ED%91%9C%20%EC%A0%95%EB%8B%B9%20%EC%A0%9C%EC%B6%9C%EC%9E%90%EB%A3%8C.pdf&requestedFullPath=20260603/PDF/PBINFO_PUB/4410/003_200_20260523_1.pdf","pack_stale_currently_available","1||HEIGHT","20260603/PDF/PBINFO_PUB/4410/","003_200_20260523_1.pdf","선거공보","Y","Y",""
"920260603-4400-서산시-국민의힘-1-1","제9회 전국동시지방선거","4400","충청남도","nec_region_scope_for_basic_proportional","920260603","기초의원비례대표선거","9","","서산시","","","국민의힘","200","","","","1","비례대표 정당 제출자료","1","party-doc:920260603:서산시:국민의힘:1","false","","true","20260603/PDF/PBINFO_PUB/4405/003_200_20260517_1.pdf","filePathName+updtFileName","https://policy.nec.go.kr/plc/common/downloadFile.do?requestedFileName=20260603_%EC%84%9C%EC%82%B0%EC%8B%9C_%EA%B5%AD%EB%AF%BC%EC%9D%98%ED%9E%98_%EB%B9%84%EB%A1%80%EB%8C%80%ED%91%9C%20%EC%A0%95%EB%8B%B9%20%EC%A0%9C%EC%B6%9C%EC%9E%90%EB%A3%8C.pdf&requestedFullPath=20260603/PDF/PBINFO_PUB/4405/003_200_20260517_1.pdf","pack_stale_currently_available","1||HEIGHT","20260603/PDF/PBINFO_PUB/4405/","003_200_20260517_1.pdf","선거공보","Y","Y",""
"920260603-4400-당진시-국민의힘-1-1","제9회 전국동시지방선거","4400","충청남도","nec_region_scope_for_basic_proportional","920260603","기초의원비례대표선거","9","","당진시","","","국민의힘","200","","","","1","비례대표 정당 제출자료","1","party-doc:920260603:당진시:국민의힘:1","false","","true","20260603/PDF/PBINFO_PUB/4416/003_200_20260522_1.pdf","filePathName+updtFileName","https://policy.nec.go.kr/plc/common/downloadFile.do?requestedFileName=20260603_%EB%8B%B9%EC%A7%84%EC%8B%9C_%EA%B5%AD%EB%AF%BC%EC%9D%98%ED%9E%98_%EB%B9%84%EB%A1%80%EB%8C%80%ED%91%9C%20%EC%A0%95%EB%8B%B9%20%EC%A0%9C%EC%B6%9C%EC%9E%90%EB%A3%8C.pdf&requestedFullPath=20260603/PDF/PBINFO_PUB/4416/003_200_20260522_1.pdf","pack_stale_currently_available","1||HEIGHT","20260603/PDF/PBINFO_PUB/4416/","003_200_20260522_1.pdf","선거공보","Y","Y",""
"920260603-4400-태안군-국민의힘-1-1","제9회 전국동시지방선거","4400","충청남도","nec_region_scope_for_basic_proportional","920260603","기초의원비례대표선거","9","","태안군","","","국민의힘","200","","","","1","비례대표 정당 제출자료","1","party-doc:920260603:태안군:국민의힘:1","false","","true","20260603/PDF/PBINFO_PUB/4406/003_200_20260520_1.pdf","filePathName+updtFileName","https://policy.nec.go.kr/plc/common/downloadFile.do?requestedFileName=20260603_%ED%83%9C%EC%95%88%EA%B5%B0_%EA%B5%AD%EB%AF%BC%EC%9D%98%ED%9E%98_%EB%B9%84%EB%A1%80%EB%8C%80%ED%91%9C%20%EC%A0%95%EB%8B%B9%20%EC%A0%9C%EC%B6%9C%EC%9E%90%EB%A3%8C.pdf&requestedFullPath=20260603/PDF/PBINFO_PUB/4406/003_200_20260520_1.pdf","pack_stale_currently_available","1||HEIGHT","20260603/PDF/PBINFO_PUB/4406/","003_200_20260520_1.pdf","선거공보","Y","Y",""
"920260603-4400-논산시-국민의힘-1-1","제9회 전국동시지방선거","4400","충청남도","nec_region_scope_for_basic_proportional","920260603","기초의원비례대표선거","9","","논산시","","","국민의힘","200","","","","1","비례대표 정당 제출자료","1","party-doc:920260603:논산시:국민의힘:1","false","","true","20260603/PDF/PBINFO_PUB/4409/003_200_20260522_1.pdf","filePathName+updtFileName","https://policy.nec.go.kr/plc/common/downloadFile.do?requestedFileName=20260603_%EB%85%BC%EC%82%B0%EC%8B%9C_%EA%B5%AD%EB%AF%BC%EC%9D%98%ED%9E%98_%EB%B9%84%EB%A1%80%EB%8C%80%ED%91%9C%20%EC%A0%95%EB%8B%B9%20%EC%A0%9C%EC%B6%9C%EC%9E%90%EB%A3%8C.pdf&requestedFullPath=20260603/PDF/PBINFO_PUB/4409/003_200_20260522_1.pdf","pack_stale_currently_available","1||HEIGHT","20260603/PDF/PBINFO_PUB/4409/","003_200_20260522_1.pdf","선거공보","Y","Y",""
"920260603-4400-청양군-국민의힘-1-1","제9회 전국동시지방선거","4400","충청남도","nec_region_scope_for_basic_proportional","920260603","기초의원비례대표선거","9","","청양군","","","국민의힘","200","","","","1","비례대표 정당 제출자료","1","party-doc:920260603:청양군:국민의힘:1","false","","true","20260603/PDF/PBINFO_PUB/4414/003_200_20260523_1.pdf","filePathName+updtFileName","https://policy.nec.go.kr/plc/common/downloadFile.do?requestedFileName=20260603_%EC%B2%AD%EC%96%91%EA%B5%B0_%EA%B5%AD%EB%AF%BC%EC%9D%98%ED%9E%98_%EB%B9%84%EB%A1%80%EB%8C%80%ED%91%9C%20%EC%A0%95%EB%8B%B9%20%EC%A0%9C%EC%B6%9C%EC%9E%90%EB%A3%8C.pdf&requestedFullPath=20260603/PDF/PBINFO_PUB/4414/003_200_20260523_1.pdf","pack_stale_currently_available","1||HEIGHT","20260603/PDF/PBINFO_PUB/4414/","003_200_20260523_1.pdf","선거공보","Y","Y",""
"920260603-4400-보령시-국민의힘-1-1","제9회 전국동시지방선거","4400","충청남도","nec_region_scope_for_basic_proportional","920260603","기초의원비례대표선거","9","","보령시","","","국민의힘","200","","","","1","비례대표 정당 제출자료","1","party-doc:920260603:보령시:국민의힘:1","false","","true","20260603/PDF/PBINFO_PUB/4403/003_200_20260523_1.pdf","filePathName+updtFileName","https://policy.nec.go.kr/plc/common/downloadFile.do?requestedFileName=20260603_%EB%B3%B4%EB%A0%B9%EC%8B%9C_%EA%B5%AD%EB%AF%BC%EC%9D%98%ED%9E%98_%EB%B9%84%EB%A1%80%EB%8C%80%ED%91%9C%20%EC%A0%95%EB%8B%B9%20%EC%A0%9C%EC%B6%9C%EC%9E%90%EB%A3%8C.pdf&requestedFullPath=20260603/PDF/PBINFO_PUB/4403/003_200_20260523_1.pdf","pack_stale_currently_available","1||HEIGHT","20260603/PDF/PBINFO_PUB/4403/","003_200_20260523_1.pdf","선거공보","Y","Y",""
"920260603-4400-서천군-국민의힘-1-1","제9회 전국동시지방선거","4400","충청남도","nec_region_scope_for_basic_proportional","920260603","기초의원비례대표선거","9","","서천군","","","국민의힘","200","","","","1","비례대표 정당 제출자료","1","party-doc:920260603:서천군:국민의힘:1","false","","true","20260603/PDF/PBINFO_PUB/4412/003_200_20260523_3.pdf","filePathName+updtFileName","https://policy.nec.go.kr/plc/common/downloadFile.do?requestedFileName=20260603_%EC%84%9C%EC%B2%9C%EA%B5%B0_%EA%B5%AD%EB%AF%BC%EC%9D%98%ED%9E%98_%EB%B9%84%EB%A1%80%EB%8C%80%ED%91%9C%20%EC%A0%95%EB%8B%B9%20%EC%A0%9C%EC%B6%9C%EC%9E%90%EB%A3%8C.pdf&requestedFullPath=20260603/PDF/PBINFO_PUB/4412/003_200_20260523_3.pdf","pack_stale_currently_available","1||HEIGHT","20260603/PDF/PBINFO_PUB/4412/","003_200_20260523_3.pdf","선거공보","Y","Y",""
"920260603-4400-천안시-조국혁신당-1-1","제9회 전국동시지방선거","4400","충청남도","nec_region_scope_for_basic_proportional","920260603","기초의원비례대표선거","9","","천안시","","","조국혁신당","5077","","","","1","비례대표 정당 제출자료","1","party-doc:920260603:천안시:조국혁신당:1","false","","true","20260603/PDF/PBINFO_PUB/4417/003_5077_20260523_1.pdf","filePathName+updtFileName","https://policy.nec.go.kr/plc/common/downloadFile.do?requestedFileName=20260603_%EC%B2%9C%EC%95%88%EC%8B%9C_%EC%A1%B0%EA%B5%AD%ED%98%81%EC%8B%A0%EB%8B%B9_%EB%B9%84%EB%A1%80%EB%8C%80%ED%91%9C%20%EC%A0%95%EB%8B%B9%20%EC%A0%9C%EC%B6%9C%EC%9E%90%EB%A3%8C.pdf&requestedFullPath=20260603/PDF/PBINFO_PUB/4417/003_5077_20260523_1.pdf","pack_stale_currently_available","1||HEIGHT","20260603/PDF/PBINFO_PUB/4417/","003_5077_20260523_1.pdf","선거공보","Y","Y",""
"920260603-4400-당진시-진보당-1-1","제9회 전국동시지방선거","4400","충청남도","nec_region_scope_for_basic_proportional","920260603","기초의원비례대표선거","9","","당진시","","","진보당","5010","","","","1","비례대표 정당 제출자료","1","party-doc:920260603:당진시:진보당:1","false","","true","20260603/PDF/PBINFO_PUB/4416/003_5010_20260520_1.pdf","filePathName+updtFileName","https://policy.nec.go.kr/plc/common/downloadFile.do?requestedFileName=20260603_%EB%8B%B9%EC%A7%84%EC%8B%9C_%EC%A7%84%EB%B3%B4%EB%8B%B9_%EB%B9%84%EB%A1%80%EB%8C%80%ED%91%9C%20%EC%A0%95%EB%8B%B9%20%EC%A0%9C%EC%B6%9C%EC%9E%90%EB%A3%8C.pdf&requestedFullPath=20260603/PDF/PBINFO_PUB/4416/003_5010_20260520_1.pdf","pack_stale_currently_available","1||HEIGHT","20260603/PDF/PBINFO_PUB/4416/","003_5010_20260520_1.pdf","선거공보","Y","Y",""
"920260603-5300-군산시-더불어민주당-1-1","제9회 전국동시지방선거","5300","전북특별자치도","nec_region_scope_for_basic_proportional","920260603","기초의원비례대표선거","9","","군산시","","","더불어민주당","100","","","","1","비례대표 정당 제출자료","1","party-doc:920260603:군산시:더불어민주당:1","false","","true","20260603/PDF/PBINFO_PUB/5303/003_100_20260522_1.pdf","filePathName+updtFileName","https://policy.nec.go.kr/plc/common/downloadFile.do?requestedFileName=20260603_%EA%B5%B0%EC%82%B0%EC%8B%9C_%EB%8D%94%EB%B6%88%EC%96%B4%EB%AF%BC%EC%A3%BC%EB%8B%B9_%EB%B9%84%EB%A1%80%EB%8C%80%ED%91%9C%20%EC%A0%95%EB%8B%B9%20%EC%A0%9C%EC%B6%9C%EC%9E%90%EB%A3%8C.pdf&requestedFullPath=20260603/PDF/PBINFO_PUB/5303/003_100_20260522_1.pdf","pack_stale_currently_available","1||HEIGHT","20260603/PDF/PBINFO_PUB/5303/","003_100_20260522_1.pdf","선거공보","Y","Y",""
"920260603-5300-임실군-더불어민주당-1-1","제9회 전국동시지방선거","5300","전북특별자치도","nec_region_scope_for_basic_proportional","920260603","기초의원비례대표선거","9","","임실군","","","더불어민주당","100","","","","1","비례대표 정당 제출자료","1","party-doc:920260603:임실군:더불어민주당:1","false","","true","20260603/PDF/PBINFO_PUB/5314/003_100_20260523_1.pdf","filePathName+updtFileName","https://policy.nec.go.kr/plc/common/downloadFile.do?requestedFileName=20260603_%EC%9E%84%EC%8B%A4%EA%B5%B0_%EB%8D%94%EB%B6%88%EC%96%B4%EB%AF%BC%EC%A3%BC%EB%8B%B9_%EB%B9%84%EB%A1%80%EB%8C%80%ED%91%9C%20%EC%A0%95%EB%8B%B9%20%EC%A0%9C%EC%B6%9C%EC%9E%90%EB%A3%8C.pdf&requestedFullPath=20260603/PDF/PBINFO_PUB/5314/003_100_20260523_1.pdf","pack_stale_currently_available","1||HEIGHT","20260603/PDF/PBINFO_PUB/5314/","003_100_20260523_1.pdf","선거공보","Y","Y",""
"920260603-5300-고창군-더불어민주당-1-1","제9회 전국동시지방선거","5300","전북특별자치도","nec_region_scope_for_basic_proportional","920260603","기초의원비례대표선거","9","","고창군","","","더불어민주당","100","","","","1","비례대표 정당 제출자료","1","party-doc:920260603:고창군:더불어민주당:1","false","","true","20260603/PDF/PBINFO_PUB/5316/003_100_20260522_1.pdf","filePathName+updtFileName","https://policy.nec.go.kr/plc/common/downloadFile.do?requestedFileName=20260603_%EA%B3%A0%EC%B0%BD%EA%B5%B0_%EB%8D%94%EB%B6%88%EC%96%B4%EB%AF%BC%EC%A3%BC%EB%8B%B9_%EB%B9%84%EB%A1%80%EB%8C%80%ED%91%9C%20%EC%A0%95%EB%8B%B9%20%EC%A0%9C%EC%B6%9C%EC%9E%90%EB%A3%8C.pdf&requestedFullPath=20260603/PDF/PBINFO_PUB/5316/003_100_20260522_1.pdf","pack_stale_currently_available","1||HEIGHT","20260603/PDF/PBINFO_PUB/5316/","003_100_20260522_1.pdf","선거공보","Y","Y",""
"920260603-5300-익산시-더불어민주당-1-1","제9회 전국동시지방선거","5300","전북특별자치도","nec_region_scope_for_basic_proportional","920260603","기초의원비례대표선거","9","","익산시","","","더불어민주당","100","","","","1","비례대표 정당 제출자료","1","party-doc:920260603:익산시:더불어민주당:1","false","","true","20260603/PDF/PBINFO_PUB/5305/003_100_20260523_1.pdf","filePathName+updtFileName","https://policy.nec.go.kr/plc/common/downloadFile.do?requestedFileName=20260603_%EC%9D%B5%EC%82%B0%EC%8B%9C_%EB%8D%94%EB%B6%88%EC%96%B4%EB%AF%BC%EC%A3%BC%EB%8B%B9_%EB%B9%84%EB%A1%80%EB%8C%80%ED%91%9C%20%EC%A0%95%EB%8B%B9%20%EC%A0%9C%EC%B6%9C%EC%9E%90%EB%A3%8C.pdf&requestedFullPath=20260603/PDF/PBINFO_PUB/5305/003_100_20260523_1.pdf","pack_stale_currently_available","1||HEIGHT","20260603/PDF/PBINFO_PUB/5305/","003_100_20260523_1.pdf","선거공보","Y","Y",""
"920260603-5300-남원시-더불어민주당-1-1","제9회 전국동시지방선거","5300","전북특별자치도","nec_region_scope_for_basic_proportional","920260603","기초의원비례대표선거","9","","남원시","","","더불어민주당","100","","","","1","비례대표 정당 제출자료","1","party-doc:920260603:남원시:더불어민주당:1","false","","true","20260603/PDF/PBINFO_PUB/5308/003_100_20260516_1.pdf","filePathName+updtFileName","https://policy.nec.go.kr/plc/common/downloadFile.do?requestedFileName=20260603_%EB%82%A8%EC%9B%90%EC%8B%9C_%EB%8D%94%EB%B6%88%EC%96%B4%EB%AF%BC%EC%A3%BC%EB%8B%B9_%EB%B9%84%EB%A1%80%EB%8C%80%ED%91%9C%20%EC%A0%95%EB%8B%B9%20%EC%A0%9C%EC%B6%9C%EC%9E%90%EB%A3%8C.pdf&requestedFullPath=20260603/PDF/PBINFO_PUB/5308/003_100_20260516_1.pdf","pack_stale_currently_available","1||HEIGHT","20260603/PDF/PBINFO_PUB/5308/","003_100_20260516_1.pdf","선거공보","Y","Y",""
"920260603-5300-완주군-더불어민주당-1-0","제9회 전국동시지방선거","5300","전북특별자치도","nec_region_scope_for_basic_proportional","920260603","기초의원비례대표선거","9","","완주군","","","더불어민주당","100","","","","1","비례대표 정당 제출자료","0","party-doc:920260603:완주군:더불어민주당:1","false","","true","20260603/PDF/PBINFO_PUB/5310/003_100_20260521_1.pdf","filePathName+updtFileName","https://policy.nec.go.kr/plc/common/downloadFile.do?requestedFileName=20260603_%EC%99%84%EC%A3%BC%EA%B5%B0_%EB%8D%94%EB%B6%88%EC%96%B4%EB%AF%BC%EC%A3%BC%EB%8B%B9_%EB%B9%84%EB%A1%80%EB%8C%80%ED%91%9C%20%EC%A0%95%EB%8B%B9%20%EC%A0%9C%EC%B6%9C%EC%9E%90%EB%A3%8C.pdf&requestedFullPath=20260603/PDF/PBINFO_PUB/5310/003_100_20260521_1.pdf","pack_stale_currently_available","0||","20260603/PDF/PBINFO_PUB/5310/","003_100_20260521_1.pdf","선거공보","N","Y",""
"920260603-5300-군산시-국민의힘-1-1","제9회 전국동시지방선거","5300","전북특별자치도","nec_region_scope_for_basic_proportional","920260603","기초의원비례대표선거","9","","군산시","","","국민의힘","200","","","","1","비례대표 정당 제출자료","1","party-doc:920260603:군산시:국민의힘:1","false","","true","20260603/PDF/PBINFO_PUB/5303/003_200_20260522_1.pdf","filePathName+updtFileName","https://policy.nec.go.kr/plc/common/downloadFile.do?requestedFileName=20260603_%EA%B5%B0%EC%82%B0%EC%8B%9C_%EA%B5%AD%EB%AF%BC%EC%9D%98%ED%9E%98_%EB%B9%84%EB%A1%80%EB%8C%80%ED%91%9C%20%EC%A0%95%EB%8B%B9%20%EC%A0%9C%EC%B6%9C%EC%9E%90%EB%A3%8C.pdf&requestedFullPath=20260603/PDF/PBINFO_PUB/5303/003_200_20260522_1.pdf","pack_stale_currently_available","1||HEIGHT","20260603/PDF/PBINFO_PUB/5303/","003_200_20260522_1.pdf","선거공보","Y","Y",""
"920260603-5300-익산시-국민의힘-1-1","제9회 전국동시지방선거","5300","전북특별자치도","nec_region_scope_for_basic_proportional","920260603","기초의원비례대표선거","9","","익산시","","","국민의힘","200","","","","1","비례대표 정당 제출자료","1","party-doc:920260603:익산시:국민의힘:1","false","","true","20260603/PDF/PBINFO_PUB/5305/003_200_20260523_1.pdf","filePathName+updtFileName","https://policy.nec.go.kr/plc/common/downloadFile.do?requestedFileName=20260603_%EC%9D%B5%EC%82%B0%EC%8B%9C_%EA%B5%AD%EB%AF%BC%EC%9D%98%ED%9E%98_%EB%B9%84%EB%A1%80%EB%8C%80%ED%91%9C%20%EC%A0%95%EB%8B%B9%20%EC%A0%9C%EC%B6%9C%EC%9E%90%EB%A3%8C.pdf&requestedFullPath=20260603/PDF/PBINFO_PUB/5305/003_200_20260523_1.pdf","pack_stale_currently_available","1||HEIGHT","20260603/PDF/PBINFO_PUB/5305/","003_200_20260523_1.pdf","선거공보","Y","Y",""
"920260603-5300-익산시-조국혁신당-1-1","제9회 전국동시지방선거","5300","전북특별자치도","nec_region_scope_for_basic_proportional","920260603","기초의원비례대표선거","9","","익산시","","","조국혁신당","5077","","","","1","비례대표 정당 제출자료","1","party-doc:920260603:익산시:조국혁신당:1","false","","true","20260603/PDF/PBINFO_PUB/5305/003_5077_20260523_1.pdf","filePathName+updtFileName","https://policy.nec.go.kr/plc/common/downloadFile.do?requestedFileName=20260603_%EC%9D%B5%EC%82%B0%EC%8B%9C_%EC%A1%B0%EA%B5%AD%ED%98%81%EC%8B%A0%EB%8B%B9_%EB%B9%84%EB%A1%80%EB%8C%80%ED%91%9C%20%EC%A0%95%EB%8B%B9%20%EC%A0%9C%EC%B6%9C%EC%9E%90%EB%A3%8C.pdf&requestedFullPath=20260603/PDF/PBINFO_PUB/5305/003_5077_20260523_1.pdf","pack_stale_currently_available","1||HEIGHT","20260603/PDF/PBINFO_PUB/5305/","003_5077_20260523_1.pdf","선거공보","Y","Y",""
"920260603-5300-완주군-조국혁신당-1-0","제9회 전국동시지방선거","5300","전북특별자치도","nec_region_scope_for_basic_proportional","920260603","기초의원비례대표선거","9","","완주군","","","조국혁신당","5077","","","","1","비례대표 정당 제출자료","0","party-doc:920260603:완주군:조국혁신당:1","false","","true","20260603/PDF/PBINFO_PUB/5310/003_5077_20260521_1.pdf","filePathName+updtFileName","https://policy.nec.go.kr/plc/common/downloadFile.do?requestedFileName=20260603_%EC%99%84%EC%A3%BC%EA%B5%B0_%EC%A1%B0%EA%B5%AD%ED%98%81%EC%8B%A0%EB%8B%B9_%EB%B9%84%EB%A1%80%EB%8C%80%ED%91%9C%20%EC%A0%95%EB%8B%B9%20%EC%A0%9C%EC%B6%9C%EC%9E%90%EB%A3%8C.pdf&requestedFullPath=20260603/PDF/PBINFO_PUB/5310/003_5077_20260521_1.pdf","pack_stale_currently_available","0||","20260603/PDF/PBINFO_PUB/5310/","003_5077_20260521_1.pdf","선거공보","N","Y",""
"920260603-5300-임실군-조국혁신당-1-1","제9회 전국동시지방선거","5300","전북특별자치도","nec_region_scope_for_basic_proportional","920260603","기초의원비례대표선거","9","","임실군","","","조국혁신당","5077","","","","1","비례대표 정당 제출자료","1","party-doc:920260603:임실군:조국혁신당:1","false","","true","20260603/PDF/PBINFO_PUB/5314/003_5077_20260523_1.pdf","filePathName+updtFileName","https://policy.nec.go.kr/plc/common/downloadFile.do?requestedFileName=20260603_%EC%9E%84%EC%8B%A4%EA%B5%B0_%EC%A1%B0%EA%B5%AD%ED%98%81%EC%8B%A0%EB%8B%B9_%EB%B9%84%EB%A1%80%EB%8C%80%ED%91%9C%20%EC%A0%95%EB%8B%B9%20%EC%A0%9C%EC%B6%9C%EC%9E%90%EB%A3%8C.pdf&requestedFullPath=20260603/PDF/PBINFO_PUB/5314/003_5077_20260523_1.pdf","pack_stale_currently_available","1||HEIGHT","20260603/PDF/PBINFO_PUB/5314/","003_5077_20260523_1.pdf","선거공보","Y","Y",""
"920260603-5300-군산시-조국혁신당-1-1","제9회 전국동시지방선거","5300","전북특별자치도","nec_region_scope_for_basic_proportional","920260603","기초의원비례대표선거","9","","군산시","","","조국혁신당","5077","","","","1","비례대표 정당 제출자료","1","party-doc:920260603:군산시:조국혁신당:1","false","","true","20260603/PDF/PBINFO_PUB/5303/003_5077_20260522_1.pdf","filePathName+updtFileName","https://policy.nec.go.kr/plc/common/downloadFile.do?requestedFileName=20260603_%EA%B5%B0%EC%82%B0%EC%8B%9C_%EC%A1%B0%EA%B5%AD%ED%98%81%EC%8B%A0%EB%8B%B9_%EB%B9%84%EB%A1%80%EB%8C%80%ED%91%9C%20%EC%A0%95%EB%8B%B9%20%EC%A0%9C%EC%B6%9C%EC%9E%90%EB%A3%8C.pdf&requestedFullPath=20260603/PDF/PBINFO_PUB/5303/003_5077_20260522_1.pdf","pack_stale_currently_available","1||HEIGHT","20260603/PDF/PBINFO_PUB/5303/","003_5077_20260522_1.pdf","선거공보","Y","Y",""
"920260603-5300-고창군-조국혁신당-1-1","제9회 전국동시지방선거","5300","전북특별자치도","nec_region_scope_for_basic_proportional","920260603","기초의원비례대표선거","9","","고창군","","","조국혁신당","5077","","","","1","비례대표 정당 제출자료","1","party-doc:920260603:고창군:조국혁신당:1","false","","true","20260603/PDF/PBINFO_PUB/5316/003_5077_20260522_1.pdf","filePathName+updtFileName","https://policy.nec.go.kr/plc/common/downloadFile.do?requestedFileName=20260603_%EA%B3%A0%EC%B0%BD%EA%B5%B0_%EC%A1%B0%EA%B5%AD%ED%98%81%EC%8B%A0%EB%8B%B9_%EB%B9%84%EB%A1%80%EB%8C%80%ED%91%9C%20%EC%A0%95%EB%8B%B9%20%EC%A0%9C%EC%B6%9C%EC%9E%90%EB%A3%8C.pdf&requestedFullPath=20260603/PDF/PBINFO_PUB/5316/003_5077_20260522_1.pdf","pack_stale_currently_available","1||HEIGHT","20260603/PDF/PBINFO_PUB/5316/","003_5077_20260522_1.pdf","선거공보","Y","Y",""
"920260603-5300-남원시-조국혁신당-1-1","제9회 전국동시지방선거","5300","전북특별자치도","nec_region_scope_for_basic_proportional","920260603","기초의원비례대표선거","9","","남원시","","","조국혁신당","5077","","","","1","비례대표 정당 제출자료","1","party-doc:920260603:남원시:조국혁신당:1","false","","true","20260603/PDF/PBINFO_PUB/5308/003_5077_20260517_1.pdf","filePathName+updtFileName","https://policy.nec.go.kr/plc/common/downloadFile.do?requestedFileName=20260603_%EB%82%A8%EC%9B%90%EC%8B%9C_%EC%A1%B0%EA%B5%AD%ED%98%81%EC%8B%A0%EB%8B%B9_%EB%B9%84%EB%A1%80%EB%8C%80%ED%91%9C%20%EC%A0%95%EB%8B%B9%20%EC%A0%9C%EC%B6%9C%EC%9E%90%EB%A3%8C.pdf&requestedFullPath=20260603/PDF/PBINFO_PUB/5308/003_5077_20260517_1.pdf","pack_stale_currently_available","1||HEIGHT","20260603/PDF/PBINFO_PUB/5308/","003_5077_20260517_1.pdf","선거공보","Y","Y",""
"920260603-5300-김제시-조국혁신당-1-0","제9회 전국동시지방선거","5300","전북특별자치도","nec_region_scope_for_basic_proportional","920260603","기초의원비례대표선거","9","","김제시","","","조국혁신당","5077","","","","1","비례대표 정당 제출자료","0","party-doc:920260603:김제시:조국혁신당:1","false","","true","20260603/PDF/PBINFO_PUB/5309/003_5077_20260523_1.pdf","filePathName+updtFileName","https://policy.nec.go.kr/plc/common/downloadFile.do?requestedFileName=20260603_%EA%B9%80%EC%A0%9C%EC%8B%9C_%EC%A1%B0%EA%B5%AD%ED%98%81%EC%8B%A0%EB%8B%B9_%EB%B9%84%EB%A1%80%EB%8C%80%ED%91%9C%20%EC%A0%95%EB%8B%B9%20%EC%A0%9C%EC%B6%9C%EC%9E%90%EB%A3%8C.pdf&requestedFullPath=20260603/PDF/PBINFO_PUB/5309/003_5077_20260523_1.pdf","pack_stale_currently_available","0||","20260603/PDF/PBINFO_PUB/5309/","003_5077_20260523_1.pdf","선거공보","N","Y",""
"920260603-5300-남원시-진보당-1-1","제9회 전국동시지방선거","5300","전북특별자치도","nec_region_scope_for_basic_proportional","920260603","기초의원비례대표선거","9","","남원시","","","진보당","5010","","","","1","비례대표 정당 제출자료","1","party-doc:920260603:남원시:진보당:1","false","","true","20260603/PDF/PBINFO_PUB/5308/003_5010_20260514_1.pdf","filePathName+updtFileName","https://policy.nec.go.kr/plc/common/downloadFile.do?requestedFileName=20260603_%EB%82%A8%EC%9B%90%EC%8B%9C_%EC%A7%84%EB%B3%B4%EB%8B%B9_%EB%B9%84%EB%A1%80%EB%8C%80%ED%91%9C%20%EC%A0%95%EB%8B%B9%20%EC%A0%9C%EC%B6%9C%EC%9E%90%EB%A3%8C.pdf&requestedFullPath=20260603/PDF/PBINFO_PUB/5308/003_5010_20260514_1.pdf","pack_stale_currently_available","1||HEIGHT","20260603/PDF/PBINFO_PUB/5308/","003_5010_20260514_1.pdf","선거공보","Y","Y",""
"920260603-4600-담양군-더불어민주당-1-1","제9회 전국동시지방선거","4600","전라남도","nec_region_scope_for_basic_proportional","920260603","기초의원비례대표선거","9","","담양군","","","더불어민주당","100","","","","1","비례대표 정당 제출자료","1","party-doc:920260603:담양군:더불어민주당:1","false","","true","20260603/PDF/PBINFO_PUB/4608/003_100_20260523_2.pdf","filePathName+updtFileName","https://policy.nec.go.kr/plc/common/downloadFile.do?requestedFileName=20260603_%EB%8B%B4%EC%96%91%EA%B5%B0_%EB%8D%94%EB%B6%88%EC%96%B4%EB%AF%BC%EC%A3%BC%EB%8B%B9_%EB%B9%84%EB%A1%80%EB%8C%80%ED%91%9C%20%EC%A0%95%EB%8B%B9%20%EC%A0%9C%EC%B6%9C%EC%9E%90%EB%A3%8C.pdf&requestedFullPath=20260603/PDF/PBINFO_PUB/4608/003_100_20260523_2.pdf","pack_stale_currently_available","1||HEIGHT","20260603/PDF/PBINFO_PUB/4608/","003_100_20260523_2.pdf","선거공보","Y","Y",""
"920260603-4600-목포시-더불어민주당-1-1","제9회 전국동시지방선거","4600","전라남도","nec_region_scope_for_basic_proportional","920260603","기초의원비례대표선거","9","","목포시","","","더불어민주당","100","","","","1","비례대표 정당 제출자료","1","party-doc:920260603:목포시:더불어민주당:1","false","","true","20260603/PDF/PBINFO_PUB/4601/003_100_20260523_1.pdf","filePathName+updtFileName","https://policy.nec.go.kr/plc/common/downloadFile.do?requestedFileName=20260603_%EB%AA%A9%ED%8F%AC%EC%8B%9C_%EB%8D%94%EB%B6%88%EC%96%B4%EB%AF%BC%EC%A3%BC%EB%8B%B9_%EB%B9%84%EB%A1%80%EB%8C%80%ED%91%9C%20%EC%A0%95%EB%8B%B9%20%EC%A0%9C%EC%B6%9C%EC%9E%90%EB%A3%8C.pdf&requestedFullPath=20260603/PDF/PBINFO_PUB/4601/003_100_20260523_1.pdf","pack_stale_currently_available","1||HEIGHT","20260603/PDF/PBINFO_PUB/4601/","003_100_20260523_1.pdf","선거공보","Y","Y",""
"920260603-4600-순천시-더불어민주당-1-1","제9회 전국동시지방선거","4600","전라남도","nec_region_scope_for_basic_proportional","920260603","기초의원비례대표선거","9","","순천시","","","더불어민주당","100","","","","1","비례대표 정당 제출자료","1","party-doc:920260603:순천시:더불어민주당:1","false","","true","20260603/PDF/PBINFO_PUB/4604/003_100_20260524_2.pdf","filePathName+updtFileName","https://policy.nec.go.kr/plc/common/downloadFile.do?requestedFileName=20260603_%EC%88%9C%EC%B2%9C%EC%8B%9C_%EB%8D%94%EB%B6%88%EC%96%B4%EB%AF%BC%EC%A3%BC%EB%8B%B9_%EB%B9%84%EB%A1%80%EB%8C%80%ED%91%9C%20%EC%A0%95%EB%8B%B9%20%EC%A0%9C%EC%B6%9C%EC%9E%90%EB%A3%8C.pdf&requestedFullPath=20260603/PDF/PBINFO_PUB/4604/003_100_20260524_2.pdf","pack_stale_currently_available","1||HEIGHT","20260603/PDF/PBINFO_PUB/4604/","003_100_20260524_2.pdf","선거공보","Y","Y",""
"920260603-4600-여수시-더불어민주당-1-1","제9회 전국동시지방선거","4600","전라남도","nec_region_scope_for_basic_proportional","920260603","기초의원비례대표선거","9","","여수시","","","더불어민주당","100","","","","1","비례대표 정당 제출자료","1","party-doc:920260603:여수시:더불어민주당:1","false","","true","20260603/PDF/PBINFO_PUB/4602/003_100_20260523_1.pdf","filePathName+updtFileName","https://policy.nec.go.kr/plc/common/downloadFile.do?requestedFileName=20260603_%EC%97%AC%EC%88%98%EC%8B%9C_%EB%8D%94%EB%B6%88%EC%96%B4%EB%AF%BC%EC%A3%BC%EB%8B%B9_%EB%B9%84%EB%A1%80%EB%8C%80%ED%91%9C%20%EC%A0%95%EB%8B%B9%20%EC%A0%9C%EC%B6%9C%EC%9E%90%EB%A3%8C.pdf&requestedFullPath=20260603/PDF/PBINFO_PUB/4602/003_100_20260523_1.pdf","pack_stale_currently_available","1||HEIGHT","20260603/PDF/PBINFO_PUB/4602/","003_100_20260523_1.pdf","선거공보","Y","Y",""
"920260603-4600-해남군-더불어민주당-1-1","제9회 전국동시지방선거","4600","전라남도","nec_region_scope_for_basic_proportional","920260603","기초의원비례대표선거","9","","해남군","","","더불어민주당","100","","","","1","비례대표 정당 제출자료","1","party-doc:920260603:해남군:더불어민주당:1","false","","true","20260603/PDF/PBINFO_PUB/4618/003_100_20260521_1.pdf","filePathName+updtFileName","https://policy.nec.go.kr/plc/common/downloadFile.do?requestedFileName=20260603_%ED%95%B4%EB%82%A8%EA%B5%B0_%EB%8D%94%EB%B6%88%EC%96%B4%EB%AF%BC%EC%A3%BC%EB%8B%B9_%EB%B9%84%EB%A1%80%EB%8C%80%ED%91%9C%20%EC%A0%95%EB%8B%B9%20%EC%A0%9C%EC%B6%9C%EC%9E%90%EB%A3%8C.pdf&requestedFullPath=20260603/PDF/PBINFO_PUB/4618/003_100_20260521_1.pdf","pack_stale_currently_available","1||HEIGHT","20260603/PDF/PBINFO_PUB/4618/","003_100_20260521_1.pdf","선거공보","Y","Y",""
"920260603-4600-여수시-국민의힘-1-1","제9회 전국동시지방선거","4600","전라남도","nec_region_scope_for_basic_proportional","920260603","기초의원비례대표선거","9","","여수시","","","국민의힘","200","","","","1","비례대표 정당 제출자료","1","party-doc:920260603:여수시:국민의힘:1","false","","true","20260603/PDF/PBINFO_PUB/4602/003_200_20260523_1.pdf","filePathName+updtFileName","https://policy.nec.go.kr/plc/common/downloadFile.do?requestedFileName=20260603_%EC%97%AC%EC%88%98%EC%8B%9C_%EA%B5%AD%EB%AF%BC%EC%9D%98%ED%9E%98_%EB%B9%84%EB%A1%80%EB%8C%80%ED%91%9C%20%EC%A0%95%EB%8B%B9%20%EC%A0%9C%EC%B6%9C%EC%9E%90%EB%A3%8C.pdf&requestedFullPath=20260603/PDF/PBINFO_PUB/4602/003_200_20260523_1.pdf","pack_stale_currently_available","1||HEIGHT","20260603/PDF/PBINFO_PUB/4602/","003_200_20260523_1.pdf","선거공보","Y","Y",""
"920260603-4600-신안군-조국혁신당-1-1","제9회 전국동시지방선거","4600","전라남도","nec_region_scope_for_basic_proportional","920260603","기초의원비례대표선거","9","","신안군","","","조국혁신당","5077","","","","1","비례대표 정당 제출자료","1","party-doc:920260603:신안군:조국혁신당:1","false","","true","20260603/PDF/PBINFO_PUB/4624/003_5077_20260523_1.pdf","filePathName+updtFileName","https://policy.nec.go.kr/plc/common/downloadFile.do?requestedFileName=20260603_%EC%8B%A0%EC%95%88%EA%B5%B0_%EC%A1%B0%EA%B5%AD%ED%98%81%EC%8B%A0%EB%8B%B9_%EB%B9%84%EB%A1%80%EB%8C%80%ED%91%9C%20%EC%A0%95%EB%8B%B9%20%EC%A0%9C%EC%B6%9C%EC%9E%90%EB%A3%8C.pdf&requestedFullPath=20260603/PDF/PBINFO_PUB/4624/003_5077_20260523_1.pdf","pack_stale_currently_available","1||HEIGHT","20260603/PDF/PBINFO_PUB/4624/","003_5077_20260523_1.pdf","선거공보","Y","Y",""
"920260603-4600-광양시-조국혁신당-1-1","제9회 전국동시지방선거","4600","전라남도","nec_region_scope_for_basic_proportional","920260603","기초의원비례대표선거","9","","광양시","","","조국혁신당","5077","","","","1","비례대표 정당 제출자료","1","party-doc:920260603:광양시:조국혁신당:1","false","","true","20260603/PDF/PBINFO_PUB/4607/003_5077_20260522_1.pdf","filePathName+updtFileName","https://policy.nec.go.kr/plc/common/downloadFile.do?requestedFileName=20260603_%EA%B4%91%EC%96%91%EC%8B%9C_%EC%A1%B0%EA%B5%AD%ED%98%81%EC%8B%A0%EB%8B%B9_%EB%B9%84%EB%A1%80%EB%8C%80%ED%91%9C%20%EC%A0%95%EB%8B%B9%20%EC%A0%9C%EC%B6%9C%EC%9E%90%EB%A3%8C.pdf&requestedFullPath=20260603/PDF/PBINFO_PUB/4607/003_5077_20260522_1.pdf","pack_stale_currently_available","1||HEIGHT","20260603/PDF/PBINFO_PUB/4607/","003_5077_20260522_1.pdf","선거공보","Y","Y",""
"920260603-4600-순천시-조국혁신당-1-1","제9회 전국동시지방선거","4600","전라남도","nec_region_scope_for_basic_proportional","920260603","기초의원비례대표선거","9","","순천시","","","조국혁신당","5077","","","","1","비례대표 정당 제출자료","1","party-doc:920260603:순천시:조국혁신당:1","false","","true","20260603/PDF/PBINFO_PUB/4604/003_5077_20260523_1.pdf","filePathName+updtFileName","https://policy.nec.go.kr/plc/common/downloadFile.do?requestedFileName=20260603_%EC%88%9C%EC%B2%9C%EC%8B%9C_%EC%A1%B0%EA%B5%AD%ED%98%81%EC%8B%A0%EB%8B%B9_%EB%B9%84%EB%A1%80%EB%8C%80%ED%91%9C%20%EC%A0%95%EB%8B%B9%20%EC%A0%9C%EC%B6%9C%EC%9E%90%EB%A3%8C.pdf&requestedFullPath=20260603/PDF/PBINFO_PUB/4604/003_5077_20260523_1.pdf","pack_stale_currently_available","1||HEIGHT","20260603/PDF/PBINFO_PUB/4604/","003_5077_20260523_1.pdf","선거공보","Y","Y",""
"920260603-4600-여수시-조국혁신당-1-1","제9회 전국동시지방선거","4600","전라남도","nec_region_scope_for_basic_proportional","920260603","기초의원비례대표선거","9","","여수시","","","조국혁신당","5077","","","","1","비례대표 정당 제출자료","1","party-doc:920260603:여수시:조국혁신당:1","false","","true","20260603/PDF/PBINFO_PUB/4602/003_5077_20260523_1.pdf","filePathName+updtFileName","https://policy.nec.go.kr/plc/common/downloadFile.do?requestedFileName=20260603_%EC%97%AC%EC%88%98%EC%8B%9C_%EC%A1%B0%EA%B5%AD%ED%98%81%EC%8B%A0%EB%8B%B9_%EB%B9%84%EB%A1%80%EB%8C%80%ED%91%9C%20%EC%A0%95%EB%8B%B9%20%EC%A0%9C%EC%B6%9C%EC%9E%90%EB%A3%8C.pdf&requestedFullPath=20260603/PDF/PBINFO_PUB/4602/003_5077_20260523_1.pdf","pack_stale_currently_available","1||HEIGHT","20260603/PDF/PBINFO_PUB/4602/","003_5077_20260523_1.pdf","선거공보","Y","Y",""
"920260603-4600-해남군-조국혁신당-1-1","제9회 전국동시지방선거","4600","전라남도","nec_region_scope_for_basic_proportional","920260603","기초의원비례대표선거","9","","해남군","","","조국혁신당","5077","","","","1","비례대표 정당 제출자료","1","party-doc:920260603:해남군:조국혁신당:1","false","","true","20260603/PDF/PBINFO_PUB/4618/003_5077_20260521_1.pdf","filePathName+updtFileName","https://policy.nec.go.kr/plc/common/downloadFile.do?requestedFileName=20260603_%ED%95%B4%EB%82%A8%EA%B5%B0_%EC%A1%B0%EA%B5%AD%ED%98%81%EC%8B%A0%EB%8B%B9_%EB%B9%84%EB%A1%80%EB%8C%80%ED%91%9C%20%EC%A0%95%EB%8B%B9%20%EC%A0%9C%EC%B6%9C%EC%9E%90%EB%A3%8C.pdf&requestedFullPath=20260603/PDF/PBINFO_PUB/4618/003_5077_20260521_1.pdf","pack_stale_currently_available","1||HEIGHT","20260603/PDF/PBINFO_PUB/4618/","003_5077_20260521_1.pdf","선거공보","Y","Y",""
"920260603-4600-담양군-조국혁신당-1-1","제9회 전국동시지방선거","4600","전라남도","nec_region_scope_for_basic_proportional","920260603","기초의원비례대표선거","9","","담양군","","","조국혁신당","5077","","","","1","비례대표 정당 제출자료","1","party-doc:920260603:담양군:조국혁신당:1","false","","true","20260603/PDF/PBINFO_PUB/4608/003_5077_20260520_1.pdf","filePathName+updtFileName","https://policy.nec.go.kr/plc/common/downloadFile.do?requestedFileName=20260603_%EB%8B%B4%EC%96%91%EA%B5%B0_%EC%A1%B0%EA%B5%AD%ED%98%81%EC%8B%A0%EB%8B%B9_%EB%B9%84%EB%A1%80%EB%8C%80%ED%91%9C%20%EC%A0%95%EB%8B%B9%20%EC%A0%9C%EC%B6%9C%EC%9E%90%EB%A3%8C.pdf&requestedFullPath=20260603/PDF/PBINFO_PUB/4608/003_5077_20260520_1.pdf","pack_stale_currently_available","1||HEIGHT","20260603/PDF/PBINFO_PUB/4608/","003_5077_20260520_1.pdf","선거공보","Y","Y",""
"920260603-4600-목포시-조국혁신당-1-1","제9회 전국동시지방선거","4600","전라남도","nec_region_scope_for_basic_proportional","920260603","기초의원비례대표선거","9","","목포시","","","조국혁신당","5077","","","","1","비례대표 정당 제출자료","1","party-doc:920260603:목포시:조국혁신당:1","false","","true","20260603/PDF/PBINFO_PUB/4601/003_5077_20260523_1.pdf","filePathName+updtFileName","https://policy.nec.go.kr/plc/common/downloadFile.do?requestedFileName=20260603_%EB%AA%A9%ED%8F%AC%EC%8B%9C_%EC%A1%B0%EA%B5%AD%ED%98%81%EC%8B%A0%EB%8B%B9_%EB%B9%84%EB%A1%80%EB%8C%80%ED%91%9C%20%EC%A0%95%EB%8B%B9%20%EC%A0%9C%EC%B6%9C%EC%9E%90%EB%A3%8C.pdf&requestedFullPath=20260603/PDF/PBINFO_PUB/4601/003_5077_20260523_1.pdf","pack_stale_currently_available","1||HEIGHT","20260603/PDF/PBINFO_PUB/4601/","003_5077_20260523_1.pdf","선거공보","Y","Y",""
"920260603-4600-목포시-진보당-1-1","제9회 전국동시지방선거","4600","전라남도","nec_region_scope_for_basic_proportional","920260603","기초의원비례대표선거","9","","목포시","","","진보당","5010","","","","1","비례대표 정당 제출자료","1","party-doc:920260603:목포시:진보당:1","false","","true","20260603/PDF/PBINFO_PUB/4601/003_5010_20260523_1.pdf","filePathName+updtFileName","https://policy.nec.go.kr/plc/common/downloadFile.do?requestedFileName=20260603_%EB%AA%A9%ED%8F%AC%EC%8B%9C_%EC%A7%84%EB%B3%B4%EB%8B%B9_%EB%B9%84%EB%A1%80%EB%8C%80%ED%91%9C%20%EC%A0%95%EB%8B%B9%20%EC%A0%9C%EC%B6%9C%EC%9E%90%EB%A3%8C.pdf&requestedFullPath=20260603/PDF/PBINFO_PUB/4601/003_5010_20260523_1.pdf","pack_stale_currently_available","1||HEIGHT","20260603/PDF/PBINFO_PUB/4601/","003_5010_20260523_1.pdf","선거공보","Y","Y",""
"920260603-4600-순천시-진보당-1-1","제9회 전국동시지방선거","4600","전라남도","nec_region_scope_for_basic_proportional","920260603","기초의원비례대표선거","9","","순천시","","","진보당","5010","","","","1","비례대표 정당 제출자료","1","party-doc:920260603:순천시:진보당:1","false","","true","20260603/PDF/PBINFO_PUB/4604/003_5010_20260523_1.pdf","filePathName+updtFileName","https://policy.nec.go.kr/plc/common/downloadFile.do?requestedFileName=20260603_%EC%88%9C%EC%B2%9C%EC%8B%9C_%EC%A7%84%EB%B3%B4%EB%8B%B9_%EB%B9%84%EB%A1%80%EB%8C%80%ED%91%9C%20%EC%A0%95%EB%8B%B9%20%EC%A0%9C%EC%B6%9C%EC%9E%90%EB%A3%8C.pdf&requestedFullPath=20260603/PDF/PBINFO_PUB/4604/003_5010_20260523_1.pdf","pack_stale_currently_available","1||HEIGHT","20260603/PDF/PBINFO_PUB/4604/","003_5010_20260523_1.pdf","선거공보","Y","Y",""
"920260603-4700-경주시-더불어민주당-1-1","제9회 전국동시지방선거","4700","경상북도","nec_region_scope_for_basic_proportional","920260603","기초의원비례대표선거","9","","경주시","","","더불어민주당","100","","","","1","비례대표 정당 제출자료","1","party-doc:920260603:경주시:더불어민주당:1","false","","true","20260603/PDF/PBINFO_PUB/4704/003_100_20260523_1.pdf","filePathName+updtFileName","https://policy.nec.go.kr/plc/common/downloadFile.do?requestedFileName=20260603_%EA%B2%BD%EC%A3%BC%EC%8B%9C_%EB%8D%94%EB%B6%88%EC%96%B4%EB%AF%BC%EC%A3%BC%EB%8B%B9_%EB%B9%84%EB%A1%80%EB%8C%80%ED%91%9C%20%EC%A0%95%EB%8B%B9%20%EC%A0%9C%EC%B6%9C%EC%9E%90%EB%A3%8C.pdf&requestedFullPath=20260603/PDF/PBINFO_PUB/4704/003_100_20260523_1.pdf","pack_stale_currently_available","1||HEIGHT","20260603/PDF/PBINFO_PUB/4704/","003_100_20260523_1.pdf","선거공보","Y","Y",""
"920260603-4700-영천시-더불어민주당-1-1","제9회 전국동시지방선거","4700","경상북도","nec_region_scope_for_basic_proportional","920260603","기초의원비례대표선거","9","","영천시","","","더불어민주당","100","","","","1","비례대표 정당 제출자료","1","party-doc:920260603:영천시:더불어민주당:1","false","","true","20260603/PDF/PBINFO_PUB/4709/003_100_20260519_1.pdf","filePathName+updtFileName","https://policy.nec.go.kr/plc/common/downloadFile.do?requestedFileName=20260603_%EC%98%81%EC%B2%9C%EC%8B%9C_%EB%8D%94%EB%B6%88%EC%96%B4%EB%AF%BC%EC%A3%BC%EB%8B%B9_%EB%B9%84%EB%A1%80%EB%8C%80%ED%91%9C%20%EC%A0%95%EB%8B%B9%20%EC%A0%9C%EC%B6%9C%EC%9E%90%EB%A3%8C.pdf&requestedFullPath=20260603/PDF/PBINFO_PUB/4709/003_100_20260519_1.pdf","pack_stale_currently_available","1||HEIGHT","20260603/PDF/PBINFO_PUB/4709/","003_100_20260519_1.pdf","선거공보","Y","Y",""
"920260603-4700-경산시-더불어민주당-1-1","제9회 전국동시지방선거","4700","경상북도","nec_region_scope_for_basic_proportional","920260603","기초의원비례대표선거","9","","경산시","","","더불어민주당","100","","","","1","비례대표 정당 제출자료","1","party-doc:920260603:경산시:더불어민주당:1","false","","true","20260603/PDF/PBINFO_PUB/4713/003_100_20260523_1.pdf","filePathName+updtFileName","https://policy.nec.go.kr/plc/common/downloadFile.do?requestedFileName=20260603_%EA%B2%BD%EC%82%B0%EC%8B%9C_%EB%8D%94%EB%B6%88%EC%96%B4%EB%AF%BC%EC%A3%BC%EB%8B%B9_%EB%B9%84%EB%A1%80%EB%8C%80%ED%91%9C%20%EC%A0%95%EB%8B%B9%20%EC%A0%9C%EC%B6%9C%EC%9E%90%EB%A3%8C.pdf&requestedFullPath=20260603/PDF/PBINFO_PUB/4713/003_100_20260523_1.pdf","pack_stale_currently_available","1||HEIGHT","20260603/PDF/PBINFO_PUB/4713/","003_100_20260523_1.pdf","선거공보","Y","Y",""
"920260603-4700-구미시-더불어민주당-1-1","제9회 전국동시지방선거","4700","경상북도","nec_region_scope_for_basic_proportional","920260603","기초의원비례대표선거","9","","구미시","","","더불어민주당","100","","","","1","비례대표 정당 제출자료","1","party-doc:920260603:구미시:더불어민주당:1","false","","true","20260603/PDF/PBINFO_PUB/4707/003_100_20260522_1.pdf","filePathName+updtFileName","https://policy.nec.go.kr/plc/common/downloadFile.do?requestedFileName=20260603_%EA%B5%AC%EB%AF%B8%EC%8B%9C_%EB%8D%94%EB%B6%88%EC%96%B4%EB%AF%BC%EC%A3%BC%EB%8B%B9_%EB%B9%84%EB%A1%80%EB%8C%80%ED%91%9C%20%EC%A0%95%EB%8B%B9%20%EC%A0%9C%EC%B6%9C%EC%9E%90%EB%A3%8C.pdf&requestedFullPath=20260603/PDF/PBINFO_PUB/4707/003_100_20260522_1.pdf","pack_stale_currently_available","1||HEIGHT","20260603/PDF/PBINFO_PUB/4707/","003_100_20260522_1.pdf","선거공보","Y","Y",""
"920260603-4700-김천시-더불어민주당-1-1","제9회 전국동시지방선거","4700","경상북도","nec_region_scope_for_basic_proportional","920260603","기초의원비례대표선거","9","","김천시","","","더불어민주당","100","","","","1","비례대표 정당 제출자료","1","party-doc:920260603:김천시:더불어민주당:1","false","","true","20260603/PDF/PBINFO_PUB/4705/003_100_20260521_1.pdf","filePathName+updtFileName","https://policy.nec.go.kr/plc/common/downloadFile.do?requestedFileName=20260603_%EA%B9%80%EC%B2%9C%EC%8B%9C_%EB%8D%94%EB%B6%88%EC%96%B4%EB%AF%BC%EC%A3%BC%EB%8B%B9_%EB%B9%84%EB%A1%80%EB%8C%80%ED%91%9C%20%EC%A0%95%EB%8B%B9%20%EC%A0%9C%EC%B6%9C%EC%9E%90%EB%A3%8C.pdf&requestedFullPath=20260603/PDF/PBINFO_PUB/4705/003_100_20260521_1.pdf","pack_stale_currently_available","1||HEIGHT","20260603/PDF/PBINFO_PUB/4705/","003_100_20260521_1.pdf","선거공보","Y","Y",""
"920260603-4700-안동시-더불어민주당-1-1","제9회 전국동시지방선거","4700","경상북도","nec_region_scope_for_basic_proportional","920260603","기초의원비례대표선거","9","","안동시","","","더불어민주당","100","","","","1","비례대표 정당 제출자료","1","party-doc:920260603:안동시:더불어민주당:1","false","","true","20260603/PDF/PBINFO_PUB/4706/003_100_20260523_1.pdf","filePathName+updtFileName","https://policy.nec.go.kr/plc/common/downloadFile.do?requestedFileName=20260603_%EC%95%88%EB%8F%99%EC%8B%9C_%EB%8D%94%EB%B6%88%EC%96%B4%EB%AF%BC%EC%A3%BC%EB%8B%B9_%EB%B9%84%EB%A1%80%EB%8C%80%ED%91%9C%20%EC%A0%95%EB%8B%B9%20%EC%A0%9C%EC%B6%9C%EC%9E%90%EB%A3%8C.pdf&requestedFullPath=20260603/PDF/PBINFO_PUB/4706/003_100_20260523_1.pdf","pack_stale_currently_available","1||HEIGHT","20260603/PDF/PBINFO_PUB/4706/","003_100_20260523_1.pdf","선거공보","Y","Y",""
"920260603-4700-상주시-더불어민주당-1-1","제9회 전국동시지방선거","4700","경상북도","nec_region_scope_for_basic_proportional","920260603","기초의원비례대표선거","9","","상주시","","","더불어민주당","100","","","","1","비례대표 정당 제출자료","1","party-doc:920260603:상주시:더불어민주당:1","false","","true","20260603/PDF/PBINFO_PUB/4710/003_100_20260522_1.pdf","filePathName+updtFileName","https://policy.nec.go.kr/plc/common/downloadFile.do?requestedFileName=20260603_%EC%83%81%EC%A3%BC%EC%8B%9C_%EB%8D%94%EB%B6%88%EC%96%B4%EB%AF%BC%EC%A3%BC%EB%8B%B9_%EB%B9%84%EB%A1%80%EB%8C%80%ED%91%9C%20%EC%A0%95%EB%8B%B9%20%EC%A0%9C%EC%B6%9C%EC%9E%90%EB%A3%8C.pdf&requestedFullPath=20260603/PDF/PBINFO_PUB/4710/003_100_20260522_1.pdf","pack_stale_currently_available","1||HEIGHT","20260603/PDF/PBINFO_PUB/4710/","003_100_20260522_1.pdf","선거공보","Y","Y",""
"920260603-4700-포항시-더불어민주당-1-1","제9회 전국동시지방선거","4700","경상북도","nec_region_scope_for_basic_proportional","920260603","기초의원비례대표선거","9","","포항시","","","더불어민주당","100","","","","1","비례대표 정당 제출자료","1","party-doc:920260603:포항시:더불어민주당:1","false","","true","20260603/PDF/PBINFO_PUB/4702/003_100_20260523_1.pdf","filePathName+updtFileName","https://policy.nec.go.kr/plc/common/downloadFile.do?requestedFileName=20260603_%ED%8F%AC%ED%95%AD%EC%8B%9C_%EB%8D%94%EB%B6%88%EC%96%B4%EB%AF%BC%EC%A3%BC%EB%8B%B9_%EB%B9%84%EB%A1%80%EB%8C%80%ED%91%9C%20%EC%A0%95%EB%8B%B9%20%EC%A0%9C%EC%B6%9C%EC%9E%90%EB%A3%8C.pdf&requestedFullPath=20260603/PDF/PBINFO_PUB/4702/003_100_20260523_1.pdf","pack_stale_currently_available","1||HEIGHT","20260603/PDF/PBINFO_PUB/4702/","003_100_20260523_1.pdf","선거공보","Y","Y",""
"920260603-4700-영천시-국민의힘-1-1","제9회 전국동시지방선거","4700","경상북도","nec_region_scope_for_basic_proportional","920260603","기초의원비례대표선거","9","","영천시","","","국민의힘","200","","","","1","비례대표 정당 제출자료","1","party-doc:920260603:영천시:국민의힘:1","false","","true","20260603/PDF/PBINFO_PUB/4709/003_200_20260516_1.pdf","filePathName+updtFileName","https://policy.nec.go.kr/plc/common/downloadFile.do?requestedFileName=20260603_%EC%98%81%EC%B2%9C%EC%8B%9C_%EA%B5%AD%EB%AF%BC%EC%9D%98%ED%9E%98_%EB%B9%84%EB%A1%80%EB%8C%80%ED%91%9C%20%EC%A0%95%EB%8B%B9%20%EC%A0%9C%EC%B6%9C%EC%9E%90%EB%A3%8C.pdf&requestedFullPath=20260603/PDF/PBINFO_PUB/4709/003_200_20260516_1.pdf","pack_stale_currently_available","1||HEIGHT","20260603/PDF/PBINFO_PUB/4709/","003_200_20260516_1.pdf","선거공보","Y","Y",""
"920260603-4700-경산시-국민의힘-1-1","제9회 전국동시지방선거","4700","경상북도","nec_region_scope_for_basic_proportional","920260603","기초의원비례대표선거","9","","경산시","","","국민의힘","200","","","","1","비례대표 정당 제출자료","1","party-doc:920260603:경산시:국민의힘:1","false","","true","20260603/PDF/PBINFO_PUB/4713/003_200_20260524_1.pdf","filePathName+updtFileName","https://policy.nec.go.kr/plc/common/downloadFile.do?requestedFileName=20260603_%EA%B2%BD%EC%82%B0%EC%8B%9C_%EA%B5%AD%EB%AF%BC%EC%9D%98%ED%9E%98_%EB%B9%84%EB%A1%80%EB%8C%80%ED%91%9C%20%EC%A0%95%EB%8B%B9%20%EC%A0%9C%EC%B6%9C%EC%9E%90%EB%A3%8C.pdf&requestedFullPath=20260603/PDF/PBINFO_PUB/4713/003_200_20260524_1.pdf","pack_stale_currently_available","1||HEIGHT","20260603/PDF/PBINFO_PUB/4713/","003_200_20260524_1.pdf","선거공보","Y","Y",""
"920260603-4700-안동시-국민의힘-1-1","제9회 전국동시지방선거","4700","경상북도","nec_region_scope_for_basic_proportional","920260603","기초의원비례대표선거","9","","안동시","","","국민의힘","200","","","","1","비례대표 정당 제출자료","1","party-doc:920260603:안동시:국민의힘:1","false","","true","20260603/PDF/PBINFO_PUB/4706/003_200_20260523_1.pdf","filePathName+updtFileName","https://policy.nec.go.kr/plc/common/downloadFile.do?requestedFileName=20260603_%EC%95%88%EB%8F%99%EC%8B%9C_%EA%B5%AD%EB%AF%BC%EC%9D%98%ED%9E%98_%EB%B9%84%EB%A1%80%EB%8C%80%ED%91%9C%20%EC%A0%95%EB%8B%B9%20%EC%A0%9C%EC%B6%9C%EC%9E%90%EB%A3%8C.pdf&requestedFullPath=20260603/PDF/PBINFO_PUB/4706/003_200_20260523_1.pdf","pack_stale_currently_available","1||HEIGHT","20260603/PDF/PBINFO_PUB/4706/","003_200_20260523_1.pdf","선거공보","Y","Y",""
"920260603-4700-경주시-진보당-1-1","제9회 전국동시지방선거","4700","경상북도","nec_region_scope_for_basic_proportional","920260603","기초의원비례대표선거","9","","경주시","","","진보당","5010","","","","1","비례대표 정당 제출자료","1","party-doc:920260603:경주시:진보당:1","false","","true","20260603/PDF/PBINFO_PUB/4704/003_5010_20260523_1.pdf","filePathName+updtFileName","https://policy.nec.go.kr/plc/common/downloadFile.do?requestedFileName=20260603_%EA%B2%BD%EC%A3%BC%EC%8B%9C_%EC%A7%84%EB%B3%B4%EB%8B%B9_%EB%B9%84%EB%A1%80%EB%8C%80%ED%91%9C%20%EC%A0%95%EB%8B%B9%20%EC%A0%9C%EC%B6%9C%EC%9E%90%EB%A3%8C.pdf&requestedFullPath=20260603/PDF/PBINFO_PUB/4704/003_5010_20260523_1.pdf","pack_stale_currently_available","1||HEIGHT","20260603/PDF/PBINFO_PUB/4704/","003_5010_20260523_1.pdf","선거공보","Y","Y",""
"920260603-4700-포항시-진보당-1-1","제9회 전국동시지방선거","4700","경상북도","nec_region_scope_for_basic_proportional","920260603","기초의원비례대표선거","9","","포항시","","","진보당","5010","","","","1","비례대표 정당 제출자료","1","party-doc:920260603:포항시:진보당:1","false","","true","20260603/PDF/PBINFO_PUB/4702/003_5010_20260523_1.pdf","filePathName+updtFileName","https://policy.nec.go.kr/plc/common/downloadFile.do?requestedFileName=20260603_%ED%8F%AC%ED%95%AD%EC%8B%9C_%EC%A7%84%EB%B3%B4%EB%8B%B9_%EB%B9%84%EB%A1%80%EB%8C%80%ED%91%9C%20%EC%A0%95%EB%8B%B9%20%EC%A0%9C%EC%B6%9C%EC%9E%90%EB%A3%8C.pdf&requestedFullPath=20260603/PDF/PBINFO_PUB/4702/003_5010_20260523_1.pdf","pack_stale_currently_available","1||HEIGHT","20260603/PDF/PBINFO_PUB/4702/","003_5010_20260523_1.pdf","선거공보","Y","Y",""
"920260603-4800-밀양시-더불어민주당-1-1","제9회 전국동시지방선거","4800","경상남도","nec_region_scope_for_basic_proportional","920260603","기초의원비례대표선거","9","","밀양시","","","더불어민주당","100","","","","1","비례대표 정당 제출자료","1","party-doc:920260603:밀양시:더불어민주당:1","false","","true","20260603/PDF/PBINFO_PUB/4809/003_100_20260524_1.pdf","filePathName+updtFileName","https://policy.nec.go.kr/plc/common/downloadFile.do?requestedFileName=20260603_%EB%B0%80%EC%96%91%EC%8B%9C_%EB%8D%94%EB%B6%88%EC%96%B4%EB%AF%BC%EC%A3%BC%EB%8B%B9_%EB%B9%84%EB%A1%80%EB%8C%80%ED%91%9C%20%EC%A0%95%EB%8B%B9%20%EC%A0%9C%EC%B6%9C%EC%9E%90%EB%A3%8C.pdf&requestedFullPath=20260603/PDF/PBINFO_PUB/4809/003_100_20260524_1.pdf","pack_stale_currently_available","1||HEIGHT","20260603/PDF/PBINFO_PUB/4809/","003_100_20260524_1.pdf","선거공보","Y","Y",""
"920260603-4800-거제시-더불어민주당-1-1","제9회 전국동시지방선거","4800","경상남도","nec_region_scope_for_basic_proportional","920260603","기초의원비례대표선거","9","","거제시","","","더불어민주당","100","","","","1","비례대표 정당 제출자료","1","party-doc:920260603:거제시:더불어민주당:1","false","","true","20260603/PDF/PBINFO_PUB/4810/003_100_20260522_1.pdf","filePathName+updtFileName","https://policy.nec.go.kr/plc/common/downloadFile.do?requestedFileName=20260603_%EA%B1%B0%EC%A0%9C%EC%8B%9C_%EB%8D%94%EB%B6%88%EC%96%B4%EB%AF%BC%EC%A3%BC%EB%8B%B9_%EB%B9%84%EB%A1%80%EB%8C%80%ED%91%9C%20%EC%A0%95%EB%8B%B9%20%EC%A0%9C%EC%B6%9C%EC%9E%90%EB%A3%8C.pdf&requestedFullPath=20260603/PDF/PBINFO_PUB/4810/003_100_20260522_1.pdf","pack_stale_currently_available","1||HEIGHT","20260603/PDF/PBINFO_PUB/4810/","003_100_20260522_1.pdf","선거공보","Y","Y",""
"920260603-4800-남해군-더불어민주당-1-1","제9회 전국동시지방선거","4800","경상남도","nec_region_scope_for_basic_proportional","920260603","기초의원비례대표선거","9","","남해군","","","더불어민주당","100","","","","1","비례대표 정당 제출자료","1","party-doc:920260603:남해군:더불어민주당:1","false","","true","20260603/PDF/PBINFO_PUB/4816/003_100_20260522_1.pdf","filePathName+updtFileName","https://policy.nec.go.kr/plc/common/downloadFile.do?requestedFileName=20260603_%EB%82%A8%ED%95%B4%EA%B5%B0_%EB%8D%94%EB%B6%88%EC%96%B4%EB%AF%BC%EC%A3%BC%EB%8B%B9_%EB%B9%84%EB%A1%80%EB%8C%80%ED%91%9C%20%EC%A0%95%EB%8B%B9%20%EC%A0%9C%EC%B6%9C%EC%9E%90%EB%A3%8C.pdf&requestedFullPath=20260603/PDF/PBINFO_PUB/4816/003_100_20260522_1.pdf","pack_stale_currently_available","1||HEIGHT","20260603/PDF/PBINFO_PUB/4816/","003_100_20260522_1.pdf","선거공보","Y","Y",""
"920260603-4800-진주시-더불어민주당-1-1","제9회 전국동시지방선거","4800","경상남도","nec_region_scope_for_basic_proportional","920260603","기초의원비례대표선거","9","","진주시","","","더불어민주당","100","","","","1","비례대표 정당 제출자료","1","party-doc:920260603:진주시:더불어민주당:1","false","","true","20260603/PDF/PBINFO_PUB/4803/003_100_20260523_1.pdf","filePathName+updtFileName","https://policy.nec.go.kr/plc/common/downloadFile.do?requestedFileName=20260603_%EC%A7%84%EC%A3%BC%EC%8B%9C_%EB%8D%94%EB%B6%88%EC%96%B4%EB%AF%BC%EC%A3%BC%EB%8B%B9_%EB%B9%84%EB%A1%80%EB%8C%80%ED%91%9C%20%EC%A0%95%EB%8B%B9%20%EC%A0%9C%EC%B6%9C%EC%9E%90%EB%A3%8C.pdf&requestedFullPath=20260603/PDF/PBINFO_PUB/4803/003_100_20260523_1.pdf","pack_stale_currently_available","1||HEIGHT","20260603/PDF/PBINFO_PUB/4803/","003_100_20260523_1.pdf","선거공보","Y","Y",""
"920260603-4800-사천시-더불어민주당-1-1","제9회 전국동시지방선거","4800","경상남도","nec_region_scope_for_basic_proportional","920260603","기초의원비례대표선거","9","","사천시","","","더불어민주당","100","","","","1","비례대표 정당 제출자료","1","party-doc:920260603:사천시:더불어민주당:1","false","","true","20260603/PDF/PBINFO_PUB/4807/003_100_20260520_1.pdf","filePathName+updtFileName","https://policy.nec.go.kr/plc/common/downloadFile.do?requestedFileName=20260603_%EC%82%AC%EC%B2%9C%EC%8B%9C_%EB%8D%94%EB%B6%88%EC%96%B4%EB%AF%BC%EC%A3%BC%EB%8B%B9_%EB%B9%84%EB%A1%80%EB%8C%80%ED%91%9C%20%EC%A0%95%EB%8B%B9%20%EC%A0%9C%EC%B6%9C%EC%9E%90%EB%A3%8C.pdf&requestedFullPath=20260603/PDF/PBINFO_PUB/4807/003_100_20260520_1.pdf","pack_stale_currently_available","1||HEIGHT","20260603/PDF/PBINFO_PUB/4807/","003_100_20260520_1.pdf","선거공보","Y","Y",""
"920260603-4800-통영시-더불어민주당-1-1","제9회 전국동시지방선거","4800","경상남도","nec_region_scope_for_basic_proportional","920260603","기초의원비례대표선거","9","","통영시","","","더불어민주당","100","","","","1","비례대표 정당 제출자료","1","party-doc:920260603:통영시:더불어민주당:1","false","","true","20260603/PDF/PBINFO_PUB/4805/003_100_20260523_1.pdf","filePathName+updtFileName","https://policy.nec.go.kr/plc/common/downloadFile.do?requestedFileName=20260603_%ED%86%B5%EC%98%81%EC%8B%9C_%EB%8D%94%EB%B6%88%EC%96%B4%EB%AF%BC%EC%A3%BC%EB%8B%B9_%EB%B9%84%EB%A1%80%EB%8C%80%ED%91%9C%20%EC%A0%95%EB%8B%B9%20%EC%A0%9C%EC%B6%9C%EC%9E%90%EB%A3%8C.pdf&requestedFullPath=20260603/PDF/PBINFO_PUB/4805/003_100_20260523_1.pdf","pack_stale_currently_available","1||HEIGHT","20260603/PDF/PBINFO_PUB/4805/","003_100_20260523_1.pdf","선거공보","Y","Y",""
"920260603-4800-김해시-더불어민주당-1-1","제9회 전국동시지방선거","4800","경상남도","nec_region_scope_for_basic_proportional","920260603","기초의원비례대표선거","9","","김해시","","","더불어민주당","100","","","","1","비례대표 정당 제출자료","1","party-doc:920260603:김해시:더불어민주당:1","false","","true","20260603/PDF/PBINFO_PUB/4808/003_100_20260523_1.pdf","filePathName+updtFileName","https://policy.nec.go.kr/plc/common/downloadFile.do?requestedFileName=20260603_%EA%B9%80%ED%95%B4%EC%8B%9C_%EB%8D%94%EB%B6%88%EC%96%B4%EB%AF%BC%EC%A3%BC%EB%8B%B9_%EB%B9%84%EB%A1%80%EB%8C%80%ED%91%9C%20%EC%A0%95%EB%8B%B9%20%EC%A0%9C%EC%B6%9C%EC%9E%90%EB%A3%8C.pdf&requestedFullPath=20260603/PDF/PBINFO_PUB/4808/003_100_20260523_1.pdf","pack_stale_currently_available","1||HEIGHT","20260603/PDF/PBINFO_PUB/4808/","003_100_20260523_1.pdf","선거공보","Y","Y",""
"920260603-4800-의령군-더불어민주당-1-1","제9회 전국동시지방선거","4800","경상남도","nec_region_scope_for_basic_proportional","920260603","기초의원비례대표선거","9","","의령군","","","더불어민주당","100","","","","1","비례대표 정당 제출자료","1","party-doc:920260603:의령군:더불어민주당:1","false","","true","20260603/PDF/PBINFO_PUB/4811/003_100_20260522_1.pdf","filePathName+updtFileName","https://policy.nec.go.kr/plc/common/downloadFile.do?requestedFileName=20260603_%EC%9D%98%EB%A0%B9%EA%B5%B0_%EB%8D%94%EB%B6%88%EC%96%B4%EB%AF%BC%EC%A3%BC%EB%8B%B9_%EB%B9%84%EB%A1%80%EB%8C%80%ED%91%9C%20%EC%A0%95%EB%8B%B9%20%EC%A0%9C%EC%B6%9C%EC%9E%90%EB%A3%8C.pdf&requestedFullPath=20260603/PDF/PBINFO_PUB/4811/003_100_20260522_1.pdf","pack_stale_currently_available","1||HEIGHT","20260603/PDF/PBINFO_PUB/4811/","003_100_20260522_1.pdf","선거공보","Y","Y",""
"920260603-4800-함안군-더불어민주당-1-1","제9회 전국동시지방선거","4800","경상남도","nec_region_scope_for_basic_proportional","920260603","기초의원비례대표선거","9","","함안군","","","더불어민주당","100","","","","1","비례대표 정당 제출자료","1","party-doc:920260603:함안군:더불어민주당:1","false","","true","20260603/PDF/PBINFO_PUB/4812/003_100_20260521_1.pdf","filePathName+updtFileName","https://policy.nec.go.kr/plc/common/downloadFile.do?requestedFileName=20260603_%ED%95%A8%EC%95%88%EA%B5%B0_%EB%8D%94%EB%B6%88%EC%96%B4%EB%AF%BC%EC%A3%BC%EB%8B%B9_%EB%B9%84%EB%A1%80%EB%8C%80%ED%91%9C%20%EC%A0%95%EB%8B%B9%20%EC%A0%9C%EC%B6%9C%EC%9E%90%EB%A3%8C.pdf&requestedFullPath=20260603/PDF/PBINFO_PUB/4812/003_100_20260521_1.pdf","pack_stale_currently_available","1||HEIGHT","20260603/PDF/PBINFO_PUB/4812/","003_100_20260521_1.pdf","선거공보","Y","Y",""
"920260603-4800-고성군-더불어민주당-1-1","제9회 전국동시지방선거","4800","경상남도","nec_region_scope_for_basic_proportional","920260603","기초의원비례대표선거","9","","고성군","","","더불어민주당","100","","","","1","비례대표 정당 제출자료","1","party-doc:920260603:고성군:더불어민주당:1","false","","true","20260603/PDF/PBINFO_PUB/4806/003_100_20260522_1.pdf","filePathName+updtFileName","https://policy.nec.go.kr/plc/common/downloadFile.do?requestedFileName=20260603_%EA%B3%A0%EC%84%B1%EA%B5%B0_%EB%8D%94%EB%B6%88%EC%96%B4%EB%AF%BC%EC%A3%BC%EB%8B%B9_%EB%B9%84%EB%A1%80%EB%8C%80%ED%91%9C%20%EC%A0%95%EB%8B%B9%20%EC%A0%9C%EC%B6%9C%EC%9E%90%EB%A3%8C.pdf&requestedFullPath=20260603/PDF/PBINFO_PUB/4806/003_100_20260522_1.pdf","pack_stale_currently_available","1||HEIGHT","20260603/PDF/PBINFO_PUB/4806/","003_100_20260522_1.pdf","선거공보","Y","Y",""
"920260603-4800-창녕군-더불어민주당-1-1","제9회 전국동시지방선거","4800","경상남도","nec_region_scope_for_basic_proportional","920260603","기초의원비례대표선거","9","","창녕군","","","더불어민주당","100","","","","1","비례대표 정당 제출자료","1","party-doc:920260603:창녕군:더불어민주당:1","false","","true","20260603/PDF/PBINFO_PUB/4813/003_100_20260523_1.pdf","filePathName+updtFileName","https://policy.nec.go.kr/plc/common/downloadFile.do?requestedFileName=20260603_%EC%B0%BD%EB%85%95%EA%B5%B0_%EB%8D%94%EB%B6%88%EC%96%B4%EB%AF%BC%EC%A3%BC%EB%8B%B9_%EB%B9%84%EB%A1%80%EB%8C%80%ED%91%9C%20%EC%A0%95%EB%8B%B9%20%EC%A0%9C%EC%B6%9C%EC%9E%90%EB%A3%8C.pdf&requestedFullPath=20260603/PDF/PBINFO_PUB/4813/003_100_20260523_1.pdf","pack_stale_currently_available","1||HEIGHT","20260603/PDF/PBINFO_PUB/4813/","003_100_20260523_1.pdf","선거공보","Y","Y",""
"920260603-4800-함양군-더불어민주당-1-1","제9회 전국동시지방선거","4800","경상남도","nec_region_scope_for_basic_proportional","920260603","기초의원비례대표선거","9","","함양군","","","더불어민주당","100","","","","1","비례대표 정당 제출자료","1","party-doc:920260603:함양군:더불어민주당:1","false","","true","20260603/PDF/PBINFO_PUB/4817/003_100_20260523_1.pdf","filePathName+updtFileName","https://policy.nec.go.kr/plc/common/downloadFile.do?requestedFileName=20260603_%ED%95%A8%EC%96%91%EA%B5%B0_%EB%8D%94%EB%B6%88%EC%96%B4%EB%AF%BC%EC%A3%BC%EB%8B%B9_%EB%B9%84%EB%A1%80%EB%8C%80%ED%91%9C%20%EC%A0%95%EB%8B%B9%20%EC%A0%9C%EC%B6%9C%EC%9E%90%EB%A3%8C.pdf&requestedFullPath=20260603/PDF/PBINFO_PUB/4817/003_100_20260523_1.pdf","pack_stale_currently_available","1||HEIGHT","20260603/PDF/PBINFO_PUB/4817/","003_100_20260523_1.pdf","선거공보","Y","Y",""
"920260603-4800-거창군-더불어민주당-1-1","제9회 전국동시지방선거","4800","경상남도","nec_region_scope_for_basic_proportional","920260603","기초의원비례대표선거","9","","거창군","","","더불어민주당","100","","","","1","비례대표 정당 제출자료","1","party-doc:920260603:거창군:더불어민주당:1","false","","true","20260603/PDF/PBINFO_PUB/4819/003_100_20260523_1.pdf","filePathName+updtFileName","https://policy.nec.go.kr/plc/common/downloadFile.do?requestedFileName=20260603_%EA%B1%B0%EC%B0%BD%EA%B5%B0_%EB%8D%94%EB%B6%88%EC%96%B4%EB%AF%BC%EC%A3%BC%EB%8B%B9_%EB%B9%84%EB%A1%80%EB%8C%80%ED%91%9C%20%EC%A0%95%EB%8B%B9%20%EC%A0%9C%EC%B6%9C%EC%9E%90%EB%A3%8C.pdf&requestedFullPath=20260603/PDF/PBINFO_PUB/4819/003_100_20260523_1.pdf","pack_stale_currently_available","1||HEIGHT","20260603/PDF/PBINFO_PUB/4819/","003_100_20260523_1.pdf","선거공보","Y","Y",""
"920260603-4800-합천군-더불어민주당-1-1","제9회 전국동시지방선거","4800","경상남도","nec_region_scope_for_basic_proportional","920260603","기초의원비례대표선거","9","","합천군","","","더불어민주당","100","","","","1","비례대표 정당 제출자료","1","party-doc:920260603:합천군:더불어민주당:1","false","","true","20260603/PDF/PBINFO_PUB/4820/003_100_20260523_1.pdf","filePathName+updtFileName","https://policy.nec.go.kr/plc/common/downloadFile.do?requestedFileName=20260603_%ED%95%A9%EC%B2%9C%EA%B5%B0_%EB%8D%94%EB%B6%88%EC%96%B4%EB%AF%BC%EC%A3%BC%EB%8B%B9_%EB%B9%84%EB%A1%80%EB%8C%80%ED%91%9C%20%EC%A0%95%EB%8B%B9%20%EC%A0%9C%EC%B6%9C%EC%9E%90%EB%A3%8C.pdf&requestedFullPath=20260603/PDF/PBINFO_PUB/4820/003_100_20260523_1.pdf","pack_stale_currently_available","1||HEIGHT","20260603/PDF/PBINFO_PUB/4820/","003_100_20260523_1.pdf","선거공보","Y","Y",""
"920260603-4800-창원시-더불어민주당-1-1","제9회 전국동시지방선거","4800","경상남도","nec_region_scope_for_basic_proportional","920260603","기초의원비례대표선거","9","","창원시","","","더불어민주당","100","","","","1","비례대표 정당 제출자료","1","party-doc:920260603:창원시:더불어민주당:1","false","","true","20260603/PDF/PBINFO_PUB/4822/003_100_20260523_1.pdf","filePathName+updtFileName","https://policy.nec.go.kr/plc/common/downloadFile.do?requestedFileName=20260603_%EC%B0%BD%EC%9B%90%EC%8B%9C_%EB%8D%94%EB%B6%88%EC%96%B4%EB%AF%BC%EC%A3%BC%EB%8B%B9_%EB%B9%84%EB%A1%80%EB%8C%80%ED%91%9C%20%EC%A0%95%EB%8B%B9%20%EC%A0%9C%EC%B6%9C%EC%9E%90%EB%A3%8C.pdf&requestedFullPath=20260603/PDF/PBINFO_PUB/4822/003_100_20260523_1.pdf","pack_stale_currently_available","1||HEIGHT","20260603/PDF/PBINFO_PUB/4822/","003_100_20260523_1.pdf","선거공보","Y","Y",""
"920260603-4800-창녕군-국민의힘-1-1","제9회 전국동시지방선거","4800","경상남도","nec_region_scope_for_basic_proportional","920260603","기초의원비례대표선거","9","","창녕군","","","국민의힘","200","","","","1","비례대표 정당 제출자료","1","party-doc:920260603:창녕군:국민의힘:1","false","","true","20260603/PDF/PBINFO_PUB/4813/003_200_20260523_1.pdf","filePathName+updtFileName","https://policy.nec.go.kr/plc/common/downloadFile.do?requestedFileName=20260603_%EC%B0%BD%EB%85%95%EA%B5%B0_%EA%B5%AD%EB%AF%BC%EC%9D%98%ED%9E%98_%EB%B9%84%EB%A1%80%EB%8C%80%ED%91%9C%20%EC%A0%95%EB%8B%B9%20%EC%A0%9C%EC%B6%9C%EC%9E%90%EB%A3%8C.pdf&requestedFullPath=20260603/PDF/PBINFO_PUB/4813/003_200_20260523_1.pdf","pack_stale_currently_available","1||HEIGHT","20260603/PDF/PBINFO_PUB/4813/","003_200_20260523_1.pdf","선거공보","Y","Y",""
"920260603-4800-합천군-국민의힘-1-1","제9회 전국동시지방선거","4800","경상남도","nec_region_scope_for_basic_proportional","920260603","기초의원비례대표선거","9","","합천군","","","국민의힘","200","","","","1","비례대표 정당 제출자료","1","party-doc:920260603:합천군:국민의힘:1","false","","true","20260603/PDF/PBINFO_PUB/4820/003_200_20260523_1.pdf","filePathName+updtFileName","https://policy.nec.go.kr/plc/common/downloadFile.do?requestedFileName=20260603_%ED%95%A9%EC%B2%9C%EA%B5%B0_%EA%B5%AD%EB%AF%BC%EC%9D%98%ED%9E%98_%EB%B9%84%EB%A1%80%EB%8C%80%ED%91%9C%20%EC%A0%95%EB%8B%B9%20%EC%A0%9C%EC%B6%9C%EC%9E%90%EB%A3%8C.pdf&requestedFullPath=20260603/PDF/PBINFO_PUB/4820/003_200_20260523_1.pdf","pack_stale_currently_available","1||HEIGHT","20260603/PDF/PBINFO_PUB/4820/","003_200_20260523_1.pdf","선거공보","Y","Y",""
"920260603-4800-함양군-국민의힘-1-1","제9회 전국동시지방선거","4800","경상남도","nec_region_scope_for_basic_proportional","920260603","기초의원비례대표선거","9","","함양군","","","국민의힘","200","","","","1","비례대표 정당 제출자료","1","party-doc:920260603:함양군:국민의힘:1","false","","true","20260603/PDF/PBINFO_PUB/4817/003_200_20260523_1.pdf","filePathName+updtFileName","https://policy.nec.go.kr/plc/common/downloadFile.do?requestedFileName=20260603_%ED%95%A8%EC%96%91%EA%B5%B0_%EA%B5%AD%EB%AF%BC%EC%9D%98%ED%9E%98_%EB%B9%84%EB%A1%80%EB%8C%80%ED%91%9C%20%EC%A0%95%EB%8B%B9%20%EC%A0%9C%EC%B6%9C%EC%9E%90%EB%A3%8C.pdf&requestedFullPath=20260603/PDF/PBINFO_PUB/4817/003_200_20260523_1.pdf","pack_stale_currently_available","1||HEIGHT","20260603/PDF/PBINFO_PUB/4817/","003_200_20260523_1.pdf","선거공보","Y","Y",""
"920260603-4800-창원시-국민의힘-1-1","제9회 전국동시지방선거","4800","경상남도","nec_region_scope_for_basic_proportional","920260603","기초의원비례대표선거","9","","창원시","","","국민의힘","200","","","","1","비례대표 정당 제출자료","1","party-doc:920260603:창원시:국민의힘:1","false","","true","20260603/PDF/PBINFO_PUB/4822/003_200_20260523_1.pdf","filePathName+updtFileName","https://policy.nec.go.kr/plc/common/downloadFile.do?requestedFileName=20260603_%EC%B0%BD%EC%9B%90%EC%8B%9C_%EA%B5%AD%EB%AF%BC%EC%9D%98%ED%9E%98_%EB%B9%84%EB%A1%80%EB%8C%80%ED%91%9C%20%EC%A0%95%EB%8B%B9%20%EC%A0%9C%EC%B6%9C%EC%9E%90%EB%A3%8C.pdf&requestedFullPath=20260603/PDF/PBINFO_PUB/4822/003_200_20260523_1.pdf","pack_stale_currently_available","1||HEIGHT","20260603/PDF/PBINFO_PUB/4822/","003_200_20260523_1.pdf","선거공보","Y","Y",""
"920260603-4800-통영시-국민의힘-1-1","제9회 전국동시지방선거","4800","경상남도","nec_region_scope_for_basic_proportional","920260603","기초의원비례대표선거","9","","통영시","","","국민의힘","200","","","","1","비례대표 정당 제출자료","1","party-doc:920260603:통영시:국민의힘:1","false","","true","20260603/PDF/PBINFO_PUB/4805/003_200_20260523_1.pdf","filePathName+updtFileName","https://policy.nec.go.kr/plc/common/downloadFile.do?requestedFileName=20260603_%ED%86%B5%EC%98%81%EC%8B%9C_%EA%B5%AD%EB%AF%BC%EC%9D%98%ED%9E%98_%EB%B9%84%EB%A1%80%EB%8C%80%ED%91%9C%20%EC%A0%95%EB%8B%B9%20%EC%A0%9C%EC%B6%9C%EC%9E%90%EB%A3%8C.pdf&requestedFullPath=20260603/PDF/PBINFO_PUB/4805/003_200_20260523_1.pdf","pack_stale_currently_available","1||HEIGHT","20260603/PDF/PBINFO_PUB/4805/","003_200_20260523_1.pdf","선거공보","Y","Y",""
"920260603-4800-양산시-국민의힘-1-1","제9회 전국동시지방선거","4800","경상남도","nec_region_scope_for_basic_proportional","920260603","기초의원비례대표선거","9","","양산시","","","국민의힘","200","","","","1","비례대표 정당 제출자료","1","party-doc:920260603:양산시:국민의힘:1","false","","true","20260603/PDF/PBINFO_PUB/4814/003_200_20260523_1.pdf","filePathName+updtFileName","https://policy.nec.go.kr/plc/common/downloadFile.do?requestedFileName=20260603_%EC%96%91%EC%82%B0%EC%8B%9C_%EA%B5%AD%EB%AF%BC%EC%9D%98%ED%9E%98_%EB%B9%84%EB%A1%80%EB%8C%80%ED%91%9C%20%EC%A0%95%EB%8B%B9%20%EC%A0%9C%EC%B6%9C%EC%9E%90%EB%A3%8C.pdf&requestedFullPath=20260603/PDF/PBINFO_PUB/4814/003_200_20260523_1.pdf","pack_stale_currently_available","1||HEIGHT","20260603/PDF/PBINFO_PUB/4814/","003_200_20260523_1.pdf","선거공보","Y","Y",""
"920260603-4800-거제시-국민의힘-1-1","제9회 전국동시지방선거","4800","경상남도","nec_region_scope_for_basic_proportional","920260603","기초의원비례대표선거","9","","거제시","","","국민의힘","200","","","","1","비례대표 정당 제출자료","1","party-doc:920260603:거제시:국민의힘:1","false","","true","20260603/PDF/PBINFO_PUB/4810/003_200_20260522_1.pdf","filePathName+updtFileName","https://policy.nec.go.kr/plc/common/downloadFile.do?requestedFileName=20260603_%EA%B1%B0%EC%A0%9C%EC%8B%9C_%EA%B5%AD%EB%AF%BC%EC%9D%98%ED%9E%98_%EB%B9%84%EB%A1%80%EB%8C%80%ED%91%9C%20%EC%A0%95%EB%8B%B9%20%EC%A0%9C%EC%B6%9C%EC%9E%90%EB%A3%8C.pdf&requestedFullPath=20260603/PDF/PBINFO_PUB/4810/003_200_20260522_1.pdf","pack_stale_currently_available","1||HEIGHT","20260603/PDF/PBINFO_PUB/4810/","003_200_20260522_1.pdf","선거공보","Y","Y",""
"920260603-4800-남해군-국민의힘-1-1","제9회 전국동시지방선거","4800","경상남도","nec_region_scope_for_basic_proportional","920260603","기초의원비례대표선거","9","","남해군","","","국민의힘","200","","","","1","비례대표 정당 제출자료","1","party-doc:920260603:남해군:국민의힘:1","false","","true","20260603/PDF/PBINFO_PUB/4816/003_200_20260519_1.pdf","filePathName+updtFileName","https://policy.nec.go.kr/plc/common/downloadFile.do?requestedFileName=20260603_%EB%82%A8%ED%95%B4%EA%B5%B0_%EA%B5%AD%EB%AF%BC%EC%9D%98%ED%9E%98_%EB%B9%84%EB%A1%80%EB%8C%80%ED%91%9C%20%EC%A0%95%EB%8B%B9%20%EC%A0%9C%EC%B6%9C%EC%9E%90%EB%A3%8C.pdf&requestedFullPath=20260603/PDF/PBINFO_PUB/4816/003_200_20260519_1.pdf","pack_stale_currently_available","1||HEIGHT","20260603/PDF/PBINFO_PUB/4816/","003_200_20260519_1.pdf","선거공보","Y","Y",""
"920260603-4800-사천시-국민의힘-1-1","제9회 전국동시지방선거","4800","경상남도","nec_region_scope_for_basic_proportional","920260603","기초의원비례대표선거","9","","사천시","","","국민의힘","200","","","","1","비례대표 정당 제출자료","1","party-doc:920260603:사천시:국민의힘:1","false","","true","20260603/PDF/PBINFO_PUB/4807/003_200_20260520_1.pdf","filePathName+updtFileName","https://policy.nec.go.kr/plc/common/downloadFile.do?requestedFileName=20260603_%EC%82%AC%EC%B2%9C%EC%8B%9C_%EA%B5%AD%EB%AF%BC%EC%9D%98%ED%9E%98_%EB%B9%84%EB%A1%80%EB%8C%80%ED%91%9C%20%EC%A0%95%EB%8B%B9%20%EC%A0%9C%EC%B6%9C%EC%9E%90%EB%A3%8C.pdf&requestedFullPath=20260603/PDF/PBINFO_PUB/4807/003_200_20260520_1.pdf","pack_stale_currently_available","1||HEIGHT","20260603/PDF/PBINFO_PUB/4807/","003_200_20260520_1.pdf","선거공보","Y","Y",""
"920260603-4800-함안군-국민의힘-1-1","제9회 전국동시지방선거","4800","경상남도","nec_region_scope_for_basic_proportional","920260603","기초의원비례대표선거","9","","함안군","","","국민의힘","200","","","","1","비례대표 정당 제출자료","1","party-doc:920260603:함안군:국민의힘:1","false","","true","20260603/PDF/PBINFO_PUB/4812/003_200_20260521_1.pdf","filePathName+updtFileName","https://policy.nec.go.kr/plc/common/downloadFile.do?requestedFileName=20260603_%ED%95%A8%EC%95%88%EA%B5%B0_%EA%B5%AD%EB%AF%BC%EC%9D%98%ED%9E%98_%EB%B9%84%EB%A1%80%EB%8C%80%ED%91%9C%20%EC%A0%95%EB%8B%B9%20%EC%A0%9C%EC%B6%9C%EC%9E%90%EB%A3%8C.pdf&requestedFullPath=20260603/PDF/PBINFO_PUB/4812/003_200_20260521_1.pdf","pack_stale_currently_available","1||HEIGHT","20260603/PDF/PBINFO_PUB/4812/","003_200_20260521_1.pdf","선거공보","Y","Y",""
"920260603-4800-김해시-국민의힘-1-1","제9회 전국동시지방선거","4800","경상남도","nec_region_scope_for_basic_proportional","920260603","기초의원비례대표선거","9","","김해시","","","국민의힘","200","","","","1","비례대표 정당 제출자료","1","party-doc:920260603:김해시:국민의힘:1","false","","true","20260603/PDF/PBINFO_PUB/4808/003_200_20260523_1.pdf","filePathName+updtFileName","https://policy.nec.go.kr/plc/common/downloadFile.do?requestedFileName=20260603_%EA%B9%80%ED%95%B4%EC%8B%9C_%EA%B5%AD%EB%AF%BC%EC%9D%98%ED%9E%98_%EB%B9%84%EB%A1%80%EB%8C%80%ED%91%9C%20%EC%A0%95%EB%8B%B9%20%EC%A0%9C%EC%B6%9C%EC%9E%90%EB%A3%8C.pdf&requestedFullPath=20260603/PDF/PBINFO_PUB/4808/003_200_20260523_1.pdf","pack_stale_currently_available","1||HEIGHT","20260603/PDF/PBINFO_PUB/4808/","003_200_20260523_1.pdf","선거공보","Y","Y",""
"920260603-4800-거창군-국민의힘-1-1","제9회 전국동시지방선거","4800","경상남도","nec_region_scope_for_basic_proportional","920260603","기초의원비례대표선거","9","","거창군","","","국민의힘","200","","","","1","비례대표 정당 제출자료","1","party-doc:920260603:거창군:국민의힘:1","false","","true","20260603/PDF/PBINFO_PUB/4819/003_200_20260523_1.pdf","filePathName+updtFileName","https://policy.nec.go.kr/plc/common/downloadFile.do?requestedFileName=20260603_%EA%B1%B0%EC%B0%BD%EA%B5%B0_%EA%B5%AD%EB%AF%BC%EC%9D%98%ED%9E%98_%EB%B9%84%EB%A1%80%EB%8C%80%ED%91%9C%20%EC%A0%95%EB%8B%B9%20%EC%A0%9C%EC%B6%9C%EC%9E%90%EB%A3%8C.pdf&requestedFullPath=20260603/PDF/PBINFO_PUB/4819/003_200_20260523_1.pdf","pack_stale_currently_available","1||HEIGHT","20260603/PDF/PBINFO_PUB/4819/","003_200_20260523_1.pdf","선거공보","Y","Y",""
"920260603-4800-고성군-국민의힘-1-1","제9회 전국동시지방선거","4800","경상남도","nec_region_scope_for_basic_proportional","920260603","기초의원비례대표선거","9","","고성군","","","국민의힘","200","","","","1","비례대표 정당 제출자료","1","party-doc:920260603:고성군:국민의힘:1","false","","true","20260603/PDF/PBINFO_PUB/4806/003_200_20260522_2.pdf","filePathName+updtFileName","https://policy.nec.go.kr/plc/common/downloadFile.do?requestedFileName=20260603_%EA%B3%A0%EC%84%B1%EA%B5%B0_%EA%B5%AD%EB%AF%BC%EC%9D%98%ED%9E%98_%EB%B9%84%EB%A1%80%EB%8C%80%ED%91%9C%20%EC%A0%95%EB%8B%B9%20%EC%A0%9C%EC%B6%9C%EC%9E%90%EB%A3%8C.pdf&requestedFullPath=20260603/PDF/PBINFO_PUB/4806/003_200_20260522_2.pdf","pack_stale_currently_available","1||HEIGHT","20260603/PDF/PBINFO_PUB/4806/","003_200_20260522_2.pdf","선거공보","Y","Y",""
"920260603-4800-진주시-국민의힘-1-1","제9회 전국동시지방선거","4800","경상남도","nec_region_scope_for_basic_proportional","920260603","기초의원비례대표선거","9","","진주시","","","국민의힘","200","","","","1","비례대표 정당 제출자료","1","party-doc:920260603:진주시:국민의힘:1","false","","true","20260603/PDF/PBINFO_PUB/4803/003_200_20260523_1.pdf","filePathName+updtFileName","https://policy.nec.go.kr/plc/common/downloadFile.do?requestedFileName=20260603_%EC%A7%84%EC%A3%BC%EC%8B%9C_%EA%B5%AD%EB%AF%BC%EC%9D%98%ED%9E%98_%EB%B9%84%EB%A1%80%EB%8C%80%ED%91%9C%20%EC%A0%95%EB%8B%B9%20%EC%A0%9C%EC%B6%9C%EC%9E%90%EB%A3%8C.pdf&requestedFullPath=20260603/PDF/PBINFO_PUB/4803/003_200_20260523_1.pdf","pack_stale_currently_available","1||HEIGHT","20260603/PDF/PBINFO_PUB/4803/","003_200_20260523_1.pdf","선거공보","Y","Y",""
"920260603-4800-의령군-국민의힘-1-1","제9회 전국동시지방선거","4800","경상남도","nec_region_scope_for_basic_proportional","920260603","기초의원비례대표선거","9","","의령군","","","국민의힘","200","","","","1","비례대표 정당 제출자료","1","party-doc:920260603:의령군:국민의힘:1","false","","true","20260603/PDF/PBINFO_PUB/4811/003_200_20260522_1.pdf","filePathName+updtFileName","https://policy.nec.go.kr/plc/common/downloadFile.do?requestedFileName=20260603_%EC%9D%98%EB%A0%B9%EA%B5%B0_%EA%B5%AD%EB%AF%BC%EC%9D%98%ED%9E%98_%EB%B9%84%EB%A1%80%EB%8C%80%ED%91%9C%20%EC%A0%95%EB%8B%B9%20%EC%A0%9C%EC%B6%9C%EC%9E%90%EB%A3%8C.pdf&requestedFullPath=20260603/PDF/PBINFO_PUB/4811/003_200_20260522_1.pdf","pack_stale_currently_available","1||HEIGHT","20260603/PDF/PBINFO_PUB/4811/","003_200_20260522_1.pdf","선거공보","Y","Y",""
"920260603-4800-밀양시-국민의힘-1-1","제9회 전국동시지방선거","4800","경상남도","nec_region_scope_for_basic_proportional","920260603","기초의원비례대표선거","9","","밀양시","","","국민의힘","200","","","","1","비례대표 정당 제출자료","1","party-doc:920260603:밀양시:국민의힘:1","false","","true","20260603/PDF/PBINFO_PUB/4809/003_200_20260524_1.pdf","filePathName+updtFileName","https://policy.nec.go.kr/plc/common/downloadFile.do?requestedFileName=20260603_%EB%B0%80%EC%96%91%EC%8B%9C_%EA%B5%AD%EB%AF%BC%EC%9D%98%ED%9E%98_%EB%B9%84%EB%A1%80%EB%8C%80%ED%91%9C%20%EC%A0%95%EB%8B%B9%20%EC%A0%9C%EC%B6%9C%EC%9E%90%EB%A3%8C.pdf&requestedFullPath=20260603/PDF/PBINFO_PUB/4809/003_200_20260524_1.pdf","pack_stale_currently_available","1||HEIGHT","20260603/PDF/PBINFO_PUB/4809/","003_200_20260524_1.pdf","선거공보","Y","Y",""
"1120260603-1100-서울특별시-100161493-2-선거공약서","제9회 전국동시지방선거","1100","서울특별시","sggname_exact_province","1120260603","교육감선거","11","11110000","서울특별시","정근식","100161493","무소속","9999","6","서울특별시교육감","서울대학교 대학원(박사과정) 사회학과 문학박사","2","선거공약서","선거공약서","candidate-doc:100161493:2","false","","true","20260603/PDF/PRMS_DOC_PUB/1100/004_100161493_20260525_1.pdf","fileinfo","https://policy.nec.go.kr/plc/common/downloadFile.do?requestedFileName=20260603_%EC%84%9C%EC%9A%B8%ED%8A%B9%EB%B3%84%EC%8B%9C_%EC%A0%95%EA%B7%BC%EC%8B%9D_%EC%84%A0%EA%B1%B0%EA%B3%B5%EC%95%BD%EC%84%9C.pdf&requestedFullPath=20260603/PDF/PRMS_DOC_PUB/1100/004_100161493_20260525_1.pdf","pack_stale_currently_available","선거공약서||20260603/PDF/PRMS_DOC_PUB/1100/004_100161493_20260525_1.pdf||||1||HEIGHT||Y||00||01","","","","Y","",""
