record_id,source_id,province_id,province_name,subSgId,subSgName,sggname,huboid,hbjname,jdname,doc_index,doc_type,current_download_url,current_pdf_path,local_markdown_repo_path,github_url,extract_status,extraction_method,quality_flag,pages,chars,bytes,recovery_class
"420260603-4100-수원시-100162275-1-선거공보","candidate-doc:100162275:1","4100","경기도","420260603","구·시·군의 장선거","수원시","100162275","정희윤","개혁신당","1","선거공보","https://policy.nec.go.kr/plc/common/downloadFile.do?requestedFileName=20260603_%EC%88%98%EC%9B%90%EC%8B%9C_%EC%A0%95%ED%9D%AC%EC%9C%A4_%EC%84%A0%EA%B1%B0%EA%B3%B5%EB%B3%B4.pdf&requestedFullPath=20260603/PDF/PBINFO/4103/003_100162275_20260525_1.pdf","20260603/PDF/PBINFO/4103/003_100162275_20260525_1.pdf","supplements/official_gap_recovery_2026/direct_nec_downloads/markdown/420260603-4100-수원시-100162275-1-선거공보.md","https://github.com/treylom/opencrab-nec-2026-local-election-data/blob/main/supplements/official_gap_recovery_2026/direct_nec_downloads/markdown/420260603-4100-수원시-100162275-1-선거공보.md","ok","pymupdf","suspiciously_short_text","1","9","280822","pack_stale_currently_available_direct_nec_recovered"
"420260603-4100-평택시-100153870-1-선거공보","candidate-doc:100153870:1","4100","경기도","420260603","구·시·군의 장선거","평택시","100153870","최원용","더불어민주당","1","선거공보","https://policy.nec.go.kr/plc/common/downloadFile.do?requestedFileName=20260603_%ED%8F%89%ED%83%9D%EC%8B%9C_%EC%B5%9C%EC%9B%90%EC%9A%A9_%EC%84%A0%EA%B1%B0%EA%B3%B5%EB%B3%B4.pdf&requestedFullPath=20260603/PDF/PBINFO/4115/003_100153870_20260525_1.pdf","20260603/PDF/PBINFO/4115/003_100153870_20260525_1.pdf","supplements/official_gap_recovery_2026/direct_nec_downloads/markdown/420260603-4100-평택시-100153870-1-선거공보.md","https://github.com/treylom/opencrab-nec-2026-local-election-data/blob/main/supplements/official_gap_recovery_2026/direct_nec_downloads/markdown/420260603-4100-평택시-100153870-1-선거공보.md","ok","pymupdf","ok","12","9230","1693038","pack_stale_currently_available_direct_nec_recovered"
"420260603-5200-양양군-100158374-1-선거공보","candidate-doc:100158374:1","5200","강원특별자치도","420260603","구·시·군의 장선거","양양군","100158374","김정중","더불어민주당","1","선거공보","https://policy.nec.go.kr/plc/common/downloadFile.do?requestedFileName=20260603_%EC%96%91%EC%96%91%EA%B5%B0_%EA%B9%80%EC%A0%95%EC%A4%91_%EC%84%A0%EA%B1%B0%EA%B3%B5%EB%B3%B4.pdf&requestedFullPath=20260603/PDF/PBINFO/5210/003_100158374_20260521_1.pdf","20260603/PDF/PBINFO/5210/003_100158374_20260521_1.pdf","supplements/official_gap_recovery_2026/direct_nec_downloads/markdown/420260603-5200-양양군-100158374-1-선거공보.md","https://github.com/treylom/opencrab-nec-2026-local-election-data/blob/main/supplements/official_gap_recovery_2026/direct_nec_downloads/markdown/420260603-5200-양양군-100158374-1-선거공보.md","ok","pymupdf","ok","12","6545","15054221","pack_stale_currently_available_direct_nec_recovered"
"420260603-5200-양양군-100158425-1-선거공보","candidate-doc:100158425:1","5200","강원특별자치도","420260603","구·시·군의 장선거","양양군","100158425","김호열","국민의힘","1","선거공보","https://policy.nec.go.kr/plc/common/downloadFile.do?requestedFileName=20260603_%EC%96%91%EC%96%91%EA%B5%B0_%EA%B9%80%ED%98%B8%EC%97%B4_%EC%84%A0%EA%B1%B0%EA%B3%B5%EB%B3%B4.pdf&requestedFullPath=20260603/PDF/PBINFO/5210/003_100158425_20260521_1.pdf","20260603/PDF/PBINFO/5210/003_100158425_20260521_1.pdf","supplements/official_gap_recovery_2026/direct_nec_downloads/markdown/420260603-5200-양양군-100158425-1-선거공보.md","https://github.com/treylom/opencrab-nec-2026-local-election-data/blob/main/supplements/official_gap_recovery_2026/direct_nec_downloads/markdown/420260603-5200-양양군-100158425-1-선거공보.md","ok","pymupdf","ok","12","5512","2459372","pack_stale_currently_available_direct_nec_recovered"
"420260603-5200-양양군-100158425-2-선거공약서","candidate-doc:100158425:2","5200","강원특별자치도","420260603","구·시·군의 장선거","양양군","100158425","김호열","국민의힘","2","선거공약서","https://policy.nec.go.kr/plc/common/downloadFile.do?requestedFileName=20260603_%EC%96%91%EC%96%91%EA%B5%B0_%EA%B9%80%ED%98%B8%EC%97%B4_%EC%84%A0%EA%B1%B0%EA%B3%B5%EC%95%BD%EC%84%9C.pdf&requestedFullPath=20260603/PDF/PRMS_DOC_PUB/5210/004_100158425_20260522_1.pdf","20260603/PDF/PRMS_DOC_PUB/5210/004_100158425_20260522_1.pdf","supplements/official_gap_recovery_2026/direct_nec_downloads/markdown/420260603-5200-양양군-100158425-2-선거공약서.md","https://github.com/treylom/opencrab-nec-2026-local-election-data/blob/main/supplements/official_gap_recovery_2026/direct_nec_downloads/markdown/420260603-5200-양양군-100158425-2-선거공약서.md","ok","pymupdf","ok","2","3313","439329","pack_stale_currently_available_direct_nec_recovered"
"420260603-5200-양양군-100158565-1-선거공보","candidate-doc:100158565:1","5200","강원특별자치도","420260603","구·시·군의 장선거","양양군","100158565","고제철","무소속","1","선거공보","https://policy.nec.go.kr/plc/common/downloadFile.do?requestedFileName=20260603_%EC%96%91%EC%96%91%EA%B5%B0_%EA%B3%A0%EC%A0%9C%EC%B2%A0_%EC%84%A0%EA%B1%B0%EA%B3%B5%EB%B3%B4.pdf&requestedFullPath=20260603/PDF/PBINFO/5210/003_100158565_20260521_1.pdf","20260603/PDF/PBINFO/5210/003_100158565_20260521_1.pdf","supplements/official_gap_recovery_2026/direct_nec_downloads/markdown/420260603-5200-양양군-100158565-1-선거공보.md","https://github.com/treylom/opencrab-nec-2026-local-election-data/blob/main/supplements/official_gap_recovery_2026/direct_nec_downloads/markdown/420260603-5200-양양군-100158565-1-선거공보.md","ok","pymupdf","ok","12","4427","6244249","pack_stale_currently_available_direct_nec_recovered"
"420260603-5300-정읍시-100163655-1-선거공보","candidate-doc:100163655:1","5300","전북특별자치도","420260603","구·시·군의 장선거","정읍시","100163655","이학수","더불어민주당","1","선거공보","https://policy.nec.go.kr/plc/common/downloadFile.do?requestedFileName=20260603_%EC%A0%95%EC%9D%8D%EC%8B%9C_%EC%9D%B4%ED%95%99%EC%88%98_%EC%84%A0%EA%B1%B0%EA%B3%B5%EB%B3%B4.pdf&requestedFullPath=20260603/PDF/PBINFO/5307/003_100163655_20260524_1.pdf","20260603/PDF/PBINFO/5307/003_100163655_20260524_1.pdf","supplements/official_gap_recovery_2026/direct_nec_downloads/markdown/420260603-5300-정읍시-100163655-1-선거공보.md","https://github.com/treylom/opencrab-nec-2026-local-election-data/blob/main/supplements/official_gap_recovery_2026/direct_nec_downloads/markdown/420260603-5300-정읍시-100163655-1-선거공보.md","ok","pymupdf","ok","12","6308","5851086","pack_stale_currently_available_direct_nec_recovered"
"420260603-5300-정읍시-100156163-1-선거공보","candidate-doc:100156163:1","5300","전북특별자치도","420260603","구·시·군의 장선거","정읍시","100156163","김민영","조국혁신당","1","선거공보","https://policy.nec.go.kr/plc/common/downloadFile.do?requestedFileName=20260603_%EC%A0%95%EC%9D%8D%EC%8B%9C_%EA%B9%80%EB%AF%BC%EC%98%81_%EC%84%A0%EA%B1%B0%EA%B3%B5%EB%B3%B4.pdf&requestedFullPath=20260603/PDF/PBINFO/5307/003_100156163_20260524_1.pdf","20260603/PDF/PBINFO/5307/003_100156163_20260524_1.pdf","supplements/official_gap_recovery_2026/direct_nec_downloads/markdown/420260603-5300-정읍시-100156163-1-선거공보.md","https://github.com/treylom/opencrab-nec-2026-local-election-data/blob/main/supplements/official_gap_recovery_2026/direct_nec_downloads/markdown/420260603-5300-정읍시-100156163-1-선거공보.md","ok","pymupdf","ok","12","5276","2612553","pack_stale_currently_available_direct_nec_recovered"
"420260603-5300-정읍시-100154602-1-선거공보","candidate-doc:100154602:1","5300","전북특별자치도","420260603","구·시·군의 장선거","정읍시","100154602","김재선","무소속","1","선거공보","https://policy.nec.go.kr/plc/common/downloadFile.do?requestedFileName=20260603_%EC%A0%95%EC%9D%8D%EC%8B%9C_%EA%B9%80%EC%9E%AC%EC%84%A0_%EC%84%A0%EA%B1%B0%EA%B3%B5%EB%B3%B4.pdf&requestedFullPath=20260603/PDF/PBINFO/5307/003_100154602_20260524_1.pdf","20260603/PDF/PBINFO/5307/003_100154602_20260524_1.pdf","supplements/official_gap_recovery_2026/direct_nec_downloads/markdown/420260603-5300-정읍시-100154602-1-선거공보.md","https://github.com/treylom/opencrab-nec-2026-local-election-data/blob/main/supplements/official_gap_recovery_2026/direct_nec_downloads/markdown/420260603-5300-정읍시-100154602-1-선거공보.md","ok","pymupdf","ok","4","5846","1197086","pack_stale_currently_available_direct_nec_recovered"
"420260603-5300-고창군-100159114-2-선거공약서","candidate-doc:100159114:2","5300","전북특별자치도","420260603","구·시·군의 장선거","고창군","100159114","유기상","조국혁신당","2","선거공약서","https://policy.nec.go.kr/plc/common/downloadFile.do?requestedFileName=20260603_%EA%B3%A0%EC%B0%BD%EA%B5%B0_%EC%9C%A0%EA%B8%B0%EC%83%81_%EC%84%A0%EA%B1%B0%EA%B3%B5%EC%95%BD%EC%84%9C.pdf&requestedFullPath=20260603/PDF/PRMS_DOC_PUB/5316/004_100159114_20260525_1.pdf","20260603/PDF/PRMS_DOC_PUB/5316/004_100159114_20260525_1.pdf","supplements/official_gap_recovery_2026/direct_nec_downloads/markdown/420260603-5300-고창군-100159114-2-선거공약서.md","https://github.com/treylom/opencrab-nec-2026-local-election-data/blob/main/supplements/official_gap_recovery_2026/direct_nec_downloads/markdown/420260603-5300-고창군-100159114-2-선거공약서.md","ok","pymupdf","suspiciously_short_text","12","177","1537943","pack_stale_currently_available_direct_nec_recovered"
"520260603-4100-수원시제5선거구-100157162-1-선거공보","candidate-doc:100157162:1","4100","경기도","520260603","시·도의회의원선거","수원시제5선거구","100157162","황수영","더불어민주당","1","선거공보","https://policy.nec.go.kr/plc/common/downloadFile.do?requestedFileName=20260603_%EC%88%98%EC%9B%90%EC%8B%9C%EC%A0%9C5%EC%84%A0%EA%B1%B0%EA%B5%AC_%ED%99%A9%EC%88%98%EC%98%81_%EC%84%A0%EA%B1%B0%EA%B3%B5%EB%B3%B4.pdf&requestedFullPath=20260603/PDF/PBINFO/4103/003_100157162_20260525_1.pdf","20260603/PDF/PBINFO/4103/003_100157162_20260525_1.pdf","supplements/official_gap_recovery_2026/direct_nec_downloads/markdown/520260603-4100-수원시제5선거구-100157162-1-선거공보.md","https://github.com/treylom/opencrab-nec-2026-local-election-data/blob/main/supplements/official_gap_recovery_2026/direct_nec_downloads/markdown/520260603-4100-수원시제5선거구-100157162-1-선거공보.md","ok","pymupdf","ok","8","3137","17760511","pack_stale_currently_available_direct_nec_recovered"
"520260603-4100-수원시제5선거구-100159009-1-선거공보","candidate-doc:100159009:1","4100","경기도","520260603","시·도의회의원선거","수원시제5선거구","100159009","김재은","국민의힘","1","선거공보","https://policy.nec.go.kr/plc/common/downloadFile.do?requestedFileName=20260603_%EC%88%98%EC%9B%90%EC%8B%9C%EC%A0%9C5%EC%84%A0%EA%B1%B0%EA%B5%AC_%EA%B9%80%EC%9E%AC%EC%9D%80_%EC%84%A0%EA%B1%B0%EA%B3%B5%EB%B3%B4.pdf&requestedFullPath=20260603/PDF/PBINFO/4103/003_100159009_20260525_1.pdf","20260603/PDF/PBINFO/4103/003_100159009_20260525_1.pdf","supplements/official_gap_recovery_2026/direct_nec_downloads/markdown/520260603-4100-수원시제5선거구-100159009-1-선거공보.md","https://github.com/treylom/opencrab-nec-2026-local-election-data/blob/main/supplements/official_gap_recovery_2026/direct_nec_downloads/markdown/520260603-4100-수원시제5선거구-100159009-1-선거공보.md","ok","pymupdf","suspiciously_short_text","8","114","5733975","pack_stale_currently_available_direct_nec_recovered"
"520260603-4100-용인시제4선거구-100162490-1-선거공보","candidate-doc:100162490:1","4100","경기도","520260603","시·도의회의원선거","용인시제4선거구","100162490","전자영","더불어민주당","1","선거공보","https://policy.nec.go.kr/plc/common/downloadFile.do?requestedFileName=20260603_%EC%9A%A9%EC%9D%B8%EC%8B%9C%EC%A0%9C4%EC%84%A0%EA%B1%B0%EA%B5%AC_%EC%A0%84%EC%9E%90%EC%98%81_%EC%84%A0%EA%B1%B0%EA%B3%B5%EB%B3%B4.pdf&requestedFullPath=20260603/PDF/PBINFO/4137/003_100162490_20260524_1.pdf","20260603/PDF/PBINFO/4137/003_100162490_20260524_1.pdf","supplements/official_gap_recovery_2026/direct_nec_downloads/markdown/520260603-4100-용인시제4선거구-100162490-1-선거공보.md","https://github.com/treylom/opencrab-nec-2026-local-election-data/blob/main/supplements/official_gap_recovery_2026/direct_nec_downloads/markdown/520260603-4100-용인시제4선거구-100162490-1-선거공보.md","ok","pymupdf","suspiciously_short_text","8","114","11103194","pack_stale_currently_available_direct_nec_recovered"
"520260603-4100-용인시제4선거구-100162057-1-선거공보","candidate-doc:100162057:1","4100","경기도","520260603","시·도의회의원선거","용인시제4선거구","100162057","윤정희","국민의힘","1","선거공보","https://policy.nec.go.kr/plc/common/downloadFile.do?requestedFileName=20260603_%EC%9A%A9%EC%9D%B8%EC%8B%9C%EC%A0%9C4%EC%84%A0%EA%B1%B0%EA%B5%AC_%EC%9C%A4%EC%A0%95%ED%9D%AC_%EC%84%A0%EA%B1%B0%EA%B3%B5%EB%B3%B4.pdf&requestedFullPath=20260603/PDF/PBINFO/4137/003_100162057_20260524_1.pdf","20260603/PDF/PBINFO/4137/003_100162057_20260524_1.pdf","supplements/official_gap_recovery_2026/direct_nec_downloads/markdown/520260603-4100-용인시제4선거구-100162057-1-선거공보.md","https://github.com/treylom/opencrab-nec-2026-local-election-data/blob/main/supplements/official_gap_recovery_2026/direct_nec_downloads/markdown/520260603-4100-용인시제4선거구-100162057-1-선거공보.md","ok","pymupdf","ok","8","3321","9366091","pack_stale_currently_available_direct_nec_recovered"
"520260603-4100-용인시제5선거구-100157732-1-선거공보","candidate-doc:100157732:1","4100","경기도","520260603","시·도의회의원선거","용인시제5선거구","100157732","채명신","더불어민주당","1","선거공보","https://policy.nec.go.kr/plc/common/downloadFile.do?requestedFileName=20260603_%EC%9A%A9%EC%9D%B8%EC%8B%9C%EC%A0%9C5%EC%84%A0%EA%B1%B0%EA%B5%AC_%EC%B1%84%EB%AA%85%EC%8B%A0_%EC%84%A0%EA%B1%B0%EA%B3%B5%EB%B3%B4.pdf&requestedFullPath=20260603/PDF/PBINFO/4137/003_100157732_20260524_1.pdf","20260603/PDF/PBINFO/4137/003_100157732_20260524_1.pdf","supplements/official_gap_recovery_2026/direct_nec_downloads/markdown/520260603-4100-용인시제5선거구-100157732-1-선거공보.md","https://github.com/treylom/opencrab-nec-2026-local-election-data/blob/main/supplements/official_gap_recovery_2026/direct_nec_downloads/markdown/520260603-4100-용인시제5선거구-100157732-1-선거공보.md","ok","pymupdf","ok","8","2089","1043999","pack_stale_currently_available_direct_nec_recovered"
"520260603-4100-용인시제5선거구-100160721-1-선거공보","candidate-doc:100160721:1","4100","경기도","520260603","시·도의회의원선거","용인시제5선거구","100160721","정하용","국민의힘","1","선거공보","https://policy.nec.go.kr/plc/common/downloadFile.do?requestedFileName=20260603_%EC%9A%A9%EC%9D%B8%EC%8B%9C%EC%A0%9C5%EC%84%A0%EA%B1%B0%EA%B5%AC_%EC%A0%95%ED%95%98%EC%9A%A9_%EC%84%A0%EA%B1%B0%EA%B3%B5%EB%B3%B4.pdf&requestedFullPath=20260603/PDF/PBINFO/4137/003_100160721_20260524_1.pdf","20260603/PDF/PBINFO/4137/003_100160721_20260524_1.pdf","supplements/official_gap_recovery_2026/direct_nec_downloads/markdown/520260603-4100-용인시제5선거구-100160721-1-선거공보.md","https://github.com/treylom/opencrab-nec-2026-local-election-data/blob/main/supplements/official_gap_recovery_2026/direct_nec_downloads/markdown/520260603-4100-용인시제5선거구-100160721-1-선거공보.md","ok","pymupdf","ok","8","6958","12520347","pack_stale_currently_available_direct_nec_recovered"
"520260603-4100-용인시제9선거구-100163207-1-선거공보","candidate-doc:100163207:1","4100","경기도","520260603","시·도의회의원선거","용인시제9선거구","100163207","고찬석","더불어민주당","1","선거공보","https://policy.nec.go.kr/plc/common/downloadFile.do?requestedFileName=20260603_%EC%9A%A9%EC%9D%B8%EC%8B%9C%EC%A0%9C9%EC%84%A0%EA%B1%B0%EA%B5%AC_%EA%B3%A0%EC%B0%AC%EC%84%9D_%EC%84%A0%EA%B1%B0%EA%B3%B5%EB%B3%B4.pdf&requestedFullPath=20260603/PDF/PBINFO/4137/003_100163207_20260525_1.pdf","20260603/PDF/PBINFO/4137/003_100163207_20260525_1.pdf","supplements/official_gap_recovery_2026/direct_nec_downloads/markdown/520260603-4100-용인시제9선거구-100163207-1-선거공보.md","https://github.com/treylom/opencrab-nec-2026-local-election-data/blob/main/supplements/official_gap_recovery_2026/direct_nec_downloads/markdown/520260603-4100-용인시제9선거구-100163207-1-선거공보.md","ok","pymupdf","suspiciously_short_text","8","114","10319800","pack_stale_currently_available_direct_nec_recovered"
"520260603-4100-용인시제9선거구-100161521-1-선거공보","candidate-doc:100161521:1","4100","경기도","520260603","시·도의회의원선거","용인시제9선거구","100161521","신현정","국민의힘","1","선거공보","https://policy.nec.go.kr/plc/common/downloadFile.do?requestedFileName=20260603_%EC%9A%A9%EC%9D%B8%EC%8B%9C%EC%A0%9C9%EC%84%A0%EA%B1%B0%EA%B5%AC_%EC%8B%A0%ED%98%84%EC%A0%95_%EC%84%A0%EA%B1%B0%EA%B3%B5%EB%B3%B4.pdf&requestedFullPath=20260603/PDF/PBINFO/4137/003_100161521_20260525_1.pdf","20260603/PDF/PBINFO/4137/003_100161521_20260525_1.pdf","supplements/official_gap_recovery_2026/direct_nec_downloads/markdown/520260603-4100-용인시제9선거구-100161521-1-선거공보.md","https://github.com/treylom/opencrab-nec-2026-local-election-data/blob/main/supplements/official_gap_recovery_2026/direct_nec_downloads/markdown/520260603-4100-용인시제9선거구-100161521-1-선거공보.md","ok","pymupdf","suspiciously_short_text","8","114","2016219","pack_stale_currently_available_direct_nec_recovered"
"520260603-4100-용인시제10선거구-100157362-1-선거공보","candidate-doc:100157362:1","4100","경기도","520260603","시·도의회의원선거","용인시제10선거구","100157362","우현욱","더불어민주당","1","선거공보","https://policy.nec.go.kr/plc/common/downloadFile.do?requestedFileName=20260603_%EC%9A%A9%EC%9D%B8%EC%8B%9C%EC%A0%9C10%EC%84%A0%EA%B1%B0%EA%B5%AC_%EC%9A%B0%ED%98%84%EC%9A%B1_%EC%84%A0%EA%B1%B0%EA%B3%B5%EB%B3%B4.pdf&requestedFullPath=20260603/PDF/PBINFO/4137/003_100157362_20260524_1.pdf","20260603/PDF/PBINFO/4137/003_100157362_20260524_1.pdf","supplements/official_gap_recovery_2026/direct_nec_downloads/markdown/520260603-4100-용인시제10선거구-100157362-1-선거공보.md","https://github.com/treylom/opencrab-nec-2026-local-election-data/blob/main/supplements/official_gap_recovery_2026/direct_nec_downloads/markdown/520260603-4100-용인시제10선거구-100157362-1-선거공보.md","ok","pymupdf","ok","5","3481","1667982","pack_stale_currently_available_direct_nec_recovered"
"520260603-4100-용인시제10선거구-100163222-1-선거공보","candidate-doc:100163222:1","4100","경기도","520260603","시·도의회의원선거","용인시제10선거구","100163222","이유진","국민의힘","1","선거공보","https://policy.nec.go.kr/plc/common/downloadFile.do?requestedFileName=20260603_%EC%9A%A9%EC%9D%B8%EC%8B%9C%EC%A0%9C10%EC%84%A0%EA%B1%B0%EA%B5%AC_%EC%9D%B4%EC%9C%A0%EC%A7%84_%EC%84%A0%EA%B1%B0%EA%B3%B5%EB%B3%B4.pdf&requestedFullPath=20260603/PDF/PBINFO/4137/003_100163222_20260525_1.pdf","20260603/PDF/PBINFO/4137/003_100163222_20260525_1.pdf","supplements/official_gap_recovery_2026/direct_nec_downloads/markdown/520260603-4100-용인시제10선거구-100163222-1-선거공보.md","https://github.com/treylom/opencrab-nec-2026-local-election-data/blob/main/supplements/official_gap_recovery_2026/direct_nec_downloads/markdown/520260603-4100-용인시제10선거구-100163222-1-선거공보.md","ok","pymupdf","ok","8","2854","1439819","pack_stale_currently_available_direct_nec_recovered"
"520260603-4100-고양시제7선거구-100163071-1-선거공보","candidate-doc:100163071:1","4100","경기도","520260603","시·도의회의원선거","고양시제7선거구","100163071","김해련","더불어민주당","1","선거공보","https://policy.nec.go.kr/plc/common/downloadFile.do?requestedFileName=20260603_%EA%B3%A0%EC%96%91%EC%8B%9C%EC%A0%9C7%EC%84%A0%EA%B1%B0%EA%B5%AC_%EA%B9%80%ED%95%B4%EB%A0%A8_%EC%84%A0%EA%B1%B0%EA%B3%B5%EB%B3%B4.pdf&requestedFullPath=20260603/PDF/PBINFO/4121/003_100163071_20260525_1.pdf","20260603/PDF/PBINFO/4121/003_100163071_20260525_1.pdf","supplements/official_gap_recovery_2026/direct_nec_downloads/markdown/520260603-4100-고양시제7선거구-100163071-1-선거공보.md","https://github.com/treylom/opencrab-nec-2026-local-election-data/blob/main/supplements/official_gap_recovery_2026/direct_nec_downloads/markdown/520260603-4100-고양시제7선거구-100163071-1-선거공보.md","ok","pymupdf","ok","8","4377","7181217","pack_stale_currently_available_direct_nec_recovered"
"520260603-4100-고양시제7선거구-100162965-1-선거공보","candidate-doc:100162965:1","4100","경기도","520260603","시·도의회의원선거","고양시제7선거구","100162965","이호배","국민의힘","1","선거공보","https://policy.nec.go.kr/plc/common/downloadFile.do?requestedFileName=20260603_%EA%B3%A0%EC%96%91%EC%8B%9C%EC%A0%9C7%EC%84%A0%EA%B1%B0%EA%B5%AC_%EC%9D%B4%ED%98%B8%EB%B0%B0_%EC%84%A0%EA%B1%B0%EA%B3%B5%EB%B3%B4.pdf&requestedFullPath=20260603/PDF/PBINFO/4121/003_100162965_20260525_1.pdf","20260603/PDF/PBINFO/4121/003_100162965_20260525_1.pdf","supplements/official_gap_recovery_2026/direct_nec_downloads/markdown/520260603-4100-고양시제7선거구-100162965-1-선거공보.md","https://github.com/treylom/opencrab-nec-2026-local-election-data/blob/main/supplements/official_gap_recovery_2026/direct_nec_downloads/markdown/520260603-4100-고양시제7선거구-100162965-1-선거공보.md","ok","pymupdf","suspiciously_short_text","7","99","960902","pack_stale_currently_available_direct_nec_recovered"
"520260603-4100-고양시제8선거구-100155438-1-선거공보","candidate-doc:100155438:1","4100","경기도","520260603","시·도의회의원선거","고양시제8선거구","100155438","이성한","더불어민주당","1","선거공보","https://policy.nec.go.kr/plc/common/downloadFile.do?requestedFileName=20260603_%EA%B3%A0%EC%96%91%EC%8B%9C%EC%A0%9C8%EC%84%A0%EA%B1%B0%EA%B5%AC_%EC%9D%B4%EC%84%B1%ED%95%9C_%EC%84%A0%EA%B1%B0%EA%B3%B5%EB%B3%B4.pdf&requestedFullPath=20260603/PDF/PBINFO/4121/003_100155438_20260525_1.pdf","20260603/PDF/PBINFO/4121/003_100155438_20260525_1.pdf","supplements/official_gap_recovery_2026/direct_nec_downloads/markdown/520260603-4100-고양시제8선거구-100155438-1-선거공보.md","https://github.com/treylom/opencrab-nec-2026-local-election-data/blob/main/supplements/official_gap_recovery_2026/direct_nec_downloads/markdown/520260603-4100-고양시제8선거구-100155438-1-선거공보.md","ok","pymupdf","ok","8","1804","2024750","pack_stale_currently_available_direct_nec_recovered"
"520260603-4100-고양시제9선거구-100156534-1-선거공보","candidate-doc:100156534:1","4100","경기도","520260603","시·도의회의원선거","고양시제9선거구","100156534","이기대","더불어민주당","1","선거공보","https://policy.nec.go.kr/plc/common/downloadFile.do?requestedFileName=20260603_%EA%B3%A0%EC%96%91%EC%8B%9C%EC%A0%9C9%EC%84%A0%EA%B1%B0%EA%B5%AC_%EC%9D%B4%EA%B8%B0%EB%8C%80_%EC%84%A0%EA%B1%B0%EA%B3%B5%EB%B3%B4.pdf&requestedFullPath=20260603/PDF/PBINFO/4121/003_100156534_20260525_1.pdf","20260603/PDF/PBINFO/4121/003_100156534_20260525_1.pdf","supplements/official_gap_recovery_2026/direct_nec_downloads/markdown/520260603-4100-고양시제9선거구-100156534-1-선거공보.md","https://github.com/treylom/opencrab-nec-2026-local-election-data/blob/main/supplements/official_gap_recovery_2026/direct_nec_downloads/markdown/520260603-4100-고양시제9선거구-100156534-1-선거공보.md","ok","pymupdf","ok","8","3971","6035523","pack_stale_currently_available_direct_nec_recovered"
"520260603-4100-고양시제9선거구-100161587-1-선거공보","candidate-doc:100161587:1","4100","경기도","520260603","시·도의회의원선거","고양시제9선거구","100161587","김수환","국민의힘","1","선거공보","https://policy.nec.go.kr/plc/common/downloadFile.do?requestedFileName=20260603_%EA%B3%A0%EC%96%91%EC%8B%9C%EC%A0%9C9%EC%84%A0%EA%B1%B0%EA%B5%AC_%EA%B9%80%EC%88%98%ED%99%98_%EC%84%A0%EA%B1%B0%EA%B3%B5%EB%B3%B4.pdf&requestedFullPath=20260603/PDF/PBINFO/4121/003_100161587_20260525_1.pdf","20260603/PDF/PBINFO/4121/003_100161587_20260525_1.pdf","supplements/official_gap_recovery_2026/direct_nec_downloads/markdown/520260603-4100-고양시제9선거구-100161587-1-선거공보.md","https://github.com/treylom/opencrab-nec-2026-local-election-data/blob/main/supplements/official_gap_recovery_2026/direct_nec_downloads/markdown/520260603-4100-고양시제9선거구-100161587-1-선거공보.md","ok","pymupdf","ok","4","3990","3540625","pack_stale_currently_available_direct_nec_recovered"
"520260603-4100-성남시제3선거구-100158213-1-선거공보","candidate-doc:100158213:1","4100","경기도","520260603","시·도의회의원선거","성남시제3선거구","100158213","모성민","국민의힘","1","선거공보","https://policy.nec.go.kr/plc/common/downloadFile.do?requestedFileName=20260603_%EC%84%B1%EB%82%A8%EC%8B%9C%EC%A0%9C3%EC%84%A0%EA%B1%B0%EA%B5%AC_%EB%AA%A8%EC%84%B1%EB%AF%BC_%EC%84%A0%EA%B1%B0%EA%B3%B5%EB%B3%B4.pdf&requestedFullPath=20260603/PDF/PBINFO/4106/003_100158213_20260525_2.pdf","20260603/PDF/PBINFO/4106/003_100158213_20260525_2.pdf","supplements/official_gap_recovery_2026/direct_nec_downloads/markdown/520260603-4100-성남시제3선거구-100158213-1-선거공보.md","https://github.com/treylom/opencrab-nec-2026-local-election-data/blob/main/supplements/official_gap_recovery_2026/direct_nec_downloads/markdown/520260603-4100-성남시제3선거구-100158213-1-선거공보.md","ok","pymupdf","suspiciously_short_text","8","114","7036819","pack_stale_currently_available_direct_nec_recovered"
"520260603-4100-평택시제1선거구-100161462-1-선거공보","candidate-doc:100161462:1","4100","경기도","520260603","시·도의회의원선거","평택시제1선거구","100161462","김상곤","국민의힘","1","선거공보","https://policy.nec.go.kr/plc/common/downloadFile.do?requestedFileName=20260603_%ED%8F%89%ED%83%9D%EC%8B%9C%EC%A0%9C1%EC%84%A0%EA%B1%B0%EA%B5%AC_%EA%B9%80%EC%83%81%EA%B3%A4_%EC%84%A0%EA%B1%B0%EA%B3%B5%EB%B3%B4.pdf&requestedFullPath=20260603/PDF/PBINFO/4115/003_100161462_20260525_1.pdf","20260603/PDF/PBINFO/4115/003_100161462_20260525_1.pdf","supplements/official_gap_recovery_2026/direct_nec_downloads/markdown/520260603-4100-평택시제1선거구-100161462-1-선거공보.md","https://github.com/treylom/opencrab-nec-2026-local-election-data/blob/main/supplements/official_gap_recovery_2026/direct_nec_downloads/markdown/520260603-4100-평택시제1선거구-100161462-1-선거공보.md","ok","pymupdf","suspiciously_short_text","2","24","16179574","pack_stale_currently_available_direct_nec_recovered"
"520260603-4100-평택시제2선거구-100157708-1-선거공보","candidate-doc:100157708:1","4100","경기도","520260603","시·도의회의원선거","평택시제2선거구","100157708","백정일","국민의힘","1","선거공보","https://policy.nec.go.kr/plc/common/downloadFile.do?requestedFileName=20260603_%ED%8F%89%ED%83%9D%EC%8B%9C%EC%A0%9C2%EC%84%A0%EA%B1%B0%EA%B5%AC_%EB%B0%B1%EC%A0%95%EC%9D%BC_%EC%84%A0%EA%B1%B0%EA%B3%B5%EB%B3%B4.pdf&requestedFullPath=20260603/PDF/PBINFO/4115/003_100157708_20260524_1.pdf","20260603/PDF/PBINFO/4115/003_100157708_20260524_1.pdf","supplements/official_gap_recovery_2026/direct_nec_downloads/markdown/520260603-4100-평택시제2선거구-100157708-1-선거공보.md","https://github.com/treylom/opencrab-nec-2026-local-election-data/blob/main/supplements/official_gap_recovery_2026/direct_nec_downloads/markdown/520260603-4100-평택시제2선거구-100157708-1-선거공보.md","ok","pymupdf","ok","5","5696","4332323","pack_stale_currently_available_direct_nec_recovered"
"520260603-4100-안양시제1선거구-100161600-1-선거공보","candidate-doc:100161600:1","4100","경기도","520260603","시·도의회의원선거","안양시제1선거구","100161600","김성수","더불어민주당","1","선거공보","https://policy.nec.go.kr/plc/common/downloadFile.do?requestedFileName=20260603_%EC%95%88%EC%96%91%EC%8B%9C%EC%A0%9C1%EC%84%A0%EA%B1%B0%EA%B5%AC_%EA%B9%80%EC%84%B1%EC%88%98_%EC%84%A0%EA%B1%B0%EA%B3%B5%EB%B3%B4.pdf&requestedFullPath=20260603/PDF/PBINFO/4109/003_100161600_20260525_2.pdf","20260603/PDF/PBINFO/4109/003_100161600_20260525_2.pdf","supplements/official_gap_recovery_2026/direct_nec_downloads/markdown/520260603-4100-안양시제1선거구-100161600-1-선거공보.md","https://github.com/treylom/opencrab-nec-2026-local-election-data/blob/main/supplements/official_gap_recovery_2026/direct_nec_downloads/markdown/520260603-4100-안양시제1선거구-100161600-1-선거공보.md","ok","pymupdf","ok","8","4512","2043889","pack_stale_currently_available_direct_nec_recovered"
"520260603-4100-안양시제1선거구-100161661-1-선거공보","candidate-doc:100161661:1","4100","경기도","520260603","시·도의회의원선거","안양시제1선거구","100161661","정완기","국민의힘","1","선거공보","https://policy.nec.go.kr/plc/common/downloadFile.do?requestedFileName=20260603_%EC%95%88%EC%96%91%EC%8B%9C%EC%A0%9C1%EC%84%A0%EA%B1%B0%EA%B5%AC_%EC%A0%95%EC%99%84%EA%B8%B0_%EC%84%A0%EA%B1%B0%EA%B3%B5%EB%B3%B4.pdf&requestedFullPath=20260603/PDF/PBINFO/4109/003_100161661_20260523_1.pdf","20260603/PDF/PBINFO/4109/003_100161661_20260523_1.pdf","supplements/official_gap_recovery_2026/direct_nec_downloads/markdown/520260603-4100-안양시제1선거구-100161661-1-선거공보.md","https://github.com/treylom/opencrab-nec-2026-local-election-data/blob/main/supplements/official_gap_recovery_2026/direct_nec_downloads/markdown/520260603-4100-안양시제1선거구-100161661-1-선거공보.md","ok","pymupdf","ok","8","4816","14869177","pack_stale_currently_available_direct_nec_recovered"
"520260603-4100-안양시제2선거구-100157073-1-선거공보","candidate-doc:100157073:1","4100","경기도","520260603","시·도의회의원선거","안양시제2선거구","100157073","최경순","더불어민주당","1","선거공보","https://policy.nec.go.kr/plc/common/downloadFile.do?requestedFileName=20260603_%EC%95%88%EC%96%91%EC%8B%9C%EC%A0%9C2%EC%84%A0%EA%B1%B0%EA%B5%AC_%EC%B5%9C%EA%B2%BD%EC%88%9C_%EC%84%A0%EA%B1%B0%EA%B3%B5%EB%B3%B4.pdf&requestedFullPath=20260603/PDF/PBINFO/4109/003_100157073_20260523_1.pdf","20260603/PDF/PBINFO/4109/003_100157073_20260523_1.pdf","supplements/official_gap_recovery_2026/direct_nec_downloads/markdown/520260603-4100-안양시제2선거구-100157073-1-선거공보.md","https://github.com/treylom/opencrab-nec-2026-local-election-data/blob/main/supplements/official_gap_recovery_2026/direct_nec_downloads/markdown/520260603-4100-안양시제2선거구-100157073-1-선거공보.md","ok","pymupdf","ok","8","3458","20552238","pack_stale_currently_available_direct_nec_recovered"
"520260603-4100-안양시제2선거구-100154977-1-선거공보","candidate-doc:100154977:1","4100","경기도","520260603","시·도의회의원선거","안양시제2선거구","100154977","정영근","국민의힘","1","선거공보","https://policy.nec.go.kr/plc/common/downloadFile.do?requestedFileName=20260603_%EC%95%88%EC%96%91%EC%8B%9C%EC%A0%9C2%EC%84%A0%EA%B1%B0%EA%B5%AC_%EC%A0%95%EC%98%81%EA%B7%BC_%EC%84%A0%EA%B1%B0%EA%B3%B5%EB%B3%B4.pdf&requestedFullPath=20260603/PDF/PBINFO/4109/003_100154977_20260523_1.pdf","20260603/PDF/PBINFO/4109/003_100154977_20260523_1.pdf","supplements/official_gap_recovery_2026/direct_nec_downloads/markdown/520260603-4100-안양시제2선거구-100154977-1-선거공보.md","https://github.com/treylom/opencrab-nec-2026-local-election-data/blob/main/supplements/official_gap_recovery_2026/direct_nec_downloads/markdown/520260603-4100-안양시제2선거구-100154977-1-선거공보.md","ok","pymupdf","suspiciously_short_text","8","114","3803455","pack_stale_currently_available_direct_nec_recovered"
"520260603-4100-의왕시제1선거구-100156889-1-선거공보","candidate-doc:100156889:1","4100","경기도","520260603","시·도의회의원선거","의왕시제1선거구","100156889","박근철","더불어민주당","1","선거공보","https://policy.nec.go.kr/plc/common/downloadFile.do?requestedFileName=20260603_%EC%9D%98%EC%99%95%EC%8B%9C%EC%A0%9C1%EC%84%A0%EA%B1%B0%EA%B5%AC_%EB%B0%95%EA%B7%BC%EC%B2%A0_%EC%84%A0%EA%B1%B0%EA%B3%B5%EB%B3%B4.pdf&requestedFullPath=20260603/PDF/PBINFO/4124/003_100156889_20260521_1.pdf","20260603/PDF/PBINFO/4124/003_100156889_20260521_1.pdf","supplements/official_gap_recovery_2026/direct_nec_downloads/markdown/520260603-4100-의왕시제1선거구-100156889-1-선거공보.md","https://github.com/treylom/opencrab-nec-2026-local-election-data/blob/main/supplements/official_gap_recovery_2026/direct_nec_downloads/markdown/520260603-4100-의왕시제1선거구-100156889-1-선거공보.md","ok","pymupdf","ok","8","6104","11799833","pack_stale_currently_available_direct_nec_recovered"
"520260603-4100-의왕시제1선거구-100161229-1-선거공보","candidate-doc:100161229:1","4100","경기도","520260603","시·도의회의원선거","의왕시제1선거구","100161229","김영기","국민의힘","1","선거공보","https://policy.nec.go.kr/plc/common/downloadFile.do?requestedFileName=20260603_%EC%9D%98%EC%99%95%EC%8B%9C%EC%A0%9C1%EC%84%A0%EA%B1%B0%EA%B5%AC_%EA%B9%80%EC%98%81%EA%B8%B0_%EC%84%A0%EA%B1%B0%EA%B3%B5%EB%B3%B4.pdf&requestedFullPath=20260603/PDF/PBINFO/4124/003_100161229_20260521_1.pdf","20260603/PDF/PBINFO/4124/003_100161229_20260521_1.pdf","supplements/official_gap_recovery_2026/direct_nec_downloads/markdown/520260603-4100-의왕시제1선거구-100161229-1-선거공보.md","https://github.com/treylom/opencrab-nec-2026-local-election-data/blob/main/supplements/official_gap_recovery_2026/direct_nec_downloads/markdown/520260603-4100-의왕시제1선거구-100161229-1-선거공보.md","ok","pymupdf","ok","8","4204","8057793","pack_stale_currently_available_direct_nec_recovered"
"520260603-4100-의왕시제2선거구-100154941-1-선거공보","candidate-doc:100154941:1","4100","경기도","520260603","시·도의회의원선거","의왕시제2선거구","100154941","장태환","더불어민주당","1","선거공보","https://policy.nec.go.kr/plc/common/downloadFile.do?requestedFileName=20260603_%EC%9D%98%EC%99%95%EC%8B%9C%EC%A0%9C2%EC%84%A0%EA%B1%B0%EA%B5%AC_%EC%9E%A5%ED%83%9C%ED%99%98_%EC%84%A0%EA%B1%B0%EA%B3%B5%EB%B3%B4.pdf&requestedFullPath=20260603/PDF/PBINFO/4124/003_100154941_20260522_1.pdf","20260603/PDF/PBINFO/4124/003_100154941_20260522_1.pdf","supplements/official_gap_recovery_2026/direct_nec_downloads/markdown/520260603-4100-의왕시제2선거구-100154941-1-선거공보.md","https://github.com/treylom/opencrab-nec-2026-local-election-data/blob/main/supplements/official_gap_recovery_2026/direct_nec_downloads/markdown/520260603-4100-의왕시제2선거구-100154941-1-선거공보.md","ok","pymupdf","ok","8","3915","1122981","pack_stale_currently_available_direct_nec_recovered"
"520260603-4100-의왕시제2선거구-100160804-1-선거공보","candidate-doc:100160804:1","4100","경기도","520260603","시·도의회의원선거","의왕시제2선거구","100160804","김학기","국민의힘","1","선거공보","https://policy.nec.go.kr/plc/common/downloadFile.do?requestedFileName=20260603_%EC%9D%98%EC%99%95%EC%8B%9C%EC%A0%9C2%EC%84%A0%EA%B1%B0%EA%B5%AC_%EA%B9%80%ED%95%99%EA%B8%B0_%EC%84%A0%EA%B1%B0%EA%B3%B5%EB%B3%B4.pdf&requestedFullPath=20260603/PDF/PBINFO/4124/003_100160804_20260521_1.pdf","20260603/PDF/PBINFO/4124/003_100160804_20260521_1.pdf","supplements/official_gap_recovery_2026/direct_nec_downloads/markdown/520260603-4100-의왕시제2선거구-100160804-1-선거공보.md","https://github.com/treylom/opencrab-nec-2026-local-election-data/blob/main/supplements/official_gap_recovery_2026/direct_nec_downloads/markdown/520260603-4100-의왕시제2선거구-100160804-1-선거공보.md","ok","pymupdf","ok","8","3101","9085950","pack_stale_currently_available_direct_nec_recovered"
"520260603-5200-춘천시제1선거구-100155097-1-선거공보","candidate-doc:100155097:1","5200","강원특별자치도","520260603","시·도의회의원선거","춘천시제1선거구","100155097","윤지영","더불어민주당","1","선거공보","https://policy.nec.go.kr/plc/common/downloadFile.do?requestedFileName=20260603_%EC%B6%98%EC%B2%9C%EC%8B%9C%EC%A0%9C1%EC%84%A0%EA%B1%B0%EA%B5%AC_%EC%9C%A4%EC%A7%80%EC%98%81_%EC%84%A0%EA%B1%B0%EA%B3%B5%EB%B3%B4.pdf&requestedFullPath=20260603/PDF/PBINFO/5201/003_100155097_20260524_1.pdf","20260603/PDF/PBINFO/5201/003_100155097_20260524_1.pdf","supplements/official_gap_recovery_2026/direct_nec_downloads/markdown/520260603-5200-춘천시제1선거구-100155097-1-선거공보.md","https://github.com/treylom/opencrab-nec-2026-local-election-data/blob/main/supplements/official_gap_recovery_2026/direct_nec_downloads/markdown/520260603-5200-춘천시제1선거구-100155097-1-선거공보.md","ok","pymupdf","suspiciously_short_text","8","114","12483795","pack_stale_currently_available_direct_nec_recovered"
"520260603-5200-춘천시제1선거구-100163296-1-선거공보","candidate-doc:100163296:1","5200","강원특별자치도","520260603","시·도의회의원선거","춘천시제1선거구","100163296","한중일","국민의힘","1","선거공보","https://policy.nec.go.kr/plc/common/downloadFile.do?requestedFileName=20260603_%EC%B6%98%EC%B2%9C%EC%8B%9C%EC%A0%9C1%EC%84%A0%EA%B1%B0%EA%B5%AC_%ED%95%9C%EC%A4%91%EC%9D%BC_%EC%84%A0%EA%B1%B0%EA%B3%B5%EB%B3%B4.pdf&requestedFullPath=20260603/PDF/PBINFO/5201/003_100163296_20260524_1.pdf","20260603/PDF/PBINFO/5201/003_100163296_20260524_1.pdf","supplements/official_gap_recovery_2026/direct_nec_downloads/markdown/520260603-5200-춘천시제1선거구-100163296-1-선거공보.md","https://github.com/treylom/opencrab-nec-2026-local-election-data/blob/main/supplements/official_gap_recovery_2026/direct_nec_downloads/markdown/520260603-5200-춘천시제1선거구-100163296-1-선거공보.md","ok","pymupdf","suspiciously_short_text","8","114","2784785","pack_stale_currently_available_direct_nec_recovered"
"520260603-5200-춘천시제2선거구-100153841-1-선거공보","candidate-doc:100153841:1","5200","강원특별자치도","520260603","시·도의회의원선거","춘천시제2선거구","100153841","김희철","국민의힘","1","선거공보","https://policy.nec.go.kr/plc/common/downloadFile.do?requestedFileName=20260603_%EC%B6%98%EC%B2%9C%EC%8B%9C%EC%A0%9C2%EC%84%A0%EA%B1%B0%EA%B5%AC_%EA%B9%80%ED%9D%AC%EC%B2%A0_%EC%84%A0%EA%B1%B0%EA%B3%B5%EB%B3%B4.pdf&requestedFullPath=20260603/PDF/PBINFO/5201/003_100153841_20260522_1.pdf","20260603/PDF/PBINFO/5201/003_100153841_20260522_1.pdf","supplements/official_gap_recovery_2026/direct_nec_downloads/markdown/520260603-5200-춘천시제2선거구-100153841-1-선거공보.md","https://github.com/treylom/opencrab-nec-2026-local-election-data/blob/main/supplements/official_gap_recovery_2026/direct_nec_downloads/markdown/520260603-5200-춘천시제2선거구-100153841-1-선거공보.md","ok","pymupdf","ok","8","4876","11487393","pack_stale_currently_available_direct_nec_recovered"
"520260603-5200-홍천군제1선거구-100154032-1-선거공보","candidate-doc:100154032:1","5200","강원특별자치도","520260603","시·도의회의원선거","홍천군제1선거구","100154032","권재혁","더불어민주당","1","선거공보","https://policy.nec.go.kr/plc/common/downloadFile.do?requestedFileName=20260603_%ED%99%8D%EC%B2%9C%EA%B5%B0%EC%A0%9C1%EC%84%A0%EA%B1%B0%EA%B5%AC_%EA%B6%8C%EC%9E%AC%ED%98%81_%EC%84%A0%EA%B1%B0%EA%B3%B5%EB%B3%B4.pdf&requestedFullPath=20260603/PDF/PBINFO/5212/003_100154032_20260523_1.pdf","20260603/PDF/PBINFO/5212/003_100154032_20260523_1.pdf","supplements/official_gap_recovery_2026/direct_nec_downloads/markdown/520260603-5200-홍천군제1선거구-100154032-1-선거공보.md","https://github.com/treylom/opencrab-nec-2026-local-election-data/blob/main/supplements/official_gap_recovery_2026/direct_nec_downloads/markdown/520260603-5200-홍천군제1선거구-100154032-1-선거공보.md","ok","pymupdf","ok","8","4073","4180785","pack_stale_currently_available_direct_nec_recovered"
"520260603-5200-철원군제2선거구-100157279-1-선거공보","candidate-doc:100157279:1","5200","강원특별자치도","520260603","시·도의회의원선거","철원군제2선거구","100157279","김호진","더불어민주당","1","선거공보","https://policy.nec.go.kr/plc/common/downloadFile.do?requestedFileName=20260603_%EC%B2%A0%EC%9B%90%EA%B5%B0%EC%A0%9C2%EC%84%A0%EA%B1%B0%EA%B5%AC_%EA%B9%80%ED%98%B8%EC%A7%84_%EC%84%A0%EA%B1%B0%EA%B3%B5%EB%B3%B4.pdf&requestedFullPath=20260603/PDF/PBINFO/5218/003_100157279_20260521_1.pdf","20260603/PDF/PBINFO/5218/003_100157279_20260521_1.pdf","supplements/official_gap_recovery_2026/direct_nec_downloads/markdown/520260603-5200-철원군제2선거구-100157279-1-선거공보.md","https://github.com/treylom/opencrab-nec-2026-local-election-data/blob/main/supplements/official_gap_recovery_2026/direct_nec_downloads/markdown/520260603-5200-철원군제2선거구-100157279-1-선거공보.md","ok","pymupdf","ok","8","2523","19696461","pack_stale_currently_available_direct_nec_recovered"
"520260603-5200-철원군제2선거구-100154101-1-선거공보","candidate-doc:100154101:1","5200","강원특별자치도","520260603","시·도의회의원선거","철원군제2선거구","100154101","엄기성","국민의힘","1","선거공보","https://policy.nec.go.kr/plc/common/downloadFile.do?requestedFileName=20260603_%EC%B2%A0%EC%9B%90%EA%B5%B0%EC%A0%9C2%EC%84%A0%EA%B1%B0%EA%B5%AC_%EC%97%84%EA%B8%B0%EC%84%B1_%EC%84%A0%EA%B1%B0%EA%B3%B5%EB%B3%B4.pdf&requestedFullPath=20260603/PDF/PBINFO/5218/003_100154101_20260521_1.pdf","20260603/PDF/PBINFO/5218/003_100154101_20260521_1.pdf","supplements/official_gap_recovery_2026/direct_nec_downloads/markdown/520260603-5200-철원군제2선거구-100154101-1-선거공보.md","https://github.com/treylom/opencrab-nec-2026-local-election-data/blob/main/supplements/official_gap_recovery_2026/direct_nec_downloads/markdown/520260603-5200-철원군제2선거구-100154101-1-선거공보.md","ok","pymupdf","ok","8","3363","1984360","pack_stale_currently_available_direct_nec_recovered"
"520260603-5200-양양군선거구-100162787-1-선거공보","candidate-doc:100162787:1","5200","강원특별자치도","520260603","시·도의회의원선거","양양군선거구","100162787","김동진","더불어민주당","1","선거공보","https://policy.nec.go.kr/plc/common/downloadFile.do?requestedFileName=20260603_%EC%96%91%EC%96%91%EA%B5%B0%EC%84%A0%EA%B1%B0%EA%B5%AC_%EA%B9%80%EB%8F%99%EC%A7%84_%EC%84%A0%EA%B1%B0%EA%B3%B5%EB%B3%B4.pdf&requestedFullPath=20260603/PDF/PBINFO/5210/003_100162787_20260521_1.pdf","20260603/PDF/PBINFO/5210/003_100162787_20260521_1.pdf","supplements/official_gap_recovery_2026/direct_nec_downloads/markdown/520260603-5200-양양군선거구-100162787-1-선거공보.md","https://github.com/treylom/opencrab-nec-2026-local-election-data/blob/main/supplements/official_gap_recovery_2026/direct_nec_downloads/markdown/520260603-5200-양양군선거구-100162787-1-선거공보.md","ok","pymupdf","ok","8","3714","7817992","pack_stale_currently_available_direct_nec_recovered"
"520260603-5200-양양군선거구-100162226-1-선거공보","candidate-doc:100162226:1","5200","강원특별자치도","520260603","시·도의회의원선거","양양군선거구","100162226","이종석","국민의힘","1","선거공보","https://policy.nec.go.kr/plc/common/downloadFile.do?requestedFileName=20260603_%EC%96%91%EC%96%91%EA%B5%B0%EC%84%A0%EA%B1%B0%EA%B5%AC_%EC%9D%B4%EC%A2%85%EC%84%9D_%EC%84%A0%EA%B1%B0%EA%B3%B5%EB%B3%B4.pdf&requestedFullPath=20260603/PDF/PBINFO/5210/003_100162226_20260521_1.pdf","20260603/PDF/PBINFO/5210/003_100162226_20260521_1.pdf","supplements/official_gap_recovery_2026/direct_nec_downloads/markdown/520260603-5200-양양군선거구-100162226-1-선거공보.md","https://github.com/treylom/opencrab-nec-2026-local-election-data/blob/main/supplements/official_gap_recovery_2026/direct_nec_downloads/markdown/520260603-5200-양양군선거구-100162226-1-선거공보.md","ok","pymupdf","ok","8","5327","4266286","pack_stale_currently_available_direct_nec_recovered"
"520260603-5200-양양군선거구-100155591-1-선거공보","candidate-doc:100155591:1","5200","강원특별자치도","520260603","시·도의회의원선거","양양군선거구","100155591","김영근","무소속","1","선거공보","https://policy.nec.go.kr/plc/common/downloadFile.do?requestedFileName=20260603_%EC%96%91%EC%96%91%EA%B5%B0%EC%84%A0%EA%B1%B0%EA%B5%AC_%EA%B9%80%EC%98%81%EA%B7%BC_%EC%84%A0%EA%B1%B0%EA%B3%B5%EB%B3%B4.pdf&requestedFullPath=20260603/PDF/PBINFO/5210/003_100155591_20260521_1.pdf","20260603/PDF/PBINFO/5210/003_100155591_20260521_1.pdf","supplements/official_gap_recovery_2026/direct_nec_downloads/markdown/520260603-5200-양양군선거구-100155591-1-선거공보.md","https://github.com/treylom/opencrab-nec-2026-local-election-data/blob/main/supplements/official_gap_recovery_2026/direct_nec_downloads/markdown/520260603-5200-양양군선거구-100155591-1-선거공보.md","ok","pymupdf","ok","2","1270","1569590","pack_stale_currently_available_direct_nec_recovered"
"520260603-5300-전주시제3선거구-100164396-1-선거공보","candidate-doc:100164396:1","5300","전북특별자치도","520260603","시·도의회의원선거","전주시제3선거구","100164396","정종복","더불어민주당","1","선거공보","https://policy.nec.go.kr/plc/common/downloadFile.do?requestedFileName=20260603_%EC%A0%84%EC%A3%BC%EC%8B%9C%EC%A0%9C3%EC%84%A0%EA%B1%B0%EA%B5%AC_%EC%A0%95%EC%A2%85%EB%B3%B5_%EC%84%A0%EA%B1%B0%EA%B3%B5%EB%B3%B4.pdf&requestedFullPath=20260603/PDF/PBINFO/5301/003_100164396_20260525_1.pdf","20260603/PDF/PBINFO/5301/003_100164396_20260525_1.pdf","supplements/official_gap_recovery_2026/direct_nec_downloads/markdown/520260603-5300-전주시제3선거구-100164396-1-선거공보.md","https://github.com/treylom/opencrab-nec-2026-local-election-data/blob/main/supplements/official_gap_recovery_2026/direct_nec_downloads/markdown/520260603-5300-전주시제3선거구-100164396-1-선거공보.md","ok","pymupdf","suspiciously_short_text","8","114","1172339","pack_stale_currently_available_direct_nec_recovered"
"520260603-5300-전주시제7선거구-100157496-1-선거공보","candidate-doc:100157496:1","5300","전북특별자치도","520260603","시·도의회의원선거","전주시제7선거구","100157496","박형배","더불어민주당","1","선거공보","https://policy.nec.go.kr/plc/common/downloadFile.do?requestedFileName=20260603_%EC%A0%84%EC%A3%BC%EC%8B%9C%EC%A0%9C7%EC%84%A0%EA%B1%B0%EA%B5%AC_%EB%B0%95%ED%98%95%EB%B0%B0_%EC%84%A0%EA%B1%B0%EA%B3%B5%EB%B3%B4.pdf&requestedFullPath=20260603/PDF/PBINFO/5301/003_100157496_20260525_1.pdf","20260603/PDF/PBINFO/5301/003_100157496_20260525_1.pdf","supplements/official_gap_recovery_2026/direct_nec_downloads/markdown/520260603-5300-전주시제7선거구-100157496-1-선거공보.md","https://github.com/treylom/opencrab-nec-2026-local-election-data/blob/main/supplements/official_gap_recovery_2026/direct_nec_downloads/markdown/520260603-5300-전주시제7선거구-100157496-1-선거공보.md","ok","pymupdf","ok","8","1038","6100133","pack_stale_currently_available_direct_nec_recovered"
"520260603-5300-전주시제7선거구-100164409-1-선거공보","candidate-doc:100164409:1","5300","전북특별자치도","520260603","시·도의회의원선거","전주시제7선거구","100164409","이수진","무소속","1","선거공보","https://policy.nec.go.kr/plc/common/downloadFile.do?requestedFileName=20260603_%EC%A0%84%EC%A3%BC%EC%8B%9C%EC%A0%9C7%EC%84%A0%EA%B1%B0%EA%B5%AC_%EC%9D%B4%EC%88%98%EC%A7%84_%EC%84%A0%EA%B1%B0%EA%B3%B5%EB%B3%B4.pdf&requestedFullPath=20260603/PDF/PBINFO/5301/003_100164409_20260525_1.pdf","20260603/PDF/PBINFO/5301/003_100164409_20260525_1.pdf","supplements/official_gap_recovery_2026/direct_nec_downloads/markdown/520260603-5300-전주시제7선거구-100164409-1-선거공보.md","https://github.com/treylom/opencrab-nec-2026-local-election-data/blob/main/supplements/official_gap_recovery_2026/direct_nec_downloads/markdown/520260603-5300-전주시제7선거구-100164409-1-선거공보.md","ok","pymupdf","suspiciously_short_text","8","114","6408191","pack_stale_currently_available_direct_nec_recovered"
"620260603-4100-수원시바선거구-100156706-1-선거공보","candidate-doc:100156706:1","4100","경기도","620260603","구·시·군의회의원선거","수원시바선거구","100156706","조인희","더불어민주당","1","선거공보","https://policy.nec.go.kr/plc/common/downloadFile.do?requestedFileName=20260603_%EC%88%98%EC%9B%90%EC%8B%9C%EB%B0%94%EC%84%A0%EA%B1%B0%EA%B5%AC_%EC%A1%B0%EC%9D%B8%ED%9D%AC_%EC%84%A0%EA%B1%B0%EA%B3%B5%EB%B3%B4.pdf&requestedFullPath=20260603/PDF/PBINFO/4103/003_100156706_20260525_1.pdf","20260603/PDF/PBINFO/4103/003_100156706_20260525_1.pdf","supplements/official_gap_recovery_2026/direct_nec_downloads/markdown/620260603-4100-수원시바선거구-100156706-1-선거공보.md","https://github.com/treylom/opencrab-nec-2026-local-election-data/blob/main/supplements/official_gap_recovery_2026/direct_nec_downloads/markdown/620260603-4100-수원시바선거구-100156706-1-선거공보.md","ok","pymupdf","ok","4","4124","2514778","pack_stale_currently_available_direct_nec_recovered"
"620260603-4100-수원시사선거구-100160842-1-선거공보","candidate-doc:100160842:1","4100","경기도","620260603","구·시·군의회의원선거","수원시사선거구","100160842","유준숙","국민의힘","1","선거공보","https://policy.nec.go.kr/plc/common/downloadFile.do?requestedFileName=20260603_%EC%88%98%EC%9B%90%EC%8B%9C%EC%82%AC%EC%84%A0%EA%B1%B0%EA%B5%AC_%EC%9C%A0%EC%A4%80%EC%88%99_%EC%84%A0%EA%B1%B0%EA%B3%B5%EB%B3%B4.pdf&requestedFullPath=20260603/PDF/PBINFO/4103/003_100160842_20260525_1.pdf","20260603/PDF/PBINFO/4103/003_100160842_20260525_1.pdf","supplements/official_gap_recovery_2026/direct_nec_downloads/markdown/620260603-4100-수원시사선거구-100160842-1-선거공보.md","https://github.com/treylom/opencrab-nec-2026-local-election-data/blob/main/supplements/official_gap_recovery_2026/direct_nec_downloads/markdown/620260603-4100-수원시사선거구-100160842-1-선거공보.md","ok","pymupdf","suspiciously_short_text","8","114","3994696","pack_stale_currently_available_direct_nec_recovered"
"620260603-4100-용인시라선거구-100155032-1-선거공보","candidate-doc:100155032:1","4100","경기도","620260603","구·시·군의회의원선거","용인시라선거구","100155032","오수정","더불어민주당","1","선거공보","https://policy.nec.go.kr/plc/common/downloadFile.do?requestedFileName=20260603_%EC%9A%A9%EC%9D%B8%EC%8B%9C%EB%9D%BC%EC%84%A0%EA%B1%B0%EA%B5%AC_%EC%98%A4%EC%88%98%EC%A0%95_%EC%84%A0%EA%B1%B0%EA%B3%B5%EB%B3%B4.pdf&requestedFullPath=20260603/PDF/PBINFO/4137/003_100155032_20260525_2.pdf","20260603/PDF/PBINFO/4137/003_100155032_20260525_2.pdf","supplements/official_gap_recovery_2026/direct_nec_downloads/markdown/620260603-4100-용인시라선거구-100155032-1-선거공보.md","https://github.com/treylom/opencrab-nec-2026-local-election-data/blob/main/supplements/official_gap_recovery_2026/direct_nec_downloads/markdown/620260603-4100-용인시라선거구-100155032-1-선거공보.md","ok","pymupdf","suspiciously_short_text","8","114","2803984","pack_stale_currently_available_direct_nec_recovered"
"620260603-4100-용인시라선거구-100162689-1-선거공보","candidate-doc:100162689:1","4100","경기도","620260603","구·시·군의회의원선거","용인시라선거구","100162689","임현수","더불어민주당","1","선거공보","https://policy.nec.go.kr/plc/common/downloadFile.do?requestedFileName=20260603_%EC%9A%A9%EC%9D%B8%EC%8B%9C%EB%9D%BC%EC%84%A0%EA%B1%B0%EA%B5%AC_%EC%9E%84%ED%98%84%EC%88%98_%EC%84%A0%EA%B1%B0%EA%B3%B5%EB%B3%B4.pdf&requestedFullPath=20260603/PDF/PBINFO/4137/003_100162689_20260525_1.pdf","20260603/PDF/PBINFO/4137/003_100162689_20260525_1.pdf","supplements/official_gap_recovery_2026/direct_nec_downloads/markdown/620260603-4100-용인시라선거구-100162689-1-선거공보.md","https://github.com/treylom/opencrab-nec-2026-local-election-data/blob/main/supplements/official_gap_recovery_2026/direct_nec_downloads/markdown/620260603-4100-용인시라선거구-100162689-1-선거공보.md","ok","pymupdf","suspiciously_short_text","8","114","18934317","pack_stale_currently_available_direct_nec_recovered"
"620260603-4100-용인시라선거구-100163398-1-선거공보","candidate-doc:100163398:1","4100","경기도","620260603","구·시·군의회의원선거","용인시라선거구","100163398","김한울","국민의힘","1","선거공보","https://policy.nec.go.kr/plc/common/downloadFile.do?requestedFileName=20260603_%EC%9A%A9%EC%9D%B8%EC%8B%9C%EB%9D%BC%EC%84%A0%EA%B1%B0%EA%B5%AC_%EA%B9%80%ED%95%9C%EC%9A%B8_%EC%84%A0%EA%B1%B0%EA%B3%B5%EB%B3%B4.pdf&requestedFullPath=20260603/PDF/PBINFO/4137/003_100163398_20260524_1.pdf","20260603/PDF/PBINFO/4137/003_100163398_20260524_1.pdf","supplements/official_gap_recovery_2026/direct_nec_downloads/markdown/620260603-4100-용인시라선거구-100163398-1-선거공보.md","https://github.com/treylom/opencrab-nec-2026-local-election-data/blob/main/supplements/official_gap_recovery_2026/direct_nec_downloads/markdown/620260603-4100-용인시라선거구-100163398-1-선거공보.md","ok","pymupdf","ok","8","3719","2598745","pack_stale_currently_available_direct_nec_recovered"
"620260603-4100-용인시라선거구-100163610-1-선거공보","candidate-doc:100163610:1","4100","경기도","620260603","구·시·군의회의원선거","용인시라선거구","100163610","안치용","국민의힘","1","선거공보","https://policy.nec.go.kr/plc/common/downloadFile.do?requestedFileName=20260603_%EC%9A%A9%EC%9D%B8%EC%8B%9C%EB%9D%BC%EC%84%A0%EA%B1%B0%EA%B5%AC_%EC%95%88%EC%B9%98%EC%9A%A9_%EC%84%A0%EA%B1%B0%EA%B3%B5%EB%B3%B4.pdf&requestedFullPath=20260603/PDF/PBINFO/4137/003_100163610_20260524_1.pdf","20260603/PDF/PBINFO/4137/003_100163610_20260524_1.pdf","supplements/official_gap_recovery_2026/direct_nec_downloads/markdown/620260603-4100-용인시라선거구-100163610-1-선거공보.md","https://github.com/treylom/opencrab-nec-2026-local-election-data/blob/main/supplements/official_gap_recovery_2026/direct_nec_downloads/markdown/620260603-4100-용인시라선거구-100163610-1-선거공보.md","ok","pymupdf","ok","8","3210","7597473","pack_stale_currently_available_direct_nec_recovered"
"620260603-4100-용인시라선거구-100165687-1-선거공보","candidate-doc:100165687:1","4100","경기도","620260603","구·시·군의회의원선거","용인시라선거구","100165687","정성규","개혁신당","1","선거공보","https://policy.nec.go.kr/plc/common/downloadFile.do?requestedFileName=20260603_%EC%9A%A9%EC%9D%B8%EC%8B%9C%EB%9D%BC%EC%84%A0%EA%B1%B0%EA%B5%AC_%EC%A0%95%EC%84%B1%EA%B7%9C_%EC%84%A0%EA%B1%B0%EA%B3%B5%EB%B3%B4.pdf&requestedFullPath=20260603/PDF/PBINFO/4137/003_100165687_20260525_1.pdf","20260603/PDF/PBINFO/4137/003_100165687_20260525_1.pdf","supplements/official_gap_recovery_2026/direct_nec_downloads/markdown/620260603-4100-용인시라선거구-100165687-1-선거공보.md","https://github.com/treylom/opencrab-nec-2026-local-election-data/blob/main/supplements/official_gap_recovery_2026/direct_nec_downloads/markdown/620260603-4100-용인시라선거구-100165687-1-선거공보.md","ok","pymupdf","ok","8","673","1807255","pack_stale_currently_available_direct_nec_recovered"
"620260603-4100-용인시라선거구-100155268-1-선거공보","candidate-doc:100155268:1","4100","경기도","620260603","구·시·군의회의원선거","용인시라선거구","100155268","조병훈","진보당","1","선거공보","https://policy.nec.go.kr/plc/common/downloadFile.do?requestedFileName=20260603_%EC%9A%A9%EC%9D%B8%EC%8B%9C%EB%9D%BC%EC%84%A0%EA%B1%B0%EA%B5%AC_%EC%A1%B0%EB%B3%91%ED%9B%88_%EC%84%A0%EA%B1%B0%EA%B3%B5%EB%B3%B4.pdf&requestedFullPath=20260603/PDF/PBINFO/4137/003_100155268_20260524_1.pdf","20260603/PDF/PBINFO/4137/003_100155268_20260524_1.pdf","supplements/official_gap_recovery_2026/direct_nec_downloads/markdown/620260603-4100-용인시라선거구-100155268-1-선거공보.md","https://github.com/treylom/opencrab-nec-2026-local-election-data/blob/main/supplements/official_gap_recovery_2026/direct_nec_downloads/markdown/620260603-4100-용인시라선거구-100155268-1-선거공보.md","ok","pymupdf","ok","4","1854","2562834","pack_stale_currently_available_direct_nec_recovered"
"620260603-4100-용인시바선거구-100162876-1-선거공보","candidate-doc:100162876:1","4100","경기도","620260603","구·시·군의회의원선거","용인시바선거구","100162876","박희정","더불어민주당","1","선거공보","https://policy.nec.go.kr/plc/common/downloadFile.do?requestedFileName=20260603_%EC%9A%A9%EC%9D%B8%EC%8B%9C%EB%B0%94%EC%84%A0%EA%B1%B0%EA%B5%AC_%EB%B0%95%ED%9D%AC%EC%A0%95_%EC%84%A0%EA%B1%B0%EA%B3%B5%EB%B3%B4.pdf&requestedFullPath=20260603/PDF/PBINFO/4137/003_100162876_20260524_1.pdf","20260603/PDF/PBINFO/4137/003_100162876_20260524_1.pdf","supplements/official_gap_recovery_2026/direct_nec_downloads/markdown/620260603-4100-용인시바선거구-100162876-1-선거공보.md","https://github.com/treylom/opencrab-nec-2026-local-election-data/blob/main/supplements/official_gap_recovery_2026/direct_nec_downloads/markdown/620260603-4100-용인시바선거구-100162876-1-선거공보.md","ok","pymupdf","ok","8","756","11172865","pack_stale_currently_available_direct_nec_recovered"
"620260603-4100-용인시바선거구-100163615-1-선거공보","candidate-doc:100163615:1","4100","경기도","620260603","구·시·군의회의원선거","용인시바선거구","100163615","이민희","국민의힘","1","선거공보","https://policy.nec.go.kr/plc/common/downloadFile.do?requestedFileName=20260603_%EC%9A%A9%EC%9D%B8%EC%8B%9C%EB%B0%94%EC%84%A0%EA%B1%B0%EA%B5%AC_%EC%9D%B4%EB%AF%BC%ED%9D%AC_%EC%84%A0%EA%B1%B0%EA%B3%B5%EB%B3%B4.pdf&requestedFullPath=20260603/PDF/PBINFO/4137/003_100163615_20260524_1.pdf","20260603/PDF/PBINFO/4137/003_100163615_20260524_1.pdf","supplements/official_gap_recovery_2026/direct_nec_downloads/markdown/620260603-4100-용인시바선거구-100163615-1-선거공보.md","https://github.com/treylom/opencrab-nec-2026-local-election-data/blob/main/supplements/official_gap_recovery_2026/direct_nec_downloads/markdown/620260603-4100-용인시바선거구-100163615-1-선거공보.md","ok","pymupdf","ok","8","4004","6329162","pack_stale_currently_available_direct_nec_recovered"
"620260603-4100-용인시바선거구-100158249-1-선거공보","candidate-doc:100158249:1","4100","경기도","620260603","구·시·군의회의원선거","용인시바선거구","100158249","김교순","조국혁신당","1","선거공보","https://policy.nec.go.kr/plc/common/downloadFile.do?requestedFileName=20260603_%EC%9A%A9%EC%9D%B8%EC%8B%9C%EB%B0%94%EC%84%A0%EA%B1%B0%EA%B5%AC_%EA%B9%80%EA%B5%90%EC%88%9C_%EC%84%A0%EA%B1%B0%EA%B3%B5%EB%B3%B4.pdf&requestedFullPath=20260603/PDF/PBINFO/4137/003_100158249_20260525_1.pdf","20260603/PDF/PBINFO/4137/003_100158249_20260525_1.pdf","supplements/official_gap_recovery_2026/direct_nec_downloads/markdown/620260603-4100-용인시바선거구-100158249-1-선거공보.md","https://github.com/treylom/opencrab-nec-2026-local-election-data/blob/main/supplements/official_gap_recovery_2026/direct_nec_downloads/markdown/620260603-4100-용인시바선거구-100158249-1-선거공보.md","ok","pymupdf","suspiciously_short_text","8","114","1419564","pack_stale_currently_available_direct_nec_recovered"
"620260603-4100-용인시차선거구-100156660-1-선거공보","candidate-doc:100156660:1","4100","경기도","620260603","구·시·군의회의원선거","용인시차선거구","100156660","이주연","더불어민주당","1","선거공보","https://policy.nec.go.kr/plc/common/downloadFile.do?requestedFileName=20260603_%EC%9A%A9%EC%9D%B8%EC%8B%9C%EC%B0%A8%EC%84%A0%EA%B1%B0%EA%B5%AC_%EC%9D%B4%EC%A3%BC%EC%97%B0_%EC%84%A0%EA%B1%B0%EA%B3%B5%EB%B3%B4.pdf&requestedFullPath=20260603/PDF/PBINFO/4137/003_100156660_20260524_1.pdf","20260603/PDF/PBINFO/4137/003_100156660_20260524_1.pdf","supplements/official_gap_recovery_2026/direct_nec_downloads/markdown/620260603-4100-용인시차선거구-100156660-1-선거공보.md","https://github.com/treylom/opencrab-nec-2026-local-election-data/blob/main/supplements/official_gap_recovery_2026/direct_nec_downloads/markdown/620260603-4100-용인시차선거구-100156660-1-선거공보.md","ok","pymupdf","suspiciously_short_text","8","114","11754053","pack_stale_currently_available_direct_nec_recovered"
"620260603-4100-용인시차선거구-100163227-1-선거공보","candidate-doc:100163227:1","4100","경기도","620260603","구·시·군의회의원선거","용인시차선거구","100163227","신현녀","더불어민주당","1","선거공보","https://policy.nec.go.kr/plc/common/downloadFile.do?requestedFileName=20260603_%EC%9A%A9%EC%9D%B8%EC%8B%9C%EC%B0%A8%EC%84%A0%EA%B1%B0%EA%B5%AC_%EC%8B%A0%ED%98%84%EB%85%80_%EC%84%A0%EA%B1%B0%EA%B3%B5%EB%B3%B4.pdf&requestedFullPath=20260603/PDF/PBINFO/4137/003_100163227_20260525_1.pdf","20260603/PDF/PBINFO/4137/003_100163227_20260525_1.pdf","supplements/official_gap_recovery_2026/direct_nec_downloads/markdown/620260603-4100-용인시차선거구-100163227-1-선거공보.md","https://github.com/treylom/opencrab-nec-2026-local-election-data/blob/main/supplements/official_gap_recovery_2026/direct_nec_downloads/markdown/620260603-4100-용인시차선거구-100163227-1-선거공보.md","ok","pymupdf","suspiciously_short_text","8","114","4682112","pack_stale_currently_available_direct_nec_recovered"
"620260603-4100-용인시차선거구-100160858-1-선거공보","candidate-doc:100160858:1","4100","경기도","620260603","구·시·군의회의원선거","용인시차선거구","100160858","이제성","국민의힘","1","선거공보","https://policy.nec.go.kr/plc/common/downloadFile.do?requestedFileName=20260603_%EC%9A%A9%EC%9D%B8%EC%8B%9C%EC%B0%A8%EC%84%A0%EA%B1%B0%EA%B5%AC_%EC%9D%B4%EC%A0%9C%EC%84%B1_%EC%84%A0%EA%B1%B0%EA%B3%B5%EB%B3%B4.pdf&requestedFullPath=20260603/PDF/PBINFO/4137/003_100160858_20260525_1.pdf","20260603/PDF/PBINFO/4137/003_100160858_20260525_1.pdf","supplements/official_gap_recovery_2026/direct_nec_downloads/markdown/620260603-4100-용인시차선거구-100160858-1-선거공보.md","https://github.com/treylom/opencrab-nec-2026-local-election-data/blob/main/supplements/official_gap_recovery_2026/direct_nec_downloads/markdown/620260603-4100-용인시차선거구-100160858-1-선거공보.md","ok","pymupdf","suspiciously_short_text","8","114","5222634","pack_stale_currently_available_direct_nec_recovered"
"620260603-4100-용인시차선거구-100161335-1-선거공보","candidate-doc:100161335:1","4100","경기도","620260603","구·시·군의회의원선거","용인시차선거구","100161335","목영희","국민의힘","1","선거공보","https://policy.nec.go.kr/plc/common/downloadFile.do?requestedFileName=20260603_%EC%9A%A9%EC%9D%B8%EC%8B%9C%EC%B0%A8%EC%84%A0%EA%B1%B0%EA%B5%AC_%EB%AA%A9%EC%98%81%ED%9D%AC_%EC%84%A0%EA%B1%B0%EA%B3%B5%EB%B3%B4.pdf&requestedFullPath=20260603/PDF/PBINFO/4137/003_100161335_20260524_1.pdf","20260603/PDF/PBINFO/4137/003_100161335_20260524_1.pdf","supplements/official_gap_recovery_2026/direct_nec_downloads/markdown/620260603-4100-용인시차선거구-100161335-1-선거공보.md","https://github.com/treylom/opencrab-nec-2026-local-election-data/blob/main/supplements/official_gap_recovery_2026/direct_nec_downloads/markdown/620260603-4100-용인시차선거구-100161335-1-선거공보.md","ok","pymupdf","suspiciously_short_text","8","114","20300015","pack_stale_currently_available_direct_nec_recovered"
"620260603-4100-용인시차선거구-100154809-1-선거공보","candidate-doc:100154809:1","4100","경기도","620260603","구·시·군의회의원선거","용인시차선거구","100154809","이상만","자유와혁신","1","선거공보","https://policy.nec.go.kr/plc/common/downloadFile.do?requestedFileName=20260603_%EC%9A%A9%EC%9D%B8%EC%8B%9C%EC%B0%A8%EC%84%A0%EA%B1%B0%EA%B5%AC_%EC%9D%B4%EC%83%81%EB%A7%8C_%EC%84%A0%EA%B1%B0%EA%B3%B5%EB%B3%B4.pdf&requestedFullPath=20260603/PDF/PBINFO/4137/003_100154809_20260524_1.pdf","20260603/PDF/PBINFO/4137/003_100154809_20260524_1.pdf","supplements/official_gap_recovery_2026/direct_nec_downloads/markdown/620260603-4100-용인시차선거구-100154809-1-선거공보.md","https://github.com/treylom/opencrab-nec-2026-local-election-data/blob/main/supplements/official_gap_recovery_2026/direct_nec_downloads/markdown/620260603-4100-용인시차선거구-100154809-1-선거공보.md","ok","pymupdf","suspiciously_short_text","4","54","4382992","pack_stale_currently_available_direct_nec_recovered"
"620260603-4100-용인시카선거구-100165751-1-선거공보","candidate-doc:100165751:1","4100","경기도","620260603","구·시·군의회의원선거","용인시카선거구","100165751","이상욱","더불어민주당","1","선거공보","https://policy.nec.go.kr/plc/common/downloadFile.do?requestedFileName=20260603_%EC%9A%A9%EC%9D%B8%EC%8B%9C%EC%B9%B4%EC%84%A0%EA%B1%B0%EA%B5%AC_%EC%9D%B4%EC%83%81%EC%9A%B1_%EC%84%A0%EA%B1%B0%EA%B3%B5%EB%B3%B4.pdf&requestedFullPath=20260603/PDF/PBINFO/4137/003_100165751_20260524_1.pdf","20260603/PDF/PBINFO/4137/003_100165751_20260524_1.pdf","supplements/official_gap_recovery_2026/direct_nec_downloads/markdown/620260603-4100-용인시카선거구-100165751-1-선거공보.md","https://github.com/treylom/opencrab-nec-2026-local-election-data/blob/main/supplements/official_gap_recovery_2026/direct_nec_downloads/markdown/620260603-4100-용인시카선거구-100165751-1-선거공보.md","ok","pymupdf","ok","5","2870","5011681","pack_stale_currently_available_direct_nec_recovered"
"620260603-4100-용인시카선거구-100163631-1-선거공보","candidate-doc:100163631:1","4100","경기도","620260603","구·시·군의회의원선거","용인시카선거구","100163631","황재욱","더불어민주당","1","선거공보","https://policy.nec.go.kr/plc/common/downloadFile.do?requestedFileName=20260603_%EC%9A%A9%EC%9D%B8%EC%8B%9C%EC%B9%B4%EC%84%A0%EA%B1%B0%EA%B5%AC_%ED%99%A9%EC%9E%AC%EC%9A%B1_%EC%84%A0%EA%B1%B0%EA%B3%B5%EB%B3%B4.pdf&requestedFullPath=20260603/PDF/PBINFO/4137/003_100163631_20260524_1.pdf","20260603/PDF/PBINFO/4137/003_100163631_20260524_1.pdf","supplements/official_gap_recovery_2026/direct_nec_downloads/markdown/620260603-4100-용인시카선거구-100163631-1-선거공보.md","https://github.com/treylom/opencrab-nec-2026-local-election-data/blob/main/supplements/official_gap_recovery_2026/direct_nec_downloads/markdown/620260603-4100-용인시카선거구-100163631-1-선거공보.md","ok","pymupdf","ok","8","3346","8743536","pack_stale_currently_available_direct_nec_recovered"
"620260603-4100-용인시카선거구-100160610-1-선거공보","candidate-doc:100160610:1","4100","경기도","620260603","구·시·군의회의원선거","용인시카선거구","100160610","이정열","국민의힘","1","선거공보","https://policy.nec.go.kr/plc/common/downloadFile.do?requestedFileName=20260603_%EC%9A%A9%EC%9D%B8%EC%8B%9C%EC%B9%B4%EC%84%A0%EA%B1%B0%EA%B5%AC_%EC%9D%B4%EC%A0%95%EC%97%B4_%EC%84%A0%EA%B1%B0%EA%B3%B5%EB%B3%B4.pdf&requestedFullPath=20260603/PDF/PBINFO/4137/003_100160610_20260524_1.pdf","20260603/PDF/PBINFO/4137/003_100160610_20260524_1.pdf","supplements/official_gap_recovery_2026/direct_nec_downloads/markdown/620260603-4100-용인시카선거구-100160610-1-선거공보.md","https://github.com/treylom/opencrab-nec-2026-local-election-data/blob/main/supplements/official_gap_recovery_2026/direct_nec_downloads/markdown/620260603-4100-용인시카선거구-100160610-1-선거공보.md","ok","pymupdf","suspiciously_short_text","8","114","13927205","pack_stale_currently_available_direct_nec_recovered"
"620260603-4100-용인시카선거구-100160857-1-선거공보","candidate-doc:100160857:1","4100","경기도","620260603","구·시·군의회의원선거","용인시카선거구","100160857","박은선","국민의힘","1","선거공보","https://policy.nec.go.kr/plc/common/downloadFile.do?requestedFileName=20260603_%EC%9A%A9%EC%9D%B8%EC%8B%9C%EC%B9%B4%EC%84%A0%EA%B1%B0%EA%B5%AC_%EB%B0%95%EC%9D%80%EC%84%A0_%EC%84%A0%EA%B1%B0%EA%B3%B5%EB%B3%B4.pdf&requestedFullPath=20260603/PDF/PBINFO/4137/003_100160857_20260524_1.pdf","20260603/PDF/PBINFO/4137/003_100160857_20260524_1.pdf","supplements/official_gap_recovery_2026/direct_nec_downloads/markdown/620260603-4100-용인시카선거구-100160857-1-선거공보.md","https://github.com/treylom/opencrab-nec-2026-local-election-data/blob/main/supplements/official_gap_recovery_2026/direct_nec_downloads/markdown/620260603-4100-용인시카선거구-100160857-1-선거공보.md","ok","pymupdf","ok","4","3229","2072473","pack_stale_currently_available_direct_nec_recovered"
"620260603-4100-용인시카선거구-100163694-1-선거공보","candidate-doc:100163694:1","4100","경기도","620260603","구·시·군의회의원선거","용인시카선거구","100163694","우태주","개혁신당","1","선거공보","https://policy.nec.go.kr/plc/common/downloadFile.do?requestedFileName=20260603_%EC%9A%A9%EC%9D%B8%EC%8B%9C%EC%B9%B4%EC%84%A0%EA%B1%B0%EA%B5%AC_%EC%9A%B0%ED%83%9C%EC%A3%BC_%EC%84%A0%EA%B1%B0%EA%B3%B5%EB%B3%B4.pdf&requestedFullPath=20260603/PDF/PBINFO/4137/003_100163694_20260524_1.pdf","20260603/PDF/PBINFO/4137/003_100163694_20260524_1.pdf","supplements/official_gap_recovery_2026/direct_nec_downloads/markdown/620260603-4100-용인시카선거구-100163694-1-선거공보.md","https://github.com/treylom/opencrab-nec-2026-local-election-data/blob/main/supplements/official_gap_recovery_2026/direct_nec_downloads/markdown/620260603-4100-용인시카선거구-100163694-1-선거공보.md","ok","pymupdf","suspiciously_short_text","8","114","13132860","pack_stale_currently_available_direct_nec_recovered"
"620260603-4100-고양시사선거구-100163229-1-선거공보","candidate-doc:100163229:1","4100","경기도","620260603","구·시·군의회의원선거","고양시사선거구","100163229","고덕희","국민의힘","1","선거공보","https://policy.nec.go.kr/plc/common/downloadFile.do?requestedFileName=20260603_%EA%B3%A0%EC%96%91%EC%8B%9C%EC%82%AC%EC%84%A0%EA%B1%B0%EA%B5%AC_%EA%B3%A0%EB%8D%95%ED%9D%AC_%EC%84%A0%EA%B1%B0%EA%B3%B5%EB%B3%B4.pdf&requestedFullPath=20260603/PDF/PBINFO/4121/003_100163229_20260525_1.pdf","20260603/PDF/PBINFO/4121/003_100163229_20260525_1.pdf","supplements/official_gap_recovery_2026/direct_nec_downloads/markdown/620260603-4100-고양시사선거구-100163229-1-선거공보.md","https://github.com/treylom/opencrab-nec-2026-local-election-data/blob/main/supplements/official_gap_recovery_2026/direct_nec_downloads/markdown/620260603-4100-고양시사선거구-100163229-1-선거공보.md","ok","pymupdf","ok","8","717","2460924","pack_stale_currently_available_direct_nec_recovered"
"620260603-4100-고양시아선거구-100156004-1-선거공보","candidate-doc:100156004:1","4100","경기도","620260603","구·시·군의회의원선거","고양시아선거구","100156004","이종미","더불어민주당","1","선거공보","https://policy.nec.go.kr/plc/common/downloadFile.do?requestedFileName=20260603_%EA%B3%A0%EC%96%91%EC%8B%9C%EC%95%84%EC%84%A0%EA%B1%B0%EA%B5%AC_%EC%9D%B4%EC%A2%85%EB%AF%B8_%EC%84%A0%EA%B1%B0%EA%B3%B5%EB%B3%B4.pdf&requestedFullPath=20260603/PDF/PBINFO/4121/003_100156004_20260525_1.pdf","20260603/PDF/PBINFO/4121/003_100156004_20260525_1.pdf","supplements/official_gap_recovery_2026/direct_nec_downloads/markdown/620260603-4100-고양시아선거구-100156004-1-선거공보.md","https://github.com/treylom/opencrab-nec-2026-local-election-data/blob/main/supplements/official_gap_recovery_2026/direct_nec_downloads/markdown/620260603-4100-고양시아선거구-100156004-1-선거공보.md","ok","pymupdf","ok","8","3012","6033591","pack_stale_currently_available_direct_nec_recovered"
"620260603-4100-고양시아선거구-100163488-1-선거공보","candidate-doc:100163488:1","4100","경기도","620260603","구·시·군의회의원선거","고양시아선거구","100163488","김보래","국민의힘","1","선거공보","https://policy.nec.go.kr/plc/common/downloadFile.do?requestedFileName=20260603_%EA%B3%A0%EC%96%91%EC%8B%9C%EC%95%84%EC%84%A0%EA%B1%B0%EA%B5%AC_%EA%B9%80%EB%B3%B4%EB%9E%98_%EC%84%A0%EA%B1%B0%EA%B3%B5%EB%B3%B4.pdf&requestedFullPath=20260603/PDF/PBINFO/4121/003_100163488_20260525_1.pdf","20260603/PDF/PBINFO/4121/003_100163488_20260525_1.pdf","supplements/official_gap_recovery_2026/direct_nec_downloads/markdown/620260603-4100-고양시아선거구-100163488-1-선거공보.md","https://github.com/treylom/opencrab-nec-2026-local-election-data/blob/main/supplements/official_gap_recovery_2026/direct_nec_downloads/markdown/620260603-4100-고양시아선거구-100163488-1-선거공보.md","ok","pymupdf","suspiciously_short_text","8","114","2432283","pack_stale_currently_available_direct_nec_recovered"
"620260603-4100-고양시아선거구-100163205-1-선거공보","candidate-doc:100163205:1","4100","경기도","620260603","구·시·군의회의원선거","고양시아선거구","100163205","손동숙","국민의힘","1","선거공보","https://policy.nec.go.kr/plc/common/downloadFile.do?requestedFileName=20260603_%EA%B3%A0%EC%96%91%EC%8B%9C%EC%95%84%EC%84%A0%EA%B1%B0%EA%B5%AC_%EC%86%90%EB%8F%99%EC%88%99_%EC%84%A0%EA%B1%B0%EA%B3%B5%EB%B3%B4.pdf&requestedFullPath=20260603/PDF/PBINFO/4121/003_100163205_20260525_1.pdf","20260603/PDF/PBINFO/4121/003_100163205_20260525_1.pdf","supplements/official_gap_recovery_2026/direct_nec_downloads/markdown/620260603-4100-고양시아선거구-100163205-1-선거공보.md","https://github.com/treylom/opencrab-nec-2026-local-election-data/blob/main/supplements/official_gap_recovery_2026/direct_nec_downloads/markdown/620260603-4100-고양시아선거구-100163205-1-선거공보.md","ok","pymupdf","suspiciously_short_text","8","114","20342881","pack_stale_currently_available_direct_nec_recovered"
"620260603-4100-고양시아선거구-100163183-1-선거공보","candidate-doc:100163183:1","4100","경기도","620260603","구·시·군의회의원선거","고양시아선거구","100163183","김승갑","조국혁신당","1","선거공보","https://policy.nec.go.kr/plc/common/downloadFile.do?requestedFileName=20260603_%EA%B3%A0%EC%96%91%EC%8B%9C%EC%95%84%EC%84%A0%EA%B1%B0%EA%B5%AC_%EA%B9%80%EC%8A%B9%EA%B0%91_%EC%84%A0%EA%B1%B0%EA%B3%B5%EB%B3%B4.pdf&requestedFullPath=20260603/PDF/PBINFO/4121/003_100163183_20260525_1.pdf","20260603/PDF/PBINFO/4121/003_100163183_20260525_1.pdf","supplements/official_gap_recovery_2026/direct_nec_downloads/markdown/620260603-4100-고양시아선거구-100163183-1-선거공보.md","https://github.com/treylom/opencrab-nec-2026-local-election-data/blob/main/supplements/official_gap_recovery_2026/direct_nec_downloads/markdown/620260603-4100-고양시아선거구-100163183-1-선거공보.md","ok","pymupdf","ok","4","1780","12069904","pack_stale_currently_available_direct_nec_recovered"
"620260603-4100-고양시아선거구-100162328-1-선거공보","candidate-doc:100162328:1","4100","경기도","620260603","구·시·군의회의원선거","고양시아선거구","100162328","정민재","개혁신당","1","선거공보","https://policy.nec.go.kr/plc/common/downloadFile.do?requestedFileName=20260603_%EA%B3%A0%EC%96%91%EC%8B%9C%EC%95%84%EC%84%A0%EA%B1%B0%EA%B5%AC_%EC%A0%95%EB%AF%BC%EC%9E%AC_%EC%84%A0%EA%B1%B0%EA%B3%B5%EB%B3%B4.pdf&requestedFullPath=20260603/PDF/PBINFO/4121/003_100162328_20260525_1.pdf","20260603/PDF/PBINFO/4121/003_100162328_20260525_1.pdf","supplements/official_gap_recovery_2026/direct_nec_downloads/markdown/620260603-4100-고양시아선거구-100162328-1-선거공보.md","https://github.com/treylom/opencrab-nec-2026-local-election-data/blob/main/supplements/official_gap_recovery_2026/direct_nec_downloads/markdown/620260603-4100-고양시아선거구-100162328-1-선거공보.md","ok","pymupdf","suspiciously_short_text","4","54","1478645","pack_stale_currently_available_direct_nec_recovered"
"620260603-4100-평택시가선거구-100160878-1-선거공보","candidate-doc:100160878:1","4100","경기도","620260603","구·시·군의회의원선거","평택시가선거구","100160878","이종원","더불어민주당","1","선거공보","https://policy.nec.go.kr/plc/common/downloadFile.do?requestedFileName=20260603_%ED%8F%89%ED%83%9D%EC%8B%9C%EA%B0%80%EC%84%A0%EA%B1%B0%EA%B5%AC_%EC%9D%B4%EC%A2%85%EC%9B%90_%EC%84%A0%EA%B1%B0%EA%B3%B5%EB%B3%B4.pdf&requestedFullPath=20260603/PDF/PBINFO/4115/003_100160878_20260525_1.pdf","20260603/PDF/PBINFO/4115/003_100160878_20260525_1.pdf","supplements/official_gap_recovery_2026/direct_nec_downloads/markdown/620260603-4100-평택시가선거구-100160878-1-선거공보.md","https://github.com/treylom/opencrab-nec-2026-local-election-data/blob/main/supplements/official_gap_recovery_2026/direct_nec_downloads/markdown/620260603-4100-평택시가선거구-100160878-1-선거공보.md","ok","pymupdf","ok","8","3205","7599530","pack_stale_currently_available_direct_nec_recovered"
"620260603-4100-평택시가선거구-100161423-1-선거공보","candidate-doc:100161423:1","4100","경기도","620260603","구·시·군의회의원선거","평택시가선거구","100161423","이관우","국민의힘","1","선거공보","https://policy.nec.go.kr/plc/common/downloadFile.do?requestedFileName=20260603_%ED%8F%89%ED%83%9D%EC%8B%9C%EA%B0%80%EC%84%A0%EA%B1%B0%EA%B5%AC_%EC%9D%B4%EA%B4%80%EC%9A%B0_%EC%84%A0%EA%B1%B0%EA%B3%B5%EB%B3%B4.pdf&requestedFullPath=20260603/PDF/PBINFO/4115/003_100161423_20260525_1.pdf","20260603/PDF/PBINFO/4115/003_100161423_20260525_1.pdf","supplements/official_gap_recovery_2026/direct_nec_downloads/markdown/620260603-4100-평택시가선거구-100161423-1-선거공보.md","https://github.com/treylom/opencrab-nec-2026-local-election-data/blob/main/supplements/official_gap_recovery_2026/direct_nec_downloads/markdown/620260603-4100-평택시가선거구-100161423-1-선거공보.md","ok","pymupdf","ok","8","3557","12872373","pack_stale_currently_available_direct_nec_recovered"
"620260603-4100-평택시나선거구-100155878-1-선거공보","candidate-doc:100155878:1","4100","경기도","620260603","구·시·군의회의원선거","평택시나선거구","100155878","최두성","국민의힘","1","선거공보","https://policy.nec.go.kr/plc/common/downloadFile.do?requestedFileName=20260603_%ED%8F%89%ED%83%9D%EC%8B%9C%EB%82%98%EC%84%A0%EA%B1%B0%EA%B5%AC_%EC%B5%9C%EB%91%90%EC%84%B1_%EC%84%A0%EA%B1%B0%EA%B3%B5%EB%B3%B4.pdf&requestedFullPath=20260603/PDF/PBINFO/4115/003_100155878_20260525_1.pdf","20260603/PDF/PBINFO/4115/003_100155878_20260525_1.pdf","supplements/official_gap_recovery_2026/direct_nec_downloads/markdown/620260603-4100-평택시나선거구-100155878-1-선거공보.md","https://github.com/treylom/opencrab-nec-2026-local-election-data/blob/main/supplements/official_gap_recovery_2026/direct_nec_downloads/markdown/620260603-4100-평택시나선거구-100155878-1-선거공보.md","ok","pymupdf","ok","8","3136","5354246","pack_stale_currently_available_direct_nec_recovered"
"620260603-4100-평택시라선거구-100164973-1-선거공보","candidate-doc:100164973:1","4100","경기도","620260603","구·시·군의회의원선거","평택시라선거구","100164973","김혜영","국민의힘","1","선거공보","https://policy.nec.go.kr/plc/common/downloadFile.do?requestedFileName=20260603_%ED%8F%89%ED%83%9D%EC%8B%9C%EB%9D%BC%EC%84%A0%EA%B1%B0%EA%B5%AC_%EA%B9%80%ED%98%9C%EC%98%81_%EC%84%A0%EA%B1%B0%EA%B3%B5%EB%B3%B4.pdf&requestedFullPath=20260603/PDF/PBINFO/4115/003_100164973_20260525_1.pdf","20260603/PDF/PBINFO/4115/003_100164973_20260525_1.pdf","supplements/official_gap_recovery_2026/direct_nec_downloads/markdown/620260603-4100-평택시라선거구-100164973-1-선거공보.md","https://github.com/treylom/opencrab-nec-2026-local-election-data/blob/main/supplements/official_gap_recovery_2026/direct_nec_downloads/markdown/620260603-4100-평택시라선거구-100164973-1-선거공보.md","ok","pymupdf","ok","8","3518","8159023","pack_stale_currently_available_direct_nec_recovered"
"620260603-4100-평택시라선거구-100163661-1-선거공보","candidate-doc:100163661:1","4100","경기도","620260603","구·시·군의회의원선거","평택시라선거구","100163661","이재범","개혁신당","1","선거공보","https://policy.nec.go.kr/plc/common/downloadFile.do?requestedFileName=20260603_%ED%8F%89%ED%83%9D%EC%8B%9C%EB%9D%BC%EC%84%A0%EA%B1%B0%EA%B5%AC_%EC%9D%B4%EC%9E%AC%EB%B2%94_%EC%84%A0%EA%B1%B0%EA%B3%B5%EB%B3%B4.pdf&requestedFullPath=20260603/PDF/PBINFO/4115/003_100163661_20260525_1.pdf","20260603/PDF/PBINFO/4115/003_100163661_20260525_1.pdf","supplements/official_gap_recovery_2026/direct_nec_downloads/markdown/620260603-4100-평택시라선거구-100163661-1-선거공보.md","https://github.com/treylom/opencrab-nec-2026-local-election-data/blob/main/supplements/official_gap_recovery_2026/direct_nec_downloads/markdown/620260603-4100-평택시라선거구-100163661-1-선거공보.md","ok","pymupdf","suspiciously_short_text","4","54","11804944","pack_stale_currently_available_direct_nec_recovered"
"620260603-4100-평택시라선거구-100155618-1-선거공보","candidate-doc:100155618:1","4100","경기도","620260603","구·시·군의회의원선거","평택시라선거구","100155618","이해금","무소속","1","선거공보","https://policy.nec.go.kr/plc/common/downloadFile.do?requestedFileName=20260603_%ED%8F%89%ED%83%9D%EC%8B%9C%EB%9D%BC%EC%84%A0%EA%B1%B0%EA%B5%AC_%EC%9D%B4%ED%95%B4%EA%B8%88_%EC%84%A0%EA%B1%B0%EA%B3%B5%EB%B3%B4.pdf&requestedFullPath=20260603/PDF/PBINFO/4115/003_100155618_20260525_1.pdf","20260603/PDF/PBINFO/4115/003_100155618_20260525_1.pdf","supplements/official_gap_recovery_2026/direct_nec_downloads/markdown/620260603-4100-평택시라선거구-100155618-1-선거공보.md","https://github.com/treylom/opencrab-nec-2026-local-election-data/blob/main/supplements/official_gap_recovery_2026/direct_nec_downloads/markdown/620260603-4100-평택시라선거구-100155618-1-선거공보.md","ok","pymupdf","suspiciously_short_text","1","9","11347821","pack_stale_currently_available_direct_nec_recovered"
"620260603-4100-안양시가선거구-100161435-1-선거공보","candidate-doc:100161435:1","4100","경기도","620260603","구·시·군의회의원선거","안양시가선거구","100161435","장명희","더불어민주당","1","선거공보","https://policy.nec.go.kr/plc/common/downloadFile.do?requestedFileName=20260603_%EC%95%88%EC%96%91%EC%8B%9C%EA%B0%80%EC%84%A0%EA%B1%B0%EA%B5%AC_%EC%9E%A5%EB%AA%85%ED%9D%AC_%EC%84%A0%EA%B1%B0%EA%B3%B5%EB%B3%B4.pdf&requestedFullPath=20260603/PDF/PBINFO/4109/003_100161435_20260523_1.pdf","20260603/PDF/PBINFO/4109/003_100161435_20260523_1.pdf","supplements/official_gap_recovery_2026/direct_nec_downloads/markdown/620260603-4100-안양시가선거구-100161435-1-선거공보.md","https://github.com/treylom/opencrab-nec-2026-local-election-data/blob/main/supplements/official_gap_recovery_2026/direct_nec_downloads/markdown/620260603-4100-안양시가선거구-100161435-1-선거공보.md","ok","pymupdf","ok","8","4386","12311900","pack_stale_currently_available_direct_nec_recovered"
"620260603-4100-안양시가선거구-100155552-1-선거공보","candidate-doc:100155552:1","4100","경기도","620260603","구·시·군의회의원선거","안양시가선거구","100155552","이호건","더불어민주당","1","선거공보","https://policy.nec.go.kr/plc/common/downloadFile.do?requestedFileName=20260603_%EC%95%88%EC%96%91%EC%8B%9C%EA%B0%80%EC%84%A0%EA%B1%B0%EA%B5%AC_%EC%9D%B4%ED%98%B8%EA%B1%B4_%EC%84%A0%EA%B1%B0%EA%B3%B5%EB%B3%B4.pdf&requestedFullPath=20260603/PDF/PBINFO/4109/003_100155552_20260523_1.pdf","20260603/PDF/PBINFO/4109/003_100155552_20260523_1.pdf","supplements/official_gap_recovery_2026/direct_nec_downloads/markdown/620260603-4100-안양시가선거구-100155552-1-선거공보.md","https://github.com/treylom/opencrab-nec-2026-local-election-data/blob/main/supplements/official_gap_recovery_2026/direct_nec_downloads/markdown/620260603-4100-안양시가선거구-100155552-1-선거공보.md","ok","pymupdf","ok","8","3711","1823096","pack_stale_currently_available_direct_nec_recovered"
"620260603-4100-안양시가선거구-100162164-1-선거공보","candidate-doc:100162164:1","4100","경기도","620260603","구·시·군의회의원선거","안양시가선거구","100162164","김정중","국민의힘","1","선거공보","https://policy.nec.go.kr/plc/common/downloadFile.do?requestedFileName=20260603_%EC%95%88%EC%96%91%EC%8B%9C%EA%B0%80%EC%84%A0%EA%B1%B0%EA%B5%AC_%EA%B9%80%EC%A0%95%EC%A4%91_%EC%84%A0%EA%B1%B0%EA%B3%B5%EB%B3%B4.pdf&requestedFullPath=20260603/PDF/PBINFO/4109/003_100162164_20260523_1.pdf","20260603/PDF/PBINFO/4109/003_100162164_20260523_1.pdf","supplements/official_gap_recovery_2026/direct_nec_downloads/markdown/620260603-4100-안양시가선거구-100162164-1-선거공보.md","https://github.com/treylom/opencrab-nec-2026-local-election-data/blob/main/supplements/official_gap_recovery_2026/direct_nec_downloads/markdown/620260603-4100-안양시가선거구-100162164-1-선거공보.md","ok","pymupdf","ok","8","4328","5763773","pack_stale_currently_available_direct_nec_recovered"
"620260603-4100-안양시다선거구-100162528-1-선거공보","candidate-doc:100162528:1","4100","경기도","620260603","구·시·군의회의원선거","안양시다선거구","100162528","곽동윤","더불어민주당","1","선거공보","https://policy.nec.go.kr/plc/common/downloadFile.do?requestedFileName=20260603_%EC%95%88%EC%96%91%EC%8B%9C%EB%8B%A4%EC%84%A0%EA%B1%B0%EA%B5%AC_%EA%B3%BD%EB%8F%99%EC%9C%A4_%EC%84%A0%EA%B1%B0%EA%B3%B5%EB%B3%B4.pdf&requestedFullPath=20260603/PDF/PBINFO/4109/003_100162528_20260523_1.pdf","20260603/PDF/PBINFO/4109/003_100162528_20260523_1.pdf","supplements/official_gap_recovery_2026/direct_nec_downloads/markdown/620260603-4100-안양시다선거구-100162528-1-선거공보.md","https://github.com/treylom/opencrab-nec-2026-local-election-data/blob/main/supplements/official_gap_recovery_2026/direct_nec_downloads/markdown/620260603-4100-안양시다선거구-100162528-1-선거공보.md","ok","pymupdf","ok","8","4420","5058443","pack_stale_currently_available_direct_nec_recovered"
"620260603-4100-안양시다선거구-100155929-1-선거공보","candidate-doc:100155929:1","4100","경기도","620260603","구·시·군의회의원선거","안양시다선거구","100155929","허희준","더불어민주당","1","선거공보","https://policy.nec.go.kr/plc/common/downloadFile.do?requestedFileName=20260603_%EC%95%88%EC%96%91%EC%8B%9C%EB%8B%A4%EC%84%A0%EA%B1%B0%EA%B5%AC_%ED%97%88%ED%9D%AC%EC%A4%80_%EC%84%A0%EA%B1%B0%EA%B3%B5%EB%B3%B4.pdf&requestedFullPath=20260603/PDF/PBINFO/4109/003_100155929_20260523_1.pdf","20260603/PDF/PBINFO/4109/003_100155929_20260523_1.pdf","supplements/official_gap_recovery_2026/direct_nec_downloads/markdown/620260603-4100-안양시다선거구-100155929-1-선거공보.md","https://github.com/treylom/opencrab-nec-2026-local-election-data/blob/main/supplements/official_gap_recovery_2026/direct_nec_downloads/markdown/620260603-4100-안양시다선거구-100155929-1-선거공보.md","ok","pymupdf","ok","4","2258","519036","pack_stale_currently_available_direct_nec_recovered"
"620260603-4100-안양시다선거구-100155134-1-선거공보","candidate-doc:100155134:1","4100","경기도","620260603","구·시·군의회의원선거","안양시다선거구","100155134","윤순섭","국민의힘","1","선거공보","https://policy.nec.go.kr/plc/common/downloadFile.do?requestedFileName=20260603_%EC%95%88%EC%96%91%EC%8B%9C%EB%8B%A4%EC%84%A0%EA%B1%B0%EA%B5%AC_%EC%9C%A4%EC%88%9C%EC%84%AD_%EC%84%A0%EA%B1%B0%EA%B3%B5%EB%B3%B4.pdf&requestedFullPath=20260603/PDF/PBINFO/4109/003_100155134_20260523_1.pdf","20260603/PDF/PBINFO/4109/003_100155134_20260523_1.pdf","supplements/official_gap_recovery_2026/direct_nec_downloads/markdown/620260603-4100-안양시다선거구-100155134-1-선거공보.md","https://github.com/treylom/opencrab-nec-2026-local-election-data/blob/main/supplements/official_gap_recovery_2026/direct_nec_downloads/markdown/620260603-4100-안양시다선거구-100155134-1-선거공보.md","ok","pymupdf","ok","8","1419","3152813","pack_stale_currently_available_direct_nec_recovered"
"620260603-4100-안양시다선거구-100165311-1-선거공보","candidate-doc:100165311:1","4100","경기도","620260603","구·시·군의회의원선거","안양시다선거구","100165311","이광수","무소속","1","선거공보","https://policy.nec.go.kr/plc/common/downloadFile.do?requestedFileName=20260603_%EC%95%88%EC%96%91%EC%8B%9C%EB%8B%A4%EC%84%A0%EA%B1%B0%EA%B5%AC_%EC%9D%B4%EA%B4%91%EC%88%98_%EC%84%A0%EA%B1%B0%EA%B3%B5%EB%B3%B4.pdf&requestedFullPath=20260603/PDF/PBINFO/4109/003_100165311_20260525_2.pdf","20260603/PDF/PBINFO/4109/003_100165311_20260525_2.pdf","supplements/official_gap_recovery_2026/direct_nec_downloads/markdown/620260603-4100-안양시다선거구-100165311-1-선거공보.md","https://github.com/treylom/opencrab-nec-2026-local-election-data/blob/main/supplements/official_gap_recovery_2026/direct_nec_downloads/markdown/620260603-4100-안양시다선거구-100165311-1-선거공보.md","ok","pymupdf","ok","8","4330","16564701","pack_stale_currently_available_direct_nec_recovered"
"620260603-4100-안양시라선거구-100162429-1-선거공보","candidate-doc:100162429:1","4100","경기도","620260603","구·시·군의회의원선거","안양시라선거구","100162429","윤경숙","더불어민주당","1","선거공보","https://policy.nec.go.kr/plc/common/downloadFile.do?requestedFileName=20260603_%EC%95%88%EC%96%91%EC%8B%9C%EB%9D%BC%EC%84%A0%EA%B1%B0%EA%B5%AC_%EC%9C%A4%EA%B2%BD%EC%88%99_%EC%84%A0%EA%B1%B0%EA%B3%B5%EB%B3%B4.pdf&requestedFullPath=20260603/PDF/PBINFO/4109/003_100162429_20260523_1.pdf","20260603/PDF/PBINFO/4109/003_100162429_20260523_1.pdf","supplements/official_gap_recovery_2026/direct_nec_downloads/markdown/620260603-4100-안양시라선거구-100162429-1-선거공보.md","https://github.com/treylom/opencrab-nec-2026-local-election-data/blob/main/supplements/official_gap_recovery_2026/direct_nec_downloads/markdown/620260603-4100-안양시라선거구-100162429-1-선거공보.md","ok","pymupdf","ok","8","983","2562808","pack_stale_currently_available_direct_nec_recovered"
"620260603-4100-안양시라선거구-100154495-1-선거공보","candidate-doc:100154495:1","4100","경기도","620260603","구·시·군의회의원선거","안양시라선거구","100154495","이중민","더불어민주당","1","선거공보","https://policy.nec.go.kr/plc/common/downloadFile.do?requestedFileName=20260603_%EC%95%88%EC%96%91%EC%8B%9C%EB%9D%BC%EC%84%A0%EA%B1%B0%EA%B5%AC_%EC%9D%B4%EC%A4%91%EB%AF%BC_%EC%84%A0%EA%B1%B0%EA%B3%B5%EB%B3%B4.pdf&requestedFullPath=20260603/PDF/PBINFO/4109/003_100154495_20260523_1.pdf","20260603/PDF/PBINFO/4109/003_100154495_20260523_1.pdf","supplements/official_gap_recovery_2026/direct_nec_downloads/markdown/620260603-4100-안양시라선거구-100154495-1-선거공보.md","https://github.com/treylom/opencrab-nec-2026-local-election-data/blob/main/supplements/official_gap_recovery_2026/direct_nec_downloads/markdown/620260603-4100-안양시라선거구-100154495-1-선거공보.md","ok","pymupdf","ok","8","3177","1120721","pack_stale_currently_available_direct_nec_recovered"
"620260603-4100-안양시라선거구-100156936-1-선거공보","candidate-doc:100156936:1","4100","경기도","620260603","구·시·군의회의원선거","안양시라선거구","100156936","조은석","국민의힘","1","선거공보","https://policy.nec.go.kr/plc/common/downloadFile.do?requestedFileName=20260603_%EC%95%88%EC%96%91%EC%8B%9C%EB%9D%BC%EC%84%A0%EA%B1%B0%EA%B5%AC_%EC%A1%B0%EC%9D%80%EC%84%9D_%EC%84%A0%EA%B1%B0%EA%B3%B5%EB%B3%B4.pdf&requestedFullPath=20260603/PDF/PBINFO/4109/003_100156936_20260523_1.pdf","20260603/PDF/PBINFO/4109/003_100156936_20260523_1.pdf","supplements/official_gap_recovery_2026/direct_nec_downloads/markdown/620260603-4100-안양시라선거구-100156936-1-선거공보.md","https://github.com/treylom/opencrab-nec-2026-local-election-data/blob/main/supplements/official_gap_recovery_2026/direct_nec_downloads/markdown/620260603-4100-안양시라선거구-100156936-1-선거공보.md","ok","pymupdf","ok","8","3481","10893499","pack_stale_currently_available_direct_nec_recovered"
"620260603-4100-의왕시가선거구-100154713-1-선거공보","candidate-doc:100154713:1","4100","경기도","620260603","구·시·군의회의원선거","의왕시가선거구","100154713","김동국","더불어민주당","1","선거공보","https://policy.nec.go.kr/plc/common/downloadFile.do?requestedFileName=20260603_%EC%9D%98%EC%99%95%EC%8B%9C%EA%B0%80%EC%84%A0%EA%B1%B0%EA%B5%AC_%EA%B9%80%EB%8F%99%EA%B5%AD_%EC%84%A0%EA%B1%B0%EA%B3%B5%EB%B3%B4.pdf&requestedFullPath=20260603/PDF/PBINFO/4124/003_100154713_20260521_1.pdf","20260603/PDF/PBINFO/4124/003_100154713_20260521_1.pdf","supplements/official_gap_recovery_2026/direct_nec_downloads/markdown/620260603-4100-의왕시가선거구-100154713-1-선거공보.md","https://github.com/treylom/opencrab-nec-2026-local-election-data/blob/main/supplements/official_gap_recovery_2026/direct_nec_downloads/markdown/620260603-4100-의왕시가선거구-100154713-1-선거공보.md","ok","pymupdf","ok","4","1613","2380634","pack_stale_currently_available_direct_nec_recovered"
"620260603-4100-의왕시가선거구-100157734-1-선거공보","candidate-doc:100157734:1","4100","경기도","620260603","구·시·군의회의원선거","의왕시가선거구","100157734","서창수","더불어민주당","1","선거공보","https://policy.nec.go.kr/plc/common/downloadFile.do?requestedFileName=20260603_%EC%9D%98%EC%99%95%EC%8B%9C%EA%B0%80%EC%84%A0%EA%B1%B0%EA%B5%AC_%EC%84%9C%EC%B0%BD%EC%88%98_%EC%84%A0%EA%B1%B0%EA%B3%B5%EB%B3%B4.pdf&requestedFullPath=20260603/PDF/PBINFO/4124/003_100157734_20260521_1.pdf","20260603/PDF/PBINFO/4124/003_100157734_20260521_1.pdf","supplements/official_gap_recovery_2026/direct_nec_downloads/markdown/620260603-4100-의왕시가선거구-100157734-1-선거공보.md","https://github.com/treylom/opencrab-nec-2026-local-election-data/blob/main/supplements/official_gap_recovery_2026/direct_nec_downloads/markdown/620260603-4100-의왕시가선거구-100157734-1-선거공보.md","ok","pymupdf","ok","8","1829","14222145","pack_stale_currently_available_direct_nec_recovered"
"620260603-4100-의왕시가선거구-100162889-1-선거공보","candidate-doc:100162889:1","4100","경기도","620260603","구·시·군의회의원선거","의왕시가선거구","100162889","박혜숙","국민의힘","1","선거공보","https://policy.nec.go.kr/plc/common/downloadFile.do?requestedFileName=20260603_%EC%9D%98%EC%99%95%EC%8B%9C%EA%B0%80%EC%84%A0%EA%B1%B0%EA%B5%AC_%EB%B0%95%ED%98%9C%EC%88%99_%EC%84%A0%EA%B1%B0%EA%B3%B5%EB%B3%B4.pdf&requestedFullPath=20260603/PDF/PBINFO/4124/003_100162889_20260521_1.pdf","20260603/PDF/PBINFO/4124/003_100162889_20260521_1.pdf","supplements/official_gap_recovery_2026/direct_nec_downloads/markdown/620260603-4100-의왕시가선거구-100162889-1-선거공보.md","https://github.com/treylom/opencrab-nec-2026-local-election-data/blob/main/supplements/official_gap_recovery_2026/direct_nec_downloads/markdown/620260603-4100-의왕시가선거구-100162889-1-선거공보.md","ok","pymupdf","ok","8","3237","5454327","pack_stale_currently_available_direct_nec_recovered"
"620260603-4100-의왕시가선거구-100158260-1-선거공보","candidate-doc:100158260:1","4100","경기도","620260603","구·시·군의회의원선거","의왕시가선거구","100158260","김동구","국민의힘","1","선거공보","https://policy.nec.go.kr/plc/common/downloadFile.do?requestedFileName=20260603_%EC%9D%98%EC%99%95%EC%8B%9C%EA%B0%80%EC%84%A0%EA%B1%B0%EA%B5%AC_%EA%B9%80%EB%8F%99%EA%B5%AC_%EC%84%A0%EA%B1%B0%EA%B3%B5%EB%B3%B4.pdf&requestedFullPath=20260603/PDF/PBINFO/4124/003_100158260_20260522_1.pdf","20260603/PDF/PBINFO/4124/003_100158260_20260522_1.pdf","supplements/official_gap_recovery_2026/direct_nec_downloads/markdown/620260603-4100-의왕시가선거구-100158260-1-선거공보.md","https://github.com/treylom/opencrab-nec-2026-local-election-data/blob/main/supplements/official_gap_recovery_2026/direct_nec_downloads/markdown/620260603-4100-의왕시가선거구-100158260-1-선거공보.md","ok","pymupdf","ok","8","2618","1454527","pack_stale_currently_available_direct_nec_recovered"
"620260603-4100-의왕시가선거구-100160099-1-선거공보","candidate-doc:100160099:1","4100","경기도","620260603","구·시·군의회의원선거","의왕시가선거구","100160099","박현호","개혁신당","1","선거공보","https://policy.nec.go.kr/plc/common/downloadFile.do?requestedFileName=20260603_%EC%9D%98%EC%99%95%EC%8B%9C%EA%B0%80%EC%84%A0%EA%B1%B0%EA%B5%AC_%EB%B0%95%ED%98%84%ED%98%B8_%EC%84%A0%EA%B1%B0%EA%B3%B5%EB%B3%B4.pdf&requestedFullPath=20260603/PDF/PBINFO/4124/003_100160099_20260522_1.pdf","20260603/PDF/PBINFO/4124/003_100160099_20260522_1.pdf","supplements/official_gap_recovery_2026/direct_nec_downloads/markdown/620260603-4100-의왕시가선거구-100160099-1-선거공보.md","https://github.com/treylom/opencrab-nec-2026-local-election-data/blob/main/supplements/official_gap_recovery_2026/direct_nec_downloads/markdown/620260603-4100-의왕시가선거구-100160099-1-선거공보.md","ok","pymupdf","ok","4","2296","9407102","pack_stale_currently_available_direct_nec_recovered"
"620260603-4100-의왕시나선거구-100157840-1-선거공보","candidate-doc:100157840:1","4100","경기도","620260603","구·시·군의회의원선거","의왕시나선거구","100157840","김태흥","더불어민주당","1","선거공보","https://policy.nec.go.kr/plc/common/downloadFile.do?requestedFileName=20260603_%EC%9D%98%EC%99%95%EC%8B%9C%EB%82%98%EC%84%A0%EA%B1%B0%EA%B5%AC_%EA%B9%80%ED%83%9C%ED%9D%A5_%EC%84%A0%EA%B1%B0%EA%B3%B5%EB%B3%B4.pdf&requestedFullPath=20260603/PDF/PBINFO/4124/003_100157840_20260522_1.pdf","20260603/PDF/PBINFO/4124/003_100157840_20260522_1.pdf","supplements/official_gap_recovery_2026/direct_nec_downloads/markdown/620260603-4100-의왕시나선거구-100157840-1-선거공보.md","https://github.com/treylom/opencrab-nec-2026-local-election-data/blob/main/supplements/official_gap_recovery_2026/direct_nec_downloads/markdown/620260603-4100-의왕시나선거구-100157840-1-선거공보.md","ok","pymupdf","ok","8","4091","1177959","pack_stale_currently_available_direct_nec_recovered"
"620260603-4100-의왕시나선거구-100155729-1-선거공보","candidate-doc:100155729:1","4100","경기도","620260603","구·시·군의회의원선거","의왕시나선거구","100155729","이랑이","더불어민주당","1","선거공보","https://policy.nec.go.kr/plc/common/downloadFile.do?requestedFileName=20260603_%EC%9D%98%EC%99%95%EC%8B%9C%EB%82%98%EC%84%A0%EA%B1%B0%EA%B5%AC_%EC%9D%B4%EB%9E%91%EC%9D%B4_%EC%84%A0%EA%B1%B0%EA%B3%B5%EB%B3%B4.pdf&requestedFullPath=20260603/PDF/PBINFO/4124/003_100155729_20260522_1.pdf","20260603/PDF/PBINFO/4124/003_100155729_20260522_1.pdf","supplements/official_gap_recovery_2026/direct_nec_downloads/markdown/620260603-4100-의왕시나선거구-100155729-1-선거공보.md","https://github.com/treylom/opencrab-nec-2026-local-election-data/blob/main/supplements/official_gap_recovery_2026/direct_nec_downloads/markdown/620260603-4100-의왕시나선거구-100155729-1-선거공보.md","ok","pymupdf","ok","8","2902","1426410","pack_stale_currently_available_direct_nec_recovered"
"620260603-4100-의왕시나선거구-100155589-1-선거공보","candidate-doc:100155589:1","4100","경기도","620260603","구·시·군의회의원선거","의왕시나선거구","100155589","박재영","국민의힘","1","선거공보","https://policy.nec.go.kr/plc/common/downloadFile.do?requestedFileName=20260603_%EC%9D%98%EC%99%95%EC%8B%9C%EB%82%98%EC%84%A0%EA%B1%B0%EA%B5%AC_%EB%B0%95%EC%9E%AC%EC%98%81_%EC%84%A0%EA%B1%B0%EA%B3%B5%EB%B3%B4.pdf&requestedFullPath=20260603/PDF/PBINFO/4124/003_100155589_20260521_1.pdf","20260603/PDF/PBINFO/4124/003_100155589_20260521_1.pdf","supplements/official_gap_recovery_2026/direct_nec_downloads/markdown/620260603-4100-의왕시나선거구-100155589-1-선거공보.md","https://github.com/treylom/opencrab-nec-2026-local-election-data/blob/main/supplements/official_gap_recovery_2026/direct_nec_downloads/markdown/620260603-4100-의왕시나선거구-100155589-1-선거공보.md","ok","pymupdf","ok","8","3317","1121285","pack_stale_currently_available_direct_nec_recovered"
"620260603-4100-의왕시나선거구-100157812-1-선거공보","candidate-doc:100157812:1","4100","경기도","620260603","구·시·군의회의원선거","의왕시나선거구","100157812","노선희","국민의힘","1","선거공보","https://policy.nec.go.kr/plc/common/downloadFile.do?requestedFileName=20260603_%EC%9D%98%EC%99%95%EC%8B%9C%EB%82%98%EC%84%A0%EA%B1%B0%EA%B5%AC_%EB%85%B8%EC%84%A0%ED%9D%AC_%EC%84%A0%EA%B1%B0%EA%B3%B5%EB%B3%B4.pdf&requestedFullPath=20260603/PDF/PBINFO/4124/003_100157812_20260521_1.pdf","20260603/PDF/PBINFO/4124/003_100157812_20260521_1.pdf","supplements/official_gap_recovery_2026/direct_nec_downloads/markdown/620260603-4100-의왕시나선거구-100157812-1-선거공보.md","https://github.com/treylom/opencrab-nec-2026-local-election-data/blob/main/supplements/official_gap_recovery_2026/direct_nec_downloads/markdown/620260603-4100-의왕시나선거구-100157812-1-선거공보.md","ok","pymupdf","suspiciously_short_text","8","114","5597088","pack_stale_currently_available_direct_nec_recovered"
"620260603-4100-의왕시나선거구-100161965-1-선거공보","candidate-doc:100161965:1","4100","경기도","620260603","구·시·군의회의원선거","의왕시나선거구","100161965","양성혁","개혁신당","1","선거공보","https://policy.nec.go.kr/plc/common/downloadFile.do?requestedFileName=20260603_%EC%9D%98%EC%99%95%EC%8B%9C%EB%82%98%EC%84%A0%EA%B1%B0%EA%B5%AC_%EC%96%91%EC%84%B1%ED%98%81_%EC%84%A0%EA%B1%B0%EA%B3%B5%EB%B3%B4.pdf&requestedFullPath=20260603/PDF/PBINFO/4124/003_100161965_20260521_3.pdf","20260603/PDF/PBINFO/4124/003_100161965_20260521_3.pdf","supplements/official_gap_recovery_2026/direct_nec_downloads/markdown/620260603-4100-의왕시나선거구-100161965-1-선거공보.md","https://github.com/treylom/opencrab-nec-2026-local-election-data/blob/main/supplements/official_gap_recovery_2026/direct_nec_downloads/markdown/620260603-4100-의왕시나선거구-100161965-1-선거공보.md","ok","pymupdf","ok","4","1408","840115","pack_stale_currently_available_direct_nec_recovered"
"620260603-5200-춘천시마선거구-100154483-1-선거공보","candidate-doc:100154483:1","5200","강원특별자치도","620260603","구·시·군의회의원선거","춘천시마선거구","100154483","유소은","더불어민주당","1","선거공보","https://policy.nec.go.kr/plc/common/downloadFile.do?requestedFileName=20260603_%EC%B6%98%EC%B2%9C%EC%8B%9C%EB%A7%88%EC%84%A0%EA%B1%B0%EA%B5%AC_%EC%9C%A0%EC%86%8C%EC%9D%80_%EC%84%A0%EA%B1%B0%EA%B3%B5%EB%B3%B4.pdf&requestedFullPath=20260603/PDF/PBINFO/5201/003_100154483_20260525_1.pdf","20260603/PDF/PBINFO/5201/003_100154483_20260525_1.pdf","supplements/official_gap_recovery_2026/direct_nec_downloads/markdown/620260603-5200-춘천시마선거구-100154483-1-선거공보.md","https://github.com/treylom/opencrab-nec-2026-local-election-data/blob/main/supplements/official_gap_recovery_2026/direct_nec_downloads/markdown/620260603-5200-춘천시마선거구-100154483-1-선거공보.md","ok","pymupdf","suspiciously_short_text","8","114","7875672","pack_stale_currently_available_direct_nec_recovered"
"620260603-5200-홍천군가선거구-100160738-1-선거공보","candidate-doc:100160738:1","5200","강원특별자치도","620260603","구·시·군의회의원선거","홍천군가선거구","100160738","최이경","더불어민주당","1","선거공보","https://policy.nec.go.kr/plc/common/downloadFile.do?requestedFileName=20260603_%ED%99%8D%EC%B2%9C%EA%B5%B0%EA%B0%80%EC%84%A0%EA%B1%B0%EA%B5%AC_%EC%B5%9C%EC%9D%B4%EA%B2%BD_%EC%84%A0%EA%B1%B0%EA%B3%B5%EB%B3%B4.pdf&requestedFullPath=20260603/PDF/PBINFO/5212/003_100160738_20260523_1.pdf","20260603/PDF/PBINFO/5212/003_100160738_20260523_1.pdf","supplements/official_gap_recovery_2026/direct_nec_downloads/markdown/620260603-5200-홍천군가선거구-100160738-1-선거공보.md","https://github.com/treylom/opencrab-nec-2026-local-election-data/blob/main/supplements/official_gap_recovery_2026/direct_nec_downloads/markdown/620260603-5200-홍천군가선거구-100160738-1-선거공보.md","ok","pymupdf","ok","8","2918","10662482","pack_stale_currently_available_direct_nec_recovered"
"620260603-5200-홍천군가선거구-100159288-1-선거공보","candidate-doc:100159288:1","5200","강원특별자치도","620260603","구·시·군의회의원선거","홍천군가선거구","100159288","백용길","더불어민주당","1","선거공보","https://policy.nec.go.kr/plc/common/downloadFile.do?requestedFileName=20260603_%ED%99%8D%EC%B2%9C%EA%B5%B0%EA%B0%80%EC%84%A0%EA%B1%B0%EA%B5%AC_%EB%B0%B1%EC%9A%A9%EA%B8%B8_%EC%84%A0%EA%B1%B0%EA%B3%B5%EB%B3%B4.pdf&requestedFullPath=20260603/PDF/PBINFO/5212/003_100159288_20260523_1.pdf","20260603/PDF/PBINFO/5212/003_100159288_20260523_1.pdf","supplements/official_gap_recovery_2026/direct_nec_downloads/markdown/620260603-5200-홍천군가선거구-100159288-1-선거공보.md","https://github.com/treylom/opencrab-nec-2026-local-election-data/blob/main/supplements/official_gap_recovery_2026/direct_nec_downloads/markdown/620260603-5200-홍천군가선거구-100159288-1-선거공보.md","ok","pymupdf","ok","8","2919","5072230","pack_stale_currently_available_direct_nec_recovered"
"620260603-5200-홍천군가선거구-100160898-1-선거공보","candidate-doc:100160898:1","5200","강원특별자치도","620260603","구·시·군의회의원선거","홍천군가선거구","100160898","황경화","국민의힘","1","선거공보","https://policy.nec.go.kr/plc/common/downloadFile.do?requestedFileName=20260603_%ED%99%8D%EC%B2%9C%EA%B5%B0%EA%B0%80%EC%84%A0%EA%B1%B0%EA%B5%AC_%ED%99%A9%EA%B2%BD%ED%99%94_%EC%84%A0%EA%B1%B0%EA%B3%B5%EB%B3%B4.pdf&requestedFullPath=20260603/PDF/PBINFO/5212/003_100160898_20260523_1.pdf","20260603/PDF/PBINFO/5212/003_100160898_20260523_1.pdf","supplements/official_gap_recovery_2026/direct_nec_downloads/markdown/620260603-5200-홍천군가선거구-100160898-1-선거공보.md","https://github.com/treylom/opencrab-nec-2026-local-election-data/blob/main/supplements/official_gap_recovery_2026/direct_nec_downloads/markdown/620260603-5200-홍천군가선거구-100160898-1-선거공보.md","ok","pymupdf","ok","8","4180","13497586","pack_stale_currently_available_direct_nec_recovered"
"620260603-5200-홍천군가선거구-100159353-1-선거공보","candidate-doc:100159353:1","5200","강원특별자치도","620260603","구·시·군의회의원선거","홍천군가선거구","100159353","정관교","국민의힘","1","선거공보","https://policy.nec.go.kr/plc/common/downloadFile.do?requestedFileName=20260603_%ED%99%8D%EC%B2%9C%EA%B5%B0%EA%B0%80%EC%84%A0%EA%B1%B0%EA%B5%AC_%EC%A0%95%EA%B4%80%EA%B5%90_%EC%84%A0%EA%B1%B0%EA%B3%B5%EB%B3%B4.pdf&requestedFullPath=20260603/PDF/PBINFO/5212/003_100159353_20260523_1.pdf","20260603/PDF/PBINFO/5212/003_100159353_20260523_1.pdf","supplements/official_gap_recovery_2026/direct_nec_downloads/markdown/620260603-5200-홍천군가선거구-100159353-1-선거공보.md","https://github.com/treylom/opencrab-nec-2026-local-election-data/blob/main/supplements/official_gap_recovery_2026/direct_nec_downloads/markdown/620260603-5200-홍천군가선거구-100159353-1-선거공보.md","ok","pymupdf","ok","8","2979","5391157","pack_stale_currently_available_direct_nec_recovered"
"620260603-5200-홍천군나선거구-100161152-1-선거공보","candidate-doc:100161152:1","5200","강원특별자치도","620260603","구·시·군의회의원선거","홍천군나선거구","100161152","용준순","더불어민주당","1","선거공보","https://policy.nec.go.kr/plc/common/downloadFile.do?requestedFileName=20260603_%ED%99%8D%EC%B2%9C%EA%B5%B0%EB%82%98%EC%84%A0%EA%B1%B0%EA%B5%AC_%EC%9A%A9%EC%A4%80%EC%88%9C_%EC%84%A0%EA%B1%B0%EA%B3%B5%EB%B3%B4.pdf&requestedFullPath=20260603/PDF/PBINFO/5212/003_100161152_20260523_1.pdf","20260603/PDF/PBINFO/5212/003_100161152_20260523_1.pdf","supplements/official_gap_recovery_2026/direct_nec_downloads/markdown/620260603-5200-홍천군나선거구-100161152-1-선거공보.md","https://github.com/treylom/opencrab-nec-2026-local-election-data/blob/main/supplements/official_gap_recovery_2026/direct_nec_downloads/markdown/620260603-5200-홍천군나선거구-100161152-1-선거공보.md","ok","pymupdf","ok","8","3842","12013121","pack_stale_currently_available_direct_nec_recovered"
"620260603-5200-평창군나선거구-100161087-1-선거공보","candidate-doc:100161087:1","5200","강원특별자치도","620260603","구·시·군의회의원선거","평창군나선거구","100161087","심현정","국민의힘","1","선거공보","https://policy.nec.go.kr/plc/common/downloadFile.do?requestedFileName=20260603_%ED%8F%89%EC%B0%BD%EA%B5%B0%EB%82%98%EC%84%A0%EA%B1%B0%EA%B5%AC_%EC%8B%AC%ED%98%84%EC%A0%95_%EC%84%A0%EA%B1%B0%EA%B3%B5%EB%B3%B4.pdf&requestedFullPath=20260603/PDF/PBINFO/5215/003_100161087_20260521_1.pdf","20260603/PDF/PBINFO/5215/003_100161087_20260521_1.pdf","supplements/official_gap_recovery_2026/direct_nec_downloads/markdown/620260603-5200-평창군나선거구-100161087-1-선거공보.md","https://github.com/treylom/opencrab-nec-2026-local-election-data/blob/main/supplements/official_gap_recovery_2026/direct_nec_downloads/markdown/620260603-5200-평창군나선거구-100161087-1-선거공보.md","ok","pymupdf","suspiciously_short_text","8","114","3817018","pack_stale_currently_available_direct_nec_recovered"
"620260603-5200-양구군나선거구-100162530-1-선거공보","candidate-doc:100162530:1","5200","강원특별자치도","620260603","구·시·군의회의원선거","양구군나선거구","100162530","김선묵","더불어민주당","1","선거공보","https://policy.nec.go.kr/plc/common/downloadFile.do?requestedFileName=20260603_%EC%96%91%EA%B5%AC%EA%B5%B0%EB%82%98%EC%84%A0%EA%B1%B0%EA%B5%AC_%EA%B9%80%EC%84%A0%EB%AC%B5_%EC%84%A0%EA%B1%B0%EA%B3%B5%EB%B3%B4.pdf&requestedFullPath=20260603/PDF/PBINFO/5217/003_100162530_20260523_1.pdf","20260603/PDF/PBINFO/5217/003_100162530_20260523_1.pdf","supplements/official_gap_recovery_2026/direct_nec_downloads/markdown/620260603-5200-양구군나선거구-100162530-1-선거공보.md","https://github.com/treylom/opencrab-nec-2026-local-election-data/blob/main/supplements/official_gap_recovery_2026/direct_nec_downloads/markdown/620260603-5200-양구군나선거구-100162530-1-선거공보.md","ok","pymupdf","ok","8","3485","7853803","pack_stale_currently_available_direct_nec_recovered"
"620260603-5200-양구군나선거구-100160200-1-선거공보","candidate-doc:100160200:1","5200","강원특별자치도","620260603","구·시·군의회의원선거","양구군나선거구","100160200","우동화","더불어민주당","1","선거공보","https://policy.nec.go.kr/plc/common/downloadFile.do?requestedFileName=20260603_%EC%96%91%EA%B5%AC%EA%B5%B0%EB%82%98%EC%84%A0%EA%B1%B0%EA%B5%AC_%EC%9A%B0%EB%8F%99%ED%99%94_%EC%84%A0%EA%B1%B0%EA%B3%B5%EB%B3%B4.pdf&requestedFullPath=20260603/PDF/PBINFO/5217/003_100160200_20260522_1.pdf","20260603/PDF/PBINFO/5217/003_100160200_20260522_1.pdf","supplements/official_gap_recovery_2026/direct_nec_downloads/markdown/620260603-5200-양구군나선거구-100160200-1-선거공보.md","https://github.com/treylom/opencrab-nec-2026-local-election-data/blob/main/supplements/official_gap_recovery_2026/direct_nec_downloads/markdown/620260603-5200-양구군나선거구-100160200-1-선거공보.md","ok","pymupdf","ok","8","4132","8754836","pack_stale_currently_available_direct_nec_recovered"
"620260603-5200-양구군나선거구-100159111-1-선거공보","candidate-doc:100159111:1","5200","강원특별자치도","620260603","구·시·군의회의원선거","양구군나선거구","100159111","김연성","국민의힘","1","선거공보","https://policy.nec.go.kr/plc/common/downloadFile.do?requestedFileName=20260603_%EC%96%91%EA%B5%AC%EA%B5%B0%EB%82%98%EC%84%A0%EA%B1%B0%EA%B5%AC_%EA%B9%80%EC%97%B0%EC%84%B1_%EC%84%A0%EA%B1%B0%EA%B3%B5%EB%B3%B4.pdf&requestedFullPath=20260603/PDF/PBINFO/5217/003_100159111_20260523_1.pdf","20260603/PDF/PBINFO/5217/003_100159111_20260523_1.pdf","supplements/official_gap_recovery_2026/direct_nec_downloads/markdown/620260603-5200-양구군나선거구-100159111-1-선거공보.md","https://github.com/treylom/opencrab-nec-2026-local-election-data/blob/main/supplements/official_gap_recovery_2026/direct_nec_downloads/markdown/620260603-5200-양구군나선거구-100159111-1-선거공보.md","ok","pymupdf","ok","8","2798","7264667","pack_stale_currently_available_direct_nec_recovered"
"620260603-5200-양구군나선거구-100158919-1-선거공보","candidate-doc:100158919:1","5200","강원특별자치도","620260603","구·시·군의회의원선거","양구군나선거구","100158919","정귀수","국민의힘","1","선거공보","https://policy.nec.go.kr/plc/common/downloadFile.do?requestedFileName=20260603_%EC%96%91%EA%B5%AC%EA%B5%B0%EB%82%98%EC%84%A0%EA%B1%B0%EA%B5%AC_%EC%A0%95%EA%B7%80%EC%88%98_%EC%84%A0%EA%B1%B0%EA%B3%B5%EB%B3%B4.pdf&requestedFullPath=20260603/PDF/PBINFO/5217/003_100158919_20260522_1.pdf","20260603/PDF/PBINFO/5217/003_100158919_20260522_1.pdf","supplements/official_gap_recovery_2026/direct_nec_downloads/markdown/620260603-5200-양구군나선거구-100158919-1-선거공보.md","https://github.com/treylom/opencrab-nec-2026-local-election-data/blob/main/supplements/official_gap_recovery_2026/direct_nec_downloads/markdown/620260603-5200-양구군나선거구-100158919-1-선거공보.md","ok","pymupdf","ok","8","2607","7351928","pack_stale_currently_available_direct_nec_recovered"
"620260603-5200-양구군나선거구-100163013-1-선거공보","candidate-doc:100163013:1","5200","강원특별자치도","620260603","구·시·군의회의원선거","양구군나선거구","100163013","조돈준","무소속","1","선거공보","https://policy.nec.go.kr/plc/common/downloadFile.do?requestedFileName=20260603_%EC%96%91%EA%B5%AC%EA%B5%B0%EB%82%98%EC%84%A0%EA%B1%B0%EA%B5%AC_%EC%A1%B0%EB%8F%88%EC%A4%80_%EC%84%A0%EA%B1%B0%EA%B3%B5%EB%B3%B4.pdf&requestedFullPath=20260603/PDF/PBINFO/5217/003_100163013_20260523_1.pdf","20260603/PDF/PBINFO/5217/003_100163013_20260523_1.pdf","supplements/official_gap_recovery_2026/direct_nec_downloads/markdown/620260603-5200-양구군나선거구-100163013-1-선거공보.md","https://github.com/treylom/opencrab-nec-2026-local-election-data/blob/main/supplements/official_gap_recovery_2026/direct_nec_downloads/markdown/620260603-5200-양구군나선거구-100163013-1-선거공보.md","ok","pymupdf","suspiciously_short_text","8","114","844294","pack_stale_currently_available_direct_nec_recovered"
"620260603-5200-양양군가선거구-100158793-1-선거공보","candidate-doc:100158793:1","5200","강원특별자치도","620260603","구·시·군의회의원선거","양양군가선거구","100158793","최근배","더불어민주당","1","선거공보","https://policy.nec.go.kr/plc/common/downloadFile.do?requestedFileName=20260603_%EC%96%91%EC%96%91%EA%B5%B0%EA%B0%80%EC%84%A0%EA%B1%B0%EA%B5%AC_%EC%B5%9C%EA%B7%BC%EB%B0%B0_%EC%84%A0%EA%B1%B0%EA%B3%B5%EB%B3%B4.pdf&requestedFullPath=20260603/PDF/PBINFO/5210/003_100158793_20260521_1.pdf","20260603/PDF/PBINFO/5210/003_100158793_20260521_1.pdf","supplements/official_gap_recovery_2026/direct_nec_downloads/markdown/620260603-5200-양양군가선거구-100158793-1-선거공보.md","https://github.com/treylom/opencrab-nec-2026-local-election-data/blob/main/supplements/official_gap_recovery_2026/direct_nec_downloads/markdown/620260603-5200-양양군가선거구-100158793-1-선거공보.md","ok","pymupdf","ok","8","3639","14415308","pack_stale_currently_available_direct_nec_recovered"
"620260603-5200-양양군가선거구-100158377-1-선거공보","candidate-doc:100158377:1","5200","강원특별자치도","620260603","구·시·군의회의원선거","양양군가선거구","100158377","고정순","국민의힘","1","선거공보","https://policy.nec.go.kr/plc/common/downloadFile.do?requestedFileName=20260603_%EC%96%91%EC%96%91%EA%B5%B0%EA%B0%80%EC%84%A0%EA%B1%B0%EA%B5%AC_%EA%B3%A0%EC%A0%95%EC%88%9C_%EC%84%A0%EA%B1%B0%EA%B3%B5%EB%B3%B4.pdf&requestedFullPath=20260603/PDF/PBINFO/5210/003_100158377_20260521_1.pdf","20260603/PDF/PBINFO/5210/003_100158377_20260521_1.pdf","supplements/official_gap_recovery_2026/direct_nec_downloads/markdown/620260603-5200-양양군가선거구-100158377-1-선거공보.md","https://github.com/treylom/opencrab-nec-2026-local-election-data/blob/main/supplements/official_gap_recovery_2026/direct_nec_downloads/markdown/620260603-5200-양양군가선거구-100158377-1-선거공보.md","ok","pymupdf","ok","8","3358","4449994","pack_stale_currently_available_direct_nec_recovered"
"620260603-5200-양양군가선거구-100161133-1-선거공보","candidate-doc:100161133:1","5200","강원특별자치도","620260603","구·시·군의회의원선거","양양군가선거구","100161133","이명숙","국민의힘","1","선거공보","https://policy.nec.go.kr/plc/common/downloadFile.do?requestedFileName=20260603_%EC%96%91%EC%96%91%EA%B5%B0%EA%B0%80%EC%84%A0%EA%B1%B0%EA%B5%AC_%EC%9D%B4%EB%AA%85%EC%88%99_%EC%84%A0%EA%B1%B0%EA%B3%B5%EB%B3%B4.pdf&requestedFullPath=20260603/PDF/PBINFO/5210/003_100161133_20260521_1.pdf","20260603/PDF/PBINFO/5210/003_100161133_20260521_1.pdf","supplements/official_gap_recovery_2026/direct_nec_downloads/markdown/620260603-5200-양양군가선거구-100161133-1-선거공보.md","https://github.com/treylom/opencrab-nec-2026-local-election-data/blob/main/supplements/official_gap_recovery_2026/direct_nec_downloads/markdown/620260603-5200-양양군가선거구-100161133-1-선거공보.md","ok","pymupdf","ok","8","3072","5035860","pack_stale_currently_available_direct_nec_recovered"
"620260603-5200-양양군가선거구-100158442-1-선거공보","candidate-doc:100158442:1","5200","강원특별자치도","620260603","구·시·군의회의원선거","양양군가선거구","100158442","최선남","국민의힘","1","선거공보","https://policy.nec.go.kr/plc/common/downloadFile.do?requestedFileName=20260603_%EC%96%91%EC%96%91%EA%B5%B0%EA%B0%80%EC%84%A0%EA%B1%B0%EA%B5%AC_%EC%B5%9C%EC%84%A0%EB%82%A8_%EC%84%A0%EA%B1%B0%EA%B3%B5%EB%B3%B4.pdf&requestedFullPath=20260603/PDF/PBINFO/5210/003_100158442_20260521_1.pdf","20260603/PDF/PBINFO/5210/003_100158442_20260521_1.pdf","supplements/official_gap_recovery_2026/direct_nec_downloads/markdown/620260603-5200-양양군가선거구-100158442-1-선거공보.md","https://github.com/treylom/opencrab-nec-2026-local-election-data/blob/main/supplements/official_gap_recovery_2026/direct_nec_downloads/markdown/620260603-5200-양양군가선거구-100158442-1-선거공보.md","ok","pymupdf","ok","5","4548","5464748","pack_stale_currently_available_direct_nec_recovered"
"620260603-5200-양양군나선거구-100159582-1-선거공보","candidate-doc:100159582:1","5200","강원특별자치도","620260603","구·시·군의회의원선거","양양군나선거구","100159582","안미영","더불어민주당","1","선거공보","https://policy.nec.go.kr/plc/common/downloadFile.do?requestedFileName=20260603_%EC%96%91%EC%96%91%EA%B5%B0%EB%82%98%EC%84%A0%EA%B1%B0%EA%B5%AC_%EC%95%88%EB%AF%B8%EC%98%81_%EC%84%A0%EA%B1%B0%EA%B3%B5%EB%B3%B4.pdf&requestedFullPath=20260603/PDF/PBINFO/5210/003_100159582_20260521_1.pdf","20260603/PDF/PBINFO/5210/003_100159582_20260521_1.pdf","supplements/official_gap_recovery_2026/direct_nec_downloads/markdown/620260603-5200-양양군나선거구-100159582-1-선거공보.md","https://github.com/treylom/opencrab-nec-2026-local-election-data/blob/main/supplements/official_gap_recovery_2026/direct_nec_downloads/markdown/620260603-5200-양양군나선거구-100159582-1-선거공보.md","ok","pymupdf","ok","8","3462","6122627","pack_stale_currently_available_direct_nec_recovered"
"620260603-5200-양양군나선거구-100159356-1-선거공보","candidate-doc:100159356:1","5200","강원특별자치도","620260603","구·시·군의회의원선거","양양군나선거구","100159356","전유성","국민의힘","1","선거공보","https://policy.nec.go.kr/plc/common/downloadFile.do?requestedFileName=20260603_%EC%96%91%EC%96%91%EA%B5%B0%EB%82%98%EC%84%A0%EA%B1%B0%EA%B5%AC_%EC%A0%84%EC%9C%A0%EC%84%B1_%EC%84%A0%EA%B1%B0%EA%B3%B5%EB%B3%B4.pdf&requestedFullPath=20260603/PDF/PBINFO/5210/003_100159356_20260521_1.pdf","20260603/PDF/PBINFO/5210/003_100159356_20260521_1.pdf","supplements/official_gap_recovery_2026/direct_nec_downloads/markdown/620260603-5200-양양군나선거구-100159356-1-선거공보.md","https://github.com/treylom/opencrab-nec-2026-local-election-data/blob/main/supplements/official_gap_recovery_2026/direct_nec_downloads/markdown/620260603-5200-양양군나선거구-100159356-1-선거공보.md","ok","pymupdf","ok","6","2635","4361170","pack_stale_currently_available_direct_nec_recovered"
"620260603-5200-양양군나선거구-100159759-1-선거공보","candidate-doc:100159759:1","5200","강원특별자치도","620260603","구·시·군의회의원선거","양양군나선거구","100159759","박동철","국민의힘","1","선거공보","https://policy.nec.go.kr/plc/common/downloadFile.do?requestedFileName=20260603_%EC%96%91%EC%96%91%EA%B5%B0%EB%82%98%EC%84%A0%EA%B1%B0%EA%B5%AC_%EB%B0%95%EB%8F%99%EC%B2%A0_%EC%84%A0%EA%B1%B0%EA%B3%B5%EB%B3%B4.pdf&requestedFullPath=20260603/PDF/PBINFO/5210/003_100159759_20260521_1.pdf","20260603/PDF/PBINFO/5210/003_100159759_20260521_1.pdf","supplements/official_gap_recovery_2026/direct_nec_downloads/markdown/620260603-5200-양양군나선거구-100159759-1-선거공보.md","https://github.com/treylom/opencrab-nec-2026-local-election-data/blob/main/supplements/official_gap_recovery_2026/direct_nec_downloads/markdown/620260603-5200-양양군나선거구-100159759-1-선거공보.md","ok","pymupdf","suspiciously_short_text","8","114","2094898","pack_stale_currently_available_direct_nec_recovered"
"620260603-5200-양양군나선거구-100158384-1-선거공보","candidate-doc:100158384:1","5200","강원특별자치도","620260603","구·시·군의회의원선거","양양군나선거구","100158384","고교연","국민의힘","1","선거공보","https://policy.nec.go.kr/plc/common/downloadFile.do?requestedFileName=20260603_%EC%96%91%EC%96%91%EA%B5%B0%EB%82%98%EC%84%A0%EA%B1%B0%EA%B5%AC_%EA%B3%A0%EA%B5%90%EC%97%B0_%EC%84%A0%EA%B1%B0%EA%B3%B5%EB%B3%B4.pdf&requestedFullPath=20260603/PDF/PBINFO/5210/003_100158384_20260521_1.pdf","20260603/PDF/PBINFO/5210/003_100158384_20260521_1.pdf","supplements/official_gap_recovery_2026/direct_nec_downloads/markdown/620260603-5200-양양군나선거구-100158384-1-선거공보.md","https://github.com/treylom/opencrab-nec-2026-local-election-data/blob/main/supplements/official_gap_recovery_2026/direct_nec_downloads/markdown/620260603-5200-양양군나선거구-100158384-1-선거공보.md","ok","pymupdf","ok","8","4266","5973275","pack_stale_currently_available_direct_nec_recovered"
"620260603-5200-양양군나선거구-100160391-1-선거공보","candidate-doc:100160391:1","5200","강원특별자치도","620260603","구·시·군의회의원선거","양양군나선거구","100160391","오세만","무소속","1","선거공보","https://policy.nec.go.kr/plc/common/downloadFile.do?requestedFileName=20260603_%EC%96%91%EC%96%91%EA%B5%B0%EB%82%98%EC%84%A0%EA%B1%B0%EA%B5%AC_%EC%98%A4%EC%84%B8%EB%A7%8C_%EC%84%A0%EA%B1%B0%EA%B3%B5%EB%B3%B4.pdf&requestedFullPath=20260603/PDF/PBINFO/5210/003_100160391_20260521_1.pdf","20260603/PDF/PBINFO/5210/003_100160391_20260521_1.pdf","supplements/official_gap_recovery_2026/direct_nec_downloads/markdown/620260603-5200-양양군나선거구-100160391-1-선거공보.md","https://github.com/treylom/opencrab-nec-2026-local-election-data/blob/main/supplements/official_gap_recovery_2026/direct_nec_downloads/markdown/620260603-5200-양양군나선거구-100160391-1-선거공보.md","ok","pymupdf","suspiciously_short_text","8","114","8514181","pack_stale_currently_available_direct_nec_recovered"
"620260603-5200-양양군나선거구-100161081-1-선거공보","candidate-doc:100161081:1","5200","강원특별자치도","620260603","구·시·군의회의원선거","양양군나선거구","100161081","박광수","무소속","1","선거공보","https://policy.nec.go.kr/plc/common/downloadFile.do?requestedFileName=20260603_%EC%96%91%EC%96%91%EA%B5%B0%EB%82%98%EC%84%A0%EA%B1%B0%EA%B5%AC_%EB%B0%95%EA%B4%91%EC%88%98_%EC%84%A0%EA%B1%B0%EA%B3%B5%EB%B3%B4.pdf&requestedFullPath=20260603/PDF/PBINFO/5210/003_100161081_20260522_1.pdf","20260603/PDF/PBINFO/5210/003_100161081_20260522_1.pdf","supplements/official_gap_recovery_2026/direct_nec_downloads/markdown/620260603-5200-양양군나선거구-100161081-1-선거공보.md","https://github.com/treylom/opencrab-nec-2026-local-election-data/blob/main/supplements/official_gap_recovery_2026/direct_nec_downloads/markdown/620260603-5200-양양군나선거구-100161081-1-선거공보.md","ok","pymupdf","ok","8","3024","17862551","pack_stale_currently_available_direct_nec_recovered"
"620260603-5300-전주시가선거구-100162142-1-선거공보","candidate-doc:100162142:1","5300","전북특별자치도","620260603","구·시·군의회의원선거","전주시가선거구","100162142","최용철","더불어민주당","1","선거공보","https://policy.nec.go.kr/plc/common/downloadFile.do?requestedFileName=20260603_%EC%A0%84%EC%A3%BC%EC%8B%9C%EA%B0%80%EC%84%A0%EA%B1%B0%EA%B5%AC_%EC%B5%9C%EC%9A%A9%EC%B2%A0_%EC%84%A0%EA%B1%B0%EA%B3%B5%EB%B3%B4.pdf&requestedFullPath=20260603/PDF/PBINFO/5301/003_100162142_20260525_1.pdf","20260603/PDF/PBINFO/5301/003_100162142_20260525_1.pdf","supplements/official_gap_recovery_2026/direct_nec_downloads/markdown/620260603-5300-전주시가선거구-100162142-1-선거공보.md","https://github.com/treylom/opencrab-nec-2026-local-election-data/blob/main/supplements/official_gap_recovery_2026/direct_nec_downloads/markdown/620260603-5300-전주시가선거구-100162142-1-선거공보.md","ok","pymupdf","suspiciously_short_text","8","114","4683419","pack_stale_currently_available_direct_nec_recovered"
"620260603-5300-전주시가선거구-100161148-1-선거공보","candidate-doc:100161148:1","5300","전북특별자치도","620260603","구·시·군의회의원선거","전주시가선거구","100161148","김윤철","더불어민주당","1","선거공보","https://policy.nec.go.kr/plc/common/downloadFile.do?requestedFileName=20260603_%EC%A0%84%EC%A3%BC%EC%8B%9C%EA%B0%80%EC%84%A0%EA%B1%B0%EA%B5%AC_%EA%B9%80%EC%9C%A4%EC%B2%A0_%EC%84%A0%EA%B1%B0%EA%B3%B5%EB%B3%B4.pdf&requestedFullPath=20260603/PDF/PBINFO/5301/003_100161148_20260525_1.pdf","20260603/PDF/PBINFO/5301/003_100161148_20260525_1.pdf","supplements/official_gap_recovery_2026/direct_nec_downloads/markdown/620260603-5300-전주시가선거구-100161148-1-선거공보.md","https://github.com/treylom/opencrab-nec-2026-local-election-data/blob/main/supplements/official_gap_recovery_2026/direct_nec_downloads/markdown/620260603-5300-전주시가선거구-100161148-1-선거공보.md","ok","pymupdf","ok","8","3453","15634642","pack_stale_currently_available_direct_nec_recovered"
"620260603-5300-전주시가선거구-100161708-1-선거공보","candidate-doc:100161708:1","5300","전북특별자치도","620260603","구·시·군의회의원선거","전주시가선거구","100161708","김원주","더불어민주당","1","선거공보","https://policy.nec.go.kr/plc/common/downloadFile.do?requestedFileName=20260603_%EC%A0%84%EC%A3%BC%EC%8B%9C%EA%B0%80%EC%84%A0%EA%B1%B0%EA%B5%AC_%EA%B9%80%EC%9B%90%EC%A3%BC_%EC%84%A0%EA%B1%B0%EA%B3%B5%EB%B3%B4.pdf&requestedFullPath=20260603/PDF/PBINFO/5301/003_100161708_20260525_1.pdf","20260603/PDF/PBINFO/5301/003_100161708_20260525_1.pdf","supplements/official_gap_recovery_2026/direct_nec_downloads/markdown/620260603-5300-전주시가선거구-100161708-1-선거공보.md","https://github.com/treylom/opencrab-nec-2026-local-election-data/blob/main/supplements/official_gap_recovery_2026/direct_nec_downloads/markdown/620260603-5300-전주시가선거구-100161708-1-선거공보.md","ok","pymupdf","suspiciously_short_text","8","114","3197735","pack_stale_currently_available_direct_nec_recovered"
"620260603-5300-전주시가선거구-100155376-1-선거공보","candidate-doc:100155376:1","5300","전북특별자치도","620260603","구·시·군의회의원선거","전주시가선거구","100155376","채민석","조국혁신당","1","선거공보","https://policy.nec.go.kr/plc/common/downloadFile.do?requestedFileName=20260603_%EC%A0%84%EC%A3%BC%EC%8B%9C%EA%B0%80%EC%84%A0%EA%B1%B0%EA%B5%AC_%EC%B1%84%EB%AF%BC%EC%84%9D_%EC%84%A0%EA%B1%B0%EA%B3%B5%EB%B3%B4.pdf&requestedFullPath=20260603/PDF/PBINFO/5301/003_100155376_20260525_1.pdf","20260603/PDF/PBINFO/5301/003_100155376_20260525_1.pdf","supplements/official_gap_recovery_2026/direct_nec_downloads/markdown/620260603-5300-전주시가선거구-100155376-1-선거공보.md","https://github.com/treylom/opencrab-nec-2026-local-election-data/blob/main/supplements/official_gap_recovery_2026/direct_nec_downloads/markdown/620260603-5300-전주시가선거구-100155376-1-선거공보.md","ok","pymupdf","ok","8","1917","6185797","pack_stale_currently_available_direct_nec_recovered"
"620260603-5300-전주시나선거구-100157488-1-선거공보","candidate-doc:100157488:1","5300","전북특별자치도","620260603","구·시·군의회의원선거","전주시나선거구","100157488","장병익","더불어민주당","1","선거공보","https://policy.nec.go.kr/plc/common/downloadFile.do?requestedFileName=20260603_%EC%A0%84%EC%A3%BC%EC%8B%9C%EB%82%98%EC%84%A0%EA%B1%B0%EA%B5%AC_%EC%9E%A5%EB%B3%91%EC%9D%B5_%EC%84%A0%EA%B1%B0%EA%B3%B5%EB%B3%B4.pdf&requestedFullPath=20260603/PDF/PBINFO/5301/003_100157488_20260525_1.pdf","20260603/PDF/PBINFO/5301/003_100157488_20260525_1.pdf","supplements/official_gap_recovery_2026/direct_nec_downloads/markdown/620260603-5300-전주시나선거구-100157488-1-선거공보.md","https://github.com/treylom/opencrab-nec-2026-local-election-data/blob/main/supplements/official_gap_recovery_2026/direct_nec_downloads/markdown/620260603-5300-전주시나선거구-100157488-1-선거공보.md","ok","pymupdf","suspiciously_short_text","8","114","15769500","pack_stale_currently_available_direct_nec_recovered"
"620260603-5300-전주시나선거구-100156063-1-선거공보","candidate-doc:100156063:1","5300","전북특별자치도","620260603","구·시·군의회의원선거","전주시나선거구","100156063","이동문","더불어민주당","1","선거공보","https://policy.nec.go.kr/plc/common/downloadFile.do?requestedFileName=20260603_%EC%A0%84%EC%A3%BC%EC%8B%9C%EB%82%98%EC%84%A0%EA%B1%B0%EA%B5%AC_%EC%9D%B4%EB%8F%99%EB%AC%B8_%EC%84%A0%EA%B1%B0%EA%B3%B5%EB%B3%B4.pdf&requestedFullPath=20260603/PDF/PBINFO/5301/003_100156063_20260525_1.pdf","20260603/PDF/PBINFO/5301/003_100156063_20260525_1.pdf","supplements/official_gap_recovery_2026/direct_nec_downloads/markdown/620260603-5300-전주시나선거구-100156063-1-선거공보.md","https://github.com/treylom/opencrab-nec-2026-local-election-data/blob/main/supplements/official_gap_recovery_2026/direct_nec_downloads/markdown/620260603-5300-전주시나선거구-100156063-1-선거공보.md","ok","pymupdf","suspiciously_short_text","8","114","3113275","pack_stale_currently_available_direct_nec_recovered"
"620260603-5300-전주시나선거구-100157646-1-선거공보","candidate-doc:100157646:1","5300","전북특별자치도","620260603","구·시·군의회의원선거","전주시나선거구","100157646","김세혁","더불어민주당","1","선거공보","https://policy.nec.go.kr/plc/common/downloadFile.do?requestedFileName=20260603_%EC%A0%84%EC%A3%BC%EC%8B%9C%EB%82%98%EC%84%A0%EA%B1%B0%EA%B5%AC_%EA%B9%80%EC%84%B8%ED%98%81_%EC%84%A0%EA%B1%B0%EA%B3%B5%EB%B3%B4.pdf&requestedFullPath=20260603/PDF/PBINFO/5301/003_100157646_20260525_1.pdf","20260603/PDF/PBINFO/5301/003_100157646_20260525_1.pdf","supplements/official_gap_recovery_2026/direct_nec_downloads/markdown/620260603-5300-전주시나선거구-100157646-1-선거공보.md","https://github.com/treylom/opencrab-nec-2026-local-election-data/blob/main/supplements/official_gap_recovery_2026/direct_nec_downloads/markdown/620260603-5300-전주시나선거구-100157646-1-선거공보.md","ok","pymupdf","ok","8","2956","7727363","pack_stale_currently_available_direct_nec_recovered"
"620260603-5300-전주시나선거구-100156111-1-선거공보","candidate-doc:100156111:1","5300","전북특별자치도","620260603","구·시·군의회의원선거","전주시나선거구","100156111","조우영","조국혁신당","1","선거공보","https://policy.nec.go.kr/plc/common/downloadFile.do?requestedFileName=20260603_%EC%A0%84%EC%A3%BC%EC%8B%9C%EB%82%98%EC%84%A0%EA%B1%B0%EA%B5%AC_%EC%A1%B0%EC%9A%B0%EC%98%81_%EC%84%A0%EA%B1%B0%EA%B3%B5%EB%B3%B4.pdf&requestedFullPath=20260603/PDF/PBINFO/5301/003_100156111_20260525_1.pdf","20260603/PDF/PBINFO/5301/003_100156111_20260525_1.pdf","supplements/official_gap_recovery_2026/direct_nec_downloads/markdown/620260603-5300-전주시나선거구-100156111-1-선거공보.md","https://github.com/treylom/opencrab-nec-2026-local-election-data/blob/main/supplements/official_gap_recovery_2026/direct_nec_downloads/markdown/620260603-5300-전주시나선거구-100156111-1-선거공보.md","ok","pymupdf","ok","8","2712","8995929","pack_stale_currently_available_direct_nec_recovered"
"620260603-5300-전주시나선거구-100156335-1-선거공보","candidate-doc:100156335:1","5300","전북특별자치도","620260603","구·시·군의회의원선거","전주시나선거구","100156335","여민영","진보당","1","선거공보","https://policy.nec.go.kr/plc/common/downloadFile.do?requestedFileName=20260603_%EC%A0%84%EC%A3%BC%EC%8B%9C%EB%82%98%EC%84%A0%EA%B1%B0%EA%B5%AC_%EC%97%AC%EB%AF%BC%EC%98%81_%EC%84%A0%EA%B1%B0%EA%B3%B5%EB%B3%B4.pdf&requestedFullPath=20260603/PDF/PBINFO/5301/003_100156335_20260525_1.pdf","20260603/PDF/PBINFO/5301/003_100156335_20260525_1.pdf","supplements/official_gap_recovery_2026/direct_nec_downloads/markdown/620260603-5300-전주시나선거구-100156335-1-선거공보.md","https://github.com/treylom/opencrab-nec-2026-local-election-data/blob/main/supplements/official_gap_recovery_2026/direct_nec_downloads/markdown/620260603-5300-전주시나선거구-100156335-1-선거공보.md","ok","pymupdf","ok","8","2669","6311202","pack_stale_currently_available_direct_nec_recovered"
"620260603-5300-전주시다선거구-100156028-1-선거공보","candidate-doc:100156028:1","5300","전북특별자치도","620260603","구·시·군의회의원선거","전주시다선거구","100156028","김정명","더불어민주당","1","선거공보","https://policy.nec.go.kr/plc/common/downloadFile.do?requestedFileName=20260603_%EC%A0%84%EC%A3%BC%EC%8B%9C%EB%8B%A4%EC%84%A0%EA%B1%B0%EA%B5%AC_%EA%B9%80%EC%A0%95%EB%AA%85_%EC%84%A0%EA%B1%B0%EA%B3%B5%EB%B3%B4.pdf&requestedFullPath=20260603/PDF/PBINFO/5301/003_100156028_20260525_1.pdf","20260603/PDF/PBINFO/5301/003_100156028_20260525_1.pdf","supplements/official_gap_recovery_2026/direct_nec_downloads/markdown/620260603-5300-전주시다선거구-100156028-1-선거공보.md","https://github.com/treylom/opencrab-nec-2026-local-election-data/blob/main/supplements/official_gap_recovery_2026/direct_nec_downloads/markdown/620260603-5300-전주시다선거구-100156028-1-선거공보.md","ok","pymupdf","suspiciously_short_text","4","54","1941771","pack_stale_currently_available_direct_nec_recovered"
"620260603-5300-전주시다선거구-100156225-1-선거공보","candidate-doc:100156225:1","5300","전북특별자치도","620260603","구·시·군의회의원선거","전주시다선거구","100156225","이남숙","더불어민주당","1","선거공보","https://policy.nec.go.kr/plc/common/downloadFile.do?requestedFileName=20260603_%EC%A0%84%EC%A3%BC%EC%8B%9C%EB%8B%A4%EC%84%A0%EA%B1%B0%EA%B5%AC_%EC%9D%B4%EB%82%A8%EC%88%99_%EC%84%A0%EA%B1%B0%EA%B3%B5%EB%B3%B4.pdf&requestedFullPath=20260603/PDF/PBINFO/5301/003_100156225_20260525_1.pdf","20260603/PDF/PBINFO/5301/003_100156225_20260525_1.pdf","supplements/official_gap_recovery_2026/direct_nec_downloads/markdown/620260603-5300-전주시다선거구-100156225-1-선거공보.md","https://github.com/treylom/opencrab-nec-2026-local-election-data/blob/main/supplements/official_gap_recovery_2026/direct_nec_downloads/markdown/620260603-5300-전주시다선거구-100156225-1-선거공보.md","ok","pymupdf","ok","8","3118","5236827","pack_stale_currently_available_direct_nec_recovered"
"620260603-5300-전주시다선거구-100157192-1-선거공보","candidate-doc:100157192:1","5300","전북특별자치도","620260603","구·시·군의회의원선거","전주시다선거구","100157192","최주만","더불어민주당","1","선거공보","https://policy.nec.go.kr/plc/common/downloadFile.do?requestedFileName=20260603_%EC%A0%84%EC%A3%BC%EC%8B%9C%EB%8B%A4%EC%84%A0%EA%B1%B0%EA%B5%AC_%EC%B5%9C%EC%A3%BC%EB%A7%8C_%EC%84%A0%EA%B1%B0%EA%B3%B5%EB%B3%B4.pdf&requestedFullPath=20260603/PDF/PBINFO/5301/003_100157192_20260525_1.pdf","20260603/PDF/PBINFO/5301/003_100157192_20260525_1.pdf","supplements/official_gap_recovery_2026/direct_nec_downloads/markdown/620260603-5300-전주시다선거구-100157192-1-선거공보.md","https://github.com/treylom/opencrab-nec-2026-local-election-data/blob/main/supplements/official_gap_recovery_2026/direct_nec_downloads/markdown/620260603-5300-전주시다선거구-100157192-1-선거공보.md","ok","pymupdf","suspiciously_short_text","8","114","1022864","pack_stale_currently_available_direct_nec_recovered"
"620260603-5300-전주시다선거구-100156424-1-선거공보","candidate-doc:100156424:1","5300","전북특별자치도","620260603","구·시·군의회의원선거","전주시다선거구","100156424","김경찬","국민의힘","1","선거공보","https://policy.nec.go.kr/plc/common/downloadFile.do?requestedFileName=20260603_%EC%A0%84%EC%A3%BC%EC%8B%9C%EB%8B%A4%EC%84%A0%EA%B1%B0%EA%B5%AC_%EA%B9%80%EA%B2%BD%EC%B0%AC_%EC%84%A0%EA%B1%B0%EA%B3%B5%EB%B3%B4.pdf&requestedFullPath=20260603/PDF/PBINFO/5301/003_100156424_20260525_1.pdf","20260603/PDF/PBINFO/5301/003_100156424_20260525_1.pdf","supplements/official_gap_recovery_2026/direct_nec_downloads/markdown/620260603-5300-전주시다선거구-100156424-1-선거공보.md","https://github.com/treylom/opencrab-nec-2026-local-election-data/blob/main/supplements/official_gap_recovery_2026/direct_nec_downloads/markdown/620260603-5300-전주시다선거구-100156424-1-선거공보.md","ok","pymupdf","ok","4","500","1404081","pack_stale_currently_available_direct_nec_recovered"
"620260603-5300-전주시다선거구-100154619-1-선거공보","candidate-doc:100154619:1","5300","전북특별자치도","620260603","구·시·군의회의원선거","전주시다선거구","100154619","김주년","조국혁신당","1","선거공보","https://policy.nec.go.kr/plc/common/downloadFile.do?requestedFileName=20260603_%EC%A0%84%EC%A3%BC%EC%8B%9C%EB%8B%A4%EC%84%A0%EA%B1%B0%EA%B5%AC_%EA%B9%80%EC%A3%BC%EB%85%84_%EC%84%A0%EA%B1%B0%EA%B3%B5%EB%B3%B4.pdf&requestedFullPath=20260603/PDF/PBINFO/5301/003_100154619_20260525_1.pdf","20260603/PDF/PBINFO/5301/003_100154619_20260525_1.pdf","supplements/official_gap_recovery_2026/direct_nec_downloads/markdown/620260603-5300-전주시다선거구-100154619-1-선거공보.md","https://github.com/treylom/opencrab-nec-2026-local-election-data/blob/main/supplements/official_gap_recovery_2026/direct_nec_downloads/markdown/620260603-5300-전주시다선거구-100154619-1-선거공보.md","ok","pymupdf","ok","8","238","6918532","pack_stale_currently_available_direct_nec_recovered"
"620260603-5300-전주시다선거구-100156899-1-선거공보","candidate-doc:100156899:1","5300","전북특별자치도","620260603","구·시·군의회의원선거","전주시다선거구","100156899","양영환","무소속","1","선거공보","https://policy.nec.go.kr/plc/common/downloadFile.do?requestedFileName=20260603_%EC%A0%84%EC%A3%BC%EC%8B%9C%EB%8B%A4%EC%84%A0%EA%B1%B0%EA%B5%AC_%EC%96%91%EC%98%81%ED%99%98_%EC%84%A0%EA%B1%B0%EA%B3%B5%EB%B3%B4.pdf&requestedFullPath=20260603/PDF/PBINFO/5301/003_100156899_20260525_1.pdf","20260603/PDF/PBINFO/5301/003_100156899_20260525_1.pdf","supplements/official_gap_recovery_2026/direct_nec_downloads/markdown/620260603-5300-전주시다선거구-100156899-1-선거공보.md","https://github.com/treylom/opencrab-nec-2026-local-election-data/blob/main/supplements/official_gap_recovery_2026/direct_nec_downloads/markdown/620260603-5300-전주시다선거구-100156899-1-선거공보.md","ok","pymupdf","ok","8","796","7514037","pack_stale_currently_available_direct_nec_recovered"
"620260603-5300-전주시라선거구-100154948-1-선거공보","candidate-doc:100154948:1","5300","전북특별자치도","620260603","구·시·군의회의원선거","전주시라선거구","100154948","심진철","더불어민주당","1","선거공보","https://policy.nec.go.kr/plc/common/downloadFile.do?requestedFileName=20260603_%EC%A0%84%EC%A3%BC%EC%8B%9C%EB%9D%BC%EC%84%A0%EA%B1%B0%EA%B5%AC_%EC%8B%AC%EC%A7%84%EC%B2%A0_%EC%84%A0%EA%B1%B0%EA%B3%B5%EB%B3%B4.pdf&requestedFullPath=20260603/PDF/PBINFO/5301/003_100154948_20260525_1.pdf","20260603/PDF/PBINFO/5301/003_100154948_20260525_1.pdf","supplements/official_gap_recovery_2026/direct_nec_downloads/markdown/620260603-5300-전주시라선거구-100154948-1-선거공보.md","https://github.com/treylom/opencrab-nec-2026-local-election-data/blob/main/supplements/official_gap_recovery_2026/direct_nec_downloads/markdown/620260603-5300-전주시라선거구-100154948-1-선거공보.md","ok","pymupdf","ok","5","3319","4256800","pack_stale_currently_available_direct_nec_recovered"
"620260603-5300-전주시라선거구-100156711-1-선거공보","candidate-doc:100156711:1","5300","전북특별자치도","620260603","구·시·군의회의원선거","전주시라선거구","100156711","최인호","조국혁신당","1","선거공보","https://policy.nec.go.kr/plc/common/downloadFile.do?requestedFileName=20260603_%EC%A0%84%EC%A3%BC%EC%8B%9C%EB%9D%BC%EC%84%A0%EA%B1%B0%EA%B5%AC_%EC%B5%9C%EC%9D%B8%ED%98%B8_%EC%84%A0%EA%B1%B0%EA%B3%B5%EB%B3%B4.pdf&requestedFullPath=20260603/PDF/PBINFO/5301/003_100156711_20260525_1.pdf","20260603/PDF/PBINFO/5301/003_100156711_20260525_1.pdf","supplements/official_gap_recovery_2026/direct_nec_downloads/markdown/620260603-5300-전주시라선거구-100156711-1-선거공보.md","https://github.com/treylom/opencrab-nec-2026-local-election-data/blob/main/supplements/official_gap_recovery_2026/direct_nec_downloads/markdown/620260603-5300-전주시라선거구-100156711-1-선거공보.md","ok","pymupdf","suspiciously_short_text","8","114","5423561","pack_stale_currently_available_direct_nec_recovered"
"620260603-5300-전주시라선거구-100165323-1-선거공보","candidate-doc:100165323:1","5300","전북특별자치도","620260603","구·시·군의회의원선거","전주시라선거구","100165323","최영심","무소속","1","선거공보","https://policy.nec.go.kr/plc/common/downloadFile.do?requestedFileName=20260603_%EC%A0%84%EC%A3%BC%EC%8B%9C%EB%9D%BC%EC%84%A0%EA%B1%B0%EA%B5%AC_%EC%B5%9C%EC%98%81%EC%8B%AC_%EC%84%A0%EA%B1%B0%EA%B3%B5%EB%B3%B4.pdf&requestedFullPath=20260603/PDF/PBINFO/5301/003_100165323_20260525_1.pdf","20260603/PDF/PBINFO/5301/003_100165323_20260525_1.pdf","supplements/official_gap_recovery_2026/direct_nec_downloads/markdown/620260603-5300-전주시라선거구-100165323-1-선거공보.md","https://github.com/treylom/opencrab-nec-2026-local-election-data/blob/main/supplements/official_gap_recovery_2026/direct_nec_downloads/markdown/620260603-5300-전주시라선거구-100165323-1-선거공보.md","ok","pymupdf","ok","8","2964","6738769","pack_stale_currently_available_direct_nec_recovered"
"620260603-5300-전주시마선거구-100155600-1-선거공보","candidate-doc:100155600:1","5300","전북특별자치도","620260603","구·시·군의회의원선거","전주시마선거구","100155600","심성욱","더불어민주당","1","선거공보","https://policy.nec.go.kr/plc/common/downloadFile.do?requestedFileName=20260603_%EC%A0%84%EC%A3%BC%EC%8B%9C%EB%A7%88%EC%84%A0%EA%B1%B0%EA%B5%AC_%EC%8B%AC%EC%84%B1%EC%9A%B1_%EC%84%A0%EA%B1%B0%EA%B3%B5%EB%B3%B4.pdf&requestedFullPath=20260603/PDF/PBINFO/5301/003_100155600_20260525_1.pdf","20260603/PDF/PBINFO/5301/003_100155600_20260525_1.pdf","supplements/official_gap_recovery_2026/direct_nec_downloads/markdown/620260603-5300-전주시마선거구-100155600-1-선거공보.md","https://github.com/treylom/opencrab-nec-2026-local-election-data/blob/main/supplements/official_gap_recovery_2026/direct_nec_downloads/markdown/620260603-5300-전주시마선거구-100155600-1-선거공보.md","empty_text","pymupdf","empty_text","0","0","1606419","pack_stale_currently_available_direct_nec_recovered"
"620260603-5300-전주시마선거구-100154889-1-선거공보","candidate-doc:100154889:1","5300","전북특별자치도","620260603","구·시·군의회의원선거","전주시마선거구","100154889","이은경","조국혁신당","1","선거공보","https://policy.nec.go.kr/plc/common/downloadFile.do?requestedFileName=20260603_%EC%A0%84%EC%A3%BC%EC%8B%9C%EB%A7%88%EC%84%A0%EA%B1%B0%EA%B5%AC_%EC%9D%B4%EC%9D%80%EA%B2%BD_%EC%84%A0%EA%B1%B0%EA%B3%B5%EB%B3%B4.pdf&requestedFullPath=20260603/PDF/PBINFO/5301/003_100154889_20260525_1.pdf","20260603/PDF/PBINFO/5301/003_100154889_20260525_1.pdf","supplements/official_gap_recovery_2026/direct_nec_downloads/markdown/620260603-5300-전주시마선거구-100154889-1-선거공보.md","https://github.com/treylom/opencrab-nec-2026-local-election-data/blob/main/supplements/official_gap_recovery_2026/direct_nec_downloads/markdown/620260603-5300-전주시마선거구-100154889-1-선거공보.md","ok","pymupdf","suspiciously_short_text","4","55","711567","pack_stale_currently_available_direct_nec_recovered"
"620260603-5300-전주시마선거구-100158283-1-선거공보","candidate-doc:100158283:1","5300","전북특별자치도","620260603","구·시·군의회의원선거","전주시마선거구","100158283","한승우","정의당","1","선거공보","https://policy.nec.go.kr/plc/common/downloadFile.do?requestedFileName=20260603_%EC%A0%84%EC%A3%BC%EC%8B%9C%EB%A7%88%EC%84%A0%EA%B1%B0%EA%B5%AC_%ED%95%9C%EC%8A%B9%EC%9A%B0_%EC%84%A0%EA%B1%B0%EA%B3%B5%EB%B3%B4.pdf&requestedFullPath=20260603/PDF/PBINFO/5301/003_100158283_20260525_1.pdf","20260603/PDF/PBINFO/5301/003_100158283_20260525_1.pdf","supplements/official_gap_recovery_2026/direct_nec_downloads/markdown/620260603-5300-전주시마선거구-100158283-1-선거공보.md","https://github.com/treylom/opencrab-nec-2026-local-election-data/blob/main/supplements/official_gap_recovery_2026/direct_nec_downloads/markdown/620260603-5300-전주시마선거구-100158283-1-선거공보.md","ok","pymupdf","ok","8","1709","16436455","pack_stale_currently_available_direct_nec_recovered"
"620260603-5300-전주시바선거구-100162056-1-선거공보","candidate-doc:100162056:1","5300","전북특별자치도","620260603","구·시·군의회의원선거","전주시바선거구","100162056","전윤미","더불어민주당","1","선거공보","https://policy.nec.go.kr/plc/common/downloadFile.do?requestedFileName=20260603_%EC%A0%84%EC%A3%BC%EC%8B%9C%EB%B0%94%EC%84%A0%EA%B1%B0%EA%B5%AC_%EC%A0%84%EC%9C%A4%EB%AF%B8_%EC%84%A0%EA%B1%B0%EA%B3%B5%EB%B3%B4.pdf&requestedFullPath=20260603/PDF/PBINFO/5301/003_100162056_20260525_1.pdf","20260603/PDF/PBINFO/5301/003_100162056_20260525_1.pdf","supplements/official_gap_recovery_2026/direct_nec_downloads/markdown/620260603-5300-전주시바선거구-100162056-1-선거공보.md","https://github.com/treylom/opencrab-nec-2026-local-election-data/blob/main/supplements/official_gap_recovery_2026/direct_nec_downloads/markdown/620260603-5300-전주시바선거구-100162056-1-선거공보.md","ok","pymupdf","ok","5","4594","4266913","pack_stale_currently_available_direct_nec_recovered"
"620260603-5300-전주시바선거구-100155828-1-선거공보","candidate-doc:100155828:1","5300","전북특별자치도","620260603","구·시·군의회의원선거","전주시바선거구","100155828","김성규","더불어민주당","1","선거공보","https://policy.nec.go.kr/plc/common/downloadFile.do?requestedFileName=20260603_%EC%A0%84%EC%A3%BC%EC%8B%9C%EB%B0%94%EC%84%A0%EA%B1%B0%EA%B5%AC_%EA%B9%80%EC%84%B1%EA%B7%9C_%EC%84%A0%EA%B1%B0%EA%B3%B5%EB%B3%B4.pdf&requestedFullPath=20260603/PDF/PBINFO/5301/003_100155828_20260525_1.pdf","20260603/PDF/PBINFO/5301/003_100155828_20260525_1.pdf","supplements/official_gap_recovery_2026/direct_nec_downloads/markdown/620260603-5300-전주시바선거구-100155828-1-선거공보.md","https://github.com/treylom/opencrab-nec-2026-local-election-data/blob/main/supplements/official_gap_recovery_2026/direct_nec_downloads/markdown/620260603-5300-전주시바선거구-100155828-1-선거공보.md","ok","pymupdf","ok","8","2987","12040440","pack_stale_currently_available_direct_nec_recovered"
"620260603-5300-전주시바선거구-100156912-1-선거공보","candidate-doc:100156912:1","5300","전북특별자치도","620260603","구·시·군의회의원선거","전주시바선거구","100156912","조훈","더불어민주당","1","선거공보","https://policy.nec.go.kr/plc/common/downloadFile.do?requestedFileName=20260603_%EC%A0%84%EC%A3%BC%EC%8B%9C%EB%B0%94%EC%84%A0%EA%B1%B0%EA%B5%AC_%EC%A1%B0%ED%9B%88_%EC%84%A0%EA%B1%B0%EA%B3%B5%EB%B3%B4.pdf&requestedFullPath=20260603/PDF/PBINFO/5301/003_100156912_20260525_1.pdf","20260603/PDF/PBINFO/5301/003_100156912_20260525_1.pdf","supplements/official_gap_recovery_2026/direct_nec_downloads/markdown/620260603-5300-전주시바선거구-100156912-1-선거공보.md","https://github.com/treylom/opencrab-nec-2026-local-election-data/blob/main/supplements/official_gap_recovery_2026/direct_nec_downloads/markdown/620260603-5300-전주시바선거구-100156912-1-선거공보.md","ok","pymupdf","suspiciously_short_text","8","114","15399697","pack_stale_currently_available_direct_nec_recovered"
"620260603-5300-전주시바선거구-100161847-1-선거공보","candidate-doc:100161847:1","5300","전북특별자치도","620260603","구·시·군의회의원선거","전주시바선거구","100161847","송관수","조국혁신당","1","선거공보","https://policy.nec.go.kr/plc/common/downloadFile.do?requestedFileName=20260603_%EC%A0%84%EC%A3%BC%EC%8B%9C%EB%B0%94%EC%84%A0%EA%B1%B0%EA%B5%AC_%EC%86%A1%EA%B4%80%EC%88%98_%EC%84%A0%EA%B1%B0%EA%B3%B5%EB%B3%B4.pdf&requestedFullPath=20260603/PDF/PBINFO/5301/003_100161847_20260525_1.pdf","20260603/PDF/PBINFO/5301/003_100161847_20260525_1.pdf","supplements/official_gap_recovery_2026/direct_nec_downloads/markdown/620260603-5300-전주시바선거구-100161847-1-선거공보.md","https://github.com/treylom/opencrab-nec-2026-local-election-data/blob/main/supplements/official_gap_recovery_2026/direct_nec_downloads/markdown/620260603-5300-전주시바선거구-100161847-1-선거공보.md","ok","pymupdf","ok","2","1876","2750840","pack_stale_currently_available_direct_nec_recovered"
"620260603-5300-전주시바선거구-100155388-1-선거공보","candidate-doc:100155388:1","5300","전북특별자치도","620260603","구·시·군의회의원선거","전주시바선거구","100155388","김금주","진보당","1","선거공보","https://policy.nec.go.kr/plc/common/downloadFile.do?requestedFileName=20260603_%EC%A0%84%EC%A3%BC%EC%8B%9C%EB%B0%94%EC%84%A0%EA%B1%B0%EA%B5%AC_%EA%B9%80%EA%B8%88%EC%A3%BC_%EC%84%A0%EA%B1%B0%EA%B3%B5%EB%B3%B4.pdf&requestedFullPath=20260603/PDF/PBINFO/5301/003_100155388_20260525_1.pdf","20260603/PDF/PBINFO/5301/003_100155388_20260525_1.pdf","supplements/official_gap_recovery_2026/direct_nec_downloads/markdown/620260603-5300-전주시바선거구-100155388-1-선거공보.md","https://github.com/treylom/opencrab-nec-2026-local-election-data/blob/main/supplements/official_gap_recovery_2026/direct_nec_downloads/markdown/620260603-5300-전주시바선거구-100155388-1-선거공보.md","ok","pymupdf","ok","4","3895","12110762","pack_stale_currently_available_direct_nec_recovered"
"620260603-5300-전주시바선거구-100162322-1-선거공보","candidate-doc:100162322:1","5300","전북특별자치도","620260603","구·시·군의회의원선거","전주시바선거구","100162322","채영병","무소속","1","선거공보","https://policy.nec.go.kr/plc/common/downloadFile.do?requestedFileName=20260603_%EC%A0%84%EC%A3%BC%EC%8B%9C%EB%B0%94%EC%84%A0%EA%B1%B0%EA%B5%AC_%EC%B1%84%EC%98%81%EB%B3%91_%EC%84%A0%EA%B1%B0%EA%B3%B5%EB%B3%B4.pdf&requestedFullPath=20260603/PDF/PBINFO/5301/003_100162322_20260525_1.pdf","20260603/PDF/PBINFO/5301/003_100162322_20260525_1.pdf","supplements/official_gap_recovery_2026/direct_nec_downloads/markdown/620260603-5300-전주시바선거구-100162322-1-선거공보.md","https://github.com/treylom/opencrab-nec-2026-local-election-data/blob/main/supplements/official_gap_recovery_2026/direct_nec_downloads/markdown/620260603-5300-전주시바선거구-100162322-1-선거공보.md","ok","pymupdf","ok","8","2991","1076452","pack_stale_currently_available_direct_nec_recovered"
"620260603-5300-전주시사선거구-100155632-1-선거공보","candidate-doc:100155632:1","5300","전북특별자치도","620260603","구·시·군의회의원선거","전주시사선거구","100155632","이성국","더불어민주당","1","선거공보","https://policy.nec.go.kr/plc/common/downloadFile.do?requestedFileName=20260603_%EC%A0%84%EC%A3%BC%EC%8B%9C%EC%82%AC%EC%84%A0%EA%B1%B0%EA%B5%AC_%EC%9D%B4%EC%84%B1%EA%B5%AD_%EC%84%A0%EA%B1%B0%EA%B3%B5%EB%B3%B4.pdf&requestedFullPath=20260603/PDF/PBINFO/5301/003_100155632_20260525_1.pdf","20260603/PDF/PBINFO/5301/003_100155632_20260525_1.pdf","supplements/official_gap_recovery_2026/direct_nec_downloads/markdown/620260603-5300-전주시사선거구-100155632-1-선거공보.md","https://github.com/treylom/opencrab-nec-2026-local-election-data/blob/main/supplements/official_gap_recovery_2026/direct_nec_downloads/markdown/620260603-5300-전주시사선거구-100155632-1-선거공보.md","ok","pymupdf","ok","8","4571","5006127","pack_stale_currently_available_direct_nec_recovered"
"620260603-5300-전주시사선거구-100156217-1-선거공보","candidate-doc:100156217:1","5300","전북특별자치도","620260603","구·시·군의회의원선거","전주시사선거구","100156217","박용욱","더불어민주당","1","선거공보","https://policy.nec.go.kr/plc/common/downloadFile.do?requestedFileName=20260603_%EC%A0%84%EC%A3%BC%EC%8B%9C%EC%82%AC%EC%84%A0%EA%B1%B0%EA%B5%AC_%EB%B0%95%EC%9A%A9%EC%9A%B1_%EC%84%A0%EA%B1%B0%EA%B3%B5%EB%B3%B4.pdf&requestedFullPath=20260603/PDF/PBINFO/5301/003_100156217_20260525_1.pdf","20260603/PDF/PBINFO/5301/003_100156217_20260525_1.pdf","supplements/official_gap_recovery_2026/direct_nec_downloads/markdown/620260603-5300-전주시사선거구-100156217-1-선거공보.md","https://github.com/treylom/opencrab-nec-2026-local-election-data/blob/main/supplements/official_gap_recovery_2026/direct_nec_downloads/markdown/620260603-5300-전주시사선거구-100156217-1-선거공보.md","ok","pymupdf","ok","8","3445","947083","pack_stale_currently_available_direct_nec_recovered"
"620260603-5300-전주시사선거구-100163040-1-선거공보","candidate-doc:100163040:1","5300","전북특별자치도","620260603","구·시·군의회의원선거","전주시사선거구","100163040","홍대규","조국혁신당","1","선거공보","https://policy.nec.go.kr/plc/common/downloadFile.do?requestedFileName=20260603_%EC%A0%84%EC%A3%BC%EC%8B%9C%EC%82%AC%EC%84%A0%EA%B1%B0%EA%B5%AC_%ED%99%8D%EB%8C%80%EA%B7%9C_%EC%84%A0%EA%B1%B0%EA%B3%B5%EB%B3%B4.pdf&requestedFullPath=20260603/PDF/PBINFO/5301/003_100163040_20260525_1.pdf","20260603/PDF/PBINFO/5301/003_100163040_20260525_1.pdf","supplements/official_gap_recovery_2026/direct_nec_downloads/markdown/620260603-5300-전주시사선거구-100163040-1-선거공보.md","https://github.com/treylom/opencrab-nec-2026-local-election-data/blob/main/supplements/official_gap_recovery_2026/direct_nec_downloads/markdown/620260603-5300-전주시사선거구-100163040-1-선거공보.md","ok","pymupdf","suspiciously_short_text","8","114","875441","pack_stale_currently_available_direct_nec_recovered"
"820260603-2700-대구광역시-더불어민주당-1-1","party-doc:820260603:대구광역시:더불어민주당:1","2700","대구광역시","820260603","광역의원비례대표선거","대구광역시","","","더불어민주당","1","비례대표 정당 제출자료","https://policy.nec.go.kr/plc/common/downloadFile.do?requestedFileName=20260603_%EB%8C%80%EA%B5%AC%EA%B4%91%EC%97%AD%EC%8B%9C_%EB%8D%94%EB%B6%88%EC%96%B4%EB%AF%BC%EC%A3%BC%EB%8B%B9_%EB%B9%84%EB%A1%80%EB%8C%80%ED%91%9C%20%EC%A0%95%EB%8B%B9%20%EC%A0%9C%EC%B6%9C%EC%9E%90%EB%A3%8C.pdf&requestedFullPath=20260603/PDF/PBINFO_PUB/2700/003_100_20260522_1.pdf","20260603/PDF/PBINFO_PUB/2700/003_100_20260522_1.pdf","supplements/official_gap_recovery_2026/direct_nec_downloads/markdown/820260603-2700-대구광역시-더불어민주당-1-1.md","https://github.com/treylom/opencrab-nec-2026-local-election-data/blob/main/supplements/official_gap_recovery_2026/direct_nec_downloads/markdown/820260603-2700-대구광역시-더불어민주당-1-1.md","ok","pymupdf","ok","4","1493","1070447","pack_stale_currently_available_direct_nec_recovered"
"820260603-4400-충청남도-더불어민주당-1-1","party-doc:820260603:충청남도:더불어민주당:1","4400","충청남도","820260603","광역의원비례대표선거","충청남도","","","더불어민주당","1","비례대표 정당 제출자료","https://policy.nec.go.kr/plc/common/downloadFile.do?requestedFileName=20260603_%EC%B6%A9%EC%B2%AD%EB%82%A8%EB%8F%84_%EB%8D%94%EB%B6%88%EC%96%B4%EB%AF%BC%EC%A3%BC%EB%8B%B9_%EB%B9%84%EB%A1%80%EB%8C%80%ED%91%9C%20%EC%A0%95%EB%8B%B9%20%EC%A0%9C%EC%B6%9C%EC%9E%90%EB%A3%8C.pdf&requestedFullPath=20260603/PDF/PBINFO_PUB/4400/003_100_20260514_1.pdf","20260603/PDF/PBINFO_PUB/4400/003_100_20260514_1.pdf","supplements/official_gap_recovery_2026/direct_nec_downloads/markdown/820260603-4400-충청남도-더불어민주당-1-1.md","https://github.com/treylom/opencrab-nec-2026-local-election-data/blob/main/supplements/official_gap_recovery_2026/direct_nec_downloads/markdown/820260603-4400-충청남도-더불어민주당-1-1.md","ok","pymupdf","ok","8","2024","7871558","pack_stale_currently_available_direct_nec_recovered"
"820260603-5300-전북특별자치도-더불어민주당-1-1","party-doc:820260603:전북특별자치도:더불어민주당:1","5300","전북특별자치도","820260603","광역의원비례대표선거","전북특별자치도","","","더불어민주당","1","비례대표 정당 제출자료","https://policy.nec.go.kr/plc/common/downloadFile.do?requestedFileName=20260603_%EC%A0%84%EB%B6%81%ED%8A%B9%EB%B3%84%EC%9E%90%EC%B9%98%EB%8F%84_%EB%8D%94%EB%B6%88%EC%96%B4%EB%AF%BC%EC%A3%BC%EB%8B%B9_%EB%B9%84%EB%A1%80%EB%8C%80%ED%91%9C%20%EC%A0%95%EB%8B%B9%20%EC%A0%9C%EC%B6%9C%EC%9E%90%EB%A3%8C.pdf&requestedFullPath=20260603/PDF/PBINFO_PUB/5300/003_100_20260522_1.pdf","20260603/PDF/PBINFO_PUB/5300/003_100_20260522_1.pdf","supplements/official_gap_recovery_2026/direct_nec_downloads/markdown/820260603-5300-전북특별자치도-더불어민주당-1-1.md","https://github.com/treylom/opencrab-nec-2026-local-election-data/blob/main/supplements/official_gap_recovery_2026/direct_nec_downloads/markdown/820260603-5300-전북특별자치도-더불어민주당-1-1.md","ok","pymupdf","suspiciously_short_text","8","120","7450579","pack_stale_currently_available_direct_nec_recovered"
"820260603-3100-울산광역시-더불어민주당-1-1","party-doc:820260603:울산광역시:더불어민주당:1","3100","울산광역시","820260603","광역의원비례대표선거","울산광역시","","","더불어민주당","1","비례대표 정당 제출자료","https://policy.nec.go.kr/plc/common/downloadFile.do?requestedFileName=20260603_%EC%9A%B8%EC%82%B0%EA%B4%91%EC%97%AD%EC%8B%9C_%EB%8D%94%EB%B6%88%EC%96%B4%EB%AF%BC%EC%A3%BC%EB%8B%B9_%EB%B9%84%EB%A1%80%EB%8C%80%ED%91%9C%20%EC%A0%95%EB%8B%B9%20%EC%A0%9C%EC%B6%9C%EC%9E%90%EB%A3%8C.pdf&requestedFullPath=20260603/PDF/PBINFO_PUB/3100/003_100_20260521_1.pdf","20260603/PDF/PBINFO_PUB/3100/003_100_20260521_1.pdf","supplements/official_gap_recovery_2026/direct_nec_downloads/markdown/820260603-3100-울산광역시-더불어민주당-1-1.md","https://github.com/treylom/opencrab-nec-2026-local-election-data/blob/main/supplements/official_gap_recovery_2026/direct_nec_downloads/markdown/820260603-3100-울산광역시-더불어민주당-1-1.md","ok","pymupdf","ok","5","2533","6502641","pack_stale_currently_available_direct_nec_recovered"
"820260603-4300-충청북도-더불어민주당-1-1","party-doc:820260603:충청북도:더불어민주당:1","4300","충청북도","820260603","광역의원비례대표선거","충청북도","","","더불어민주당","1","비례대표 정당 제출자료","https://policy.nec.go.kr/plc/common/downloadFile.do?requestedFileName=20260603_%EC%B6%A9%EC%B2%AD%EB%B6%81%EB%8F%84_%EB%8D%94%EB%B6%88%EC%96%B4%EB%AF%BC%EC%A3%BC%EB%8B%B9_%EB%B9%84%EB%A1%80%EB%8C%80%ED%91%9C%20%EC%A0%95%EB%8B%B9%20%EC%A0%9C%EC%B6%9C%EC%9E%90%EB%A3%8C.pdf&requestedFullPath=20260603/PDF/PBINFO_PUB/4300/003_100_20260516_1.pdf","20260603/PDF/PBINFO_PUB/4300/003_100_20260516_1.pdf","supplements/official_gap_recovery_2026/direct_nec_downloads/markdown/820260603-4300-충청북도-더불어민주당-1-1.md","https://github.com/treylom/opencrab-nec-2026-local-election-data/blob/main/supplements/official_gap_recovery_2026/direct_nec_downloads/markdown/820260603-4300-충청북도-더불어민주당-1-1.md","ok","pymupdf","ok","8","2764","7288129","pack_stale_currently_available_direct_nec_recovered"
"820260603-1100-서울특별시-더불어민주당-1-1","party-doc:820260603:서울특별시:더불어민주당:1","1100","서울특별시","820260603","광역의원비례대표선거","서울특별시","","","더불어민주당","1","비례대표 정당 제출자료","https://policy.nec.go.kr/plc/common/downloadFile.do?requestedFileName=20260603_%EC%84%9C%EC%9A%B8%ED%8A%B9%EB%B3%84%EC%8B%9C_%EB%8D%94%EB%B6%88%EC%96%B4%EB%AF%BC%EC%A3%BC%EB%8B%B9_%EB%B9%84%EB%A1%80%EB%8C%80%ED%91%9C%20%EC%A0%95%EB%8B%B9%20%EC%A0%9C%EC%B6%9C%EC%9E%90%EB%A3%8C.pdf&requestedFullPath=20260603/PDF/PBINFO_PUB/1100/003_100_20260523_1.pdf","20260603/PDF/PBINFO_PUB/1100/003_100_20260523_1.pdf","supplements/official_gap_recovery_2026/direct_nec_downloads/markdown/820260603-1100-서울특별시-더불어민주당-1-1.md","https://github.com/treylom/opencrab-nec-2026-local-election-data/blob/main/supplements/official_gap_recovery_2026/direct_nec_downloads/markdown/820260603-1100-서울특별시-더불어민주당-1-1.md","ok","pymupdf","ok","8","3255","5387891","pack_stale_currently_available_direct_nec_recovered"
"820260603-2600-부산광역시-더불어민주당-1-1","party-doc:820260603:부산광역시:더불어민주당:1","2600","부산광역시","820260603","광역의원비례대표선거","부산광역시","","","더불어민주당","1","비례대표 정당 제출자료","https://policy.nec.go.kr/plc/common/downloadFile.do?requestedFileName=20260603_%EB%B6%80%EC%82%B0%EA%B4%91%EC%97%AD%EC%8B%9C_%EB%8D%94%EB%B6%88%EC%96%B4%EB%AF%BC%EC%A3%BC%EB%8B%B9_%EB%B9%84%EB%A1%80%EB%8C%80%ED%91%9C%20%EC%A0%95%EB%8B%B9%20%EC%A0%9C%EC%B6%9C%EC%9E%90%EB%A3%8C.pdf&requestedFullPath=20260603/PDF/PBINFO_PUB/2600/003_100_20260522_1.pdf","20260603/PDF/PBINFO_PUB/2600/003_100_20260522_1.pdf","supplements/official_gap_recovery_2026/direct_nec_downloads/markdown/820260603-2600-부산광역시-더불어민주당-1-1.md","https://github.com/treylom/opencrab-nec-2026-local-election-data/blob/main/supplements/official_gap_recovery_2026/direct_nec_downloads/markdown/820260603-2600-부산광역시-더불어민주당-1-1.md","ok","pymupdf","ok","8","3222","10762372","pack_stale_currently_available_direct_nec_recovered"
"820260603-4700-경상북도-더불어민주당-1-1","party-doc:820260603:경상북도:더불어민주당:1","4700","경상북도","820260603","광역의원비례대표선거","경상북도","","","더불어민주당","1","비례대표 정당 제출자료","https://policy.nec.go.kr/plc/common/downloadFile.do?requestedFileName=20260603_%EA%B2%BD%EC%83%81%EB%B6%81%EB%8F%84_%EB%8D%94%EB%B6%88%EC%96%B4%EB%AF%BC%EC%A3%BC%EB%8B%B9_%EB%B9%84%EB%A1%80%EB%8C%80%ED%91%9C%20%EC%A0%95%EB%8B%B9%20%EC%A0%9C%EC%B6%9C%EC%9E%90%EB%A3%8C.pdf&requestedFullPath=20260603/PDF/PBINFO_PUB/4700/003_100_20260517_1.pdf","20260603/PDF/PBINFO_PUB/4700/003_100_20260517_1.pdf","supplements/official_gap_recovery_2026/direct_nec_downloads/markdown/820260603-4700-경상북도-더불어민주당-1-1.md","https://github.com/treylom/opencrab-nec-2026-local-election-data/blob/main/supplements/official_gap_recovery_2026/direct_nec_downloads/markdown/820260603-4700-경상북도-더불어민주당-1-1.md","ok","pymupdf","ok","8","2366","3033669","pack_stale_currently_available_direct_nec_recovered"
"820260603-5200-강원특별자치도-더불어민주당-1-1","party-doc:820260603:강원특별자치도:더불어민주당:1","5200","강원특별자치도","820260603","광역의원비례대표선거","강원특별자치도","","","더불어민주당","1","비례대표 정당 제출자료","https://policy.nec.go.kr/plc/common/downloadFile.do?requestedFileName=20260603_%EA%B0%95%EC%9B%90%ED%8A%B9%EB%B3%84%EC%9E%90%EC%B9%98%EB%8F%84_%EB%8D%94%EB%B6%88%EC%96%B4%EB%AF%BC%EC%A3%BC%EB%8B%B9_%EB%B9%84%EB%A1%80%EB%8C%80%ED%91%9C%20%EC%A0%95%EB%8B%B9%20%EC%A0%9C%EC%B6%9C%EC%9E%90%EB%A3%8C.pdf&requestedFullPath=20260603/PDF/PBINFO_PUB/5200/003_100_20260518_1.pdf","20260603/PDF/PBINFO_PUB/5200/003_100_20260518_1.pdf","supplements/official_gap_recovery_2026/direct_nec_downloads/markdown/820260603-5200-강원특별자치도-더불어민주당-1-1.md","https://github.com/treylom/opencrab-nec-2026-local-election-data/blob/main/supplements/official_gap_recovery_2026/direct_nec_downloads/markdown/820260603-5200-강원특별자치도-더불어민주당-1-1.md","ok","pymupdf","ok","8","2161","6197403","pack_stale_currently_available_direct_nec_recovered"
"820260603-4800-경상남도-더불어민주당-1-1","party-doc:820260603:경상남도:더불어민주당:1","4800","경상남도","820260603","광역의원비례대표선거","경상남도","","","더불어민주당","1","비례대표 정당 제출자료","https://policy.nec.go.kr/plc/common/downloadFile.do?requestedFileName=20260603_%EA%B2%BD%EC%83%81%EB%82%A8%EB%8F%84_%EB%8D%94%EB%B6%88%EC%96%B4%EB%AF%BC%EC%A3%BC%EB%8B%B9_%EB%B9%84%EB%A1%80%EB%8C%80%ED%91%9C%20%EC%A0%95%EB%8B%B9%20%EC%A0%9C%EC%B6%9C%EC%9E%90%EB%A3%8C.pdf&requestedFullPath=20260603/PDF/PBINFO_PUB/4800/003_100_20260520_1.pdf","20260603/PDF/PBINFO_PUB/4800/003_100_20260520_1.pdf","supplements/official_gap_recovery_2026/direct_nec_downloads/markdown/820260603-4800-경상남도-더불어민주당-1-1.md","https://github.com/treylom/opencrab-nec-2026-local-election-data/blob/main/supplements/official_gap_recovery_2026/direct_nec_downloads/markdown/820260603-4800-경상남도-더불어민주당-1-1.md","ok","pymupdf","ok","8","3376","689977","pack_stale_currently_available_direct_nec_recovered"
"820260603-2900-전남광주통합특별시-더불어민주당-1-1","party-doc:820260603:전남광주통합특별시:더불어민주당:1","2900","전남광주통합특별시","820260603","광역의원비례대표선거","전남광주통합특별시","","","더불어민주당","1","비례대표 정당 제출자료","https://policy.nec.go.kr/plc/common/downloadFile.do?requestedFileName=20260603_%EC%A0%84%EB%82%A8%EA%B4%91%EC%A3%BC%ED%86%B5%ED%95%A9%ED%8A%B9%EB%B3%84%EC%8B%9C_%EB%8D%94%EB%B6%88%EC%96%B4%EB%AF%BC%EC%A3%BC%EB%8B%B9_%EB%B9%84%EB%A1%80%EB%8C%80%ED%91%9C%20%EC%A0%95%EB%8B%B9%20%EC%A0%9C%EC%B6%9C%EC%9E%90%EB%A3%8C.pdf&requestedFullPath=20260603/PDF/PBINFO_PUB/2900/003_100_20260523_4.pdf","20260603/PDF/PBINFO_PUB/2900/003_100_20260523_4.pdf","supplements/official_gap_recovery_2026/direct_nec_downloads/markdown/820260603-2900-전남광주통합특별시-더불어민주당-1-1.md","https://github.com/treylom/opencrab-nec-2026-local-election-data/blob/main/supplements/official_gap_recovery_2026/direct_nec_downloads/markdown/820260603-2900-전남광주통합특별시-더불어민주당-1-1.md","ok","pymupdf","ok","4","2372","4251343","pack_stale_currently_available_direct_nec_recovered"
"820260603-2800-인천광역시-더불어민주당-1-1","party-doc:820260603:인천광역시:더불어민주당:1","2800","인천광역시","820260603","광역의원비례대표선거","인천광역시","","","더불어민주당","1","비례대표 정당 제출자료","https://policy.nec.go.kr/plc/common/downloadFile.do?requestedFileName=20260603_%EC%9D%B8%EC%B2%9C%EA%B4%91%EC%97%AD%EC%8B%9C_%EB%8D%94%EB%B6%88%EC%96%B4%EB%AF%BC%EC%A3%BC%EB%8B%B9_%EB%B9%84%EB%A1%80%EB%8C%80%ED%91%9C%20%EC%A0%95%EB%8B%B9%20%EC%A0%9C%EC%B6%9C%EC%9E%90%EB%A3%8C.pdf&requestedFullPath=20260603/PDF/PBINFO_PUB/2800/003_100_20260518_1.pdf","20260603/PDF/PBINFO_PUB/2800/003_100_20260518_1.pdf","supplements/official_gap_recovery_2026/direct_nec_downloads/markdown/820260603-2800-인천광역시-더불어민주당-1-1.md","https://github.com/treylom/opencrab-nec-2026-local-election-data/blob/main/supplements/official_gap_recovery_2026/direct_nec_downloads/markdown/820260603-2800-인천광역시-더불어민주당-1-1.md","ok","pymupdf","ok","8","3526","6365069","pack_stale_currently_available_direct_nec_recovered"
"820260603-5100-세종특별자치시-더불어민주당-1-1","party-doc:820260603:세종특별자치시:더불어민주당:1","5100","세종특별자치시","820260603","광역의원비례대표선거","세종특별자치시","","","더불어민주당","1","비례대표 정당 제출자료","https://policy.nec.go.kr/plc/common/downloadFile.do?requestedFileName=20260603_%EC%84%B8%EC%A2%85%ED%8A%B9%EB%B3%84%EC%9E%90%EC%B9%98%EC%8B%9C_%EB%8D%94%EB%B6%88%EC%96%B4%EB%AF%BC%EC%A3%BC%EB%8B%B9_%EB%B9%84%EB%A1%80%EB%8C%80%ED%91%9C%20%EC%A0%95%EB%8B%B9%20%EC%A0%9C%EC%B6%9C%EC%9E%90%EB%A3%8C.pdf&requestedFullPath=20260603/PDF/PBINFO_PUB/5100/003_100_20260522_1.pdf","20260603/PDF/PBINFO_PUB/5100/003_100_20260522_1.pdf","supplements/official_gap_recovery_2026/direct_nec_downloads/markdown/820260603-5100-세종특별자치시-더불어민주당-1-1.md","https://github.com/treylom/opencrab-nec-2026-local-election-data/blob/main/supplements/official_gap_recovery_2026/direct_nec_downloads/markdown/820260603-5100-세종특별자치시-더불어민주당-1-1.md","ok","pymupdf","ok","8","2139","1402435","pack_stale_currently_available_direct_nec_recovered"
"820260603-4100-경기도-더불어민주당-1-1","party-doc:820260603:경기도:더불어민주당:1","4100","경기도","820260603","광역의원비례대표선거","경기도","","","더불어민주당","1","비례대표 정당 제출자료","https://policy.nec.go.kr/plc/common/downloadFile.do?requestedFileName=20260603_%EA%B2%BD%EA%B8%B0%EB%8F%84_%EB%8D%94%EB%B6%88%EC%96%B4%EB%AF%BC%EC%A3%BC%EB%8B%B9_%EB%B9%84%EB%A1%80%EB%8C%80%ED%91%9C%20%EC%A0%95%EB%8B%B9%20%EC%A0%9C%EC%B6%9C%EC%9E%90%EB%A3%8C.pdf&requestedFullPath=20260603/PDF/PBINFO_PUB/4100/003_100_20260523_1.pdf","20260603/PDF/PBINFO_PUB/4100/003_100_20260523_1.pdf","supplements/official_gap_recovery_2026/direct_nec_downloads/markdown/820260603-4100-경기도-더불어민주당-1-1.md","https://github.com/treylom/opencrab-nec-2026-local-election-data/blob/main/supplements/official_gap_recovery_2026/direct_nec_downloads/markdown/820260603-4100-경기도-더불어민주당-1-1.md","ok","pymupdf","ok","8","3755","2499286","pack_stale_currently_available_direct_nec_recovered"
"820260603-4900-제주특별자치도-더불어민주당-1-1","party-doc:820260603:제주특별자치도:더불어민주당:1","4900","제주특별자치도","820260603","광역의원비례대표선거","제주특별자치도","","","더불어민주당","1","비례대표 정당 제출자료","https://policy.nec.go.kr/plc/common/downloadFile.do?requestedFileName=20260603_%EC%A0%9C%EC%A3%BC%ED%8A%B9%EB%B3%84%EC%9E%90%EC%B9%98%EB%8F%84_%EB%8D%94%EB%B6%88%EC%96%B4%EB%AF%BC%EC%A3%BC%EB%8B%B9_%EB%B9%84%EB%A1%80%EB%8C%80%ED%91%9C%20%EC%A0%95%EB%8B%B9%20%EC%A0%9C%EC%B6%9C%EC%9E%90%EB%A3%8C.pdf&requestedFullPath=20260603/PDF/PBINFO_PUB/4900/003_100_20260520_1.pdf","20260603/PDF/PBINFO_PUB/4900/003_100_20260520_1.pdf","supplements/official_gap_recovery_2026/direct_nec_downloads/markdown/820260603-4900-제주특별자치도-더불어민주당-1-1.md","https://github.com/treylom/opencrab-nec-2026-local-election-data/blob/main/supplements/official_gap_recovery_2026/direct_nec_downloads/markdown/820260603-4900-제주특별자치도-더불어민주당-1-1.md","ok","pymupdf","ok","8","2972","2378139","pack_stale_currently_available_direct_nec_recovered"
"820260603-3000-대전광역시-더불어민주당-1-1","party-doc:820260603:대전광역시:더불어민주당:1","3000","대전광역시","820260603","광역의원비례대표선거","대전광역시","","","더불어민주당","1","비례대표 정당 제출자료","https://policy.nec.go.kr/plc/common/downloadFile.do?requestedFileName=20260603_%EB%8C%80%EC%A0%84%EA%B4%91%EC%97%AD%EC%8B%9C_%EB%8D%94%EB%B6%88%EC%96%B4%EB%AF%BC%EC%A3%BC%EB%8B%B9_%EB%B9%84%EB%A1%80%EB%8C%80%ED%91%9C%20%EC%A0%95%EB%8B%B9%20%EC%A0%9C%EC%B6%9C%EC%9E%90%EB%A3%8C.pdf&requestedFullPath=20260603/PDF/PBINFO_PUB/3000/003_100_20260514_1.pdf","20260603/PDF/PBINFO_PUB/3000/003_100_20260514_1.pdf","supplements/official_gap_recovery_2026/direct_nec_downloads/markdown/820260603-3000-대전광역시-더불어민주당-1-1.md","https://github.com/treylom/opencrab-nec-2026-local-election-data/blob/main/supplements/official_gap_recovery_2026/direct_nec_downloads/markdown/820260603-3000-대전광역시-더불어민주당-1-1.md","ok","pymupdf","ok","8","2390","8725719","pack_stale_currently_available_direct_nec_recovered"
"820260603-2800-인천광역시-국민의힘-1-1","party-doc:820260603:인천광역시:국민의힘:1","2800","인천광역시","820260603","광역의원비례대표선거","인천광역시","","","국민의힘","1","비례대표 정당 제출자료","https://policy.nec.go.kr/plc/common/downloadFile.do?requestedFileName=20260603_%EC%9D%B8%EC%B2%9C%EA%B4%91%EC%97%AD%EC%8B%9C_%EA%B5%AD%EB%AF%BC%EC%9D%98%ED%9E%98_%EB%B9%84%EB%A1%80%EB%8C%80%ED%91%9C%20%EC%A0%95%EB%8B%B9%20%EC%A0%9C%EC%B6%9C%EC%9E%90%EB%A3%8C.pdf&requestedFullPath=20260603/PDF/PBINFO_PUB/2800/003_200_20260518_1.pdf","20260603/PDF/PBINFO_PUB/2800/003_200_20260518_1.pdf","supplements/official_gap_recovery_2026/direct_nec_downloads/markdown/820260603-2800-인천광역시-국민의힘-1-1.md","https://github.com/treylom/opencrab-nec-2026-local-election-data/blob/main/supplements/official_gap_recovery_2026/direct_nec_downloads/markdown/820260603-2800-인천광역시-국민의힘-1-1.md","ok","pymupdf","ok","8","2702","13342785","pack_stale_currently_available_direct_nec_recovered"
"820260603-5100-세종특별자치시-국민의힘-1-1","party-doc:820260603:세종특별자치시:국민의힘:1","5100","세종특별자치시","820260603","광역의원비례대표선거","세종특별자치시","","","국민의힘","1","비례대표 정당 제출자료","https://policy.nec.go.kr/plc/common/downloadFile.do?requestedFileName=20260603_%EC%84%B8%EC%A2%85%ED%8A%B9%EB%B3%84%EC%9E%90%EC%B9%98%EC%8B%9C_%EA%B5%AD%EB%AF%BC%EC%9D%98%ED%9E%98_%EB%B9%84%EB%A1%80%EB%8C%80%ED%91%9C%20%EC%A0%95%EB%8B%B9%20%EC%A0%9C%EC%B6%9C%EC%9E%90%EB%A3%8C.pdf&requestedFullPath=20260603/PDF/PBINFO_PUB/5100/003_200_20260522_1.pdf","20260603/PDF/PBINFO_PUB/5100/003_200_20260522_1.pdf","supplements/official_gap_recovery_2026/direct_nec_downloads/markdown/820260603-5100-세종특별자치시-국민의힘-1-1.md","https://github.com/treylom/opencrab-nec-2026-local-election-data/blob/main/supplements/official_gap_recovery_2026/direct_nec_downloads/markdown/820260603-5100-세종특별자치시-국민의힘-1-1.md","ok","pymupdf","ok","8","1914","2666761","pack_stale_currently_available_direct_nec_recovered"
"820260603-2900-전남광주통합특별시-국민의힘-1-1","party-doc:820260603:전남광주통합특별시:국민의힘:1","2900","전남광주통합특별시","820260603","광역의원비례대표선거","전남광주통합특별시","","","국민의힘","1","비례대표 정당 제출자료","https://policy.nec.go.kr/plc/common/downloadFile.do?requestedFileName=20260603_%EC%A0%84%EB%82%A8%EA%B4%91%EC%A3%BC%ED%86%B5%ED%95%A9%ED%8A%B9%EB%B3%84%EC%8B%9C_%EA%B5%AD%EB%AF%BC%EC%9D%98%ED%9E%98_%EB%B9%84%EB%A1%80%EB%8C%80%ED%91%9C%20%EC%A0%95%EB%8B%B9%20%EC%A0%9C%EC%B6%9C%EC%9E%90%EB%A3%8C.pdf&requestedFullPath=20260603/PDF/PBINFO_PUB/2900/003_200_20260522_1.pdf","20260603/PDF/PBINFO_PUB/2900/003_200_20260522_1.pdf","supplements/official_gap_recovery_2026/direct_nec_downloads/markdown/820260603-2900-전남광주통합특별시-국민의힘-1-1.md","https://github.com/treylom/opencrab-nec-2026-local-election-data/blob/main/supplements/official_gap_recovery_2026/direct_nec_downloads/markdown/820260603-2900-전남광주통합특별시-국민의힘-1-1.md","ok","pymupdf","ok","2","927","1282168","pack_stale_currently_available_direct_nec_recovered"
"820260603-3000-대전광역시-국민의힘-1-1","party-doc:820260603:대전광역시:국민의힘:1","3000","대전광역시","820260603","광역의원비례대표선거","대전광역시","","","국민의힘","1","비례대표 정당 제출자료","https://policy.nec.go.kr/plc/common/downloadFile.do?requestedFileName=20260603_%EB%8C%80%EC%A0%84%EA%B4%91%EC%97%AD%EC%8B%9C_%EA%B5%AD%EB%AF%BC%EC%9D%98%ED%9E%98_%EB%B9%84%EB%A1%80%EB%8C%80%ED%91%9C%20%EC%A0%95%EB%8B%B9%20%EC%A0%9C%EC%B6%9C%EC%9E%90%EB%A3%8C.pdf&requestedFullPath=20260603/PDF/PBINFO_PUB/3000/003_200_20260514_1.pdf","20260603/PDF/PBINFO_PUB/3000/003_200_20260514_1.pdf","supplements/official_gap_recovery_2026/direct_nec_downloads/markdown/820260603-3000-대전광역시-국민의힘-1-1.md","https://github.com/treylom/opencrab-nec-2026-local-election-data/blob/main/supplements/official_gap_recovery_2026/direct_nec_downloads/markdown/820260603-3000-대전광역시-국민의힘-1-1.md","ok","pymupdf","ok","8","3014","9770329","pack_stale_currently_available_direct_nec_recovered"
"820260603-3100-울산광역시-국민의힘-1-1","party-doc:820260603:울산광역시:국민의힘:1","3100","울산광역시","820260603","광역의원비례대표선거","울산광역시","","","국민의힘","1","비례대표 정당 제출자료","https://policy.nec.go.kr/plc/common/downloadFile.do?requestedFileName=20260603_%EC%9A%B8%EC%82%B0%EA%B4%91%EC%97%AD%EC%8B%9C_%EA%B5%AD%EB%AF%BC%EC%9D%98%ED%9E%98_%EB%B9%84%EB%A1%80%EB%8C%80%ED%91%9C%20%EC%A0%95%EB%8B%B9%20%EC%A0%9C%EC%B6%9C%EC%9E%90%EB%A3%8C.pdf&requestedFullPath=20260603/PDF/PBINFO_PUB/3100/003_200_20260521_1.pdf","20260603/PDF/PBINFO_PUB/3100/003_200_20260521_1.pdf","supplements/official_gap_recovery_2026/direct_nec_downloads/markdown/820260603-3100-울산광역시-국민의힘-1-1.md","https://github.com/treylom/opencrab-nec-2026-local-election-data/blob/main/supplements/official_gap_recovery_2026/direct_nec_downloads/markdown/820260603-3100-울산광역시-국민의힘-1-1.md","ok","pymupdf","ok","8","3806","16991309","pack_stale_currently_available_direct_nec_recovered"
"820260603-1100-서울특별시-국민의힘-1-1","party-doc:820260603:서울특별시:국민의힘:1","1100","서울특별시","820260603","광역의원비례대표선거","서울특별시","","","국민의힘","1","비례대표 정당 제출자료","https://policy.nec.go.kr/plc/common/downloadFile.do?requestedFileName=20260603_%EC%84%9C%EC%9A%B8%ED%8A%B9%EB%B3%84%EC%8B%9C_%EA%B5%AD%EB%AF%BC%EC%9D%98%ED%9E%98_%EB%B9%84%EB%A1%80%EB%8C%80%ED%91%9C%20%EC%A0%95%EB%8B%B9%20%EC%A0%9C%EC%B6%9C%EC%9E%90%EB%A3%8C.pdf&requestedFullPath=20260603/PDF/PBINFO_PUB/1100/003_200_20260523_1.pdf","20260603/PDF/PBINFO_PUB/1100/003_200_20260523_1.pdf","supplements/official_gap_recovery_2026/direct_nec_downloads/markdown/820260603-1100-서울특별시-국민의힘-1-1.md","https://github.com/treylom/opencrab-nec-2026-local-election-data/blob/main/supplements/official_gap_recovery_2026/direct_nec_downloads/markdown/820260603-1100-서울특별시-국민의힘-1-1.md","ok","pymupdf","ok","8","2904","3201875","pack_stale_currently_available_direct_nec_recovered"
"820260603-2600-부산광역시-국민의힘-1-1","party-doc:820260603:부산광역시:국민의힘:1","2600","부산광역시","820260603","광역의원비례대표선거","부산광역시","","","국민의힘","1","비례대표 정당 제출자료","https://policy.nec.go.kr/plc/common/downloadFile.do?requestedFileName=20260603_%EB%B6%80%EC%82%B0%EA%B4%91%EC%97%AD%EC%8B%9C_%EA%B5%AD%EB%AF%BC%EC%9D%98%ED%9E%98_%EB%B9%84%EB%A1%80%EB%8C%80%ED%91%9C%20%EC%A0%95%EB%8B%B9%20%EC%A0%9C%EC%B6%9C%EC%9E%90%EB%A3%8C.pdf&requestedFullPath=20260603/PDF/PBINFO_PUB/2600/003_200_20260525_3.pdf","20260603/PDF/PBINFO_PUB/2600/003_200_20260525_3.pdf","supplements/official_gap_recovery_2026/direct_nec_downloads/markdown/820260603-2600-부산광역시-국민의힘-1-1.md","https://github.com/treylom/opencrab-nec-2026-local-election-data/blob/main/supplements/official_gap_recovery_2026/direct_nec_downloads/markdown/820260603-2600-부산광역시-국민의힘-1-1.md","ok","pymupdf","suspiciously_short_text","4","54","5469710","pack_stale_currently_available_direct_nec_recovered"
"820260603-4100-경기도-국민의힘-1-1","party-doc:820260603:경기도:국민의힘:1","4100","경기도","820260603","광역의원비례대표선거","경기도","","","국민의힘","1","비례대표 정당 제출자료","https://policy.nec.go.kr/plc/common/downloadFile.do?requestedFileName=20260603_%EA%B2%BD%EA%B8%B0%EB%8F%84_%EA%B5%AD%EB%AF%BC%EC%9D%98%ED%9E%98_%EB%B9%84%EB%A1%80%EB%8C%80%ED%91%9C%20%EC%A0%95%EB%8B%B9%20%EC%A0%9C%EC%B6%9C%EC%9E%90%EB%A3%8C.pdf&requestedFullPath=20260603/PDF/PBINFO_PUB/4100/003_200_20260523_1.pdf","20260603/PDF/PBINFO_PUB/4100/003_200_20260523_1.pdf","supplements/official_gap_recovery_2026/direct_nec_downloads/markdown/820260603-4100-경기도-국민의힘-1-1.md","https://github.com/treylom/opencrab-nec-2026-local-election-data/blob/main/supplements/official_gap_recovery_2026/direct_nec_downloads/markdown/820260603-4100-경기도-국민의힘-1-1.md","ok","pymupdf","ok","8","2131","5341908","pack_stale_currently_available_direct_nec_recovered"
"820260603-4400-충청남도-국민의힘-1-1","party-doc:820260603:충청남도:국민의힘:1","4400","충청남도","820260603","광역의원비례대표선거","충청남도","","","국민의힘","1","비례대표 정당 제출자료","https://policy.nec.go.kr/plc/common/downloadFile.do?requestedFileName=20260603_%EC%B6%A9%EC%B2%AD%EB%82%A8%EB%8F%84_%EA%B5%AD%EB%AF%BC%EC%9D%98%ED%9E%98_%EB%B9%84%EB%A1%80%EB%8C%80%ED%91%9C%20%EC%A0%95%EB%8B%B9%20%EC%A0%9C%EC%B6%9C%EC%9E%90%EB%A3%8C.pdf&requestedFullPath=20260603/PDF/PBINFO_PUB/4400/003_200_20260525_1.pdf","20260603/PDF/PBINFO_PUB/4400/003_200_20260525_1.pdf","supplements/official_gap_recovery_2026/direct_nec_downloads/markdown/820260603-4400-충청남도-국민의힘-1-1.md","https://github.com/treylom/opencrab-nec-2026-local-election-data/blob/main/supplements/official_gap_recovery_2026/direct_nec_downloads/markdown/820260603-4400-충청남도-국민의힘-1-1.md","ok","pymupdf","ok","8","4613","12447366","pack_stale_currently_available_direct_nec_recovered"
"820260603-4300-충청북도-국민의힘-1-1","party-doc:820260603:충청북도:국민의힘:1","4300","충청북도","820260603","광역의원비례대표선거","충청북도","","","국민의힘","1","비례대표 정당 제출자료","https://policy.nec.go.kr/plc/common/downloadFile.do?requestedFileName=20260603_%EC%B6%A9%EC%B2%AD%EB%B6%81%EB%8F%84_%EA%B5%AD%EB%AF%BC%EC%9D%98%ED%9E%98_%EB%B9%84%EB%A1%80%EB%8C%80%ED%91%9C%20%EC%A0%95%EB%8B%B9%20%EC%A0%9C%EC%B6%9C%EC%9E%90%EB%A3%8C.pdf&requestedFullPath=20260603/PDF/PBINFO_PUB/4300/003_200_20260516_1.pdf","20260603/PDF/PBINFO_PUB/4300/003_200_20260516_1.pdf","supplements/official_gap_recovery_2026/direct_nec_downloads/markdown/820260603-4300-충청북도-국민의힘-1-1.md","https://github.com/treylom/opencrab-nec-2026-local-election-data/blob/main/supplements/official_gap_recovery_2026/direct_nec_downloads/markdown/820260603-4300-충청북도-국민의힘-1-1.md","ok","pymupdf","ok","8","2768","10586565","pack_stale_currently_available_direct_nec_recovered"
"820260603-4700-경상북도-국민의힘-1-1","party-doc:820260603:경상북도:국민의힘:1","4700","경상북도","820260603","광역의원비례대표선거","경상북도","","","국민의힘","1","비례대표 정당 제출자료","https://policy.nec.go.kr/plc/common/downloadFile.do?requestedFileName=20260603_%EA%B2%BD%EC%83%81%EB%B6%81%EB%8F%84_%EA%B5%AD%EB%AF%BC%EC%9D%98%ED%9E%98_%EB%B9%84%EB%A1%80%EB%8C%80%ED%91%9C%20%EC%A0%95%EB%8B%B9%20%EC%A0%9C%EC%B6%9C%EC%9E%90%EB%A3%8C.pdf&requestedFullPath=20260603/PDF/PBINFO_PUB/4700/003_200_20260522_2.pdf","20260603/PDF/PBINFO_PUB/4700/003_200_20260522_2.pdf","supplements/official_gap_recovery_2026/direct_nec_downloads/markdown/820260603-4700-경상북도-국민의힘-1-1.md","https://github.com/treylom/opencrab-nec-2026-local-election-data/blob/main/supplements/official_gap_recovery_2026/direct_nec_downloads/markdown/820260603-4700-경상북도-국민의힘-1-1.md","ok","pymupdf","ok","4","1217","2612540","pack_stale_currently_available_direct_nec_recovered"
"820260603-4900-제주특별자치도-국민의힘-1-1","party-doc:820260603:제주특별자치도:국민의힘:1","4900","제주특별자치도","820260603","광역의원비례대표선거","제주특별자치도","","","국민의힘","1","비례대표 정당 제출자료","https://policy.nec.go.kr/plc/common/downloadFile.do?requestedFileName=20260603_%EC%A0%9C%EC%A3%BC%ED%8A%B9%EB%B3%84%EC%9E%90%EC%B9%98%EB%8F%84_%EA%B5%AD%EB%AF%BC%EC%9D%98%ED%9E%98_%EB%B9%84%EB%A1%80%EB%8C%80%ED%91%9C%20%EC%A0%95%EB%8B%B9%20%EC%A0%9C%EC%B6%9C%EC%9E%90%EB%A3%8C.pdf&requestedFullPath=20260603/PDF/PBINFO_PUB/4900/003_200_20260520_1.pdf","20260603/PDF/PBINFO_PUB/4900/003_200_20260520_1.pdf","supplements/official_gap_recovery_2026/direct_nec_downloads/markdown/820260603-4900-제주특별자치도-국민의힘-1-1.md","https://github.com/treylom/opencrab-nec-2026-local-election-data/blob/main/supplements/official_gap_recovery_2026/direct_nec_downloads/markdown/820260603-4900-제주특별자치도-국민의힘-1-1.md","ok","pymupdf","ok","8","2851","856182","pack_stale_currently_available_direct_nec_recovered"
"820260603-5200-강원특별자치도-국민의힘-1-1","party-doc:820260603:강원특별자치도:국민의힘:1","5200","강원특별자치도","820260603","광역의원비례대표선거","강원특별자치도","","","국민의힘","1","비례대표 정당 제출자료","https://policy.nec.go.kr/plc/common/downloadFile.do?requestedFileName=20260603_%EA%B0%95%EC%9B%90%ED%8A%B9%EB%B3%84%EC%9E%90%EC%B9%98%EB%8F%84_%EA%B5%AD%EB%AF%BC%EC%9D%98%ED%9E%98_%EB%B9%84%EB%A1%80%EB%8C%80%ED%91%9C%20%EC%A0%95%EB%8B%B9%20%EC%A0%9C%EC%B6%9C%EC%9E%90%EB%A3%8C.pdf&requestedFullPath=20260603/PDF/PBINFO_PUB/5200/003_200_20260518_1.pdf","20260603/PDF/PBINFO_PUB/5200/003_200_20260518_1.pdf","supplements/official_gap_recovery_2026/direct_nec_downloads/markdown/820260603-5200-강원특별자치도-국민의힘-1-1.md","https://github.com/treylom/opencrab-nec-2026-local-election-data/blob/main/supplements/official_gap_recovery_2026/direct_nec_downloads/markdown/820260603-5200-강원특별자치도-국민의힘-1-1.md","ok","pymupdf","ok","4","2048","5695898","pack_stale_currently_available_direct_nec_recovered"
"820260603-4800-경상남도-국민의힘-1-1","party-doc:820260603:경상남도:국민의힘:1","4800","경상남도","820260603","광역의원비례대표선거","경상남도","","","국민의힘","1","비례대표 정당 제출자료","https://policy.nec.go.kr/plc/common/downloadFile.do?requestedFileName=20260603_%EA%B2%BD%EC%83%81%EB%82%A8%EB%8F%84_%EA%B5%AD%EB%AF%BC%EC%9D%98%ED%9E%98_%EB%B9%84%EB%A1%80%EB%8C%80%ED%91%9C%20%EC%A0%95%EB%8B%B9%20%EC%A0%9C%EC%B6%9C%EC%9E%90%EB%A3%8C.pdf&requestedFullPath=20260603/PDF/PBINFO_PUB/4800/003_200_20260523_1.pdf","20260603/PDF/PBINFO_PUB/4800/003_200_20260523_1.pdf","supplements/official_gap_recovery_2026/direct_nec_downloads/markdown/820260603-4800-경상남도-국민의힘-1-1.md","https://github.com/treylom/opencrab-nec-2026-local-election-data/blob/main/supplements/official_gap_recovery_2026/direct_nec_downloads/markdown/820260603-4800-경상남도-국민의힘-1-1.md","ok","pymupdf","ok","8","3246","5238649","pack_stale_currently_available_direct_nec_recovered"
"820260603-2700-대구광역시-국민의힘-1-1","party-doc:820260603:대구광역시:국민의힘:1","2700","대구광역시","820260603","광역의원비례대표선거","대구광역시","","","국민의힘","1","비례대표 정당 제출자료","https://policy.nec.go.kr/plc/common/downloadFile.do?requestedFileName=20260603_%EB%8C%80%EA%B5%AC%EA%B4%91%EC%97%AD%EC%8B%9C_%EA%B5%AD%EB%AF%BC%EC%9D%98%ED%9E%98_%EB%B9%84%EB%A1%80%EB%8C%80%ED%91%9C%20%EC%A0%95%EB%8B%B9%20%EC%A0%9C%EC%B6%9C%EC%9E%90%EB%A3%8C.pdf&requestedFullPath=20260603/PDF/PBINFO_PUB/2700/003_200_20260525_3.pdf","20260603/PDF/PBINFO_PUB/2700/003_200_20260525_3.pdf","supplements/official_gap_recovery_2026/direct_nec_downloads/markdown/820260603-2700-대구광역시-국민의힘-1-1.md","https://github.com/treylom/opencrab-nec-2026-local-election-data/blob/main/supplements/official_gap_recovery_2026/direct_nec_downloads/markdown/820260603-2700-대구광역시-국민의힘-1-1.md","ok","pymupdf","suspiciously_short_text","4","54","1166625","pack_stale_currently_available_direct_nec_recovered"
"820260603-5300-전북특별자치도-국민의힘-1-1","party-doc:820260603:전북특별자치도:국민의힘:1","5300","전북특별자치도","820260603","광역의원비례대표선거","전북특별자치도","","","국민의힘","1","비례대표 정당 제출자료","https://policy.nec.go.kr/plc/common/downloadFile.do?requestedFileName=20260603_%EC%A0%84%EB%B6%81%ED%8A%B9%EB%B3%84%EC%9E%90%EC%B9%98%EB%8F%84_%EA%B5%AD%EB%AF%BC%EC%9D%98%ED%9E%98_%EB%B9%84%EB%A1%80%EB%8C%80%ED%91%9C%20%EC%A0%95%EB%8B%B9%20%EC%A0%9C%EC%B6%9C%EC%9E%90%EB%A3%8C.pdf&requestedFullPath=20260603/PDF/PBINFO_PUB/5300/003_200_20260522_1.pdf","20260603/PDF/PBINFO_PUB/5300/003_200_20260522_1.pdf","supplements/official_gap_recovery_2026/direct_nec_downloads/markdown/820260603-5300-전북특별자치도-국민의힘-1-1.md","https://github.com/treylom/opencrab-nec-2026-local-election-data/blob/main/supplements/official_gap_recovery_2026/direct_nec_downloads/markdown/820260603-5300-전북특별자치도-국민의힘-1-1.md","ok","pymupdf","suspiciously_short_text","1","9","575770","pack_stale_currently_available_direct_nec_recovered"
"820260603-1100-서울특별시-조국혁신당-1-1","party-doc:820260603:서울특별시:조국혁신당:1","1100","서울특별시","820260603","광역의원비례대표선거","서울특별시","","","조국혁신당","1","비례대표 정당 제출자료","https://policy.nec.go.kr/plc/common/downloadFile.do?requestedFileName=20260603_%EC%84%9C%EC%9A%B8%ED%8A%B9%EB%B3%84%EC%8B%9C_%EC%A1%B0%EA%B5%AD%ED%98%81%EC%8B%A0%EB%8B%B9_%EB%B9%84%EB%A1%80%EB%8C%80%ED%91%9C%20%EC%A0%95%EB%8B%B9%20%EC%A0%9C%EC%B6%9C%EC%9E%90%EB%A3%8C.pdf&requestedFullPath=20260603/PDF/PBINFO_PUB/1100/003_5077_20260523_1.pdf","20260603/PDF/PBINFO_PUB/1100/003_5077_20260523_1.pdf","supplements/official_gap_recovery_2026/direct_nec_downloads/markdown/820260603-1100-서울특별시-조국혁신당-1-1.md","https://github.com/treylom/opencrab-nec-2026-local-election-data/blob/main/supplements/official_gap_recovery_2026/direct_nec_downloads/markdown/820260603-1100-서울특별시-조국혁신당-1-1.md","ok","pymupdf","ok","3","1791","3860983","pack_stale_currently_available_direct_nec_recovered"
"820260603-5100-세종특별자치시-조국혁신당-1-1","party-doc:820260603:세종특별자치시:조국혁신당:1","5100","세종특별자치시","820260603","광역의원비례대표선거","세종특별자치시","","","조국혁신당","1","비례대표 정당 제출자료","https://policy.nec.go.kr/plc/common/downloadFile.do?requestedFileName=20260603_%EC%84%B8%EC%A2%85%ED%8A%B9%EB%B3%84%EC%9E%90%EC%B9%98%EC%8B%9C_%EC%A1%B0%EA%B5%AD%ED%98%81%EC%8B%A0%EB%8B%B9_%EB%B9%84%EB%A1%80%EB%8C%80%ED%91%9C%20%EC%A0%95%EB%8B%B9%20%EC%A0%9C%EC%B6%9C%EC%9E%90%EB%A3%8C.pdf&requestedFullPath=20260603/PDF/PBINFO_PUB/5100/003_5077_20260523_1.pdf","20260603/PDF/PBINFO_PUB/5100/003_5077_20260523_1.pdf","supplements/official_gap_recovery_2026/direct_nec_downloads/markdown/820260603-5100-세종특별자치시-조국혁신당-1-1.md","https://github.com/treylom/opencrab-nec-2026-local-election-data/blob/main/supplements/official_gap_recovery_2026/direct_nec_downloads/markdown/820260603-5100-세종특별자치시-조국혁신당-1-1.md","ok","pymupdf","ok","4","463","9859813","pack_stale_currently_available_direct_nec_recovered"
"820260603-4800-경상남도-조국혁신당-1-1","party-doc:820260603:경상남도:조국혁신당:1","4800","경상남도","820260603","광역의원비례대표선거","경상남도","","","조국혁신당","1","비례대표 정당 제출자료","https://policy.nec.go.kr/plc/common/downloadFile.do?requestedFileName=20260603_%EA%B2%BD%EC%83%81%EB%82%A8%EB%8F%84_%EC%A1%B0%EA%B5%AD%ED%98%81%EC%8B%A0%EB%8B%B9_%EB%B9%84%EB%A1%80%EB%8C%80%ED%91%9C%20%EC%A0%95%EB%8B%B9%20%EC%A0%9C%EC%B6%9C%EC%9E%90%EB%A3%8C.pdf&requestedFullPath=20260603/PDF/PBINFO_PUB/4800/003_5077_20260523_1.pdf","20260603/PDF/PBINFO_PUB/4800/003_5077_20260523_1.pdf","supplements/official_gap_recovery_2026/direct_nec_downloads/markdown/820260603-4800-경상남도-조국혁신당-1-1.md","https://github.com/treylom/opencrab-nec-2026-local-election-data/blob/main/supplements/official_gap_recovery_2026/direct_nec_downloads/markdown/820260603-4800-경상남도-조국혁신당-1-1.md","ok","pymupdf","ok","4","2374","3223564","pack_stale_currently_available_direct_nec_recovered"
"820260603-4400-충청남도-조국혁신당-1-1","party-doc:820260603:충청남도:조국혁신당:1","4400","충청남도","820260603","광역의원비례대표선거","충청남도","","","조국혁신당","1","비례대표 정당 제출자료","https://policy.nec.go.kr/plc/common/downloadFile.do?requestedFileName=20260603_%EC%B6%A9%EC%B2%AD%EB%82%A8%EB%8F%84_%EC%A1%B0%EA%B5%AD%ED%98%81%EC%8B%A0%EB%8B%B9_%EB%B9%84%EB%A1%80%EB%8C%80%ED%91%9C%20%EC%A0%95%EB%8B%B9%20%EC%A0%9C%EC%B6%9C%EC%9E%90%EB%A3%8C.pdf&requestedFullPath=20260603/PDF/PBINFO_PUB/4400/003_5077_20260514_1.pdf","20260603/PDF/PBINFO_PUB/4400/003_5077_20260514_1.pdf","supplements/official_gap_recovery_2026/direct_nec_downloads/markdown/820260603-4400-충청남도-조국혁신당-1-1.md","https://github.com/treylom/opencrab-nec-2026-local-election-data/blob/main/supplements/official_gap_recovery_2026/direct_nec_downloads/markdown/820260603-4400-충청남도-조국혁신당-1-1.md","ok","pymupdf","ok","2","2236","2232888","pack_stale_currently_available_direct_nec_recovered"
"820260603-2800-인천광역시-조국혁신당-1-1","party-doc:820260603:인천광역시:조국혁신당:1","2800","인천광역시","820260603","광역의원비례대표선거","인천광역시","","","조국혁신당","1","비례대표 정당 제출자료","https://policy.nec.go.kr/plc/common/downloadFile.do?requestedFileName=20260603_%EC%9D%B8%EC%B2%9C%EA%B4%91%EC%97%AD%EC%8B%9C_%EC%A1%B0%EA%B5%AD%ED%98%81%EC%8B%A0%EB%8B%B9_%EB%B9%84%EB%A1%80%EB%8C%80%ED%91%9C%20%EC%A0%95%EB%8B%B9%20%EC%A0%9C%EC%B6%9C%EC%9E%90%EB%A3%8C.pdf&requestedFullPath=20260603/PDF/PBINFO_PUB/2800/003_5077_20260519_2.pdf","20260603/PDF/PBINFO_PUB/2800/003_5077_20260519_2.pdf","supplements/official_gap_recovery_2026/direct_nec_downloads/markdown/820260603-2800-인천광역시-조국혁신당-1-1.md","https://github.com/treylom/opencrab-nec-2026-local-election-data/blob/main/supplements/official_gap_recovery_2026/direct_nec_downloads/markdown/820260603-2800-인천광역시-조국혁신당-1-1.md","ok","pymupdf","ok","4","1867","3155815","pack_stale_currently_available_direct_nec_recovered"
"820260603-4900-제주특별자치도-조국혁신당-1-1","party-doc:820260603:제주특별자치도:조국혁신당:1","4900","제주특별자치도","820260603","광역의원비례대표선거","제주특별자치도","","","조국혁신당","1","비례대표 정당 제출자료","https://policy.nec.go.kr/plc/common/downloadFile.do?requestedFileName=20260603_%EC%A0%9C%EC%A3%BC%ED%8A%B9%EB%B3%84%EC%9E%90%EC%B9%98%EB%8F%84_%EC%A1%B0%EA%B5%AD%ED%98%81%EC%8B%A0%EB%8B%B9_%EB%B9%84%EB%A1%80%EB%8C%80%ED%91%9C%20%EC%A0%95%EB%8B%B9%20%EC%A0%9C%EC%B6%9C%EC%9E%90%EB%A3%8C.pdf&requestedFullPath=20260603/PDF/PBINFO_PUB/4900/003_5077_20260520_1.pdf","20260603/PDF/PBINFO_PUB/4900/003_5077_20260520_1.pdf","supplements/official_gap_recovery_2026/direct_nec_downloads/markdown/820260603-4900-제주특별자치도-조국혁신당-1-1.md","https://github.com/treylom/opencrab-nec-2026-local-election-data/blob/main/supplements/official_gap_recovery_2026/direct_nec_downloads/markdown/820260603-4900-제주특별자치도-조국혁신당-1-1.md","ok","pymupdf","ok","4","1502","3658937","pack_stale_currently_available_direct_nec_recovered"
"820260603-3100-울산광역시-조국혁신당-1-1","party-doc:820260603:울산광역시:조국혁신당:1","3100","울산광역시","820260603","광역의원비례대표선거","울산광역시","","","조국혁신당","1","비례대표 정당 제출자료","https://policy.nec.go.kr/plc/common/downloadFile.do?requestedFileName=20260603_%EC%9A%B8%EC%82%B0%EA%B4%91%EC%97%AD%EC%8B%9C_%EC%A1%B0%EA%B5%AD%ED%98%81%EC%8B%A0%EB%8B%B9_%EB%B9%84%EB%A1%80%EB%8C%80%ED%91%9C%20%EC%A0%95%EB%8B%B9%20%EC%A0%9C%EC%B6%9C%EC%9E%90%EB%A3%8C.pdf&requestedFullPath=20260603/PDF/PBINFO_PUB/3100/003_5077_20260521_1.pdf","20260603/PDF/PBINFO_PUB/3100/003_5077_20260521_1.pdf","supplements/official_gap_recovery_2026/direct_nec_downloads/markdown/820260603-3100-울산광역시-조국혁신당-1-1.md","https://github.com/treylom/opencrab-nec-2026-local-election-data/blob/main/supplements/official_gap_recovery_2026/direct_nec_downloads/markdown/820260603-3100-울산광역시-조국혁신당-1-1.md","ok","pymupdf","ok","2","1061","3451861","pack_stale_currently_available_direct_nec_recovered"
"820260603-2900-전남광주통합특별시-조국혁신당-1-1","party-doc:820260603:전남광주통합특별시:조국혁신당:1","2900","전남광주통합특별시","820260603","광역의원비례대표선거","전남광주통합특별시","","","조국혁신당","1","비례대표 정당 제출자료","https://policy.nec.go.kr/plc/common/downloadFile.do?requestedFileName=20260603_%EC%A0%84%EB%82%A8%EA%B4%91%EC%A3%BC%ED%86%B5%ED%95%A9%ED%8A%B9%EB%B3%84%EC%8B%9C_%EC%A1%B0%EA%B5%AD%ED%98%81%EC%8B%A0%EB%8B%B9_%EB%B9%84%EB%A1%80%EB%8C%80%ED%91%9C%20%EC%A0%95%EB%8B%B9%20%EC%A0%9C%EC%B6%9C%EC%9E%90%EB%A3%8C.pdf&requestedFullPath=20260603/PDF/PBINFO_PUB/2900/003_5077_20260522_1.pdf","20260603/PDF/PBINFO_PUB/2900/003_5077_20260522_1.pdf","supplements/official_gap_recovery_2026/direct_nec_downloads/markdown/820260603-2900-전남광주통합특별시-조국혁신당-1-1.md","https://github.com/treylom/opencrab-nec-2026-local-election-data/blob/main/supplements/official_gap_recovery_2026/direct_nec_downloads/markdown/820260603-2900-전남광주통합특별시-조국혁신당-1-1.md","ok","pymupdf","ok","4","2064","4671455","pack_stale_currently_available_direct_nec_recovered"
"820260603-5300-전북특별자치도-조국혁신당-1-1","party-doc:820260603:전북특별자치도:조국혁신당:1","5300","전북특별자치도","820260603","광역의원비례대표선거","전북특별자치도","","","조국혁신당","1","비례대표 정당 제출자료","https://policy.nec.go.kr/plc/common/downloadFile.do?requestedFileName=20260603_%EC%A0%84%EB%B6%81%ED%8A%B9%EB%B3%84%EC%9E%90%EC%B9%98%EB%8F%84_%EC%A1%B0%EA%B5%AD%ED%98%81%EC%8B%A0%EB%8B%B9_%EB%B9%84%EB%A1%80%EB%8C%80%ED%91%9C%20%EC%A0%95%EB%8B%B9%20%EC%A0%9C%EC%B6%9C%EC%9E%90%EB%A3%8C.pdf&requestedFullPath=20260603/PDF/PBINFO_PUB/5300/003_5077_20260522_1.pdf","20260603/PDF/PBINFO_PUB/5300/003_5077_20260522_1.pdf","supplements/official_gap_recovery_2026/direct_nec_downloads/markdown/820260603-5300-전북특별자치도-조국혁신당-1-1.md","https://github.com/treylom/opencrab-nec-2026-local-election-data/blob/main/supplements/official_gap_recovery_2026/direct_nec_downloads/markdown/820260603-5300-전북특별자치도-조국혁신당-1-1.md","ok","pymupdf","ok","4","1420","8299390","pack_stale_currently_available_direct_nec_recovered"
"820260603-4100-경기도-조국혁신당-1-1","party-doc:820260603:경기도:조국혁신당:1","4100","경기도","820260603","광역의원비례대표선거","경기도","","","조국혁신당","1","비례대표 정당 제출자료","https://policy.nec.go.kr/plc/common/downloadFile.do?requestedFileName=20260603_%EA%B2%BD%EA%B8%B0%EB%8F%84_%EC%A1%B0%EA%B5%AD%ED%98%81%EC%8B%A0%EB%8B%B9_%EB%B9%84%EB%A1%80%EB%8C%80%ED%91%9C%20%EC%A0%95%EB%8B%B9%20%EC%A0%9C%EC%B6%9C%EC%9E%90%EB%A3%8C.pdf&requestedFullPath=20260603/PDF/PBINFO_PUB/4100/003_5077_20260523_1.pdf","20260603/PDF/PBINFO_PUB/4100/003_5077_20260523_1.pdf","supplements/official_gap_recovery_2026/direct_nec_downloads/markdown/820260603-4100-경기도-조국혁신당-1-1.md","https://github.com/treylom/opencrab-nec-2026-local-election-data/blob/main/supplements/official_gap_recovery_2026/direct_nec_downloads/markdown/820260603-4100-경기도-조국혁신당-1-1.md","ok","pymupdf","ok","8","2882","9917144","pack_stale_currently_available_direct_nec_recovered"
"820260603-3000-대전광역시-조국혁신당-1-1","party-doc:820260603:대전광역시:조국혁신당:1","3000","대전광역시","820260603","광역의원비례대표선거","대전광역시","","","조국혁신당","1","비례대표 정당 제출자료","https://policy.nec.go.kr/plc/common/downloadFile.do?requestedFileName=20260603_%EB%8C%80%EC%A0%84%EA%B4%91%EC%97%AD%EC%8B%9C_%EC%A1%B0%EA%B5%AD%ED%98%81%EC%8B%A0%EB%8B%B9_%EB%B9%84%EB%A1%80%EB%8C%80%ED%91%9C%20%EC%A0%95%EB%8B%B9%20%EC%A0%9C%EC%B6%9C%EC%9E%90%EB%A3%8C.pdf&requestedFullPath=20260603/PDF/PBINFO_PUB/3000/003_5077_20260514_1.pdf","20260603/PDF/PBINFO_PUB/3000/003_5077_20260514_1.pdf","supplements/official_gap_recovery_2026/direct_nec_downloads/markdown/820260603-3000-대전광역시-조국혁신당-1-1.md","https://github.com/treylom/opencrab-nec-2026-local-election-data/blob/main/supplements/official_gap_recovery_2026/direct_nec_downloads/markdown/820260603-3000-대전광역시-조국혁신당-1-1.md","ok","pymupdf","ok","4","1580","909710","pack_stale_currently_available_direct_nec_recovered"
"820260603-5200-강원특별자치도-조국혁신당-1-1","party-doc:820260603:강원특별자치도:조국혁신당:1","5200","강원특별자치도","820260603","광역의원비례대표선거","강원특별자치도","","","조국혁신당","1","비례대표 정당 제출자료","https://policy.nec.go.kr/plc/common/downloadFile.do?requestedFileName=20260603_%EA%B0%95%EC%9B%90%ED%8A%B9%EB%B3%84%EC%9E%90%EC%B9%98%EB%8F%84_%EC%A1%B0%EA%B5%AD%ED%98%81%EC%8B%A0%EB%8B%B9_%EB%B9%84%EB%A1%80%EB%8C%80%ED%91%9C%20%EC%A0%95%EB%8B%B9%20%EC%A0%9C%EC%B6%9C%EC%9E%90%EB%A3%8C.pdf&requestedFullPath=20260603/PDF/PBINFO_PUB/5200/003_5077_20260519_1.pdf","20260603/PDF/PBINFO_PUB/5200/003_5077_20260519_1.pdf","supplements/official_gap_recovery_2026/direct_nec_downloads/markdown/820260603-5200-강원특별자치도-조국혁신당-1-1.md","https://github.com/treylom/opencrab-nec-2026-local-election-data/blob/main/supplements/official_gap_recovery_2026/direct_nec_downloads/markdown/820260603-5200-강원특별자치도-조국혁신당-1-1.md","ok","pymupdf","ok","4","1391","2983370","pack_stale_currently_available_direct_nec_recovered"
"820260603-4300-충청북도-조국혁신당-1-1","party-doc:820260603:충청북도:조국혁신당:1","4300","충청북도","820260603","광역의원비례대표선거","충청북도","","","조국혁신당","1","비례대표 정당 제출자료","https://policy.nec.go.kr/plc/common/downloadFile.do?requestedFileName=20260603_%EC%B6%A9%EC%B2%AD%EB%B6%81%EB%8F%84_%EC%A1%B0%EA%B5%AD%ED%98%81%EC%8B%A0%EB%8B%B9_%EB%B9%84%EB%A1%80%EB%8C%80%ED%91%9C%20%EC%A0%95%EB%8B%B9%20%EC%A0%9C%EC%B6%9C%EC%9E%90%EB%A3%8C.pdf&requestedFullPath=20260603/PDF/PBINFO_PUB/4300/003_5077_20260516_1.pdf","20260603/PDF/PBINFO_PUB/4300/003_5077_20260516_1.pdf","supplements/official_gap_recovery_2026/direct_nec_downloads/markdown/820260603-4300-충청북도-조국혁신당-1-1.md","https://github.com/treylom/opencrab-nec-2026-local-election-data/blob/main/supplements/official_gap_recovery_2026/direct_nec_downloads/markdown/820260603-4300-충청북도-조국혁신당-1-1.md","ok","pymupdf","ok","4","1439","1063658","pack_stale_currently_available_direct_nec_recovered"
"820260603-1100-서울특별시-개혁신당-1-1","party-doc:820260603:서울특별시:개혁신당:1","1100","서울특별시","820260603","광역의원비례대표선거","서울특별시","","","개혁신당","1","비례대표 정당 제출자료","https://policy.nec.go.kr/plc/common/downloadFile.do?requestedFileName=20260603_%EC%84%9C%EC%9A%B8%ED%8A%B9%EB%B3%84%EC%8B%9C_%EA%B0%9C%ED%98%81%EC%8B%A0%EB%8B%B9_%EB%B9%84%EB%A1%80%EB%8C%80%ED%91%9C%20%EC%A0%95%EB%8B%B9%20%EC%A0%9C%EC%B6%9C%EC%9E%90%EB%A3%8C.pdf&requestedFullPath=20260603/PDF/PBINFO_PUB/1100/003_5070_20260523_1.pdf","20260603/PDF/PBINFO_PUB/1100/003_5070_20260523_1.pdf","supplements/official_gap_recovery_2026/direct_nec_downloads/markdown/820260603-1100-서울특별시-개혁신당-1-1.md","https://github.com/treylom/opencrab-nec-2026-local-election-data/blob/main/supplements/official_gap_recovery_2026/direct_nec_downloads/markdown/820260603-1100-서울특별시-개혁신당-1-1.md","ok","pymupdf","ok","2","926","2510590","pack_stale_currently_available_direct_nec_recovered"
"820260603-3100-울산광역시-개혁신당-1-1","party-doc:820260603:울산광역시:개혁신당:1","3100","울산광역시","820260603","광역의원비례대표선거","울산광역시","","","개혁신당","1","비례대표 정당 제출자료","https://policy.nec.go.kr/plc/common/downloadFile.do?requestedFileName=20260603_%EC%9A%B8%EC%82%B0%EA%B4%91%EC%97%AD%EC%8B%9C_%EA%B0%9C%ED%98%81%EC%8B%A0%EB%8B%B9_%EB%B9%84%EB%A1%80%EB%8C%80%ED%91%9C%20%EC%A0%95%EB%8B%B9%20%EC%A0%9C%EC%B6%9C%EC%9E%90%EB%A3%8C.pdf&requestedFullPath=20260603/PDF/PBINFO_PUB/3100/003_5070_20260521_1.pdf","20260603/PDF/PBINFO_PUB/3100/003_5070_20260521_1.pdf","supplements/official_gap_recovery_2026/direct_nec_downloads/markdown/820260603-3100-울산광역시-개혁신당-1-1.md","https://github.com/treylom/opencrab-nec-2026-local-election-data/blob/main/supplements/official_gap_recovery_2026/direct_nec_downloads/markdown/820260603-3100-울산광역시-개혁신당-1-1.md","ok","pymupdf","ok","2","801","8272940","pack_stale_currently_available_direct_nec_recovered"
"820260603-4100-경기도-개혁신당-1-1","party-doc:820260603:경기도:개혁신당:1","4100","경기도","820260603","광역의원비례대표선거","경기도","","","개혁신당","1","비례대표 정당 제출자료","https://policy.nec.go.kr/plc/common/downloadFile.do?requestedFileName=20260603_%EA%B2%BD%EA%B8%B0%EB%8F%84_%EA%B0%9C%ED%98%81%EC%8B%A0%EB%8B%B9_%EB%B9%84%EB%A1%80%EB%8C%80%ED%91%9C%20%EC%A0%95%EB%8B%B9%20%EC%A0%9C%EC%B6%9C%EC%9E%90%EB%A3%8C.pdf&requestedFullPath=20260603/PDF/PBINFO_PUB/4100/003_5070_20260523_1.pdf","20260603/PDF/PBINFO_PUB/4100/003_5070_20260523_1.pdf","supplements/official_gap_recovery_2026/direct_nec_downloads/markdown/820260603-4100-경기도-개혁신당-1-1.md","https://github.com/treylom/opencrab-nec-2026-local-election-data/blob/main/supplements/official_gap_recovery_2026/direct_nec_downloads/markdown/820260603-4100-경기도-개혁신당-1-1.md","ok","pymupdf","ok","2","924","932964","pack_stale_currently_available_direct_nec_recovered"
"820260603-4700-경상북도-개혁신당-1-1","party-doc:820260603:경상북도:개혁신당:1","4700","경상북도","820260603","광역의원비례대표선거","경상북도","","","개혁신당","1","비례대표 정당 제출자료","https://policy.nec.go.kr/plc/common/downloadFile.do?requestedFileName=20260603_%EA%B2%BD%EC%83%81%EB%B6%81%EB%8F%84_%EA%B0%9C%ED%98%81%EC%8B%A0%EB%8B%B9_%EB%B9%84%EB%A1%80%EB%8C%80%ED%91%9C%20%EC%A0%95%EB%8B%B9%20%EC%A0%9C%EC%B6%9C%EC%9E%90%EB%A3%8C.pdf&requestedFullPath=20260603/PDF/PBINFO_PUB/4700/003_5070_20260518_1.pdf","20260603/PDF/PBINFO_PUB/4700/003_5070_20260518_1.pdf","supplements/official_gap_recovery_2026/direct_nec_downloads/markdown/820260603-4700-경상북도-개혁신당-1-1.md","https://github.com/treylom/opencrab-nec-2026-local-election-data/blob/main/supplements/official_gap_recovery_2026/direct_nec_downloads/markdown/820260603-4700-경상북도-개혁신당-1-1.md","ok","pymupdf","ok","2","888","6901607","pack_stale_currently_available_direct_nec_recovered"
"820260603-4800-경상남도-개혁신당-1-1","party-doc:820260603:경상남도:개혁신당:1","4800","경상남도","820260603","광역의원비례대표선거","경상남도","","","개혁신당","1","비례대표 정당 제출자료","https://policy.nec.go.kr/plc/common/downloadFile.do?requestedFileName=20260603_%EA%B2%BD%EC%83%81%EB%82%A8%EB%8F%84_%EA%B0%9C%ED%98%81%EC%8B%A0%EB%8B%B9_%EB%B9%84%EB%A1%80%EB%8C%80%ED%91%9C%20%EC%A0%95%EB%8B%B9%20%EC%A0%9C%EC%B6%9C%EC%9E%90%EB%A3%8C.pdf&requestedFullPath=20260603/PDF/PBINFO_PUB/4800/003_5070_20260520_1.pdf","20260603/PDF/PBINFO_PUB/4800/003_5070_20260520_1.pdf","supplements/official_gap_recovery_2026/direct_nec_downloads/markdown/820260603-4800-경상남도-개혁신당-1-1.md","https://github.com/treylom/opencrab-nec-2026-local-election-data/blob/main/supplements/official_gap_recovery_2026/direct_nec_downloads/markdown/820260603-4800-경상남도-개혁신당-1-1.md","ok","pymupdf","ok","2","719","339193","pack_stale_currently_available_direct_nec_recovered"
"820260603-4900-제주특별자치도-개혁신당-1-1","party-doc:820260603:제주특별자치도:개혁신당:1","4900","제주특별자치도","820260603","광역의원비례대표선거","제주특별자치도","","","개혁신당","1","비례대표 정당 제출자료","https://policy.nec.go.kr/plc/common/downloadFile.do?requestedFileName=20260603_%EC%A0%9C%EC%A3%BC%ED%8A%B9%EB%B3%84%EC%9E%90%EC%B9%98%EB%8F%84_%EA%B0%9C%ED%98%81%EC%8B%A0%EB%8B%B9_%EB%B9%84%EB%A1%80%EB%8C%80%ED%91%9C%20%EC%A0%95%EB%8B%B9%20%EC%A0%9C%EC%B6%9C%EC%9E%90%EB%A3%8C.pdf&requestedFullPath=20260603/PDF/PBINFO_PUB/4900/003_5070_20260520_1.pdf","20260603/PDF/PBINFO_PUB/4900/003_5070_20260520_1.pdf","supplements/official_gap_recovery_2026/direct_nec_downloads/markdown/820260603-4900-제주특별자치도-개혁신당-1-1.md","https://github.com/treylom/opencrab-nec-2026-local-election-data/blob/main/supplements/official_gap_recovery_2026/direct_nec_downloads/markdown/820260603-4900-제주특별자치도-개혁신당-1-1.md","ok","pymupdf","ok","2","906","3898706","pack_stale_currently_available_direct_nec_recovered"
"820260603-5200-강원특별자치도-진보당-1-1","party-doc:820260603:강원특별자치도:진보당:1","5200","강원특별자치도","820260603","광역의원비례대표선거","강원특별자치도","","","진보당","1","비례대표 정당 제출자료","https://policy.nec.go.kr/plc/common/downloadFile.do?requestedFileName=20260603_%EA%B0%95%EC%9B%90%ED%8A%B9%EB%B3%84%EC%9E%90%EC%B9%98%EB%8F%84_%EC%A7%84%EB%B3%B4%EB%8B%B9_%EB%B9%84%EB%A1%80%EB%8C%80%ED%91%9C%20%EC%A0%95%EB%8B%B9%20%EC%A0%9C%EC%B6%9C%EC%9E%90%EB%A3%8C.pdf&requestedFullPath=20260603/PDF/PBINFO_PUB/5200/003_5010_20260518_1.pdf","20260603/PDF/PBINFO_PUB/5200/003_5010_20260518_1.pdf","supplements/official_gap_recovery_2026/direct_nec_downloads/markdown/820260603-5200-강원특별자치도-진보당-1-1.md","https://github.com/treylom/opencrab-nec-2026-local-election-data/blob/main/supplements/official_gap_recovery_2026/direct_nec_downloads/markdown/820260603-5200-강원특별자치도-진보당-1-1.md","ok","pymupdf","suspiciously_short_text","2","157","2485945","pack_stale_currently_available_direct_nec_recovered"
"820260603-3100-울산광역시-진보당-1-1","party-doc:820260603:울산광역시:진보당:1","3100","울산광역시","820260603","광역의원비례대표선거","울산광역시","","","진보당","1","비례대표 정당 제출자료","https://policy.nec.go.kr/plc/common/downloadFile.do?requestedFileName=20260603_%EC%9A%B8%EC%82%B0%EA%B4%91%EC%97%AD%EC%8B%9C_%EC%A7%84%EB%B3%B4%EB%8B%B9_%EB%B9%84%EB%A1%80%EB%8C%80%ED%91%9C%20%EC%A0%95%EB%8B%B9%20%EC%A0%9C%EC%B6%9C%EC%9E%90%EB%A3%8C.pdf&requestedFullPath=20260603/PDF/PBINFO_PUB/3100/003_5010_20260522_1.pdf","20260603/PDF/PBINFO_PUB/3100/003_5010_20260522_1.pdf","supplements/official_gap_recovery_2026/direct_nec_downloads/markdown/820260603-3100-울산광역시-진보당-1-1.md","https://github.com/treylom/opencrab-nec-2026-local-election-data/blob/main/supplements/official_gap_recovery_2026/direct_nec_downloads/markdown/820260603-3100-울산광역시-진보당-1-1.md","ok","pymupdf","suspiciously_short_text","2","24","3495839","pack_stale_currently_available_direct_nec_recovered"
"820260603-3000-대전광역시-진보당-1-1","party-doc:820260603:대전광역시:진보당:1","3000","대전광역시","820260603","광역의원비례대표선거","대전광역시","","","진보당","1","비례대표 정당 제출자료","https://policy.nec.go.kr/plc/common/downloadFile.do?requestedFileName=20260603_%EB%8C%80%EC%A0%84%EA%B4%91%EC%97%AD%EC%8B%9C_%EC%A7%84%EB%B3%B4%EB%8B%B9_%EB%B9%84%EB%A1%80%EB%8C%80%ED%91%9C%20%EC%A0%95%EB%8B%B9%20%EC%A0%9C%EC%B6%9C%EC%9E%90%EB%A3%8C.pdf&requestedFullPath=20260603/PDF/PBINFO_PUB/3000/003_5010_20260514_1.pdf","20260603/PDF/PBINFO_PUB/3000/003_5010_20260514_1.pdf","supplements/official_gap_recovery_2026/direct_nec_downloads/markdown/820260603-3000-대전광역시-진보당-1-1.md","https://github.com/treylom/opencrab-nec-2026-local-election-data/blob/main/supplements/official_gap_recovery_2026/direct_nec_downloads/markdown/820260603-3000-대전광역시-진보당-1-1.md","ok","pymupdf","ok","2","729","4196290","pack_stale_currently_available_direct_nec_recovered"
"820260603-4300-충청북도-진보당-1-1","party-doc:820260603:충청북도:진보당:1","4300","충청북도","820260603","광역의원비례대표선거","충청북도","","","진보당","1","비례대표 정당 제출자료","https://policy.nec.go.kr/plc/common/downloadFile.do?requestedFileName=20260603_%EC%B6%A9%EC%B2%AD%EB%B6%81%EB%8F%84_%EC%A7%84%EB%B3%B4%EB%8B%B9_%EB%B9%84%EB%A1%80%EB%8C%80%ED%91%9C%20%EC%A0%95%EB%8B%B9%20%EC%A0%9C%EC%B6%9C%EC%9E%90%EB%A3%8C.pdf&requestedFullPath=20260603/PDF/PBINFO_PUB/4300/003_5010_20260516_1.pdf","20260603/PDF/PBINFO_PUB/4300/003_5010_20260516_1.pdf","supplements/official_gap_recovery_2026/direct_nec_downloads/markdown/820260603-4300-충청북도-진보당-1-1.md","https://github.com/treylom/opencrab-nec-2026-local-election-data/blob/main/supplements/official_gap_recovery_2026/direct_nec_downloads/markdown/820260603-4300-충청북도-진보당-1-1.md","ok","pymupdf","ok","2","241","5307731","pack_stale_currently_available_direct_nec_recovered"
"820260603-2600-부산광역시-진보당-1-1","party-doc:820260603:부산광역시:진보당:1","2600","부산광역시","820260603","광역의원비례대표선거","부산광역시","","","진보당","1","비례대표 정당 제출자료","https://policy.nec.go.kr/plc/common/downloadFile.do?requestedFileName=20260603_%EB%B6%80%EC%82%B0%EA%B4%91%EC%97%AD%EC%8B%9C_%EC%A7%84%EB%B3%B4%EB%8B%B9_%EB%B9%84%EB%A1%80%EB%8C%80%ED%91%9C%20%EC%A0%95%EB%8B%B9%20%EC%A0%9C%EC%B6%9C%EC%9E%90%EB%A3%8C.pdf&requestedFullPath=20260603/PDF/PBINFO_PUB/2600/003_5010_20260521_1.pdf","20260603/PDF/PBINFO_PUB/2600/003_5010_20260521_1.pdf","supplements/official_gap_recovery_2026/direct_nec_downloads/markdown/820260603-2600-부산광역시-진보당-1-1.md","https://github.com/treylom/opencrab-nec-2026-local-election-data/blob/main/supplements/official_gap_recovery_2026/direct_nec_downloads/markdown/820260603-2600-부산광역시-진보당-1-1.md","ok","pymupdf","ok","2","1032","1799693","pack_stale_currently_available_direct_nec_recovered"
"820260603-1100-서울특별시-진보당-1-1","party-doc:820260603:서울특별시:진보당:1","1100","서울특별시","820260603","광역의원비례대표선거","서울특별시","","","진보당","1","비례대표 정당 제출자료","https://policy.nec.go.kr/plc/common/downloadFile.do?requestedFileName=20260603_%EC%84%9C%EC%9A%B8%ED%8A%B9%EB%B3%84%EC%8B%9C_%EC%A7%84%EB%B3%B4%EB%8B%B9_%EB%B9%84%EB%A1%80%EB%8C%80%ED%91%9C%20%EC%A0%95%EB%8B%B9%20%EC%A0%9C%EC%B6%9C%EC%9E%90%EB%A3%8C.pdf&requestedFullPath=20260603/PDF/PBINFO_PUB/1100/003_5010_20260523_1.pdf","20260603/PDF/PBINFO_PUB/1100/003_5010_20260523_1.pdf","supplements/official_gap_recovery_2026/direct_nec_downloads/markdown/820260603-1100-서울특별시-진보당-1-1.md","https://github.com/treylom/opencrab-nec-2026-local-election-data/blob/main/supplements/official_gap_recovery_2026/direct_nec_downloads/markdown/820260603-1100-서울특별시-진보당-1-1.md","ok","pymupdf","ok","4","1390","3404203","pack_stale_currently_available_direct_nec_recovered"
"820260603-5100-세종특별자치시-진보당-1-1","party-doc:820260603:세종특별자치시:진보당:1","5100","세종특별자치시","820260603","광역의원비례대표선거","세종특별자치시","","","진보당","1","비례대표 정당 제출자료","https://policy.nec.go.kr/plc/common/downloadFile.do?requestedFileName=20260603_%EC%84%B8%EC%A2%85%ED%8A%B9%EB%B3%84%EC%9E%90%EC%B9%98%EC%8B%9C_%EC%A7%84%EB%B3%B4%EB%8B%B9_%EB%B9%84%EB%A1%80%EB%8C%80%ED%91%9C%20%EC%A0%95%EB%8B%B9%20%EC%A0%9C%EC%B6%9C%EC%9E%90%EB%A3%8C.pdf&requestedFullPath=20260603/PDF/PBINFO_PUB/5100/003_5010_20260522_1.pdf","20260603/PDF/PBINFO_PUB/5100/003_5010_20260522_1.pdf","supplements/official_gap_recovery_2026/direct_nec_downloads/markdown/820260603-5100-세종특별자치시-진보당-1-1.md","https://github.com/treylom/opencrab-nec-2026-local-election-data/blob/main/supplements/official_gap_recovery_2026/direct_nec_downloads/markdown/820260603-5100-세종특별자치시-진보당-1-1.md","ok","pymupdf","ok","2","749","2094261","pack_stale_currently_available_direct_nec_recovered"
"820260603-4800-경상남도-진보당-1-1","party-doc:820260603:경상남도:진보당:1","4800","경상남도","820260603","광역의원비례대표선거","경상남도","","","진보당","1","비례대표 정당 제출자료","https://policy.nec.go.kr/plc/common/downloadFile.do?requestedFileName=20260603_%EA%B2%BD%EC%83%81%EB%82%A8%EB%8F%84_%EC%A7%84%EB%B3%B4%EB%8B%B9_%EB%B9%84%EB%A1%80%EB%8C%80%ED%91%9C%20%EC%A0%95%EB%8B%B9%20%EC%A0%9C%EC%B6%9C%EC%9E%90%EB%A3%8C.pdf&requestedFullPath=20260603/PDF/PBINFO_PUB/4800/003_5010_20260520_1.pdf","20260603/PDF/PBINFO_PUB/4800/003_5010_20260520_1.pdf","supplements/official_gap_recovery_2026/direct_nec_downloads/markdown/820260603-4800-경상남도-진보당-1-1.md","https://github.com/treylom/opencrab-nec-2026-local-election-data/blob/main/supplements/official_gap_recovery_2026/direct_nec_downloads/markdown/820260603-4800-경상남도-진보당-1-1.md","ok","pymupdf","ok","2","977","11474249","pack_stale_currently_available_direct_nec_recovered"
"820260603-4400-충청남도-진보당-1-1","party-doc:820260603:충청남도:진보당:1","4400","충청남도","820260603","광역의원비례대표선거","충청남도","","","진보당","1","비례대표 정당 제출자료","https://policy.nec.go.kr/plc/common/downloadFile.do?requestedFileName=20260603_%EC%B6%A9%EC%B2%AD%EB%82%A8%EB%8F%84_%EC%A7%84%EB%B3%B4%EB%8B%B9_%EB%B9%84%EB%A1%80%EB%8C%80%ED%91%9C%20%EC%A0%95%EB%8B%B9%20%EC%A0%9C%EC%B6%9C%EC%9E%90%EB%A3%8C.pdf&requestedFullPath=20260603/PDF/PBINFO_PUB/4400/003_5010_20260522_1.pdf","20260603/PDF/PBINFO_PUB/4400/003_5010_20260522_1.pdf","supplements/official_gap_recovery_2026/direct_nec_downloads/markdown/820260603-4400-충청남도-진보당-1-1.md","https://github.com/treylom/opencrab-nec-2026-local-election-data/blob/main/supplements/official_gap_recovery_2026/direct_nec_downloads/markdown/820260603-4400-충청남도-진보당-1-1.md","ok","pymupdf","ok","2","1038","2365440","pack_stale_currently_available_direct_nec_recovered"
"820260603-4100-경기도-진보당-1-1","party-doc:820260603:경기도:진보당:1","4100","경기도","820260603","광역의원비례대표선거","경기도","","","진보당","1","비례대표 정당 제출자료","https://policy.nec.go.kr/plc/common/downloadFile.do?requestedFileName=20260603_%EA%B2%BD%EA%B8%B0%EB%8F%84_%EC%A7%84%EB%B3%B4%EB%8B%B9_%EB%B9%84%EB%A1%80%EB%8C%80%ED%91%9C%20%EC%A0%95%EB%8B%B9%20%EC%A0%9C%EC%B6%9C%EC%9E%90%EB%A3%8C.pdf&requestedFullPath=20260603/PDF/PBINFO_PUB/4100/003_5010_20260523_1.pdf","20260603/PDF/PBINFO_PUB/4100/003_5010_20260523_1.pdf","supplements/official_gap_recovery_2026/direct_nec_downloads/markdown/820260603-4100-경기도-진보당-1-1.md","https://github.com/treylom/opencrab-nec-2026-local-election-data/blob/main/supplements/official_gap_recovery_2026/direct_nec_downloads/markdown/820260603-4100-경기도-진보당-1-1.md","ok","pymupdf","ok","2","1567","987265","pack_stale_currently_available_direct_nec_recovered"
"820260603-2800-인천광역시-진보당-1-1","party-doc:820260603:인천광역시:진보당:1","2800","인천광역시","820260603","광역의원비례대표선거","인천광역시","","","진보당","1","비례대표 정당 제출자료","https://policy.nec.go.kr/plc/common/downloadFile.do?requestedFileName=20260603_%EC%9D%B8%EC%B2%9C%EA%B4%91%EC%97%AD%EC%8B%9C_%EC%A7%84%EB%B3%B4%EB%8B%B9_%EB%B9%84%EB%A1%80%EB%8C%80%ED%91%9C%20%EC%A0%95%EB%8B%B9%20%EC%A0%9C%EC%B6%9C%EC%9E%90%EB%A3%8C.pdf&requestedFullPath=20260603/PDF/PBINFO_PUB/2800/003_5010_20260518_1.pdf","20260603/PDF/PBINFO_PUB/2800/003_5010_20260518_1.pdf","supplements/official_gap_recovery_2026/direct_nec_downloads/markdown/820260603-2800-인천광역시-진보당-1-1.md","https://github.com/treylom/opencrab-nec-2026-local-election-data/blob/main/supplements/official_gap_recovery_2026/direct_nec_downloads/markdown/820260603-2800-인천광역시-진보당-1-1.md","ok","pymupdf","suspiciously_short_text","2","24","17217590","pack_stale_currently_available_direct_nec_recovered"
"820260603-2700-대구광역시-진보당-1-1","party-doc:820260603:대구광역시:진보당:1","2700","대구광역시","820260603","광역의원비례대표선거","대구광역시","","","진보당","1","비례대표 정당 제출자료","https://policy.nec.go.kr/plc/common/downloadFile.do?requestedFileName=20260603_%EB%8C%80%EA%B5%AC%EA%B4%91%EC%97%AD%EC%8B%9C_%EC%A7%84%EB%B3%B4%EB%8B%B9_%EB%B9%84%EB%A1%80%EB%8C%80%ED%91%9C%20%EC%A0%95%EB%8B%B9%20%EC%A0%9C%EC%B6%9C%EC%9E%90%EB%A3%8C.pdf&requestedFullPath=20260603/PDF/PBINFO_PUB/2700/003_5010_20260525_1.pdf","20260603/PDF/PBINFO_PUB/2700/003_5010_20260525_1.pdf","supplements/official_gap_recovery_2026/direct_nec_downloads/markdown/820260603-2700-대구광역시-진보당-1-1.md","https://github.com/treylom/opencrab-nec-2026-local-election-data/blob/main/supplements/official_gap_recovery_2026/direct_nec_downloads/markdown/820260603-2700-대구광역시-진보당-1-1.md","ok","pymupdf","ok","2","841","545467","pack_stale_currently_available_direct_nec_recovered"
"820260603-4700-경상북도-진보당-1-1","party-doc:820260603:경상북도:진보당:1","4700","경상북도","820260603","광역의원비례대표선거","경상북도","","","진보당","1","비례대표 정당 제출자료","https://policy.nec.go.kr/plc/common/downloadFile.do?requestedFileName=20260603_%EA%B2%BD%EC%83%81%EB%B6%81%EB%8F%84_%EC%A7%84%EB%B3%B4%EB%8B%B9_%EB%B9%84%EB%A1%80%EB%8C%80%ED%91%9C%20%EC%A0%95%EB%8B%B9%20%EC%A0%9C%EC%B6%9C%EC%9E%90%EB%A3%8C.pdf&requestedFullPath=20260603/PDF/PBINFO_PUB/4700/003_5010_20260518_1.pdf","20260603/PDF/PBINFO_PUB/4700/003_5010_20260518_1.pdf","supplements/official_gap_recovery_2026/direct_nec_downloads/markdown/820260603-4700-경상북도-진보당-1-1.md","https://github.com/treylom/opencrab-nec-2026-local-election-data/blob/main/supplements/official_gap_recovery_2026/direct_nec_downloads/markdown/820260603-4700-경상북도-진보당-1-1.md","ok","pymupdf","ok","2","989","11137171","pack_stale_currently_available_direct_nec_recovered"
"820260603-2900-전남광주통합특별시-진보당-1-1","party-doc:820260603:전남광주통합특별시:진보당:1","2900","전남광주통합특별시","820260603","광역의원비례대표선거","전남광주통합특별시","","","진보당","1","비례대표 정당 제출자료","https://policy.nec.go.kr/plc/common/downloadFile.do?requestedFileName=20260603_%EC%A0%84%EB%82%A8%EA%B4%91%EC%A3%BC%ED%86%B5%ED%95%A9%ED%8A%B9%EB%B3%84%EC%8B%9C_%EC%A7%84%EB%B3%B4%EB%8B%B9_%EB%B9%84%EB%A1%80%EB%8C%80%ED%91%9C%20%EC%A0%95%EB%8B%B9%20%EC%A0%9C%EC%B6%9C%EC%9E%90%EB%A3%8C.pdf&requestedFullPath=20260603/PDF/PBINFO_PUB/2900/003_5010_20260523_1.pdf","20260603/PDF/PBINFO_PUB/2900/003_5010_20260523_1.pdf","supplements/official_gap_recovery_2026/direct_nec_downloads/markdown/820260603-2900-전남광주통합특별시-진보당-1-1.md","https://github.com/treylom/opencrab-nec-2026-local-election-data/blob/main/supplements/official_gap_recovery_2026/direct_nec_downloads/markdown/820260603-2900-전남광주통합특별시-진보당-1-1.md","ok","pymupdf","ok","6","3911","5055870","pack_stale_currently_available_direct_nec_recovered"
"820260603-4900-제주특별자치도-진보당-1-1","party-doc:820260603:제주특별자치도:진보당:1","4900","제주특별자치도","820260603","광역의원비례대표선거","제주특별자치도","","","진보당","1","비례대표 정당 제출자료","https://policy.nec.go.kr/plc/common/downloadFile.do?requestedFileName=20260603_%EC%A0%9C%EC%A3%BC%ED%8A%B9%EB%B3%84%EC%9E%90%EC%B9%98%EB%8F%84_%EC%A7%84%EB%B3%B4%EB%8B%B9_%EB%B9%84%EB%A1%80%EB%8C%80%ED%91%9C%20%EC%A0%95%EB%8B%B9%20%EC%A0%9C%EC%B6%9C%EC%9E%90%EB%A3%8C.pdf&requestedFullPath=20260603/PDF/PBINFO_PUB/4900/003_5010_20260522_1.pdf","20260603/PDF/PBINFO_PUB/4900/003_5010_20260522_1.pdf","supplements/official_gap_recovery_2026/direct_nec_downloads/markdown/820260603-4900-제주특별자치도-진보당-1-1.md","https://github.com/treylom/opencrab-nec-2026-local-election-data/blob/main/supplements/official_gap_recovery_2026/direct_nec_downloads/markdown/820260603-4900-제주특별자치도-진보당-1-1.md","ok","pymupdf","ok","2","1101","4900851","pack_stale_currently_available_direct_nec_recovered"
"820260603-4400-충청남도-기본소득당-1-1","party-doc:820260603:충청남도:기본소득당:1","4400","충청남도","820260603","광역의원비례대표선거","충청남도","","","기본소득당","1","비례대표 정당 제출자료","https://policy.nec.go.kr/plc/common/downloadFile.do?requestedFileName=20260603_%EC%B6%A9%EC%B2%AD%EB%82%A8%EB%8F%84_%EA%B8%B0%EB%B3%B8%EC%86%8C%EB%93%9D%EB%8B%B9_%EB%B9%84%EB%A1%80%EB%8C%80%ED%91%9C%20%EC%A0%95%EB%8B%B9%20%EC%A0%9C%EC%B6%9C%EC%9E%90%EB%A3%8C.pdf&requestedFullPath=20260603/PDF/PBINFO_PUB/4400/003_5035_20260518_1.pdf","20260603/PDF/PBINFO_PUB/4400/003_5035_20260518_1.pdf","supplements/official_gap_recovery_2026/direct_nec_downloads/markdown/820260603-4400-충청남도-기본소득당-1-1.md","https://github.com/treylom/opencrab-nec-2026-local-election-data/blob/main/supplements/official_gap_recovery_2026/direct_nec_downloads/markdown/820260603-4400-충청남도-기본소득당-1-1.md","ok","pymupdf","ok","2","404","941901","pack_stale_currently_available_direct_nec_recovered"
"820260603-2800-인천광역시-기본소득당-1-1","party-doc:820260603:인천광역시:기본소득당:1","2800","인천광역시","820260603","광역의원비례대표선거","인천광역시","","","기본소득당","1","비례대표 정당 제출자료","https://policy.nec.go.kr/plc/common/downloadFile.do?requestedFileName=20260603_%EC%9D%B8%EC%B2%9C%EA%B4%91%EC%97%AD%EC%8B%9C_%EA%B8%B0%EB%B3%B8%EC%86%8C%EB%93%9D%EB%8B%B9_%EB%B9%84%EB%A1%80%EB%8C%80%ED%91%9C%20%EC%A0%95%EB%8B%B9%20%EC%A0%9C%EC%B6%9C%EC%9E%90%EB%A3%8C.pdf&requestedFullPath=20260603/PDF/PBINFO_PUB/2800/003_5035_20260518_1.pdf","20260603/PDF/PBINFO_PUB/2800/003_5035_20260518_1.pdf","supplements/official_gap_recovery_2026/direct_nec_downloads/markdown/820260603-2800-인천광역시-기본소득당-1-1.md","https://github.com/treylom/opencrab-nec-2026-local-election-data/blob/main/supplements/official_gap_recovery_2026/direct_nec_downloads/markdown/820260603-2800-인천광역시-기본소득당-1-1.md","ok","pymupdf","ok","2","424","941689","pack_stale_currently_available_direct_nec_recovered"
"820260603-2600-부산광역시-기본소득당-1-1","party-doc:820260603:부산광역시:기본소득당:1","2600","부산광역시","820260603","광역의원비례대표선거","부산광역시","","","기본소득당","1","비례대표 정당 제출자료","https://policy.nec.go.kr/plc/common/downloadFile.do?requestedFileName=20260603_%EB%B6%80%EC%82%B0%EA%B4%91%EC%97%AD%EC%8B%9C_%EA%B8%B0%EB%B3%B8%EC%86%8C%EB%93%9D%EB%8B%B9_%EB%B9%84%EB%A1%80%EB%8C%80%ED%91%9C%20%EC%A0%95%EB%8B%B9%20%EC%A0%9C%EC%B6%9C%EC%9E%90%EB%A3%8C.pdf&requestedFullPath=20260603/PDF/PBINFO_PUB/2600/003_5035_20260521_1.pdf","20260603/PDF/PBINFO_PUB/2600/003_5035_20260521_1.pdf","supplements/official_gap_recovery_2026/direct_nec_downloads/markdown/820260603-2600-부산광역시-기본소득당-1-1.md","https://github.com/treylom/opencrab-nec-2026-local-election-data/blob/main/supplements/official_gap_recovery_2026/direct_nec_downloads/markdown/820260603-2600-부산광역시-기본소득당-1-1.md","ok","pymupdf","ok","2","432","946355","pack_stale_currently_available_direct_nec_recovered"
"820260603-5200-강원특별자치도-기본소득당-1-1","party-doc:820260603:강원특별자치도:기본소득당:1","5200","강원특별자치도","820260603","광역의원비례대표선거","강원특별자치도","","","기본소득당","1","비례대표 정당 제출자료","https://policy.nec.go.kr/plc/common/downloadFile.do?requestedFileName=20260603_%EA%B0%95%EC%9B%90%ED%8A%B9%EB%B3%84%EC%9E%90%EC%B9%98%EB%8F%84_%EA%B8%B0%EB%B3%B8%EC%86%8C%EB%93%9D%EB%8B%B9_%EB%B9%84%EB%A1%80%EB%8C%80%ED%91%9C%20%EC%A0%95%EB%8B%B9%20%EC%A0%9C%EC%B6%9C%EC%9E%90%EB%A3%8C.pdf&requestedFullPath=20260603/PDF/PBINFO_PUB/5200/003_5035_20260518_1.pdf","20260603/PDF/PBINFO_PUB/5200/003_5035_20260518_1.pdf","supplements/official_gap_recovery_2026/direct_nec_downloads/markdown/820260603-5200-강원특별자치도-기본소득당-1-1.md","https://github.com/treylom/opencrab-nec-2026-local-election-data/blob/main/supplements/official_gap_recovery_2026/direct_nec_downloads/markdown/820260603-5200-강원특별자치도-기본소득당-1-1.md","ok","pymupdf","ok","2","418","942359","pack_stale_currently_available_direct_nec_recovered"
"820260603-5100-세종특별자치시-기본소득당-1-1","party-doc:820260603:세종특별자치시:기본소득당:1","5100","세종특별자치시","820260603","광역의원비례대표선거","세종특별자치시","","","기본소득당","1","비례대표 정당 제출자료","https://policy.nec.go.kr/plc/common/downloadFile.do?requestedFileName=20260603_%EC%84%B8%EC%A2%85%ED%8A%B9%EB%B3%84%EC%9E%90%EC%B9%98%EC%8B%9C_%EA%B8%B0%EB%B3%B8%EC%86%8C%EB%93%9D%EB%8B%B9_%EB%B9%84%EB%A1%80%EB%8C%80%ED%91%9C%20%EC%A0%95%EB%8B%B9%20%EC%A0%9C%EC%B6%9C%EC%9E%90%EB%A3%8C.pdf&requestedFullPath=20260603/PDF/PBINFO_PUB/5100/003_5035_20260522_1.pdf","20260603/PDF/PBINFO_PUB/5100/003_5035_20260522_1.pdf","supplements/official_gap_recovery_2026/direct_nec_downloads/markdown/820260603-5100-세종특별자치시-기본소득당-1-1.md","https://github.com/treylom/opencrab-nec-2026-local-election-data/blob/main/supplements/official_gap_recovery_2026/direct_nec_downloads/markdown/820260603-5100-세종특별자치시-기본소득당-1-1.md","ok","pymupdf","ok","2","411","920302","pack_stale_currently_available_direct_nec_recovered"
"820260603-4700-경상북도-기본소득당-1-1","party-doc:820260603:경상북도:기본소득당:1","4700","경상북도","820260603","광역의원비례대표선거","경상북도","","","기본소득당","1","비례대표 정당 제출자료","https://policy.nec.go.kr/plc/common/downloadFile.do?requestedFileName=20260603_%EA%B2%BD%EC%83%81%EB%B6%81%EB%8F%84_%EA%B8%B0%EB%B3%B8%EC%86%8C%EB%93%9D%EB%8B%B9_%EB%B9%84%EB%A1%80%EB%8C%80%ED%91%9C%20%EC%A0%95%EB%8B%B9%20%EC%A0%9C%EC%B6%9C%EC%9E%90%EB%A3%8C.pdf&requestedFullPath=20260603/PDF/PBINFO_PUB/4700/003_5035_20260517_2.pdf","20260603/PDF/PBINFO_PUB/4700/003_5035_20260517_2.pdf","supplements/official_gap_recovery_2026/direct_nec_downloads/markdown/820260603-4700-경상북도-기본소득당-1-1.md","https://github.com/treylom/opencrab-nec-2026-local-election-data/blob/main/supplements/official_gap_recovery_2026/direct_nec_downloads/markdown/820260603-4700-경상북도-기본소득당-1-1.md","ok","pymupdf","ok","2","396","935519","pack_stale_currently_available_direct_nec_recovered"
"820260603-3100-울산광역시-기본소득당-1-1","party-doc:820260603:울산광역시:기본소득당:1","3100","울산광역시","820260603","광역의원비례대표선거","울산광역시","","","기본소득당","1","비례대표 정당 제출자료","https://policy.nec.go.kr/plc/common/downloadFile.do?requestedFileName=20260603_%EC%9A%B8%EC%82%B0%EA%B4%91%EC%97%AD%EC%8B%9C_%EA%B8%B0%EB%B3%B8%EC%86%8C%EB%93%9D%EB%8B%B9_%EB%B9%84%EB%A1%80%EB%8C%80%ED%91%9C%20%EC%A0%95%EB%8B%B9%20%EC%A0%9C%EC%B6%9C%EC%9E%90%EB%A3%8C.pdf&requestedFullPath=20260603/PDF/PBINFO_PUB/3100/003_5035_20260521_1.pdf","20260603/PDF/PBINFO_PUB/3100/003_5035_20260521_1.pdf","supplements/official_gap_recovery_2026/direct_nec_downloads/markdown/820260603-3100-울산광역시-기본소득당-1-1.md","https://github.com/treylom/opencrab-nec-2026-local-election-data/blob/main/supplements/official_gap_recovery_2026/direct_nec_downloads/markdown/820260603-3100-울산광역시-기본소득당-1-1.md","ok","pymupdf","ok","2","426","947788","pack_stale_currently_available_direct_nec_recovered"
"820260603-2700-대구광역시-기본소득당-1-1","party-doc:820260603:대구광역시:기본소득당:1","2700","대구광역시","820260603","광역의원비례대표선거","대구광역시","","","기본소득당","1","비례대표 정당 제출자료","https://policy.nec.go.kr/plc/common/downloadFile.do?requestedFileName=20260603_%EB%8C%80%EA%B5%AC%EA%B4%91%EC%97%AD%EC%8B%9C_%EA%B8%B0%EB%B3%B8%EC%86%8C%EB%93%9D%EB%8B%B9_%EB%B9%84%EB%A1%80%EB%8C%80%ED%91%9C%20%EC%A0%95%EB%8B%B9%20%EC%A0%9C%EC%B6%9C%EC%9E%90%EB%A3%8C.pdf&requestedFullPath=20260603/PDF/PBINFO_PUB/2700/003_5035_20260522_1.pdf","20260603/PDF/PBINFO_PUB/2700/003_5035_20260522_1.pdf","supplements/official_gap_recovery_2026/direct_nec_downloads/markdown/820260603-2700-대구광역시-기본소득당-1-1.md","https://github.com/treylom/opencrab-nec-2026-local-election-data/blob/main/supplements/official_gap_recovery_2026/direct_nec_downloads/markdown/820260603-2700-대구광역시-기본소득당-1-1.md","ok","pymupdf","ok","2","422","930842","pack_stale_currently_available_direct_nec_recovered"
"820260603-5300-전북특별자치도-기본소득당-1-1","party-doc:820260603:전북특별자치도:기본소득당:1","5300","전북특별자치도","820260603","광역의원비례대표선거","전북특별자치도","","","기본소득당","1","비례대표 정당 제출자료","https://policy.nec.go.kr/plc/common/downloadFile.do?requestedFileName=20260603_%EC%A0%84%EB%B6%81%ED%8A%B9%EB%B3%84%EC%9E%90%EC%B9%98%EB%8F%84_%EA%B8%B0%EB%B3%B8%EC%86%8C%EB%93%9D%EB%8B%B9_%EB%B9%84%EB%A1%80%EB%8C%80%ED%91%9C%20%EC%A0%95%EB%8B%B9%20%EC%A0%9C%EC%B6%9C%EC%9E%90%EB%A3%8C.pdf&requestedFullPath=20260603/PDF/PBINFO_PUB/5300/003_5035_20260522_1.pdf","20260603/PDF/PBINFO_PUB/5300/003_5035_20260522_1.pdf","supplements/official_gap_recovery_2026/direct_nec_downloads/markdown/820260603-5300-전북특별자치도-기본소득당-1-1.md","https://github.com/treylom/opencrab-nec-2026-local-election-data/blob/main/supplements/official_gap_recovery_2026/direct_nec_downloads/markdown/820260603-5300-전북특별자치도-기본소득당-1-1.md","ok","pymupdf","ok","2","498","978879","pack_stale_currently_available_direct_nec_recovered"
"820260603-4900-제주특별자치도-기본소득당-1-1","party-doc:820260603:제주특별자치도:기본소득당:1","4900","제주특별자치도","820260603","광역의원비례대표선거","제주특별자치도","","","기본소득당","1","비례대표 정당 제출자료","https://policy.nec.go.kr/plc/common/downloadFile.do?requestedFileName=20260603_%EC%A0%9C%EC%A3%BC%ED%8A%B9%EB%B3%84%EC%9E%90%EC%B9%98%EB%8F%84_%EA%B8%B0%EB%B3%B8%EC%86%8C%EB%93%9D%EB%8B%B9_%EB%B9%84%EB%A1%80%EB%8C%80%ED%91%9C%20%EC%A0%95%EB%8B%B9%20%EC%A0%9C%EC%B6%9C%EC%9E%90%EB%A3%8C.pdf&requestedFullPath=20260603/PDF/PBINFO_PUB/4900/003_5035_20260520_1.pdf","20260603/PDF/PBINFO_PUB/4900/003_5035_20260520_1.pdf","supplements/official_gap_recovery_2026/direct_nec_downloads/markdown/820260603-4900-제주특별자치도-기본소득당-1-1.md","https://github.com/treylom/opencrab-nec-2026-local-election-data/blob/main/supplements/official_gap_recovery_2026/direct_nec_downloads/markdown/820260603-4900-제주특별자치도-기본소득당-1-1.md","ok","pymupdf","ok","2","430","939431","pack_stale_currently_available_direct_nec_recovered"
"820260603-1100-서울특별시-기본소득당-1-1","party-doc:820260603:서울특별시:기본소득당:1","1100","서울특별시","820260603","광역의원비례대표선거","서울특별시","","","기본소득당","1","비례대표 정당 제출자료","https://policy.nec.go.kr/plc/common/downloadFile.do?requestedFileName=20260603_%EC%84%9C%EC%9A%B8%ED%8A%B9%EB%B3%84%EC%8B%9C_%EA%B8%B0%EB%B3%B8%EC%86%8C%EB%93%9D%EB%8B%B9_%EB%B9%84%EB%A1%80%EB%8C%80%ED%91%9C%20%EC%A0%95%EB%8B%B9%20%EC%A0%9C%EC%B6%9C%EC%9E%90%EB%A3%8C.pdf&requestedFullPath=20260603/PDF/PBINFO_PUB/1100/003_5035_20260523_1.pdf","20260603/PDF/PBINFO_PUB/1100/003_5035_20260523_1.pdf","supplements/official_gap_recovery_2026/direct_nec_downloads/markdown/820260603-1100-서울특별시-기본소득당-1-1.md","https://github.com/treylom/opencrab-nec-2026-local-election-data/blob/main/supplements/official_gap_recovery_2026/direct_nec_downloads/markdown/820260603-1100-서울특별시-기본소득당-1-1.md","ok","pymupdf","ok","2","526","982601","pack_stale_currently_available_direct_nec_recovered"
"820260603-2900-전남광주통합특별시-기본소득당-1-1","party-doc:820260603:전남광주통합특별시:기본소득당:1","2900","전남광주통합특별시","820260603","광역의원비례대표선거","전남광주통합특별시","","","기본소득당","1","비례대표 정당 제출자료","https://policy.nec.go.kr/plc/common/downloadFile.do?requestedFileName=20260603_%EC%A0%84%EB%82%A8%EA%B4%91%EC%A3%BC%ED%86%B5%ED%95%A9%ED%8A%B9%EB%B3%84%EC%8B%9C_%EA%B8%B0%EB%B3%B8%EC%86%8C%EB%93%9D%EB%8B%B9_%EB%B9%84%EB%A1%80%EB%8C%80%ED%91%9C%20%EC%A0%95%EB%8B%B9%20%EC%A0%9C%EC%B6%9C%EC%9E%90%EB%A3%8C.pdf&requestedFullPath=20260603/PDF/PBINFO_PUB/2900/003_5035_20260518_1.pdf","20260603/PDF/PBINFO_PUB/2900/003_5035_20260518_1.pdf","supplements/official_gap_recovery_2026/direct_nec_downloads/markdown/820260603-2900-전남광주통합특별시-기본소득당-1-1.md","https://github.com/treylom/opencrab-nec-2026-local-election-data/blob/main/supplements/official_gap_recovery_2026/direct_nec_downloads/markdown/820260603-2900-전남광주통합특별시-기본소득당-1-1.md","ok","pymupdf","ok","2","513","980756","pack_stale_currently_available_direct_nec_recovered"
"820260603-4800-경상남도-기본소득당-1-1","party-doc:820260603:경상남도:기본소득당:1","4800","경상남도","820260603","광역의원비례대표선거","경상남도","","","기본소득당","1","비례대표 정당 제출자료","https://policy.nec.go.kr/plc/common/downloadFile.do?requestedFileName=20260603_%EA%B2%BD%EC%83%81%EB%82%A8%EB%8F%84_%EA%B8%B0%EB%B3%B8%EC%86%8C%EB%93%9D%EB%8B%B9_%EB%B9%84%EB%A1%80%EB%8C%80%ED%91%9C%20%EC%A0%95%EB%8B%B9%20%EC%A0%9C%EC%B6%9C%EC%9E%90%EB%A3%8C.pdf&requestedFullPath=20260603/PDF/PBINFO_PUB/4800/003_5035_20260520_1.pdf","20260603/PDF/PBINFO_PUB/4800/003_5035_20260520_1.pdf","supplements/official_gap_recovery_2026/direct_nec_downloads/markdown/820260603-4800-경상남도-기본소득당-1-1.md","https://github.com/treylom/opencrab-nec-2026-local-election-data/blob/main/supplements/official_gap_recovery_2026/direct_nec_downloads/markdown/820260603-4800-경상남도-기본소득당-1-1.md","ok","pymupdf","ok","2","431","932172","pack_stale_currently_available_direct_nec_recovered"
"820260603-4300-충청북도-기본소득당-1-1","party-doc:820260603:충청북도:기본소득당:1","4300","충청북도","820260603","광역의원비례대표선거","충청북도","","","기본소득당","1","비례대표 정당 제출자료","https://policy.nec.go.kr/plc/common/downloadFile.do?requestedFileName=20260603_%EC%B6%A9%EC%B2%AD%EB%B6%81%EB%8F%84_%EA%B8%B0%EB%B3%B8%EC%86%8C%EB%93%9D%EB%8B%B9_%EB%B9%84%EB%A1%80%EB%8C%80%ED%91%9C%20%EC%A0%95%EB%8B%B9%20%EC%A0%9C%EC%B6%9C%EC%9E%90%EB%A3%8C.pdf&requestedFullPath=20260603/PDF/PBINFO_PUB/4300/003_5035_20260517_1.pdf","20260603/PDF/PBINFO_PUB/4300/003_5035_20260517_1.pdf","supplements/official_gap_recovery_2026/direct_nec_downloads/markdown/820260603-4300-충청북도-기본소득당-1-1.md","https://github.com/treylom/opencrab-nec-2026-local-election-data/blob/main/supplements/official_gap_recovery_2026/direct_nec_downloads/markdown/820260603-4300-충청북도-기본소득당-1-1.md","ok","pymupdf","ok","2","412","939828","pack_stale_currently_available_direct_nec_recovered"
"820260603-4100-경기도-기본소득당-1-1","party-doc:820260603:경기도:기본소득당:1","4100","경기도","820260603","광역의원비례대표선거","경기도","","","기본소득당","1","비례대표 정당 제출자료","https://policy.nec.go.kr/plc/common/downloadFile.do?requestedFileName=20260603_%EA%B2%BD%EA%B8%B0%EB%8F%84_%EA%B8%B0%EB%B3%B8%EC%86%8C%EB%93%9D%EB%8B%B9_%EB%B9%84%EB%A1%80%EB%8C%80%ED%91%9C%20%EC%A0%95%EB%8B%B9%20%EC%A0%9C%EC%B6%9C%EC%9E%90%EB%A3%8C.pdf&requestedFullPath=20260603/PDF/PBINFO_PUB/4100/003_5035_20260523_1.pdf","20260603/PDF/PBINFO_PUB/4100/003_5035_20260523_1.pdf","supplements/official_gap_recovery_2026/direct_nec_downloads/markdown/820260603-4100-경기도-기본소득당-1-1.md","https://github.com/treylom/opencrab-nec-2026-local-election-data/blob/main/supplements/official_gap_recovery_2026/direct_nec_downloads/markdown/820260603-4100-경기도-기본소득당-1-1.md","ok","pymupdf","ok","2","504","988005","pack_stale_currently_available_direct_nec_recovered"
"820260603-3000-대전광역시-기본소득당-1-1","party-doc:820260603:대전광역시:기본소득당:1","3000","대전광역시","820260603","광역의원비례대표선거","대전광역시","","","기본소득당","1","비례대표 정당 제출자료","https://policy.nec.go.kr/plc/common/downloadFile.do?requestedFileName=20260603_%EB%8C%80%EC%A0%84%EA%B4%91%EC%97%AD%EC%8B%9C_%EA%B8%B0%EB%B3%B8%EC%86%8C%EB%93%9D%EB%8B%B9_%EB%B9%84%EB%A1%80%EB%8C%80%ED%91%9C%20%EC%A0%95%EB%8B%B9%20%EC%A0%9C%EC%B6%9C%EC%9E%90%EB%A3%8C.pdf&requestedFullPath=20260603/PDF/PBINFO_PUB/3000/003_5035_20260518_1.pdf","20260603/PDF/PBINFO_PUB/3000/003_5035_20260518_1.pdf","supplements/official_gap_recovery_2026/direct_nec_downloads/markdown/820260603-3000-대전광역시-기본소득당-1-1.md","https://github.com/treylom/opencrab-nec-2026-local-election-data/blob/main/supplements/official_gap_recovery_2026/direct_nec_downloads/markdown/820260603-3000-대전광역시-기본소득당-1-1.md","ok","pymupdf","ok","2","409","930012","pack_stale_currently_available_direct_nec_recovered"
"820260603-4100-경기도-거지당-1-1","party-doc:820260603:경기도:거지당:1","4100","경기도","820260603","광역의원비례대표선거","경기도","","","거지당","1","비례대표 정당 제출자료","https://policy.nec.go.kr/plc/common/downloadFile.do?requestedFileName=20260603_%EA%B2%BD%EA%B8%B0%EB%8F%84_%EA%B1%B0%EC%A7%80%EB%8B%B9_%EB%B9%84%EB%A1%80%EB%8C%80%ED%91%9C%20%EC%A0%95%EB%8B%B9%20%EC%A0%9C%EC%B6%9C%EC%9E%90%EB%A3%8C.pdf&requestedFullPath=20260603/PDF/PBINFO_PUB/4100/003_5054_20260523_1.pdf","20260603/PDF/PBINFO_PUB/4100/003_5054_20260523_1.pdf","supplements/official_gap_recovery_2026/direct_nec_downloads/markdown/820260603-4100-경기도-거지당-1-1.md","https://github.com/treylom/opencrab-nec-2026-local-election-data/blob/main/supplements/official_gap_recovery_2026/direct_nec_downloads/markdown/820260603-4100-경기도-거지당-1-1.md","ok","pymupdf","ok","2","113","87497","pack_stale_currently_available_direct_nec_recovered"
"820260603-1100-서울특별시-거지당-1-1","party-doc:820260603:서울특별시:거지당:1","1100","서울특별시","820260603","광역의원비례대표선거","서울특별시","","","거지당","1","비례대표 정당 제출자료","https://policy.nec.go.kr/plc/common/downloadFile.do?requestedFileName=20260603_%EC%84%9C%EC%9A%B8%ED%8A%B9%EB%B3%84%EC%8B%9C_%EA%B1%B0%EC%A7%80%EB%8B%B9_%EB%B9%84%EB%A1%80%EB%8C%80%ED%91%9C%20%EC%A0%95%EB%8B%B9%20%EC%A0%9C%EC%B6%9C%EC%9E%90%EB%A3%8C.pdf&requestedFullPath=20260603/PDF/PBINFO_PUB/1100/003_5054_20260523_1.pdf","20260603/PDF/PBINFO_PUB/1100/003_5054_20260523_1.pdf","supplements/official_gap_recovery_2026/direct_nec_downloads/markdown/820260603-1100-서울특별시-거지당-1-1.md","https://github.com/treylom/opencrab-nec-2026-local-election-data/blob/main/supplements/official_gap_recovery_2026/direct_nec_downloads/markdown/820260603-1100-서울특별시-거지당-1-1.md","ok","pymupdf","ok","2","83","85795","pack_stale_currently_available_direct_nec_recovered"
"820260603-2700-대구광역시-공화당-1-1","party-doc:820260603:대구광역시:공화당:1","2700","대구광역시","820260603","광역의원비례대표선거","대구광역시","","","공화당","1","비례대표 정당 제출자료","https://policy.nec.go.kr/plc/common/downloadFile.do?requestedFileName=20260603_%EB%8C%80%EA%B5%AC%EA%B4%91%EC%97%AD%EC%8B%9C_%EA%B3%B5%ED%99%94%EB%8B%B9_%EB%B9%84%EB%A1%80%EB%8C%80%ED%91%9C%20%EC%A0%95%EB%8B%B9%20%EC%A0%9C%EC%B6%9C%EC%9E%90%EB%A3%8C.pdf&requestedFullPath=20260603/PDF/PBINFO_PUB/2700/003_5051_20260523_3.pdf","20260603/PDF/PBINFO_PUB/2700/003_5051_20260523_3.pdf","supplements/official_gap_recovery_2026/direct_nec_downloads/markdown/820260603-2700-대구광역시-공화당-1-1.md","https://github.com/treylom/opencrab-nec-2026-local-election-data/blob/main/supplements/official_gap_recovery_2026/direct_nec_downloads/markdown/820260603-2700-대구광역시-공화당-1-1.md","ok","pymupdf","ok","2","131","84467","pack_stale_currently_available_direct_nec_recovered"
"820260603-4700-경상북도-공화당-1-1","party-doc:820260603:경상북도:공화당:1","4700","경상북도","820260603","광역의원비례대표선거","경상북도","","","공화당","1","비례대표 정당 제출자료","https://policy.nec.go.kr/plc/common/downloadFile.do?requestedFileName=20260603_%EA%B2%BD%EC%83%81%EB%B6%81%EB%8F%84_%EA%B3%B5%ED%99%94%EB%8B%B9_%EB%B9%84%EB%A1%80%EB%8C%80%ED%91%9C%20%EC%A0%95%EB%8B%B9%20%EC%A0%9C%EC%B6%9C%EC%9E%90%EB%A3%8C.pdf&requestedFullPath=20260603/PDF/PBINFO_PUB/4700/003_5051_20260520_1.pdf","20260603/PDF/PBINFO_PUB/4700/003_5051_20260520_1.pdf","supplements/official_gap_recovery_2026/direct_nec_downloads/markdown/820260603-4700-경상북도-공화당-1-1.md","https://github.com/treylom/opencrab-nec-2026-local-election-data/blob/main/supplements/official_gap_recovery_2026/direct_nec_downloads/markdown/820260603-4700-경상북도-공화당-1-1.md","ok","pymupdf","ok","2","190","97921","pack_stale_currently_available_direct_nec_recovered"
"820260603-1100-서울특별시-공화당-1-1","party-doc:820260603:서울특별시:공화당:1","1100","서울특별시","820260603","광역의원비례대표선거","서울특별시","","","공화당","1","비례대표 정당 제출자료","https://policy.nec.go.kr/plc/common/downloadFile.do?requestedFileName=20260603_%EC%84%9C%EC%9A%B8%ED%8A%B9%EB%B3%84%EC%8B%9C_%EA%B3%B5%ED%99%94%EB%8B%B9_%EB%B9%84%EB%A1%80%EB%8C%80%ED%91%9C%20%EC%A0%95%EB%8B%B9%20%EC%A0%9C%EC%B6%9C%EC%9E%90%EB%A3%8C.pdf&requestedFullPath=20260603/PDF/PBINFO_PUB/1100/003_5051_20260523_1.pdf","20260603/PDF/PBINFO_PUB/1100/003_5051_20260523_1.pdf","supplements/official_gap_recovery_2026/direct_nec_downloads/markdown/820260603-1100-서울특별시-공화당-1-1.md","https://github.com/treylom/opencrab-nec-2026-local-election-data/blob/main/supplements/official_gap_recovery_2026/direct_nec_downloads/markdown/820260603-1100-서울특별시-공화당-1-1.md","ok","pymupdf","ok","2","148","77117","pack_stale_currently_available_direct_nec_recovered"
"820260603-4100-경기도-공화당-1-1","party-doc:820260603:경기도:공화당:1","4100","경기도","820260603","광역의원비례대표선거","경기도","","","공화당","1","비례대표 정당 제출자료","https://policy.nec.go.kr/plc/common/downloadFile.do?requestedFileName=20260603_%EA%B2%BD%EA%B8%B0%EB%8F%84_%EA%B3%B5%ED%99%94%EB%8B%B9_%EB%B9%84%EB%A1%80%EB%8C%80%ED%91%9C%20%EC%A0%95%EB%8B%B9%20%EC%A0%9C%EC%B6%9C%EC%9E%90%EB%A3%8C.pdf&requestedFullPath=20260603/PDF/PBINFO_PUB/4100/003_5051_20260523_1.pdf","20260603/PDF/PBINFO_PUB/4100/003_5051_20260523_1.pdf","supplements/official_gap_recovery_2026/direct_nec_downloads/markdown/820260603-4100-경기도-공화당-1-1.md","https://github.com/treylom/opencrab-nec-2026-local-election-data/blob/main/supplements/official_gap_recovery_2026/direct_nec_downloads/markdown/820260603-4100-경기도-공화당-1-1.md","ok","pymupdf","ok","2","155","78842","pack_stale_currently_available_direct_nec_recovered"
"820260603-2600-부산광역시-공화당-1-1","party-doc:820260603:부산광역시:공화당:1","2600","부산광역시","820260603","광역의원비례대표선거","부산광역시","","","공화당","1","비례대표 정당 제출자료","https://policy.nec.go.kr/plc/common/downloadFile.do?requestedFileName=20260603_%EB%B6%80%EC%82%B0%EA%B4%91%EC%97%AD%EC%8B%9C_%EA%B3%B5%ED%99%94%EB%8B%B9_%EB%B9%84%EB%A1%80%EB%8C%80%ED%91%9C%20%EC%A0%95%EB%8B%B9%20%EC%A0%9C%EC%B6%9C%EC%9E%90%EB%A3%8C.pdf&requestedFullPath=20260603/PDF/PBINFO_PUB/2600/003_5051_20260521_1.pdf","20260603/PDF/PBINFO_PUB/2600/003_5051_20260521_1.pdf","supplements/official_gap_recovery_2026/direct_nec_downloads/markdown/820260603-2600-부산광역시-공화당-1-1.md","https://github.com/treylom/opencrab-nec-2026-local-election-data/blob/main/supplements/official_gap_recovery_2026/direct_nec_downloads/markdown/820260603-2600-부산광역시-공화당-1-1.md","ok","pymupdf","ok","2","132","77131","pack_stale_currently_available_direct_nec_recovered"
"820260603-4800-경상남도-공화당-1-1","party-doc:820260603:경상남도:공화당:1","4800","경상남도","820260603","광역의원비례대표선거","경상남도","","","공화당","1","비례대표 정당 제출자료","https://policy.nec.go.kr/plc/common/downloadFile.do?requestedFileName=20260603_%EA%B2%BD%EC%83%81%EB%82%A8%EB%8F%84_%EA%B3%B5%ED%99%94%EB%8B%B9_%EB%B9%84%EB%A1%80%EB%8C%80%ED%91%9C%20%EC%A0%95%EB%8B%B9%20%EC%A0%9C%EC%B6%9C%EC%9E%90%EB%A3%8C.pdf&requestedFullPath=20260603/PDF/PBINFO_PUB/4800/003_5051_20260521_1.pdf","20260603/PDF/PBINFO_PUB/4800/003_5051_20260521_1.pdf","supplements/official_gap_recovery_2026/direct_nec_downloads/markdown/820260603-4800-경상남도-공화당-1-1.md","https://github.com/treylom/opencrab-nec-2026-local-election-data/blob/main/supplements/official_gap_recovery_2026/direct_nec_downloads/markdown/820260603-4800-경상남도-공화당-1-1.md","ok","pymupdf","ok","2","134","72233","pack_stale_currently_available_direct_nec_recovered"
"820260603-2800-인천광역시-공화당-1-1","party-doc:820260603:인천광역시:공화당:1","2800","인천광역시","820260603","광역의원비례대표선거","인천광역시","","","공화당","1","비례대표 정당 제출자료","https://policy.nec.go.kr/plc/common/downloadFile.do?requestedFileName=20260603_%EC%9D%B8%EC%B2%9C%EA%B4%91%EC%97%AD%EC%8B%9C_%EA%B3%B5%ED%99%94%EB%8B%B9_%EB%B9%84%EB%A1%80%EB%8C%80%ED%91%9C%20%EC%A0%95%EB%8B%B9%20%EC%A0%9C%EC%B6%9C%EC%9E%90%EB%A3%8C.pdf&requestedFullPath=20260603/PDF/PBINFO_PUB/2800/003_5051_20260521_2.pdf","20260603/PDF/PBINFO_PUB/2800/003_5051_20260521_2.pdf","supplements/official_gap_recovery_2026/direct_nec_downloads/markdown/820260603-2800-인천광역시-공화당-1-1.md","https://github.com/treylom/opencrab-nec-2026-local-election-data/blob/main/supplements/official_gap_recovery_2026/direct_nec_downloads/markdown/820260603-2800-인천광역시-공화당-1-1.md","ok","pymupdf","ok","2","123","76882","pack_stale_currently_available_direct_nec_recovered"
"820260603-4100-경기도-국민대통합당-1-1","party-doc:820260603:경기도:국민대통합당:1","4100","경기도","820260603","광역의원비례대표선거","경기도","","","국민대통합당","1","비례대표 정당 제출자료","https://policy.nec.go.kr/plc/common/downloadFile.do?requestedFileName=20260603_%EA%B2%BD%EA%B8%B0%EB%8F%84_%EA%B5%AD%EB%AF%BC%EB%8C%80%ED%86%B5%ED%95%A9%EB%8B%B9_%EB%B9%84%EB%A1%80%EB%8C%80%ED%91%9C%20%EC%A0%95%EB%8B%B9%20%EC%A0%9C%EC%B6%9C%EC%9E%90%EB%A3%8C.pdf&requestedFullPath=20260603/PDF/PBINFO_PUB/4100/003_2060_20260523_1.pdf","20260603/PDF/PBINFO_PUB/4100/003_2060_20260523_1.pdf","supplements/official_gap_recovery_2026/direct_nec_downloads/markdown/820260603-4100-경기도-국민대통합당-1-1.md","https://github.com/treylom/opencrab-nec-2026-local-election-data/blob/main/supplements/official_gap_recovery_2026/direct_nec_downloads/markdown/820260603-4100-경기도-국민대통합당-1-1.md","ok","pymupdf","ok","2","117","83040","pack_stale_currently_available_direct_nec_recovered"
"820260603-1100-서울특별시-국민대통합당-1-1","party-doc:820260603:서울특별시:국민대통합당:1","1100","서울특별시","820260603","광역의원비례대표선거","서울특별시","","","국민대통합당","1","비례대표 정당 제출자료","https://policy.nec.go.kr/plc/common/downloadFile.do?requestedFileName=20260603_%EC%84%9C%EC%9A%B8%ED%8A%B9%EB%B3%84%EC%8B%9C_%EA%B5%AD%EB%AF%BC%EB%8C%80%ED%86%B5%ED%95%A9%EB%8B%B9_%EB%B9%84%EB%A1%80%EB%8C%80%ED%91%9C%20%EC%A0%95%EB%8B%B9%20%EC%A0%9C%EC%B6%9C%EC%9E%90%EB%A3%8C.pdf&requestedFullPath=20260603/PDF/PBINFO_PUB/1100/003_2060_20260523_1.pdf","20260603/PDF/PBINFO_PUB/1100/003_2060_20260523_1.pdf","supplements/official_gap_recovery_2026/direct_nec_downloads/markdown/820260603-1100-서울특별시-국민대통합당-1-1.md","https://github.com/treylom/opencrab-nec-2026-local-election-data/blob/main/supplements/official_gap_recovery_2026/direct_nec_downloads/markdown/820260603-1100-서울특별시-국민대통합당-1-1.md","ok","pymupdf","ok","2","122","84428","pack_stale_currently_available_direct_nec_recovered"
"820260603-4700-경상북도-국민대통합당-1-1","party-doc:820260603:경상북도:국민대통합당:1","4700","경상북도","820260603","광역의원비례대표선거","경상북도","","","국민대통합당","1","비례대표 정당 제출자료","https://policy.nec.go.kr/plc/common/downloadFile.do?requestedFileName=20260603_%EA%B2%BD%EC%83%81%EB%B6%81%EB%8F%84_%EA%B5%AD%EB%AF%BC%EB%8C%80%ED%86%B5%ED%95%A9%EB%8B%B9_%EB%B9%84%EB%A1%80%EB%8C%80%ED%91%9C%20%EC%A0%95%EB%8B%B9%20%EC%A0%9C%EC%B6%9C%EC%9E%90%EB%A3%8C.pdf&requestedFullPath=20260603/PDF/PBINFO_PUB/4700/003_2060_20260517_1.pdf","20260603/PDF/PBINFO_PUB/4700/003_2060_20260517_1.pdf","supplements/official_gap_recovery_2026/direct_nec_downloads/markdown/820260603-4700-경상북도-국민대통합당-1-1.md","https://github.com/treylom/opencrab-nec-2026-local-election-data/blob/main/supplements/official_gap_recovery_2026/direct_nec_downloads/markdown/820260603-4700-경상북도-국민대통합당-1-1.md","ok","pymupdf","ok","2","133","90086","pack_stale_currently_available_direct_nec_recovered"
"820260603-4800-경상남도-국민연합-1-1","party-doc:820260603:경상남도:국민연합:1","4800","경상남도","820260603","광역의원비례대표선거","경상남도","","","국민연합","1","비례대표 정당 제출자료","https://policy.nec.go.kr/plc/common/downloadFile.do?requestedFileName=20260603_%EA%B2%BD%EC%83%81%EB%82%A8%EB%8F%84_%EA%B5%AD%EB%AF%BC%EC%97%B0%ED%95%A9_%EB%B9%84%EB%A1%80%EB%8C%80%ED%91%9C%20%EC%A0%95%EB%8B%B9%20%EC%A0%9C%EC%B6%9C%EC%9E%90%EB%A3%8C.pdf&requestedFullPath=20260603/PDF/PBINFO_PUB/4800/003_4080_20260520_1.pdf","20260603/PDF/PBINFO_PUB/4800/003_4080_20260520_1.pdf","supplements/official_gap_recovery_2026/direct_nec_downloads/markdown/820260603-4800-경상남도-국민연합-1-1.md","https://github.com/treylom/opencrab-nec-2026-local-election-data/blob/main/supplements/official_gap_recovery_2026/direct_nec_downloads/markdown/820260603-4800-경상남도-국민연합-1-1.md","ok","pymupdf","suspiciously_short_text","2","185","498042","pack_stale_currently_available_direct_nec_recovered"
"820260603-2800-인천광역시-국민연합-1-1","party-doc:820260603:인천광역시:국민연합:1","2800","인천광역시","820260603","광역의원비례대표선거","인천광역시","","","국민연합","1","비례대표 정당 제출자료","https://policy.nec.go.kr/plc/common/downloadFile.do?requestedFileName=20260603_%EC%9D%B8%EC%B2%9C%EA%B4%91%EC%97%AD%EC%8B%9C_%EA%B5%AD%EB%AF%BC%EC%97%B0%ED%95%A9_%EB%B9%84%EB%A1%80%EB%8C%80%ED%91%9C%20%EC%A0%95%EB%8B%B9%20%EC%A0%9C%EC%B6%9C%EC%9E%90%EB%A3%8C.pdf&requestedFullPath=20260603/PDF/PBINFO_PUB/2800/003_4080_20260518_1.pdf","20260603/PDF/PBINFO_PUB/2800/003_4080_20260518_1.pdf","supplements/official_gap_recovery_2026/direct_nec_downloads/markdown/820260603-2800-인천광역시-국민연합-1-1.md","https://github.com/treylom/opencrab-nec-2026-local-election-data/blob/main/supplements/official_gap_recovery_2026/direct_nec_downloads/markdown/820260603-2800-인천광역시-국민연합-1-1.md","ok","pymupdf","ok","2","204","399400","pack_stale_currently_available_direct_nec_recovered"
"820260603-4700-경상북도-국민연합-1-1","party-doc:820260603:경상북도:국민연합:1","4700","경상북도","820260603","광역의원비례대표선거","경상북도","","","국민연합","1","비례대표 정당 제출자료","https://policy.nec.go.kr/plc/common/downloadFile.do?requestedFileName=20260603_%EA%B2%BD%EC%83%81%EB%B6%81%EB%8F%84_%EA%B5%AD%EB%AF%BC%EC%97%B0%ED%95%A9_%EB%B9%84%EB%A1%80%EB%8C%80%ED%91%9C%20%EC%A0%95%EB%8B%B9%20%EC%A0%9C%EC%B6%9C%EC%9E%90%EB%A3%8C.pdf&requestedFullPath=20260603/PDF/PBINFO_PUB/4700/003_4080_20260518_3.pdf","20260603/PDF/PBINFO_PUB/4700/003_4080_20260518_3.pdf","supplements/official_gap_recovery_2026/direct_nec_downloads/markdown/820260603-4700-경상북도-국민연합-1-1.md","https://github.com/treylom/opencrab-nec-2026-local-election-data/blob/main/supplements/official_gap_recovery_2026/direct_nec_downloads/markdown/820260603-4700-경상북도-국민연합-1-1.md","ok","pymupdf","ok","2","224","552212","pack_stale_currently_available_direct_nec_recovered"
"820260603-4100-경기도-국민연합-1-1","party-doc:820260603:경기도:국민연합:1","4100","경기도","820260603","광역의원비례대표선거","경기도","","","국민연합","1","비례대표 정당 제출자료","https://policy.nec.go.kr/plc/common/downloadFile.do?requestedFileName=20260603_%EA%B2%BD%EA%B8%B0%EB%8F%84_%EA%B5%AD%EB%AF%BC%EC%97%B0%ED%95%A9_%EB%B9%84%EB%A1%80%EB%8C%80%ED%91%9C%20%EC%A0%95%EB%8B%B9%20%EC%A0%9C%EC%B6%9C%EC%9E%90%EB%A3%8C.pdf&requestedFullPath=20260603/PDF/PBINFO_PUB/4100/003_4080_20260523_1.pdf","20260603/PDF/PBINFO_PUB/4100/003_4080_20260523_1.pdf","supplements/official_gap_recovery_2026/direct_nec_downloads/markdown/820260603-4100-경기도-국민연합-1-1.md","https://github.com/treylom/opencrab-nec-2026-local-election-data/blob/main/supplements/official_gap_recovery_2026/direct_nec_downloads/markdown/820260603-4100-경기도-국민연합-1-1.md","ok","pymupdf","ok","2","231","591667","pack_stale_currently_available_direct_nec_recovered"
"820260603-1100-서울특별시-국민연합-1-1","party-doc:820260603:서울특별시:국민연합:1","1100","서울특별시","820260603","광역의원비례대표선거","서울특별시","","","국민연합","1","비례대표 정당 제출자료","https://policy.nec.go.kr/plc/common/downloadFile.do?requestedFileName=20260603_%EC%84%9C%EC%9A%B8%ED%8A%B9%EB%B3%84%EC%8B%9C_%EA%B5%AD%EB%AF%BC%EC%97%B0%ED%95%A9_%EB%B9%84%EB%A1%80%EB%8C%80%ED%91%9C%20%EC%A0%95%EB%8B%B9%20%EC%A0%9C%EC%B6%9C%EC%9E%90%EB%A3%8C.pdf&requestedFullPath=20260603/PDF/PBINFO_PUB/1100/003_4080_20260523_1.pdf","20260603/PDF/PBINFO_PUB/1100/003_4080_20260523_1.pdf","supplements/official_gap_recovery_2026/direct_nec_downloads/markdown/820260603-1100-서울특별시-국민연합-1-1.md","https://github.com/treylom/opencrab-nec-2026-local-election-data/blob/main/supplements/official_gap_recovery_2026/direct_nec_downloads/markdown/820260603-1100-서울특별시-국민연합-1-1.md","ok","pymupdf","ok","2","211","16789527","pack_stale_currently_available_direct_nec_recovered"
"820260603-2700-대구광역시-국민연합-1-1","party-doc:820260603:대구광역시:국민연합:1","2700","대구광역시","820260603","광역의원비례대표선거","대구광역시","","","국민연합","1","비례대표 정당 제출자료","https://policy.nec.go.kr/plc/common/downloadFile.do?requestedFileName=20260603_%EB%8C%80%EA%B5%AC%EA%B4%91%EC%97%AD%EC%8B%9C_%EA%B5%AD%EB%AF%BC%EC%97%B0%ED%95%A9_%EB%B9%84%EB%A1%80%EB%8C%80%ED%91%9C%20%EC%A0%95%EB%8B%B9%20%EC%A0%9C%EC%B6%9C%EC%9E%90%EB%A3%8C.pdf&requestedFullPath=20260603/PDF/PBINFO_PUB/2700/003_4080_20260522_1.pdf","20260603/PDF/PBINFO_PUB/2700/003_4080_20260522_1.pdf","supplements/official_gap_recovery_2026/direct_nec_downloads/markdown/820260603-2700-대구광역시-국민연합-1-1.md","https://github.com/treylom/opencrab-nec-2026-local-election-data/blob/main/supplements/official_gap_recovery_2026/direct_nec_downloads/markdown/820260603-2700-대구광역시-국민연합-1-1.md","ok","pymupdf","ok","2","232","520288","pack_stale_currently_available_direct_nec_recovered"
"820260603-4100-경기도-기독당-1-1","party-doc:820260603:경기도:기독당:1","4100","경기도","820260603","광역의원비례대표선거","경기도","","","기독당","1","비례대표 정당 제출자료","https://policy.nec.go.kr/plc/common/downloadFile.do?requestedFileName=20260603_%EA%B2%BD%EA%B8%B0%EB%8F%84_%EA%B8%B0%EB%8F%85%EB%8B%B9_%EB%B9%84%EB%A1%80%EB%8C%80%ED%91%9C%20%EC%A0%95%EB%8B%B9%20%EC%A0%9C%EC%B6%9C%EC%9E%90%EB%A3%8C.pdf&requestedFullPath=20260603/PDF/PBINFO_PUB/4100/003_2020_20260523_1.pdf","20260603/PDF/PBINFO_PUB/4100/003_2020_20260523_1.pdf","supplements/official_gap_recovery_2026/direct_nec_downloads/markdown/820260603-4100-경기도-기독당-1-1.md","https://github.com/treylom/opencrab-nec-2026-local-election-data/blob/main/supplements/official_gap_recovery_2026/direct_nec_downloads/markdown/820260603-4100-경기도-기독당-1-1.md","ok","pymupdf","ok","2","607","1995538","pack_stale_currently_available_direct_nec_recovered"
"820260603-2800-인천광역시-노동당-1-1","party-doc:820260603:인천광역시:노동당:1","2800","인천광역시","820260603","광역의원비례대표선거","인천광역시","","","노동당","1","비례대표 정당 제출자료","https://policy.nec.go.kr/plc/common/downloadFile.do?requestedFileName=20260603_%EC%9D%B8%EC%B2%9C%EA%B4%91%EC%97%AD%EC%8B%9C_%EB%85%B8%EB%8F%99%EB%8B%B9_%EB%B9%84%EB%A1%80%EB%8C%80%ED%91%9C%20%EC%A0%95%EB%8B%B9%20%EC%A0%9C%EC%B6%9C%EC%9E%90%EB%A3%8C.pdf&requestedFullPath=20260603/PDF/PBINFO_PUB/2800/003_1988_20260519_2.pdf","20260603/PDF/PBINFO_PUB/2800/003_1988_20260519_2.pdf","supplements/official_gap_recovery_2026/direct_nec_downloads/markdown/820260603-2800-인천광역시-노동당-1-1.md","https://github.com/treylom/opencrab-nec-2026-local-election-data/blob/main/supplements/official_gap_recovery_2026/direct_nec_downloads/markdown/820260603-2800-인천광역시-노동당-1-1.md","ok","pymupdf","suspiciously_short_text","2","24","3058376","pack_stale_currently_available_direct_nec_recovered"
"820260603-4900-제주특별자치도-녹색당-1-1","party-doc:820260603:제주특별자치도:녹색당:1","4900","제주특별자치도","820260603","광역의원비례대표선거","제주특별자치도","","","녹색당","1","비례대표 정당 제출자료","https://policy.nec.go.kr/plc/common/downloadFile.do?requestedFileName=20260603_%EC%A0%9C%EC%A3%BC%ED%8A%B9%EB%B3%84%EC%9E%90%EC%B9%98%EB%8F%84_%EB%85%B9%EC%83%89%EB%8B%B9_%EB%B9%84%EB%A1%80%EB%8C%80%ED%91%9C%20%EC%A0%95%EB%8B%B9%20%EC%A0%9C%EC%B6%9C%EC%9E%90%EB%A3%8C.pdf&requestedFullPath=20260603/PDF/PBINFO_PUB/4900/003_710_20260520_1.pdf","20260603/PDF/PBINFO_PUB/4900/003_710_20260520_1.pdf","supplements/official_gap_recovery_2026/direct_nec_downloads/markdown/820260603-4900-제주특별자치도-녹색당-1-1.md","https://github.com/treylom/opencrab-nec-2026-local-election-data/blob/main/supplements/official_gap_recovery_2026/direct_nec_downloads/markdown/820260603-4900-제주특별자치도-녹색당-1-1.md","ok","pymupdf","ok","2","463","1833418","pack_stale_currently_available_direct_nec_recovered"
"820260603-4100-경기도-대한국민당-1-1","party-doc:820260603:경기도:대한국민당:1","4100","경기도","820260603","광역의원비례대표선거","경기도","","","대한국민당","1","비례대표 정당 제출자료","https://policy.nec.go.kr/plc/common/downloadFile.do?requestedFileName=20260603_%EA%B2%BD%EA%B8%B0%EB%8F%84_%EB%8C%80%ED%95%9C%EA%B5%AD%EB%AF%BC%EB%8B%B9_%EB%B9%84%EB%A1%80%EB%8C%80%ED%91%9C%20%EC%A0%95%EB%8B%B9%20%EC%A0%9C%EC%B6%9C%EC%9E%90%EB%A3%8C.pdf&requestedFullPath=20260603/PDF/PBINFO_PUB/4100/003_5059_20260523_1.pdf","20260603/PDF/PBINFO_PUB/4100/003_5059_20260523_1.pdf","supplements/official_gap_recovery_2026/direct_nec_downloads/markdown/820260603-4100-경기도-대한국민당-1-1.md","https://github.com/treylom/opencrab-nec-2026-local-election-data/blob/main/supplements/official_gap_recovery_2026/direct_nec_downloads/markdown/820260603-4100-경기도-대한국민당-1-1.md","ok","pymupdf","ok","2","896","2998362","pack_stale_currently_available_direct_nec_recovered"
"820260603-1100-서울특별시-대한국민당-1-1","party-doc:820260603:서울특별시:대한국민당:1","1100","서울특별시","820260603","광역의원비례대표선거","서울특별시","","","대한국민당","1","비례대표 정당 제출자료","https://policy.nec.go.kr/plc/common/downloadFile.do?requestedFileName=20260603_%EC%84%9C%EC%9A%B8%ED%8A%B9%EB%B3%84%EC%8B%9C_%EB%8C%80%ED%95%9C%EA%B5%AD%EB%AF%BC%EB%8B%B9_%EB%B9%84%EB%A1%80%EB%8C%80%ED%91%9C%20%EC%A0%95%EB%8B%B9%20%EC%A0%9C%EC%B6%9C%EC%9E%90%EB%A3%8C.pdf&requestedFullPath=20260603/PDF/PBINFO_PUB/1100/003_5059_20260523_1.pdf","20260603/PDF/PBINFO_PUB/1100/003_5059_20260523_1.pdf","supplements/official_gap_recovery_2026/direct_nec_downloads/markdown/820260603-1100-서울특별시-대한국민당-1-1.md","https://github.com/treylom/opencrab-nec-2026-local-election-data/blob/main/supplements/official_gap_recovery_2026/direct_nec_downloads/markdown/820260603-1100-서울특별시-대한국민당-1-1.md","ok","pymupdf","ok","2","1049","1720663","pack_stale_currently_available_direct_nec_recovered"
"820260603-5200-강원특별자치도-자유와혁신-1-1","party-doc:820260603:강원특별자치도:자유와혁신:1","5200","강원특별자치도","820260603","광역의원비례대표선거","강원특별자치도","","","자유와혁신","1","비례대표 정당 제출자료","https://policy.nec.go.kr/plc/common/downloadFile.do?requestedFileName=20260603_%EA%B0%95%EC%9B%90%ED%8A%B9%EB%B3%84%EC%9E%90%EC%B9%98%EB%8F%84_%EC%9E%90%EC%9C%A0%EC%99%80%ED%98%81%EC%8B%A0_%EB%B9%84%EB%A1%80%EB%8C%80%ED%91%9C%20%EC%A0%95%EB%8B%B9%20%EC%A0%9C%EC%B6%9C%EC%9E%90%EB%A3%8C.pdf&requestedFullPath=20260603/PDF/PBINFO_PUB/5200/003_5082_20260525_2.pdf","20260603/PDF/PBINFO_PUB/5200/003_5082_20260525_2.pdf","supplements/official_gap_recovery_2026/direct_nec_downloads/markdown/820260603-5200-강원특별자치도-자유와혁신-1-1.md","https://github.com/treylom/opencrab-nec-2026-local-election-data/blob/main/supplements/official_gap_recovery_2026/direct_nec_downloads/markdown/820260603-5200-강원특별자치도-자유와혁신-1-1.md","ok","pymupdf","ok","2","254","12787063","pack_stale_currently_available_direct_nec_recovered"
"820260603-4400-충청남도-정의당-1-1","party-doc:820260603:충청남도:정의당:1","4400","충청남도","820260603","광역의원비례대표선거","충청남도","","","정의당","1","비례대표 정당 제출자료","https://policy.nec.go.kr/plc/common/downloadFile.do?requestedFileName=20260603_%EC%B6%A9%EC%B2%AD%EB%82%A8%EB%8F%84_%EC%A0%95%EC%9D%98%EB%8B%B9_%EB%B9%84%EB%A1%80%EB%8C%80%ED%91%9C%20%EC%A0%95%EB%8B%B9%20%EC%A0%9C%EC%B6%9C%EC%9E%90%EB%A3%8C.pdf&requestedFullPath=20260603/PDF/PBINFO_PUB/4400/003_730_20260522_1.pdf","20260603/PDF/PBINFO_PUB/4400/003_730_20260522_1.pdf","supplements/official_gap_recovery_2026/direct_nec_downloads/markdown/820260603-4400-충청남도-정의당-1-1.md","https://github.com/treylom/opencrab-nec-2026-local-election-data/blob/main/supplements/official_gap_recovery_2026/direct_nec_downloads/markdown/820260603-4400-충청남도-정의당-1-1.md","ok","pymupdf","suspiciously_short_text","2","38","17547485","pack_stale_currently_available_direct_nec_recovered"
"820260603-5300-전북특별자치도-정의당-1-1","party-doc:820260603:전북특별자치도:정의당:1","5300","전북특별자치도","820260603","광역의원비례대표선거","전북특별자치도","","","정의당","1","비례대표 정당 제출자료","https://policy.nec.go.kr/plc/common/downloadFile.do?requestedFileName=20260603_%EC%A0%84%EB%B6%81%ED%8A%B9%EB%B3%84%EC%9E%90%EC%B9%98%EB%8F%84_%EC%A0%95%EC%9D%98%EB%8B%B9_%EB%B9%84%EB%A1%80%EB%8C%80%ED%91%9C%20%EC%A0%95%EB%8B%B9%20%EC%A0%9C%EC%B6%9C%EC%9E%90%EB%A3%8C.pdf&requestedFullPath=20260603/PDF/PBINFO_PUB/5300/003_730_20260518_1.pdf","20260603/PDF/PBINFO_PUB/5300/003_730_20260518_1.pdf","supplements/official_gap_recovery_2026/direct_nec_downloads/markdown/820260603-5300-전북특별자치도-정의당-1-1.md","https://github.com/treylom/opencrab-nec-2026-local-election-data/blob/main/supplements/official_gap_recovery_2026/direct_nec_downloads/markdown/820260603-5300-전북특별자치도-정의당-1-1.md","ok","pymupdf","ok","2","546","2541680","pack_stale_currently_available_direct_nec_recovered"
"820260603-4800-경상남도-정의당-1-1","party-doc:820260603:경상남도:정의당:1","4800","경상남도","820260603","광역의원비례대표선거","경상남도","","","정의당","1","비례대표 정당 제출자료","https://policy.nec.go.kr/plc/common/downloadFile.do?requestedFileName=20260603_%EA%B2%BD%EC%83%81%EB%82%A8%EB%8F%84_%EC%A0%95%EC%9D%98%EB%8B%B9_%EB%B9%84%EB%A1%80%EB%8C%80%ED%91%9C%20%EC%A0%95%EB%8B%B9%20%EC%A0%9C%EC%B6%9C%EC%9E%90%EB%A3%8C.pdf&requestedFullPath=20260603/PDF/PBINFO_PUB/4800/003_730_20260523_1.pdf","20260603/PDF/PBINFO_PUB/4800/003_730_20260523_1.pdf","supplements/official_gap_recovery_2026/direct_nec_downloads/markdown/820260603-4800-경상남도-정의당-1-1.md","https://github.com/treylom/opencrab-nec-2026-local-election-data/blob/main/supplements/official_gap_recovery_2026/direct_nec_downloads/markdown/820260603-4800-경상남도-정의당-1-1.md","ok","pymupdf","ok","2","813","5232589","pack_stale_currently_available_direct_nec_recovered"
"820260603-3000-대전광역시-정의당-1-1","party-doc:820260603:대전광역시:정의당:1","3000","대전광역시","820260603","광역의원비례대표선거","대전광역시","","","정의당","1","비례대표 정당 제출자료","https://policy.nec.go.kr/plc/common/downloadFile.do?requestedFileName=20260603_%EB%8C%80%EC%A0%84%EA%B4%91%EC%97%AD%EC%8B%9C_%EC%A0%95%EC%9D%98%EB%8B%B9_%EB%B9%84%EB%A1%80%EB%8C%80%ED%91%9C%20%EC%A0%95%EB%8B%B9%20%EC%A0%9C%EC%B6%9C%EC%9E%90%EB%A3%8C.pdf&requestedFullPath=20260603/PDF/PBINFO_PUB/3000/003_730_20260520_1.pdf","20260603/PDF/PBINFO_PUB/3000/003_730_20260520_1.pdf","supplements/official_gap_recovery_2026/direct_nec_downloads/markdown/820260603-3000-대전광역시-정의당-1-1.md","https://github.com/treylom/opencrab-nec-2026-local-election-data/blob/main/supplements/official_gap_recovery_2026/direct_nec_downloads/markdown/820260603-3000-대전광역시-정의당-1-1.md","ok","pymupdf","ok","2","576","7394231","pack_stale_currently_available_direct_nec_recovered"
"820260603-2900-전남광주통합특별시-정의당-1-1","party-doc:820260603:전남광주통합특별시:정의당:1","2900","전남광주통합특별시","820260603","광역의원비례대표선거","전남광주통합특별시","","","정의당","1","비례대표 정당 제출자료","https://policy.nec.go.kr/plc/common/downloadFile.do?requestedFileName=20260603_%EC%A0%84%EB%82%A8%EA%B4%91%EC%A3%BC%ED%86%B5%ED%95%A9%ED%8A%B9%EB%B3%84%EC%8B%9C_%EC%A0%95%EC%9D%98%EB%8B%B9_%EB%B9%84%EB%A1%80%EB%8C%80%ED%91%9C%20%EC%A0%95%EB%8B%B9%20%EC%A0%9C%EC%B6%9C%EC%9E%90%EB%A3%8C.pdf&requestedFullPath=20260603/PDF/PBINFO_PUB/2900/003_730_20260523_1.pdf","20260603/PDF/PBINFO_PUB/2900/003_730_20260523_1.pdf","supplements/official_gap_recovery_2026/direct_nec_downloads/markdown/820260603-2900-전남광주통합특별시-정의당-1-1.md","https://github.com/treylom/opencrab-nec-2026-local-election-data/blob/main/supplements/official_gap_recovery_2026/direct_nec_downloads/markdown/820260603-2900-전남광주통합특별시-정의당-1-1.md","ok","pymupdf","suspiciously_short_text","4","88","1746383","pack_stale_currently_available_direct_nec_recovered"
"820260603-5200-강원특별자치도-정의당-1-1","party-doc:820260603:강원특별자치도:정의당:1","5200","강원특별자치도","820260603","광역의원비례대표선거","강원특별자치도","","","정의당","1","비례대표 정당 제출자료","https://policy.nec.go.kr/plc/common/downloadFile.do?requestedFileName=20260603_%EA%B0%95%EC%9B%90%ED%8A%B9%EB%B3%84%EC%9E%90%EC%B9%98%EB%8F%84_%EC%A0%95%EC%9D%98%EB%8B%B9_%EB%B9%84%EB%A1%80%EB%8C%80%ED%91%9C%20%EC%A0%95%EB%8B%B9%20%EC%A0%9C%EC%B6%9C%EC%9E%90%EB%A3%8C.pdf&requestedFullPath=20260603/PDF/PBINFO_PUB/5200/003_730_20260518_1.pdf","20260603/PDF/PBINFO_PUB/5200/003_730_20260518_1.pdf","supplements/official_gap_recovery_2026/direct_nec_downloads/markdown/820260603-5200-강원특별자치도-정의당-1-1.md","https://github.com/treylom/opencrab-nec-2026-local-election-data/blob/main/supplements/official_gap_recovery_2026/direct_nec_downloads/markdown/820260603-5200-강원특별자치도-정의당-1-1.md","ok","pymupdf","ok","2","577","19591812","pack_stale_currently_available_direct_nec_recovered"
"820260603-2700-대구광역시-정의당-1-1","party-doc:820260603:대구광역시:정의당:1","2700","대구광역시","820260603","광역의원비례대표선거","대구광역시","","","정의당","1","비례대표 정당 제출자료","https://policy.nec.go.kr/plc/common/downloadFile.do?requestedFileName=20260603_%EB%8C%80%EA%B5%AC%EA%B4%91%EC%97%AD%EC%8B%9C_%EC%A0%95%EC%9D%98%EB%8B%B9_%EB%B9%84%EB%A1%80%EB%8C%80%ED%91%9C%20%EC%A0%95%EB%8B%B9%20%EC%A0%9C%EC%B6%9C%EC%9E%90%EB%A3%8C.pdf&requestedFullPath=20260603/PDF/PBINFO_PUB/2700/003_730_20260524_2.pdf","20260603/PDF/PBINFO_PUB/2700/003_730_20260524_2.pdf","supplements/official_gap_recovery_2026/direct_nec_downloads/markdown/820260603-2700-대구광역시-정의당-1-1.md","https://github.com/treylom/opencrab-nec-2026-local-election-data/blob/main/supplements/official_gap_recovery_2026/direct_nec_downloads/markdown/820260603-2700-대구광역시-정의당-1-1.md","ok","pymupdf","ok","2","1106","19031328","pack_stale_currently_available_direct_nec_recovered"
"820260603-4700-경상북도-정의당-1-1","party-doc:820260603:경상북도:정의당:1","4700","경상북도","820260603","광역의원비례대표선거","경상북도","","","정의당","1","비례대표 정당 제출자료","https://policy.nec.go.kr/plc/common/downloadFile.do?requestedFileName=20260603_%EA%B2%BD%EC%83%81%EB%B6%81%EB%8F%84_%EC%A0%95%EC%9D%98%EB%8B%B9_%EB%B9%84%EB%A1%80%EB%8C%80%ED%91%9C%20%EC%A0%95%EB%8B%B9%20%EC%A0%9C%EC%B6%9C%EC%9E%90%EB%A3%8C.pdf&requestedFullPath=20260603/PDF/PBINFO_PUB/4700/003_730_20260520_1.pdf","20260603/PDF/PBINFO_PUB/4700/003_730_20260520_1.pdf","supplements/official_gap_recovery_2026/direct_nec_downloads/markdown/820260603-4700-경상북도-정의당-1-1.md","https://github.com/treylom/opencrab-nec-2026-local-election-data/blob/main/supplements/official_gap_recovery_2026/direct_nec_downloads/markdown/820260603-4700-경상북도-정의당-1-1.md","ok","pymupdf","suspiciously_short_text","2","24","499483","pack_stale_currently_available_direct_nec_recovered"
"820260603-4100-경기도-정의당-1-1","party-doc:820260603:경기도:정의당:1","4100","경기도","820260603","광역의원비례대표선거","경기도","","","정의당","1","비례대표 정당 제출자료","https://policy.nec.go.kr/plc/common/downloadFile.do?requestedFileName=20260603_%EA%B2%BD%EA%B8%B0%EB%8F%84_%EC%A0%95%EC%9D%98%EB%8B%B9_%EB%B9%84%EB%A1%80%EB%8C%80%ED%91%9C%20%EC%A0%95%EB%8B%B9%20%EC%A0%9C%EC%B6%9C%EC%9E%90%EB%A3%8C.pdf&requestedFullPath=20260603/PDF/PBINFO_PUB/4100/003_730_20260523_1.pdf","20260603/PDF/PBINFO_PUB/4100/003_730_20260523_1.pdf","supplements/official_gap_recovery_2026/direct_nec_downloads/markdown/820260603-4100-경기도-정의당-1-1.md","https://github.com/treylom/opencrab-nec-2026-local-election-data/blob/main/supplements/official_gap_recovery_2026/direct_nec_downloads/markdown/820260603-4100-경기도-정의당-1-1.md","ok","pymupdf","ok","2","656","332353","pack_stale_currently_available_direct_nec_recovered"
"820260603-5100-세종특별자치시-정의당-1-1","party-doc:820260603:세종특별자치시:정의당:1","5100","세종특별자치시","820260603","광역의원비례대표선거","세종특별자치시","","","정의당","1","비례대표 정당 제출자료","https://policy.nec.go.kr/plc/common/downloadFile.do?requestedFileName=20260603_%EC%84%B8%EC%A2%85%ED%8A%B9%EB%B3%84%EC%9E%90%EC%B9%98%EC%8B%9C_%EC%A0%95%EC%9D%98%EB%8B%B9_%EB%B9%84%EB%A1%80%EB%8C%80%ED%91%9C%20%EC%A0%95%EB%8B%B9%20%EC%A0%9C%EC%B6%9C%EC%9E%90%EB%A3%8C.pdf&requestedFullPath=20260603/PDF/PBINFO_PUB/5100/003_730_20260523_1.pdf","20260603/PDF/PBINFO_PUB/5100/003_730_20260523_1.pdf","supplements/official_gap_recovery_2026/direct_nec_downloads/markdown/820260603-5100-세종특별자치시-정의당-1-1.md","https://github.com/treylom/opencrab-nec-2026-local-election-data/blob/main/supplements/official_gap_recovery_2026/direct_nec_downloads/markdown/820260603-5100-세종특별자치시-정의당-1-1.md","ok","pymupdf","ok","2","680","5198212","pack_stale_currently_available_direct_nec_recovered"
"820260603-3100-울산광역시-정의당-1-1","party-doc:820260603:울산광역시:정의당:1","3100","울산광역시","820260603","광역의원비례대표선거","울산광역시","","","정의당","1","비례대표 정당 제출자료","https://policy.nec.go.kr/plc/common/downloadFile.do?requestedFileName=20260603_%EC%9A%B8%EC%82%B0%EA%B4%91%EC%97%AD%EC%8B%9C_%EC%A0%95%EC%9D%98%EB%8B%B9_%EB%B9%84%EB%A1%80%EB%8C%80%ED%91%9C%20%EC%A0%95%EB%8B%B9%20%EC%A0%9C%EC%B6%9C%EC%9E%90%EB%A3%8C.pdf&requestedFullPath=20260603/PDF/PBINFO_PUB/3100/003_730_20260521_1.pdf","20260603/PDF/PBINFO_PUB/3100/003_730_20260521_1.pdf","supplements/official_gap_recovery_2026/direct_nec_downloads/markdown/820260603-3100-울산광역시-정의당-1-1.md","https://github.com/treylom/opencrab-nec-2026-local-election-data/blob/main/supplements/official_gap_recovery_2026/direct_nec_downloads/markdown/820260603-3100-울산광역시-정의당-1-1.md","ok","pymupdf","ok","2","582","1769767","pack_stale_currently_available_direct_nec_recovered"
"820260603-2600-부산광역시-정의당-1-1","party-doc:820260603:부산광역시:정의당:1","2600","부산광역시","820260603","광역의원비례대표선거","부산광역시","","","정의당","1","비례대표 정당 제출자료","https://policy.nec.go.kr/plc/common/downloadFile.do?requestedFileName=20260603_%EB%B6%80%EC%82%B0%EA%B4%91%EC%97%AD%EC%8B%9C_%EC%A0%95%EC%9D%98%EB%8B%B9_%EB%B9%84%EB%A1%80%EB%8C%80%ED%91%9C%20%EC%A0%95%EB%8B%B9%20%EC%A0%9C%EC%B6%9C%EC%9E%90%EB%A3%8C.pdf&requestedFullPath=20260603/PDF/PBINFO_PUB/2600/003_730_20260521_1.pdf","20260603/PDF/PBINFO_PUB/2600/003_730_20260521_1.pdf","supplements/official_gap_recovery_2026/direct_nec_downloads/markdown/820260603-2600-부산광역시-정의당-1-1.md","https://github.com/treylom/opencrab-nec-2026-local-election-data/blob/main/supplements/official_gap_recovery_2026/direct_nec_downloads/markdown/820260603-2600-부산광역시-정의당-1-1.md","ok","pymupdf","ok","2","1161","9273477","pack_stale_currently_available_direct_nec_recovered"
"820260603-4300-충청북도-정의당-1-1","party-doc:820260603:충청북도:정의당:1","4300","충청북도","820260603","광역의원비례대표선거","충청북도","","","정의당","1","비례대표 정당 제출자료","https://policy.nec.go.kr/plc/common/downloadFile.do?requestedFileName=20260603_%EC%B6%A9%EC%B2%AD%EB%B6%81%EB%8F%84_%EC%A0%95%EC%9D%98%EB%8B%B9_%EB%B9%84%EB%A1%80%EB%8C%80%ED%91%9C%20%EC%A0%95%EB%8B%B9%20%EC%A0%9C%EC%B6%9C%EC%9E%90%EB%A3%8C.pdf&requestedFullPath=20260603/PDF/PBINFO_PUB/4300/003_730_20260516_1.pdf","20260603/PDF/PBINFO_PUB/4300/003_730_20260516_1.pdf","supplements/official_gap_recovery_2026/direct_nec_downloads/markdown/820260603-4300-충청북도-정의당-1-1.md","https://github.com/treylom/opencrab-nec-2026-local-election-data/blob/main/supplements/official_gap_recovery_2026/direct_nec_downloads/markdown/820260603-4300-충청북도-정의당-1-1.md","ok","pymupdf","ok","2","450","17372734","pack_stale_currently_available_direct_nec_recovered"
"820260603-2800-인천광역시-정의당-1-1","party-doc:820260603:인천광역시:정의당:1","2800","인천광역시","820260603","광역의원비례대표선거","인천광역시","","","정의당","1","비례대표 정당 제출자료","https://policy.nec.go.kr/plc/common/downloadFile.do?requestedFileName=20260603_%EC%9D%B8%EC%B2%9C%EA%B4%91%EC%97%AD%EC%8B%9C_%EC%A0%95%EC%9D%98%EB%8B%B9_%EB%B9%84%EB%A1%80%EB%8C%80%ED%91%9C%20%EC%A0%95%EB%8B%B9%20%EC%A0%9C%EC%B6%9C%EC%9E%90%EB%A3%8C.pdf&requestedFullPath=20260603/PDF/PBINFO_PUB/2800/003_730_20260518_1.pdf","20260603/PDF/PBINFO_PUB/2800/003_730_20260518_1.pdf","supplements/official_gap_recovery_2026/direct_nec_downloads/markdown/820260603-2800-인천광역시-정의당-1-1.md","https://github.com/treylom/opencrab-nec-2026-local-election-data/blob/main/supplements/official_gap_recovery_2026/direct_nec_downloads/markdown/820260603-2800-인천광역시-정의당-1-1.md","ok","pymupdf","ok","2","553","1089167","pack_stale_currently_available_direct_nec_recovered"
"820260603-1100-서울특별시-정의당-1-1","party-doc:820260603:서울특별시:정의당:1","1100","서울특별시","820260603","광역의원비례대표선거","서울특별시","","","정의당","1","비례대표 정당 제출자료","https://policy.nec.go.kr/plc/common/downloadFile.do?requestedFileName=20260603_%EC%84%9C%EC%9A%B8%ED%8A%B9%EB%B3%84%EC%8B%9C_%EC%A0%95%EC%9D%98%EB%8B%B9_%EB%B9%84%EB%A1%80%EB%8C%80%ED%91%9C%20%EC%A0%95%EB%8B%B9%20%EC%A0%9C%EC%B6%9C%EC%9E%90%EB%A3%8C.pdf&requestedFullPath=20260603/PDF/PBINFO_PUB/1100/003_730_20260523_1.pdf","20260603/PDF/PBINFO_PUB/1100/003_730_20260523_1.pdf","supplements/official_gap_recovery_2026/direct_nec_downloads/markdown/820260603-1100-서울특별시-정의당-1-1.md","https://github.com/treylom/opencrab-nec-2026-local-election-data/blob/main/supplements/official_gap_recovery_2026/direct_nec_downloads/markdown/820260603-1100-서울특별시-정의당-1-1.md","ok","pymupdf","suspiciously_short_text","2","24","349961","pack_stale_currently_available_direct_nec_recovered"
"820260603-1100-서울특별시-친미연합-1-1","party-doc:820260603:서울특별시:친미연합:1","1100","서울특별시","820260603","광역의원비례대표선거","서울특별시","","","친미연합","1","비례대표 정당 제출자료","https://policy.nec.go.kr/plc/common/downloadFile.do?requestedFileName=20260603_%EC%84%9C%EC%9A%B8%ED%8A%B9%EB%B3%84%EC%8B%9C_%EC%B9%9C%EB%AF%B8%EC%97%B0%ED%95%A9_%EB%B9%84%EB%A1%80%EB%8C%80%ED%91%9C%20%EC%A0%95%EB%8B%B9%20%EC%A0%9C%EC%B6%9C%EC%9E%90%EB%A3%8C.pdf&requestedFullPath=20260603/PDF/PBINFO_PUB/1100/003_5041_20260523_1.pdf","20260603/PDF/PBINFO_PUB/1100/003_5041_20260523_1.pdf","supplements/official_gap_recovery_2026/direct_nec_downloads/markdown/820260603-1100-서울특별시-친미연합-1-1.md","https://github.com/treylom/opencrab-nec-2026-local-election-data/blob/main/supplements/official_gap_recovery_2026/direct_nec_downloads/markdown/820260603-1100-서울특별시-친미연합-1-1.md","ok","pymupdf","suspiciously_short_text","2","147","420689","pack_stale_currently_available_direct_nec_recovered"
"820260603-4700-경상북도-친미연합-1-1","party-doc:820260603:경상북도:친미연합:1","4700","경상북도","820260603","광역의원비례대표선거","경상북도","","","친미연합","1","비례대표 정당 제출자료","https://policy.nec.go.kr/plc/common/downloadFile.do?requestedFileName=20260603_%EA%B2%BD%EC%83%81%EB%B6%81%EB%8F%84_%EC%B9%9C%EB%AF%B8%EC%97%B0%ED%95%A9_%EB%B9%84%EB%A1%80%EB%8C%80%ED%91%9C%20%EC%A0%95%EB%8B%B9%20%EC%A0%9C%EC%B6%9C%EC%9E%90%EB%A3%8C.pdf&requestedFullPath=20260603/PDF/PBINFO_PUB/4700/003_5041_20260517_1.pdf","20260603/PDF/PBINFO_PUB/4700/003_5041_20260517_1.pdf","supplements/official_gap_recovery_2026/direct_nec_downloads/markdown/820260603-4700-경상북도-친미연합-1-1.md","https://github.com/treylom/opencrab-nec-2026-local-election-data/blob/main/supplements/official_gap_recovery_2026/direct_nec_downloads/markdown/820260603-4700-경상북도-친미연합-1-1.md","ok","pymupdf","suspiciously_short_text","2","146","412892","pack_stale_currently_available_direct_nec_recovered"
"820260603-4100-경기도-친미연합-1-1","party-doc:820260603:경기도:친미연합:1","4100","경기도","820260603","광역의원비례대표선거","경기도","","","친미연합","1","비례대표 정당 제출자료","https://policy.nec.go.kr/plc/common/downloadFile.do?requestedFileName=20260603_%EA%B2%BD%EA%B8%B0%EB%8F%84_%EC%B9%9C%EB%AF%B8%EC%97%B0%ED%95%A9_%EB%B9%84%EB%A1%80%EB%8C%80%ED%91%9C%20%EC%A0%95%EB%8B%B9%20%EC%A0%9C%EC%B6%9C%EC%9E%90%EB%A3%8C.pdf&requestedFullPath=20260603/PDF/PBINFO_PUB/4100/003_5041_20260523_1.pdf","20260603/PDF/PBINFO_PUB/4100/003_5041_20260523_1.pdf","supplements/official_gap_recovery_2026/direct_nec_downloads/markdown/820260603-4100-경기도-친미연합-1-1.md","https://github.com/treylom/opencrab-nec-2026-local-election-data/blob/main/supplements/official_gap_recovery_2026/direct_nec_downloads/markdown/820260603-4100-경기도-친미연합-1-1.md","ok","pymupdf","suspiciously_short_text","2","150","417634","pack_stale_currently_available_direct_nec_recovered"
"820260603-2800-인천광역시-국민당-1-1","party-doc:820260603:인천광역시:국민당:1","2800","인천광역시","820260603","광역의원비례대표선거","인천광역시","","","국민당","1","비례대표 정당 제출자료","https://policy.nec.go.kr/plc/common/downloadFile.do?requestedFileName=20260603_%EC%9D%B8%EC%B2%9C%EA%B4%91%EC%97%AD%EC%8B%9C_%EA%B5%AD%EB%AF%BC%EB%8B%B9_%EB%B9%84%EB%A1%80%EB%8C%80%ED%91%9C%20%EC%A0%95%EB%8B%B9%20%EC%A0%9C%EC%B6%9C%EC%9E%90%EB%A3%8C.pdf&requestedFullPath=20260603/PDF/PBINFO_PUB/2800/003_2050_20260518_1.pdf","20260603/PDF/PBINFO_PUB/2800/003_2050_20260518_1.pdf","supplements/official_gap_recovery_2026/direct_nec_downloads/markdown/820260603-2800-인천광역시-국민당-1-1.md","https://github.com/treylom/opencrab-nec-2026-local-election-data/blob/main/supplements/official_gap_recovery_2026/direct_nec_downloads/markdown/820260603-2800-인천광역시-국민당-1-1.md","ok","pymupdf","ok","2","133","82598","pack_stale_currently_available_direct_nec_recovered"
"820260603-4100-경기도-국민당-1-1","party-doc:820260603:경기도:국민당:1","4100","경기도","820260603","광역의원비례대표선거","경기도","","","국민당","1","비례대표 정당 제출자료","https://policy.nec.go.kr/plc/common/downloadFile.do?requestedFileName=20260603_%EA%B2%BD%EA%B8%B0%EB%8F%84_%EA%B5%AD%EB%AF%BC%EB%8B%B9_%EB%B9%84%EB%A1%80%EB%8C%80%ED%91%9C%20%EC%A0%95%EB%8B%B9%20%EC%A0%9C%EC%B6%9C%EC%9E%90%EB%A3%8C.pdf&requestedFullPath=20260603/PDF/PBINFO_PUB/4100/003_2050_20260523_1.pdf","20260603/PDF/PBINFO_PUB/4100/003_2050_20260523_1.pdf","supplements/official_gap_recovery_2026/direct_nec_downloads/markdown/820260603-4100-경기도-국민당-1-1.md","https://github.com/treylom/opencrab-nec-2026-local-election-data/blob/main/supplements/official_gap_recovery_2026/direct_nec_downloads/markdown/820260603-4100-경기도-국민당-1-1.md","ok","pymupdf","ok","2","667","2472275","pack_stale_currently_available_direct_nec_recovered"
"820260603-1100-서울특별시-국민당-1-1","party-doc:820260603:서울특별시:국민당:1","1100","서울특별시","820260603","광역의원비례대표선거","서울특별시","","","국민당","1","비례대표 정당 제출자료","https://policy.nec.go.kr/plc/common/downloadFile.do?requestedFileName=20260603_%EC%84%9C%EC%9A%B8%ED%8A%B9%EB%B3%84%EC%8B%9C_%EA%B5%AD%EB%AF%BC%EB%8B%B9_%EB%B9%84%EB%A1%80%EB%8C%80%ED%91%9C%20%EC%A0%95%EB%8B%B9%20%EC%A0%9C%EC%B6%9C%EC%9E%90%EB%A3%8C.pdf&requestedFullPath=20260603/PDF/PBINFO_PUB/1100/003_2050_20260523_1.pdf","20260603/PDF/PBINFO_PUB/1100/003_2050_20260523_1.pdf","supplements/official_gap_recovery_2026/direct_nec_downloads/markdown/820260603-1100-서울특별시-국민당-1-1.md","https://github.com/treylom/opencrab-nec-2026-local-election-data/blob/main/supplements/official_gap_recovery_2026/direct_nec_downloads/markdown/820260603-1100-서울특별시-국민당-1-1.md","ok","pymupdf","ok","2","941","1618593","pack_stale_currently_available_direct_nec_recovered"
"820260603-1100-서울특별시-한국독립당-1-1","party-doc:820260603:서울특별시:한국독립당:1","1100","서울특별시","820260603","광역의원비례대표선거","서울특별시","","","한국독립당","1","비례대표 정당 제출자료","https://policy.nec.go.kr/plc/common/downloadFile.do?requestedFileName=20260603_%EC%84%9C%EC%9A%B8%ED%8A%B9%EB%B3%84%EC%8B%9C_%ED%95%9C%EA%B5%AD%EB%8F%85%EB%A6%BD%EB%8B%B9_%EB%B9%84%EB%A1%80%EB%8C%80%ED%91%9C%20%EC%A0%95%EB%8B%B9%20%EC%A0%9C%EC%B6%9C%EC%9E%90%EB%A3%8C.pdf&requestedFullPath=20260603/PDF/PBINFO_PUB/1100/003_700_20260523_1.pdf","20260603/PDF/PBINFO_PUB/1100/003_700_20260523_1.pdf","supplements/official_gap_recovery_2026/direct_nec_downloads/markdown/820260603-1100-서울특별시-한국독립당-1-1.md","https://github.com/treylom/opencrab-nec-2026-local-election-data/blob/main/supplements/official_gap_recovery_2026/direct_nec_downloads/markdown/820260603-1100-서울특별시-한국독립당-1-1.md","ok","pymupdf","ok","2","968","1283067","pack_stale_currently_available_direct_nec_recovered"
"820260603-4100-경기도-한국독립당-1-1","party-doc:820260603:경기도:한국독립당:1","4100","경기도","820260603","광역의원비례대표선거","경기도","","","한국독립당","1","비례대표 정당 제출자료","https://policy.nec.go.kr/plc/common/downloadFile.do?requestedFileName=20260603_%EA%B2%BD%EA%B8%B0%EB%8F%84_%ED%95%9C%EA%B5%AD%EB%8F%85%EB%A6%BD%EB%8B%B9_%EB%B9%84%EB%A1%80%EB%8C%80%ED%91%9C%20%EC%A0%95%EB%8B%B9%20%EC%A0%9C%EC%B6%9C%EC%9E%90%EB%A3%8C.pdf&requestedFullPath=20260603/PDF/PBINFO_PUB/4100/003_700_20260523_1.pdf","20260603/PDF/PBINFO_PUB/4100/003_700_20260523_1.pdf","supplements/official_gap_recovery_2026/direct_nec_downloads/markdown/820260603-4100-경기도-한국독립당-1-1.md","https://github.com/treylom/opencrab-nec-2026-local-election-data/blob/main/supplements/official_gap_recovery_2026/direct_nec_downloads/markdown/820260603-4100-경기도-한국독립당-1-1.md","ok","pymupdf","ok","2","1014","1917985","pack_stale_currently_available_direct_nec_recovered"
"820260603-4100-경기도-한나라당-1-1","party-doc:820260603:경기도:한나라당:1","4100","경기도","820260603","광역의원비례대표선거","경기도","","","한나라당","1","비례대표 정당 제출자료","https://policy.nec.go.kr/plc/common/downloadFile.do?requestedFileName=20260603_%EA%B2%BD%EA%B8%B0%EB%8F%84_%ED%95%9C%EB%82%98%EB%9D%BC%EB%8B%B9_%EB%B9%84%EB%A1%80%EB%8C%80%ED%91%9C%20%EC%A0%95%EB%8B%B9%20%EC%A0%9C%EC%B6%9C%EC%9E%90%EB%A3%8C.pdf&requestedFullPath=20260603/PDF/PBINFO_PUB/4100/003_1990_20260523_1.pdf","20260603/PDF/PBINFO_PUB/4100/003_1990_20260523_1.pdf","supplements/official_gap_recovery_2026/direct_nec_downloads/markdown/820260603-4100-경기도-한나라당-1-1.md","https://github.com/treylom/opencrab-nec-2026-local-election-data/blob/main/supplements/official_gap_recovery_2026/direct_nec_downloads/markdown/820260603-4100-경기도-한나라당-1-1.md","ok","pymupdf","ok","2","173","95985","pack_stale_currently_available_direct_nec_recovered"
"820260603-1100-서울특별시-한나라당-1-1","party-doc:820260603:서울특별시:한나라당:1","1100","서울특별시","820260603","광역의원비례대표선거","서울특별시","","","한나라당","1","비례대표 정당 제출자료","https://policy.nec.go.kr/plc/common/downloadFile.do?requestedFileName=20260603_%EC%84%9C%EC%9A%B8%ED%8A%B9%EB%B3%84%EC%8B%9C_%ED%95%9C%EB%82%98%EB%9D%BC%EB%8B%B9_%EB%B9%84%EB%A1%80%EB%8C%80%ED%91%9C%20%EC%A0%95%EB%8B%B9%20%EC%A0%9C%EC%B6%9C%EC%9E%90%EB%A3%8C.pdf&requestedFullPath=20260603/PDF/PBINFO_PUB/1100/003_1990_20260523_1.pdf","20260603/PDF/PBINFO_PUB/1100/003_1990_20260523_1.pdf","supplements/official_gap_recovery_2026/direct_nec_downloads/markdown/820260603-1100-서울특별시-한나라당-1-1.md","https://github.com/treylom/opencrab-nec-2026-local-election-data/blob/main/supplements/official_gap_recovery_2026/direct_nec_downloads/markdown/820260603-1100-서울특별시-한나라당-1-1.md","ok","pymupdf","suspiciously_short_text","2","158","116777","pack_stale_currently_available_direct_nec_recovered"
"920260603-1100-강동구-더불어민주당-1-1","party-doc:920260603:강동구:더불어민주당:1","1100","서울특별시","920260603","기초의원비례대표선거","강동구","","","더불어민주당","1","비례대표 정당 제출자료","https://policy.nec.go.kr/plc/common/downloadFile.do?requestedFileName=20260603_%EA%B0%95%EB%8F%99%EA%B5%AC_%EB%8D%94%EB%B6%88%EC%96%B4%EB%AF%BC%EC%A3%BC%EB%8B%B9_%EB%B9%84%EB%A1%80%EB%8C%80%ED%91%9C%20%EC%A0%95%EB%8B%B9%20%EC%A0%9C%EC%B6%9C%EC%9E%90%EB%A3%8C.pdf&requestedFullPath=20260603/PDF/PBINFO_PUB/1125/003_100_20260524_1.pdf","20260603/PDF/PBINFO_PUB/1125/003_100_20260524_1.pdf","supplements/official_gap_recovery_2026/direct_nec_downloads/markdown/920260603-1100-강동구-더불어민주당-1-1.md","https://github.com/treylom/opencrab-nec-2026-local-election-data/blob/main/supplements/official_gap_recovery_2026/direct_nec_downloads/markdown/920260603-1100-강동구-더불어민주당-1-1.md","ok","pymupdf","ok","4","1340","2420282","pack_stale_currently_available_direct_nec_recovered"
"920260603-1100-관악구-더불어민주당-1-1","party-doc:920260603:관악구:더불어민주당:1","1100","서울특별시","920260603","기초의원비례대표선거","관악구","","","더불어민주당","1","비례대표 정당 제출자료","https://policy.nec.go.kr/plc/common/downloadFile.do?requestedFileName=20260603_%EA%B4%80%EC%95%85%EA%B5%AC_%EB%8D%94%EB%B6%88%EC%96%B4%EB%AF%BC%EC%A3%BC%EB%8B%B9_%EB%B9%84%EB%A1%80%EB%8C%80%ED%91%9C%20%EC%A0%95%EB%8B%B9%20%EC%A0%9C%EC%B6%9C%EC%9E%90%EB%A3%8C.pdf&requestedFullPath=20260603/PDF/PBINFO_PUB/1121/003_100_20260522_1.pdf","20260603/PDF/PBINFO_PUB/1121/003_100_20260522_1.pdf","supplements/official_gap_recovery_2026/direct_nec_downloads/markdown/920260603-1100-관악구-더불어민주당-1-1.md","https://github.com/treylom/opencrab-nec-2026-local-election-data/blob/main/supplements/official_gap_recovery_2026/direct_nec_downloads/markdown/920260603-1100-관악구-더불어민주당-1-1.md","ok","pymupdf","ok","4","1507","2565273","pack_stale_currently_available_direct_nec_recovered"
"920260603-1100-종로구-더불어민주당-1-1","party-doc:920260603:종로구:더불어민주당:1","1100","서울특별시","920260603","기초의원비례대표선거","종로구","","","더불어민주당","1","비례대표 정당 제출자료","https://policy.nec.go.kr/plc/common/downloadFile.do?requestedFileName=20260603_%EC%A2%85%EB%A1%9C%EA%B5%AC_%EB%8D%94%EB%B6%88%EC%96%B4%EB%AF%BC%EC%A3%BC%EB%8B%B9_%EB%B9%84%EB%A1%80%EB%8C%80%ED%91%9C%20%EC%A0%95%EB%8B%B9%20%EC%A0%9C%EC%B6%9C%EC%9E%90%EB%A3%8C.pdf&requestedFullPath=20260603/PDF/PBINFO_PUB/1101/003_100_20260523_1.pdf","20260603/PDF/PBINFO_PUB/1101/003_100_20260523_1.pdf","supplements/official_gap_recovery_2026/direct_nec_downloads/markdown/920260603-1100-종로구-더불어민주당-1-1.md","https://github.com/treylom/opencrab-nec-2026-local-election-data/blob/main/supplements/official_gap_recovery_2026/direct_nec_downloads/markdown/920260603-1100-종로구-더불어민주당-1-1.md","ok","pymupdf","ok","4","1219","2363160","pack_stale_currently_available_direct_nec_recovered"
"920260603-1100-영등포구-더불어민주당-1-1","party-doc:920260603:영등포구:더불어민주당:1","1100","서울특별시","920260603","기초의원비례대표선거","영등포구","","","더불어민주당","1","비례대표 정당 제출자료","https://policy.nec.go.kr/plc/common/downloadFile.do?requestedFileName=20260603_%EC%98%81%EB%93%B1%ED%8F%AC%EA%B5%AC_%EB%8D%94%EB%B6%88%EC%96%B4%EB%AF%BC%EC%A3%BC%EB%8B%B9_%EB%B9%84%EB%A1%80%EB%8C%80%ED%91%9C%20%EC%A0%95%EB%8B%B9%20%EC%A0%9C%EC%B6%9C%EC%9E%90%EB%A3%8C.pdf&requestedFullPath=20260603/PDF/PBINFO_PUB/1119/003_100_20260521_1.pdf","20260603/PDF/PBINFO_PUB/1119/003_100_20260521_1.pdf","supplements/official_gap_recovery_2026/direct_nec_downloads/markdown/920260603-1100-영등포구-더불어민주당-1-1.md","https://github.com/treylom/opencrab-nec-2026-local-election-data/blob/main/supplements/official_gap_recovery_2026/direct_nec_downloads/markdown/920260603-1100-영등포구-더불어민주당-1-1.md","ok","pymupdf","ok","4","1393","2449008","pack_stale_currently_available_direct_nec_recovered"
"920260603-1100-은평구-더불어민주당-1-1","party-doc:920260603:은평구:더불어민주당:1","1100","서울특별시","920260603","기초의원비례대표선거","은평구","","","더불어민주당","1","비례대표 정당 제출자료","https://policy.nec.go.kr/plc/common/downloadFile.do?requestedFileName=20260603_%EC%9D%80%ED%8F%89%EA%B5%AC_%EB%8D%94%EB%B6%88%EC%96%B4%EB%AF%BC%EC%A3%BC%EB%8B%B9_%EB%B9%84%EB%A1%80%EB%8C%80%ED%91%9C%20%EC%A0%95%EB%8B%B9%20%EC%A0%9C%EC%B6%9C%EC%9E%90%EB%A3%8C.pdf&requestedFullPath=20260603/PDF/PBINFO_PUB/1112/003_100_20260521_1.pdf","20260603/PDF/PBINFO_PUB/1112/003_100_20260521_1.pdf","supplements/official_gap_recovery_2026/direct_nec_downloads/markdown/920260603-1100-은평구-더불어민주당-1-1.md","https://github.com/treylom/opencrab-nec-2026-local-election-data/blob/main/supplements/official_gap_recovery_2026/direct_nec_downloads/markdown/920260603-1100-은평구-더불어민주당-1-1.md","ok","pymupdf","ok","4","1331","2482358","pack_stale_currently_available_direct_nec_recovered"
"920260603-1100-강남구-더불어민주당-1-1","party-doc:920260603:강남구:더불어민주당:1","1100","서울특별시","920260603","기초의원비례대표선거","강남구","","","더불어민주당","1","비례대표 정당 제출자료","https://policy.nec.go.kr/plc/common/downloadFile.do?requestedFileName=20260603_%EA%B0%95%EB%82%A8%EA%B5%AC_%EB%8D%94%EB%B6%88%EC%96%B4%EB%AF%BC%EC%A3%BC%EB%8B%B9_%EB%B9%84%EB%A1%80%EB%8C%80%ED%91%9C%20%EC%A0%95%EB%8B%B9%20%EC%A0%9C%EC%B6%9C%EC%9E%90%EB%A3%8C.pdf&requestedFullPath=20260603/PDF/PBINFO_PUB/1123/003_100_20260524_1.pdf","20260603/PDF/PBINFO_PUB/1123/003_100_20260524_1.pdf","supplements/official_gap_recovery_2026/direct_nec_downloads/markdown/920260603-1100-강남구-더불어민주당-1-1.md","https://github.com/treylom/opencrab-nec-2026-local-election-data/blob/main/supplements/official_gap_recovery_2026/direct_nec_downloads/markdown/920260603-1100-강남구-더불어민주당-1-1.md","ok","pymupdf","ok","4","1391","2485880","pack_stale_currently_available_direct_nec_recovered"
"920260603-1100-용산구-더불어민주당-1-1","party-doc:920260603:용산구:더불어민주당:1","1100","서울특별시","920260603","기초의원비례대표선거","용산구","","","더불어민주당","1","비례대표 정당 제출자료","https://policy.nec.go.kr/plc/common/downloadFile.do?requestedFileName=20260603_%EC%9A%A9%EC%82%B0%EA%B5%AC_%EB%8D%94%EB%B6%88%EC%96%B4%EB%AF%BC%EC%A3%BC%EB%8B%B9_%EB%B9%84%EB%A1%80%EB%8C%80%ED%91%9C%20%EC%A0%95%EB%8B%B9%20%EC%A0%9C%EC%B6%9C%EC%9E%90%EB%A3%8C.pdf&requestedFullPath=20260603/PDF/PBINFO_PUB/1103/003_100_20260523_1.pdf","20260603/PDF/PBINFO_PUB/1103/003_100_20260523_1.pdf","supplements/official_gap_recovery_2026/direct_nec_downloads/markdown/920260603-1100-용산구-더불어민주당-1-1.md","https://github.com/treylom/opencrab-nec-2026-local-election-data/blob/main/supplements/official_gap_recovery_2026/direct_nec_downloads/markdown/920260603-1100-용산구-더불어민주당-1-1.md","ok","pymupdf","ok","4","1355","2514401","pack_stale_currently_available_direct_nec_recovered"
"920260603-1100-광진구-더불어민주당-1-1","party-doc:920260603:광진구:더불어민주당:1","1100","서울특별시","920260603","기초의원비례대표선거","광진구","","","더불어민주당","1","비례대표 정당 제출자료","https://policy.nec.go.kr/plc/common/downloadFile.do?requestedFileName=20260603_%EA%B4%91%EC%A7%84%EA%B5%AC_%EB%8D%94%EB%B6%88%EC%96%B4%EB%AF%BC%EC%A3%BC%EB%8B%B9_%EB%B9%84%EB%A1%80%EB%8C%80%ED%91%9C%20%EC%A0%95%EB%8B%B9%20%EC%A0%9C%EC%B6%9C%EC%9E%90%EB%A3%8C.pdf&requestedFullPath=20260603/PDF/PBINFO_PUB/1105/003_100_20260523_1.pdf","20260603/PDF/PBINFO_PUB/1105/003_100_20260523_1.pdf","supplements/official_gap_recovery_2026/direct_nec_downloads/markdown/920260603-1100-광진구-더불어민주당-1-1.md","https://github.com/treylom/opencrab-nec-2026-local-election-data/blob/main/supplements/official_gap_recovery_2026/direct_nec_downloads/markdown/920260603-1100-광진구-더불어민주당-1-1.md","ok","pymupdf","ok","4","1300","2326774","pack_stale_currently_available_direct_nec_recovered"
"920260603-1100-동대문구-더불어민주당-1-1","party-doc:920260603:동대문구:더불어민주당:1","1100","서울특별시","920260603","기초의원비례대표선거","동대문구","","","더불어민주당","1","비례대표 정당 제출자료","https://policy.nec.go.kr/plc/common/downloadFile.do?requestedFileName=20260603_%EB%8F%99%EB%8C%80%EB%AC%B8%EA%B5%AC_%EB%8D%94%EB%B6%88%EC%96%B4%EB%AF%BC%EC%A3%BC%EB%8B%B9_%EB%B9%84%EB%A1%80%EB%8C%80%ED%91%9C%20%EC%A0%95%EB%8B%B9%20%EC%A0%9C%EC%B6%9C%EC%9E%90%EB%A3%8C.pdf&requestedFullPath=20260603/PDF/PBINFO_PUB/1106/003_100_20260523_2.pdf","20260603/PDF/PBINFO_PUB/1106/003_100_20260523_2.pdf","supplements/official_gap_recovery_2026/direct_nec_downloads/markdown/920260603-1100-동대문구-더불어민주당-1-1.md","https://github.com/treylom/opencrab-nec-2026-local-election-data/blob/main/supplements/official_gap_recovery_2026/direct_nec_downloads/markdown/920260603-1100-동대문구-더불어민주당-1-1.md","ok","pymupdf","ok","4","1429","2515788","pack_stale_currently_available_direct_nec_recovered"
"920260603-1100-중랑구-더불어민주당-1-1","party-doc:920260603:중랑구:더불어민주당:1","1100","서울특별시","920260603","기초의원비례대표선거","중랑구","","","더불어민주당","1","비례대표 정당 제출자료","https://policy.nec.go.kr/plc/common/downloadFile.do?requestedFileName=20260603_%EC%A4%91%EB%9E%91%EA%B5%AC_%EB%8D%94%EB%B6%88%EC%96%B4%EB%AF%BC%EC%A3%BC%EB%8B%B9_%EB%B9%84%EB%A1%80%EB%8C%80%ED%91%9C%20%EC%A0%95%EB%8B%B9%20%EC%A0%9C%EC%B6%9C%EC%9E%90%EB%A3%8C.pdf&requestedFullPath=20260603/PDF/PBINFO_PUB/1107/003_100_20260516_1.pdf","20260603/PDF/PBINFO_PUB/1107/003_100_20260516_1.pdf","supplements/official_gap_recovery_2026/direct_nec_downloads/markdown/920260603-1100-중랑구-더불어민주당-1-1.md","https://github.com/treylom/opencrab-nec-2026-local-election-data/blob/main/supplements/official_gap_recovery_2026/direct_nec_downloads/markdown/920260603-1100-중랑구-더불어민주당-1-1.md","ok","pymupdf","ok","4","1364","2502145","pack_stale_currently_available_direct_nec_recovered"
"920260603-1100-서초구-더불어민주당-1-1","party-doc:920260603:서초구:더불어민주당:1","1100","서울특별시","920260603","기초의원비례대표선거","서초구","","","더불어민주당","1","비례대표 정당 제출자료","https://policy.nec.go.kr/plc/common/downloadFile.do?requestedFileName=20260603_%EC%84%9C%EC%B4%88%EA%B5%AC_%EB%8D%94%EB%B6%88%EC%96%B4%EB%AF%BC%EC%A3%BC%EB%8B%B9_%EB%B9%84%EB%A1%80%EB%8C%80%ED%91%9C%20%EC%A0%95%EB%8B%B9%20%EC%A0%9C%EC%B6%9C%EC%9E%90%EB%A3%8C.pdf&requestedFullPath=20260603/PDF/PBINFO_PUB/1122/003_100_20260523_1.pdf","20260603/PDF/PBINFO_PUB/1122/003_100_20260523_1.pdf","supplements/official_gap_recovery_2026/direct_nec_downloads/markdown/920260603-1100-서초구-더불어민주당-1-1.md","https://github.com/treylom/opencrab-nec-2026-local-election-data/blob/main/supplements/official_gap_recovery_2026/direct_nec_downloads/markdown/920260603-1100-서초구-더불어민주당-1-1.md","ok","pymupdf","ok","4","1264","2374656","pack_stale_currently_available_direct_nec_recovered"
"920260603-1100-중구-더불어민주당-1-1","party-doc:920260603:중구:더불어민주당:1","1100","서울특별시","920260603","기초의원비례대표선거","중구","","","더불어민주당","1","비례대표 정당 제출자료","https://policy.nec.go.kr/plc/common/downloadFile.do?requestedFileName=20260603_%EC%A4%91%EA%B5%AC_%EB%8D%94%EB%B6%88%EC%96%B4%EB%AF%BC%EC%A3%BC%EB%8B%B9_%EB%B9%84%EB%A1%80%EB%8C%80%ED%91%9C%20%EC%A0%95%EB%8B%B9%20%EC%A0%9C%EC%B6%9C%EC%9E%90%EB%A3%8C.pdf&requestedFullPath=20260603/PDF/PBINFO_PUB/1102/003_100_20260516_1.pdf","20260603/PDF/PBINFO_PUB/1102/003_100_20260516_1.pdf","supplements/official_gap_recovery_2026/direct_nec_downloads/markdown/920260603-1100-중구-더불어민주당-1-1.md","https://github.com/treylom/opencrab-nec-2026-local-election-data/blob/main/supplements/official_gap_recovery_2026/direct_nec_downloads/markdown/920260603-1100-중구-더불어민주당-1-1.md","ok","pymupdf","ok","4","1273","2346577","pack_stale_currently_available_direct_nec_recovered"
"920260603-1100-강북구-더불어민주당-1-1","party-doc:920260603:강북구:더불어민주당:1","1100","서울특별시","920260603","기초의원비례대표선거","강북구","","","더불어민주당","1","비례대표 정당 제출자료","https://policy.nec.go.kr/plc/common/downloadFile.do?requestedFileName=20260603_%EA%B0%95%EB%B6%81%EA%B5%AC_%EB%8D%94%EB%B6%88%EC%96%B4%EB%AF%BC%EC%A3%BC%EB%8B%B9_%EB%B9%84%EB%A1%80%EB%8C%80%ED%91%9C%20%EC%A0%95%EB%8B%B9%20%EC%A0%9C%EC%B6%9C%EC%9E%90%EB%A3%8C.pdf&requestedFullPath=20260603/PDF/PBINFO_PUB/1109/003_100_20260523_1.pdf","20260603/PDF/PBINFO_PUB/1109/003_100_20260523_1.pdf","supplements/official_gap_recovery_2026/direct_nec_downloads/markdown/920260603-1100-강북구-더불어민주당-1-1.md","https://github.com/treylom/opencrab-nec-2026-local-election-data/blob/main/supplements/official_gap_recovery_2026/direct_nec_downloads/markdown/920260603-1100-강북구-더불어민주당-1-1.md","ok","pymupdf","ok","4","1299","2355137","pack_stale_currently_available_direct_nec_recovered"
"920260603-1100-양천구-더불어민주당-1-1","party-doc:920260603:양천구:더불어민주당:1","1100","서울특별시","920260603","기초의원비례대표선거","양천구","","","더불어민주당","1","비례대표 정당 제출자료","https://policy.nec.go.kr/plc/common/downloadFile.do?requestedFileName=20260603_%EC%96%91%EC%B2%9C%EA%B5%AC_%EB%8D%94%EB%B6%88%EC%96%B4%EB%AF%BC%EC%A3%BC%EB%8B%B9_%EB%B9%84%EB%A1%80%EB%8C%80%ED%91%9C%20%EC%A0%95%EB%8B%B9%20%EC%A0%9C%EC%B6%9C%EC%9E%90%EB%A3%8C.pdf&requestedFullPath=20260603/PDF/PBINFO_PUB/1115/003_100_20260523_1.pdf","20260603/PDF/PBINFO_PUB/1115/003_100_20260523_1.pdf","supplements/official_gap_recovery_2026/direct_nec_downloads/markdown/920260603-1100-양천구-더불어민주당-1-1.md","https://github.com/treylom/opencrab-nec-2026-local-election-data/blob/main/supplements/official_gap_recovery_2026/direct_nec_downloads/markdown/920260603-1100-양천구-더불어민주당-1-1.md","ok","pymupdf","ok","4","1269","2374576","pack_stale_currently_available_direct_nec_recovered"
"920260603-1100-성동구-더불어민주당-1-1","party-doc:920260603:성동구:더불어민주당:1","1100","서울특별시","920260603","기초의원비례대표선거","성동구","","","더불어민주당","1","비례대표 정당 제출자료","https://policy.nec.go.kr/plc/common/downloadFile.do?requestedFileName=20260603_%EC%84%B1%EB%8F%99%EA%B5%AC_%EB%8D%94%EB%B6%88%EC%96%B4%EB%AF%BC%EC%A3%BC%EB%8B%B9_%EB%B9%84%EB%A1%80%EB%8C%80%ED%91%9C%20%EC%A0%95%EB%8B%B9%20%EC%A0%9C%EC%B6%9C%EC%9E%90%EB%A3%8C.pdf&requestedFullPath=20260603/PDF/PBINFO_PUB/1104/003_100_20260524_1.pdf","20260603/PDF/PBINFO_PUB/1104/003_100_20260524_1.pdf","supplements/official_gap_recovery_2026/direct_nec_downloads/markdown/920260603-1100-성동구-더불어민주당-1-1.md","https://github.com/treylom/opencrab-nec-2026-local-election-data/blob/main/supplements/official_gap_recovery_2026/direct_nec_downloads/markdown/920260603-1100-성동구-더불어민주당-1-1.md","ok","pymupdf","ok","4","1250","2305949","pack_stale_currently_available_direct_nec_recovered"
"920260603-1100-마포구-더불어민주당-1-1","party-doc:920260603:마포구:더불어민주당:1","1100","서울특별시","920260603","기초의원비례대표선거","마포구","","","더불어민주당","1","비례대표 정당 제출자료","https://policy.nec.go.kr/plc/common/downloadFile.do?requestedFileName=20260603_%EB%A7%88%ED%8F%AC%EA%B5%AC_%EB%8D%94%EB%B6%88%EC%96%B4%EB%AF%BC%EC%A3%BC%EB%8B%B9_%EB%B9%84%EB%A1%80%EB%8C%80%ED%91%9C%20%EC%A0%95%EB%8B%B9%20%EC%A0%9C%EC%B6%9C%EC%9E%90%EB%A3%8C.pdf&requestedFullPath=20260603/PDF/PBINFO_PUB/1114/003_100_20260516_2.pdf","20260603/PDF/PBINFO_PUB/1114/003_100_20260516_2.pdf","supplements/official_gap_recovery_2026/direct_nec_downloads/markdown/920260603-1100-마포구-더불어민주당-1-1.md","https://github.com/treylom/opencrab-nec-2026-local-election-data/blob/main/supplements/official_gap_recovery_2026/direct_nec_downloads/markdown/920260603-1100-마포구-더불어민주당-1-1.md","ok","pymupdf","ok","4","1250","2352647","pack_stale_currently_available_direct_nec_recovered"
"920260603-1100-송파구-더불어민주당-1-1","party-doc:920260603:송파구:더불어민주당:1","1100","서울특별시","920260603","기초의원비례대표선거","송파구","","","더불어민주당","1","비례대표 정당 제출자료","https://policy.nec.go.kr/plc/common/downloadFile.do?requestedFileName=20260603_%EC%86%A1%ED%8C%8C%EA%B5%AC_%EB%8D%94%EB%B6%88%EC%96%B4%EB%AF%BC%EC%A3%BC%EB%8B%B9_%EB%B9%84%EB%A1%80%EB%8C%80%ED%91%9C%20%EC%A0%95%EB%8B%B9%20%EC%A0%9C%EC%B6%9C%EC%9E%90%EB%A3%8C.pdf&requestedFullPath=20260603/PDF/PBINFO_PUB/1124/003_100_20260525_2.pdf","20260603/PDF/PBINFO_PUB/1124/003_100_20260525_2.pdf","supplements/official_gap_recovery_2026/direct_nec_downloads/markdown/920260603-1100-송파구-더불어민주당-1-1.md","https://github.com/treylom/opencrab-nec-2026-local-election-data/blob/main/supplements/official_gap_recovery_2026/direct_nec_downloads/markdown/920260603-1100-송파구-더불어민주당-1-1.md","ok","pymupdf","ok","4","1337","2448889","pack_stale_currently_available_direct_nec_recovered"
"920260603-1100-강서구-더불어민주당-1-1","party-doc:920260603:강서구:더불어민주당:1","1100","서울특별시","920260603","기초의원비례대표선거","강서구","","","더불어민주당","1","비례대표 정당 제출자료","https://policy.nec.go.kr/plc/common/downloadFile.do?requestedFileName=20260603_%EA%B0%95%EC%84%9C%EA%B5%AC_%EB%8D%94%EB%B6%88%EC%96%B4%EB%AF%BC%EC%A3%BC%EB%8B%B9_%EB%B9%84%EB%A1%80%EB%8C%80%ED%91%9C%20%EC%A0%95%EB%8B%B9%20%EC%A0%9C%EC%B6%9C%EC%9E%90%EB%A3%8C.pdf&requestedFullPath=20260603/PDF/PBINFO_PUB/1116/003_100_20260518_1.pdf","20260603/PDF/PBINFO_PUB/1116/003_100_20260518_1.pdf","supplements/official_gap_recovery_2026/direct_nec_downloads/markdown/920260603-1100-강서구-더불어민주당-1-1.md","https://github.com/treylom/opencrab-nec-2026-local-election-data/blob/main/supplements/official_gap_recovery_2026/direct_nec_downloads/markdown/920260603-1100-강서구-더불어민주당-1-1.md","ok","pymupdf","ok","4","1345","2508558","pack_stale_currently_available_direct_nec_recovered"
"920260603-1100-금천구-더불어민주당-1-1","party-doc:920260603:금천구:더불어민주당:1","1100","서울특별시","920260603","기초의원비례대표선거","금천구","","","더불어민주당","1","비례대표 정당 제출자료","https://policy.nec.go.kr/plc/common/downloadFile.do?requestedFileName=20260603_%EA%B8%88%EC%B2%9C%EA%B5%AC_%EB%8D%94%EB%B6%88%EC%96%B4%EB%AF%BC%EC%A3%BC%EB%8B%B9_%EB%B9%84%EB%A1%80%EB%8C%80%ED%91%9C%20%EC%A0%95%EB%8B%B9%20%EC%A0%9C%EC%B6%9C%EC%9E%90%EB%A3%8C.pdf&requestedFullPath=20260603/PDF/PBINFO_PUB/1118/003_100_20260518_1.pdf","20260603/PDF/PBINFO_PUB/1118/003_100_20260518_1.pdf","supplements/official_gap_recovery_2026/direct_nec_downloads/markdown/920260603-1100-금천구-더불어민주당-1-1.md","https://github.com/treylom/opencrab-nec-2026-local-election-data/blob/main/supplements/official_gap_recovery_2026/direct_nec_downloads/markdown/920260603-1100-금천구-더불어민주당-1-1.md","ok","pymupdf","ok","4","1335","2411551","pack_stale_currently_available_direct_nec_recovered"
"920260603-1100-금천구-국민의힘-1-1","party-doc:920260603:금천구:국민의힘:1","1100","서울특별시","920260603","기초의원비례대표선거","금천구","","","국민의힘","1","비례대표 정당 제출자료","https://policy.nec.go.kr/plc/common/downloadFile.do?requestedFileName=20260603_%EA%B8%88%EC%B2%9C%EA%B5%AC_%EA%B5%AD%EB%AF%BC%EC%9D%98%ED%9E%98_%EB%B9%84%EB%A1%80%EB%8C%80%ED%91%9C%20%EC%A0%95%EB%8B%B9%20%EC%A0%9C%EC%B6%9C%EC%9E%90%EB%A3%8C.pdf&requestedFullPath=20260603/PDF/PBINFO_PUB/1118/003_200_20260523_1.pdf","20260603/PDF/PBINFO_PUB/1118/003_200_20260523_1.pdf","supplements/official_gap_recovery_2026/direct_nec_downloads/markdown/920260603-1100-금천구-국민의힘-1-1.md","https://github.com/treylom/opencrab-nec-2026-local-election-data/blob/main/supplements/official_gap_recovery_2026/direct_nec_downloads/markdown/920260603-1100-금천구-국민의힘-1-1.md","ok","pymupdf","ok","8","2848","5741973","pack_stale_currently_available_direct_nec_recovered"
"920260603-1100-중구-국민의힘-1-1","party-doc:920260603:중구:국민의힘:1","1100","서울특별시","920260603","기초의원비례대표선거","중구","","","국민의힘","1","비례대표 정당 제출자료","https://policy.nec.go.kr/plc/common/downloadFile.do?requestedFileName=20260603_%EC%A4%91%EA%B5%AC_%EA%B5%AD%EB%AF%BC%EC%9D%98%ED%9E%98_%EB%B9%84%EB%A1%80%EB%8C%80%ED%91%9C%20%EC%A0%95%EB%8B%B9%20%EC%A0%9C%EC%B6%9C%EC%9E%90%EB%A3%8C.pdf&requestedFullPath=20260603/PDF/PBINFO_PUB/1102/003_200_20260516_1.pdf","20260603/PDF/PBINFO_PUB/1102/003_200_20260516_1.pdf","supplements/official_gap_recovery_2026/direct_nec_downloads/markdown/920260603-1100-중구-국민의힘-1-1.md","https://github.com/treylom/opencrab-nec-2026-local-election-data/blob/main/supplements/official_gap_recovery_2026/direct_nec_downloads/markdown/920260603-1100-중구-국민의힘-1-1.md","ok","pymupdf","ok","8","2798","5677010","pack_stale_currently_available_direct_nec_recovered"
"920260603-1100-영등포구-국민의힘-1-1","party-doc:920260603:영등포구:국민의힘:1","1100","서울특별시","920260603","기초의원비례대표선거","영등포구","","","국민의힘","1","비례대표 정당 제출자료","https://policy.nec.go.kr/plc/common/downloadFile.do?requestedFileName=20260603_%EC%98%81%EB%93%B1%ED%8F%AC%EA%B5%AC_%EA%B5%AD%EB%AF%BC%EC%9D%98%ED%9E%98_%EB%B9%84%EB%A1%80%EB%8C%80%ED%91%9C%20%EC%A0%95%EB%8B%B9%20%EC%A0%9C%EC%B6%9C%EC%9E%90%EB%A3%8C.pdf&requestedFullPath=20260603/PDF/PBINFO_PUB/1119/003_200_20260521_1.pdf","20260603/PDF/PBINFO_PUB/1119/003_200_20260521_1.pdf","supplements/official_gap_recovery_2026/direct_nec_downloads/markdown/920260603-1100-영등포구-국민의힘-1-1.md","https://github.com/treylom/opencrab-nec-2026-local-election-data/blob/main/supplements/official_gap_recovery_2026/direct_nec_downloads/markdown/920260603-1100-영등포구-국민의힘-1-1.md","ok","pymupdf","ok","8","2897","5676711","pack_stale_currently_available_direct_nec_recovered"
"920260603-1100-동작구-국민의힘-1-1","party-doc:920260603:동작구:국민의힘:1","1100","서울특별시","920260603","기초의원비례대표선거","동작구","","","국민의힘","1","비례대표 정당 제출자료","https://policy.nec.go.kr/plc/common/downloadFile.do?requestedFileName=20260603_%EB%8F%99%EC%9E%91%EA%B5%AC_%EA%B5%AD%EB%AF%BC%EC%9D%98%ED%9E%98_%EB%B9%84%EB%A1%80%EB%8C%80%ED%91%9C%20%EC%A0%95%EB%8B%B9%20%EC%A0%9C%EC%B6%9C%EC%9E%90%EB%A3%8C.pdf&requestedFullPath=20260603/PDF/PBINFO_PUB/1120/003_0_20260523_1.pdf","20260603/PDF/PBINFO_PUB/1120/003_0_20260523_1.pdf","supplements/official_gap_recovery_2026/direct_nec_downloads/markdown/920260603-1100-동작구-국민의힘-1-1.md","https://github.com/treylom/opencrab-nec-2026-local-election-data/blob/main/supplements/official_gap_recovery_2026/direct_nec_downloads/markdown/920260603-1100-동작구-국민의힘-1-1.md","ok","pymupdf","ok","8","2830","5620329","pack_stale_currently_available_direct_nec_recovered"
"920260603-1100-송파구-국민의힘-1-1","party-doc:920260603:송파구:국민의힘:1","1100","서울특별시","920260603","기초의원비례대표선거","송파구","","","국민의힘","1","비례대표 정당 제출자료","https://policy.nec.go.kr/plc/common/downloadFile.do?requestedFileName=20260603_%EC%86%A1%ED%8C%8C%EA%B5%AC_%EA%B5%AD%EB%AF%BC%EC%9D%98%ED%9E%98_%EB%B9%84%EB%A1%80%EB%8C%80%ED%91%9C%20%EC%A0%95%EB%8B%B9%20%EC%A0%9C%EC%B6%9C%EC%9E%90%EB%A3%8C.pdf&requestedFullPath=20260603/PDF/PBINFO_PUB/1124/003_200_20260521_1.pdf","20260603/PDF/PBINFO_PUB/1124/003_200_20260521_1.pdf","supplements/official_gap_recovery_2026/direct_nec_downloads/markdown/920260603-1100-송파구-국민의힘-1-1.md","https://github.com/treylom/opencrab-nec-2026-local-election-data/blob/main/supplements/official_gap_recovery_2026/direct_nec_downloads/markdown/920260603-1100-송파구-국민의힘-1-1.md","ok","pymupdf","ok","8","2915","6170840","pack_stale_currently_available_direct_nec_recovered"
"920260603-1100-서초구-국민의힘-1-1","party-doc:920260603:서초구:국민의힘:1","1100","서울특별시","920260603","기초의원비례대표선거","서초구","","","국민의힘","1","비례대표 정당 제출자료","https://policy.nec.go.kr/plc/common/downloadFile.do?requestedFileName=20260603_%EC%84%9C%EC%B4%88%EA%B5%AC_%EA%B5%AD%EB%AF%BC%EC%9D%98%ED%9E%98_%EB%B9%84%EB%A1%80%EB%8C%80%ED%91%9C%20%EC%A0%95%EB%8B%B9%20%EC%A0%9C%EC%B6%9C%EC%9E%90%EB%A3%8C.pdf&requestedFullPath=20260603/PDF/PBINFO_PUB/1122/003_200_20260523_1.pdf","20260603/PDF/PBINFO_PUB/1122/003_200_20260523_1.pdf","supplements/official_gap_recovery_2026/direct_nec_downloads/markdown/920260603-1100-서초구-국민의힘-1-1.md","https://github.com/treylom/opencrab-nec-2026-local-election-data/blob/main/supplements/official_gap_recovery_2026/direct_nec_downloads/markdown/920260603-1100-서초구-국민의힘-1-1.md","ok","pymupdf","ok","8","2922","6009996","pack_stale_currently_available_direct_nec_recovered"
"920260603-1100-중랑구-국민의힘-1-1","party-doc:920260603:중랑구:국민의힘:1","1100","서울특별시","920260603","기초의원비례대표선거","중랑구","","","국민의힘","1","비례대표 정당 제출자료","https://policy.nec.go.kr/plc/common/downloadFile.do?requestedFileName=20260603_%EC%A4%91%EB%9E%91%EA%B5%AC_%EA%B5%AD%EB%AF%BC%EC%9D%98%ED%9E%98_%EB%B9%84%EB%A1%80%EB%8C%80%ED%91%9C%20%EC%A0%95%EB%8B%B9%20%EC%A0%9C%EC%B6%9C%EC%9E%90%EB%A3%8C.pdf&requestedFullPath=20260603/PDF/PBINFO_PUB/1107/003_200_20260523_1.pdf","20260603/PDF/PBINFO_PUB/1107/003_200_20260523_1.pdf","supplements/official_gap_recovery_2026/direct_nec_downloads/markdown/920260603-1100-중랑구-국민의힘-1-1.md","https://github.com/treylom/opencrab-nec-2026-local-election-data/blob/main/supplements/official_gap_recovery_2026/direct_nec_downloads/markdown/920260603-1100-중랑구-국민의힘-1-1.md","ok","pymupdf","ok","8","2881","5656261","pack_stale_currently_available_direct_nec_recovered"
"920260603-1100-양천구-국민의힘-1-1","party-doc:920260603:양천구:국민의힘:1","1100","서울특별시","920260603","기초의원비례대표선거","양천구","","","국민의힘","1","비례대표 정당 제출자료","https://policy.nec.go.kr/plc/common/downloadFile.do?requestedFileName=20260603_%EC%96%91%EC%B2%9C%EA%B5%AC_%EA%B5%AD%EB%AF%BC%EC%9D%98%ED%9E%98_%EB%B9%84%EB%A1%80%EB%8C%80%ED%91%9C%20%EC%A0%95%EB%8B%B9%20%EC%A0%9C%EC%B6%9C%EC%9E%90%EB%A3%8C.pdf&requestedFullPath=20260603/PDF/PBINFO_PUB/1115/003_200_20260523_1.pdf","20260603/PDF/PBINFO_PUB/1115/003_200_20260523_1.pdf","supplements/official_gap_recovery_2026/direct_nec_downloads/markdown/920260603-1100-양천구-국민의힘-1-1.md","https://github.com/treylom/opencrab-nec-2026-local-election-data/blob/main/supplements/official_gap_recovery_2026/direct_nec_downloads/markdown/920260603-1100-양천구-국민의힘-1-1.md","ok","pymupdf","ok","8","2971","5786399","pack_stale_currently_available_direct_nec_recovered"
"920260603-1100-강북구-국민의힘-1-1","party-doc:920260603:강북구:국민의힘:1","1100","서울특별시","920260603","기초의원비례대표선거","강북구","","","국민의힘","1","비례대표 정당 제출자료","https://policy.nec.go.kr/plc/common/downloadFile.do?requestedFileName=20260603_%EA%B0%95%EB%B6%81%EA%B5%AC_%EA%B5%AD%EB%AF%BC%EC%9D%98%ED%9E%98_%EB%B9%84%EB%A1%80%EB%8C%80%ED%91%9C%20%EC%A0%95%EB%8B%B9%20%EC%A0%9C%EC%B6%9C%EC%9E%90%EB%A3%8C.pdf&requestedFullPath=20260603/PDF/PBINFO_PUB/1109/003_200_20260523_1.pdf","20260603/PDF/PBINFO_PUB/1109/003_200_20260523_1.pdf","supplements/official_gap_recovery_2026/direct_nec_downloads/markdown/920260603-1100-강북구-국민의힘-1-1.md","https://github.com/treylom/opencrab-nec-2026-local-election-data/blob/main/supplements/official_gap_recovery_2026/direct_nec_downloads/markdown/920260603-1100-강북구-국민의힘-1-1.md","ok","pymupdf","ok","8","2867","5649310","pack_stale_currently_available_direct_nec_recovered"
"920260603-1100-관악구-국민의힘-1-1","party-doc:920260603:관악구:국민의힘:1","1100","서울특별시","920260603","기초의원비례대표선거","관악구","","","국민의힘","1","비례대표 정당 제출자료","https://policy.nec.go.kr/plc/common/downloadFile.do?requestedFileName=20260603_%EA%B4%80%EC%95%85%EA%B5%AC_%EA%B5%AD%EB%AF%BC%EC%9D%98%ED%9E%98_%EB%B9%84%EB%A1%80%EB%8C%80%ED%91%9C%20%EC%A0%95%EB%8B%B9%20%EC%A0%9C%EC%B6%9C%EC%9E%90%EB%A3%8C.pdf&requestedFullPath=20260603/PDF/PBINFO_PUB/1121/003_200_20260522_2.pdf","20260603/PDF/PBINFO_PUB/1121/003_200_20260522_2.pdf","supplements/official_gap_recovery_2026/direct_nec_downloads/markdown/920260603-1100-관악구-국민의힘-1-1.md","https://github.com/treylom/opencrab-nec-2026-local-election-data/blob/main/supplements/official_gap_recovery_2026/direct_nec_downloads/markdown/920260603-1100-관악구-국민의힘-1-1.md","ok","pymupdf","ok","8","2947","5798234","pack_stale_currently_available_direct_nec_recovered"
"920260603-1100-용산구-국민의힘-1-1","party-doc:920260603:용산구:국민의힘:1","1100","서울특별시","920260603","기초의원비례대표선거","용산구","","","국민의힘","1","비례대표 정당 제출자료","https://policy.nec.go.kr/plc/common/downloadFile.do?requestedFileName=20260603_%EC%9A%A9%EC%82%B0%EA%B5%AC_%EA%B5%AD%EB%AF%BC%EC%9D%98%ED%9E%98_%EB%B9%84%EB%A1%80%EB%8C%80%ED%91%9C%20%EC%A0%95%EB%8B%B9%20%EC%A0%9C%EC%B6%9C%EC%9E%90%EB%A3%8C.pdf&requestedFullPath=20260603/PDF/PBINFO_PUB/1103/003_200_20260523_1.pdf","20260603/PDF/PBINFO_PUB/1103/003_200_20260523_1.pdf","supplements/official_gap_recovery_2026/direct_nec_downloads/markdown/920260603-1100-용산구-국민의힘-1-1.md","https://github.com/treylom/opencrab-nec-2026-local-election-data/blob/main/supplements/official_gap_recovery_2026/direct_nec_downloads/markdown/920260603-1100-용산구-국민의힘-1-1.md","ok","pymupdf","ok","8","2905","5704334","pack_stale_currently_available_direct_nec_recovered"
"920260603-1100-마포구-국민의힘-1-1","party-doc:920260603:마포구:국민의힘:1","1100","서울특별시","920260603","기초의원비례대표선거","마포구","","","국민의힘","1","비례대표 정당 제출자료","https://policy.nec.go.kr/plc/common/downloadFile.do?requestedFileName=20260603_%EB%A7%88%ED%8F%AC%EA%B5%AC_%EA%B5%AD%EB%AF%BC%EC%9D%98%ED%9E%98_%EB%B9%84%EB%A1%80%EB%8C%80%ED%91%9C%20%EC%A0%95%EB%8B%B9%20%EC%A0%9C%EC%B6%9C%EC%9E%90%EB%A3%8C.pdf&requestedFullPath=20260603/PDF/PBINFO_PUB/1114/003_200_20260516_2.pdf","20260603/PDF/PBINFO_PUB/1114/003_200_20260516_2.pdf","supplements/official_gap_recovery_2026/direct_nec_downloads/markdown/920260603-1100-마포구-국민의힘-1-1.md","https://github.com/treylom/opencrab-nec-2026-local-election-data/blob/main/supplements/official_gap_recovery_2026/direct_nec_downloads/markdown/920260603-1100-마포구-국민의힘-1-1.md","ok","pymupdf","ok","8","2934","5802633","pack_stale_currently_available_direct_nec_recovered"
"920260603-1100-성동구-국민의힘-1-1","party-doc:920260603:성동구:국민의힘:1","1100","서울특별시","920260603","기초의원비례대표선거","성동구","","","국민의힘","1","비례대표 정당 제출자료","https://policy.nec.go.kr/plc/common/downloadFile.do?requestedFileName=20260603_%EC%84%B1%EB%8F%99%EA%B5%AC_%EA%B5%AD%EB%AF%BC%EC%9D%98%ED%9E%98_%EB%B9%84%EB%A1%80%EB%8C%80%ED%91%9C%20%EC%A0%95%EB%8B%B9%20%EC%A0%9C%EC%B6%9C%EC%9E%90%EB%A3%8C.pdf&requestedFullPath=20260603/PDF/PBINFO_PUB/1104/003_200_20260524_1.pdf","20260603/PDF/PBINFO_PUB/1104/003_200_20260524_1.pdf","supplements/official_gap_recovery_2026/direct_nec_downloads/markdown/920260603-1100-성동구-국민의힘-1-1.md","https://github.com/treylom/opencrab-nec-2026-local-election-data/blob/main/supplements/official_gap_recovery_2026/direct_nec_downloads/markdown/920260603-1100-성동구-국민의힘-1-1.md","ok","pymupdf","ok","8","2921","5825347","pack_stale_currently_available_direct_nec_recovered"
"920260603-1100-광진구-국민의힘-1-1","party-doc:920260603:광진구:국민의힘:1","1100","서울특별시","920260603","기초의원비례대표선거","광진구","","","국민의힘","1","비례대표 정당 제출자료","https://policy.nec.go.kr/plc/common/downloadFile.do?requestedFileName=20260603_%EA%B4%91%EC%A7%84%EA%B5%AC_%EA%B5%AD%EB%AF%BC%EC%9D%98%ED%9E%98_%EB%B9%84%EB%A1%80%EB%8C%80%ED%91%9C%20%EC%A0%95%EB%8B%B9%20%EC%A0%9C%EC%B6%9C%EC%9E%90%EB%A3%8C.pdf&requestedFullPath=20260603/PDF/PBINFO_PUB/1105/003_200_20260523_1.pdf","20260603/PDF/PBINFO_PUB/1105/003_200_20260523_1.pdf","supplements/official_gap_recovery_2026/direct_nec_downloads/markdown/920260603-1100-광진구-국민의힘-1-1.md","https://github.com/treylom/opencrab-nec-2026-local-election-data/blob/main/supplements/official_gap_recovery_2026/direct_nec_downloads/markdown/920260603-1100-광진구-국민의힘-1-1.md","ok","pymupdf","ok","8","2950","965474","pack_stale_currently_available_direct_nec_recovered"
"920260603-1100-동대문구-국민의힘-1-1","party-doc:920260603:동대문구:국민의힘:1","1100","서울특별시","920260603","기초의원비례대표선거","동대문구","","","국민의힘","1","비례대표 정당 제출자료","https://policy.nec.go.kr/plc/common/downloadFile.do?requestedFileName=20260603_%EB%8F%99%EB%8C%80%EB%AC%B8%EA%B5%AC_%EA%B5%AD%EB%AF%BC%EC%9D%98%ED%9E%98_%EB%B9%84%EB%A1%80%EB%8C%80%ED%91%9C%20%EC%A0%95%EB%8B%B9%20%EC%A0%9C%EC%B6%9C%EC%9E%90%EB%A3%8C.pdf&requestedFullPath=20260603/PDF/PBINFO_PUB/1106/003_200_20260522_2.pdf","20260603/PDF/PBINFO_PUB/1106/003_200_20260522_2.pdf","supplements/official_gap_recovery_2026/direct_nec_downloads/markdown/920260603-1100-동대문구-국민의힘-1-1.md","https://github.com/treylom/opencrab-nec-2026-local-election-data/blob/main/supplements/official_gap_recovery_2026/direct_nec_downloads/markdown/920260603-1100-동대문구-국민의힘-1-1.md","ok","pymupdf","ok","8","2910","5781259","pack_stale_currently_available_direct_nec_recovered"
"920260603-1100-종로구-국민의힘-1-1","party-doc:920260603:종로구:국민의힘:1","1100","서울특별시","920260603","기초의원비례대표선거","종로구","","","국민의힘","1","비례대표 정당 제출자료","https://policy.nec.go.kr/plc/common/downloadFile.do?requestedFileName=20260603_%EC%A2%85%EB%A1%9C%EA%B5%AC_%EA%B5%AD%EB%AF%BC%EC%9D%98%ED%9E%98_%EB%B9%84%EB%A1%80%EB%8C%80%ED%91%9C%20%EC%A0%95%EB%8B%B9%20%EC%A0%9C%EC%B6%9C%EC%9E%90%EB%A3%8C.pdf&requestedFullPath=20260603/PDF/PBINFO_PUB/1101/003_200_20260523_1.pdf","20260603/PDF/PBINFO_PUB/1101/003_200_20260523_1.pdf","supplements/official_gap_recovery_2026/direct_nec_downloads/markdown/920260603-1100-종로구-국민의힘-1-1.md","https://github.com/treylom/opencrab-nec-2026-local-election-data/blob/main/supplements/official_gap_recovery_2026/direct_nec_downloads/markdown/920260603-1100-종로구-국민의힘-1-1.md","ok","pymupdf","ok","8","2815","5758139","pack_stale_currently_available_direct_nec_recovered"
"920260603-1100-강서구-국민의힘-1-1","party-doc:920260603:강서구:국민의힘:1","1100","서울특별시","920260603","기초의원비례대표선거","강서구","","","국민의힘","1","비례대표 정당 제출자료","https://policy.nec.go.kr/plc/common/downloadFile.do?requestedFileName=20260603_%EA%B0%95%EC%84%9C%EA%B5%AC_%EA%B5%AD%EB%AF%BC%EC%9D%98%ED%9E%98_%EB%B9%84%EB%A1%80%EB%8C%80%ED%91%9C%20%EC%A0%95%EB%8B%B9%20%EC%A0%9C%EC%B6%9C%EC%9E%90%EB%A3%8C.pdf&requestedFullPath=20260603/PDF/PBINFO_PUB/1116/003_200_20260525_1.pdf","20260603/PDF/PBINFO_PUB/1116/003_200_20260525_1.pdf","supplements/official_gap_recovery_2026/direct_nec_downloads/markdown/920260603-1100-강서구-국민의힘-1-1.md","https://github.com/treylom/opencrab-nec-2026-local-election-data/blob/main/supplements/official_gap_recovery_2026/direct_nec_downloads/markdown/920260603-1100-강서구-국민의힘-1-1.md","ok","pymupdf","ok","8","3073","6046068","pack_stale_currently_available_direct_nec_recovered"
"920260603-1100-강남구-국민의힘-1-1","party-doc:920260603:강남구:국민의힘:1","1100","서울특별시","920260603","기초의원비례대표선거","강남구","","","국민의힘","1","비례대표 정당 제출자료","https://policy.nec.go.kr/plc/common/downloadFile.do?requestedFileName=20260603_%EA%B0%95%EB%82%A8%EA%B5%AC_%EA%B5%AD%EB%AF%BC%EC%9D%98%ED%9E%98_%EB%B9%84%EB%A1%80%EB%8C%80%ED%91%9C%20%EC%A0%95%EB%8B%B9%20%EC%A0%9C%EC%B6%9C%EC%9E%90%EB%A3%8C.pdf&requestedFullPath=20260603/PDF/PBINFO_PUB/1123/003_200_20260523_1.pdf","20260603/PDF/PBINFO_PUB/1123/003_200_20260523_1.pdf","supplements/official_gap_recovery_2026/direct_nec_downloads/markdown/920260603-1100-강남구-국민의힘-1-1.md","https://github.com/treylom/opencrab-nec-2026-local-election-data/blob/main/supplements/official_gap_recovery_2026/direct_nec_downloads/markdown/920260603-1100-강남구-국민의힘-1-1.md","ok","pymupdf","ok","8","2986","5813302","pack_stale_currently_available_direct_nec_recovered"
"920260603-1100-은평구-국민의힘-1-1","party-doc:920260603:은평구:국민의힘:1","1100","서울특별시","920260603","기초의원비례대표선거","은평구","","","국민의힘","1","비례대표 정당 제출자료","https://policy.nec.go.kr/plc/common/downloadFile.do?requestedFileName=20260603_%EC%9D%80%ED%8F%89%EA%B5%AC_%EA%B5%AD%EB%AF%BC%EC%9D%98%ED%9E%98_%EB%B9%84%EB%A1%80%EB%8C%80%ED%91%9C%20%EC%A0%95%EB%8B%B9%20%EC%A0%9C%EC%B6%9C%EC%9E%90%EB%A3%8C.pdf&requestedFullPath=20260603/PDF/PBINFO_PUB/1112/003_200_20260521_1.pdf","20260603/PDF/PBINFO_PUB/1112/003_200_20260521_1.pdf","supplements/official_gap_recovery_2026/direct_nec_downloads/markdown/920260603-1100-은평구-국민의힘-1-1.md","https://github.com/treylom/opencrab-nec-2026-local-election-data/blob/main/supplements/official_gap_recovery_2026/direct_nec_downloads/markdown/920260603-1100-은평구-국민의힘-1-1.md","ok","pymupdf","ok","8","2945","5786436","pack_stale_currently_available_direct_nec_recovered"
"920260603-1100-강동구-국민의힘-1-1","party-doc:920260603:강동구:국민의힘:1","1100","서울특별시","920260603","기초의원비례대표선거","강동구","","","국민의힘","1","비례대표 정당 제출자료","https://policy.nec.go.kr/plc/common/downloadFile.do?requestedFileName=20260603_%EA%B0%95%EB%8F%99%EA%B5%AC_%EA%B5%AD%EB%AF%BC%EC%9D%98%ED%9E%98_%EB%B9%84%EB%A1%80%EB%8C%80%ED%91%9C%20%EC%A0%95%EB%8B%B9%20%EC%A0%9C%EC%B6%9C%EC%9E%90%EB%A3%8C.pdf&requestedFullPath=20260603/PDF/PBINFO_PUB/1125/003_200_20260524_1.pdf","20260603/PDF/PBINFO_PUB/1125/003_200_20260524_1.pdf","supplements/official_gap_recovery_2026/direct_nec_downloads/markdown/920260603-1100-강동구-국민의힘-1-1.md","https://github.com/treylom/opencrab-nec-2026-local-election-data/blob/main/supplements/official_gap_recovery_2026/direct_nec_downloads/markdown/920260603-1100-강동구-국민의힘-1-1.md","ok","pymupdf","ok","8","2849","5579685","pack_stale_currently_available_direct_nec_recovered"
"920260603-2600-영도구-더불어민주당-1-1","party-doc:920260603:영도구:더불어민주당:1","2600","부산광역시","920260603","기초의원비례대표선거","영도구","","","더불어민주당","1","비례대표 정당 제출자료","https://policy.nec.go.kr/plc/common/downloadFile.do?requestedFileName=20260603_%EC%98%81%EB%8F%84%EA%B5%AC_%EB%8D%94%EB%B6%88%EC%96%B4%EB%AF%BC%EC%A3%BC%EB%8B%B9_%EB%B9%84%EB%A1%80%EB%8C%80%ED%91%9C%20%EC%A0%95%EB%8B%B9%20%EC%A0%9C%EC%B6%9C%EC%9E%90%EB%A3%8C.pdf&requestedFullPath=20260603/PDF/PBINFO_PUB/2604/003_100_20260522_1.pdf","20260603/PDF/PBINFO_PUB/2604/003_100_20260522_1.pdf","supplements/official_gap_recovery_2026/direct_nec_downloads/markdown/920260603-2600-영도구-더불어민주당-1-1.md","https://github.com/treylom/opencrab-nec-2026-local-election-data/blob/main/supplements/official_gap_recovery_2026/direct_nec_downloads/markdown/920260603-2600-영도구-더불어민주당-1-1.md","ok","pymupdf","ok","2","880","1977104","pack_stale_currently_available_direct_nec_recovered"
"920260603-2600-서구-더불어민주당-1-1","party-doc:920260603:서구:더불어민주당:1","2600","부산광역시","920260603","기초의원비례대표선거","서구","","","더불어민주당","1","비례대표 정당 제출자료","https://policy.nec.go.kr/plc/common/downloadFile.do?requestedFileName=20260603_%EC%84%9C%EA%B5%AC_%EB%8D%94%EB%B6%88%EC%96%B4%EB%AF%BC%EC%A3%BC%EB%8B%B9_%EB%B9%84%EB%A1%80%EB%8C%80%ED%91%9C%20%EC%A0%95%EB%8B%B9%20%EC%A0%9C%EC%B6%9C%EC%9E%90%EB%A3%8C.pdf&requestedFullPath=20260603/PDF/PBINFO_PUB/2602/003_100_20260519_1.pdf","20260603/PDF/PBINFO_PUB/2602/003_100_20260519_1.pdf","supplements/official_gap_recovery_2026/direct_nec_downloads/markdown/920260603-2600-서구-더불어민주당-1-1.md","https://github.com/treylom/opencrab-nec-2026-local-election-data/blob/main/supplements/official_gap_recovery_2026/direct_nec_downloads/markdown/920260603-2600-서구-더불어민주당-1-1.md","ok","pymupdf","ok","2","789","1849904","pack_stale_currently_available_direct_nec_recovered"
"920260603-2600-부산진구-더불어민주당-1-1","party-doc:920260603:부산진구:더불어민주당:1","2600","부산광역시","920260603","기초의원비례대표선거","부산진구","","","더불어민주당","1","비례대표 정당 제출자료","https://policy.nec.go.kr/plc/common/downloadFile.do?requestedFileName=20260603_%EB%B6%80%EC%82%B0%EC%A7%84%EA%B5%AC_%EB%8D%94%EB%B6%88%EC%96%B4%EB%AF%BC%EC%A3%BC%EB%8B%B9_%EB%B9%84%EB%A1%80%EB%8C%80%ED%91%9C%20%EC%A0%95%EB%8B%B9%20%EC%A0%9C%EC%B6%9C%EC%9E%90%EB%A3%8C.pdf&requestedFullPath=20260603/PDF/PBINFO_PUB/2605/003_100_20260519_1.pdf","20260603/PDF/PBINFO_PUB/2605/003_100_20260519_1.pdf","supplements/official_gap_recovery_2026/direct_nec_downloads/markdown/920260603-2600-부산진구-더불어민주당-1-1.md","https://github.com/treylom/opencrab-nec-2026-local-election-data/blob/main/supplements/official_gap_recovery_2026/direct_nec_downloads/markdown/920260603-2600-부산진구-더불어민주당-1-1.md","ok","pymupdf","ok","4","1401","3355415","pack_stale_currently_available_direct_nec_recovered"
"920260603-2600-기장군-더불어민주당-1-1","party-doc:920260603:기장군:더불어민주당:1","2600","부산광역시","920260603","기초의원비례대표선거","기장군","","","더불어민주당","1","비례대표 정당 제출자료","https://policy.nec.go.kr/plc/common/downloadFile.do?requestedFileName=20260603_%EA%B8%B0%EC%9E%A5%EA%B5%B0_%EB%8D%94%EB%B6%88%EC%96%B4%EB%AF%BC%EC%A3%BC%EB%8B%B9_%EB%B9%84%EB%A1%80%EB%8C%80%ED%91%9C%20%EC%A0%95%EB%8B%B9%20%EC%A0%9C%EC%B6%9C%EC%9E%90%EB%A3%8C.pdf&requestedFullPath=20260603/PDF/PBINFO_PUB/2610/003_100_20260522_1.pdf","20260603/PDF/PBINFO_PUB/2610/003_100_20260522_1.pdf","supplements/official_gap_recovery_2026/direct_nec_downloads/markdown/920260603-2600-기장군-더불어민주당-1-1.md","https://github.com/treylom/opencrab-nec-2026-local-election-data/blob/main/supplements/official_gap_recovery_2026/direct_nec_downloads/markdown/920260603-2600-기장군-더불어민주당-1-1.md","ok","pymupdf","ok","2","640","1864510","pack_stale_currently_available_direct_nec_recovered"
"920260603-2600-중구-더불어민주당-1-1","party-doc:920260603:중구:더불어민주당:1","2600","부산광역시","920260603","기초의원비례대표선거","중구","","","더불어민주당","1","비례대표 정당 제출자료","https://policy.nec.go.kr/plc/common/downloadFile.do?requestedFileName=20260603_%EC%A4%91%EA%B5%AC_%EB%8D%94%EB%B6%88%EC%96%B4%EB%AF%BC%EC%A3%BC%EB%8B%B9_%EB%B9%84%EB%A1%80%EB%8C%80%ED%91%9C%20%EC%A0%95%EB%8B%B9%20%EC%A0%9C%EC%B6%9C%EC%9E%90%EB%A3%8C.pdf&requestedFullPath=20260603/PDF/PBINFO_PUB/2601/003_100_20260519_1.pdf","20260603/PDF/PBINFO_PUB/2601/003_100_20260519_1.pdf","supplements/official_gap_recovery_2026/direct_nec_downloads/markdown/920260603-2600-중구-더불어민주당-1-1.md","https://github.com/treylom/opencrab-nec-2026-local-election-data/blob/main/supplements/official_gap_recovery_2026/direct_nec_downloads/markdown/920260603-2600-중구-더불어민주당-1-1.md","ok","pymupdf","ok","2","743","2029357","pack_stale_currently_available_direct_nec_recovered"
"920260603-2600-수영구-더불어민주당-1-1","party-doc:920260603:수영구:더불어민주당:1","2600","부산광역시","920260603","기초의원비례대표선거","수영구","","","더불어민주당","1","비례대표 정당 제출자료","https://policy.nec.go.kr/plc/common/downloadFile.do?requestedFileName=20260603_%EC%88%98%EC%98%81%EA%B5%AC_%EB%8D%94%EB%B6%88%EC%96%B4%EB%AF%BC%EC%A3%BC%EB%8B%B9_%EB%B9%84%EB%A1%80%EB%8C%80%ED%91%9C%20%EC%A0%95%EB%8B%B9%20%EC%A0%9C%EC%B6%9C%EC%9E%90%EB%A3%8C.pdf&requestedFullPath=20260603/PDF/PBINFO_PUB/2615/003_100_20260523_1.pdf","20260603/PDF/PBINFO_PUB/2615/003_100_20260523_1.pdf","supplements/official_gap_recovery_2026/direct_nec_downloads/markdown/920260603-2600-수영구-더불어민주당-1-1.md","https://github.com/treylom/opencrab-nec-2026-local-election-data/blob/main/supplements/official_gap_recovery_2026/direct_nec_downloads/markdown/920260603-2600-수영구-더불어민주당-1-1.md","ok","pymupdf","ok","2","815","1987728","pack_stale_currently_available_direct_nec_recovered"
"920260603-2600-사상구-더불어민주당-1-1","party-doc:920260603:사상구:더불어민주당:1","2600","부산광역시","920260603","기초의원비례대표선거","사상구","","","더불어민주당","1","비례대표 정당 제출자료","https://policy.nec.go.kr/plc/common/downloadFile.do?requestedFileName=20260603_%EC%82%AC%EC%83%81%EA%B5%AC_%EB%8D%94%EB%B6%88%EC%96%B4%EB%AF%BC%EC%A3%BC%EB%8B%B9_%EB%B9%84%EB%A1%80%EB%8C%80%ED%91%9C%20%EC%A0%95%EB%8B%B9%20%EC%A0%9C%EC%B6%9C%EC%9E%90%EB%A3%8C.pdf&requestedFullPath=20260603/PDF/PBINFO_PUB/2616/003_100_20260523_1.pdf","20260603/PDF/PBINFO_PUB/2616/003_100_20260523_1.pdf","supplements/official_gap_recovery_2026/direct_nec_downloads/markdown/920260603-2600-사상구-더불어민주당-1-1.md","https://github.com/treylom/opencrab-nec-2026-local-election-data/blob/main/supplements/official_gap_recovery_2026/direct_nec_downloads/markdown/920260603-2600-사상구-더불어민주당-1-1.md","ok","pymupdf","ok","2","752","1855499","pack_stale_currently_available_direct_nec_recovered"
"920260603-2600-사하구-더불어민주당-1-1","party-doc:920260603:사하구:더불어민주당:1","2600","부산광역시","920260603","기초의원비례대표선거","사하구","","","더불어민주당","1","비례대표 정당 제출자료","https://policy.nec.go.kr/plc/common/downloadFile.do?requestedFileName=20260603_%EC%82%AC%ED%95%98%EA%B5%AC_%EB%8D%94%EB%B6%88%EC%96%B4%EB%AF%BC%EC%A3%BC%EB%8B%B9_%EB%B9%84%EB%A1%80%EB%8C%80%ED%91%9C%20%EC%A0%95%EB%8B%B9%20%EC%A0%9C%EC%B6%9C%EC%9E%90%EB%A3%8C.pdf&requestedFullPath=20260603/PDF/PBINFO_PUB/2611/003_100_20260523_1.pdf","20260603/PDF/PBINFO_PUB/2611/003_100_20260523_1.pdf","supplements/official_gap_recovery_2026/direct_nec_downloads/markdown/920260603-2600-사하구-더불어민주당-1-1.md","https://github.com/treylom/opencrab-nec-2026-local-election-data/blob/main/supplements/official_gap_recovery_2026/direct_nec_downloads/markdown/920260603-2600-사하구-더불어민주당-1-1.md","ok","pymupdf","ok","4","1017","3670679","pack_stale_currently_available_direct_nec_recovered"
"920260603-2600-강서구-더불어민주당-1-1","party-doc:920260603:강서구:더불어민주당:1","2600","부산광역시","920260603","기초의원비례대표선거","강서구","","","더불어민주당","1","비례대표 정당 제출자료","https://policy.nec.go.kr/plc/common/downloadFile.do?requestedFileName=20260603_%EA%B0%95%EC%84%9C%EA%B5%AC_%EB%8D%94%EB%B6%88%EC%96%B4%EB%AF%BC%EC%A3%BC%EB%8B%B9_%EB%B9%84%EB%A1%80%EB%8C%80%ED%91%9C%20%EC%A0%95%EB%8B%B9%20%EC%A0%9C%EC%B6%9C%EC%9E%90%EB%A3%8C.pdf&requestedFullPath=20260603/PDF/PBINFO_PUB/2613/003_100_20260519_1.pdf","20260603/PDF/PBINFO_PUB/2613/003_100_20260519_1.pdf","supplements/official_gap_recovery_2026/direct_nec_downloads/markdown/920260603-2600-강서구-더불어민주당-1-1.md","https://github.com/treylom/opencrab-nec-2026-local-election-data/blob/main/supplements/official_gap_recovery_2026/direct_nec_downloads/markdown/920260603-2600-강서구-더불어민주당-1-1.md","ok","pymupdf","ok","2","691","934723","pack_stale_currently_available_direct_nec_recovered"
"920260603-2600-동구-더불어민주당-1-1","party-doc:920260603:동구:더불어민주당:1","2600","부산광역시","920260603","기초의원비례대표선거","동구","","","더불어민주당","1","비례대표 정당 제출자료","https://policy.nec.go.kr/plc/common/downloadFile.do?requestedFileName=20260603_%EB%8F%99%EA%B5%AC_%EB%8D%94%EB%B6%88%EC%96%B4%EB%AF%BC%EC%A3%BC%EB%8B%B9_%EB%B9%84%EB%A1%80%EB%8C%80%ED%91%9C%20%EC%A0%95%EB%8B%B9%20%EC%A0%9C%EC%B6%9C%EC%9E%90%EB%A3%8C.pdf&requestedFullPath=20260603/PDF/PBINFO_PUB/2603/003_100_20260523_1.pdf","20260603/PDF/PBINFO_PUB/2603/003_100_20260523_1.pdf","supplements/official_gap_recovery_2026/direct_nec_downloads/markdown/920260603-2600-동구-더불어민주당-1-1.md","https://github.com/treylom/opencrab-nec-2026-local-election-data/blob/main/supplements/official_gap_recovery_2026/direct_nec_downloads/markdown/920260603-2600-동구-더불어민주당-1-1.md","ok","pymupdf","ok","2","566","1939881","pack_stale_currently_available_direct_nec_recovered"
"920260603-2600-영도구-국민의힘-1-1","party-doc:920260603:영도구:국민의힘:1","2600","부산광역시","920260603","기초의원비례대표선거","영도구","","","국민의힘","1","비례대표 정당 제출자료","https://policy.nec.go.kr/plc/common/downloadFile.do?requestedFileName=20260603_%EC%98%81%EB%8F%84%EA%B5%AC_%EA%B5%AD%EB%AF%BC%EC%9D%98%ED%9E%98_%EB%B9%84%EB%A1%80%EB%8C%80%ED%91%9C%20%EC%A0%95%EB%8B%B9%20%EC%A0%9C%EC%B6%9C%EC%9E%90%EB%A3%8C.pdf&requestedFullPath=20260603/PDF/PBINFO_PUB/2604/003_200_20260522_1.pdf","20260603/PDF/PBINFO_PUB/2604/003_200_20260522_1.pdf","supplements/official_gap_recovery_2026/direct_nec_downloads/markdown/920260603-2600-영도구-국민의힘-1-1.md","https://github.com/treylom/opencrab-nec-2026-local-election-data/blob/main/supplements/official_gap_recovery_2026/direct_nec_downloads/markdown/920260603-2600-영도구-국민의힘-1-1.md","ok","pymupdf","ok","2","246","5600900","pack_stale_currently_available_direct_nec_recovered"
"920260603-2600-부산진구-국민의힘-1-1","party-doc:920260603:부산진구:국민의힘:1","2600","부산광역시","920260603","기초의원비례대표선거","부산진구","","","국민의힘","1","비례대표 정당 제출자료","https://policy.nec.go.kr/plc/common/downloadFile.do?requestedFileName=20260603_%EB%B6%80%EC%82%B0%EC%A7%84%EA%B5%AC_%EA%B5%AD%EB%AF%BC%EC%9D%98%ED%9E%98_%EB%B9%84%EB%A1%80%EB%8C%80%ED%91%9C%20%EC%A0%95%EB%8B%B9%20%EC%A0%9C%EC%B6%9C%EC%9E%90%EB%A3%8C.pdf&requestedFullPath=20260603/PDF/PBINFO_PUB/2605/003_200_20260523_1.pdf","20260603/PDF/PBINFO_PUB/2605/003_200_20260523_1.pdf","supplements/official_gap_recovery_2026/direct_nec_downloads/markdown/920260603-2600-부산진구-국민의힘-1-1.md","https://github.com/treylom/opencrab-nec-2026-local-election-data/blob/main/supplements/official_gap_recovery_2026/direct_nec_downloads/markdown/920260603-2600-부산진구-국민의힘-1-1.md","ok","pymupdf","ok","2","817","1989566","pack_stale_currently_available_direct_nec_recovered"
"920260603-2600-중구-국민의힘-1-1","party-doc:920260603:중구:국민의힘:1","2600","부산광역시","920260603","기초의원비례대표선거","중구","","","국민의힘","1","비례대표 정당 제출자료","https://policy.nec.go.kr/plc/common/downloadFile.do?requestedFileName=20260603_%EC%A4%91%EA%B5%AC_%EA%B5%AD%EB%AF%BC%EC%9D%98%ED%9E%98_%EB%B9%84%EB%A1%80%EB%8C%80%ED%91%9C%20%EC%A0%95%EB%8B%B9%20%EC%A0%9C%EC%B6%9C%EC%9E%90%EB%A3%8C.pdf&requestedFullPath=20260603/PDF/PBINFO_PUB/2601/003_200_20260523_1.pdf","20260603/PDF/PBINFO_PUB/2601/003_200_20260523_1.pdf","supplements/official_gap_recovery_2026/direct_nec_downloads/markdown/920260603-2600-중구-국민의힘-1-1.md","https://github.com/treylom/opencrab-nec-2026-local-election-data/blob/main/supplements/official_gap_recovery_2026/direct_nec_downloads/markdown/920260603-2600-중구-국민의힘-1-1.md","ok","pymupdf","ok","2","348","5666932","pack_stale_currently_available_direct_nec_recovered"
"920260603-2600-동구-국민의힘-1-1","party-doc:920260603:동구:국민의힘:1","2600","부산광역시","920260603","기초의원비례대표선거","동구","","","국민의힘","1","비례대표 정당 제출자료","https://policy.nec.go.kr/plc/common/downloadFile.do?requestedFileName=20260603_%EB%8F%99%EA%B5%AC_%EA%B5%AD%EB%AF%BC%EC%9D%98%ED%9E%98_%EB%B9%84%EB%A1%80%EB%8C%80%ED%91%9C%20%EC%A0%95%EB%8B%B9%20%EC%A0%9C%EC%B6%9C%EC%9E%90%EB%A3%8C.pdf&requestedFullPath=20260603/PDF/PBINFO_PUB/2603/003_200_20260523_1.pdf","20260603/PDF/PBINFO_PUB/2603/003_200_20260523_1.pdf","supplements/official_gap_recovery_2026/direct_nec_downloads/markdown/920260603-2600-동구-국민의힘-1-1.md","https://github.com/treylom/opencrab-nec-2026-local-election-data/blob/main/supplements/official_gap_recovery_2026/direct_nec_downloads/markdown/920260603-2600-동구-국민의힘-1-1.md","ok","pymupdf","suspiciously_short_text","2","24","6060789","pack_stale_currently_available_direct_nec_recovered"
"920260603-2600-기장군-국민의힘-1-1","party-doc:920260603:기장군:국민의힘:1","2600","부산광역시","920260603","기초의원비례대표선거","기장군","","","국민의힘","1","비례대표 정당 제출자료","https://policy.nec.go.kr/plc/common/downloadFile.do?requestedFileName=20260603_%EA%B8%B0%EC%9E%A5%EA%B5%B0_%EA%B5%AD%EB%AF%BC%EC%9D%98%ED%9E%98_%EB%B9%84%EB%A1%80%EB%8C%80%ED%91%9C%20%EC%A0%95%EB%8B%B9%20%EC%A0%9C%EC%B6%9C%EC%9E%90%EB%A3%8C.pdf&requestedFullPath=20260603/PDF/PBINFO_PUB/2610/003_200_20260522_1.pdf","20260603/PDF/PBINFO_PUB/2610/003_200_20260522_1.pdf","supplements/official_gap_recovery_2026/direct_nec_downloads/markdown/920260603-2600-기장군-국민의힘-1-1.md","https://github.com/treylom/opencrab-nec-2026-local-election-data/blob/main/supplements/official_gap_recovery_2026/direct_nec_downloads/markdown/920260603-2600-기장군-국민의힘-1-1.md","ok","pymupdf","ok","2","961","477475","pack_stale_currently_available_direct_nec_recovered"
"920260603-2600-사하구-국민의힘-1-1","party-doc:920260603:사하구:국민의힘:1","2600","부산광역시","920260603","기초의원비례대표선거","사하구","","","국민의힘","1","비례대표 정당 제출자료","https://policy.nec.go.kr/plc/common/downloadFile.do?requestedFileName=20260603_%EC%82%AC%ED%95%98%EA%B5%AC_%EA%B5%AD%EB%AF%BC%EC%9D%98%ED%9E%98_%EB%B9%84%EB%A1%80%EB%8C%80%ED%91%9C%20%EC%A0%95%EB%8B%B9%20%EC%A0%9C%EC%B6%9C%EC%9E%90%EB%A3%8C.pdf&requestedFullPath=20260603/PDF/PBINFO_PUB/2611/003_200_20260523_1.pdf","20260603/PDF/PBINFO_PUB/2611/003_200_20260523_1.pdf","supplements/official_gap_recovery_2026/direct_nec_downloads/markdown/920260603-2600-사하구-국민의힘-1-1.md","https://github.com/treylom/opencrab-nec-2026-local-election-data/blob/main/supplements/official_gap_recovery_2026/direct_nec_downloads/markdown/920260603-2600-사하구-국민의힘-1-1.md","ok","pymupdf","suspiciously_short_text","2","24","2797205","pack_stale_currently_available_direct_nec_recovered"
"920260603-2600-사상구-국민의힘-1-1","party-doc:920260603:사상구:국민의힘:1","2600","부산광역시","920260603","기초의원비례대표선거","사상구","","","국민의힘","1","비례대표 정당 제출자료","https://policy.nec.go.kr/plc/common/downloadFile.do?requestedFileName=20260603_%EC%82%AC%EC%83%81%EA%B5%AC_%EA%B5%AD%EB%AF%BC%EC%9D%98%ED%9E%98_%EB%B9%84%EB%A1%80%EB%8C%80%ED%91%9C%20%EC%A0%95%EB%8B%B9%20%EC%A0%9C%EC%B6%9C%EC%9E%90%EB%A3%8C.pdf&requestedFullPath=20260603/PDF/PBINFO_PUB/2616/003_200_20260525_2.pdf","20260603/PDF/PBINFO_PUB/2616/003_200_20260525_2.pdf","supplements/official_gap_recovery_2026/direct_nec_downloads/markdown/920260603-2600-사상구-국민의힘-1-1.md","https://github.com/treylom/opencrab-nec-2026-local-election-data/blob/main/supplements/official_gap_recovery_2026/direct_nec_downloads/markdown/920260603-2600-사상구-국민의힘-1-1.md","ok","pymupdf","ok","2","445","233996","pack_stale_currently_available_direct_nec_recovered"
"920260603-2600-강서구-국민의힘-1-1","party-doc:920260603:강서구:국민의힘:1","2600","부산광역시","920260603","기초의원비례대표선거","강서구","","","국민의힘","1","비례대표 정당 제출자료","https://policy.nec.go.kr/plc/common/downloadFile.do?requestedFileName=20260603_%EA%B0%95%EC%84%9C%EA%B5%AC_%EA%B5%AD%EB%AF%BC%EC%9D%98%ED%9E%98_%EB%B9%84%EB%A1%80%EB%8C%80%ED%91%9C%20%EC%A0%95%EB%8B%B9%20%EC%A0%9C%EC%B6%9C%EC%9E%90%EB%A3%8C.pdf&requestedFullPath=20260603/PDF/PBINFO_PUB/2613/003_200_20260522_1.pdf","20260603/PDF/PBINFO_PUB/2613/003_200_20260522_1.pdf","supplements/official_gap_recovery_2026/direct_nec_downloads/markdown/920260603-2600-강서구-국민의힘-1-1.md","https://github.com/treylom/opencrab-nec-2026-local-election-data/blob/main/supplements/official_gap_recovery_2026/direct_nec_downloads/markdown/920260603-2600-강서구-국민의힘-1-1.md","ok","pymupdf","ok","4","2608","4862918","pack_stale_currently_available_direct_nec_recovered"
"920260603-2700-남구-더불어민주당-1-1","party-doc:920260603:남구:더불어민주당:1","2700","대구광역시","920260603","기초의원비례대표선거","남구","","","더불어민주당","1","비례대표 정당 제출자료","https://policy.nec.go.kr/plc/common/downloadFile.do?requestedFileName=20260603_%EB%82%A8%EA%B5%AC_%EB%8D%94%EB%B6%88%EC%96%B4%EB%AF%BC%EC%A3%BC%EB%8B%B9_%EB%B9%84%EB%A1%80%EB%8C%80%ED%91%9C%20%EC%A0%95%EB%8B%B9%20%EC%A0%9C%EC%B6%9C%EC%9E%90%EB%A3%8C.pdf&requestedFullPath=20260603/PDF/PBINFO_PUB/2704/003_100_20260519_1.pdf","20260603/PDF/PBINFO_PUB/2704/003_100_20260519_1.pdf","supplements/official_gap_recovery_2026/direct_nec_downloads/markdown/920260603-2700-남구-더불어민주당-1-1.md","https://github.com/treylom/opencrab-nec-2026-local-election-data/blob/main/supplements/official_gap_recovery_2026/direct_nec_downloads/markdown/920260603-2700-남구-더불어민주당-1-1.md","ok","pymupdf","ok","4","1083","1053537","pack_stale_currently_available_direct_nec_recovered"
"920260603-2700-동구-더불어민주당-1-1","party-doc:920260603:동구:더불어민주당:1","2700","대구광역시","920260603","기초의원비례대표선거","동구","","","더불어민주당","1","비례대표 정당 제출자료","https://policy.nec.go.kr/plc/common/downloadFile.do?requestedFileName=20260603_%EB%8F%99%EA%B5%AC_%EB%8D%94%EB%B6%88%EC%96%B4%EB%AF%BC%EC%A3%BC%EB%8B%B9_%EB%B9%84%EB%A1%80%EB%8C%80%ED%91%9C%20%EC%A0%95%EB%8B%B9%20%EC%A0%9C%EC%B6%9C%EC%9E%90%EB%A3%8C.pdf&requestedFullPath=20260603/PDF/PBINFO_PUB/2702/003_100_20260518_1.pdf","20260603/PDF/PBINFO_PUB/2702/003_100_20260518_1.pdf","supplements/official_gap_recovery_2026/direct_nec_downloads/markdown/920260603-2700-동구-더불어민주당-1-1.md","https://github.com/treylom/opencrab-nec-2026-local-election-data/blob/main/supplements/official_gap_recovery_2026/direct_nec_downloads/markdown/920260603-2700-동구-더불어민주당-1-1.md","ok","pymupdf","ok","4","902","1047441","pack_stale_currently_available_direct_nec_recovered"
"920260603-2700-수성구-더불어민주당-1-1","party-doc:920260603:수성구:더불어민주당:1","2700","대구광역시","920260603","기초의원비례대표선거","수성구","","","더불어민주당","1","비례대표 정당 제출자료","https://policy.nec.go.kr/plc/common/downloadFile.do?requestedFileName=20260603_%EC%88%98%EC%84%B1%EA%B5%AC_%EB%8D%94%EB%B6%88%EC%96%B4%EB%AF%BC%EC%A3%BC%EB%8B%B9_%EB%B9%84%EB%A1%80%EB%8C%80%ED%91%9C%20%EC%A0%95%EB%8B%B9%20%EC%A0%9C%EC%B6%9C%EC%9E%90%EB%A3%8C.pdf&requestedFullPath=20260603/PDF/PBINFO_PUB/2706/003_100_20260523_1.pdf","20260603/PDF/PBINFO_PUB/2706/003_100_20260523_1.pdf","supplements/official_gap_recovery_2026/direct_nec_downloads/markdown/920260603-2700-수성구-더불어민주당-1-1.md","https://github.com/treylom/opencrab-nec-2026-local-election-data/blob/main/supplements/official_gap_recovery_2026/direct_nec_downloads/markdown/920260603-2700-수성구-더불어민주당-1-1.md","ok","pymupdf","ok","4","974","1063230","pack_stale_currently_available_direct_nec_recovered"
"920260603-2700-중구-더불어민주당-1-1","party-doc:920260603:중구:더불어민주당:1","2700","대구광역시","920260603","기초의원비례대표선거","중구","","","더불어민주당","1","비례대표 정당 제출자료","https://policy.nec.go.kr/plc/common/downloadFile.do?requestedFileName=20260603_%EC%A4%91%EA%B5%AC_%EB%8D%94%EB%B6%88%EC%96%B4%EB%AF%BC%EC%A3%BC%EB%8B%B9_%EB%B9%84%EB%A1%80%EB%8C%80%ED%91%9C%20%EC%A0%95%EB%8B%B9%20%EC%A0%9C%EC%B6%9C%EC%9E%90%EB%A3%8C.pdf&requestedFullPath=20260603/PDF/PBINFO_PUB/2701/003_100_20260518_1.pdf","20260603/PDF/PBINFO_PUB/2701/003_100_20260518_1.pdf","supplements/official_gap_recovery_2026/direct_nec_downloads/markdown/920260603-2700-중구-더불어민주당-1-1.md","https://github.com/treylom/opencrab-nec-2026-local-election-data/blob/main/supplements/official_gap_recovery_2026/direct_nec_downloads/markdown/920260603-2700-중구-더불어민주당-1-1.md","ok","pymupdf","ok","4","1027","1051769","pack_stale_currently_available_direct_nec_recovered"
"920260603-2700-서구-더불어민주당-1-1","party-doc:920260603:서구:더불어민주당:1","2700","대구광역시","920260603","기초의원비례대표선거","서구","","","더불어민주당","1","비례대표 정당 제출자료","https://policy.nec.go.kr/plc/common/downloadFile.do?requestedFileName=20260603_%EC%84%9C%EA%B5%AC_%EB%8D%94%EB%B6%88%EC%96%B4%EB%AF%BC%EC%A3%BC%EB%8B%B9_%EB%B9%84%EB%A1%80%EB%8C%80%ED%91%9C%20%EC%A0%95%EB%8B%B9%20%EC%A0%9C%EC%B6%9C%EC%9E%90%EB%A3%8C.pdf&requestedFullPath=20260603/PDF/PBINFO_PUB/2703/003_100_20260522_1.pdf","20260603/PDF/PBINFO_PUB/2703/003_100_20260522_1.pdf","supplements/official_gap_recovery_2026/direct_nec_downloads/markdown/920260603-2700-서구-더불어민주당-1-1.md","https://github.com/treylom/opencrab-nec-2026-local-election-data/blob/main/supplements/official_gap_recovery_2026/direct_nec_downloads/markdown/920260603-2700-서구-더불어민주당-1-1.md","ok","pymupdf","suspiciously_short_text","2","24","8237980","pack_stale_currently_available_direct_nec_recovered"
"920260603-2800-영종구-더불어민주당-1-1","party-doc:920260603:영종구:더불어민주당:1","2800","인천광역시","920260603","기초의원비례대표선거","영종구","","","더불어민주당","1","비례대표 정당 제출자료","https://policy.nec.go.kr/plc/common/downloadFile.do?requestedFileName=20260603_%EC%98%81%EC%A2%85%EA%B5%AC_%EB%8D%94%EB%B6%88%EC%96%B4%EB%AF%BC%EC%A3%BC%EB%8B%B9_%EB%B9%84%EB%A1%80%EB%8C%80%ED%91%9C%20%EC%A0%95%EB%8B%B9%20%EC%A0%9C%EC%B6%9C%EC%9E%90%EB%A3%8C.pdf&requestedFullPath=20260603/PDF/PBINFO_PUB/2811/003_100_20260516_1.pdf","20260603/PDF/PBINFO_PUB/2811/003_100_20260516_1.pdf","supplements/official_gap_recovery_2026/direct_nec_downloads/markdown/920260603-2800-영종구-더불어민주당-1-1.md","https://github.com/treylom/opencrab-nec-2026-local-election-data/blob/main/supplements/official_gap_recovery_2026/direct_nec_downloads/markdown/920260603-2800-영종구-더불어민주당-1-1.md","ok","pymupdf","ok","8","3168","3268998","pack_stale_currently_available_direct_nec_recovered"
"920260603-2800-계양구-더불어민주당-1-1","party-doc:920260603:계양구:더불어민주당:1","2800","인천광역시","920260603","기초의원비례대표선거","계양구","","","더불어민주당","1","비례대표 정당 제출자료","https://policy.nec.go.kr/plc/common/downloadFile.do?requestedFileName=20260603_%EA%B3%84%EC%96%91%EA%B5%AC_%EB%8D%94%EB%B6%88%EC%96%B4%EB%AF%BC%EC%A3%BC%EB%8B%B9_%EB%B9%84%EB%A1%80%EB%8C%80%ED%91%9C%20%EC%A0%95%EB%8B%B9%20%EC%A0%9C%EC%B6%9C%EC%9E%90%EB%A3%8C.pdf&requestedFullPath=20260603/PDF/PBINFO_PUB/2807/003_100_20260522_1.pdf","20260603/PDF/PBINFO_PUB/2807/003_100_20260522_1.pdf","supplements/official_gap_recovery_2026/direct_nec_downloads/markdown/920260603-2800-계양구-더불어민주당-1-1.md","https://github.com/treylom/opencrab-nec-2026-local-election-data/blob/main/supplements/official_gap_recovery_2026/direct_nec_downloads/markdown/920260603-2800-계양구-더불어민주당-1-1.md","ok","pymupdf","ok","8","3427","4735041","pack_stale_currently_available_direct_nec_recovered"
"920260603-2800-옹진군-더불어민주당-1-1","party-doc:920260603:옹진군:더불어민주당:1","2800","인천광역시","920260603","기초의원비례대표선거","옹진군","","","더불어민주당","1","비례대표 정당 제출자료","https://policy.nec.go.kr/plc/common/downloadFile.do?requestedFileName=20260603_%EC%98%B9%EC%A7%84%EA%B5%B0_%EB%8D%94%EB%B6%88%EC%96%B4%EB%AF%BC%EC%A3%BC%EB%8B%B9_%EB%B9%84%EB%A1%80%EB%8C%80%ED%91%9C%20%EC%A0%95%EB%8B%B9%20%EC%A0%9C%EC%B6%9C%EC%9E%90%EB%A3%8C.pdf&requestedFullPath=20260603/PDF/PBINFO_PUB/2810/003_100_20260520_1.pdf","20260603/PDF/PBINFO_PUB/2810/003_100_20260520_1.pdf","supplements/official_gap_recovery_2026/direct_nec_downloads/markdown/920260603-2800-옹진군-더불어민주당-1-1.md","https://github.com/treylom/opencrab-nec-2026-local-election-data/blob/main/supplements/official_gap_recovery_2026/direct_nec_downloads/markdown/920260603-2800-옹진군-더불어민주당-1-1.md","ok","pymupdf","ok","8","3183","4709885","pack_stale_currently_available_direct_nec_recovered"
"920260603-2800-제물포구-더불어민주당-1-1","party-doc:920260603:제물포구:더불어민주당:1","2800","인천광역시","920260603","기초의원비례대표선거","제물포구","","","더불어민주당","1","비례대표 정당 제출자료","https://policy.nec.go.kr/plc/common/downloadFile.do?requestedFileName=20260603_%EC%A0%9C%EB%AC%BC%ED%8F%AC%EA%B5%AC_%EB%8D%94%EB%B6%88%EC%96%B4%EB%AF%BC%EC%A3%BC%EB%8B%B9_%EB%B9%84%EB%A1%80%EB%8C%80%ED%91%9C%20%EC%A0%95%EB%8B%B9%20%EC%A0%9C%EC%B6%9C%EC%9E%90%EB%A3%8C.pdf&requestedFullPath=20260603/PDF/PBINFO_PUB/2812/003_100_20260521_1.pdf","20260603/PDF/PBINFO_PUB/2812/003_100_20260521_1.pdf","supplements/official_gap_recovery_2026/direct_nec_downloads/markdown/920260603-2800-제물포구-더불어민주당-1-1.md","https://github.com/treylom/opencrab-nec-2026-local-election-data/blob/main/supplements/official_gap_recovery_2026/direct_nec_downloads/markdown/920260603-2800-제물포구-더불어민주당-1-1.md","ok","pymupdf","ok","8","3381","2447174","pack_stale_currently_available_direct_nec_recovered"
"920260603-2800-부평구-더불어민주당-1-1","party-doc:920260603:부평구:더불어민주당:1","2800","인천광역시","920260603","기초의원비례대표선거","부평구","","","더불어민주당","1","비례대표 정당 제출자료","https://policy.nec.go.kr/plc/common/downloadFile.do?requestedFileName=20260603_%EB%B6%80%ED%8F%89%EA%B5%AC_%EB%8D%94%EB%B6%88%EC%96%B4%EB%AF%BC%EC%A3%BC%EB%8B%B9_%EB%B9%84%EB%A1%80%EB%8C%80%ED%91%9C%20%EC%A0%95%EB%8B%B9%20%EC%A0%9C%EC%B6%9C%EC%9E%90%EB%A3%8C.pdf&requestedFullPath=20260603/PDF/PBINFO_PUB/2806/003_100_20260517_1.pdf","20260603/PDF/PBINFO_PUB/2806/003_100_20260517_1.pdf","supplements/official_gap_recovery_2026/direct_nec_downloads/markdown/920260603-2800-부평구-더불어민주당-1-1.md","https://github.com/treylom/opencrab-nec-2026-local-election-data/blob/main/supplements/official_gap_recovery_2026/direct_nec_downloads/markdown/920260603-2800-부평구-더불어민주당-1-1.md","ok","pymupdf","ok","8","3482","4258631","pack_stale_currently_available_direct_nec_recovered"
"920260603-2800-강화군-더불어민주당-1-1","party-doc:920260603:강화군:더불어민주당:1","2800","인천광역시","920260603","기초의원비례대표선거","강화군","","","더불어민주당","1","비례대표 정당 제출자료","https://policy.nec.go.kr/plc/common/downloadFile.do?requestedFileName=20260603_%EA%B0%95%ED%99%94%EA%B5%B0_%EB%8D%94%EB%B6%88%EC%96%B4%EB%AF%BC%EC%A3%BC%EB%8B%B9_%EB%B9%84%EB%A1%80%EB%8C%80%ED%91%9C%20%EC%A0%95%EB%8B%B9%20%EC%A0%9C%EC%B6%9C%EC%9E%90%EB%A3%8C.pdf&requestedFullPath=20260603/PDF/PBINFO_PUB/2809/003_100_20260523_1.pdf","20260603/PDF/PBINFO_PUB/2809/003_100_20260523_1.pdf","supplements/official_gap_recovery_2026/direct_nec_downloads/markdown/920260603-2800-강화군-더불어민주당-1-1.md","https://github.com/treylom/opencrab-nec-2026-local-election-data/blob/main/supplements/official_gap_recovery_2026/direct_nec_downloads/markdown/920260603-2800-강화군-더불어민주당-1-1.md","ok","pymupdf","ok","8","3296","3641135","pack_stale_currently_available_direct_nec_recovered"
"920260603-2800-부평구-국민의힘-1-1","party-doc:920260603:부평구:국민의힘:1","2800","인천광역시","920260603","기초의원비례대표선거","부평구","","","국민의힘","1","비례대표 정당 제출자료","https://policy.nec.go.kr/plc/common/downloadFile.do?requestedFileName=20260603_%EB%B6%80%ED%8F%89%EA%B5%AC_%EA%B5%AD%EB%AF%BC%EC%9D%98%ED%9E%98_%EB%B9%84%EB%A1%80%EB%8C%80%ED%91%9C%20%EC%A0%95%EB%8B%B9%20%EC%A0%9C%EC%B6%9C%EC%9E%90%EB%A3%8C.pdf&requestedFullPath=20260603/PDF/PBINFO_PUB/2806/003_200_20260517_1.pdf","20260603/PDF/PBINFO_PUB/2806/003_200_20260517_1.pdf","supplements/official_gap_recovery_2026/direct_nec_downloads/markdown/920260603-2800-부평구-국민의힘-1-1.md","https://github.com/treylom/opencrab-nec-2026-local-election-data/blob/main/supplements/official_gap_recovery_2026/direct_nec_downloads/markdown/920260603-2800-부평구-국민의힘-1-1.md","ok","pymupdf","ok","8","1901","9712063","pack_stale_currently_available_direct_nec_recovered"
"920260603-2800-옹진군-국민의힘-1-1","party-doc:920260603:옹진군:국민의힘:1","2800","인천광역시","920260603","기초의원비례대표선거","옹진군","","","국민의힘","1","비례대표 정당 제출자료","https://policy.nec.go.kr/plc/common/downloadFile.do?requestedFileName=20260603_%EC%98%B9%EC%A7%84%EA%B5%B0_%EA%B5%AD%EB%AF%BC%EC%9D%98%ED%9E%98_%EB%B9%84%EB%A1%80%EB%8C%80%ED%91%9C%20%EC%A0%95%EB%8B%B9%20%EC%A0%9C%EC%B6%9C%EC%9E%90%EB%A3%8C.pdf&requestedFullPath=20260603/PDF/PBINFO_PUB/2810/003_200_20260520_1.pdf","20260603/PDF/PBINFO_PUB/2810/003_200_20260520_1.pdf","supplements/official_gap_recovery_2026/direct_nec_downloads/markdown/920260603-2800-옹진군-국민의힘-1-1.md","https://github.com/treylom/opencrab-nec-2026-local-election-data/blob/main/supplements/official_gap_recovery_2026/direct_nec_downloads/markdown/920260603-2800-옹진군-국민의힘-1-1.md","ok","pymupdf","ok","8","1802","9630835","pack_stale_currently_available_direct_nec_recovered"
"920260603-2800-제물포구-국민의힘-1-1","party-doc:920260603:제물포구:국민의힘:1","2800","인천광역시","920260603","기초의원비례대표선거","제물포구","","","국민의힘","1","비례대표 정당 제출자료","https://policy.nec.go.kr/plc/common/downloadFile.do?requestedFileName=20260603_%EC%A0%9C%EB%AC%BC%ED%8F%AC%EA%B5%AC_%EA%B5%AD%EB%AF%BC%EC%9D%98%ED%9E%98_%EB%B9%84%EB%A1%80%EB%8C%80%ED%91%9C%20%EC%A0%95%EB%8B%B9%20%EC%A0%9C%EC%B6%9C%EC%9E%90%EB%A3%8C.pdf&requestedFullPath=20260603/PDF/PBINFO_PUB/2812/003_200_20260521_1.pdf","20260603/PDF/PBINFO_PUB/2812/003_200_20260521_1.pdf","supplements/official_gap_recovery_2026/direct_nec_downloads/markdown/920260603-2800-제물포구-국민의힘-1-1.md","https://github.com/treylom/opencrab-nec-2026-local-election-data/blob/main/supplements/official_gap_recovery_2026/direct_nec_downloads/markdown/920260603-2800-제물포구-국민의힘-1-1.md","ok","pymupdf","ok","8","1835","9696601","pack_stale_currently_available_direct_nec_recovered"
"920260603-2800-계양구-국민의힘-1-1","party-doc:920260603:계양구:국민의힘:1","2800","인천광역시","920260603","기초의원비례대표선거","계양구","","","국민의힘","1","비례대표 정당 제출자료","https://policy.nec.go.kr/plc/common/downloadFile.do?requestedFileName=20260603_%EA%B3%84%EC%96%91%EA%B5%AC_%EA%B5%AD%EB%AF%BC%EC%9D%98%ED%9E%98_%EB%B9%84%EB%A1%80%EB%8C%80%ED%91%9C%20%EC%A0%95%EB%8B%B9%20%EC%A0%9C%EC%B6%9C%EC%9E%90%EB%A3%8C.pdf&requestedFullPath=20260603/PDF/PBINFO_PUB/2807/003_200_20260522_1.pdf","20260603/PDF/PBINFO_PUB/2807/003_200_20260522_1.pdf","supplements/official_gap_recovery_2026/direct_nec_downloads/markdown/920260603-2800-계양구-국민의힘-1-1.md","https://github.com/treylom/opencrab-nec-2026-local-election-data/blob/main/supplements/official_gap_recovery_2026/direct_nec_downloads/markdown/920260603-2800-계양구-국민의힘-1-1.md","ok","pymupdf","ok","8","1816","9645408","pack_stale_currently_available_direct_nec_recovered"
"920260603-2800-영종구-국민의힘-1-1","party-doc:920260603:영종구:국민의힘:1","2800","인천광역시","920260603","기초의원비례대표선거","영종구","","","국민의힘","1","비례대표 정당 제출자료","https://policy.nec.go.kr/plc/common/downloadFile.do?requestedFileName=20260603_%EC%98%81%EC%A2%85%EA%B5%AC_%EA%B5%AD%EB%AF%BC%EC%9D%98%ED%9E%98_%EB%B9%84%EB%A1%80%EB%8C%80%ED%91%9C%20%EC%A0%95%EB%8B%B9%20%EC%A0%9C%EC%B6%9C%EC%9E%90%EB%A3%8C.pdf&requestedFullPath=20260603/PDF/PBINFO_PUB/2811/003_200_20260516_1.pdf","20260603/PDF/PBINFO_PUB/2811/003_200_20260516_1.pdf","supplements/official_gap_recovery_2026/direct_nec_downloads/markdown/920260603-2800-영종구-국민의힘-1-1.md","https://github.com/treylom/opencrab-nec-2026-local-election-data/blob/main/supplements/official_gap_recovery_2026/direct_nec_downloads/markdown/920260603-2800-영종구-국민의힘-1-1.md","ok","pymupdf","ok","8","1837","9700629","pack_stale_currently_available_direct_nec_recovered"
"920260603-2800-강화군-국민의힘-1-1","party-doc:920260603:강화군:국민의힘:1","2800","인천광역시","920260603","기초의원비례대표선거","강화군","","","국민의힘","1","비례대표 정당 제출자료","https://policy.nec.go.kr/plc/common/downloadFile.do?requestedFileName=20260603_%EA%B0%95%ED%99%94%EA%B5%B0_%EA%B5%AD%EB%AF%BC%EC%9D%98%ED%9E%98_%EB%B9%84%EB%A1%80%EB%8C%80%ED%91%9C%20%EC%A0%95%EB%8B%B9%20%EC%A0%9C%EC%B6%9C%EC%9E%90%EB%A3%8C.pdf&requestedFullPath=20260603/PDF/PBINFO_PUB/2809/003_200_20260523_1.pdf","20260603/PDF/PBINFO_PUB/2809/003_200_20260523_1.pdf","supplements/official_gap_recovery_2026/direct_nec_downloads/markdown/920260603-2800-강화군-국민의힘-1-1.md","https://github.com/treylom/opencrab-nec-2026-local-election-data/blob/main/supplements/official_gap_recovery_2026/direct_nec_downloads/markdown/920260603-2800-강화군-국민의힘-1-1.md","ok","pymupdf","ok","8","1800","9666965","pack_stale_currently_available_direct_nec_recovered"
"920260603-2900-북구-더불어민주당-1-1","party-doc:920260603:북구:더불어민주당:1","2900","광주광역시","920260603","기초의원비례대표선거","북구","","","더불어민주당","1","비례대표 정당 제출자료","https://policy.nec.go.kr/plc/common/downloadFile.do?requestedFileName=20260603_%EB%B6%81%EA%B5%AC_%EB%8D%94%EB%B6%88%EC%96%B4%EB%AF%BC%EC%A3%BC%EB%8B%B9_%EB%B9%84%EB%A1%80%EB%8C%80%ED%91%9C%20%EC%A0%95%EB%8B%B9%20%EC%A0%9C%EC%B6%9C%EC%9E%90%EB%A3%8C.pdf&requestedFullPath=20260603/PDF/PBINFO_PUB/2904/003_100_20260523_1.pdf","20260603/PDF/PBINFO_PUB/2904/003_100_20260523_1.pdf","supplements/official_gap_recovery_2026/direct_nec_downloads/markdown/920260603-2900-북구-더불어민주당-1-1.md","https://github.com/treylom/opencrab-nec-2026-local-election-data/blob/main/supplements/official_gap_recovery_2026/direct_nec_downloads/markdown/920260603-2900-북구-더불어민주당-1-1.md","ok","pymupdf","suspiciously_short_text","4","54","386940","pack_stale_currently_available_direct_nec_recovered"
"920260603-2900-남구-더불어민주당-1-1","party-doc:920260603:남구:더불어민주당:1","2900","광주광역시","920260603","기초의원비례대표선거","남구","","","더불어민주당","1","비례대표 정당 제출자료","https://policy.nec.go.kr/plc/common/downloadFile.do?requestedFileName=20260603_%EB%82%A8%EA%B5%AC_%EB%8D%94%EB%B6%88%EC%96%B4%EB%AF%BC%EC%A3%BC%EB%8B%B9_%EB%B9%84%EB%A1%80%EB%8C%80%ED%91%9C%20%EC%A0%95%EB%8B%B9%20%EC%A0%9C%EC%B6%9C%EC%9E%90%EB%A3%8C.pdf&requestedFullPath=20260603/PDF/PBINFO_PUB/2903/003_100_20260524_2.pdf","20260603/PDF/PBINFO_PUB/2903/003_100_20260524_2.pdf","supplements/official_gap_recovery_2026/direct_nec_downloads/markdown/920260603-2900-남구-더불어민주당-1-1.md","https://github.com/treylom/opencrab-nec-2026-local-election-data/blob/main/supplements/official_gap_recovery_2026/direct_nec_downloads/markdown/920260603-2900-남구-더불어민주당-1-1.md","ok","pymupdf","ok","4","843","1415353","pack_stale_currently_available_direct_nec_recovered"
"920260603-2900-서구-더불어민주당-1-0","party-doc:920260603:서구:더불어민주당:1","2900","광주광역시","920260603","기초의원비례대표선거","서구","","","더불어민주당","1","비례대표 정당 제출자료","https://policy.nec.go.kr/plc/common/downloadFile.do?requestedFileName=20260603_%EC%84%9C%EA%B5%AC_%EB%8D%94%EB%B6%88%EC%96%B4%EB%AF%BC%EC%A3%BC%EB%8B%B9_%EB%B9%84%EB%A1%80%EB%8C%80%ED%91%9C%20%EC%A0%95%EB%8B%B9%20%EC%A0%9C%EC%B6%9C%EC%9E%90%EB%A3%8C.pdf&requestedFullPath=20260603/PDF/PBINFO_PUB/2902/003_100_20260524_1.pdf","20260603/PDF/PBINFO_PUB/2902/003_100_20260524_1.pdf","supplements/official_gap_recovery_2026/direct_nec_downloads/markdown/920260603-2900-서구-더불어민주당-1-0.md","https://github.com/treylom/opencrab-nec-2026-local-election-data/blob/main/supplements/official_gap_recovery_2026/direct_nec_downloads/markdown/920260603-2900-서구-더불어민주당-1-0.md","ok","pymupdf","ok","4","892","1439988","pack_stale_currently_available_direct_nec_recovered"
"920260603-2900-광산구-더불어민주당-1-1","party-doc:920260603:광산구:더불어민주당:1","2900","광주광역시","920260603","기초의원비례대표선거","광산구","","","더불어민주당","1","비례대표 정당 제출자료","https://policy.nec.go.kr/plc/common/downloadFile.do?requestedFileName=20260603_%EA%B4%91%EC%82%B0%EA%B5%AC_%EB%8D%94%EB%B6%88%EC%96%B4%EB%AF%BC%EC%A3%BC%EB%8B%B9_%EB%B9%84%EB%A1%80%EB%8C%80%ED%91%9C%20%EC%A0%95%EB%8B%B9%20%EC%A0%9C%EC%B6%9C%EC%9E%90%EB%A3%8C.pdf&requestedFullPath=20260603/PDF/PBINFO_PUB/2905/003_100_20260522_1.pdf","20260603/PDF/PBINFO_PUB/2905/003_100_20260522_1.pdf","supplements/official_gap_recovery_2026/direct_nec_downloads/markdown/920260603-2900-광산구-더불어민주당-1-1.md","https://github.com/treylom/opencrab-nec-2026-local-election-data/blob/main/supplements/official_gap_recovery_2026/direct_nec_downloads/markdown/920260603-2900-광산구-더불어민주당-1-1.md","ok","pymupdf","ok","4","800","1582157","pack_stale_currently_available_direct_nec_recovered"
"920260603-2900-북구-조국혁신당-1-1","party-doc:920260603:북구:조국혁신당:1","2900","광주광역시","920260603","기초의원비례대표선거","북구","","","조국혁신당","1","비례대표 정당 제출자료","https://policy.nec.go.kr/plc/common/downloadFile.do?requestedFileName=20260603_%EB%B6%81%EA%B5%AC_%EC%A1%B0%EA%B5%AD%ED%98%81%EC%8B%A0%EB%8B%B9_%EB%B9%84%EB%A1%80%EB%8C%80%ED%91%9C%20%EC%A0%95%EB%8B%B9%20%EC%A0%9C%EC%B6%9C%EC%9E%90%EB%A3%8C.pdf&requestedFullPath=20260603/PDF/PBINFO_PUB/2904/003_5077_20260523_2.pdf","20260603/PDF/PBINFO_PUB/2904/003_5077_20260523_2.pdf","supplements/official_gap_recovery_2026/direct_nec_downloads/markdown/920260603-2900-북구-조국혁신당-1-1.md","https://github.com/treylom/opencrab-nec-2026-local-election-data/blob/main/supplements/official_gap_recovery_2026/direct_nec_downloads/markdown/920260603-2900-북구-조국혁신당-1-1.md","ok","pymupdf","suspiciously_short_text","2","24","1383723","pack_stale_currently_available_direct_nec_recovered"
"920260603-2900-남구-조국혁신당-1-1","party-doc:920260603:남구:조국혁신당:1","2900","광주광역시","920260603","기초의원비례대표선거","남구","","","조국혁신당","1","비례대표 정당 제출자료","https://policy.nec.go.kr/plc/common/downloadFile.do?requestedFileName=20260603_%EB%82%A8%EA%B5%AC_%EC%A1%B0%EA%B5%AD%ED%98%81%EC%8B%A0%EB%8B%B9_%EB%B9%84%EB%A1%80%EB%8C%80%ED%91%9C%20%EC%A0%95%EB%8B%B9%20%EC%A0%9C%EC%B6%9C%EC%9E%90%EB%A3%8C.pdf&requestedFullPath=20260603/PDF/PBINFO_PUB/2903/003_5077_20260524_2.pdf","20260603/PDF/PBINFO_PUB/2903/003_5077_20260524_2.pdf","supplements/official_gap_recovery_2026/direct_nec_downloads/markdown/920260603-2900-남구-조국혁신당-1-1.md","https://github.com/treylom/opencrab-nec-2026-local-election-data/blob/main/supplements/official_gap_recovery_2026/direct_nec_downloads/markdown/920260603-2900-남구-조국혁신당-1-1.md","ok","pymupdf","suspiciously_short_text","2","24","12943362","pack_stale_currently_available_direct_nec_recovered"
"920260603-2900-서구-조국혁신당-1-0","party-doc:920260603:서구:조국혁신당:1","2900","광주광역시","920260603","기초의원비례대표선거","서구","","","조국혁신당","1","비례대표 정당 제출자료","https://policy.nec.go.kr/plc/common/downloadFile.do?requestedFileName=20260603_%EC%84%9C%EA%B5%AC_%EC%A1%B0%EA%B5%AD%ED%98%81%EC%8B%A0%EB%8B%B9_%EB%B9%84%EB%A1%80%EB%8C%80%ED%91%9C%20%EC%A0%95%EB%8B%B9%20%EC%A0%9C%EC%B6%9C%EC%9E%90%EB%A3%8C.pdf&requestedFullPath=20260603/PDF/PBINFO_PUB/2902/003_5077_20260524_1.pdf","20260603/PDF/PBINFO_PUB/2902/003_5077_20260524_1.pdf","supplements/official_gap_recovery_2026/direct_nec_downloads/markdown/920260603-2900-서구-조국혁신당-1-0.md","https://github.com/treylom/opencrab-nec-2026-local-election-data/blob/main/supplements/official_gap_recovery_2026/direct_nec_downloads/markdown/920260603-2900-서구-조국혁신당-1-0.md","ok","pymupdf","suspiciously_short_text","1","9","662868","pack_stale_currently_available_direct_nec_recovered"
"920260603-2900-광산구-조국혁신당-1-1","party-doc:920260603:광산구:조국혁신당:1","2900","광주광역시","920260603","기초의원비례대표선거","광산구","","","조국혁신당","1","비례대표 정당 제출자료","https://policy.nec.go.kr/plc/common/downloadFile.do?requestedFileName=20260603_%EA%B4%91%EC%82%B0%EA%B5%AC_%EC%A1%B0%EA%B5%AD%ED%98%81%EC%8B%A0%EB%8B%B9_%EB%B9%84%EB%A1%80%EB%8C%80%ED%91%9C%20%EC%A0%95%EB%8B%B9%20%EC%A0%9C%EC%B6%9C%EC%9E%90%EB%A3%8C.pdf&requestedFullPath=20260603/PDF/PBINFO_PUB/2905/003_5077_20260522_1.pdf","20260603/PDF/PBINFO_PUB/2905/003_5077_20260522_1.pdf","supplements/official_gap_recovery_2026/direct_nec_downloads/markdown/920260603-2900-광산구-조국혁신당-1-1.md","https://github.com/treylom/opencrab-nec-2026-local-election-data/blob/main/supplements/official_gap_recovery_2026/direct_nec_downloads/markdown/920260603-2900-광산구-조국혁신당-1-1.md","ok","pymupdf","suspiciously_short_text","1","9","13230511","pack_stale_currently_available_direct_nec_recovered"
"920260603-2900-서구-진보당-1-0","party-doc:920260603:서구:진보당:1","2900","광주광역시","920260603","기초의원비례대표선거","서구","","","진보당","1","비례대표 정당 제출자료","https://policy.nec.go.kr/plc/common/downloadFile.do?requestedFileName=20260603_%EC%84%9C%EA%B5%AC_%EC%A7%84%EB%B3%B4%EB%8B%B9_%EB%B9%84%EB%A1%80%EB%8C%80%ED%91%9C%20%EC%A0%95%EB%8B%B9%20%EC%A0%9C%EC%B6%9C%EC%9E%90%EB%A3%8C.pdf&requestedFullPath=20260603/PDF/PBINFO_PUB/2902/003_5010_20260524_1.pdf","20260603/PDF/PBINFO_PUB/2902/003_5010_20260524_1.pdf","supplements/official_gap_recovery_2026/direct_nec_downloads/markdown/920260603-2900-서구-진보당-1-0.md","https://github.com/treylom/opencrab-nec-2026-local-election-data/blob/main/supplements/official_gap_recovery_2026/direct_nec_downloads/markdown/920260603-2900-서구-진보당-1-0.md","ok","pymupdf","ok","2","713","1629621","pack_stale_currently_available_direct_nec_recovered"
"920260603-2900-남구-진보당-1-1","party-doc:920260603:남구:진보당:1","2900","광주광역시","920260603","기초의원비례대표선거","남구","","","진보당","1","비례대표 정당 제출자료","https://policy.nec.go.kr/plc/common/downloadFile.do?requestedFileName=20260603_%EB%82%A8%EA%B5%AC_%EC%A7%84%EB%B3%B4%EB%8B%B9_%EB%B9%84%EB%A1%80%EB%8C%80%ED%91%9C%20%EC%A0%95%EB%8B%B9%20%EC%A0%9C%EC%B6%9C%EC%9E%90%EB%A3%8C.pdf&requestedFullPath=20260603/PDF/PBINFO_PUB/2903/003_5010_20260523_1.pdf","20260603/PDF/PBINFO_PUB/2903/003_5010_20260523_1.pdf","supplements/official_gap_recovery_2026/direct_nec_downloads/markdown/920260603-2900-남구-진보당-1-1.md","https://github.com/treylom/opencrab-nec-2026-local-election-data/blob/main/supplements/official_gap_recovery_2026/direct_nec_downloads/markdown/920260603-2900-남구-진보당-1-1.md","ok","pymupdf","ok","2","799","9236741","pack_stale_currently_available_direct_nec_recovered"
"920260603-2900-북구-진보당-1-1","party-doc:920260603:북구:진보당:1","2900","광주광역시","920260603","기초의원비례대표선거","북구","","","진보당","1","비례대표 정당 제출자료","https://policy.nec.go.kr/plc/common/downloadFile.do?requestedFileName=20260603_%EB%B6%81%EA%B5%AC_%EC%A7%84%EB%B3%B4%EB%8B%B9_%EB%B9%84%EB%A1%80%EB%8C%80%ED%91%9C%20%EC%A0%95%EB%8B%B9%20%EC%A0%9C%EC%B6%9C%EC%9E%90%EB%A3%8C.pdf&requestedFullPath=20260603/PDF/PBINFO_PUB/2904/003_5010_20260523_2.pdf","20260603/PDF/PBINFO_PUB/2904/003_5010_20260523_2.pdf","supplements/official_gap_recovery_2026/direct_nec_downloads/markdown/920260603-2900-북구-진보당-1-1.md","https://github.com/treylom/opencrab-nec-2026-local-election-data/blob/main/supplements/official_gap_recovery_2026/direct_nec_downloads/markdown/920260603-2900-북구-진보당-1-1.md","ok","pymupdf","suspiciously_short_text","6","84","1483018","pack_stale_currently_available_direct_nec_recovered"
"920260603-2900-광산구-진보당-1-1","party-doc:920260603:광산구:진보당:1","2900","광주광역시","920260603","기초의원비례대표선거","광산구","","","진보당","1","비례대표 정당 제출자료","https://policy.nec.go.kr/plc/common/downloadFile.do?requestedFileName=20260603_%EA%B4%91%EC%82%B0%EA%B5%AC_%EC%A7%84%EB%B3%B4%EB%8B%B9_%EB%B9%84%EB%A1%80%EB%8C%80%ED%91%9C%20%EC%A0%95%EB%8B%B9%20%EC%A0%9C%EC%B6%9C%EC%9E%90%EB%A3%8C.pdf&requestedFullPath=20260603/PDF/PBINFO_PUB/2905/003_5010_20260522_1.pdf","20260603/PDF/PBINFO_PUB/2905/003_5010_20260522_1.pdf","supplements/official_gap_recovery_2026/direct_nec_downloads/markdown/920260603-2900-광산구-진보당-1-1.md","https://github.com/treylom/opencrab-nec-2026-local-election-data/blob/main/supplements/official_gap_recovery_2026/direct_nec_downloads/markdown/920260603-2900-광산구-진보당-1-1.md","ok","pymupdf","ok","2","2789","1270548","pack_stale_currently_available_direct_nec_recovered"
"920260603-3000-서구-더불어민주당-1-1","party-doc:920260603:서구:더불어민주당:1","3000","대전광역시","920260603","기초의원비례대표선거","서구","","","더불어민주당","1","비례대표 정당 제출자료","https://policy.nec.go.kr/plc/common/downloadFile.do?requestedFileName=20260603_%EC%84%9C%EA%B5%AC_%EB%8D%94%EB%B6%88%EC%96%B4%EB%AF%BC%EC%A3%BC%EB%8B%B9_%EB%B9%84%EB%A1%80%EB%8C%80%ED%91%9C%20%EC%A0%95%EB%8B%B9%20%EC%A0%9C%EC%B6%9C%EC%9E%90%EB%A3%8C.pdf&requestedFullPath=20260603/PDF/PBINFO_PUB/3003/003_100_20260522_1.pdf","20260603/PDF/PBINFO_PUB/3003/003_100_20260522_1.pdf","supplements/official_gap_recovery_2026/direct_nec_downloads/markdown/920260603-3000-서구-더불어민주당-1-1.md","https://github.com/treylom/opencrab-nec-2026-local-election-data/blob/main/supplements/official_gap_recovery_2026/direct_nec_downloads/markdown/920260603-3000-서구-더불어민주당-1-1.md","ok","pymupdf","ok","4","1038","558839","pack_stale_currently_available_direct_nec_recovered"
"920260603-3000-중구-더불어민주당-1-1","party-doc:920260603:중구:더불어민주당:1","3000","대전광역시","920260603","기초의원비례대표선거","중구","","","더불어민주당","1","비례대표 정당 제출자료","https://policy.nec.go.kr/plc/common/downloadFile.do?requestedFileName=20260603_%EC%A4%91%EA%B5%AC_%EB%8D%94%EB%B6%88%EC%96%B4%EB%AF%BC%EC%A3%BC%EB%8B%B9_%EB%B9%84%EB%A1%80%EB%8C%80%ED%91%9C%20%EC%A0%95%EB%8B%B9%20%EC%A0%9C%EC%B6%9C%EC%9E%90%EB%A3%8C.pdf&requestedFullPath=20260603/PDF/PBINFO_PUB/3002/003_100_20260522_1.pdf","20260603/PDF/PBINFO_PUB/3002/003_100_20260522_1.pdf","supplements/official_gap_recovery_2026/direct_nec_downloads/markdown/920260603-3000-중구-더불어민주당-1-1.md","https://github.com/treylom/opencrab-nec-2026-local-election-data/blob/main/supplements/official_gap_recovery_2026/direct_nec_downloads/markdown/920260603-3000-중구-더불어민주당-1-1.md","ok","pymupdf","ok","4","1214","2536892","pack_stale_currently_available_direct_nec_recovered"
"920260603-3000-유성구-더불어민주당-1-1","party-doc:920260603:유성구:더불어민주당:1","3000","대전광역시","920260603","기초의원비례대표선거","유성구","","","더불어민주당","1","비례대표 정당 제출자료","https://policy.nec.go.kr/plc/common/downloadFile.do?requestedFileName=20260603_%EC%9C%A0%EC%84%B1%EA%B5%AC_%EB%8D%94%EB%B6%88%EC%96%B4%EB%AF%BC%EC%A3%BC%EB%8B%B9_%EB%B9%84%EB%A1%80%EB%8C%80%ED%91%9C%20%EC%A0%95%EB%8B%B9%20%EC%A0%9C%EC%B6%9C%EC%9E%90%EB%A3%8C.pdf&requestedFullPath=20260603/PDF/PBINFO_PUB/3004/003_100_20260517_1.pdf","20260603/PDF/PBINFO_PUB/3004/003_100_20260517_1.pdf","supplements/official_gap_recovery_2026/direct_nec_downloads/markdown/920260603-3000-유성구-더불어민주당-1-1.md","https://github.com/treylom/opencrab-nec-2026-local-election-data/blob/main/supplements/official_gap_recovery_2026/direct_nec_downloads/markdown/920260603-3000-유성구-더불어민주당-1-1.md","ok","pymupdf","ok","4","1790","15965815","pack_stale_currently_available_direct_nec_recovered"
"920260603-3000-동구-더불어민주당-1-1","party-doc:920260603:동구:더불어민주당:1","3000","대전광역시","920260603","기초의원비례대표선거","동구","","","더불어민주당","1","비례대표 정당 제출자료","https://policy.nec.go.kr/plc/common/downloadFile.do?requestedFileName=20260603_%EB%8F%99%EA%B5%AC_%EB%8D%94%EB%B6%88%EC%96%B4%EB%AF%BC%EC%A3%BC%EB%8B%B9_%EB%B9%84%EB%A1%80%EB%8C%80%ED%91%9C%20%EC%A0%95%EB%8B%B9%20%EC%A0%9C%EC%B6%9C%EC%9E%90%EB%A3%8C.pdf&requestedFullPath=20260603/PDF/PBINFO_PUB/3001/003_100_20260517_1.pdf","20260603/PDF/PBINFO_PUB/3001/003_100_20260517_1.pdf","supplements/official_gap_recovery_2026/direct_nec_downloads/markdown/920260603-3000-동구-더불어민주당-1-1.md","https://github.com/treylom/opencrab-nec-2026-local-election-data/blob/main/supplements/official_gap_recovery_2026/direct_nec_downloads/markdown/920260603-3000-동구-더불어민주당-1-1.md","ok","pymupdf","ok","4","1553","3089697","pack_stale_currently_available_direct_nec_recovered"
"920260603-3000-대덕구-더불어민주당-1-1","party-doc:920260603:대덕구:더불어민주당:1","3000","대전광역시","920260603","기초의원비례대표선거","대덕구","","","더불어민주당","1","비례대표 정당 제출자료","https://policy.nec.go.kr/plc/common/downloadFile.do?requestedFileName=20260603_%EB%8C%80%EB%8D%95%EA%B5%AC_%EB%8D%94%EB%B6%88%EC%96%B4%EB%AF%BC%EC%A3%BC%EB%8B%B9_%EB%B9%84%EB%A1%80%EB%8C%80%ED%91%9C%20%EC%A0%95%EB%8B%B9%20%EC%A0%9C%EC%B6%9C%EC%9E%90%EB%A3%8C.pdf&requestedFullPath=20260603/PDF/PBINFO_PUB/3005/003_100_20260523_2.pdf","20260603/PDF/PBINFO_PUB/3005/003_100_20260523_2.pdf","supplements/official_gap_recovery_2026/direct_nec_downloads/markdown/920260603-3000-대덕구-더불어민주당-1-1.md","https://github.com/treylom/opencrab-nec-2026-local-election-data/blob/main/supplements/official_gap_recovery_2026/direct_nec_downloads/markdown/920260603-3000-대덕구-더불어민주당-1-1.md","ok","pymupdf","ok","4","962","530057","pack_stale_currently_available_direct_nec_recovered"
"920260603-3000-대덕구-국민의힘-1-1","party-doc:920260603:대덕구:국민의힘:1","3000","대전광역시","920260603","기초의원비례대표선거","대덕구","","","국민의힘","1","비례대표 정당 제출자료","https://policy.nec.go.kr/plc/common/downloadFile.do?requestedFileName=20260603_%EB%8C%80%EB%8D%95%EA%B5%AC_%EA%B5%AD%EB%AF%BC%EC%9D%98%ED%9E%98_%EB%B9%84%EB%A1%80%EB%8C%80%ED%91%9C%20%EC%A0%95%EB%8B%B9%20%EC%A0%9C%EC%B6%9C%EC%9E%90%EB%A3%8C.pdf&requestedFullPath=20260603/PDF/PBINFO_PUB/3005/003_200_20260523_1.pdf","20260603/PDF/PBINFO_PUB/3005/003_200_20260523_1.pdf","supplements/official_gap_recovery_2026/direct_nec_downloads/markdown/920260603-3000-대덕구-국민의힘-1-1.md","https://github.com/treylom/opencrab-nec-2026-local-election-data/blob/main/supplements/official_gap_recovery_2026/direct_nec_downloads/markdown/920260603-3000-대덕구-국민의힘-1-1.md","ok","pymupdf","ok","2","560","710551","pack_stale_currently_available_direct_nec_recovered"
"920260603-3000-서구-국민의힘-1-1","party-doc:920260603:서구:국민의힘:1","3000","대전광역시","920260603","기초의원비례대표선거","서구","","","국민의힘","1","비례대표 정당 제출자료","https://policy.nec.go.kr/plc/common/downloadFile.do?requestedFileName=20260603_%EC%84%9C%EA%B5%AC_%EA%B5%AD%EB%AF%BC%EC%9D%98%ED%9E%98_%EB%B9%84%EB%A1%80%EB%8C%80%ED%91%9C%20%EC%A0%95%EB%8B%B9%20%EC%A0%9C%EC%B6%9C%EC%9E%90%EB%A3%8C.pdf&requestedFullPath=20260603/PDF/PBINFO_PUB/3003/003_200_20260522_1.pdf","20260603/PDF/PBINFO_PUB/3003/003_200_20260522_1.pdf","supplements/official_gap_recovery_2026/direct_nec_downloads/markdown/920260603-3000-서구-국민의힘-1-1.md","https://github.com/treylom/opencrab-nec-2026-local-election-data/blob/main/supplements/official_gap_recovery_2026/direct_nec_downloads/markdown/920260603-3000-서구-국민의힘-1-1.md","ok","pymupdf","ok","8","2596","10043894","pack_stale_currently_available_direct_nec_recovered"
"920260603-3000-중구-국민의힘-1-1","party-doc:920260603:중구:국민의힘:1","3000","대전광역시","920260603","기초의원비례대표선거","중구","","","국민의힘","1","비례대표 정당 제출자료","https://policy.nec.go.kr/plc/common/downloadFile.do?requestedFileName=20260603_%EC%A4%91%EA%B5%AC_%EA%B5%AD%EB%AF%BC%EC%9D%98%ED%9E%98_%EB%B9%84%EB%A1%80%EB%8C%80%ED%91%9C%20%EC%A0%95%EB%8B%B9%20%EC%A0%9C%EC%B6%9C%EC%9E%90%EB%A3%8C.pdf&requestedFullPath=20260603/PDF/PBINFO_PUB/3002/003_200_20260522_1.pdf","20260603/PDF/PBINFO_PUB/3002/003_200_20260522_1.pdf","supplements/official_gap_recovery_2026/direct_nec_downloads/markdown/920260603-3000-중구-국민의힘-1-1.md","https://github.com/treylom/opencrab-nec-2026-local-election-data/blob/main/supplements/official_gap_recovery_2026/direct_nec_downloads/markdown/920260603-3000-중구-국민의힘-1-1.md","ok","pymupdf","ok","4","1319","4940149","pack_stale_currently_available_direct_nec_recovered"
"920260603-3000-동구-국민의힘-1-1","party-doc:920260603:동구:국민의힘:1","3000","대전광역시","920260603","기초의원비례대표선거","동구","","","국민의힘","1","비례대표 정당 제출자료","https://policy.nec.go.kr/plc/common/downloadFile.do?requestedFileName=20260603_%EB%8F%99%EA%B5%AC_%EA%B5%AD%EB%AF%BC%EC%9D%98%ED%9E%98_%EB%B9%84%EB%A1%80%EB%8C%80%ED%91%9C%20%EC%A0%95%EB%8B%B9%20%EC%A0%9C%EC%B6%9C%EC%9E%90%EB%A3%8C.pdf&requestedFullPath=20260603/PDF/PBINFO_PUB/3001/003_200_20260521_1.pdf","20260603/PDF/PBINFO_PUB/3001/003_200_20260521_1.pdf","supplements/official_gap_recovery_2026/direct_nec_downloads/markdown/920260603-3000-동구-국민의힘-1-1.md","https://github.com/treylom/opencrab-nec-2026-local-election-data/blob/main/supplements/official_gap_recovery_2026/direct_nec_downloads/markdown/920260603-3000-동구-국민의힘-1-1.md","ok","pymupdf","ok","4","1783","2114485","pack_stale_currently_available_direct_nec_recovered"
"920260603-3000-유성구-국민의힘-1-1","party-doc:920260603:유성구:국민의힘:1","3000","대전광역시","920260603","기초의원비례대표선거","유성구","","","국민의힘","1","비례대표 정당 제출자료","https://policy.nec.go.kr/plc/common/downloadFile.do?requestedFileName=20260603_%EC%9C%A0%EC%84%B1%EA%B5%AC_%EA%B5%AD%EB%AF%BC%EC%9D%98%ED%9E%98_%EB%B9%84%EB%A1%80%EB%8C%80%ED%91%9C%20%EC%A0%95%EB%8B%B9%20%EC%A0%9C%EC%B6%9C%EC%9E%90%EB%A3%8C.pdf&requestedFullPath=20260603/PDF/PBINFO_PUB/3004/003_200_20260517_1.pdf","20260603/PDF/PBINFO_PUB/3004/003_200_20260517_1.pdf","supplements/official_gap_recovery_2026/direct_nec_downloads/markdown/920260603-3000-유성구-국민의힘-1-1.md","https://github.com/treylom/opencrab-nec-2026-local-election-data/blob/main/supplements/official_gap_recovery_2026/direct_nec_downloads/markdown/920260603-3000-유성구-국민의힘-1-1.md","ok","pymupdf","ok","8","1072","1296198","pack_stale_currently_available_direct_nec_recovered"
"920260603-3100-동구-더불어민주당-1-1","party-doc:920260603:동구:더불어민주당:1","3100","울산광역시","920260603","기초의원비례대표선거","동구","","","더불어민주당","1","비례대표 정당 제출자료","https://policy.nec.go.kr/plc/common/downloadFile.do?requestedFileName=20260603_%EB%8F%99%EA%B5%AC_%EB%8D%94%EB%B6%88%EC%96%B4%EB%AF%BC%EC%A3%BC%EB%8B%B9_%EB%B9%84%EB%A1%80%EB%8C%80%ED%91%9C%20%EC%A0%95%EB%8B%B9%20%EC%A0%9C%EC%B6%9C%EC%9E%90%EB%A3%8C.pdf&requestedFullPath=20260603/PDF/PBINFO_PUB/3103/003_100_20260522_1.pdf","20260603/PDF/PBINFO_PUB/3103/003_100_20260522_1.pdf","supplements/official_gap_recovery_2026/direct_nec_downloads/markdown/920260603-3100-동구-더불어민주당-1-1.md","https://github.com/treylom/opencrab-nec-2026-local-election-data/blob/main/supplements/official_gap_recovery_2026/direct_nec_downloads/markdown/920260603-3100-동구-더불어민주당-1-1.md","ok","pymupdf","ok","2","1385","2329378","pack_stale_currently_available_direct_nec_recovered"
"920260603-3100-남구-더불어민주당-1-1","party-doc:920260603:남구:더불어민주당:1","3100","울산광역시","920260603","기초의원비례대표선거","남구","","","더불어민주당","1","비례대표 정당 제출자료","https://policy.nec.go.kr/plc/common/downloadFile.do?requestedFileName=20260603_%EB%82%A8%EA%B5%AC_%EB%8D%94%EB%B6%88%EC%96%B4%EB%AF%BC%EC%A3%BC%EB%8B%B9_%EB%B9%84%EB%A1%80%EB%8C%80%ED%91%9C%20%EC%A0%95%EB%8B%B9%20%EC%A0%9C%EC%B6%9C%EC%9E%90%EB%A3%8C.pdf&requestedFullPath=20260603/PDF/PBINFO_PUB/3102/003_100_20260522_1.pdf","20260603/PDF/PBINFO_PUB/3102/003_100_20260522_1.pdf","supplements/official_gap_recovery_2026/direct_nec_downloads/markdown/920260603-3100-남구-더불어민주당-1-1.md","https://github.com/treylom/opencrab-nec-2026-local-election-data/blob/main/supplements/official_gap_recovery_2026/direct_nec_downloads/markdown/920260603-3100-남구-더불어민주당-1-1.md","ok","pymupdf","ok","2","1419","2481037","pack_stale_currently_available_direct_nec_recovered"
"920260603-3100-울주군-더불어민주당-1-1","party-doc:920260603:울주군:더불어민주당:1","3100","울산광역시","920260603","기초의원비례대표선거","울주군","","","더불어민주당","1","비례대표 정당 제출자료","https://policy.nec.go.kr/plc/common/downloadFile.do?requestedFileName=20260603_%EC%9A%B8%EC%A3%BC%EA%B5%B0_%EB%8D%94%EB%B6%88%EC%96%B4%EB%AF%BC%EC%A3%BC%EB%8B%B9_%EB%B9%84%EB%A1%80%EB%8C%80%ED%91%9C%20%EC%A0%95%EB%8B%B9%20%EC%A0%9C%EC%B6%9C%EC%9E%90%EB%A3%8C.pdf&requestedFullPath=20260603/PDF/PBINFO_PUB/3105/003_100_20260522_1.pdf","20260603/PDF/PBINFO_PUB/3105/003_100_20260522_1.pdf","supplements/official_gap_recovery_2026/direct_nec_downloads/markdown/920260603-3100-울주군-더불어민주당-1-1.md","https://github.com/treylom/opencrab-nec-2026-local-election-data/blob/main/supplements/official_gap_recovery_2026/direct_nec_downloads/markdown/920260603-3100-울주군-더불어민주당-1-1.md","ok","pymupdf","ok","2","1474","2277833","pack_stale_currently_available_direct_nec_recovered"
"920260603-3100-중구-더불어민주당-1-1","party-doc:920260603:중구:더불어민주당:1","3100","울산광역시","920260603","기초의원비례대표선거","중구","","","더불어민주당","1","비례대표 정당 제출자료","https://policy.nec.go.kr/plc/common/downloadFile.do?requestedFileName=20260603_%EC%A4%91%EA%B5%AC_%EB%8D%94%EB%B6%88%EC%96%B4%EB%AF%BC%EC%A3%BC%EB%8B%B9_%EB%B9%84%EB%A1%80%EB%8C%80%ED%91%9C%20%EC%A0%95%EB%8B%B9%20%EC%A0%9C%EC%B6%9C%EC%9E%90%EB%A3%8C.pdf&requestedFullPath=20260603/PDF/PBINFO_PUB/3101/003_100_20260522_1.pdf","20260603/PDF/PBINFO_PUB/3101/003_100_20260522_1.pdf","supplements/official_gap_recovery_2026/direct_nec_downloads/markdown/920260603-3100-중구-더불어민주당-1-1.md","https://github.com/treylom/opencrab-nec-2026-local-election-data/blob/main/supplements/official_gap_recovery_2026/direct_nec_downloads/markdown/920260603-3100-중구-더불어민주당-1-1.md","ok","pymupdf","ok","2","1325","2114918","pack_stale_currently_available_direct_nec_recovered"
"920260603-3100-북구-더불어민주당-1-1","party-doc:920260603:북구:더불어민주당:1","3100","울산광역시","920260603","기초의원비례대표선거","북구","","","더불어민주당","1","비례대표 정당 제출자료","https://policy.nec.go.kr/plc/common/downloadFile.do?requestedFileName=20260603_%EB%B6%81%EA%B5%AC_%EB%8D%94%EB%B6%88%EC%96%B4%EB%AF%BC%EC%A3%BC%EB%8B%B9_%EB%B9%84%EB%A1%80%EB%8C%80%ED%91%9C%20%EC%A0%95%EB%8B%B9%20%EC%A0%9C%EC%B6%9C%EC%9E%90%EB%A3%8C.pdf&requestedFullPath=20260603/PDF/PBINFO_PUB/3104/003_100_20260522_1.pdf","20260603/PDF/PBINFO_PUB/3104/003_100_20260522_1.pdf","supplements/official_gap_recovery_2026/direct_nec_downloads/markdown/920260603-3100-북구-더불어민주당-1-1.md","https://github.com/treylom/opencrab-nec-2026-local-election-data/blob/main/supplements/official_gap_recovery_2026/direct_nec_downloads/markdown/920260603-3100-북구-더불어민주당-1-1.md","ok","pymupdf","ok","2","1400","1570697","pack_stale_currently_available_direct_nec_recovered"
"920260603-3100-울주군-국민의힘-1-1","party-doc:920260603:울주군:국민의힘:1","3100","울산광역시","920260603","기초의원비례대표선거","울주군","","","국민의힘","1","비례대표 정당 제출자료","https://policy.nec.go.kr/plc/common/downloadFile.do?requestedFileName=20260603_%EC%9A%B8%EC%A3%BC%EA%B5%B0_%EA%B5%AD%EB%AF%BC%EC%9D%98%ED%9E%98_%EB%B9%84%EB%A1%80%EB%8C%80%ED%91%9C%20%EC%A0%95%EB%8B%B9%20%EC%A0%9C%EC%B6%9C%EC%9E%90%EB%A3%8C.pdf&requestedFullPath=20260603/PDF/PBINFO_PUB/3105/003_200_20260522_1.pdf","20260603/PDF/PBINFO_PUB/3105/003_200_20260522_1.pdf","supplements/official_gap_recovery_2026/direct_nec_downloads/markdown/920260603-3100-울주군-국민의힘-1-1.md","https://github.com/treylom/opencrab-nec-2026-local-election-data/blob/main/supplements/official_gap_recovery_2026/direct_nec_downloads/markdown/920260603-3100-울주군-국민의힘-1-1.md","ok","pymupdf","ok","4","1861","16032835","pack_stale_currently_available_direct_nec_recovered"
"920260603-3100-동구-국민의힘-1-1","party-doc:920260603:동구:국민의힘:1","3100","울산광역시","920260603","기초의원비례대표선거","동구","","","국민의힘","1","비례대표 정당 제출자료","https://policy.nec.go.kr/plc/common/downloadFile.do?requestedFileName=20260603_%EB%8F%99%EA%B5%AC_%EA%B5%AD%EB%AF%BC%EC%9D%98%ED%9E%98_%EB%B9%84%EB%A1%80%EB%8C%80%ED%91%9C%20%EC%A0%95%EB%8B%B9%20%EC%A0%9C%EC%B6%9C%EC%9E%90%EB%A3%8C.pdf&requestedFullPath=20260603/PDF/PBINFO_PUB/3103/003_200_20260522_1.pdf","20260603/PDF/PBINFO_PUB/3103/003_200_20260522_1.pdf","supplements/official_gap_recovery_2026/direct_nec_downloads/markdown/920260603-3100-동구-국민의힘-1-1.md","https://github.com/treylom/opencrab-nec-2026-local-election-data/blob/main/supplements/official_gap_recovery_2026/direct_nec_downloads/markdown/920260603-3100-동구-국민의힘-1-1.md","ok","pymupdf","ok","4","1570","15159834","pack_stale_currently_available_direct_nec_recovered"
"920260603-3100-북구-국민의힘-1-1","party-doc:920260603:북구:국민의힘:1","3100","울산광역시","920260603","기초의원비례대표선거","북구","","","국민의힘","1","비례대표 정당 제출자료","https://policy.nec.go.kr/plc/common/downloadFile.do?requestedFileName=20260603_%EB%B6%81%EA%B5%AC_%EA%B5%AD%EB%AF%BC%EC%9D%98%ED%9E%98_%EB%B9%84%EB%A1%80%EB%8C%80%ED%91%9C%20%EC%A0%95%EB%8B%B9%20%EC%A0%9C%EC%B6%9C%EC%9E%90%EB%A3%8C.pdf&requestedFullPath=20260603/PDF/PBINFO_PUB/3104/003_200_20260522_1.pdf","20260603/PDF/PBINFO_PUB/3104/003_200_20260522_1.pdf","supplements/official_gap_recovery_2026/direct_nec_downloads/markdown/920260603-3100-북구-국민의힘-1-1.md","https://github.com/treylom/opencrab-nec-2026-local-election-data/blob/main/supplements/official_gap_recovery_2026/direct_nec_downloads/markdown/920260603-3100-북구-국민의힘-1-1.md","ok","pymupdf","ok","4","888","19750565","pack_stale_currently_available_direct_nec_recovered"
"920260603-3100-중구-국민의힘-1-1","party-doc:920260603:중구:국민의힘:1","3100","울산광역시","920260603","기초의원비례대표선거","중구","","","국민의힘","1","비례대표 정당 제출자료","https://policy.nec.go.kr/plc/common/downloadFile.do?requestedFileName=20260603_%EC%A4%91%EA%B5%AC_%EA%B5%AD%EB%AF%BC%EC%9D%98%ED%9E%98_%EB%B9%84%EB%A1%80%EB%8C%80%ED%91%9C%20%EC%A0%95%EB%8B%B9%20%EC%A0%9C%EC%B6%9C%EC%9E%90%EB%A3%8C.pdf&requestedFullPath=20260603/PDF/PBINFO_PUB/3101/003_200_20260522_1.pdf","20260603/PDF/PBINFO_PUB/3101/003_200_20260522_1.pdf","supplements/official_gap_recovery_2026/direct_nec_downloads/markdown/920260603-3100-중구-국민의힘-1-1.md","https://github.com/treylom/opencrab-nec-2026-local-election-data/blob/main/supplements/official_gap_recovery_2026/direct_nec_downloads/markdown/920260603-3100-중구-국민의힘-1-1.md","ok","pymupdf","ok","4","1526","14981744","pack_stale_currently_available_direct_nec_recovered"
"920260603-3100-남구-국민의힘-1-1","party-doc:920260603:남구:국민의힘:1","3100","울산광역시","920260603","기초의원비례대표선거","남구","","","국민의힘","1","비례대표 정당 제출자료","https://policy.nec.go.kr/plc/common/downloadFile.do?requestedFileName=20260603_%EB%82%A8%EA%B5%AC_%EA%B5%AD%EB%AF%BC%EC%9D%98%ED%9E%98_%EB%B9%84%EB%A1%80%EB%8C%80%ED%91%9C%20%EC%A0%95%EB%8B%B9%20%EC%A0%9C%EC%B6%9C%EC%9E%90%EB%A3%8C.pdf&requestedFullPath=20260603/PDF/PBINFO_PUB/3102/003_200_20260522_1.pdf","20260603/PDF/PBINFO_PUB/3102/003_200_20260522_1.pdf","supplements/official_gap_recovery_2026/direct_nec_downloads/markdown/920260603-3100-남구-국민의힘-1-1.md","https://github.com/treylom/opencrab-nec-2026-local-election-data/blob/main/supplements/official_gap_recovery_2026/direct_nec_downloads/markdown/920260603-3100-남구-국민의힘-1-1.md","ok","pymupdf","ok","4","1666","18583953","pack_stale_currently_available_direct_nec_recovered"
"920260603-3100-남구-진보당-1-1","party-doc:920260603:남구:진보당:1","3100","울산광역시","920260603","기초의원비례대표선거","남구","","","진보당","1","비례대표 정당 제출자료","https://policy.nec.go.kr/plc/common/downloadFile.do?requestedFileName=20260603_%EB%82%A8%EA%B5%AC_%EC%A7%84%EB%B3%B4%EB%8B%B9_%EB%B9%84%EB%A1%80%EB%8C%80%ED%91%9C%20%EC%A0%95%EB%8B%B9%20%EC%A0%9C%EC%B6%9C%EC%9E%90%EB%A3%8C.pdf&requestedFullPath=20260603/PDF/PBINFO_PUB/3102/003_5010_20260521_1.pdf","20260603/PDF/PBINFO_PUB/3102/003_5010_20260521_1.pdf","supplements/official_gap_recovery_2026/direct_nec_downloads/markdown/920260603-3100-남구-진보당-1-1.md","https://github.com/treylom/opencrab-nec-2026-local-election-data/blob/main/supplements/official_gap_recovery_2026/direct_nec_downloads/markdown/920260603-3100-남구-진보당-1-1.md","ok","pymupdf","ok","2","1016","1737789","pack_stale_currently_available_direct_nec_recovered"
"920260603-3100-동구-진보당-1-1","party-doc:920260603:동구:진보당:1","3100","울산광역시","920260603","기초의원비례대표선거","동구","","","진보당","1","비례대표 정당 제출자료","https://policy.nec.go.kr/plc/common/downloadFile.do?requestedFileName=20260603_%EB%8F%99%EA%B5%AC_%EC%A7%84%EB%B3%B4%EB%8B%B9_%EB%B9%84%EB%A1%80%EB%8C%80%ED%91%9C%20%EC%A0%95%EB%8B%B9%20%EC%A0%9C%EC%B6%9C%EC%9E%90%EB%A3%8C.pdf&requestedFullPath=20260603/PDF/PBINFO_PUB/3103/003_5010_20260522_1.pdf","20260603/PDF/PBINFO_PUB/3103/003_5010_20260522_1.pdf","supplements/official_gap_recovery_2026/direct_nec_downloads/markdown/920260603-3100-동구-진보당-1-1.md","https://github.com/treylom/opencrab-nec-2026-local-election-data/blob/main/supplements/official_gap_recovery_2026/direct_nec_downloads/markdown/920260603-3100-동구-진보당-1-1.md","ok","pymupdf","ok","2","1017","1430434","pack_stale_currently_available_direct_nec_recovered"
"920260603-4100-오산시-더불어민주당-1-1","party-doc:920260603:오산시:더불어민주당:1","4100","경기도","920260603","기초의원비례대표선거","오산시","","","더불어민주당","1","비례대표 정당 제출자료","https://policy.nec.go.kr/plc/common/downloadFile.do?requestedFileName=20260603_%EC%98%A4%EC%82%B0%EC%8B%9C_%EB%8D%94%EB%B6%88%EC%96%B4%EB%AF%BC%EC%A3%BC%EB%8B%B9_%EB%B9%84%EB%A1%80%EB%8C%80%ED%91%9C%20%EC%A0%95%EB%8B%B9%20%EC%A0%9C%EC%B6%9C%EC%9E%90%EB%A3%8C.pdf&requestedFullPath=20260603/PDF/PBINFO_PUB/4127/003_100_20260522_1.pdf","20260603/PDF/PBINFO_PUB/4127/003_100_20260522_1.pdf","supplements/official_gap_recovery_2026/direct_nec_downloads/markdown/920260603-4100-오산시-더불어민주당-1-1.md","https://github.com/treylom/opencrab-nec-2026-local-election-data/blob/main/supplements/official_gap_recovery_2026/direct_nec_downloads/markdown/920260603-4100-오산시-더불어민주당-1-1.md","ok","pymupdf","ok","4","1068","1217964","pack_stale_currently_available_direct_nec_recovered"
"920260603-4100-과천시-더불어민주당-1-1","party-doc:920260603:과천시:더불어민주당:1","4100","경기도","920260603","기초의원비례대표선거","과천시","","","더불어민주당","1","비례대표 정당 제출자료","https://policy.nec.go.kr/plc/common/downloadFile.do?requestedFileName=20260603_%EA%B3%BC%EC%B2%9C%EC%8B%9C_%EB%8D%94%EB%B6%88%EC%96%B4%EB%AF%BC%EC%A3%BC%EB%8B%B9_%EB%B9%84%EB%A1%80%EB%8C%80%ED%91%9C%20%EC%A0%95%EB%8B%B9%20%EC%A0%9C%EC%B6%9C%EC%9E%90%EB%A3%8C.pdf&requestedFullPath=20260603/PDF/PBINFO_PUB/4123/003_100_20260523_1.pdf","20260603/PDF/PBINFO_PUB/4123/003_100_20260523_1.pdf","supplements/official_gap_recovery_2026/direct_nec_downloads/markdown/920260603-4100-과천시-더불어민주당-1-1.md","https://github.com/treylom/opencrab-nec-2026-local-election-data/blob/main/supplements/official_gap_recovery_2026/direct_nec_downloads/markdown/920260603-4100-과천시-더불어민주당-1-1.md","ok","pymupdf","ok","4","1140","1575769","pack_stale_currently_available_direct_nec_recovered"
"920260603-4100-이천시-더불어민주당-1-1","party-doc:920260603:이천시:더불어민주당:1","4100","경기도","920260603","기초의원비례대표선거","이천시","","","더불어민주당","1","비례대표 정당 제출자료","https://policy.nec.go.kr/plc/common/downloadFile.do?requestedFileName=20260603_%EC%9D%B4%EC%B2%9C%EC%8B%9C_%EB%8D%94%EB%B6%88%EC%96%B4%EB%AF%BC%EC%A3%BC%EB%8B%B9_%EB%B9%84%EB%A1%80%EB%8C%80%ED%91%9C%20%EC%A0%95%EB%8B%B9%20%EC%A0%9C%EC%B6%9C%EC%9E%90%EB%A3%8C.pdf&requestedFullPath=20260603/PDF/PBINFO_PUB/4134/003_100_20260521_1.pdf","20260603/PDF/PBINFO_PUB/4134/003_100_20260521_1.pdf","supplements/official_gap_recovery_2026/direct_nec_downloads/markdown/920260603-4100-이천시-더불어민주당-1-1.md","https://github.com/treylom/opencrab-nec-2026-local-election-data/blob/main/supplements/official_gap_recovery_2026/direct_nec_downloads/markdown/920260603-4100-이천시-더불어민주당-1-1.md","ok","pymupdf","suspiciously_short_text","4","54","953924","pack_stale_currently_available_direct_nec_recovered"
"920260603-4100-의왕시-더불어민주당-1-1","party-doc:920260603:의왕시:더불어민주당:1","4100","경기도","920260603","기초의원비례대표선거","의왕시","","","더불어민주당","1","비례대표 정당 제출자료","https://policy.nec.go.kr/plc/common/downloadFile.do?requestedFileName=20260603_%EC%9D%98%EC%99%95%EC%8B%9C_%EB%8D%94%EB%B6%88%EC%96%B4%EB%AF%BC%EC%A3%BC%EB%8B%B9_%EB%B9%84%EB%A1%80%EB%8C%80%ED%91%9C%20%EC%A0%95%EB%8B%B9%20%EC%A0%9C%EC%B6%9C%EC%9E%90%EB%A3%8C.pdf&requestedFullPath=20260603/PDF/PBINFO_PUB/4124/003_100_20260525_1.pdf","20260603/PDF/PBINFO_PUB/4124/003_100_20260525_1.pdf","supplements/official_gap_recovery_2026/direct_nec_downloads/markdown/920260603-4100-의왕시-더불어민주당-1-1.md","https://github.com/treylom/opencrab-nec-2026-local-election-data/blob/main/supplements/official_gap_recovery_2026/direct_nec_downloads/markdown/920260603-4100-의왕시-더불어민주당-1-1.md","ok","pymupdf","ok","4","1110","1575611","pack_stale_currently_available_direct_nec_recovered"
"920260603-4100-수원시-더불어민주당-1-1","party-doc:920260603:수원시:더불어민주당:1","4100","경기도","920260603","기초의원비례대표선거","수원시","","","더불어민주당","1","비례대표 정당 제출자료","https://policy.nec.go.kr/plc/common/downloadFile.do?requestedFileName=20260603_%EC%88%98%EC%9B%90%EC%8B%9C_%EB%8D%94%EB%B6%88%EC%96%B4%EB%AF%BC%EC%A3%BC%EB%8B%B9_%EB%B9%84%EB%A1%80%EB%8C%80%ED%91%9C%20%EC%A0%95%EB%8B%B9%20%EC%A0%9C%EC%B6%9C%EC%9E%90%EB%A3%8C.pdf&requestedFullPath=20260603/PDF/PBINFO_PUB/4103/003_100_20260525_2.pdf","20260603/PDF/PBINFO_PUB/4103/003_100_20260525_2.pdf","supplements/official_gap_recovery_2026/direct_nec_downloads/markdown/920260603-4100-수원시-더불어민주당-1-1.md","https://github.com/treylom/opencrab-nec-2026-local-election-data/blob/main/supplements/official_gap_recovery_2026/direct_nec_downloads/markdown/920260603-4100-수원시-더불어민주당-1-1.md","ok","pymupdf","ok","4","1331","1610216","pack_stale_currently_available_direct_nec_recovered"
"920260603-4100-포천시-더불어민주당-1-1","party-doc:920260603:포천시:더불어민주당:1","4100","경기도","920260603","기초의원비례대표선거","포천시","","","더불어민주당","1","비례대표 정당 제출자료","https://policy.nec.go.kr/plc/common/downloadFile.do?requestedFileName=20260603_%ED%8F%AC%EC%B2%9C%EC%8B%9C_%EB%8D%94%EB%B6%88%EC%96%B4%EB%AF%BC%EC%A3%BC%EB%8B%B9_%EB%B9%84%EB%A1%80%EB%8C%80%ED%91%9C%20%EC%A0%95%EB%8B%B9%20%EC%A0%9C%EC%B6%9C%EC%9E%90%EB%A3%8C.pdf&requestedFullPath=20260603/PDF/PBINFO_PUB/4141/003_100_20260523_1.pdf","20260603/PDF/PBINFO_PUB/4141/003_100_20260523_1.pdf","supplements/official_gap_recovery_2026/direct_nec_downloads/markdown/920260603-4100-포천시-더불어민주당-1-1.md","https://github.com/treylom/opencrab-nec-2026-local-election-data/blob/main/supplements/official_gap_recovery_2026/direct_nec_downloads/markdown/920260603-4100-포천시-더불어민주당-1-1.md","ok","pymupdf","ok","2","1397","1986342","pack_stale_currently_available_direct_nec_recovered"
"920260603-4100-여주시-더불어민주당-1-0","party-doc:920260603:여주시:더불어민주당:1","4100","경기도","920260603","기초의원비례대표선거","여주시","","","더불어민주당","1","비례대표 정당 제출자료","https://policy.nec.go.kr/plc/common/downloadFile.do?requestedFileName=20260603_%EC%97%AC%EC%A3%BC%EC%8B%9C_%EB%8D%94%EB%B6%88%EC%96%B4%EB%AF%BC%EC%A3%BC%EB%8B%B9_%EB%B9%84%EB%A1%80%EB%8C%80%ED%91%9C%20%EC%A0%95%EB%8B%B9%20%EC%A0%9C%EC%B6%9C%EC%9E%90%EB%A3%8C.pdf&requestedFullPath=20260603/PDF/PBINFO_PUB/4133/003_100_20260522_1.pdf","20260603/PDF/PBINFO_PUB/4133/003_100_20260522_1.pdf","supplements/official_gap_recovery_2026/direct_nec_downloads/markdown/920260603-4100-여주시-더불어민주당-1-0.md","https://github.com/treylom/opencrab-nec-2026-local-election-data/blob/main/supplements/official_gap_recovery_2026/direct_nec_downloads/markdown/920260603-4100-여주시-더불어민주당-1-0.md","ok","pymupdf","ok","2","1336","2272061","pack_stale_currently_available_direct_nec_recovered"
"920260603-4100-동두천시-더불어민주당-1-1","party-doc:920260603:동두천시:더불어민주당:1","4100","경기도","920260603","기초의원비례대표선거","동두천시","","","더불어민주당","1","비례대표 정당 제출자료","https://policy.nec.go.kr/plc/common/downloadFile.do?requestedFileName=20260603_%EB%8F%99%EB%91%90%EC%B2%9C%EC%8B%9C_%EB%8D%94%EB%B6%88%EC%96%B4%EB%AF%BC%EC%A3%BC%EB%8B%B9_%EB%B9%84%EB%A1%80%EB%8C%80%ED%91%9C%20%EC%A0%95%EB%8B%B9%20%EC%A0%9C%EC%B6%9C%EC%9E%90%EB%A3%8C.pdf&requestedFullPath=20260603/PDF/PBINFO_PUB/4117/003_100_20260523_1.pdf","20260603/PDF/PBINFO_PUB/4117/003_100_20260523_1.pdf","supplements/official_gap_recovery_2026/direct_nec_downloads/markdown/920260603-4100-동두천시-더불어민주당-1-1.md","https://github.com/treylom/opencrab-nec-2026-local-election-data/blob/main/supplements/official_gap_recovery_2026/direct_nec_downloads/markdown/920260603-4100-동두천시-더불어민주당-1-1.md","ok","pymupdf","ok","2","1362","1913841","pack_stale_currently_available_direct_nec_recovered"
"920260603-4100-평택시-더불어민주당-1-1","party-doc:920260603:평택시:더불어민주당:1","4100","경기도","920260603","기초의원비례대표선거","평택시","","","더불어민주당","1","비례대표 정당 제출자료","https://policy.nec.go.kr/plc/common/downloadFile.do?requestedFileName=20260603_%ED%8F%89%ED%83%9D%EC%8B%9C_%EB%8D%94%EB%B6%88%EC%96%B4%EB%AF%BC%EC%A3%BC%EB%8B%B9_%EB%B9%84%EB%A1%80%EB%8C%80%ED%91%9C%20%EC%A0%95%EB%8B%B9%20%EC%A0%9C%EC%B6%9C%EC%9E%90%EB%A3%8C.pdf&requestedFullPath=20260603/PDF/PBINFO_PUB/4115/003_100_20260525_1.pdf","20260603/PDF/PBINFO_PUB/4115/003_100_20260525_1.pdf","supplements/official_gap_recovery_2026/direct_nec_downloads/markdown/920260603-4100-평택시-더불어민주당-1-1.md","https://github.com/treylom/opencrab-nec-2026-local-election-data/blob/main/supplements/official_gap_recovery_2026/direct_nec_downloads/markdown/920260603-4100-평택시-더불어민주당-1-1.md","ok","pymupdf","ok","4","1234","1632136","pack_stale_currently_available_direct_nec_recovered"
"920260603-4100-화성시-더불어민주당-1-1","party-doc:920260603:화성시:더불어민주당:1","4100","경기도","920260603","기초의원비례대표선거","화성시","","","더불어민주당","1","비례대표 정당 제출자료","https://policy.nec.go.kr/plc/common/downloadFile.do?requestedFileName=20260603_%ED%99%94%EC%84%B1%EC%8B%9C_%EB%8D%94%EB%B6%88%EC%96%B4%EB%AF%BC%EC%A3%BC%EB%8B%B9_%EB%B9%84%EB%A1%80%EB%8C%80%ED%91%9C%20%EC%A0%95%EB%8B%B9%20%EC%A0%9C%EC%B6%9C%EC%9E%90%EB%A3%8C.pdf&requestedFullPath=20260603/PDF/PBINFO_PUB/4153/003_100_20260523_1.pdf","20260603/PDF/PBINFO_PUB/4153/003_100_20260523_1.pdf","supplements/official_gap_recovery_2026/direct_nec_downloads/markdown/920260603-4100-화성시-더불어민주당-1-1.md","https://github.com/treylom/opencrab-nec-2026-local-election-data/blob/main/supplements/official_gap_recovery_2026/direct_nec_downloads/markdown/920260603-4100-화성시-더불어민주당-1-1.md","ok","pymupdf","ok","2","1191","1222992","pack_stale_currently_available_direct_nec_recovered"
"920260603-4100-연천군-더불어민주당-1-1","party-doc:920260603:연천군:더불어민주당:1","4100","경기도","920260603","기초의원비례대표선거","연천군","","","더불어민주당","1","비례대표 정당 제출자료","https://policy.nec.go.kr/plc/common/downloadFile.do?requestedFileName=20260603_%EC%97%B0%EC%B2%9C%EA%B5%B0_%EB%8D%94%EB%B6%88%EC%96%B4%EB%AF%BC%EC%A3%BC%EB%8B%B9_%EB%B9%84%EB%A1%80%EB%8C%80%ED%91%9C%20%EC%A0%95%EB%8B%B9%20%EC%A0%9C%EC%B6%9C%EC%9E%90%EB%A3%8C.pdf&requestedFullPath=20260603/PDF/PBINFO_PUB/4142/003_100_20260522_1.pdf","20260603/PDF/PBINFO_PUB/4142/003_100_20260522_1.pdf","supplements/official_gap_recovery_2026/direct_nec_downloads/markdown/920260603-4100-연천군-더불어민주당-1-1.md","https://github.com/treylom/opencrab-nec-2026-local-election-data/blob/main/supplements/official_gap_recovery_2026/direct_nec_downloads/markdown/920260603-4100-연천군-더불어민주당-1-1.md","ok","pymupdf","ok","2","1043","1167081","pack_stale_currently_available_direct_nec_recovered"
"920260603-4100-안성시-더불어민주당-1-1","party-doc:920260603:안성시:더불어민주당:1","4100","경기도","920260603","기초의원비례대표선거","안성시","","","더불어민주당","1","비례대표 정당 제출자료","https://policy.nec.go.kr/plc/common/downloadFile.do?requestedFileName=20260603_%EC%95%88%EC%84%B1%EC%8B%9C_%EB%8D%94%EB%B6%88%EC%96%B4%EB%AF%BC%EC%A3%BC%EB%8B%B9_%EB%B9%84%EB%A1%80%EB%8C%80%ED%91%9C%20%EC%A0%95%EB%8B%B9%20%EC%A0%9C%EC%B6%9C%EC%9E%90%EB%A3%8C.pdf&requestedFullPath=20260603/PDF/PBINFO_PUB/4138/003_100_20260523_1.pdf","20260603/PDF/PBINFO_PUB/4138/003_100_20260523_1.pdf","supplements/official_gap_recovery_2026/direct_nec_downloads/markdown/920260603-4100-안성시-더불어민주당-1-1.md","https://github.com/treylom/opencrab-nec-2026-local-election-data/blob/main/supplements/official_gap_recovery_2026/direct_nec_downloads/markdown/920260603-4100-안성시-더불어민주당-1-1.md","ok","pymupdf","ok","2","1083","1209494","pack_stale_currently_available_direct_nec_recovered"
"920260603-4100-시흥시-더불어민주당-1-1","party-doc:920260603:시흥시:더불어민주당:1","4100","경기도","920260603","기초의원비례대표선거","시흥시","","","더불어민주당","1","비례대표 정당 제출자료","https://policy.nec.go.kr/plc/common/downloadFile.do?requestedFileName=20260603_%EC%8B%9C%ED%9D%A5%EC%8B%9C_%EB%8D%94%EB%B6%88%EC%96%B4%EB%AF%BC%EC%A3%BC%EB%8B%B9_%EB%B9%84%EB%A1%80%EB%8C%80%ED%91%9C%20%EC%A0%95%EB%8B%B9%20%EC%A0%9C%EC%B6%9C%EC%9E%90%EB%A3%8C.pdf&requestedFullPath=20260603/PDF/PBINFO_PUB/4129/003_100_20260523_1.pdf","20260603/PDF/PBINFO_PUB/4129/003_100_20260523_1.pdf","supplements/official_gap_recovery_2026/direct_nec_downloads/markdown/920260603-4100-시흥시-더불어민주당-1-1.md","https://github.com/treylom/opencrab-nec-2026-local-election-data/blob/main/supplements/official_gap_recovery_2026/direct_nec_downloads/markdown/920260603-4100-시흥시-더불어민주당-1-1.md","ok","pymupdf","ok","2","1213","1160911","pack_stale_currently_available_direct_nec_recovered"
"920260603-4100-양평군-더불어민주당-1-1","party-doc:920260603:양평군:더불어민주당:1","4100","경기도","920260603","기초의원비례대표선거","양평군","","","더불어민주당","1","비례대표 정당 제출자료","https://policy.nec.go.kr/plc/common/downloadFile.do?requestedFileName=20260603_%EC%96%91%ED%8F%89%EA%B5%B0_%EB%8D%94%EB%B6%88%EC%96%B4%EB%AF%BC%EC%A3%BC%EB%8B%B9_%EB%B9%84%EB%A1%80%EB%8C%80%ED%91%9C%20%EC%A0%95%EB%8B%B9%20%EC%A0%9C%EC%B6%9C%EC%9E%90%EB%A3%8C.pdf&requestedFullPath=20260603/PDF/PBINFO_PUB/4143/003_100_20260522_1.pdf","20260603/PDF/PBINFO_PUB/4143/003_100_20260522_1.pdf","supplements/official_gap_recovery_2026/direct_nec_downloads/markdown/920260603-4100-양평군-더불어민주당-1-1.md","https://github.com/treylom/opencrab-nec-2026-local-election-data/blob/main/supplements/official_gap_recovery_2026/direct_nec_downloads/markdown/920260603-4100-양평군-더불어민주당-1-1.md","ok","pymupdf","ok","2","1352","2843630","pack_stale_currently_available_direct_nec_recovered"
"920260603-4100-안산시-더불어민주당-1-1","party-doc:920260603:안산시:더불어민주당:1","4100","경기도","920260603","기초의원비례대표선거","안산시","","","더불어민주당","1","비례대표 정당 제출자료","https://policy.nec.go.kr/plc/common/downloadFile.do?requestedFileName=20260603_%EC%95%88%EC%82%B0%EC%8B%9C_%EB%8D%94%EB%B6%88%EC%96%B4%EB%AF%BC%EC%A3%BC%EB%8B%B9_%EB%B9%84%EB%A1%80%EB%8C%80%ED%91%9C%20%EC%A0%95%EB%8B%B9%20%EC%A0%9C%EC%B6%9C%EC%9E%90%EB%A3%8C.pdf&requestedFullPath=20260603/PDF/PBINFO_PUB/4119/003_100_20260525_2.pdf","20260603/PDF/PBINFO_PUB/4119/003_100_20260525_2.pdf","supplements/official_gap_recovery_2026/direct_nec_downloads/markdown/920260603-4100-안산시-더불어민주당-1-1.md","https://github.com/treylom/opencrab-nec-2026-local-election-data/blob/main/supplements/official_gap_recovery_2026/direct_nec_downloads/markdown/920260603-4100-안산시-더불어민주당-1-1.md","ok","pymupdf","ok","4","1098","1580409","pack_stale_currently_available_direct_nec_recovered"
"920260603-4100-성남시-더불어민주당-1-1","party-doc:920260603:성남시:더불어민주당:1","4100","경기도","920260603","기초의원비례대표선거","성남시","","","더불어민주당","1","비례대표 정당 제출자료","https://policy.nec.go.kr/plc/common/downloadFile.do?requestedFileName=20260603_%EC%84%B1%EB%82%A8%EC%8B%9C_%EB%8D%94%EB%B6%88%EC%96%B4%EB%AF%BC%EC%A3%BC%EB%8B%B9_%EB%B9%84%EB%A1%80%EB%8C%80%ED%91%9C%20%EC%A0%95%EB%8B%B9%20%EC%A0%9C%EC%B6%9C%EC%9E%90%EB%A3%8C.pdf&requestedFullPath=20260603/PDF/PBINFO_PUB/4106/003_100_20260523_1.pdf","20260603/PDF/PBINFO_PUB/4106/003_100_20260523_1.pdf","supplements/official_gap_recovery_2026/direct_nec_downloads/markdown/920260603-4100-성남시-더불어민주당-1-1.md","https://github.com/treylom/opencrab-nec-2026-local-election-data/blob/main/supplements/official_gap_recovery_2026/direct_nec_downloads/markdown/920260603-4100-성남시-더불어민주당-1-1.md","ok","pymupdf","suspiciously_short_text","2","24","1504804","pack_stale_currently_available_direct_nec_recovered"
"920260603-4100-가평군-더불어민주당-1-1","party-doc:920260603:가평군:더불어민주당:1","4100","경기도","920260603","기초의원비례대표선거","가평군","","","더불어민주당","1","비례대표 정당 제출자료","https://policy.nec.go.kr/plc/common/downloadFile.do?requestedFileName=20260603_%EA%B0%80%ED%8F%89%EA%B5%B0_%EB%8D%94%EB%B6%88%EC%96%B4%EB%AF%BC%EC%A3%BC%EB%8B%B9_%EB%B9%84%EB%A1%80%EB%8C%80%ED%91%9C%20%EC%A0%95%EB%8B%B9%20%EC%A0%9C%EC%B6%9C%EC%9E%90%EB%A3%8C.pdf&requestedFullPath=20260603/PDF/PBINFO_PUB/4144/003_100_20260525_1.pdf","20260603/PDF/PBINFO_PUB/4144/003_100_20260525_1.pdf","supplements/official_gap_recovery_2026/direct_nec_downloads/markdown/920260603-4100-가평군-더불어민주당-1-1.md","https://github.com/treylom/opencrab-nec-2026-local-election-data/blob/main/supplements/official_gap_recovery_2026/direct_nec_downloads/markdown/920260603-4100-가평군-더불어민주당-1-1.md","ok","pymupdf","ok","4","1096","3127927","pack_stale_currently_available_direct_nec_recovered"
"920260603-4100-김포시-더불어민주당-1-1","party-doc:920260603:김포시:더불어민주당:1","4100","경기도","920260603","기초의원비례대표선거","김포시","","","더불어민주당","1","비례대표 정당 제출자료","https://policy.nec.go.kr/plc/common/downloadFile.do?requestedFileName=20260603_%EA%B9%80%ED%8F%AC%EC%8B%9C_%EB%8D%94%EB%B6%88%EC%96%B4%EB%AF%BC%EC%A3%BC%EB%8B%B9_%EB%B9%84%EB%A1%80%EB%8C%80%ED%91%9C%20%EC%A0%95%EB%8B%B9%20%EC%A0%9C%EC%B6%9C%EC%9E%90%EB%A3%8C.pdf&requestedFullPath=20260603/PDF/PBINFO_PUB/4139/003_100_20260523_1.pdf","20260603/PDF/PBINFO_PUB/4139/003_100_20260523_1.pdf","supplements/official_gap_recovery_2026/direct_nec_downloads/markdown/920260603-4100-김포시-더불어민주당-1-1.md","https://github.com/treylom/opencrab-nec-2026-local-election-data/blob/main/supplements/official_gap_recovery_2026/direct_nec_downloads/markdown/920260603-4100-김포시-더불어민주당-1-1.md","ok","pymupdf","ok","2","1064","1208315","pack_stale_currently_available_direct_nec_recovered"
"920260603-4100-구리시-더불어민주당-1-1","party-doc:920260603:구리시:더불어민주당:1","4100","경기도","920260603","기초의원비례대표선거","구리시","","","더불어민주당","1","비례대표 정당 제출자료","https://policy.nec.go.kr/plc/common/downloadFile.do?requestedFileName=20260603_%EA%B5%AC%EB%A6%AC%EC%8B%9C_%EB%8D%94%EB%B6%88%EC%96%B4%EB%AF%BC%EC%A3%BC%EB%8B%B9_%EB%B9%84%EB%A1%80%EB%8C%80%ED%91%9C%20%EC%A0%95%EB%8B%B9%20%EC%A0%9C%EC%B6%9C%EC%9E%90%EB%A3%8C.pdf&requestedFullPath=20260603/PDF/PBINFO_PUB/4125/003_100_20260522_1.pdf","20260603/PDF/PBINFO_PUB/4125/003_100_20260522_1.pdf","supplements/official_gap_recovery_2026/direct_nec_downloads/markdown/920260603-4100-구리시-더불어민주당-1-1.md","https://github.com/treylom/opencrab-nec-2026-local-election-data/blob/main/supplements/official_gap_recovery_2026/direct_nec_downloads/markdown/920260603-4100-구리시-더불어민주당-1-1.md","ok","pymupdf","ok","2","1381","1848538","pack_stale_currently_available_direct_nec_recovered"
"920260603-4100-안양시-더불어민주당-1-1","party-doc:920260603:안양시:더불어민주당:1","4100","경기도","920260603","기초의원비례대표선거","안양시","","","더불어민주당","1","비례대표 정당 제출자료","https://policy.nec.go.kr/plc/common/downloadFile.do?requestedFileName=20260603_%EC%95%88%EC%96%91%EC%8B%9C_%EB%8D%94%EB%B6%88%EC%96%B4%EB%AF%BC%EC%A3%BC%EB%8B%B9_%EB%B9%84%EB%A1%80%EB%8C%80%ED%91%9C%20%EC%A0%95%EB%8B%B9%20%EC%A0%9C%EC%B6%9C%EC%9E%90%EB%A3%8C.pdf&requestedFullPath=20260603/PDF/PBINFO_PUB/4110/003_100_20260522_1.pdf","20260603/PDF/PBINFO_PUB/4110/003_100_20260522_1.pdf","supplements/official_gap_recovery_2026/direct_nec_downloads/markdown/920260603-4100-안양시-더불어민주당-1-1.md","https://github.com/treylom/opencrab-nec-2026-local-election-data/blob/main/supplements/official_gap_recovery_2026/direct_nec_downloads/markdown/920260603-4100-안양시-더불어민주당-1-1.md","ok","pymupdf","ok","2","1520","2123399","pack_stale_currently_available_direct_nec_recovered"
"920260603-4100-파주시-더불어민주당-1-0","party-doc:920260603:파주시:더불어민주당:1","4100","경기도","920260603","기초의원비례대표선거","파주시","","","더불어민주당","1","비례대표 정당 제출자료","https://policy.nec.go.kr/plc/common/downloadFile.do?requestedFileName=20260603_%ED%8C%8C%EC%A3%BC%EC%8B%9C_%EB%8D%94%EB%B6%88%EC%96%B4%EB%AF%BC%EC%A3%BC%EB%8B%B9_%EB%B9%84%EB%A1%80%EB%8C%80%ED%91%9C%20%EC%A0%95%EB%8B%B9%20%EC%A0%9C%EC%B6%9C%EC%9E%90%EB%A3%8C.pdf&requestedFullPath=20260603/PDF/PBINFO_PUB/4132/003_100_20260522_2.pdf","20260603/PDF/PBINFO_PUB/4132/003_100_20260522_2.pdf","supplements/official_gap_recovery_2026/direct_nec_downloads/markdown/920260603-4100-파주시-더불어민주당-1-0.md","https://github.com/treylom/opencrab-nec-2026-local-election-data/blob/main/supplements/official_gap_recovery_2026/direct_nec_downloads/markdown/920260603-4100-파주시-더불어민주당-1-0.md","ok","pymupdf","ok","4","1098","3169813","pack_stale_currently_available_direct_nec_recovered"
"920260603-4100-하남시-더불어민주당-1-1","party-doc:920260603:하남시:더불어민주당:1","4100","경기도","920260603","기초의원비례대표선거","하남시","","","더불어민주당","1","비례대표 정당 제출자료","https://policy.nec.go.kr/plc/common/downloadFile.do?requestedFileName=20260603_%ED%95%98%EB%82%A8%EC%8B%9C_%EB%8D%94%EB%B6%88%EC%96%B4%EB%AF%BC%EC%A3%BC%EB%8B%B9_%EB%B9%84%EB%A1%80%EB%8C%80%ED%91%9C%20%EC%A0%95%EB%8B%B9%20%EC%A0%9C%EC%B6%9C%EC%9E%90%EB%A3%8C.pdf&requestedFullPath=20260603/PDF/PBINFO_PUB/4131/003_100_20260524_1.pdf","20260603/PDF/PBINFO_PUB/4131/003_100_20260524_1.pdf","supplements/official_gap_recovery_2026/direct_nec_downloads/markdown/920260603-4100-하남시-더불어민주당-1-1.md","https://github.com/treylom/opencrab-nec-2026-local-election-data/blob/main/supplements/official_gap_recovery_2026/direct_nec_downloads/markdown/920260603-4100-하남시-더불어민주당-1-1.md","ok","pymupdf","ok","2","1102","1293726","pack_stale_currently_available_direct_nec_recovered"
"920260603-4100-군포시-더불어민주당-1-1","party-doc:920260603:군포시:더불어민주당:1","4100","경기도","920260603","기초의원비례대표선거","군포시","","","더불어민주당","1","비례대표 정당 제출자료","https://policy.nec.go.kr/plc/common/downloadFile.do?requestedFileName=20260603_%EA%B5%B0%ED%8F%AC%EC%8B%9C_%EB%8D%94%EB%B6%88%EC%96%B4%EB%AF%BC%EC%A3%BC%EB%8B%B9_%EB%B9%84%EB%A1%80%EB%8C%80%ED%91%9C%20%EC%A0%95%EB%8B%B9%20%EC%A0%9C%EC%B6%9C%EC%9E%90%EB%A3%8C.pdf&requestedFullPath=20260603/PDF/PBINFO_PUB/4130/003_100_20260525_1.pdf","20260603/PDF/PBINFO_PUB/4130/003_100_20260525_1.pdf","supplements/official_gap_recovery_2026/direct_nec_downloads/markdown/920260603-4100-군포시-더불어민주당-1-1.md","https://github.com/treylom/opencrab-nec-2026-local-election-data/blob/main/supplements/official_gap_recovery_2026/direct_nec_downloads/markdown/920260603-4100-군포시-더불어민주당-1-1.md","ok","pymupdf","ok","4","1151","1578754","pack_stale_currently_available_direct_nec_recovered"
"920260603-4100-남양주시-더불어민주당-1-1","party-doc:920260603:남양주시:더불어민주당:1","4100","경기도","920260603","기초의원비례대표선거","남양주시","","","더불어민주당","1","비례대표 정당 제출자료","https://policy.nec.go.kr/plc/common/downloadFile.do?requestedFileName=20260603_%EB%82%A8%EC%96%91%EC%A3%BC%EC%8B%9C_%EB%8D%94%EB%B6%88%EC%96%B4%EB%AF%BC%EC%A3%BC%EB%8B%B9_%EB%B9%84%EB%A1%80%EB%8C%80%ED%91%9C%20%EC%A0%95%EB%8B%B9%20%EC%A0%9C%EC%B6%9C%EC%9E%90%EB%A3%8C.pdf&requestedFullPath=20260603/PDF/PBINFO_PUB/4126/003_100_20260522_1.pdf","20260603/PDF/PBINFO_PUB/4126/003_100_20260522_1.pdf","supplements/official_gap_recovery_2026/direct_nec_downloads/markdown/920260603-4100-남양주시-더불어민주당-1-1.md","https://github.com/treylom/opencrab-nec-2026-local-election-data/blob/main/supplements/official_gap_recovery_2026/direct_nec_downloads/markdown/920260603-4100-남양주시-더불어민주당-1-1.md","ok","pymupdf","ok","2","1367","1863078","pack_stale_currently_available_direct_nec_recovered"
"920260603-4100-양주시-더불어민주당-1-1","party-doc:920260603:양주시:더불어민주당:1","4100","경기도","920260603","기초의원비례대표선거","양주시","","","더불어민주당","1","비례대표 정당 제출자료","https://policy.nec.go.kr/plc/common/downloadFile.do?requestedFileName=20260603_%EC%96%91%EC%A3%BC%EC%8B%9C_%EB%8D%94%EB%B6%88%EC%96%B4%EB%AF%BC%EC%A3%BC%EB%8B%B9_%EB%B9%84%EB%A1%80%EB%8C%80%ED%91%9C%20%EC%A0%95%EB%8B%B9%20%EC%A0%9C%EC%B6%9C%EC%9E%90%EB%A3%8C.pdf&requestedFullPath=20260603/PDF/PBINFO_PUB/4116/003_100_20260522_1.pdf","20260603/PDF/PBINFO_PUB/4116/003_100_20260522_1.pdf","supplements/official_gap_recovery_2026/direct_nec_downloads/markdown/920260603-4100-양주시-더불어민주당-1-1.md","https://github.com/treylom/opencrab-nec-2026-local-election-data/blob/main/supplements/official_gap_recovery_2026/direct_nec_downloads/markdown/920260603-4100-양주시-더불어민주당-1-1.md","ok","pymupdf","ok","2","1585","1910704","pack_stale_currently_available_direct_nec_recovered"
"920260603-4100-화성시-국민의힘-1-1","party-doc:920260603:화성시:국민의힘:1","4100","경기도","920260603","기초의원비례대표선거","화성시","","","국민의힘","1","비례대표 정당 제출자료","https://policy.nec.go.kr/plc/common/downloadFile.do?requestedFileName=20260603_%ED%99%94%EC%84%B1%EC%8B%9C_%EA%B5%AD%EB%AF%BC%EC%9D%98%ED%9E%98_%EB%B9%84%EB%A1%80%EB%8C%80%ED%91%9C%20%EC%A0%95%EB%8B%B9%20%EC%A0%9C%EC%B6%9C%EC%9E%90%EB%A3%8C.pdf&requestedFullPath=20260603/PDF/PBINFO_PUB/4153/003_200_20260521_1.pdf","20260603/PDF/PBINFO_PUB/4153/003_200_20260521_1.pdf","supplements/official_gap_recovery_2026/direct_nec_downloads/markdown/920260603-4100-화성시-국민의힘-1-1.md","https://github.com/treylom/opencrab-nec-2026-local-election-data/blob/main/supplements/official_gap_recovery_2026/direct_nec_downloads/markdown/920260603-4100-화성시-국민의힘-1-1.md","ok","pymupdf","ok","8","2371","1051870","pack_stale_currently_available_direct_nec_recovered"
"920260603-4100-과천시-국민의힘-1-1","party-doc:920260603:과천시:국민의힘:1","4100","경기도","920260603","기초의원비례대표선거","과천시","","","국민의힘","1","비례대표 정당 제출자료","https://policy.nec.go.kr/plc/common/downloadFile.do?requestedFileName=20260603_%EA%B3%BC%EC%B2%9C%EC%8B%9C_%EA%B5%AD%EB%AF%BC%EC%9D%98%ED%9E%98_%EB%B9%84%EB%A1%80%EB%8C%80%ED%91%9C%20%EC%A0%95%EB%8B%B9%20%EC%A0%9C%EC%B6%9C%EC%9E%90%EB%A3%8C.pdf&requestedFullPath=20260603/PDF/PBINFO_PUB/4123/003_200_20260523_1.pdf","20260603/PDF/PBINFO_PUB/4123/003_200_20260523_1.pdf","supplements/official_gap_recovery_2026/direct_nec_downloads/markdown/920260603-4100-과천시-국민의힘-1-1.md","https://github.com/treylom/opencrab-nec-2026-local-election-data/blob/main/supplements/official_gap_recovery_2026/direct_nec_downloads/markdown/920260603-4100-과천시-국민의힘-1-1.md","ok","pymupdf","ok","8","2315","15330807","pack_stale_currently_available_direct_nec_recovered"
"920260603-4100-양평군-국민의힘-1-1","party-doc:920260603:양평군:국민의힘:1","4100","경기도","920260603","기초의원비례대표선거","양평군","","","국민의힘","1","비례대표 정당 제출자료","https://policy.nec.go.kr/plc/common/downloadFile.do?requestedFileName=20260603_%EC%96%91%ED%8F%89%EA%B5%B0_%EA%B5%AD%EB%AF%BC%EC%9D%98%ED%9E%98_%EB%B9%84%EB%A1%80%EB%8C%80%ED%91%9C%20%EC%A0%95%EB%8B%B9%20%EC%A0%9C%EC%B6%9C%EC%9E%90%EB%A3%8C.pdf&requestedFullPath=20260603/PDF/PBINFO_PUB/4143/003_200_20260522_1.pdf","20260603/PDF/PBINFO_PUB/4143/003_200_20260522_1.pdf","supplements/official_gap_recovery_2026/direct_nec_downloads/markdown/920260603-4100-양평군-국민의힘-1-1.md","https://github.com/treylom/opencrab-nec-2026-local-election-data/blob/main/supplements/official_gap_recovery_2026/direct_nec_downloads/markdown/920260603-4100-양평군-국민의힘-1-1.md","ok","pymupdf","ok","8","2279","14733807","pack_stale_currently_available_direct_nec_recovered"
"920260603-4100-안성시-국민의힘-1-1","party-doc:920260603:안성시:국민의힘:1","4100","경기도","920260603","기초의원비례대표선거","안성시","","","국민의힘","1","비례대표 정당 제출자료","https://policy.nec.go.kr/plc/common/downloadFile.do?requestedFileName=20260603_%EC%95%88%EC%84%B1%EC%8B%9C_%EA%B5%AD%EB%AF%BC%EC%9D%98%ED%9E%98_%EB%B9%84%EB%A1%80%EB%8C%80%ED%91%9C%20%EC%A0%95%EB%8B%B9%20%EC%A0%9C%EC%B6%9C%EC%9E%90%EB%A3%8C.pdf&requestedFullPath=20260603/PDF/PBINFO_PUB/4138/003_200_20260523_1.pdf","20260603/PDF/PBINFO_PUB/4138/003_200_20260523_1.pdf","supplements/official_gap_recovery_2026/direct_nec_downloads/markdown/920260603-4100-안성시-국민의힘-1-1.md","https://github.com/treylom/opencrab-nec-2026-local-election-data/blob/main/supplements/official_gap_recovery_2026/direct_nec_downloads/markdown/920260603-4100-안성시-국민의힘-1-1.md","ok","pymupdf","ok","8","2323","14781593","pack_stale_currently_available_direct_nec_recovered"
"920260603-4100-안산시-국민의힘-1-1","party-doc:920260603:안산시:국민의힘:1","4100","경기도","920260603","기초의원비례대표선거","안산시","","","국민의힘","1","비례대표 정당 제출자료","https://policy.nec.go.kr/plc/common/downloadFile.do?requestedFileName=20260603_%EC%95%88%EC%82%B0%EC%8B%9C_%EA%B5%AD%EB%AF%BC%EC%9D%98%ED%9E%98_%EB%B9%84%EB%A1%80%EB%8C%80%ED%91%9C%20%EC%A0%95%EB%8B%B9%20%EC%A0%9C%EC%B6%9C%EC%9E%90%EB%A3%8C.pdf&requestedFullPath=20260603/PDF/PBINFO_PUB/4119/003_200_20260524_1.pdf","20260603/PDF/PBINFO_PUB/4119/003_200_20260524_1.pdf","supplements/official_gap_recovery_2026/direct_nec_downloads/markdown/920260603-4100-안산시-국민의힘-1-1.md","https://github.com/treylom/opencrab-nec-2026-local-election-data/blob/main/supplements/official_gap_recovery_2026/direct_nec_downloads/markdown/920260603-4100-안산시-국민의힘-1-1.md","ok","pymupdf","ok","8","2302","14800946","pack_stale_currently_available_direct_nec_recovered"
"920260603-4100-하남시-국민의힘-1-1","party-doc:920260603:하남시:국민의힘:1","4100","경기도","920260603","기초의원비례대표선거","하남시","","","국민의힘","1","비례대표 정당 제출자료","https://policy.nec.go.kr/plc/common/downloadFile.do?requestedFileName=20260603_%ED%95%98%EB%82%A8%EC%8B%9C_%EA%B5%AD%EB%AF%BC%EC%9D%98%ED%9E%98_%EB%B9%84%EB%A1%80%EB%8C%80%ED%91%9C%20%EC%A0%95%EB%8B%B9%20%EC%A0%9C%EC%B6%9C%EC%9E%90%EB%A3%8C.pdf&requestedFullPath=20260603/PDF/PBINFO_PUB/4131/003_200_20260524_1.pdf","20260603/PDF/PBINFO_PUB/4131/003_200_20260524_1.pdf","supplements/official_gap_recovery_2026/direct_nec_downloads/markdown/920260603-4100-하남시-국민의힘-1-1.md","https://github.com/treylom/opencrab-nec-2026-local-election-data/blob/main/supplements/official_gap_recovery_2026/direct_nec_downloads/markdown/920260603-4100-하남시-국민의힘-1-1.md","ok","pymupdf","ok","8","2307","14744271","pack_stale_currently_available_direct_nec_recovered"
"920260603-4100-포천시-국민의힘-1-1","party-doc:920260603:포천시:국민의힘:1","4100","경기도","920260603","기초의원비례대표선거","포천시","","","국민의힘","1","비례대표 정당 제출자료","https://policy.nec.go.kr/plc/common/downloadFile.do?requestedFileName=20260603_%ED%8F%AC%EC%B2%9C%EC%8B%9C_%EA%B5%AD%EB%AF%BC%EC%9D%98%ED%9E%98_%EB%B9%84%EB%A1%80%EB%8C%80%ED%91%9C%20%EC%A0%95%EB%8B%B9%20%EC%A0%9C%EC%B6%9C%EC%9E%90%EB%A3%8C.pdf&requestedFullPath=20260603/PDF/PBINFO_PUB/4141/003_200_20260523_1.pdf","20260603/PDF/PBINFO_PUB/4141/003_200_20260523_1.pdf","supplements/official_gap_recovery_2026/direct_nec_downloads/markdown/920260603-4100-포천시-국민의힘-1-1.md","https://github.com/treylom/opencrab-nec-2026-local-election-data/blob/main/supplements/official_gap_recovery_2026/direct_nec_downloads/markdown/920260603-4100-포천시-국민의힘-1-1.md","ok","pymupdf","ok","8","2325","14757117","pack_stale_currently_available_direct_nec_recovered"
"920260603-4100-김포시-국민의힘-1-1","party-doc:920260603:김포시:국민의힘:1","4100","경기도","920260603","기초의원비례대표선거","김포시","","","국민의힘","1","비례대표 정당 제출자료","https://policy.nec.go.kr/plc/common/downloadFile.do?requestedFileName=20260603_%EA%B9%80%ED%8F%AC%EC%8B%9C_%EA%B5%AD%EB%AF%BC%EC%9D%98%ED%9E%98_%EB%B9%84%EB%A1%80%EB%8C%80%ED%91%9C%20%EC%A0%95%EB%8B%B9%20%EC%A0%9C%EC%B6%9C%EC%9E%90%EB%A3%8C.pdf&requestedFullPath=20260603/PDF/PBINFO_PUB/4139/003_0_20260523_1.pdf","20260603/PDF/PBINFO_PUB/4139/003_0_20260523_1.pdf","supplements/official_gap_recovery_2026/direct_nec_downloads/markdown/920260603-4100-김포시-국민의힘-1-1.md","https://github.com/treylom/opencrab-nec-2026-local-election-data/blob/main/supplements/official_gap_recovery_2026/direct_nec_downloads/markdown/920260603-4100-김포시-국민의힘-1-1.md","ok","pymupdf","ok","8","2292","14808211","pack_stale_currently_available_direct_nec_recovered"
"920260603-4100-여주시-국민의힘-1-0","party-doc:920260603:여주시:국민의힘:1","4100","경기도","920260603","기초의원비례대표선거","여주시","","","국민의힘","1","비례대표 정당 제출자료","https://policy.nec.go.kr/plc/common/downloadFile.do?requestedFileName=20260603_%EC%97%AC%EC%A3%BC%EC%8B%9C_%EA%B5%AD%EB%AF%BC%EC%9D%98%ED%9E%98_%EB%B9%84%EB%A1%80%EB%8C%80%ED%91%9C%20%EC%A0%95%EB%8B%B9%20%EC%A0%9C%EC%B6%9C%EC%9E%90%EB%A3%8C.pdf&requestedFullPath=20260603/PDF/PBINFO_PUB/4133/003_200_20260522_1.pdf","20260603/PDF/PBINFO_PUB/4133/003_200_20260522_1.pdf","supplements/official_gap_recovery_2026/direct_nec_downloads/markdown/920260603-4100-여주시-국민의힘-1-0.md","https://github.com/treylom/opencrab-nec-2026-local-election-data/blob/main/supplements/official_gap_recovery_2026/direct_nec_downloads/markdown/920260603-4100-여주시-국민의힘-1-0.md","ok","pymupdf","ok","8","2325","14717860","pack_stale_currently_available_direct_nec_recovered"
"920260603-4100-파주시-국민의힘-1-0","party-doc:920260603:파주시:국민의힘:1","4100","경기도","920260603","기초의원비례대표선거","파주시","","","국민의힘","1","비례대표 정당 제출자료","https://policy.nec.go.kr/plc/common/downloadFile.do?requestedFileName=20260603_%ED%8C%8C%EC%A3%BC%EC%8B%9C_%EA%B5%AD%EB%AF%BC%EC%9D%98%ED%9E%98_%EB%B9%84%EB%A1%80%EB%8C%80%ED%91%9C%20%EC%A0%95%EB%8B%B9%20%EC%A0%9C%EC%B6%9C%EC%9E%90%EB%A3%8C.pdf&requestedFullPath=20260603/PDF/PBINFO_PUB/4132/003_200_20260522_1.pdf","20260603/PDF/PBINFO_PUB/4132/003_200_20260522_1.pdf","supplements/official_gap_recovery_2026/direct_nec_downloads/markdown/920260603-4100-파주시-국민의힘-1-0.md","https://github.com/treylom/opencrab-nec-2026-local-election-data/blob/main/supplements/official_gap_recovery_2026/direct_nec_downloads/markdown/920260603-4100-파주시-국민의힘-1-0.md","ok","pymupdf","ok","8","2380","14897317","pack_stale_currently_available_direct_nec_recovered"
"920260603-4100-시흥시-국민의힘-1-1","party-doc:920260603:시흥시:국민의힘:1","4100","경기도","920260603","기초의원비례대표선거","시흥시","","","국민의힘","1","비례대표 정당 제출자료","https://policy.nec.go.kr/plc/common/downloadFile.do?requestedFileName=20260603_%EC%8B%9C%ED%9D%A5%EC%8B%9C_%EA%B5%AD%EB%AF%BC%EC%9D%98%ED%9E%98_%EB%B9%84%EB%A1%80%EB%8C%80%ED%91%9C%20%EC%A0%95%EB%8B%B9%20%EC%A0%9C%EC%B6%9C%EC%9E%90%EB%A3%8C.pdf&requestedFullPath=20260603/PDF/PBINFO_PUB/4129/003_200_20260523_2.pdf","20260603/PDF/PBINFO_PUB/4129/003_200_20260523_2.pdf","supplements/official_gap_recovery_2026/direct_nec_downloads/markdown/920260603-4100-시흥시-국민의힘-1-1.md","https://github.com/treylom/opencrab-nec-2026-local-election-data/blob/main/supplements/official_gap_recovery_2026/direct_nec_downloads/markdown/920260603-4100-시흥시-국민의힘-1-1.md","ok","pymupdf","ok","8","2355","15024866","pack_stale_currently_available_direct_nec_recovered"
"920260603-4100-안양시-국민의힘-1-1","party-doc:920260603:안양시:국민의힘:1","4100","경기도","920260603","기초의원비례대표선거","안양시","","","국민의힘","1","비례대표 정당 제출자료","https://policy.nec.go.kr/plc/common/downloadFile.do?requestedFileName=20260603_%EC%95%88%EC%96%91%EC%8B%9C_%EA%B5%AD%EB%AF%BC%EC%9D%98%ED%9E%98_%EB%B9%84%EB%A1%80%EB%8C%80%ED%91%9C%20%EC%A0%95%EB%8B%B9%20%EC%A0%9C%EC%B6%9C%EC%9E%90%EB%A3%8C.pdf&requestedFullPath=20260603/PDF/PBINFO_PUB/4110/003_200_20260522_1.pdf","20260603/PDF/PBINFO_PUB/4110/003_200_20260522_1.pdf","supplements/official_gap_recovery_2026/direct_nec_downloads/markdown/920260603-4100-안양시-국민의힘-1-1.md","https://github.com/treylom/opencrab-nec-2026-local-election-data/blob/main/supplements/official_gap_recovery_2026/direct_nec_downloads/markdown/920260603-4100-안양시-국민의힘-1-1.md","ok","pymupdf","ok","8","2293","14740251","pack_stale_currently_available_direct_nec_recovered"
"920260603-4100-성남시-국민의힘-1-1","party-doc:920260603:성남시:국민의힘:1","4100","경기도","920260603","기초의원비례대표선거","성남시","","","국민의힘","1","비례대표 정당 제출자료","https://policy.nec.go.kr/plc/common/downloadFile.do?requestedFileName=20260603_%EC%84%B1%EB%82%A8%EC%8B%9C_%EA%B5%AD%EB%AF%BC%EC%9D%98%ED%9E%98_%EB%B9%84%EB%A1%80%EB%8C%80%ED%91%9C%20%EC%A0%95%EB%8B%B9%20%EC%A0%9C%EC%B6%9C%EC%9E%90%EB%A3%8C.pdf&requestedFullPath=20260603/PDF/PBINFO_PUB/4106/003_200_20260523_1.pdf","20260603/PDF/PBINFO_PUB/4106/003_200_20260523_1.pdf","supplements/official_gap_recovery_2026/direct_nec_downloads/markdown/920260603-4100-성남시-국민의힘-1-1.md","https://github.com/treylom/opencrab-nec-2026-local-election-data/blob/main/supplements/official_gap_recovery_2026/direct_nec_downloads/markdown/920260603-4100-성남시-국민의힘-1-1.md","ok","pymupdf","ok","8","2533","15048164","pack_stale_currently_available_direct_nec_recovered"
"920260603-4100-수원시-국민의힘-1-1","party-doc:920260603:수원시:국민의힘:1","4100","경기도","920260603","기초의원비례대표선거","수원시","","","국민의힘","1","비례대표 정당 제출자료","https://policy.nec.go.kr/plc/common/downloadFile.do?requestedFileName=20260603_%EC%88%98%EC%9B%90%EC%8B%9C_%EA%B5%AD%EB%AF%BC%EC%9D%98%ED%9E%98_%EB%B9%84%EB%A1%80%EB%8C%80%ED%91%9C%20%EC%A0%95%EB%8B%B9%20%EC%A0%9C%EC%B6%9C%EC%9E%90%EB%A3%8C.pdf&requestedFullPath=20260603/PDF/PBINFO_PUB/4103/003_200_20260524_1.pdf","20260603/PDF/PBINFO_PUB/4103/003_200_20260524_1.pdf","supplements/official_gap_recovery_2026/direct_nec_downloads/markdown/920260603-4100-수원시-국민의힘-1-1.md","https://github.com/treylom/opencrab-nec-2026-local-election-data/blob/main/supplements/official_gap_recovery_2026/direct_nec_downloads/markdown/920260603-4100-수원시-국민의힘-1-1.md","ok","pymupdf","ok","8","2398","14949039","pack_stale_currently_available_direct_nec_recovered"
"920260603-4100-연천군-국민의힘-1-1","party-doc:920260603:연천군:국민의힘:1","4100","경기도","920260603","기초의원비례대표선거","연천군","","","국민의힘","1","비례대표 정당 제출자료","https://policy.nec.go.kr/plc/common/downloadFile.do?requestedFileName=20260603_%EC%97%B0%EC%B2%9C%EA%B5%B0_%EA%B5%AD%EB%AF%BC%EC%9D%98%ED%9E%98_%EB%B9%84%EB%A1%80%EB%8C%80%ED%91%9C%20%EC%A0%95%EB%8B%B9%20%EC%A0%9C%EC%B6%9C%EC%9E%90%EB%A3%8C.pdf&requestedFullPath=20260603/PDF/PBINFO_PUB/4142/003_200_20260521_1.pdf","20260603/PDF/PBINFO_PUB/4142/003_200_20260521_1.pdf","supplements/official_gap_recovery_2026/direct_nec_downloads/markdown/920260603-4100-연천군-국민의힘-1-1.md","https://github.com/treylom/opencrab-nec-2026-local-election-data/blob/main/supplements/official_gap_recovery_2026/direct_nec_downloads/markdown/920260603-4100-연천군-국민의힘-1-1.md","ok","pymupdf","ok","8","2310","14815686","pack_stale_currently_available_direct_nec_recovered"
"920260603-4100-양주시-국민의힘-1-1","party-doc:920260603:양주시:국민의힘:1","4100","경기도","920260603","기초의원비례대표선거","양주시","","","국민의힘","1","비례대표 정당 제출자료","https://policy.nec.go.kr/plc/common/downloadFile.do?requestedFileName=20260603_%EC%96%91%EC%A3%BC%EC%8B%9C_%EA%B5%AD%EB%AF%BC%EC%9D%98%ED%9E%98_%EB%B9%84%EB%A1%80%EB%8C%80%ED%91%9C%20%EC%A0%95%EB%8B%B9%20%EC%A0%9C%EC%B6%9C%EC%9E%90%EB%A3%8C.pdf&requestedFullPath=20260603/PDF/PBINFO_PUB/4116/003_200_20260523_1.pdf","20260603/PDF/PBINFO_PUB/4116/003_200_20260523_1.pdf","supplements/official_gap_recovery_2026/direct_nec_downloads/markdown/920260603-4100-양주시-국민의힘-1-1.md","https://github.com/treylom/opencrab-nec-2026-local-election-data/blob/main/supplements/official_gap_recovery_2026/direct_nec_downloads/markdown/920260603-4100-양주시-국민의힘-1-1.md","ok","pymupdf","ok","8","2308","14832654","pack_stale_currently_available_direct_nec_recovered"
"920260603-4100-오산시-국민의힘-1-1","party-doc:920260603:오산시:국민의힘:1","4100","경기도","920260603","기초의원비례대표선거","오산시","","","국민의힘","1","비례대표 정당 제출자료","https://policy.nec.go.kr/plc/common/downloadFile.do?requestedFileName=20260603_%EC%98%A4%EC%82%B0%EC%8B%9C_%EA%B5%AD%EB%AF%BC%EC%9D%98%ED%9E%98_%EB%B9%84%EB%A1%80%EB%8C%80%ED%91%9C%20%EC%A0%95%EB%8B%B9%20%EC%A0%9C%EC%B6%9C%EC%9E%90%EB%A3%8C.pdf&requestedFullPath=20260603/PDF/PBINFO_PUB/4127/003_200_20260522_1.pdf","20260603/PDF/PBINFO_PUB/4127/003_200_20260522_1.pdf","supplements/official_gap_recovery_2026/direct_nec_downloads/markdown/920260603-4100-오산시-국민의힘-1-1.md","https://github.com/treylom/opencrab-nec-2026-local-election-data/blob/main/supplements/official_gap_recovery_2026/direct_nec_downloads/markdown/920260603-4100-오산시-국민의힘-1-1.md","ok","pymupdf","ok","8","2307","14736246","pack_stale_currently_available_direct_nec_recovered"
"920260603-4100-구리시-국민의힘-1-1","party-doc:920260603:구리시:국민의힘:1","4100","경기도","920260603","기초의원비례대표선거","구리시","","","국민의힘","1","비례대표 정당 제출자료","https://policy.nec.go.kr/plc/common/downloadFile.do?requestedFileName=20260603_%EA%B5%AC%EB%A6%AC%EC%8B%9C_%EA%B5%AD%EB%AF%BC%EC%9D%98%ED%9E%98_%EB%B9%84%EB%A1%80%EB%8C%80%ED%91%9C%20%EC%A0%95%EB%8B%B9%20%EC%A0%9C%EC%B6%9C%EC%9E%90%EB%A3%8C.pdf&requestedFullPath=20260603/PDF/PBINFO_PUB/4125/003_200_20260523_1.pdf","20260603/PDF/PBINFO_PUB/4125/003_200_20260523_1.pdf","supplements/official_gap_recovery_2026/direct_nec_downloads/markdown/920260603-4100-구리시-국민의힘-1-1.md","https://github.com/treylom/opencrab-nec-2026-local-election-data/blob/main/supplements/official_gap_recovery_2026/direct_nec_downloads/markdown/920260603-4100-구리시-국민의힘-1-1.md","ok","pymupdf","ok","8","2288","14867380","pack_stale_currently_available_direct_nec_recovered"
"920260603-4100-의왕시-국민의힘-1-1","party-doc:920260603:의왕시:국민의힘:1","4100","경기도","920260603","기초의원비례대표선거","의왕시","","","국민의힘","1","비례대표 정당 제출자료","https://policy.nec.go.kr/plc/common/downloadFile.do?requestedFileName=20260603_%EC%9D%98%EC%99%95%EC%8B%9C_%EA%B5%AD%EB%AF%BC%EC%9D%98%ED%9E%98_%EB%B9%84%EB%A1%80%EB%8C%80%ED%91%9C%20%EC%A0%95%EB%8B%B9%20%EC%A0%9C%EC%B6%9C%EC%9E%90%EB%A3%8C.pdf&requestedFullPath=20260603/PDF/PBINFO_PUB/4124/003_200_20260525_1.pdf","20260603/PDF/PBINFO_PUB/4124/003_200_20260525_1.pdf","supplements/official_gap_recovery_2026/direct_nec_downloads/markdown/920260603-4100-의왕시-국민의힘-1-1.md","https://github.com/treylom/opencrab-nec-2026-local-election-data/blob/main/supplements/official_gap_recovery_2026/direct_nec_downloads/markdown/920260603-4100-의왕시-국민의힘-1-1.md","ok","pymupdf","ok","8","2344","14768948","pack_stale_currently_available_direct_nec_recovered"
"920260603-4100-이천시-국민의힘-1-1","party-doc:920260603:이천시:국민의힘:1","4100","경기도","920260603","기초의원비례대표선거","이천시","","","국민의힘","1","비례대표 정당 제출자료","https://policy.nec.go.kr/plc/common/downloadFile.do?requestedFileName=20260603_%EC%9D%B4%EC%B2%9C%EC%8B%9C_%EA%B5%AD%EB%AF%BC%EC%9D%98%ED%9E%98_%EB%B9%84%EB%A1%80%EB%8C%80%ED%91%9C%20%EC%A0%95%EB%8B%B9%20%EC%A0%9C%EC%B6%9C%EC%9E%90%EB%A3%8C.pdf&requestedFullPath=20260603/PDF/PBINFO_PUB/4134/003_200_20260522_1.pdf","20260603/PDF/PBINFO_PUB/4134/003_200_20260522_1.pdf","supplements/official_gap_recovery_2026/direct_nec_downloads/markdown/920260603-4100-이천시-국민의힘-1-1.md","https://github.com/treylom/opencrab-nec-2026-local-election-data/blob/main/supplements/official_gap_recovery_2026/direct_nec_downloads/markdown/920260603-4100-이천시-국민의힘-1-1.md","ok","pymupdf","ok","8","2301","14800325","pack_stale_currently_available_direct_nec_recovered"
"920260603-4100-남양주시-국민의힘-1-1","party-doc:920260603:남양주시:국민의힘:1","4100","경기도","920260603","기초의원비례대표선거","남양주시","","","국민의힘","1","비례대표 정당 제출자료","https://policy.nec.go.kr/plc/common/downloadFile.do?requestedFileName=20260603_%EB%82%A8%EC%96%91%EC%A3%BC%EC%8B%9C_%EA%B5%AD%EB%AF%BC%EC%9D%98%ED%9E%98_%EB%B9%84%EB%A1%80%EB%8C%80%ED%91%9C%20%EC%A0%95%EB%8B%B9%20%EC%A0%9C%EC%B6%9C%EC%9E%90%EB%A3%8C.pdf&requestedFullPath=20260603/PDF/PBINFO_PUB/4126/003_200_20260523_1.pdf","20260603/PDF/PBINFO_PUB/4126/003_200_20260523_1.pdf","supplements/official_gap_recovery_2026/direct_nec_downloads/markdown/920260603-4100-남양주시-국민의힘-1-1.md","https://github.com/treylom/opencrab-nec-2026-local-election-data/blob/main/supplements/official_gap_recovery_2026/direct_nec_downloads/markdown/920260603-4100-남양주시-국민의힘-1-1.md","ok","pymupdf","ok","8","2304","14743929","pack_stale_currently_available_direct_nec_recovered"
"920260603-4100-동두천시-국민의힘-1-1","party-doc:920260603:동두천시:국민의힘:1","4100","경기도","920260603","기초의원비례대표선거","동두천시","","","국민의힘","1","비례대표 정당 제출자료","https://policy.nec.go.kr/plc/common/downloadFile.do?requestedFileName=20260603_%EB%8F%99%EB%91%90%EC%B2%9C%EC%8B%9C_%EA%B5%AD%EB%AF%BC%EC%9D%98%ED%9E%98_%EB%B9%84%EB%A1%80%EB%8C%80%ED%91%9C%20%EC%A0%95%EB%8B%B9%20%EC%A0%9C%EC%B6%9C%EC%9E%90%EB%A3%8C.pdf&requestedFullPath=20260603/PDF/PBINFO_PUB/4117/003_200_20260523_1.pdf","20260603/PDF/PBINFO_PUB/4117/003_200_20260523_1.pdf","supplements/official_gap_recovery_2026/direct_nec_downloads/markdown/920260603-4100-동두천시-국민의힘-1-1.md","https://github.com/treylom/opencrab-nec-2026-local-election-data/blob/main/supplements/official_gap_recovery_2026/direct_nec_downloads/markdown/920260603-4100-동두천시-국민의힘-1-1.md","ok","pymupdf","ok","8","2297","14788999","pack_stale_currently_available_direct_nec_recovered"
"920260603-4100-수원시-조국혁신당-1-1","party-doc:920260603:수원시:조국혁신당:1","4100","경기도","920260603","기초의원비례대표선거","수원시","","","조국혁신당","1","비례대표 정당 제출자료","https://policy.nec.go.kr/plc/common/downloadFile.do?requestedFileName=20260603_%EC%88%98%EC%9B%90%EC%8B%9C_%EC%A1%B0%EA%B5%AD%ED%98%81%EC%8B%A0%EB%8B%B9_%EB%B9%84%EB%A1%80%EB%8C%80%ED%91%9C%20%EC%A0%95%EB%8B%B9%20%EC%A0%9C%EC%B6%9C%EC%9E%90%EB%A3%8C.pdf&requestedFullPath=20260603/PDF/PBINFO_PUB/4103/003_5077_20260525_1.pdf","20260603/PDF/PBINFO_PUB/4103/003_5077_20260525_1.pdf","supplements/official_gap_recovery_2026/direct_nec_downloads/markdown/920260603-4100-수원시-조국혁신당-1-1.md","https://github.com/treylom/opencrab-nec-2026-local-election-data/blob/main/supplements/official_gap_recovery_2026/direct_nec_downloads/markdown/920260603-4100-수원시-조국혁신당-1-1.md","ok","pymupdf","ok","2","1419","2827349","pack_stale_currently_available_direct_nec_recovered"
"920260603-4100-성남시-조국혁신당-1-1","party-doc:920260603:성남시:조국혁신당:1","4100","경기도","920260603","기초의원비례대표선거","성남시","","","조국혁신당","1","비례대표 정당 제출자료","https://policy.nec.go.kr/plc/common/downloadFile.do?requestedFileName=20260603_%EC%84%B1%EB%82%A8%EC%8B%9C_%EC%A1%B0%EA%B5%AD%ED%98%81%EC%8B%A0%EB%8B%B9_%EB%B9%84%EB%A1%80%EB%8C%80%ED%91%9C%20%EC%A0%95%EB%8B%B9%20%EC%A0%9C%EC%B6%9C%EC%9E%90%EB%A3%8C.pdf&requestedFullPath=20260603/PDF/PBINFO_PUB/4106/003_5077_20260524_1.pdf","20260603/PDF/PBINFO_PUB/4106/003_5077_20260524_1.pdf","supplements/official_gap_recovery_2026/direct_nec_downloads/markdown/920260603-4100-성남시-조국혁신당-1-1.md","https://github.com/treylom/opencrab-nec-2026-local-election-data/blob/main/supplements/official_gap_recovery_2026/direct_nec_downloads/markdown/920260603-4100-성남시-조국혁신당-1-1.md","ok","pymupdf","ok","3","1236","2726260","pack_stale_currently_available_direct_nec_recovered"
"920260603-5200-강릉시-더불어민주당-1-1","party-doc:920260603:강릉시:더불어민주당:1","5200","강원특별자치도","920260603","기초의원비례대표선거","강릉시","","","더불어민주당","1","비례대표 정당 제출자료","https://policy.nec.go.kr/plc/common/downloadFile.do?requestedFileName=20260603_%EA%B0%95%EB%A6%89%EC%8B%9C_%EB%8D%94%EB%B6%88%EC%96%B4%EB%AF%BC%EC%A3%BC%EB%8B%B9_%EB%B9%84%EB%A1%80%EB%8C%80%ED%91%9C%20%EC%A0%95%EB%8B%B9%20%EC%A0%9C%EC%B6%9C%EC%9E%90%EB%A3%8C.pdf&requestedFullPath=20260603/PDF/PBINFO_PUB/5203/003_100_20260521_1.pdf","20260603/PDF/PBINFO_PUB/5203/003_100_20260521_1.pdf","supplements/official_gap_recovery_2026/direct_nec_downloads/markdown/920260603-5200-강릉시-더불어민주당-1-1.md","https://github.com/treylom/opencrab-nec-2026-local-election-data/blob/main/supplements/official_gap_recovery_2026/direct_nec_downloads/markdown/920260603-5200-강릉시-더불어민주당-1-1.md","ok","pymupdf","suspiciously_short_text","4","54","1399361","pack_stale_currently_available_direct_nec_recovered"
"920260603-5200-고성군-더불어민주당-1-1","party-doc:920260603:고성군:더불어민주당:1","5200","강원특별자치도","920260603","기초의원비례대표선거","고성군","","","더불어민주당","1","비례대표 정당 제출자료","https://policy.nec.go.kr/plc/common/downloadFile.do?requestedFileName=20260603_%EA%B3%A0%EC%84%B1%EA%B5%B0_%EB%8D%94%EB%B6%88%EC%96%B4%EB%AF%BC%EC%A3%BC%EB%8B%B9_%EB%B9%84%EB%A1%80%EB%8C%80%ED%91%9C%20%EC%A0%95%EB%8B%B9%20%EC%A0%9C%EC%B6%9C%EC%9E%90%EB%A3%8C.pdf&requestedFullPath=20260603/PDF/PBINFO_PUB/5209/003_100_20260522_1.pdf","20260603/PDF/PBINFO_PUB/5209/003_100_20260522_1.pdf","supplements/official_gap_recovery_2026/direct_nec_downloads/markdown/920260603-5200-고성군-더불어민주당-1-1.md","https://github.com/treylom/opencrab-nec-2026-local-election-data/blob/main/supplements/official_gap_recovery_2026/direct_nec_downloads/markdown/920260603-5200-고성군-더불어민주당-1-1.md","ok","pymupdf","suspiciously_short_text","4","54","1183093","pack_stale_currently_available_direct_nec_recovered"
"920260603-5200-속초시-더불어민주당-1-1","party-doc:920260603:속초시:더불어민주당:1","5200","강원특별자치도","920260603","기초의원비례대표선거","속초시","","","더불어민주당","1","비례대표 정당 제출자료","https://policy.nec.go.kr/plc/common/downloadFile.do?requestedFileName=20260603_%EC%86%8D%EC%B4%88%EC%8B%9C_%EB%8D%94%EB%B6%88%EC%96%B4%EB%AF%BC%EC%A3%BC%EB%8B%B9_%EB%B9%84%EB%A1%80%EB%8C%80%ED%91%9C%20%EC%A0%95%EB%8B%B9%20%EC%A0%9C%EC%B6%9C%EC%9E%90%EB%A3%8C.pdf&requestedFullPath=20260603/PDF/PBINFO_PUB/5208/003_100_20260520_1.pdf","20260603/PDF/PBINFO_PUB/5208/003_100_20260520_1.pdf","supplements/official_gap_recovery_2026/direct_nec_downloads/markdown/920260603-5200-속초시-더불어민주당-1-1.md","https://github.com/treylom/opencrab-nec-2026-local-election-data/blob/main/supplements/official_gap_recovery_2026/direct_nec_downloads/markdown/920260603-5200-속초시-더불어민주당-1-1.md","ok","pymupdf","ok","4","1263","1520234","pack_stale_currently_available_direct_nec_recovered"
"920260603-5200-양양군-더불어민주당-1-1","party-doc:920260603:양양군:더불어민주당:1","5200","강원특별자치도","920260603","기초의원비례대표선거","양양군","","","더불어민주당","1","비례대표 정당 제출자료","https://policy.nec.go.kr/plc/common/downloadFile.do?requestedFileName=20260603_%EC%96%91%EC%96%91%EA%B5%B0_%EB%8D%94%EB%B6%88%EC%96%B4%EB%AF%BC%EC%A3%BC%EB%8B%B9_%EB%B9%84%EB%A1%80%EB%8C%80%ED%91%9C%20%EC%A0%95%EB%8B%B9%20%EC%A0%9C%EC%B6%9C%EC%9E%90%EB%A3%8C.pdf&requestedFullPath=20260603/PDF/PBINFO_PUB/5210/003_100_20260521_1.pdf","20260603/PDF/PBINFO_PUB/5210/003_100_20260521_1.pdf","supplements/official_gap_recovery_2026/direct_nec_downloads/markdown/920260603-5200-양양군-더불어민주당-1-1.md","https://github.com/treylom/opencrab-nec-2026-local-election-data/blob/main/supplements/official_gap_recovery_2026/direct_nec_downloads/markdown/920260603-5200-양양군-더불어민주당-1-1.md","ok","pymupdf","ok","4","1397","1477135","pack_stale_currently_available_direct_nec_recovered"
"920260603-5200-평창군-더불어민주당-1-1","party-doc:920260603:평창군:더불어민주당:1","5200","강원특별자치도","920260603","기초의원비례대표선거","평창군","","","더불어민주당","1","비례대표 정당 제출자료","https://policy.nec.go.kr/plc/common/downloadFile.do?requestedFileName=20260603_%ED%8F%89%EC%B0%BD%EA%B5%B0_%EB%8D%94%EB%B6%88%EC%96%B4%EB%AF%BC%EC%A3%BC%EB%8B%B9_%EB%B9%84%EB%A1%80%EB%8C%80%ED%91%9C%20%EC%A0%95%EB%8B%B9%20%EC%A0%9C%EC%B6%9C%EC%9E%90%EB%A3%8C.pdf&requestedFullPath=20260603/PDF/PBINFO_PUB/5215/003_100_20260522_1.pdf","20260603/PDF/PBINFO_PUB/5215/003_100_20260522_1.pdf","supplements/official_gap_recovery_2026/direct_nec_downloads/markdown/920260603-5200-평창군-더불어민주당-1-1.md","https://github.com/treylom/opencrab-nec-2026-local-election-data/blob/main/supplements/official_gap_recovery_2026/direct_nec_downloads/markdown/920260603-5200-평창군-더불어민주당-1-1.md","ok","pymupdf","suspiciously_short_text","4","54","1238995","pack_stale_currently_available_direct_nec_recovered"
"920260603-5200-원주시-더불어민주당-1-1","party-doc:920260603:원주시:더불어민주당:1","5200","강원특별자치도","920260603","기초의원비례대표선거","원주시","","","더불어민주당","1","비례대표 정당 제출자료","https://policy.nec.go.kr/plc/common/downloadFile.do?requestedFileName=20260603_%EC%9B%90%EC%A3%BC%EC%8B%9C_%EB%8D%94%EB%B6%88%EC%96%B4%EB%AF%BC%EC%A3%BC%EB%8B%B9_%EB%B9%84%EB%A1%80%EB%8C%80%ED%91%9C%20%EC%A0%95%EB%8B%B9%20%EC%A0%9C%EC%B6%9C%EC%9E%90%EB%A3%8C.pdf&requestedFullPath=20260603/PDF/PBINFO_PUB/5202/003_100_20260523_1.pdf","20260603/PDF/PBINFO_PUB/5202/003_100_20260523_1.pdf","supplements/official_gap_recovery_2026/direct_nec_downloads/markdown/920260603-5200-원주시-더불어민주당-1-1.md","https://github.com/treylom/opencrab-nec-2026-local-election-data/blob/main/supplements/official_gap_recovery_2026/direct_nec_downloads/markdown/920260603-5200-원주시-더불어민주당-1-1.md","ok","pymupdf","suspiciously_short_text","4","54","1387885","pack_stale_currently_available_direct_nec_recovered"
"920260603-5200-화천군-더불어민주당-1-1","party-doc:920260603:화천군:더불어민주당:1","5200","강원특별자치도","920260603","기초의원비례대표선거","화천군","","","더불어민주당","1","비례대표 정당 제출자료","https://policy.nec.go.kr/plc/common/downloadFile.do?requestedFileName=20260603_%ED%99%94%EC%B2%9C%EA%B5%B0_%EB%8D%94%EB%B6%88%EC%96%B4%EB%AF%BC%EC%A3%BC%EB%8B%B9_%EB%B9%84%EB%A1%80%EB%8C%80%ED%91%9C%20%EC%A0%95%EB%8B%B9%20%EC%A0%9C%EC%B6%9C%EC%9E%90%EB%A3%8C.pdf&requestedFullPath=20260603/PDF/PBINFO_PUB/5216/003_100_20260522_1.pdf","20260603/PDF/PBINFO_PUB/5216/003_100_20260522_1.pdf","supplements/official_gap_recovery_2026/direct_nec_downloads/markdown/920260603-5200-화천군-더불어민주당-1-1.md","https://github.com/treylom/opencrab-nec-2026-local-election-data/blob/main/supplements/official_gap_recovery_2026/direct_nec_downloads/markdown/920260603-5200-화천군-더불어민주당-1-1.md","ok","pymupdf","ok","4","1277","1525009","pack_stale_currently_available_direct_nec_recovered"
"920260603-5200-인제군-더불어민주당-1-1","party-doc:920260603:인제군:더불어민주당:1","5200","강원특별자치도","920260603","기초의원비례대표선거","인제군","","","더불어민주당","1","비례대표 정당 제출자료","https://policy.nec.go.kr/plc/common/downloadFile.do?requestedFileName=20260603_%EC%9D%B8%EC%A0%9C%EA%B5%B0_%EB%8D%94%EB%B6%88%EC%96%B4%EB%AF%BC%EC%A3%BC%EB%8B%B9_%EB%B9%84%EB%A1%80%EB%8C%80%ED%91%9C%20%EC%A0%95%EB%8B%B9%20%EC%A0%9C%EC%B6%9C%EC%9E%90%EB%A3%8C.pdf&requestedFullPath=20260603/PDF/PBINFO_PUB/5211/003_100_20260522_1.pdf","20260603/PDF/PBINFO_PUB/5211/003_100_20260522_1.pdf","supplements/official_gap_recovery_2026/direct_nec_downloads/markdown/920260603-5200-인제군-더불어민주당-1-1.md","https://github.com/treylom/opencrab-nec-2026-local-election-data/blob/main/supplements/official_gap_recovery_2026/direct_nec_downloads/markdown/920260603-5200-인제군-더불어민주당-1-1.md","ok","pymupdf","ok","4","1295","1668177","pack_stale_currently_available_direct_nec_recovered"
"920260603-5200-횡성군-더불어민주당-1-1","party-doc:920260603:횡성군:더불어민주당:1","5200","강원특별자치도","920260603","기초의원비례대표선거","횡성군","","","더불어민주당","1","비례대표 정당 제출자료","https://policy.nec.go.kr/plc/common/downloadFile.do?requestedFileName=20260603_%ED%9A%A1%EC%84%B1%EA%B5%B0_%EB%8D%94%EB%B6%88%EC%96%B4%EB%AF%BC%EC%A3%BC%EB%8B%B9_%EB%B9%84%EB%A1%80%EB%8C%80%ED%91%9C%20%EC%A0%95%EB%8B%B9%20%EC%A0%9C%EC%B6%9C%EC%9E%90%EB%A3%8C.pdf&requestedFullPath=20260603/PDF/PBINFO_PUB/5213/003_100_20260521_1.pdf","20260603/PDF/PBINFO_PUB/5213/003_100_20260521_1.pdf","supplements/official_gap_recovery_2026/direct_nec_downloads/markdown/920260603-5200-횡성군-더불어민주당-1-1.md","https://github.com/treylom/opencrab-nec-2026-local-election-data/blob/main/supplements/official_gap_recovery_2026/direct_nec_downloads/markdown/920260603-5200-횡성군-더불어민주당-1-1.md","ok","pymupdf","ok","4","1339","1824758","pack_stale_currently_available_direct_nec_recovered"
"920260603-5200-철원군-더불어민주당-1-1","party-doc:920260603:철원군:더불어민주당:1","5200","강원특별자치도","920260603","기초의원비례대표선거","철원군","","","더불어민주당","1","비례대표 정당 제출자료","https://policy.nec.go.kr/plc/common/downloadFile.do?requestedFileName=20260603_%EC%B2%A0%EC%9B%90%EA%B5%B0_%EB%8D%94%EB%B6%88%EC%96%B4%EB%AF%BC%EC%A3%BC%EB%8B%B9_%EB%B9%84%EB%A1%80%EB%8C%80%ED%91%9C%20%EC%A0%95%EB%8B%B9%20%EC%A0%9C%EC%B6%9C%EC%9E%90%EB%A3%8C.pdf&requestedFullPath=20260603/PDF/PBINFO_PUB/5218/003_100_20260521_1.pdf","20260603/PDF/PBINFO_PUB/5218/003_100_20260521_1.pdf","supplements/official_gap_recovery_2026/direct_nec_downloads/markdown/920260603-5200-철원군-더불어민주당-1-1.md","https://github.com/treylom/opencrab-nec-2026-local-election-data/blob/main/supplements/official_gap_recovery_2026/direct_nec_downloads/markdown/920260603-5200-철원군-더불어민주당-1-1.md","ok","pymupdf","suspiciously_short_text","4","54","1406639","pack_stale_currently_available_direct_nec_recovered"
"920260603-5200-동해시-더불어민주당-1-1","party-doc:920260603:동해시:더불어민주당:1","5200","강원특별자치도","920260603","기초의원비례대표선거","동해시","","","더불어민주당","1","비례대표 정당 제출자료","https://policy.nec.go.kr/plc/common/downloadFile.do?requestedFileName=20260603_%EB%8F%99%ED%95%B4%EC%8B%9C_%EB%8D%94%EB%B6%88%EC%96%B4%EB%AF%BC%EC%A3%BC%EB%8B%B9_%EB%B9%84%EB%A1%80%EB%8C%80%ED%91%9C%20%EC%A0%95%EB%8B%B9%20%EC%A0%9C%EC%B6%9C%EC%9E%90%EB%A3%8C.pdf&requestedFullPath=20260603/PDF/PBINFO_PUB/5204/003_100_20260523_1.pdf","20260603/PDF/PBINFO_PUB/5204/003_100_20260523_1.pdf","supplements/official_gap_recovery_2026/direct_nec_downloads/markdown/920260603-5200-동해시-더불어민주당-1-1.md","https://github.com/treylom/opencrab-nec-2026-local-election-data/blob/main/supplements/official_gap_recovery_2026/direct_nec_downloads/markdown/920260603-5200-동해시-더불어민주당-1-1.md","ok","pymupdf","suspiciously_short_text","4","54","1218958","pack_stale_currently_available_direct_nec_recovered"
"920260603-5200-삼척시-더불어민주당-1-1","party-doc:920260603:삼척시:더불어민주당:1","5200","강원특별자치도","920260603","기초의원비례대표선거","삼척시","","","더불어민주당","1","비례대표 정당 제출자료","https://policy.nec.go.kr/plc/common/downloadFile.do?requestedFileName=20260603_%EC%82%BC%EC%B2%99%EC%8B%9C_%EB%8D%94%EB%B6%88%EC%96%B4%EB%AF%BC%EC%A3%BC%EB%8B%B9_%EB%B9%84%EB%A1%80%EB%8C%80%ED%91%9C%20%EC%A0%95%EB%8B%B9%20%EC%A0%9C%EC%B6%9C%EC%9E%90%EB%A3%8C.pdf&requestedFullPath=20260603/PDF/PBINFO_PUB/5205/003_100_20260523_1.pdf","20260603/PDF/PBINFO_PUB/5205/003_100_20260523_1.pdf","supplements/official_gap_recovery_2026/direct_nec_downloads/markdown/920260603-5200-삼척시-더불어민주당-1-1.md","https://github.com/treylom/opencrab-nec-2026-local-election-data/blob/main/supplements/official_gap_recovery_2026/direct_nec_downloads/markdown/920260603-5200-삼척시-더불어민주당-1-1.md","ok","pymupdf","ok","4","1233","1703299","pack_stale_currently_available_direct_nec_recovered"
"920260603-5200-태백시-더불어민주당-1-1","party-doc:920260603:태백시:더불어민주당:1","5200","강원특별자치도","920260603","기초의원비례대표선거","태백시","","","더불어민주당","1","비례대표 정당 제출자료","https://policy.nec.go.kr/plc/common/downloadFile.do?requestedFileName=20260603_%ED%83%9C%EB%B0%B1%EC%8B%9C_%EB%8D%94%EB%B6%88%EC%96%B4%EB%AF%BC%EC%A3%BC%EB%8B%B9_%EB%B9%84%EB%A1%80%EB%8C%80%ED%91%9C%20%EC%A0%95%EB%8B%B9%20%EC%A0%9C%EC%B6%9C%EC%9E%90%EB%A3%8C.pdf&requestedFullPath=20260603/PDF/PBINFO_PUB/5206/003_100_20260517_1.pdf","20260603/PDF/PBINFO_PUB/5206/003_100_20260517_1.pdf","supplements/official_gap_recovery_2026/direct_nec_downloads/markdown/920260603-5200-태백시-더불어민주당-1-1.md","https://github.com/treylom/opencrab-nec-2026-local-election-data/blob/main/supplements/official_gap_recovery_2026/direct_nec_downloads/markdown/920260603-5200-태백시-더불어민주당-1-1.md","ok","pymupdf","suspiciously_short_text","4","54","1282605","pack_stale_currently_available_direct_nec_recovered"
"920260603-5200-정선군-더불어민주당-1-1","party-doc:920260603:정선군:더불어민주당:1","5200","강원특별자치도","920260603","기초의원비례대표선거","정선군","","","더불어민주당","1","비례대표 정당 제출자료","https://policy.nec.go.kr/plc/common/downloadFile.do?requestedFileName=20260603_%EC%A0%95%EC%84%A0%EA%B5%B0_%EB%8D%94%EB%B6%88%EC%96%B4%EB%AF%BC%EC%A3%BC%EB%8B%B9_%EB%B9%84%EB%A1%80%EB%8C%80%ED%91%9C%20%EC%A0%95%EB%8B%B9%20%EC%A0%9C%EC%B6%9C%EC%9E%90%EB%A3%8C.pdf&requestedFullPath=20260603/PDF/PBINFO_PUB/5207/003_100_20260521_1.pdf","20260603/PDF/PBINFO_PUB/5207/003_100_20260521_1.pdf","supplements/official_gap_recovery_2026/direct_nec_downloads/markdown/920260603-5200-정선군-더불어민주당-1-1.md","https://github.com/treylom/opencrab-nec-2026-local-election-data/blob/main/supplements/official_gap_recovery_2026/direct_nec_downloads/markdown/920260603-5200-정선군-더불어민주당-1-1.md","ok","pymupdf","ok","4","1347","1582117","pack_stale_currently_available_direct_nec_recovered"
"920260603-5200-화천군-국민의힘-1-1","party-doc:920260603:화천군:국민의힘:1","5200","강원특별자치도","920260603","기초의원비례대표선거","화천군","","","국민의힘","1","비례대표 정당 제출자료","https://policy.nec.go.kr/plc/common/downloadFile.do?requestedFileName=20260603_%ED%99%94%EC%B2%9C%EA%B5%B0_%EA%B5%AD%EB%AF%BC%EC%9D%98%ED%9E%98_%EB%B9%84%EB%A1%80%EB%8C%80%ED%91%9C%20%EC%A0%95%EB%8B%B9%20%EC%A0%9C%EC%B6%9C%EC%9E%90%EB%A3%8C.pdf&requestedFullPath=20260603/PDF/PBINFO_PUB/5216/003_200_20260518_1.pdf","20260603/PDF/PBINFO_PUB/5216/003_200_20260518_1.pdf","supplements/official_gap_recovery_2026/direct_nec_downloads/markdown/920260603-5200-화천군-국민의힘-1-1.md","https://github.com/treylom/opencrab-nec-2026-local-election-data/blob/main/supplements/official_gap_recovery_2026/direct_nec_downloads/markdown/920260603-5200-화천군-국민의힘-1-1.md","ok","pymupdf","ok","4","1673","16351991","pack_stale_currently_available_direct_nec_recovered"
"920260603-5200-횡성군-국민의힘-1-1","party-doc:920260603:횡성군:국민의힘:1","5200","강원특별자치도","920260603","기초의원비례대표선거","횡성군","","","국민의힘","1","비례대표 정당 제출자료","https://policy.nec.go.kr/plc/common/downloadFile.do?requestedFileName=20260603_%ED%9A%A1%EC%84%B1%EA%B5%B0_%EA%B5%AD%EB%AF%BC%EC%9D%98%ED%9E%98_%EB%B9%84%EB%A1%80%EB%8C%80%ED%91%9C%20%EC%A0%95%EB%8B%B9%20%EC%A0%9C%EC%B6%9C%EC%9E%90%EB%A3%8C.pdf&requestedFullPath=20260603/PDF/PBINFO_PUB/5213/003_200_20260521_1.pdf","20260603/PDF/PBINFO_PUB/5213/003_200_20260521_1.pdf","supplements/official_gap_recovery_2026/direct_nec_downloads/markdown/920260603-5200-횡성군-국민의힘-1-1.md","https://github.com/treylom/opencrab-nec-2026-local-election-data/blob/main/supplements/official_gap_recovery_2026/direct_nec_downloads/markdown/920260603-5200-횡성군-국민의힘-1-1.md","ok","pymupdf","ok","4","1671","16544125","pack_stale_currently_available_direct_nec_recovered"
"920260603-5200-동해시-국민의힘-1-1","party-doc:920260603:동해시:국민의힘:1","5200","강원특별자치도","920260603","기초의원비례대표선거","동해시","","","국민의힘","1","비례대표 정당 제출자료","https://policy.nec.go.kr/plc/common/downloadFile.do?requestedFileName=20260603_%EB%8F%99%ED%95%B4%EC%8B%9C_%EA%B5%AD%EB%AF%BC%EC%9D%98%ED%9E%98_%EB%B9%84%EB%A1%80%EB%8C%80%ED%91%9C%20%EC%A0%95%EB%8B%B9%20%EC%A0%9C%EC%B6%9C%EC%9E%90%EB%A3%8C.pdf&requestedFullPath=20260603/PDF/PBINFO_PUB/5204/003_200_20260523_1.pdf","20260603/PDF/PBINFO_PUB/5204/003_200_20260523_1.pdf","supplements/official_gap_recovery_2026/direct_nec_downloads/markdown/920260603-5200-동해시-국민의힘-1-1.md","https://github.com/treylom/opencrab-nec-2026-local-election-data/blob/main/supplements/official_gap_recovery_2026/direct_nec_downloads/markdown/920260603-5200-동해시-국민의힘-1-1.md","ok","pymupdf","ok","4","1709","16350329","pack_stale_currently_available_direct_nec_recovered"
"920260603-5200-속초시-국민의힘-1-1","party-doc:920260603:속초시:국민의힘:1","5200","강원특별자치도","920260603","기초의원비례대표선거","속초시","","","국민의힘","1","비례대표 정당 제출자료","https://policy.nec.go.kr/plc/common/downloadFile.do?requestedFileName=20260603_%EC%86%8D%EC%B4%88%EC%8B%9C_%EA%B5%AD%EB%AF%BC%EC%9D%98%ED%9E%98_%EB%B9%84%EB%A1%80%EB%8C%80%ED%91%9C%20%EC%A0%95%EB%8B%B9%20%EC%A0%9C%EC%B6%9C%EC%9E%90%EB%A3%8C.pdf&requestedFullPath=20260603/PDF/PBINFO_PUB/5208/003_200_20260521_1.pdf","20260603/PDF/PBINFO_PUB/5208/003_200_20260521_1.pdf","supplements/official_gap_recovery_2026/direct_nec_downloads/markdown/920260603-5200-속초시-국민의힘-1-1.md","https://github.com/treylom/opencrab-nec-2026-local-election-data/blob/main/supplements/official_gap_recovery_2026/direct_nec_downloads/markdown/920260603-5200-속초시-국민의힘-1-1.md","ok","pymupdf","ok","4","1656","17126902","pack_stale_currently_available_direct_nec_recovered"
"920260603-5200-철원군-국민의힘-1-1","party-doc:920260603:철원군:국민의힘:1","5200","강원특별자치도","920260603","기초의원비례대표선거","철원군","","","국민의힘","1","비례대표 정당 제출자료","https://policy.nec.go.kr/plc/common/downloadFile.do?requestedFileName=20260603_%EC%B2%A0%EC%9B%90%EA%B5%B0_%EA%B5%AD%EB%AF%BC%EC%9D%98%ED%9E%98_%EB%B9%84%EB%A1%80%EB%8C%80%ED%91%9C%20%EC%A0%95%EB%8B%B9%20%EC%A0%9C%EC%B6%9C%EC%9E%90%EB%A3%8C.pdf&requestedFullPath=20260603/PDF/PBINFO_PUB/5218/003_200_20260521_1.pdf","20260603/PDF/PBINFO_PUB/5218/003_200_20260521_1.pdf","supplements/official_gap_recovery_2026/direct_nec_downloads/markdown/920260603-5200-철원군-국민의힘-1-1.md","https://github.com/treylom/opencrab-nec-2026-local-election-data/blob/main/supplements/official_gap_recovery_2026/direct_nec_downloads/markdown/920260603-5200-철원군-국민의힘-1-1.md","ok","pymupdf","ok","4","1655","16348856","pack_stale_currently_available_direct_nec_recovered"
"920260603-5200-정선군-국민의힘-1-1","party-doc:920260603:정선군:국민의힘:1","5200","강원특별자치도","920260603","기초의원비례대표선거","정선군","","","국민의힘","1","비례대표 정당 제출자료","https://policy.nec.go.kr/plc/common/downloadFile.do?requestedFileName=20260603_%EC%A0%95%EC%84%A0%EA%B5%B0_%EA%B5%AD%EB%AF%BC%EC%9D%98%ED%9E%98_%EB%B9%84%EB%A1%80%EB%8C%80%ED%91%9C%20%EC%A0%95%EB%8B%B9%20%EC%A0%9C%EC%B6%9C%EC%9E%90%EB%A3%8C.pdf&requestedFullPath=20260603/PDF/PBINFO_PUB/5207/003_200_20260521_1.pdf","20260603/PDF/PBINFO_PUB/5207/003_200_20260521_1.pdf","supplements/official_gap_recovery_2026/direct_nec_downloads/markdown/920260603-5200-정선군-국민의힘-1-1.md","https://github.com/treylom/opencrab-nec-2026-local-election-data/blob/main/supplements/official_gap_recovery_2026/direct_nec_downloads/markdown/920260603-5200-정선군-국민의힘-1-1.md","ok","pymupdf","ok","4","1688","16350135","pack_stale_currently_available_direct_nec_recovered"
"920260603-5200-인제군-국민의힘-1-1","party-doc:920260603:인제군:국민의힘:1","5200","강원특별자치도","920260603","기초의원비례대표선거","인제군","","","국민의힘","1","비례대표 정당 제출자료","https://policy.nec.go.kr/plc/common/downloadFile.do?requestedFileName=20260603_%EC%9D%B8%EC%A0%9C%EA%B5%B0_%EA%B5%AD%EB%AF%BC%EC%9D%98%ED%9E%98_%EB%B9%84%EB%A1%80%EB%8C%80%ED%91%9C%20%EC%A0%95%EB%8B%B9%20%EC%A0%9C%EC%B6%9C%EC%9E%90%EB%A3%8C.pdf&requestedFullPath=20260603/PDF/PBINFO_PUB/5211/003_200_20260522_1.pdf","20260603/PDF/PBINFO_PUB/5211/003_200_20260522_1.pdf","supplements/official_gap_recovery_2026/direct_nec_downloads/markdown/920260603-5200-인제군-국민의힘-1-1.md","https://github.com/treylom/opencrab-nec-2026-local-election-data/blob/main/supplements/official_gap_recovery_2026/direct_nec_downloads/markdown/920260603-5200-인제군-국민의힘-1-1.md","ok","pymupdf","ok","4","1677","16403287","pack_stale_currently_available_direct_nec_recovered"
"920260603-5200-삼척시-국민의힘-1-1","party-doc:920260603:삼척시:국민의힘:1","5200","강원특별자치도","920260603","기초의원비례대표선거","삼척시","","","국민의힘","1","비례대표 정당 제출자료","https://policy.nec.go.kr/plc/common/downloadFile.do?requestedFileName=20260603_%EC%82%BC%EC%B2%99%EC%8B%9C_%EA%B5%AD%EB%AF%BC%EC%9D%98%ED%9E%98_%EB%B9%84%EB%A1%80%EB%8C%80%ED%91%9C%20%EC%A0%95%EB%8B%B9%20%EC%A0%9C%EC%B6%9C%EC%9E%90%EB%A3%8C.pdf&requestedFullPath=20260603/PDF/PBINFO_PUB/5205/003_200_20260518_1.pdf","20260603/PDF/PBINFO_PUB/5205/003_200_20260518_1.pdf","supplements/official_gap_recovery_2026/direct_nec_downloads/markdown/920260603-5200-삼척시-국민의힘-1-1.md","https://github.com/treylom/opencrab-nec-2026-local-election-data/blob/main/supplements/official_gap_recovery_2026/direct_nec_downloads/markdown/920260603-5200-삼척시-국민의힘-1-1.md","ok","pymupdf","ok","4","1709","16351082","pack_stale_currently_available_direct_nec_recovered"
"920260603-5200-양양군-국민의힘-1-1","party-doc:920260603:양양군:국민의힘:1","5200","강원특별자치도","920260603","기초의원비례대표선거","양양군","","","국민의힘","1","비례대표 정당 제출자료","https://policy.nec.go.kr/plc/common/downloadFile.do?requestedFileName=20260603_%EC%96%91%EC%96%91%EA%B5%B0_%EA%B5%AD%EB%AF%BC%EC%9D%98%ED%9E%98_%EB%B9%84%EB%A1%80%EB%8C%80%ED%91%9C%20%EC%A0%95%EB%8B%B9%20%EC%A0%9C%EC%B6%9C%EC%9E%90%EB%A3%8C.pdf&requestedFullPath=20260603/PDF/PBINFO_PUB/5210/003_200_20260522_1.pdf","20260603/PDF/PBINFO_PUB/5210/003_200_20260522_1.pdf","supplements/official_gap_recovery_2026/direct_nec_downloads/markdown/920260603-5200-양양군-국민의힘-1-1.md","https://github.com/treylom/opencrab-nec-2026-local-election-data/blob/main/supplements/official_gap_recovery_2026/direct_nec_downloads/markdown/920260603-5200-양양군-국민의힘-1-1.md","ok","pymupdf","ok","4","1666","16396619","pack_stale_currently_available_direct_nec_recovered"
"920260603-5200-원주시-국민의힘-1-1","party-doc:920260603:원주시:국민의힘:1","5200","강원특별자치도","920260603","기초의원비례대표선거","원주시","","","국민의힘","1","비례대표 정당 제출자료","https://policy.nec.go.kr/plc/common/downloadFile.do?requestedFileName=20260603_%EC%9B%90%EC%A3%BC%EC%8B%9C_%EA%B5%AD%EB%AF%BC%EC%9D%98%ED%9E%98_%EB%B9%84%EB%A1%80%EB%8C%80%ED%91%9C%20%EC%A0%95%EB%8B%B9%20%EC%A0%9C%EC%B6%9C%EC%9E%90%EB%A3%8C.pdf&requestedFullPath=20260603/PDF/PBINFO_PUB/5202/003_200_20260523_1.pdf","20260603/PDF/PBINFO_PUB/5202/003_200_20260523_1.pdf","supplements/official_gap_recovery_2026/direct_nec_downloads/markdown/920260603-5200-원주시-국민의힘-1-1.md","https://github.com/treylom/opencrab-nec-2026-local-election-data/blob/main/supplements/official_gap_recovery_2026/direct_nec_downloads/markdown/920260603-5200-원주시-국민의힘-1-1.md","ok","pymupdf","ok","4","1798","17091399","pack_stale_currently_available_direct_nec_recovered"
"920260603-5200-고성군-국민의힘-1-1","party-doc:920260603:고성군:국민의힘:1","5200","강원특별자치도","920260603","기초의원비례대표선거","고성군","","","국민의힘","1","비례대표 정당 제출자료","https://policy.nec.go.kr/plc/common/downloadFile.do?requestedFileName=20260603_%EA%B3%A0%EC%84%B1%EA%B5%B0_%EA%B5%AD%EB%AF%BC%EC%9D%98%ED%9E%98_%EB%B9%84%EB%A1%80%EB%8C%80%ED%91%9C%20%EC%A0%95%EB%8B%B9%20%EC%A0%9C%EC%B6%9C%EC%9E%90%EB%A3%8C.pdf&requestedFullPath=20260603/PDF/PBINFO_PUB/5209/003_200_20260522_1.pdf","20260603/PDF/PBINFO_PUB/5209/003_200_20260522_1.pdf","supplements/official_gap_recovery_2026/direct_nec_downloads/markdown/920260603-5200-고성군-국민의힘-1-1.md","https://github.com/treylom/opencrab-nec-2026-local-election-data/blob/main/supplements/official_gap_recovery_2026/direct_nec_downloads/markdown/920260603-5200-고성군-국민의힘-1-1.md","ok","pymupdf","suspiciously_short_text","4","54","1863173","pack_stale_currently_available_direct_nec_recovered"
"920260603-5200-강릉시-국민의힘-1-1","party-doc:920260603:강릉시:국민의힘:1","5200","강원특별자치도","920260603","기초의원비례대표선거","강릉시","","","국민의힘","1","비례대표 정당 제출자료","https://policy.nec.go.kr/plc/common/downloadFile.do?requestedFileName=20260603_%EA%B0%95%EB%A6%89%EC%8B%9C_%EA%B5%AD%EB%AF%BC%EC%9D%98%ED%9E%98_%EB%B9%84%EB%A1%80%EB%8C%80%ED%91%9C%20%EC%A0%95%EB%8B%B9%20%EC%A0%9C%EC%B6%9C%EC%9E%90%EB%A3%8C.pdf&requestedFullPath=20260603/PDF/PBINFO_PUB/5203/003_200_20260521_1.pdf","20260603/PDF/PBINFO_PUB/5203/003_200_20260521_1.pdf","supplements/official_gap_recovery_2026/direct_nec_downloads/markdown/920260603-5200-강릉시-국민의힘-1-1.md","https://github.com/treylom/opencrab-nec-2026-local-election-data/blob/main/supplements/official_gap_recovery_2026/direct_nec_downloads/markdown/920260603-5200-강릉시-국민의힘-1-1.md","ok","pymupdf","ok","4","1689","16350132","pack_stale_currently_available_direct_nec_recovered"
"920260603-5200-태백시-국민의힘-1-1","party-doc:920260603:태백시:국민의힘:1","5200","강원특별자치도","920260603","기초의원비례대표선거","태백시","","","국민의힘","1","비례대표 정당 제출자료","https://policy.nec.go.kr/plc/common/downloadFile.do?requestedFileName=20260603_%ED%83%9C%EB%B0%B1%EC%8B%9C_%EA%B5%AD%EB%AF%BC%EC%9D%98%ED%9E%98_%EB%B9%84%EB%A1%80%EB%8C%80%ED%91%9C%20%EC%A0%95%EB%8B%B9%20%EC%A0%9C%EC%B6%9C%EC%9E%90%EB%A3%8C.pdf&requestedFullPath=20260603/PDF/PBINFO_PUB/5206/003_200_20260518_1.pdf","20260603/PDF/PBINFO_PUB/5206/003_200_20260518_1.pdf","supplements/official_gap_recovery_2026/direct_nec_downloads/markdown/920260603-5200-태백시-국민의힘-1-1.md","https://github.com/treylom/opencrab-nec-2026-local-election-data/blob/main/supplements/official_gap_recovery_2026/direct_nec_downloads/markdown/920260603-5200-태백시-국민의힘-1-1.md","ok","pymupdf","ok","4","1676","2440033","pack_stale_currently_available_direct_nec_recovered"
"920260603-5200-평창군-국민의힘-1-1","party-doc:920260603:평창군:국민의힘:1","5200","강원특별자치도","920260603","기초의원비례대표선거","평창군","","","국민의힘","1","비례대표 정당 제출자료","https://policy.nec.go.kr/plc/common/downloadFile.do?requestedFileName=20260603_%ED%8F%89%EC%B0%BD%EA%B5%B0_%EA%B5%AD%EB%AF%BC%EC%9D%98%ED%9E%98_%EB%B9%84%EB%A1%80%EB%8C%80%ED%91%9C%20%EC%A0%95%EB%8B%B9%20%EC%A0%9C%EC%B6%9C%EC%9E%90%EB%A3%8C.pdf&requestedFullPath=20260603/PDF/PBINFO_PUB/5215/003_200_20260522_1.pdf","20260603/PDF/PBINFO_PUB/5215/003_200_20260522_1.pdf","supplements/official_gap_recovery_2026/direct_nec_downloads/markdown/920260603-5200-평창군-국민의힘-1-1.md","https://github.com/treylom/opencrab-nec-2026-local-election-data/blob/main/supplements/official_gap_recovery_2026/direct_nec_downloads/markdown/920260603-5200-평창군-국민의힘-1-1.md","ok","pymupdf","suspiciously_short_text","2","24","17978566","pack_stale_currently_available_direct_nec_recovered"
"920260603-4300-단양군-더불어민주당-1-1","party-doc:920260603:단양군:더불어민주당:1","4300","충청북도","920260603","기초의원비례대표선거","단양군","","","더불어민주당","1","비례대표 정당 제출자료","https://policy.nec.go.kr/plc/common/downloadFile.do?requestedFileName=20260603_%EB%8B%A8%EC%96%91%EA%B5%B0_%EB%8D%94%EB%B6%88%EC%96%B4%EB%AF%BC%EC%A3%BC%EB%8B%B9_%EB%B9%84%EB%A1%80%EB%8C%80%ED%91%9C%20%EC%A0%95%EB%8B%B9%20%EC%A0%9C%EC%B6%9C%EC%9E%90%EB%A3%8C.pdf&requestedFullPath=20260603/PDF/PBINFO_PUB/4305/003_100_20260523_1.pdf","20260603/PDF/PBINFO_PUB/4305/003_100_20260523_1.pdf","supplements/official_gap_recovery_2026/direct_nec_downloads/markdown/920260603-4300-단양군-더불어민주당-1-1.md","https://github.com/treylom/opencrab-nec-2026-local-election-data/blob/main/supplements/official_gap_recovery_2026/direct_nec_downloads/markdown/920260603-4300-단양군-더불어민주당-1-1.md","ok","pymupdf","ok","4","1870","3774263","pack_stale_currently_available_direct_nec_recovered"
"920260603-4300-증평군-더불어민주당-1-1","party-doc:920260603:증평군:더불어민주당:1","4300","충청북도","920260603","기초의원비례대표선거","증평군","","","더불어민주당","1","비례대표 정당 제출자료","https://policy.nec.go.kr/plc/common/downloadFile.do?requestedFileName=20260603_%EC%A6%9D%ED%8F%89%EA%B5%B0_%EB%8D%94%EB%B6%88%EC%96%B4%EB%AF%BC%EC%A3%BC%EB%8B%B9_%EB%B9%84%EB%A1%80%EB%8C%80%ED%91%9C%20%EC%A0%95%EB%8B%B9%20%EC%A0%9C%EC%B6%9C%EC%9E%90%EB%A3%8C.pdf&requestedFullPath=20260603/PDF/PBINFO_PUB/4313/003_100_20260522_1.pdf","20260603/PDF/PBINFO_PUB/4313/003_100_20260522_1.pdf","supplements/official_gap_recovery_2026/direct_nec_downloads/markdown/920260603-4300-증평군-더불어민주당-1-1.md","https://github.com/treylom/opencrab-nec-2026-local-election-data/blob/main/supplements/official_gap_recovery_2026/direct_nec_downloads/markdown/920260603-4300-증평군-더불어민주당-1-1.md","ok","pymupdf","ok","4","1686","3368511","pack_stale_currently_available_direct_nec_recovered"
"920260603-4300-청주시-더불어민주당-1-1","party-doc:920260603:청주시:더불어민주당:1","4300","충청북도","920260603","기초의원비례대표선거","청주시","","","더불어민주당","1","비례대표 정당 제출자료","https://policy.nec.go.kr/plc/common/downloadFile.do?requestedFileName=20260603_%EC%B2%AD%EC%A3%BC%EC%8B%9C_%EB%8D%94%EB%B6%88%EC%96%B4%EB%AF%BC%EC%A3%BC%EB%8B%B9_%EB%B9%84%EB%A1%80%EB%8C%80%ED%91%9C%20%EC%A0%95%EB%8B%B9%20%EC%A0%9C%EC%B6%9C%EC%9E%90%EB%A3%8C.pdf&requestedFullPath=20260603/PDF/PBINFO_PUB/4301/003_100_20260522_2.pdf","20260603/PDF/PBINFO_PUB/4301/003_100_20260522_2.pdf","supplements/official_gap_recovery_2026/direct_nec_downloads/markdown/920260603-4300-청주시-더불어민주당-1-1.md","https://github.com/treylom/opencrab-nec-2026-local-election-data/blob/main/supplements/official_gap_recovery_2026/direct_nec_downloads/markdown/920260603-4300-청주시-더불어민주당-1-1.md","ok","pymupdf","ok","4","2084","4095108","pack_stale_currently_available_direct_nec_recovered"
"920260603-4300-보은군-더불어민주당-1-1","party-doc:920260603:보은군:더불어민주당:1","4300","충청북도","920260603","기초의원비례대표선거","보은군","","","더불어민주당","1","비례대표 정당 제출자료","https://policy.nec.go.kr/plc/common/downloadFile.do?requestedFileName=20260603_%EB%B3%B4%EC%9D%80%EA%B5%B0_%EB%8D%94%EB%B6%88%EC%96%B4%EB%AF%BC%EC%A3%BC%EB%8B%B9_%EB%B9%84%EB%A1%80%EB%8C%80%ED%91%9C%20%EC%A0%95%EB%8B%B9%20%EC%A0%9C%EC%B6%9C%EC%9E%90%EB%A3%8C.pdf&requestedFullPath=20260603/PDF/PBINFO_PUB/4308/003_100_20260523_1.pdf","20260603/PDF/PBINFO_PUB/4308/003_100_20260523_1.pdf","supplements/official_gap_recovery_2026/direct_nec_downloads/markdown/920260603-4300-보은군-더불어민주당-1-1.md","https://github.com/treylom/opencrab-nec-2026-local-election-data/blob/main/supplements/official_gap_recovery_2026/direct_nec_downloads/markdown/920260603-4300-보은군-더불어민주당-1-1.md","ok","pymupdf","ok","4","1505","3040550","pack_stale_currently_available_direct_nec_recovered"
"920260603-4300-괴산군-더불어민주당-1-1","party-doc:920260603:괴산군:더불어민주당:1","4300","충청북도","920260603","기초의원비례대표선거","괴산군","","","더불어민주당","1","비례대표 정당 제출자료","https://policy.nec.go.kr/plc/common/downloadFile.do?requestedFileName=20260603_%EA%B4%B4%EC%82%B0%EA%B5%B0_%EB%8D%94%EB%B6%88%EC%96%B4%EB%AF%BC%EC%A3%BC%EB%8B%B9_%EB%B9%84%EB%A1%80%EB%8C%80%ED%91%9C%20%EC%A0%95%EB%8B%B9%20%EC%A0%9C%EC%B6%9C%EC%9E%90%EB%A3%8C.pdf&requestedFullPath=20260603/PDF/PBINFO_PUB/4312/003_100_20260523_1.pdf","20260603/PDF/PBINFO_PUB/4312/003_100_20260523_1.pdf","supplements/official_gap_recovery_2026/direct_nec_downloads/markdown/920260603-4300-괴산군-더불어민주당-1-1.md","https://github.com/treylom/opencrab-nec-2026-local-election-data/blob/main/supplements/official_gap_recovery_2026/direct_nec_downloads/markdown/920260603-4300-괴산군-더불어민주당-1-1.md","ok","pymupdf","ok","4","2118","3170135","pack_stale_currently_available_direct_nec_recovered"
"920260603-4300-진천군-더불어민주당-1-1","party-doc:920260603:진천군:더불어민주당:1","4300","충청북도","920260603","기초의원비례대표선거","진천군","","","더불어민주당","1","비례대표 정당 제출자료","https://policy.nec.go.kr/plc/common/downloadFile.do?requestedFileName=20260603_%EC%A7%84%EC%B2%9C%EA%B5%B0_%EB%8D%94%EB%B6%88%EC%96%B4%EB%AF%BC%EC%A3%BC%EB%8B%B9_%EB%B9%84%EB%A1%80%EB%8C%80%ED%91%9C%20%EC%A0%95%EB%8B%B9%20%EC%A0%9C%EC%B6%9C%EC%9E%90%EB%A3%8C.pdf&requestedFullPath=20260603/PDF/PBINFO_PUB/4311/003_100_20260523_1.pdf","20260603/PDF/PBINFO_PUB/4311/003_100_20260523_1.pdf","supplements/official_gap_recovery_2026/direct_nec_downloads/markdown/920260603-4300-진천군-더불어민주당-1-1.md","https://github.com/treylom/opencrab-nec-2026-local-election-data/blob/main/supplements/official_gap_recovery_2026/direct_nec_downloads/markdown/920260603-4300-진천군-더불어민주당-1-1.md","ok","pymupdf","ok","4","1716","3177276","pack_stale_currently_available_direct_nec_recovered"
"920260603-4300-영동군-더불어민주당-1-1","party-doc:920260603:영동군:더불어민주당:1","4300","충청북도","920260603","기초의원비례대표선거","영동군","","","더불어민주당","1","비례대표 정당 제출자료","https://policy.nec.go.kr/plc/common/downloadFile.do?requestedFileName=20260603_%EC%98%81%EB%8F%99%EA%B5%B0_%EB%8D%94%EB%B6%88%EC%96%B4%EB%AF%BC%EC%A3%BC%EB%8B%B9_%EB%B9%84%EB%A1%80%EB%8C%80%ED%91%9C%20%EC%A0%95%EB%8B%B9%20%EC%A0%9C%EC%B6%9C%EC%9E%90%EB%A3%8C.pdf&requestedFullPath=20260603/PDF/PBINFO_PUB/4307/003_100_20260523_1.pdf","20260603/PDF/PBINFO_PUB/4307/003_100_20260523_1.pdf","supplements/official_gap_recovery_2026/direct_nec_downloads/markdown/920260603-4300-영동군-더불어민주당-1-1.md","https://github.com/treylom/opencrab-nec-2026-local-election-data/blob/main/supplements/official_gap_recovery_2026/direct_nec_downloads/markdown/920260603-4300-영동군-더불어민주당-1-1.md","ok","pymupdf","ok","4","1899","3274873","pack_stale_currently_available_direct_nec_recovered"
"920260603-4300-충주시-더불어민주당-1-1","party-doc:920260603:충주시:더불어민주당:1","4300","충청북도","920260603","기초의원비례대표선거","충주시","","","더불어민주당","1","비례대표 정당 제출자료","https://policy.nec.go.kr/plc/common/downloadFile.do?requestedFileName=20260603_%EC%B6%A9%EC%A3%BC%EC%8B%9C_%EB%8D%94%EB%B6%88%EC%96%B4%EB%AF%BC%EC%A3%BC%EB%8B%B9_%EB%B9%84%EB%A1%80%EB%8C%80%ED%91%9C%20%EC%A0%95%EB%8B%B9%20%EC%A0%9C%EC%B6%9C%EC%9E%90%EB%A3%8C.pdf&requestedFullPath=20260603/PDF/PBINFO_PUB/4303/003_100_20260524_1.pdf","20260603/PDF/PBINFO_PUB/4303/003_100_20260524_1.pdf","supplements/official_gap_recovery_2026/direct_nec_downloads/markdown/920260603-4300-충주시-더불어민주당-1-1.md","https://github.com/treylom/opencrab-nec-2026-local-election-data/blob/main/supplements/official_gap_recovery_2026/direct_nec_downloads/markdown/920260603-4300-충주시-더불어민주당-1-1.md","ok","pymupdf","ok","4","1722","4243290","pack_stale_currently_available_direct_nec_recovered"
"920260603-4300-제천시-더불어민주당-1-1","party-doc:920260603:제천시:더불어민주당:1","4300","충청북도","920260603","기초의원비례대표선거","제천시","","","더불어민주당","1","비례대표 정당 제출자료","https://policy.nec.go.kr/plc/common/downloadFile.do?requestedFileName=20260603_%EC%A0%9C%EC%B2%9C%EC%8B%9C_%EB%8D%94%EB%B6%88%EC%96%B4%EB%AF%BC%EC%A3%BC%EB%8B%B9_%EB%B9%84%EB%A1%80%EB%8C%80%ED%91%9C%20%EC%A0%95%EB%8B%B9%20%EC%A0%9C%EC%B6%9C%EC%9E%90%EB%A3%8C.pdf&requestedFullPath=20260603/PDF/PBINFO_PUB/4304/003_100_20260523_1.pdf","20260603/PDF/PBINFO_PUB/4304/003_100_20260523_1.pdf","supplements/official_gap_recovery_2026/direct_nec_downloads/markdown/920260603-4300-제천시-더불어민주당-1-1.md","https://github.com/treylom/opencrab-nec-2026-local-election-data/blob/main/supplements/official_gap_recovery_2026/direct_nec_downloads/markdown/920260603-4300-제천시-더불어민주당-1-1.md","ok","pymupdf","ok","4","2152","3200364","pack_stale_currently_available_direct_nec_recovered"
"920260603-4300-음성군-더불어민주당-1-1","party-doc:920260603:음성군:더불어민주당:1","4300","충청북도","920260603","기초의원비례대표선거","음성군","","","더불어민주당","1","비례대표 정당 제출자료","https://policy.nec.go.kr/plc/common/downloadFile.do?requestedFileName=20260603_%EC%9D%8C%EC%84%B1%EA%B5%B0_%EB%8D%94%EB%B6%88%EC%96%B4%EB%AF%BC%EC%A3%BC%EB%8B%B9_%EB%B9%84%EB%A1%80%EB%8C%80%ED%91%9C%20%EC%A0%95%EB%8B%B9%20%EC%A0%9C%EC%B6%9C%EC%9E%90%EB%A3%8C.pdf&requestedFullPath=20260603/PDF/PBINFO_PUB/4310/003_100_20260523_1.pdf","20260603/PDF/PBINFO_PUB/4310/003_100_20260523_1.pdf","supplements/official_gap_recovery_2026/direct_nec_downloads/markdown/920260603-4300-음성군-더불어민주당-1-1.md","https://github.com/treylom/opencrab-nec-2026-local-election-data/blob/main/supplements/official_gap_recovery_2026/direct_nec_downloads/markdown/920260603-4300-음성군-더불어민주당-1-1.md","ok","pymupdf","ok","4","1665","3716516","pack_stale_currently_available_direct_nec_recovered"
"920260603-4300-옥천군-더불어민주당-1-1","party-doc:920260603:옥천군:더불어민주당:1","4300","충청북도","920260603","기초의원비례대표선거","옥천군","","","더불어민주당","1","비례대표 정당 제출자료","https://policy.nec.go.kr/plc/common/downloadFile.do?requestedFileName=20260603_%EC%98%A5%EC%B2%9C%EA%B5%B0_%EB%8D%94%EB%B6%88%EC%96%B4%EB%AF%BC%EC%A3%BC%EB%8B%B9_%EB%B9%84%EB%A1%80%EB%8C%80%ED%91%9C%20%EC%A0%95%EB%8B%B9%20%EC%A0%9C%EC%B6%9C%EC%9E%90%EB%A3%8C.pdf&requestedFullPath=20260603/PDF/PBINFO_PUB/4309/003_100_20260523_1.pdf","20260603/PDF/PBINFO_PUB/4309/003_100_20260523_1.pdf","supplements/official_gap_recovery_2026/direct_nec_downloads/markdown/920260603-4300-옥천군-더불어민주당-1-1.md","https://github.com/treylom/opencrab-nec-2026-local-election-data/blob/main/supplements/official_gap_recovery_2026/direct_nec_downloads/markdown/920260603-4300-옥천군-더불어민주당-1-1.md","ok","pymupdf","ok","4","1662","3142290","pack_stale_currently_available_direct_nec_recovered"
"920260603-4300-충주시-국민의힘-1-1","party-doc:920260603:충주시:국민의힘:1","4300","충청북도","920260603","기초의원비례대표선거","충주시","","","국민의힘","1","비례대표 정당 제출자료","https://policy.nec.go.kr/plc/common/downloadFile.do?requestedFileName=20260603_%EC%B6%A9%EC%A3%BC%EC%8B%9C_%EA%B5%AD%EB%AF%BC%EC%9D%98%ED%9E%98_%EB%B9%84%EB%A1%80%EB%8C%80%ED%91%9C%20%EC%A0%95%EB%8B%B9%20%EC%A0%9C%EC%B6%9C%EC%9E%90%EB%A3%8C.pdf&requestedFullPath=20260603/PDF/PBINFO_PUB/4303/003_200_20260524_1.pdf","20260603/PDF/PBINFO_PUB/4303/003_200_20260524_1.pdf","supplements/official_gap_recovery_2026/direct_nec_downloads/markdown/920260603-4300-충주시-국민의힘-1-1.md","https://github.com/treylom/opencrab-nec-2026-local-election-data/blob/main/supplements/official_gap_recovery_2026/direct_nec_downloads/markdown/920260603-4300-충주시-국민의힘-1-1.md","ok","pymupdf","ok","2","866","10898324","pack_stale_currently_available_direct_nec_recovered"
"920260603-4300-괴산군-국민의힘-1-1","party-doc:920260603:괴산군:국민의힘:1","4300","충청북도","920260603","기초의원비례대표선거","괴산군","","","국민의힘","1","비례대표 정당 제출자료","https://policy.nec.go.kr/plc/common/downloadFile.do?requestedFileName=20260603_%EA%B4%B4%EC%82%B0%EA%B5%B0_%EA%B5%AD%EB%AF%BC%EC%9D%98%ED%9E%98_%EB%B9%84%EB%A1%80%EB%8C%80%ED%91%9C%20%EC%A0%95%EB%8B%B9%20%EC%A0%9C%EC%B6%9C%EC%9E%90%EB%A3%8C.pdf&requestedFullPath=20260603/PDF/PBINFO_PUB/4312/003_200_20260523_1.pdf","20260603/PDF/PBINFO_PUB/4312/003_200_20260523_1.pdf","supplements/official_gap_recovery_2026/direct_nec_downloads/markdown/920260603-4300-괴산군-국민의힘-1-1.md","https://github.com/treylom/opencrab-nec-2026-local-election-data/blob/main/supplements/official_gap_recovery_2026/direct_nec_downloads/markdown/920260603-4300-괴산군-국민의힘-1-1.md","ok","pymupdf","ok","8","2339","1457869","pack_stale_currently_available_direct_nec_recovered"
"920260603-4300-제천시-국민의힘-1-1","party-doc:920260603:제천시:국민의힘:1","4300","충청북도","920260603","기초의원비례대표선거","제천시","","","국민의힘","1","비례대표 정당 제출자료","https://policy.nec.go.kr/plc/common/downloadFile.do?requestedFileName=20260603_%EC%A0%9C%EC%B2%9C%EC%8B%9C_%EA%B5%AD%EB%AF%BC%EC%9D%98%ED%9E%98_%EB%B9%84%EB%A1%80%EB%8C%80%ED%91%9C%20%EC%A0%95%EB%8B%B9%20%EC%A0%9C%EC%B6%9C%EC%9E%90%EB%A3%8C.pdf&requestedFullPath=20260603/PDF/PBINFO_PUB/4304/003_200_20260523_1.pdf","20260603/PDF/PBINFO_PUB/4304/003_200_20260523_1.pdf","supplements/official_gap_recovery_2026/direct_nec_downloads/markdown/920260603-4300-제천시-국민의힘-1-1.md","https://github.com/treylom/opencrab-nec-2026-local-election-data/blob/main/supplements/official_gap_recovery_2026/direct_nec_downloads/markdown/920260603-4300-제천시-국민의힘-1-1.md","ok","pymupdf","ok","4","1111","5859837","pack_stale_currently_available_direct_nec_recovered"
"920260603-4300-단양군-국민의힘-1-1","party-doc:920260603:단양군:국민의힘:1","4300","충청북도","920260603","기초의원비례대표선거","단양군","","","국민의힘","1","비례대표 정당 제출자료","https://policy.nec.go.kr/plc/common/downloadFile.do?requestedFileName=20260603_%EB%8B%A8%EC%96%91%EA%B5%B0_%EA%B5%AD%EB%AF%BC%EC%9D%98%ED%9E%98_%EB%B9%84%EB%A1%80%EB%8C%80%ED%91%9C%20%EC%A0%95%EB%8B%B9%20%EC%A0%9C%EC%B6%9C%EC%9E%90%EB%A3%8C.pdf&requestedFullPath=20260603/PDF/PBINFO_PUB/4305/003_200_20260523_1.pdf","20260603/PDF/PBINFO_PUB/4305/003_200_20260523_1.pdf","supplements/official_gap_recovery_2026/direct_nec_downloads/markdown/920260603-4300-단양군-국민의힘-1-1.md","https://github.com/treylom/opencrab-nec-2026-local-election-data/blob/main/supplements/official_gap_recovery_2026/direct_nec_downloads/markdown/920260603-4300-단양군-국민의힘-1-1.md","ok","pymupdf","ok","4","1587","4292158","pack_stale_currently_available_direct_nec_recovered"
"920260603-4300-영동군-국민의힘-1-1","party-doc:920260603:영동군:국민의힘:1","4300","충청북도","920260603","기초의원비례대표선거","영동군","","","국민의힘","1","비례대표 정당 제출자료","https://policy.nec.go.kr/plc/common/downloadFile.do?requestedFileName=20260603_%EC%98%81%EB%8F%99%EA%B5%B0_%EA%B5%AD%EB%AF%BC%EC%9D%98%ED%9E%98_%EB%B9%84%EB%A1%80%EB%8C%80%ED%91%9C%20%EC%A0%95%EB%8B%B9%20%EC%A0%9C%EC%B6%9C%EC%9E%90%EB%A3%8C.pdf&requestedFullPath=20260603/PDF/PBINFO_PUB/4307/003_200_20260523_1.pdf","20260603/PDF/PBINFO_PUB/4307/003_200_20260523_1.pdf","supplements/official_gap_recovery_2026/direct_nec_downloads/markdown/920260603-4300-영동군-국민의힘-1-1.md","https://github.com/treylom/opencrab-nec-2026-local-election-data/blob/main/supplements/official_gap_recovery_2026/direct_nec_downloads/markdown/920260603-4300-영동군-국민의힘-1-1.md","ok","pymupdf","suspiciously_short_text","2","24","5763588","pack_stale_currently_available_direct_nec_recovered"
"920260603-4300-진천군-국민의힘-1-1","party-doc:920260603:진천군:국민의힘:1","4300","충청북도","920260603","기초의원비례대표선거","진천군","","","국민의힘","1","비례대표 정당 제출자료","https://policy.nec.go.kr/plc/common/downloadFile.do?requestedFileName=20260603_%EC%A7%84%EC%B2%9C%EA%B5%B0_%EA%B5%AD%EB%AF%BC%EC%9D%98%ED%9E%98_%EB%B9%84%EB%A1%80%EB%8C%80%ED%91%9C%20%EC%A0%95%EB%8B%B9%20%EC%A0%9C%EC%B6%9C%EC%9E%90%EB%A3%8C.pdf&requestedFullPath=20260603/PDF/PBINFO_PUB/4311/003_200_20260523_1.pdf","20260603/PDF/PBINFO_PUB/4311/003_200_20260523_1.pdf","supplements/official_gap_recovery_2026/direct_nec_downloads/markdown/920260603-4300-진천군-국민의힘-1-1.md","https://github.com/treylom/opencrab-nec-2026-local-election-data/blob/main/supplements/official_gap_recovery_2026/direct_nec_downloads/markdown/920260603-4300-진천군-국민의힘-1-1.md","ok","pymupdf","ok","2","972","1207856","pack_stale_currently_available_direct_nec_recovered"
"920260603-4300-증평군-국민의힘-1-1","party-doc:920260603:증평군:국민의힘:1","4300","충청북도","920260603","기초의원비례대표선거","증평군","","","국민의힘","1","비례대표 정당 제출자료","https://policy.nec.go.kr/plc/common/downloadFile.do?requestedFileName=20260603_%EC%A6%9D%ED%8F%89%EA%B5%B0_%EA%B5%AD%EB%AF%BC%EC%9D%98%ED%9E%98_%EB%B9%84%EB%A1%80%EB%8C%80%ED%91%9C%20%EC%A0%95%EB%8B%B9%20%EC%A0%9C%EC%B6%9C%EC%9E%90%EB%A3%8C.pdf&requestedFullPath=20260603/PDF/PBINFO_PUB/4313/003_200_20260522_1.pdf","20260603/PDF/PBINFO_PUB/4313/003_200_20260522_1.pdf","supplements/official_gap_recovery_2026/direct_nec_downloads/markdown/920260603-4300-증평군-국민의힘-1-1.md","https://github.com/treylom/opencrab-nec-2026-local-election-data/blob/main/supplements/official_gap_recovery_2026/direct_nec_downloads/markdown/920260603-4300-증평군-국민의힘-1-1.md","ok","pymupdf","ok","2","609","1063439","pack_stale_currently_available_direct_nec_recovered"
"920260603-4300-보은군-국민의힘-1-1","party-doc:920260603:보은군:국민의힘:1","4300","충청북도","920260603","기초의원비례대표선거","보은군","","","국민의힘","1","비례대표 정당 제출자료","https://policy.nec.go.kr/plc/common/downloadFile.do?requestedFileName=20260603_%EB%B3%B4%EC%9D%80%EA%B5%B0_%EA%B5%AD%EB%AF%BC%EC%9D%98%ED%9E%98_%EB%B9%84%EB%A1%80%EB%8C%80%ED%91%9C%20%EC%A0%95%EB%8B%B9%20%EC%A0%9C%EC%B6%9C%EC%9E%90%EB%A3%8C.pdf&requestedFullPath=20260603/PDF/PBINFO_PUB/4308/003_200_20260523_1.pdf","20260603/PDF/PBINFO_PUB/4308/003_200_20260523_1.pdf","supplements/official_gap_recovery_2026/direct_nec_downloads/markdown/920260603-4300-보은군-국민의힘-1-1.md","https://github.com/treylom/opencrab-nec-2026-local-election-data/blob/main/supplements/official_gap_recovery_2026/direct_nec_downloads/markdown/920260603-4300-보은군-국민의힘-1-1.md","ok","pymupdf","ok","4","1155","4105046","pack_stale_currently_available_direct_nec_recovered"
"920260603-4300-음성군-국민의힘-1-1","party-doc:920260603:음성군:국민의힘:1","4300","충청북도","920260603","기초의원비례대표선거","음성군","","","국민의힘","1","비례대표 정당 제출자료","https://policy.nec.go.kr/plc/common/downloadFile.do?requestedFileName=20260603_%EC%9D%8C%EC%84%B1%EA%B5%B0_%EA%B5%AD%EB%AF%BC%EC%9D%98%ED%9E%98_%EB%B9%84%EB%A1%80%EB%8C%80%ED%91%9C%20%EC%A0%95%EB%8B%B9%20%EC%A0%9C%EC%B6%9C%EC%9E%90%EB%A3%8C.pdf&requestedFullPath=20260603/PDF/PBINFO_PUB/4310/003_200_20260523_1.pdf","20260603/PDF/PBINFO_PUB/4310/003_200_20260523_1.pdf","supplements/official_gap_recovery_2026/direct_nec_downloads/markdown/920260603-4300-음성군-국민의힘-1-1.md","https://github.com/treylom/opencrab-nec-2026-local-election-data/blob/main/supplements/official_gap_recovery_2026/direct_nec_downloads/markdown/920260603-4300-음성군-국민의힘-1-1.md","ok","pymupdf","ok","2","597","1101415","pack_stale_currently_available_direct_nec_recovered"
"920260603-4300-옥천군-국민의힘-1-1","party-doc:920260603:옥천군:국민의힘:1","4300","충청북도","920260603","기초의원비례대표선거","옥천군","","","국민의힘","1","비례대표 정당 제출자료","https://policy.nec.go.kr/plc/common/downloadFile.do?requestedFileName=20260603_%EC%98%A5%EC%B2%9C%EA%B5%B0_%EA%B5%AD%EB%AF%BC%EC%9D%98%ED%9E%98_%EB%B9%84%EB%A1%80%EB%8C%80%ED%91%9C%20%EC%A0%95%EB%8B%B9%20%EC%A0%9C%EC%B6%9C%EC%9E%90%EB%A3%8C.pdf&requestedFullPath=20260603/PDF/PBINFO_PUB/4309/003_200_20260523_1.pdf","20260603/PDF/PBINFO_PUB/4309/003_200_20260523_1.pdf","supplements/official_gap_recovery_2026/direct_nec_downloads/markdown/920260603-4300-옥천군-국민의힘-1-1.md","https://github.com/treylom/opencrab-nec-2026-local-election-data/blob/main/supplements/official_gap_recovery_2026/direct_nec_downloads/markdown/920260603-4300-옥천군-국민의힘-1-1.md","ok","pymupdf","ok","4","1114","869404","pack_stale_currently_available_direct_nec_recovered"
"920260603-4300-청주시-국민의힘-1-1","party-doc:920260603:청주시:국민의힘:1","4300","충청북도","920260603","기초의원비례대표선거","청주시","","","국민의힘","1","비례대표 정당 제출자료","https://policy.nec.go.kr/plc/common/downloadFile.do?requestedFileName=20260603_%EC%B2%AD%EC%A3%BC%EC%8B%9C_%EA%B5%AD%EB%AF%BC%EC%9D%98%ED%9E%98_%EB%B9%84%EB%A1%80%EB%8C%80%ED%91%9C%20%EC%A0%95%EB%8B%B9%20%EC%A0%9C%EC%B6%9C%EC%9E%90%EB%A3%8C.pdf&requestedFullPath=20260603/PDF/PBINFO_PUB/4301/003_200_20260515_1.pdf","20260603/PDF/PBINFO_PUB/4301/003_200_20260515_1.pdf","supplements/official_gap_recovery_2026/direct_nec_downloads/markdown/920260603-4300-청주시-국민의힘-1-1.md","https://github.com/treylom/opencrab-nec-2026-local-election-data/blob/main/supplements/official_gap_recovery_2026/direct_nec_downloads/markdown/920260603-4300-청주시-국민의힘-1-1.md","ok","pymupdf","ok","8","2432","6010317","pack_stale_currently_available_direct_nec_recovered"
"920260603-4300-청주시-조국혁신당-1-1","party-doc:920260603:청주시:조국혁신당:1","4300","충청북도","920260603","기초의원비례대표선거","청주시","","","조국혁신당","1","비례대표 정당 제출자료","https://policy.nec.go.kr/plc/common/downloadFile.do?requestedFileName=20260603_%EC%B2%AD%EC%A3%BC%EC%8B%9C_%EC%A1%B0%EA%B5%AD%ED%98%81%EC%8B%A0%EB%8B%B9_%EB%B9%84%EB%A1%80%EB%8C%80%ED%91%9C%20%EC%A0%95%EB%8B%B9%20%EC%A0%9C%EC%B6%9C%EC%9E%90%EB%A3%8C.pdf&requestedFullPath=20260603/PDF/PBINFO_PUB/4301/003_5077_20260517_3.pdf","20260603/PDF/PBINFO_PUB/4301/003_5077_20260517_3.pdf","supplements/official_gap_recovery_2026/direct_nec_downloads/markdown/920260603-4300-청주시-조국혁신당-1-1.md","https://github.com/treylom/opencrab-nec-2026-local-election-data/blob/main/supplements/official_gap_recovery_2026/direct_nec_downloads/markdown/920260603-4300-청주시-조국혁신당-1-1.md","ok","pymupdf","ok","2","744","13197017","pack_stale_currently_available_direct_nec_recovered"
"920260603-4400-논산시-더불어민주당-1-1","party-doc:920260603:논산시:더불어민주당:1","4400","충청남도","920260603","기초의원비례대표선거","논산시","","","더불어민주당","1","비례대표 정당 제출자료","https://policy.nec.go.kr/plc/common/downloadFile.do?requestedFileName=20260603_%EB%85%BC%EC%82%B0%EC%8B%9C_%EB%8D%94%EB%B6%88%EC%96%B4%EB%AF%BC%EC%A3%BC%EB%8B%B9_%EB%B9%84%EB%A1%80%EB%8C%80%ED%91%9C%20%EC%A0%95%EB%8B%B9%20%EC%A0%9C%EC%B6%9C%EC%9E%90%EB%A3%8C.pdf&requestedFullPath=20260603/PDF/PBINFO_PUB/4409/003_100_20260522_1.pdf","20260603/PDF/PBINFO_PUB/4409/003_100_20260522_1.pdf","supplements/official_gap_recovery_2026/direct_nec_downloads/markdown/920260603-4400-논산시-더불어민주당-1-1.md","https://github.com/treylom/opencrab-nec-2026-local-election-data/blob/main/supplements/official_gap_recovery_2026/direct_nec_downloads/markdown/920260603-4400-논산시-더불어민주당-1-1.md","ok","pymupdf","ok","8","1485","2452475","pack_stale_currently_available_direct_nec_recovered"
"920260603-4400-태안군-더불어민주당-1-1","party-doc:920260603:태안군:더불어민주당:1","4400","충청남도","920260603","기초의원비례대표선거","태안군","","","더불어민주당","1","비례대표 정당 제출자료","https://policy.nec.go.kr/plc/common/downloadFile.do?requestedFileName=20260603_%ED%83%9C%EC%95%88%EA%B5%B0_%EB%8D%94%EB%B6%88%EC%96%B4%EB%AF%BC%EC%A3%BC%EB%8B%B9_%EB%B9%84%EB%A1%80%EB%8C%80%ED%91%9C%20%EC%A0%95%EB%8B%B9%20%EC%A0%9C%EC%B6%9C%EC%9E%90%EB%A3%8C.pdf&requestedFullPath=20260603/PDF/PBINFO_PUB/4406/003_100_20260514_1.pdf","20260603/PDF/PBINFO_PUB/4406/003_100_20260514_1.pdf","supplements/official_gap_recovery_2026/direct_nec_downloads/markdown/920260603-4400-태안군-더불어민주당-1-1.md","https://github.com/treylom/opencrab-nec-2026-local-election-data/blob/main/supplements/official_gap_recovery_2026/direct_nec_downloads/markdown/920260603-4400-태안군-더불어민주당-1-1.md","ok","pymupdf","ok","8","1379","8377200","pack_stale_currently_available_direct_nec_recovered"
"920260603-4400-홍성군-더불어민주당-1-1","party-doc:920260603:홍성군:더불어민주당:1","4400","충청남도","920260603","기초의원비례대표선거","홍성군","","","더불어민주당","1","비례대표 정당 제출자료","https://policy.nec.go.kr/plc/common/downloadFile.do?requestedFileName=20260603_%ED%99%8D%EC%84%B1%EA%B5%B0_%EB%8D%94%EB%B6%88%EC%96%B4%EB%AF%BC%EC%A3%BC%EB%8B%B9_%EB%B9%84%EB%A1%80%EB%8C%80%ED%91%9C%20%EC%A0%95%EB%8B%B9%20%EC%A0%9C%EC%B6%9C%EC%9E%90%EB%A3%8C.pdf&requestedFullPath=20260603/PDF/PBINFO_PUB/4413/003_100_20260523_1.pdf","20260603/PDF/PBINFO_PUB/4413/003_100_20260523_1.pdf","supplements/official_gap_recovery_2026/direct_nec_downloads/markdown/920260603-4400-홍성군-더불어민주당-1-1.md","https://github.com/treylom/opencrab-nec-2026-local-election-data/blob/main/supplements/official_gap_recovery_2026/direct_nec_downloads/markdown/920260603-4400-홍성군-더불어민주당-1-1.md","ok","pymupdf","ok","8","1319","2485151","pack_stale_currently_available_direct_nec_recovered"
"920260603-4400-보령시-더불어민주당-1-1","party-doc:920260603:보령시:더불어민주당:1","4400","충청남도","920260603","기초의원비례대표선거","보령시","","","더불어민주당","1","비례대표 정당 제출자료","https://policy.nec.go.kr/plc/common/downloadFile.do?requestedFileName=20260603_%EB%B3%B4%EB%A0%B9%EC%8B%9C_%EB%8D%94%EB%B6%88%EC%96%B4%EB%AF%BC%EC%A3%BC%EB%8B%B9_%EB%B9%84%EB%A1%80%EB%8C%80%ED%91%9C%20%EC%A0%95%EB%8B%B9%20%EC%A0%9C%EC%B6%9C%EC%9E%90%EB%A3%8C.pdf&requestedFullPath=20260603/PDF/PBINFO_PUB/4403/003_100_20260523_1.pdf","20260603/PDF/PBINFO_PUB/4403/003_100_20260523_1.pdf","supplements/official_gap_recovery_2026/direct_nec_downloads/markdown/920260603-4400-보령시-더불어민주당-1-1.md","https://github.com/treylom/opencrab-nec-2026-local-election-data/blob/main/supplements/official_gap_recovery_2026/direct_nec_downloads/markdown/920260603-4400-보령시-더불어민주당-1-1.md","ok","pymupdf","ok","8","1621","8605937","pack_stale_currently_available_direct_nec_recovered"
"920260603-4400-서산시-더불어민주당-1-1","party-doc:920260603:서산시:더불어민주당:1","4400","충청남도","920260603","기초의원비례대표선거","서산시","","","더불어민주당","1","비례대표 정당 제출자료","https://policy.nec.go.kr/plc/common/downloadFile.do?requestedFileName=20260603_%EC%84%9C%EC%82%B0%EC%8B%9C_%EB%8D%94%EB%B6%88%EC%96%B4%EB%AF%BC%EC%A3%BC%EB%8B%B9_%EB%B9%84%EB%A1%80%EB%8C%80%ED%91%9C%20%EC%A0%95%EB%8B%B9%20%EC%A0%9C%EC%B6%9C%EC%9E%90%EB%A3%8C.pdf&requestedFullPath=20260603/PDF/PBINFO_PUB/4405/003_100_20260517_1.pdf","20260603/PDF/PBINFO_PUB/4405/003_100_20260517_1.pdf","supplements/official_gap_recovery_2026/direct_nec_downloads/markdown/920260603-4400-서산시-더불어민주당-1-1.md","https://github.com/treylom/opencrab-nec-2026-local-election-data/blob/main/supplements/official_gap_recovery_2026/direct_nec_downloads/markdown/920260603-4400-서산시-더불어민주당-1-1.md","ok","pymupdf","ok","8","1493","8485792","pack_stale_currently_available_direct_nec_recovered"
"920260603-4400-서천군-더불어민주당-1-1","party-doc:920260603:서천군:더불어민주당:1","4400","충청남도","920260603","기초의원비례대표선거","서천군","","","더불어민주당","1","비례대표 정당 제출자료","https://policy.nec.go.kr/plc/common/downloadFile.do?requestedFileName=20260603_%EC%84%9C%EC%B2%9C%EA%B5%B0_%EB%8D%94%EB%B6%88%EC%96%B4%EB%AF%BC%EC%A3%BC%EB%8B%B9_%EB%B9%84%EB%A1%80%EB%8C%80%ED%91%9C%20%EC%A0%95%EB%8B%B9%20%EC%A0%9C%EC%B6%9C%EC%9E%90%EB%A3%8C.pdf&requestedFullPath=20260603/PDF/PBINFO_PUB/4412/003_100_20260522_1.pdf","20260603/PDF/PBINFO_PUB/4412/003_100_20260522_1.pdf","supplements/official_gap_recovery_2026/direct_nec_downloads/markdown/920260603-4400-서천군-더불어민주당-1-1.md","https://github.com/treylom/opencrab-nec-2026-local-election-data/blob/main/supplements/official_gap_recovery_2026/direct_nec_downloads/markdown/920260603-4400-서천군-더불어민주당-1-1.md","ok","pymupdf","ok","8","1389","7557228","pack_stale_currently_available_direct_nec_recovered"
"920260603-4400-당진시-더불어민주당-1-1","party-doc:920260603:당진시:더불어민주당:1","4400","충청남도","920260603","기초의원비례대표선거","당진시","","","더불어민주당","1","비례대표 정당 제출자료","https://policy.nec.go.kr/plc/common/downloadFile.do?requestedFileName=20260603_%EB%8B%B9%EC%A7%84%EC%8B%9C_%EB%8D%94%EB%B6%88%EC%96%B4%EB%AF%BC%EC%A3%BC%EB%8B%B9_%EB%B9%84%EB%A1%80%EB%8C%80%ED%91%9C%20%EC%A0%95%EB%8B%B9%20%EC%A0%9C%EC%B6%9C%EC%9E%90%EB%A3%8C.pdf&requestedFullPath=20260603/PDF/PBINFO_PUB/4416/003_100_20260522_1.pdf","20260603/PDF/PBINFO_PUB/4416/003_100_20260522_1.pdf","supplements/official_gap_recovery_2026/direct_nec_downloads/markdown/920260603-4400-당진시-더불어민주당-1-1.md","https://github.com/treylom/opencrab-nec-2026-local-election-data/blob/main/supplements/official_gap_recovery_2026/direct_nec_downloads/markdown/920260603-4400-당진시-더불어민주당-1-1.md","ok","pymupdf","ok","8","1512","8432607","pack_stale_currently_available_direct_nec_recovered"
"920260603-4400-천안시-더불어민주당-1-1","party-doc:920260603:천안시:더불어민주당:1","4400","충청남도","920260603","기초의원비례대표선거","천안시","","","더불어민주당","1","비례대표 정당 제출자료","https://policy.nec.go.kr/plc/common/downloadFile.do?requestedFileName=20260603_%EC%B2%9C%EC%95%88%EC%8B%9C_%EB%8D%94%EB%B6%88%EC%96%B4%EB%AF%BC%EC%A3%BC%EB%8B%B9_%EB%B9%84%EB%A1%80%EB%8C%80%ED%91%9C%20%EC%A0%95%EB%8B%B9%20%EC%A0%9C%EC%B6%9C%EC%9E%90%EB%A3%8C.pdf&requestedFullPath=20260603/PDF/PBINFO_PUB/4417/003_100_20260523_1.pdf","20260603/PDF/PBINFO_PUB/4417/003_100_20260523_1.pdf","supplements/official_gap_recovery_2026/direct_nec_downloads/markdown/920260603-4400-천안시-더불어민주당-1-1.md","https://github.com/treylom/opencrab-nec-2026-local-election-data/blob/main/supplements/official_gap_recovery_2026/direct_nec_downloads/markdown/920260603-4400-천안시-더불어민주당-1-1.md","ok","pymupdf","suspiciously_short_text","8","114","2208112","pack_stale_currently_available_direct_nec_recovered"
"920260603-4400-아산시-더불어민주당-1-1","party-doc:920260603:아산시:더불어민주당:1","4400","충청남도","920260603","기초의원비례대표선거","아산시","","","더불어민주당","1","비례대표 정당 제출자료","https://policy.nec.go.kr/plc/common/downloadFile.do?requestedFileName=20260603_%EC%95%84%EC%82%B0%EC%8B%9C_%EB%8D%94%EB%B6%88%EC%96%B4%EB%AF%BC%EC%A3%BC%EB%8B%B9_%EB%B9%84%EB%A1%80%EB%8C%80%ED%91%9C%20%EC%A0%95%EB%8B%B9%20%EC%A0%9C%EC%B6%9C%EC%9E%90%EB%A3%8C.pdf&requestedFullPath=20260603/PDF/PBINFO_PUB/4404/003_100_20260522_1.pdf","20260603/PDF/PBINFO_PUB/4404/003_100_20260522_1.pdf","supplements/official_gap_recovery_2026/direct_nec_downloads/markdown/920260603-4400-아산시-더불어민주당-1-1.md","https://github.com/treylom/opencrab-nec-2026-local-election-data/blob/main/supplements/official_gap_recovery_2026/direct_nec_downloads/markdown/920260603-4400-아산시-더불어민주당-1-1.md","ok","pymupdf","ok","8","1271","7615932","pack_stale_currently_available_direct_nec_recovered"
"920260603-4400-금산군-더불어민주당-1-1","party-doc:920260603:금산군:더불어민주당:1","4400","충청남도","920260603","기초의원비례대표선거","금산군","","","더불어민주당","1","비례대표 정당 제출자료","https://policy.nec.go.kr/plc/common/downloadFile.do?requestedFileName=20260603_%EA%B8%88%EC%82%B0%EA%B5%B0_%EB%8D%94%EB%B6%88%EC%96%B4%EB%AF%BC%EC%A3%BC%EB%8B%B9_%EB%B9%84%EB%A1%80%EB%8C%80%ED%91%9C%20%EC%A0%95%EB%8B%B9%20%EC%A0%9C%EC%B6%9C%EC%9E%90%EB%A3%8C.pdf&requestedFullPath=20260603/PDF/PBINFO_PUB/4407/003_100_20260522_1.pdf","20260603/PDF/PBINFO_PUB/4407/003_100_20260522_1.pdf","supplements/official_gap_recovery_2026/direct_nec_downloads/markdown/920260603-4400-금산군-더불어민주당-1-1.md","https://github.com/treylom/opencrab-nec-2026-local-election-data/blob/main/supplements/official_gap_recovery_2026/direct_nec_downloads/markdown/920260603-4400-금산군-더불어민주당-1-1.md","ok","pymupdf","suspiciously_short_text","8","186","7801588","pack_stale_currently_available_direct_nec_recovered"
"920260603-4400-예산군-더불어민주당-1-1","party-doc:920260603:예산군:더불어민주당:1","4400","충청남도","920260603","기초의원비례대표선거","예산군","","","더불어민주당","1","비례대표 정당 제출자료","https://policy.nec.go.kr/plc/common/downloadFile.do?requestedFileName=20260603_%EC%98%88%EC%82%B0%EA%B5%B0_%EB%8D%94%EB%B6%88%EC%96%B4%EB%AF%BC%EC%A3%BC%EB%8B%B9_%EB%B9%84%EB%A1%80%EB%8C%80%ED%91%9C%20%EC%A0%95%EB%8B%B9%20%EC%A0%9C%EC%B6%9C%EC%9E%90%EB%A3%8C.pdf&requestedFullPath=20260603/PDF/PBINFO_PUB/4415/003_100_20260521_1.pdf","20260603/PDF/PBINFO_PUB/4415/003_100_20260521_1.pdf","supplements/official_gap_recovery_2026/direct_nec_downloads/markdown/920260603-4400-예산군-더불어민주당-1-1.md","https://github.com/treylom/opencrab-nec-2026-local-election-data/blob/main/supplements/official_gap_recovery_2026/direct_nec_downloads/markdown/920260603-4400-예산군-더불어민주당-1-1.md","ok","pymupdf","ok","8","1250","8262334","pack_stale_currently_available_direct_nec_recovered"
"920260603-4400-계룡시-더불어민주당-1-1","party-doc:920260603:계룡시:더불어민주당:1","4400","충청남도","920260603","기초의원비례대표선거","계룡시","","","더불어민주당","1","비례대표 정당 제출자료","https://policy.nec.go.kr/plc/common/downloadFile.do?requestedFileName=20260603_%EA%B3%84%EB%A3%A1%EC%8B%9C_%EB%8D%94%EB%B6%88%EC%96%B4%EB%AF%BC%EC%A3%BC%EB%8B%B9_%EB%B9%84%EB%A1%80%EB%8C%80%ED%91%9C%20%EC%A0%95%EB%8B%B9%20%EC%A0%9C%EC%B6%9C%EC%9E%90%EB%A3%8C.pdf&requestedFullPath=20260603/PDF/PBINFO_PUB/4410/003_100_20260523_1.pdf","20260603/PDF/PBINFO_PUB/4410/003_100_20260523_1.pdf","supplements/official_gap_recovery_2026/direct_nec_downloads/markdown/920260603-4400-계룡시-더불어민주당-1-1.md","https://github.com/treylom/opencrab-nec-2026-local-election-data/blob/main/supplements/official_gap_recovery_2026/direct_nec_downloads/markdown/920260603-4400-계룡시-더불어민주당-1-1.md","ok","pymupdf","ok","8","1372","2436984","pack_stale_currently_available_direct_nec_recovered"
"920260603-4400-공주시-더불어민주당-1-1","party-doc:920260603:공주시:더불어민주당:1","4400","충청남도","920260603","기초의원비례대표선거","공주시","","","더불어민주당","1","비례대표 정당 제출자료","https://policy.nec.go.kr/plc/common/downloadFile.do?requestedFileName=20260603_%EA%B3%B5%EC%A3%BC%EC%8B%9C_%EB%8D%94%EB%B6%88%EC%96%B4%EB%AF%BC%EC%A3%BC%EB%8B%B9_%EB%B9%84%EB%A1%80%EB%8C%80%ED%91%9C%20%EC%A0%95%EB%8B%B9%20%EC%A0%9C%EC%B6%9C%EC%9E%90%EB%A3%8C.pdf&requestedFullPath=20260603/PDF/PBINFO_PUB/4402/003_100_20260523_1.pdf","20260603/PDF/PBINFO_PUB/4402/003_100_20260523_1.pdf","supplements/official_gap_recovery_2026/direct_nec_downloads/markdown/920260603-4400-공주시-더불어민주당-1-1.md","https://github.com/treylom/opencrab-nec-2026-local-election-data/blob/main/supplements/official_gap_recovery_2026/direct_nec_downloads/markdown/920260603-4400-공주시-더불어민주당-1-1.md","ok","pymupdf","ok","8","1484","7620712","pack_stale_currently_available_direct_nec_recovered"
"920260603-4400-청양군-더불어민주당-1-1","party-doc:920260603:청양군:더불어민주당:1","4400","충청남도","920260603","기초의원비례대표선거","청양군","","","더불어민주당","1","비례대표 정당 제출자료","https://policy.nec.go.kr/plc/common/downloadFile.do?requestedFileName=20260603_%EC%B2%AD%EC%96%91%EA%B5%B0_%EB%8D%94%EB%B6%88%EC%96%B4%EB%AF%BC%EC%A3%BC%EB%8B%B9_%EB%B9%84%EB%A1%80%EB%8C%80%ED%91%9C%20%EC%A0%95%EB%8B%B9%20%EC%A0%9C%EC%B6%9C%EC%9E%90%EB%A3%8C.pdf&requestedFullPath=20260603/PDF/PBINFO_PUB/4414/003_100_20260523_1.pdf","20260603/PDF/PBINFO_PUB/4414/003_100_20260523_1.pdf","supplements/official_gap_recovery_2026/direct_nec_downloads/markdown/920260603-4400-청양군-더불어민주당-1-1.md","https://github.com/treylom/opencrab-nec-2026-local-election-data/blob/main/supplements/official_gap_recovery_2026/direct_nec_downloads/markdown/920260603-4400-청양군-더불어민주당-1-1.md","ok","pymupdf","ok","8","1383","8152396","pack_stale_currently_available_direct_nec_recovered"
"920260603-4400-아산시-국민의힘-1-1","party-doc:920260603:아산시:국민의힘:1","4400","충청남도","920260603","기초의원비례대표선거","아산시","","","국민의힘","1","비례대표 정당 제출자료","https://policy.nec.go.kr/plc/common/downloadFile.do?requestedFileName=20260603_%EC%95%84%EC%82%B0%EC%8B%9C_%EA%B5%AD%EB%AF%BC%EC%9D%98%ED%9E%98_%EB%B9%84%EB%A1%80%EB%8C%80%ED%91%9C%20%EC%A0%95%EB%8B%B9%20%EC%A0%9C%EC%B6%9C%EC%9E%90%EB%A3%8C.pdf&requestedFullPath=20260603/PDF/PBINFO_PUB/4404/003_200_20260522_1.pdf","20260603/PDF/PBINFO_PUB/4404/003_200_20260522_1.pdf","supplements/official_gap_recovery_2026/direct_nec_downloads/markdown/920260603-4400-아산시-국민의힘-1-1.md","https://github.com/treylom/opencrab-nec-2026-local-election-data/blob/main/supplements/official_gap_recovery_2026/direct_nec_downloads/markdown/920260603-4400-아산시-국민의힘-1-1.md","ok","pymupdf","ok","4","633","1847787","pack_stale_currently_available_direct_nec_recovered"
"920260603-4400-금산군-국민의힘-1-1","party-doc:920260603:금산군:국민의힘:1","4400","충청남도","920260603","기초의원비례대표선거","금산군","","","국민의힘","1","비례대표 정당 제출자료","https://policy.nec.go.kr/plc/common/downloadFile.do?requestedFileName=20260603_%EA%B8%88%EC%82%B0%EA%B5%B0_%EA%B5%AD%EB%AF%BC%EC%9D%98%ED%9E%98_%EB%B9%84%EB%A1%80%EB%8C%80%ED%91%9C%20%EC%A0%95%EB%8B%B9%20%EC%A0%9C%EC%B6%9C%EC%9E%90%EB%A3%8C.pdf&requestedFullPath=20260603/PDF/PBINFO_PUB/4407/003_200_20260524_2.pdf","20260603/PDF/PBINFO_PUB/4407/003_200_20260524_2.pdf","supplements/official_gap_recovery_2026/direct_nec_downloads/markdown/920260603-4400-금산군-국민의힘-1-1.md","https://github.com/treylom/opencrab-nec-2026-local-election-data/blob/main/supplements/official_gap_recovery_2026/direct_nec_downloads/markdown/920260603-4400-금산군-국민의힘-1-1.md","ok","pymupdf","ok","4","1022","595546","pack_stale_currently_available_direct_nec_recovered"
"920260603-4400-예산군-국민의힘-1-1","party-doc:920260603:예산군:국민의힘:1","4400","충청남도","920260603","기초의원비례대표선거","예산군","","","국민의힘","1","비례대표 정당 제출자료","https://policy.nec.go.kr/plc/common/downloadFile.do?requestedFileName=20260603_%EC%98%88%EC%82%B0%EA%B5%B0_%EA%B5%AD%EB%AF%BC%EC%9D%98%ED%9E%98_%EB%B9%84%EB%A1%80%EB%8C%80%ED%91%9C%20%EC%A0%95%EB%8B%B9%20%EC%A0%9C%EC%B6%9C%EC%9E%90%EB%A3%8C.pdf&requestedFullPath=20260603/PDF/PBINFO_PUB/4415/003_200_20260521_1.pdf","20260603/PDF/PBINFO_PUB/4415/003_200_20260521_1.pdf","supplements/official_gap_recovery_2026/direct_nec_downloads/markdown/920260603-4400-예산군-국민의힘-1-1.md","https://github.com/treylom/opencrab-nec-2026-local-election-data/blob/main/supplements/official_gap_recovery_2026/direct_nec_downloads/markdown/920260603-4400-예산군-국민의힘-1-1.md","ok","pymupdf","ok","4","1853","3215242","pack_stale_currently_available_direct_nec_recovered"
"920260603-4400-천안시-국민의힘-1-1","party-doc:920260603:천안시:국민의힘:1","4400","충청남도","920260603","기초의원비례대표선거","천안시","","","국민의힘","1","비례대표 정당 제출자료","https://policy.nec.go.kr/plc/common/downloadFile.do?requestedFileName=20260603_%EC%B2%9C%EC%95%88%EC%8B%9C_%EA%B5%AD%EB%AF%BC%EC%9D%98%ED%9E%98_%EB%B9%84%EB%A1%80%EB%8C%80%ED%91%9C%20%EC%A0%95%EB%8B%B9%20%EC%A0%9C%EC%B6%9C%EC%9E%90%EB%A3%8C.pdf&requestedFullPath=20260603/PDF/PBINFO_PUB/4417/003_200_20260523_2.pdf","20260603/PDF/PBINFO_PUB/4417/003_200_20260523_2.pdf","supplements/official_gap_recovery_2026/direct_nec_downloads/markdown/920260603-4400-천안시-국민의힘-1-1.md","https://github.com/treylom/opencrab-nec-2026-local-election-data/blob/main/supplements/official_gap_recovery_2026/direct_nec_downloads/markdown/920260603-4400-천안시-국민의힘-1-1.md","ok","pymupdf","suspiciously_short_text","4","67","1202035","pack_stale_currently_available_direct_nec_recovered"
"920260603-4400-계룡시-국민의힘-1-1","party-doc:920260603:계룡시:국민의힘:1","4400","충청남도","920260603","기초의원비례대표선거","계룡시","","","국민의힘","1","비례대표 정당 제출자료","https://policy.nec.go.kr/plc/common/downloadFile.do?requestedFileName=20260603_%EA%B3%84%EB%A3%A1%EC%8B%9C_%EA%B5%AD%EB%AF%BC%EC%9D%98%ED%9E%98_%EB%B9%84%EB%A1%80%EB%8C%80%ED%91%9C%20%EC%A0%95%EB%8B%B9%20%EC%A0%9C%EC%B6%9C%EC%9E%90%EB%A3%8C.pdf&requestedFullPath=20260603/PDF/PBINFO_PUB/4410/003_200_20260523_1.pdf","20260603/PDF/PBINFO_PUB/4410/003_200_20260523_1.pdf","supplements/official_gap_recovery_2026/direct_nec_downloads/markdown/920260603-4400-계룡시-국민의힘-1-1.md","https://github.com/treylom/opencrab-nec-2026-local-election-data/blob/main/supplements/official_gap_recovery_2026/direct_nec_downloads/markdown/920260603-4400-계룡시-국민의힘-1-1.md","ok","pymupdf","ok","4","984","606531","pack_stale_currently_available_direct_nec_recovered"
"920260603-4400-서산시-국민의힘-1-1","party-doc:920260603:서산시:국민의힘:1","4400","충청남도","920260603","기초의원비례대표선거","서산시","","","국민의힘","1","비례대표 정당 제출자료","https://policy.nec.go.kr/plc/common/downloadFile.do?requestedFileName=20260603_%EC%84%9C%EC%82%B0%EC%8B%9C_%EA%B5%AD%EB%AF%BC%EC%9D%98%ED%9E%98_%EB%B9%84%EB%A1%80%EB%8C%80%ED%91%9C%20%EC%A0%95%EB%8B%B9%20%EC%A0%9C%EC%B6%9C%EC%9E%90%EB%A3%8C.pdf&requestedFullPath=20260603/PDF/PBINFO_PUB/4405/003_200_20260517_1.pdf","20260603/PDF/PBINFO_PUB/4405/003_200_20260517_1.pdf","supplements/official_gap_recovery_2026/direct_nec_downloads/markdown/920260603-4400-서산시-국민의힘-1-1.md","https://github.com/treylom/opencrab-nec-2026-local-election-data/blob/main/supplements/official_gap_recovery_2026/direct_nec_downloads/markdown/920260603-4400-서산시-국민의힘-1-1.md","ok","pymupdf","ok","4","1020","4571902","pack_stale_currently_available_direct_nec_recovered"
"920260603-4400-당진시-국민의힘-1-1","party-doc:920260603:당진시:국민의힘:1","4400","충청남도","920260603","기초의원비례대표선거","당진시","","","국민의힘","1","비례대표 정당 제출자료","https://policy.nec.go.kr/plc/common/downloadFile.do?requestedFileName=20260603_%EB%8B%B9%EC%A7%84%EC%8B%9C_%EA%B5%AD%EB%AF%BC%EC%9D%98%ED%9E%98_%EB%B9%84%EB%A1%80%EB%8C%80%ED%91%9C%20%EC%A0%95%EB%8B%B9%20%EC%A0%9C%EC%B6%9C%EC%9E%90%EB%A3%8C.pdf&requestedFullPath=20260603/PDF/PBINFO_PUB/4416/003_200_20260522_1.pdf","20260603/PDF/PBINFO_PUB/4416/003_200_20260522_1.pdf","supplements/official_gap_recovery_2026/direct_nec_downloads/markdown/920260603-4400-당진시-국민의힘-1-1.md","https://github.com/treylom/opencrab-nec-2026-local-election-data/blob/main/supplements/official_gap_recovery_2026/direct_nec_downloads/markdown/920260603-4400-당진시-국민의힘-1-1.md","ok","pymupdf","ok","4","2470","10722113","pack_stale_currently_available_direct_nec_recovered"
"920260603-4400-태안군-국민의힘-1-1","party-doc:920260603:태안군:국민의힘:1","4400","충청남도","920260603","기초의원비례대표선거","태안군","","","국민의힘","1","비례대표 정당 제출자료","https://policy.nec.go.kr/plc/common/downloadFile.do?requestedFileName=20260603_%ED%83%9C%EC%95%88%EA%B5%B0_%EA%B5%AD%EB%AF%BC%EC%9D%98%ED%9E%98_%EB%B9%84%EB%A1%80%EB%8C%80%ED%91%9C%20%EC%A0%95%EB%8B%B9%20%EC%A0%9C%EC%B6%9C%EC%9E%90%EB%A3%8C.pdf&requestedFullPath=20260603/PDF/PBINFO_PUB/4406/003_200_20260520_1.pdf","20260603/PDF/PBINFO_PUB/4406/003_200_20260520_1.pdf","supplements/official_gap_recovery_2026/direct_nec_downloads/markdown/920260603-4400-태안군-국민의힘-1-1.md","https://github.com/treylom/opencrab-nec-2026-local-election-data/blob/main/supplements/official_gap_recovery_2026/direct_nec_downloads/markdown/920260603-4400-태안군-국민의힘-1-1.md","ok","pymupdf","suspiciously_short_text","4","54","15015518","pack_stale_currently_available_direct_nec_recovered"
"920260603-4400-논산시-국민의힘-1-1","party-doc:920260603:논산시:국민의힘:1","4400","충청남도","920260603","기초의원비례대표선거","논산시","","","국민의힘","1","비례대표 정당 제출자료","https://policy.nec.go.kr/plc/common/downloadFile.do?requestedFileName=20260603_%EB%85%BC%EC%82%B0%EC%8B%9C_%EA%B5%AD%EB%AF%BC%EC%9D%98%ED%9E%98_%EB%B9%84%EB%A1%80%EB%8C%80%ED%91%9C%20%EC%A0%95%EB%8B%B9%20%EC%A0%9C%EC%B6%9C%EC%9E%90%EB%A3%8C.pdf&requestedFullPath=20260603/PDF/PBINFO_PUB/4409/003_200_20260522_1.pdf","20260603/PDF/PBINFO_PUB/4409/003_200_20260522_1.pdf","supplements/official_gap_recovery_2026/direct_nec_downloads/markdown/920260603-4400-논산시-국민의힘-1-1.md","https://github.com/treylom/opencrab-nec-2026-local-election-data/blob/main/supplements/official_gap_recovery_2026/direct_nec_downloads/markdown/920260603-4400-논산시-국민의힘-1-1.md","ok","pymupdf","ok","4","1102","902973","pack_stale_currently_available_direct_nec_recovered"
"920260603-4400-청양군-국민의힘-1-1","party-doc:920260603:청양군:국민의힘:1","4400","충청남도","920260603","기초의원비례대표선거","청양군","","","국민의힘","1","비례대표 정당 제출자료","https://policy.nec.go.kr/plc/common/downloadFile.do?requestedFileName=20260603_%EC%B2%AD%EC%96%91%EA%B5%B0_%EA%B5%AD%EB%AF%BC%EC%9D%98%ED%9E%98_%EB%B9%84%EB%A1%80%EB%8C%80%ED%91%9C%20%EC%A0%95%EB%8B%B9%20%EC%A0%9C%EC%B6%9C%EC%9E%90%EB%A3%8C.pdf&requestedFullPath=20260603/PDF/PBINFO_PUB/4414/003_200_20260523_1.pdf","20260603/PDF/PBINFO_PUB/4414/003_200_20260523_1.pdf","supplements/official_gap_recovery_2026/direct_nec_downloads/markdown/920260603-4400-청양군-국민의힘-1-1.md","https://github.com/treylom/opencrab-nec-2026-local-election-data/blob/main/supplements/official_gap_recovery_2026/direct_nec_downloads/markdown/920260603-4400-청양군-국민의힘-1-1.md","ok","pymupdf","suspiciously_short_text","4","54","403737","pack_stale_currently_available_direct_nec_recovered"
"920260603-4400-보령시-국민의힘-1-1","party-doc:920260603:보령시:국민의힘:1","4400","충청남도","920260603","기초의원비례대표선거","보령시","","","국민의힘","1","비례대표 정당 제출자료","https://policy.nec.go.kr/plc/common/downloadFile.do?requestedFileName=20260603_%EB%B3%B4%EB%A0%B9%EC%8B%9C_%EA%B5%AD%EB%AF%BC%EC%9D%98%ED%9E%98_%EB%B9%84%EB%A1%80%EB%8C%80%ED%91%9C%20%EC%A0%95%EB%8B%B9%20%EC%A0%9C%EC%B6%9C%EC%9E%90%EB%A3%8C.pdf&requestedFullPath=20260603/PDF/PBINFO_PUB/4403/003_200_20260523_1.pdf","20260603/PDF/PBINFO_PUB/4403/003_200_20260523_1.pdf","supplements/official_gap_recovery_2026/direct_nec_downloads/markdown/920260603-4400-보령시-국민의힘-1-1.md","https://github.com/treylom/opencrab-nec-2026-local-election-data/blob/main/supplements/official_gap_recovery_2026/direct_nec_downloads/markdown/920260603-4400-보령시-국민의힘-1-1.md","ok","pymupdf","ok","4","1823","1559076","pack_stale_currently_available_direct_nec_recovered"
"920260603-4400-서천군-국민의힘-1-1","party-doc:920260603:서천군:국민의힘:1","4400","충청남도","920260603","기초의원비례대표선거","서천군","","","국민의힘","1","비례대표 정당 제출자료","https://policy.nec.go.kr/plc/common/downloadFile.do?requestedFileName=20260603_%EC%84%9C%EC%B2%9C%EA%B5%B0_%EA%B5%AD%EB%AF%BC%EC%9D%98%ED%9E%98_%EB%B9%84%EB%A1%80%EB%8C%80%ED%91%9C%20%EC%A0%95%EB%8B%B9%20%EC%A0%9C%EC%B6%9C%EC%9E%90%EB%A3%8C.pdf&requestedFullPath=20260603/PDF/PBINFO_PUB/4412/003_200_20260523_3.pdf","20260603/PDF/PBINFO_PUB/4412/003_200_20260523_3.pdf","supplements/official_gap_recovery_2026/direct_nec_downloads/markdown/920260603-4400-서천군-국민의힘-1-1.md","https://github.com/treylom/opencrab-nec-2026-local-election-data/blob/main/supplements/official_gap_recovery_2026/direct_nec_downloads/markdown/920260603-4400-서천군-국민의힘-1-1.md","ok","pymupdf","ok","4","1388","1148455","pack_stale_currently_available_direct_nec_recovered"
"920260603-4400-천안시-조국혁신당-1-1","party-doc:920260603:천안시:조국혁신당:1","4400","충청남도","920260603","기초의원비례대표선거","천안시","","","조국혁신당","1","비례대표 정당 제출자료","https://policy.nec.go.kr/plc/common/downloadFile.do?requestedFileName=20260603_%EC%B2%9C%EC%95%88%EC%8B%9C_%EC%A1%B0%EA%B5%AD%ED%98%81%EC%8B%A0%EB%8B%B9_%EB%B9%84%EB%A1%80%EB%8C%80%ED%91%9C%20%EC%A0%95%EB%8B%B9%20%EC%A0%9C%EC%B6%9C%EC%9E%90%EB%A3%8C.pdf&requestedFullPath=20260603/PDF/PBINFO_PUB/4417/003_5077_20260523_1.pdf","20260603/PDF/PBINFO_PUB/4417/003_5077_20260523_1.pdf","supplements/official_gap_recovery_2026/direct_nec_downloads/markdown/920260603-4400-천안시-조국혁신당-1-1.md","https://github.com/treylom/opencrab-nec-2026-local-election-data/blob/main/supplements/official_gap_recovery_2026/direct_nec_downloads/markdown/920260603-4400-천안시-조국혁신당-1-1.md","ok","pymupdf","ok","2","580","2502993","pack_stale_currently_available_direct_nec_recovered"
"920260603-4400-당진시-진보당-1-1","party-doc:920260603:당진시:진보당:1","4400","충청남도","920260603","기초의원비례대표선거","당진시","","","진보당","1","비례대표 정당 제출자료","https://policy.nec.go.kr/plc/common/downloadFile.do?requestedFileName=20260603_%EB%8B%B9%EC%A7%84%EC%8B%9C_%EC%A7%84%EB%B3%B4%EB%8B%B9_%EB%B9%84%EB%A1%80%EB%8C%80%ED%91%9C%20%EC%A0%95%EB%8B%B9%20%EC%A0%9C%EC%B6%9C%EC%9E%90%EB%A3%8C.pdf&requestedFullPath=20260603/PDF/PBINFO_PUB/4416/003_5010_20260520_1.pdf","20260603/PDF/PBINFO_PUB/4416/003_5010_20260520_1.pdf","supplements/official_gap_recovery_2026/direct_nec_downloads/markdown/920260603-4400-당진시-진보당-1-1.md","https://github.com/treylom/opencrab-nec-2026-local-election-data/blob/main/supplements/official_gap_recovery_2026/direct_nec_downloads/markdown/920260603-4400-당진시-진보당-1-1.md","ok","pymupdf","ok","2","817","13369798","pack_stale_currently_available_direct_nec_recovered"
"920260603-5300-군산시-더불어민주당-1-1","party-doc:920260603:군산시:더불어민주당:1","5300","전북특별자치도","920260603","기초의원비례대표선거","군산시","","","더불어민주당","1","비례대표 정당 제출자료","https://policy.nec.go.kr/plc/common/downloadFile.do?requestedFileName=20260603_%EA%B5%B0%EC%82%B0%EC%8B%9C_%EB%8D%94%EB%B6%88%EC%96%B4%EB%AF%BC%EC%A3%BC%EB%8B%B9_%EB%B9%84%EB%A1%80%EB%8C%80%ED%91%9C%20%EC%A0%95%EB%8B%B9%20%EC%A0%9C%EC%B6%9C%EC%9E%90%EB%A3%8C.pdf&requestedFullPath=20260603/PDF/PBINFO_PUB/5303/003_100_20260522_1.pdf","20260603/PDF/PBINFO_PUB/5303/003_100_20260522_1.pdf","supplements/official_gap_recovery_2026/direct_nec_downloads/markdown/920260603-5300-군산시-더불어민주당-1-1.md","https://github.com/treylom/opencrab-nec-2026-local-election-data/blob/main/supplements/official_gap_recovery_2026/direct_nec_downloads/markdown/920260603-5300-군산시-더불어민주당-1-1.md","ok","pymupdf","ok","8","2032","2737816","pack_stale_currently_available_direct_nec_recovered"
"920260603-5300-임실군-더불어민주당-1-1","party-doc:920260603:임실군:더불어민주당:1","5300","전북특별자치도","920260603","기초의원비례대표선거","임실군","","","더불어민주당","1","비례대표 정당 제출자료","https://policy.nec.go.kr/plc/common/downloadFile.do?requestedFileName=20260603_%EC%9E%84%EC%8B%A4%EA%B5%B0_%EB%8D%94%EB%B6%88%EC%96%B4%EB%AF%BC%EC%A3%BC%EB%8B%B9_%EB%B9%84%EB%A1%80%EB%8C%80%ED%91%9C%20%EC%A0%95%EB%8B%B9%20%EC%A0%9C%EC%B6%9C%EC%9E%90%EB%A3%8C.pdf&requestedFullPath=20260603/PDF/PBINFO_PUB/5314/003_100_20260523_1.pdf","20260603/PDF/PBINFO_PUB/5314/003_100_20260523_1.pdf","supplements/official_gap_recovery_2026/direct_nec_downloads/markdown/920260603-5300-임실군-더불어민주당-1-1.md","https://github.com/treylom/opencrab-nec-2026-local-election-data/blob/main/supplements/official_gap_recovery_2026/direct_nec_downloads/markdown/920260603-5300-임실군-더불어민주당-1-1.md","ok","pymupdf","ok","2","1546","2135077","pack_stale_currently_available_direct_nec_recovered"
"920260603-5300-고창군-더불어민주당-1-1","party-doc:920260603:고창군:더불어민주당:1","5300","전북특별자치도","920260603","기초의원비례대표선거","고창군","","","더불어민주당","1","비례대표 정당 제출자료","https://policy.nec.go.kr/plc/common/downloadFile.do?requestedFileName=20260603_%EA%B3%A0%EC%B0%BD%EA%B5%B0_%EB%8D%94%EB%B6%88%EC%96%B4%EB%AF%BC%EC%A3%BC%EB%8B%B9_%EB%B9%84%EB%A1%80%EB%8C%80%ED%91%9C%20%EC%A0%95%EB%8B%B9%20%EC%A0%9C%EC%B6%9C%EC%9E%90%EB%A3%8C.pdf&requestedFullPath=20260603/PDF/PBINFO_PUB/5316/003_100_20260522_1.pdf","20260603/PDF/PBINFO_PUB/5316/003_100_20260522_1.pdf","supplements/official_gap_recovery_2026/direct_nec_downloads/markdown/920260603-5300-고창군-더불어민주당-1-1.md","https://github.com/treylom/opencrab-nec-2026-local-election-data/blob/main/supplements/official_gap_recovery_2026/direct_nec_downloads/markdown/920260603-5300-고창군-더불어민주당-1-1.md","ok","pymupdf","suspiciously_short_text","4","54","7813332","pack_stale_currently_available_direct_nec_recovered"
"920260603-5300-익산시-더불어민주당-1-1","party-doc:920260603:익산시:더불어민주당:1","5300","전북특별자치도","920260603","기초의원비례대표선거","익산시","","","더불어민주당","1","비례대표 정당 제출자료","https://policy.nec.go.kr/plc/common/downloadFile.do?requestedFileName=20260603_%EC%9D%B5%EC%82%B0%EC%8B%9C_%EB%8D%94%EB%B6%88%EC%96%B4%EB%AF%BC%EC%A3%BC%EB%8B%B9_%EB%B9%84%EB%A1%80%EB%8C%80%ED%91%9C%20%EC%A0%95%EB%8B%B9%20%EC%A0%9C%EC%B6%9C%EC%9E%90%EB%A3%8C.pdf&requestedFullPath=20260603/PDF/PBINFO_PUB/5305/003_100_20260523_1.pdf","20260603/PDF/PBINFO_PUB/5305/003_100_20260523_1.pdf","supplements/official_gap_recovery_2026/direct_nec_downloads/markdown/920260603-5300-익산시-더불어민주당-1-1.md","https://github.com/treylom/opencrab-nec-2026-local-election-data/blob/main/supplements/official_gap_recovery_2026/direct_nec_downloads/markdown/920260603-5300-익산시-더불어민주당-1-1.md","ok","pymupdf","ok","4","1252","3259000","pack_stale_currently_available_direct_nec_recovered"
"920260603-5300-남원시-더불어민주당-1-1","party-doc:920260603:남원시:더불어민주당:1","5300","전북특별자치도","920260603","기초의원비례대표선거","남원시","","","더불어민주당","1","비례대표 정당 제출자료","https://policy.nec.go.kr/plc/common/downloadFile.do?requestedFileName=20260603_%EB%82%A8%EC%9B%90%EC%8B%9C_%EB%8D%94%EB%B6%88%EC%96%B4%EB%AF%BC%EC%A3%BC%EB%8B%B9_%EB%B9%84%EB%A1%80%EB%8C%80%ED%91%9C%20%EC%A0%95%EB%8B%B9%20%EC%A0%9C%EC%B6%9C%EC%9E%90%EB%A3%8C.pdf&requestedFullPath=20260603/PDF/PBINFO_PUB/5308/003_100_20260516_1.pdf","20260603/PDF/PBINFO_PUB/5308/003_100_20260516_1.pdf","supplements/official_gap_recovery_2026/direct_nec_downloads/markdown/920260603-5300-남원시-더불어민주당-1-1.md","https://github.com/treylom/opencrab-nec-2026-local-election-data/blob/main/supplements/official_gap_recovery_2026/direct_nec_downloads/markdown/920260603-5300-남원시-더불어민주당-1-1.md","ok","pymupdf","ok","4","1829","2235436","pack_stale_currently_available_direct_nec_recovered"
"920260603-5300-완주군-더불어민주당-1-0","party-doc:920260603:완주군:더불어민주당:1","5300","전북특별자치도","920260603","기초의원비례대표선거","완주군","","","더불어민주당","1","비례대표 정당 제출자료","https://policy.nec.go.kr/plc/common/downloadFile.do?requestedFileName=20260603_%EC%99%84%EC%A3%BC%EA%B5%B0_%EB%8D%94%EB%B6%88%EC%96%B4%EB%AF%BC%EC%A3%BC%EB%8B%B9_%EB%B9%84%EB%A1%80%EB%8C%80%ED%91%9C%20%EC%A0%95%EB%8B%B9%20%EC%A0%9C%EC%B6%9C%EC%9E%90%EB%A3%8C.pdf&requestedFullPath=20260603/PDF/PBINFO_PUB/5310/003_100_20260521_1.pdf","20260603/PDF/PBINFO_PUB/5310/003_100_20260521_1.pdf","supplements/official_gap_recovery_2026/direct_nec_downloads/markdown/920260603-5300-완주군-더불어민주당-1-0.md","https://github.com/treylom/opencrab-nec-2026-local-election-data/blob/main/supplements/official_gap_recovery_2026/direct_nec_downloads/markdown/920260603-5300-완주군-더불어민주당-1-0.md","ok","pymupdf","ok","2","1804","919720","pack_stale_currently_available_direct_nec_recovered"
"920260603-5300-군산시-국민의힘-1-1","party-doc:920260603:군산시:국민의힘:1","5300","전북특별자치도","920260603","기초의원비례대표선거","군산시","","","국민의힘","1","비례대표 정당 제출자료","https://policy.nec.go.kr/plc/common/downloadFile.do?requestedFileName=20260603_%EA%B5%B0%EC%82%B0%EC%8B%9C_%EA%B5%AD%EB%AF%BC%EC%9D%98%ED%9E%98_%EB%B9%84%EB%A1%80%EB%8C%80%ED%91%9C%20%EC%A0%95%EB%8B%B9%20%EC%A0%9C%EC%B6%9C%EC%9E%90%EB%A3%8C.pdf&requestedFullPath=20260603/PDF/PBINFO_PUB/5303/003_200_20260522_1.pdf","20260603/PDF/PBINFO_PUB/5303/003_200_20260522_1.pdf","supplements/official_gap_recovery_2026/direct_nec_downloads/markdown/920260603-5300-군산시-국민의힘-1-1.md","https://github.com/treylom/opencrab-nec-2026-local-election-data/blob/main/supplements/official_gap_recovery_2026/direct_nec_downloads/markdown/920260603-5300-군산시-국민의힘-1-1.md","ok","pymupdf","ok","2","732","1251178","pack_stale_currently_available_direct_nec_recovered"
"920260603-5300-익산시-국민의힘-1-1","party-doc:920260603:익산시:국민의힘:1","5300","전북특별자치도","920260603","기초의원비례대표선거","익산시","","","국민의힘","1","비례대표 정당 제출자료","https://policy.nec.go.kr/plc/common/downloadFile.do?requestedFileName=20260603_%EC%9D%B5%EC%82%B0%EC%8B%9C_%EA%B5%AD%EB%AF%BC%EC%9D%98%ED%9E%98_%EB%B9%84%EB%A1%80%EB%8C%80%ED%91%9C%20%EC%A0%95%EB%8B%B9%20%EC%A0%9C%EC%B6%9C%EC%9E%90%EB%A3%8C.pdf&requestedFullPath=20260603/PDF/PBINFO_PUB/5305/003_200_20260523_1.pdf","20260603/PDF/PBINFO_PUB/5305/003_200_20260523_1.pdf","supplements/official_gap_recovery_2026/direct_nec_downloads/markdown/920260603-5300-익산시-국민의힘-1-1.md","https://github.com/treylom/opencrab-nec-2026-local-election-data/blob/main/supplements/official_gap_recovery_2026/direct_nec_downloads/markdown/920260603-5300-익산시-국민의힘-1-1.md","ok","pymupdf","ok","2","638","390350","pack_stale_currently_available_direct_nec_recovered"
"920260603-5300-익산시-조국혁신당-1-1","party-doc:920260603:익산시:조국혁신당:1","5300","전북특별자치도","920260603","기초의원비례대표선거","익산시","","","조국혁신당","1","비례대표 정당 제출자료","https://policy.nec.go.kr/plc/common/downloadFile.do?requestedFileName=20260603_%EC%9D%B5%EC%82%B0%EC%8B%9C_%EC%A1%B0%EA%B5%AD%ED%98%81%EC%8B%A0%EB%8B%B9_%EB%B9%84%EB%A1%80%EB%8C%80%ED%91%9C%20%EC%A0%95%EB%8B%B9%20%EC%A0%9C%EC%B6%9C%EC%9E%90%EB%A3%8C.pdf&requestedFullPath=20260603/PDF/PBINFO_PUB/5305/003_5077_20260523_1.pdf","20260603/PDF/PBINFO_PUB/5305/003_5077_20260523_1.pdf","supplements/official_gap_recovery_2026/direct_nec_downloads/markdown/920260603-5300-익산시-조국혁신당-1-1.md","https://github.com/treylom/opencrab-nec-2026-local-election-data/blob/main/supplements/official_gap_recovery_2026/direct_nec_downloads/markdown/920260603-5300-익산시-조국혁신당-1-1.md","ok","pymupdf","ok","2","829","662131","pack_stale_currently_available_direct_nec_recovered"
"920260603-5300-완주군-조국혁신당-1-0","party-doc:920260603:완주군:조국혁신당:1","5300","전북특별자치도","920260603","기초의원비례대표선거","완주군","","","조국혁신당","1","비례대표 정당 제출자료","https://policy.nec.go.kr/plc/common/downloadFile.do?requestedFileName=20260603_%EC%99%84%EC%A3%BC%EA%B5%B0_%EC%A1%B0%EA%B5%AD%ED%98%81%EC%8B%A0%EB%8B%B9_%EB%B9%84%EB%A1%80%EB%8C%80%ED%91%9C%20%EC%A0%95%EB%8B%B9%20%EC%A0%9C%EC%B6%9C%EC%9E%90%EB%A3%8C.pdf&requestedFullPath=20260603/PDF/PBINFO_PUB/5310/003_5077_20260521_1.pdf","20260603/PDF/PBINFO_PUB/5310/003_5077_20260521_1.pdf","supplements/official_gap_recovery_2026/direct_nec_downloads/markdown/920260603-5300-완주군-조국혁신당-1-0.md","https://github.com/treylom/opencrab-nec-2026-local-election-data/blob/main/supplements/official_gap_recovery_2026/direct_nec_downloads/markdown/920260603-5300-완주군-조국혁신당-1-0.md","ok","pymupdf","ok","2","995","667980","pack_stale_currently_available_direct_nec_recovered"
"920260603-5300-임실군-조국혁신당-1-1","party-doc:920260603:임실군:조국혁신당:1","5300","전북특별자치도","920260603","기초의원비례대표선거","임실군","","","조국혁신당","1","비례대표 정당 제출자료","https://policy.nec.go.kr/plc/common/downloadFile.do?requestedFileName=20260603_%EC%9E%84%EC%8B%A4%EA%B5%B0_%EC%A1%B0%EA%B5%AD%ED%98%81%EC%8B%A0%EB%8B%B9_%EB%B9%84%EB%A1%80%EB%8C%80%ED%91%9C%20%EC%A0%95%EB%8B%B9%20%EC%A0%9C%EC%B6%9C%EC%9E%90%EB%A3%8C.pdf&requestedFullPath=20260603/PDF/PBINFO_PUB/5314/003_5077_20260523_1.pdf","20260603/PDF/PBINFO_PUB/5314/003_5077_20260523_1.pdf","supplements/official_gap_recovery_2026/direct_nec_downloads/markdown/920260603-5300-임실군-조국혁신당-1-1.md","https://github.com/treylom/opencrab-nec-2026-local-election-data/blob/main/supplements/official_gap_recovery_2026/direct_nec_downloads/markdown/920260603-5300-임실군-조국혁신당-1-1.md","ok","pymupdf","ok","2","596","1281598","pack_stale_currently_available_direct_nec_recovered"
"920260603-5300-군산시-조국혁신당-1-1","party-doc:920260603:군산시:조국혁신당:1","5300","전북특별자치도","920260603","기초의원비례대표선거","군산시","","","조국혁신당","1","비례대표 정당 제출자료","https://policy.nec.go.kr/plc/common/downloadFile.do?requestedFileName=20260603_%EA%B5%B0%EC%82%B0%EC%8B%9C_%EC%A1%B0%EA%B5%AD%ED%98%81%EC%8B%A0%EB%8B%B9_%EB%B9%84%EB%A1%80%EB%8C%80%ED%91%9C%20%EC%A0%95%EB%8B%B9%20%EC%A0%9C%EC%B6%9C%EC%9E%90%EB%A3%8C.pdf&requestedFullPath=20260603/PDF/PBINFO_PUB/5303/003_5077_20260522_1.pdf","20260603/PDF/PBINFO_PUB/5303/003_5077_20260522_1.pdf","supplements/official_gap_recovery_2026/direct_nec_downloads/markdown/920260603-5300-군산시-조국혁신당-1-1.md","https://github.com/treylom/opencrab-nec-2026-local-election-data/blob/main/supplements/official_gap_recovery_2026/direct_nec_downloads/markdown/920260603-5300-군산시-조국혁신당-1-1.md","ok","pymupdf","ok","2","583","610238","pack_stale_currently_available_direct_nec_recovered"
"920260603-5300-고창군-조국혁신당-1-1","party-doc:920260603:고창군:조국혁신당:1","5300","전북특별자치도","920260603","기초의원비례대표선거","고창군","","","조국혁신당","1","비례대표 정당 제출자료","https://policy.nec.go.kr/plc/common/downloadFile.do?requestedFileName=20260603_%EA%B3%A0%EC%B0%BD%EA%B5%B0_%EC%A1%B0%EA%B5%AD%ED%98%81%EC%8B%A0%EB%8B%B9_%EB%B9%84%EB%A1%80%EB%8C%80%ED%91%9C%20%EC%A0%95%EB%8B%B9%20%EC%A0%9C%EC%B6%9C%EC%9E%90%EB%A3%8C.pdf&requestedFullPath=20260603/PDF/PBINFO_PUB/5316/003_5077_20260522_1.pdf","20260603/PDF/PBINFO_PUB/5316/003_5077_20260522_1.pdf","supplements/official_gap_recovery_2026/direct_nec_downloads/markdown/920260603-5300-고창군-조국혁신당-1-1.md","https://github.com/treylom/opencrab-nec-2026-local-election-data/blob/main/supplements/official_gap_recovery_2026/direct_nec_downloads/markdown/920260603-5300-고창군-조국혁신당-1-1.md","ok","pymupdf","suspiciously_short_text","2","24","1427139","pack_stale_currently_available_direct_nec_recovered"
"920260603-5300-남원시-조국혁신당-1-1","party-doc:920260603:남원시:조국혁신당:1","5300","전북특별자치도","920260603","기초의원비례대표선거","남원시","","","조국혁신당","1","비례대표 정당 제출자료","https://policy.nec.go.kr/plc/common/downloadFile.do?requestedFileName=20260603_%EB%82%A8%EC%9B%90%EC%8B%9C_%EC%A1%B0%EA%B5%AD%ED%98%81%EC%8B%A0%EB%8B%B9_%EB%B9%84%EB%A1%80%EB%8C%80%ED%91%9C%20%EC%A0%95%EB%8B%B9%20%EC%A0%9C%EC%B6%9C%EC%9E%90%EB%A3%8C.pdf&requestedFullPath=20260603/PDF/PBINFO_PUB/5308/003_5077_20260517_1.pdf","20260603/PDF/PBINFO_PUB/5308/003_5077_20260517_1.pdf","supplements/official_gap_recovery_2026/direct_nec_downloads/markdown/920260603-5300-남원시-조국혁신당-1-1.md","https://github.com/treylom/opencrab-nec-2026-local-election-data/blob/main/supplements/official_gap_recovery_2026/direct_nec_downloads/markdown/920260603-5300-남원시-조국혁신당-1-1.md","ok","pymupdf","suspiciously_short_text","2","24","6498725","pack_stale_currently_available_direct_nec_recovered"
"920260603-5300-김제시-조국혁신당-1-0","party-doc:920260603:김제시:조국혁신당:1","5300","전북특별자치도","920260603","기초의원비례대표선거","김제시","","","조국혁신당","1","비례대표 정당 제출자료","https://policy.nec.go.kr/plc/common/downloadFile.do?requestedFileName=20260603_%EA%B9%80%EC%A0%9C%EC%8B%9C_%EC%A1%B0%EA%B5%AD%ED%98%81%EC%8B%A0%EB%8B%B9_%EB%B9%84%EB%A1%80%EB%8C%80%ED%91%9C%20%EC%A0%95%EB%8B%B9%20%EC%A0%9C%EC%B6%9C%EC%9E%90%EB%A3%8C.pdf&requestedFullPath=20260603/PDF/PBINFO_PUB/5309/003_5077_20260523_1.pdf","20260603/PDF/PBINFO_PUB/5309/003_5077_20260523_1.pdf","supplements/official_gap_recovery_2026/direct_nec_downloads/markdown/920260603-5300-김제시-조국혁신당-1-0.md","https://github.com/treylom/opencrab-nec-2026-local-election-data/blob/main/supplements/official_gap_recovery_2026/direct_nec_downloads/markdown/920260603-5300-김제시-조국혁신당-1-0.md","ok","pymupdf","ok","2","551","654574","pack_stale_currently_available_direct_nec_recovered"
"920260603-5300-남원시-진보당-1-1","party-doc:920260603:남원시:진보당:1","5300","전북특별자치도","920260603","기초의원비례대표선거","남원시","","","진보당","1","비례대표 정당 제출자료","https://policy.nec.go.kr/plc/common/downloadFile.do?requestedFileName=20260603_%EB%82%A8%EC%9B%90%EC%8B%9C_%EC%A7%84%EB%B3%B4%EB%8B%B9_%EB%B9%84%EB%A1%80%EB%8C%80%ED%91%9C%20%EC%A0%95%EB%8B%B9%20%EC%A0%9C%EC%B6%9C%EC%9E%90%EB%A3%8C.pdf&requestedFullPath=20260603/PDF/PBINFO_PUB/5308/003_5010_20260514_1.pdf","20260603/PDF/PBINFO_PUB/5308/003_5010_20260514_1.pdf","supplements/official_gap_recovery_2026/direct_nec_downloads/markdown/920260603-5300-남원시-진보당-1-1.md","https://github.com/treylom/opencrab-nec-2026-local-election-data/blob/main/supplements/official_gap_recovery_2026/direct_nec_downloads/markdown/920260603-5300-남원시-진보당-1-1.md","ok","pymupdf","ok","4","1197","4440379","pack_stale_currently_available_direct_nec_recovered"
"920260603-4600-담양군-더불어민주당-1-1","party-doc:920260603:담양군:더불어민주당:1","4600","전라남도","920260603","기초의원비례대표선거","담양군","","","더불어민주당","1","비례대표 정당 제출자료","https://policy.nec.go.kr/plc/common/downloadFile.do?requestedFileName=20260603_%EB%8B%B4%EC%96%91%EA%B5%B0_%EB%8D%94%EB%B6%88%EC%96%B4%EB%AF%BC%EC%A3%BC%EB%8B%B9_%EB%B9%84%EB%A1%80%EB%8C%80%ED%91%9C%20%EC%A0%95%EB%8B%B9%20%EC%A0%9C%EC%B6%9C%EC%9E%90%EB%A3%8C.pdf&requestedFullPath=20260603/PDF/PBINFO_PUB/4608/003_100_20260523_2.pdf","20260603/PDF/PBINFO_PUB/4608/003_100_20260523_2.pdf","supplements/official_gap_recovery_2026/direct_nec_downloads/markdown/920260603-4600-담양군-더불어민주당-1-1.md","https://github.com/treylom/opencrab-nec-2026-local-election-data/blob/main/supplements/official_gap_recovery_2026/direct_nec_downloads/markdown/920260603-4600-담양군-더불어민주당-1-1.md","ok","pymupdf","suspiciously_short_text","4","54","540508","pack_stale_currently_available_direct_nec_recovered"
"920260603-4600-목포시-더불어민주당-1-1","party-doc:920260603:목포시:더불어민주당:1","4600","전라남도","920260603","기초의원비례대표선거","목포시","","","더불어민주당","1","비례대표 정당 제출자료","https://policy.nec.go.kr/plc/common/downloadFile.do?requestedFileName=20260603_%EB%AA%A9%ED%8F%AC%EC%8B%9C_%EB%8D%94%EB%B6%88%EC%96%B4%EB%AF%BC%EC%A3%BC%EB%8B%B9_%EB%B9%84%EB%A1%80%EB%8C%80%ED%91%9C%20%EC%A0%95%EB%8B%B9%20%EC%A0%9C%EC%B6%9C%EC%9E%90%EB%A3%8C.pdf&requestedFullPath=20260603/PDF/PBINFO_PUB/4601/003_100_20260523_1.pdf","20260603/PDF/PBINFO_PUB/4601/003_100_20260523_1.pdf","supplements/official_gap_recovery_2026/direct_nec_downloads/markdown/920260603-4600-목포시-더불어민주당-1-1.md","https://github.com/treylom/opencrab-nec-2026-local-election-data/blob/main/supplements/official_gap_recovery_2026/direct_nec_downloads/markdown/920260603-4600-목포시-더불어민주당-1-1.md","ok","pymupdf","ok","2","949","17364624","pack_stale_currently_available_direct_nec_recovered"
"920260603-4600-순천시-더불어민주당-1-1","party-doc:920260603:순천시:더불어민주당:1","4600","전라남도","920260603","기초의원비례대표선거","순천시","","","더불어민주당","1","비례대표 정당 제출자료","https://policy.nec.go.kr/plc/common/downloadFile.do?requestedFileName=20260603_%EC%88%9C%EC%B2%9C%EC%8B%9C_%EB%8D%94%EB%B6%88%EC%96%B4%EB%AF%BC%EC%A3%BC%EB%8B%B9_%EB%B9%84%EB%A1%80%EB%8C%80%ED%91%9C%20%EC%A0%95%EB%8B%B9%20%EC%A0%9C%EC%B6%9C%EC%9E%90%EB%A3%8C.pdf&requestedFullPath=20260603/PDF/PBINFO_PUB/4604/003_100_20260524_2.pdf","20260603/PDF/PBINFO_PUB/4604/003_100_20260524_2.pdf","supplements/official_gap_recovery_2026/direct_nec_downloads/markdown/920260603-4600-순천시-더불어민주당-1-1.md","https://github.com/treylom/opencrab-nec-2026-local-election-data/blob/main/supplements/official_gap_recovery_2026/direct_nec_downloads/markdown/920260603-4600-순천시-더불어민주당-1-1.md","ok","pymupdf","ok","2","983","2103454","pack_stale_currently_available_direct_nec_recovered"
"920260603-4600-여수시-더불어민주당-1-1","party-doc:920260603:여수시:더불어민주당:1","4600","전라남도","920260603","기초의원비례대표선거","여수시","","","더불어민주당","1","비례대표 정당 제출자료","https://policy.nec.go.kr/plc/common/downloadFile.do?requestedFileName=20260603_%EC%97%AC%EC%88%98%EC%8B%9C_%EB%8D%94%EB%B6%88%EC%96%B4%EB%AF%BC%EC%A3%BC%EB%8B%B9_%EB%B9%84%EB%A1%80%EB%8C%80%ED%91%9C%20%EC%A0%95%EB%8B%B9%20%EC%A0%9C%EC%B6%9C%EC%9E%90%EB%A3%8C.pdf&requestedFullPath=20260603/PDF/PBINFO_PUB/4602/003_100_20260523_1.pdf","20260603/PDF/PBINFO_PUB/4602/003_100_20260523_1.pdf","supplements/official_gap_recovery_2026/direct_nec_downloads/markdown/920260603-4600-여수시-더불어민주당-1-1.md","https://github.com/treylom/opencrab-nec-2026-local-election-data/blob/main/supplements/official_gap_recovery_2026/direct_nec_downloads/markdown/920260603-4600-여수시-더불어민주당-1-1.md","ok","pymupdf","ok","2","1130","18403159","pack_stale_currently_available_direct_nec_recovered"
"920260603-4600-해남군-더불어민주당-1-1","party-doc:920260603:해남군:더불어민주당:1","4600","전라남도","920260603","기초의원비례대표선거","해남군","","","더불어민주당","1","비례대표 정당 제출자료","https://policy.nec.go.kr/plc/common/downloadFile.do?requestedFileName=20260603_%ED%95%B4%EB%82%A8%EA%B5%B0_%EB%8D%94%EB%B6%88%EC%96%B4%EB%AF%BC%EC%A3%BC%EB%8B%B9_%EB%B9%84%EB%A1%80%EB%8C%80%ED%91%9C%20%EC%A0%95%EB%8B%B9%20%EC%A0%9C%EC%B6%9C%EC%9E%90%EB%A3%8C.pdf&requestedFullPath=20260603/PDF/PBINFO_PUB/4618/003_100_20260521_1.pdf","20260603/PDF/PBINFO_PUB/4618/003_100_20260521_1.pdf","supplements/official_gap_recovery_2026/direct_nec_downloads/markdown/920260603-4600-해남군-더불어민주당-1-1.md","https://github.com/treylom/opencrab-nec-2026-local-election-data/blob/main/supplements/official_gap_recovery_2026/direct_nec_downloads/markdown/920260603-4600-해남군-더불어민주당-1-1.md","ok","pymupdf","suspiciously_short_text","4","54","13179159","pack_stale_currently_available_direct_nec_recovered"
"920260603-4600-여수시-국민의힘-1-1","party-doc:920260603:여수시:국민의힘:1","4600","전라남도","920260603","기초의원비례대표선거","여수시","","","국민의힘","1","비례대표 정당 제출자료","https://policy.nec.go.kr/plc/common/downloadFile.do?requestedFileName=20260603_%EC%97%AC%EC%88%98%EC%8B%9C_%EA%B5%AD%EB%AF%BC%EC%9D%98%ED%9E%98_%EB%B9%84%EB%A1%80%EB%8C%80%ED%91%9C%20%EC%A0%95%EB%8B%B9%20%EC%A0%9C%EC%B6%9C%EC%9E%90%EB%A3%8C.pdf&requestedFullPath=20260603/PDF/PBINFO_PUB/4602/003_200_20260523_1.pdf","20260603/PDF/PBINFO_PUB/4602/003_200_20260523_1.pdf","supplements/official_gap_recovery_2026/direct_nec_downloads/markdown/920260603-4600-여수시-국민의힘-1-1.md","https://github.com/treylom/opencrab-nec-2026-local-election-data/blob/main/supplements/official_gap_recovery_2026/direct_nec_downloads/markdown/920260603-4600-여수시-국민의힘-1-1.md","ok","pymupdf","suspiciously_short_text","1","9","19186295","pack_stale_currently_available_direct_nec_recovered"
"920260603-4600-신안군-조국혁신당-1-1","party-doc:920260603:신안군:조국혁신당:1","4600","전라남도","920260603","기초의원비례대표선거","신안군","","","조국혁신당","1","비례대표 정당 제출자료","https://policy.nec.go.kr/plc/common/downloadFile.do?requestedFileName=20260603_%EC%8B%A0%EC%95%88%EA%B5%B0_%EC%A1%B0%EA%B5%AD%ED%98%81%EC%8B%A0%EB%8B%B9_%EB%B9%84%EB%A1%80%EB%8C%80%ED%91%9C%20%EC%A0%95%EB%8B%B9%20%EC%A0%9C%EC%B6%9C%EC%9E%90%EB%A3%8C.pdf&requestedFullPath=20260603/PDF/PBINFO_PUB/4624/003_5077_20260523_1.pdf","20260603/PDF/PBINFO_PUB/4624/003_5077_20260523_1.pdf","supplements/official_gap_recovery_2026/direct_nec_downloads/markdown/920260603-4600-신안군-조국혁신당-1-1.md","https://github.com/treylom/opencrab-nec-2026-local-election-data/blob/main/supplements/official_gap_recovery_2026/direct_nec_downloads/markdown/920260603-4600-신안군-조국혁신당-1-1.md","ok","pymupdf","suspiciously_short_text","2","24","12281263","pack_stale_currently_available_direct_nec_recovered"
"920260603-4600-광양시-조국혁신당-1-1","party-doc:920260603:광양시:조국혁신당:1","4600","전라남도","920260603","기초의원비례대표선거","광양시","","","조국혁신당","1","비례대표 정당 제출자료","https://policy.nec.go.kr/plc/common/downloadFile.do?requestedFileName=20260603_%EA%B4%91%EC%96%91%EC%8B%9C_%EC%A1%B0%EA%B5%AD%ED%98%81%EC%8B%A0%EB%8B%B9_%EB%B9%84%EB%A1%80%EB%8C%80%ED%91%9C%20%EC%A0%95%EB%8B%B9%20%EC%A0%9C%EC%B6%9C%EC%9E%90%EB%A3%8C.pdf&requestedFullPath=20260603/PDF/PBINFO_PUB/4607/003_5077_20260522_1.pdf","20260603/PDF/PBINFO_PUB/4607/003_5077_20260522_1.pdf","supplements/official_gap_recovery_2026/direct_nec_downloads/markdown/920260603-4600-광양시-조국혁신당-1-1.md","https://github.com/treylom/opencrab-nec-2026-local-election-data/blob/main/supplements/official_gap_recovery_2026/direct_nec_downloads/markdown/920260603-4600-광양시-조국혁신당-1-1.md","ok","pymupdf","suspiciously_short_text","2","24","415510","pack_stale_currently_available_direct_nec_recovered"
"920260603-4600-순천시-조국혁신당-1-1","party-doc:920260603:순천시:조국혁신당:1","4600","전라남도","920260603","기초의원비례대표선거","순천시","","","조국혁신당","1","비례대표 정당 제출자료","https://policy.nec.go.kr/plc/common/downloadFile.do?requestedFileName=20260603_%EC%88%9C%EC%B2%9C%EC%8B%9C_%EC%A1%B0%EA%B5%AD%ED%98%81%EC%8B%A0%EB%8B%B9_%EB%B9%84%EB%A1%80%EB%8C%80%ED%91%9C%20%EC%A0%95%EB%8B%B9%20%EC%A0%9C%EC%B6%9C%EC%9E%90%EB%A3%8C.pdf&requestedFullPath=20260603/PDF/PBINFO_PUB/4604/003_5077_20260523_1.pdf","20260603/PDF/PBINFO_PUB/4604/003_5077_20260523_1.pdf","supplements/official_gap_recovery_2026/direct_nec_downloads/markdown/920260603-4600-순천시-조국혁신당-1-1.md","https://github.com/treylom/opencrab-nec-2026-local-election-data/blob/main/supplements/official_gap_recovery_2026/direct_nec_downloads/markdown/920260603-4600-순천시-조국혁신당-1-1.md","ok","pymupdf","ok","2","633","793011","pack_stale_currently_available_direct_nec_recovered"
"920260603-4600-여수시-조국혁신당-1-1","party-doc:920260603:여수시:조국혁신당:1","4600","전라남도","920260603","기초의원비례대표선거","여수시","","","조국혁신당","1","비례대표 정당 제출자료","https://policy.nec.go.kr/plc/common/downloadFile.do?requestedFileName=20260603_%EC%97%AC%EC%88%98%EC%8B%9C_%EC%A1%B0%EA%B5%AD%ED%98%81%EC%8B%A0%EB%8B%B9_%EB%B9%84%EB%A1%80%EB%8C%80%ED%91%9C%20%EC%A0%95%EB%8B%B9%20%EC%A0%9C%EC%B6%9C%EC%9E%90%EB%A3%8C.pdf&requestedFullPath=20260603/PDF/PBINFO_PUB/4602/003_5077_20260523_1.pdf","20260603/PDF/PBINFO_PUB/4602/003_5077_20260523_1.pdf","supplements/official_gap_recovery_2026/direct_nec_downloads/markdown/920260603-4600-여수시-조국혁신당-1-1.md","https://github.com/treylom/opencrab-nec-2026-local-election-data/blob/main/supplements/official_gap_recovery_2026/direct_nec_downloads/markdown/920260603-4600-여수시-조국혁신당-1-1.md","ok","pymupdf","ok","2","477","13930895","pack_stale_currently_available_direct_nec_recovered"
"920260603-4600-해남군-조국혁신당-1-1","party-doc:920260603:해남군:조국혁신당:1","4600","전라남도","920260603","기초의원비례대표선거","해남군","","","조국혁신당","1","비례대표 정당 제출자료","https://policy.nec.go.kr/plc/common/downloadFile.do?requestedFileName=20260603_%ED%95%B4%EB%82%A8%EA%B5%B0_%EC%A1%B0%EA%B5%AD%ED%98%81%EC%8B%A0%EB%8B%B9_%EB%B9%84%EB%A1%80%EB%8C%80%ED%91%9C%20%EC%A0%95%EB%8B%B9%20%EC%A0%9C%EC%B6%9C%EC%9E%90%EB%A3%8C.pdf&requestedFullPath=20260603/PDF/PBINFO_PUB/4618/003_5077_20260521_1.pdf","20260603/PDF/PBINFO_PUB/4618/003_5077_20260521_1.pdf","supplements/official_gap_recovery_2026/direct_nec_downloads/markdown/920260603-4600-해남군-조국혁신당-1-1.md","https://github.com/treylom/opencrab-nec-2026-local-election-data/blob/main/supplements/official_gap_recovery_2026/direct_nec_downloads/markdown/920260603-4600-해남군-조국혁신당-1-1.md","ok","pymupdf","ok","2","406","14591197","pack_stale_currently_available_direct_nec_recovered"
"920260603-4600-담양군-조국혁신당-1-1","party-doc:920260603:담양군:조국혁신당:1","4600","전라남도","920260603","기초의원비례대표선거","담양군","","","조국혁신당","1","비례대표 정당 제출자료","https://policy.nec.go.kr/plc/common/downloadFile.do?requestedFileName=20260603_%EB%8B%B4%EC%96%91%EA%B5%B0_%EC%A1%B0%EA%B5%AD%ED%98%81%EC%8B%A0%EB%8B%B9_%EB%B9%84%EB%A1%80%EB%8C%80%ED%91%9C%20%EC%A0%95%EB%8B%B9%20%EC%A0%9C%EC%B6%9C%EC%9E%90%EB%A3%8C.pdf&requestedFullPath=20260603/PDF/PBINFO_PUB/4608/003_5077_20260520_1.pdf","20260603/PDF/PBINFO_PUB/4608/003_5077_20260520_1.pdf","supplements/official_gap_recovery_2026/direct_nec_downloads/markdown/920260603-4600-담양군-조국혁신당-1-1.md","https://github.com/treylom/opencrab-nec-2026-local-election-data/blob/main/supplements/official_gap_recovery_2026/direct_nec_downloads/markdown/920260603-4600-담양군-조국혁신당-1-1.md","ok","pymupdf","ok","2","298","12407076","pack_stale_currently_available_direct_nec_recovered"
"920260603-4600-목포시-조국혁신당-1-1","party-doc:920260603:목포시:조국혁신당:1","4600","전라남도","920260603","기초의원비례대표선거","목포시","","","조국혁신당","1","비례대표 정당 제출자료","https://policy.nec.go.kr/plc/common/downloadFile.do?requestedFileName=20260603_%EB%AA%A9%ED%8F%AC%EC%8B%9C_%EC%A1%B0%EA%B5%AD%ED%98%81%EC%8B%A0%EB%8B%B9_%EB%B9%84%EB%A1%80%EB%8C%80%ED%91%9C%20%EC%A0%95%EB%8B%B9%20%EC%A0%9C%EC%B6%9C%EC%9E%90%EB%A3%8C.pdf&requestedFullPath=20260603/PDF/PBINFO_PUB/4601/003_5077_20260523_1.pdf","20260603/PDF/PBINFO_PUB/4601/003_5077_20260523_1.pdf","supplements/official_gap_recovery_2026/direct_nec_downloads/markdown/920260603-4600-목포시-조국혁신당-1-1.md","https://github.com/treylom/opencrab-nec-2026-local-election-data/blob/main/supplements/official_gap_recovery_2026/direct_nec_downloads/markdown/920260603-4600-목포시-조국혁신당-1-1.md","ok","pymupdf","ok","2","406","7690076","pack_stale_currently_available_direct_nec_recovered"
"920260603-4600-목포시-진보당-1-1","party-doc:920260603:목포시:진보당:1","4600","전라남도","920260603","기초의원비례대표선거","목포시","","","진보당","1","비례대표 정당 제출자료","https://policy.nec.go.kr/plc/common/downloadFile.do?requestedFileName=20260603_%EB%AA%A9%ED%8F%AC%EC%8B%9C_%EC%A7%84%EB%B3%B4%EB%8B%B9_%EB%B9%84%EB%A1%80%EB%8C%80%ED%91%9C%20%EC%A0%95%EB%8B%B9%20%EC%A0%9C%EC%B6%9C%EC%9E%90%EB%A3%8C.pdf&requestedFullPath=20260603/PDF/PBINFO_PUB/4601/003_5010_20260523_1.pdf","20260603/PDF/PBINFO_PUB/4601/003_5010_20260523_1.pdf","supplements/official_gap_recovery_2026/direct_nec_downloads/markdown/920260603-4600-목포시-진보당-1-1.md","https://github.com/treylom/opencrab-nec-2026-local-election-data/blob/main/supplements/official_gap_recovery_2026/direct_nec_downloads/markdown/920260603-4600-목포시-진보당-1-1.md","ok","pymupdf","ok","2","632","1307115","pack_stale_currently_available_direct_nec_recovered"
"920260603-4600-순천시-진보당-1-1","party-doc:920260603:순천시:진보당:1","4600","전라남도","920260603","기초의원비례대표선거","순천시","","","진보당","1","비례대표 정당 제출자료","https://policy.nec.go.kr/plc/common/downloadFile.do?requestedFileName=20260603_%EC%88%9C%EC%B2%9C%EC%8B%9C_%EC%A7%84%EB%B3%B4%EB%8B%B9_%EB%B9%84%EB%A1%80%EB%8C%80%ED%91%9C%20%EC%A0%95%EB%8B%B9%20%EC%A0%9C%EC%B6%9C%EC%9E%90%EB%A3%8C.pdf&requestedFullPath=20260603/PDF/PBINFO_PUB/4604/003_5010_20260523_1.pdf","20260603/PDF/PBINFO_PUB/4604/003_5010_20260523_1.pdf","supplements/official_gap_recovery_2026/direct_nec_downloads/markdown/920260603-4600-순천시-진보당-1-1.md","https://github.com/treylom/opencrab-nec-2026-local-election-data/blob/main/supplements/official_gap_recovery_2026/direct_nec_downloads/markdown/920260603-4600-순천시-진보당-1-1.md","ok","pymupdf","ok","2","975","1241412","pack_stale_currently_available_direct_nec_recovered"
"920260603-4700-경주시-더불어민주당-1-1","party-doc:920260603:경주시:더불어민주당:1","4700","경상북도","920260603","기초의원비례대표선거","경주시","","","더불어민주당","1","비례대표 정당 제출자료","https://policy.nec.go.kr/plc/common/downloadFile.do?requestedFileName=20260603_%EA%B2%BD%EC%A3%BC%EC%8B%9C_%EB%8D%94%EB%B6%88%EC%96%B4%EB%AF%BC%EC%A3%BC%EB%8B%B9_%EB%B9%84%EB%A1%80%EB%8C%80%ED%91%9C%20%EC%A0%95%EB%8B%B9%20%EC%A0%9C%EC%B6%9C%EC%9E%90%EB%A3%8C.pdf&requestedFullPath=20260603/PDF/PBINFO_PUB/4704/003_100_20260523_1.pdf","20260603/PDF/PBINFO_PUB/4704/003_100_20260523_1.pdf","supplements/official_gap_recovery_2026/direct_nec_downloads/markdown/920260603-4700-경주시-더불어민주당-1-1.md","https://github.com/treylom/opencrab-nec-2026-local-election-data/blob/main/supplements/official_gap_recovery_2026/direct_nec_downloads/markdown/920260603-4700-경주시-더불어민주당-1-1.md","ok","pymupdf","ok","2","750","164839","pack_stale_currently_available_direct_nec_recovered"
"920260603-4700-영천시-더불어민주당-1-1","party-doc:920260603:영천시:더불어민주당:1","4700","경상북도","920260603","기초의원비례대표선거","영천시","","","더불어민주당","1","비례대표 정당 제출자료","https://policy.nec.go.kr/plc/common/downloadFile.do?requestedFileName=20260603_%EC%98%81%EC%B2%9C%EC%8B%9C_%EB%8D%94%EB%B6%88%EC%96%B4%EB%AF%BC%EC%A3%BC%EB%8B%B9_%EB%B9%84%EB%A1%80%EB%8C%80%ED%91%9C%20%EC%A0%95%EB%8B%B9%20%EC%A0%9C%EC%B6%9C%EC%9E%90%EB%A3%8C.pdf&requestedFullPath=20260603/PDF/PBINFO_PUB/4709/003_100_20260519_1.pdf","20260603/PDF/PBINFO_PUB/4709/003_100_20260519_1.pdf","supplements/official_gap_recovery_2026/direct_nec_downloads/markdown/920260603-4700-영천시-더불어민주당-1-1.md","https://github.com/treylom/opencrab-nec-2026-local-election-data/blob/main/supplements/official_gap_recovery_2026/direct_nec_downloads/markdown/920260603-4700-영천시-더불어민주당-1-1.md","ok","pymupdf","ok","2","822","492952","pack_stale_currently_available_direct_nec_recovered"
"920260603-4700-경산시-더불어민주당-1-1","party-doc:920260603:경산시:더불어민주당:1","4700","경상북도","920260603","기초의원비례대표선거","경산시","","","더불어민주당","1","비례대표 정당 제출자료","https://policy.nec.go.kr/plc/common/downloadFile.do?requestedFileName=20260603_%EA%B2%BD%EC%82%B0%EC%8B%9C_%EB%8D%94%EB%B6%88%EC%96%B4%EB%AF%BC%EC%A3%BC%EB%8B%B9_%EB%B9%84%EB%A1%80%EB%8C%80%ED%91%9C%20%EC%A0%95%EB%8B%B9%20%EC%A0%9C%EC%B6%9C%EC%9E%90%EB%A3%8C.pdf&requestedFullPath=20260603/PDF/PBINFO_PUB/4713/003_100_20260523_1.pdf","20260603/PDF/PBINFO_PUB/4713/003_100_20260523_1.pdf","supplements/official_gap_recovery_2026/direct_nec_downloads/markdown/920260603-4700-경산시-더불어민주당-1-1.md","https://github.com/treylom/opencrab-nec-2026-local-election-data/blob/main/supplements/official_gap_recovery_2026/direct_nec_downloads/markdown/920260603-4700-경산시-더불어민주당-1-1.md","ok","pymupdf","ok","2","544","3839354","pack_stale_currently_available_direct_nec_recovered"
"920260603-4700-구미시-더불어민주당-1-1","party-doc:920260603:구미시:더불어민주당:1","4700","경상북도","920260603","기초의원비례대표선거","구미시","","","더불어민주당","1","비례대표 정당 제출자료","https://policy.nec.go.kr/plc/common/downloadFile.do?requestedFileName=20260603_%EA%B5%AC%EB%AF%B8%EC%8B%9C_%EB%8D%94%EB%B6%88%EC%96%B4%EB%AF%BC%EC%A3%BC%EB%8B%B9_%EB%B9%84%EB%A1%80%EB%8C%80%ED%91%9C%20%EC%A0%95%EB%8B%B9%20%EC%A0%9C%EC%B6%9C%EC%9E%90%EB%A3%8C.pdf&requestedFullPath=20260603/PDF/PBINFO_PUB/4707/003_100_20260522_1.pdf","20260603/PDF/PBINFO_PUB/4707/003_100_20260522_1.pdf","supplements/official_gap_recovery_2026/direct_nec_downloads/markdown/920260603-4700-구미시-더불어민주당-1-1.md","https://github.com/treylom/opencrab-nec-2026-local-election-data/blob/main/supplements/official_gap_recovery_2026/direct_nec_downloads/markdown/920260603-4700-구미시-더불어민주당-1-1.md","ok","pymupdf","ok","2","1197","561113","pack_stale_currently_available_direct_nec_recovered"
"920260603-4700-김천시-더불어민주당-1-1","party-doc:920260603:김천시:더불어민주당:1","4700","경상북도","920260603","기초의원비례대표선거","김천시","","","더불어민주당","1","비례대표 정당 제출자료","https://policy.nec.go.kr/plc/common/downloadFile.do?requestedFileName=20260603_%EA%B9%80%EC%B2%9C%EC%8B%9C_%EB%8D%94%EB%B6%88%EC%96%B4%EB%AF%BC%EC%A3%BC%EB%8B%B9_%EB%B9%84%EB%A1%80%EB%8C%80%ED%91%9C%20%EC%A0%95%EB%8B%B9%20%EC%A0%9C%EC%B6%9C%EC%9E%90%EB%A3%8C.pdf&requestedFullPath=20260603/PDF/PBINFO_PUB/4705/003_100_20260521_1.pdf","20260603/PDF/PBINFO_PUB/4705/003_100_20260521_1.pdf","supplements/official_gap_recovery_2026/direct_nec_downloads/markdown/920260603-4700-김천시-더불어민주당-1-1.md","https://github.com/treylom/opencrab-nec-2026-local-election-data/blob/main/supplements/official_gap_recovery_2026/direct_nec_downloads/markdown/920260603-4700-김천시-더불어민주당-1-1.md","ok","pymupdf","suspiciously_short_text","2","131","827244","pack_stale_currently_available_direct_nec_recovered"
"920260603-4700-안동시-더불어민주당-1-1","party-doc:920260603:안동시:더불어민주당:1","4700","경상북도","920260603","기초의원비례대표선거","안동시","","","더불어민주당","1","비례대표 정당 제출자료","https://policy.nec.go.kr/plc/common/downloadFile.do?requestedFileName=20260603_%EC%95%88%EB%8F%99%EC%8B%9C_%EB%8D%94%EB%B6%88%EC%96%B4%EB%AF%BC%EC%A3%BC%EB%8B%B9_%EB%B9%84%EB%A1%80%EB%8C%80%ED%91%9C%20%EC%A0%95%EB%8B%B9%20%EC%A0%9C%EC%B6%9C%EC%9E%90%EB%A3%8C.pdf&requestedFullPath=20260603/PDF/PBINFO_PUB/4706/003_100_20260523_1.pdf","20260603/PDF/PBINFO_PUB/4706/003_100_20260523_1.pdf","supplements/official_gap_recovery_2026/direct_nec_downloads/markdown/920260603-4700-안동시-더불어민주당-1-1.md","https://github.com/treylom/opencrab-nec-2026-local-election-data/blob/main/supplements/official_gap_recovery_2026/direct_nec_downloads/markdown/920260603-4700-안동시-더불어민주당-1-1.md","ok","pymupdf","suspiciously_short_text","4","54","8409499","pack_stale_currently_available_direct_nec_recovered"
"920260603-4700-상주시-더불어민주당-1-1","party-doc:920260603:상주시:더불어민주당:1","4700","경상북도","920260603","기초의원비례대표선거","상주시","","","더불어민주당","1","비례대표 정당 제출자료","https://policy.nec.go.kr/plc/common/downloadFile.do?requestedFileName=20260603_%EC%83%81%EC%A3%BC%EC%8B%9C_%EB%8D%94%EB%B6%88%EC%96%B4%EB%AF%BC%EC%A3%BC%EB%8B%B9_%EB%B9%84%EB%A1%80%EB%8C%80%ED%91%9C%20%EC%A0%95%EB%8B%B9%20%EC%A0%9C%EC%B6%9C%EC%9E%90%EB%A3%8C.pdf&requestedFullPath=20260603/PDF/PBINFO_PUB/4710/003_100_20260522_1.pdf","20260603/PDF/PBINFO_PUB/4710/003_100_20260522_1.pdf","supplements/official_gap_recovery_2026/direct_nec_downloads/markdown/920260603-4700-상주시-더불어민주당-1-1.md","https://github.com/treylom/opencrab-nec-2026-local-election-data/blob/main/supplements/official_gap_recovery_2026/direct_nec_downloads/markdown/920260603-4700-상주시-더불어민주당-1-1.md","ok","pymupdf","ok","2","651","456138","pack_stale_currently_available_direct_nec_recovered"
"920260603-4700-포항시-더불어민주당-1-1","party-doc:920260603:포항시:더불어민주당:1","4700","경상북도","920260603","기초의원비례대표선거","포항시","","","더불어민주당","1","비례대표 정당 제출자료","https://policy.nec.go.kr/plc/common/downloadFile.do?requestedFileName=20260603_%ED%8F%AC%ED%95%AD%EC%8B%9C_%EB%8D%94%EB%B6%88%EC%96%B4%EB%AF%BC%EC%A3%BC%EB%8B%B9_%EB%B9%84%EB%A1%80%EB%8C%80%ED%91%9C%20%EC%A0%95%EB%8B%B9%20%EC%A0%9C%EC%B6%9C%EC%9E%90%EB%A3%8C.pdf&requestedFullPath=20260603/PDF/PBINFO_PUB/4702/003_100_20260523_1.pdf","20260603/PDF/PBINFO_PUB/4702/003_100_20260523_1.pdf","supplements/official_gap_recovery_2026/direct_nec_downloads/markdown/920260603-4700-포항시-더불어민주당-1-1.md","https://github.com/treylom/opencrab-nec-2026-local-election-data/blob/main/supplements/official_gap_recovery_2026/direct_nec_downloads/markdown/920260603-4700-포항시-더불어민주당-1-1.md","ok","pymupdf","ok","4","1199","884295","pack_stale_currently_available_direct_nec_recovered"
"920260603-4700-영천시-국민의힘-1-1","party-doc:920260603:영천시:국민의힘:1","4700","경상북도","920260603","기초의원비례대표선거","영천시","","","국민의힘","1","비례대표 정당 제출자료","https://policy.nec.go.kr/plc/common/downloadFile.do?requestedFileName=20260603_%EC%98%81%EC%B2%9C%EC%8B%9C_%EA%B5%AD%EB%AF%BC%EC%9D%98%ED%9E%98_%EB%B9%84%EB%A1%80%EB%8C%80%ED%91%9C%20%EC%A0%95%EB%8B%B9%20%EC%A0%9C%EC%B6%9C%EC%9E%90%EB%A3%8C.pdf&requestedFullPath=20260603/PDF/PBINFO_PUB/4709/003_200_20260516_1.pdf","20260603/PDF/PBINFO_PUB/4709/003_200_20260516_1.pdf","supplements/official_gap_recovery_2026/direct_nec_downloads/markdown/920260603-4700-영천시-국민의힘-1-1.md","https://github.com/treylom/opencrab-nec-2026-local-election-data/blob/main/supplements/official_gap_recovery_2026/direct_nec_downloads/markdown/920260603-4700-영천시-국민의힘-1-1.md","ok","pymupdf","ok","4","989","1439546","pack_stale_currently_available_direct_nec_recovered"
"920260603-4700-경산시-국민의힘-1-1","party-doc:920260603:경산시:국민의힘:1","4700","경상북도","920260603","기초의원비례대표선거","경산시","","","국민의힘","1","비례대표 정당 제출자료","https://policy.nec.go.kr/plc/common/downloadFile.do?requestedFileName=20260603_%EA%B2%BD%EC%82%B0%EC%8B%9C_%EA%B5%AD%EB%AF%BC%EC%9D%98%ED%9E%98_%EB%B9%84%EB%A1%80%EB%8C%80%ED%91%9C%20%EC%A0%95%EB%8B%B9%20%EC%A0%9C%EC%B6%9C%EC%9E%90%EB%A3%8C.pdf&requestedFullPath=20260603/PDF/PBINFO_PUB/4713/003_200_20260524_1.pdf","20260603/PDF/PBINFO_PUB/4713/003_200_20260524_1.pdf","supplements/official_gap_recovery_2026/direct_nec_downloads/markdown/920260603-4700-경산시-국민의힘-1-1.md","https://github.com/treylom/opencrab-nec-2026-local-election-data/blob/main/supplements/official_gap_recovery_2026/direct_nec_downloads/markdown/920260603-4700-경산시-국민의힘-1-1.md","ok","pymupdf","suspiciously_short_text","2","24","5638980","pack_stale_currently_available_direct_nec_recovered"
"920260603-4700-안동시-국민의힘-1-1","party-doc:920260603:안동시:국민의힘:1","4700","경상북도","920260603","기초의원비례대표선거","안동시","","","국민의힘","1","비례대표 정당 제출자료","https://policy.nec.go.kr/plc/common/downloadFile.do?requestedFileName=20260603_%EC%95%88%EB%8F%99%EC%8B%9C_%EA%B5%AD%EB%AF%BC%EC%9D%98%ED%9E%98_%EB%B9%84%EB%A1%80%EB%8C%80%ED%91%9C%20%EC%A0%95%EB%8B%B9%20%EC%A0%9C%EC%B6%9C%EC%9E%90%EB%A3%8C.pdf&requestedFullPath=20260603/PDF/PBINFO_PUB/4706/003_200_20260523_1.pdf","20260603/PDF/PBINFO_PUB/4706/003_200_20260523_1.pdf","supplements/official_gap_recovery_2026/direct_nec_downloads/markdown/920260603-4700-안동시-국민의힘-1-1.md","https://github.com/treylom/opencrab-nec-2026-local-election-data/blob/main/supplements/official_gap_recovery_2026/direct_nec_downloads/markdown/920260603-4700-안동시-국민의힘-1-1.md","ok","pymupdf","ok","3","1716","816074","pack_stale_currently_available_direct_nec_recovered"
"920260603-4700-경주시-진보당-1-1","party-doc:920260603:경주시:진보당:1","4700","경상북도","920260603","기초의원비례대표선거","경주시","","","진보당","1","비례대표 정당 제출자료","https://policy.nec.go.kr/plc/common/downloadFile.do?requestedFileName=20260603_%EA%B2%BD%EC%A3%BC%EC%8B%9C_%EC%A7%84%EB%B3%B4%EB%8B%B9_%EB%B9%84%EB%A1%80%EB%8C%80%ED%91%9C%20%EC%A0%95%EB%8B%B9%20%EC%A0%9C%EC%B6%9C%EC%9E%90%EB%A3%8C.pdf&requestedFullPath=20260603/PDF/PBINFO_PUB/4704/003_5010_20260523_1.pdf","20260603/PDF/PBINFO_PUB/4704/003_5010_20260523_1.pdf","supplements/official_gap_recovery_2026/direct_nec_downloads/markdown/920260603-4700-경주시-진보당-1-1.md","https://github.com/treylom/opencrab-nec-2026-local-election-data/blob/main/supplements/official_gap_recovery_2026/direct_nec_downloads/markdown/920260603-4700-경주시-진보당-1-1.md","ok","pymupdf","ok","4","1302","3671189","pack_stale_currently_available_direct_nec_recovered"
"920260603-4700-포항시-진보당-1-1","party-doc:920260603:포항시:진보당:1","4700","경상북도","920260603","기초의원비례대표선거","포항시","","","진보당","1","비례대표 정당 제출자료","https://policy.nec.go.kr/plc/common/downloadFile.do?requestedFileName=20260603_%ED%8F%AC%ED%95%AD%EC%8B%9C_%EC%A7%84%EB%B3%B4%EB%8B%B9_%EB%B9%84%EB%A1%80%EB%8C%80%ED%91%9C%20%EC%A0%95%EB%8B%B9%20%EC%A0%9C%EC%B6%9C%EC%9E%90%EB%A3%8C.pdf&requestedFullPath=20260603/PDF/PBINFO_PUB/4702/003_5010_20260523_1.pdf","20260603/PDF/PBINFO_PUB/4702/003_5010_20260523_1.pdf","supplements/official_gap_recovery_2026/direct_nec_downloads/markdown/920260603-4700-포항시-진보당-1-1.md","https://github.com/treylom/opencrab-nec-2026-local-election-data/blob/main/supplements/official_gap_recovery_2026/direct_nec_downloads/markdown/920260603-4700-포항시-진보당-1-1.md","ok","pymupdf","ok","2","1522","2562721","pack_stale_currently_available_direct_nec_recovered"
"920260603-4800-밀양시-더불어민주당-1-1","party-doc:920260603:밀양시:더불어민주당:1","4800","경상남도","920260603","기초의원비례대표선거","밀양시","","","더불어민주당","1","비례대표 정당 제출자료","https://policy.nec.go.kr/plc/common/downloadFile.do?requestedFileName=20260603_%EB%B0%80%EC%96%91%EC%8B%9C_%EB%8D%94%EB%B6%88%EC%96%B4%EB%AF%BC%EC%A3%BC%EB%8B%B9_%EB%B9%84%EB%A1%80%EB%8C%80%ED%91%9C%20%EC%A0%95%EB%8B%B9%20%EC%A0%9C%EC%B6%9C%EC%9E%90%EB%A3%8C.pdf&requestedFullPath=20260603/PDF/PBINFO_PUB/4809/003_100_20260524_1.pdf","20260603/PDF/PBINFO_PUB/4809/003_100_20260524_1.pdf","supplements/official_gap_recovery_2026/direct_nec_downloads/markdown/920260603-4800-밀양시-더불어민주당-1-1.md","https://github.com/treylom/opencrab-nec-2026-local-election-data/blob/main/supplements/official_gap_recovery_2026/direct_nec_downloads/markdown/920260603-4800-밀양시-더불어민주당-1-1.md","ok","pymupdf","ok","8","2875","11312589","pack_stale_currently_available_direct_nec_recovered"
"920260603-4800-거제시-더불어민주당-1-1","party-doc:920260603:거제시:더불어민주당:1","4800","경상남도","920260603","기초의원비례대표선거","거제시","","","더불어민주당","1","비례대표 정당 제출자료","https://policy.nec.go.kr/plc/common/downloadFile.do?requestedFileName=20260603_%EA%B1%B0%EC%A0%9C%EC%8B%9C_%EB%8D%94%EB%B6%88%EC%96%B4%EB%AF%BC%EC%A3%BC%EB%8B%B9_%EB%B9%84%EB%A1%80%EB%8C%80%ED%91%9C%20%EC%A0%95%EB%8B%B9%20%EC%A0%9C%EC%B6%9C%EC%9E%90%EB%A3%8C.pdf&requestedFullPath=20260603/PDF/PBINFO_PUB/4810/003_100_20260522_1.pdf","20260603/PDF/PBINFO_PUB/4810/003_100_20260522_1.pdf","supplements/official_gap_recovery_2026/direct_nec_downloads/markdown/920260603-4800-거제시-더불어민주당-1-1.md","https://github.com/treylom/opencrab-nec-2026-local-election-data/blob/main/supplements/official_gap_recovery_2026/direct_nec_downloads/markdown/920260603-4800-거제시-더불어민주당-1-1.md","ok","pymupdf","ok","8","3119","1180512","pack_stale_currently_available_direct_nec_recovered"
"920260603-4800-남해군-더불어민주당-1-1","party-doc:920260603:남해군:더불어민주당:1","4800","경상남도","920260603","기초의원비례대표선거","남해군","","","더불어민주당","1","비례대표 정당 제출자료","https://policy.nec.go.kr/plc/common/downloadFile.do?requestedFileName=20260603_%EB%82%A8%ED%95%B4%EA%B5%B0_%EB%8D%94%EB%B6%88%EC%96%B4%EB%AF%BC%EC%A3%BC%EB%8B%B9_%EB%B9%84%EB%A1%80%EB%8C%80%ED%91%9C%20%EC%A0%95%EB%8B%B9%20%EC%A0%9C%EC%B6%9C%EC%9E%90%EB%A3%8C.pdf&requestedFullPath=20260603/PDF/PBINFO_PUB/4816/003_100_20260522_1.pdf","20260603/PDF/PBINFO_PUB/4816/003_100_20260522_1.pdf","supplements/official_gap_recovery_2026/direct_nec_downloads/markdown/920260603-4800-남해군-더불어민주당-1-1.md","https://github.com/treylom/opencrab-nec-2026-local-election-data/blob/main/supplements/official_gap_recovery_2026/direct_nec_downloads/markdown/920260603-4800-남해군-더불어민주당-1-1.md","ok","pymupdf","ok","4","1687","851765","pack_stale_currently_available_direct_nec_recovered"
"920260603-4800-진주시-더불어민주당-1-1","party-doc:920260603:진주시:더불어민주당:1","4800","경상남도","920260603","기초의원비례대표선거","진주시","","","더불어민주당","1","비례대표 정당 제출자료","https://policy.nec.go.kr/plc/common/downloadFile.do?requestedFileName=20260603_%EC%A7%84%EC%A3%BC%EC%8B%9C_%EB%8D%94%EB%B6%88%EC%96%B4%EB%AF%BC%EC%A3%BC%EB%8B%B9_%EB%B9%84%EB%A1%80%EB%8C%80%ED%91%9C%20%EC%A0%95%EB%8B%B9%20%EC%A0%9C%EC%B6%9C%EC%9E%90%EB%A3%8C.pdf&requestedFullPath=20260603/PDF/PBINFO_PUB/4803/003_100_20260523_1.pdf","20260603/PDF/PBINFO_PUB/4803/003_100_20260523_1.pdf","supplements/official_gap_recovery_2026/direct_nec_downloads/markdown/920260603-4800-진주시-더불어민주당-1-1.md","https://github.com/treylom/opencrab-nec-2026-local-election-data/blob/main/supplements/official_gap_recovery_2026/direct_nec_downloads/markdown/920260603-4800-진주시-더불어민주당-1-1.md","ok","pymupdf","ok","8","2933","1149289","pack_stale_currently_available_direct_nec_recovered"
"920260603-4800-사천시-더불어민주당-1-1","party-doc:920260603:사천시:더불어민주당:1","4800","경상남도","920260603","기초의원비례대표선거","사천시","","","더불어민주당","1","비례대표 정당 제출자료","https://policy.nec.go.kr/plc/common/downloadFile.do?requestedFileName=20260603_%EC%82%AC%EC%B2%9C%EC%8B%9C_%EB%8D%94%EB%B6%88%EC%96%B4%EB%AF%BC%EC%A3%BC%EB%8B%B9_%EB%B9%84%EB%A1%80%EB%8C%80%ED%91%9C%20%EC%A0%95%EB%8B%B9%20%EC%A0%9C%EC%B6%9C%EC%9E%90%EB%A3%8C.pdf&requestedFullPath=20260603/PDF/PBINFO_PUB/4807/003_100_20260520_1.pdf","20260603/PDF/PBINFO_PUB/4807/003_100_20260520_1.pdf","supplements/official_gap_recovery_2026/direct_nec_downloads/markdown/920260603-4800-사천시-더불어민주당-1-1.md","https://github.com/treylom/opencrab-nec-2026-local-election-data/blob/main/supplements/official_gap_recovery_2026/direct_nec_downloads/markdown/920260603-4800-사천시-더불어민주당-1-1.md","ok","pymupdf","ok","8","2537","1160430","pack_stale_currently_available_direct_nec_recovered"
"920260603-4800-통영시-더불어민주당-1-1","party-doc:920260603:통영시:더불어민주당:1","4800","경상남도","920260603","기초의원비례대표선거","통영시","","","더불어민주당","1","비례대표 정당 제출자료","https://policy.nec.go.kr/plc/common/downloadFile.do?requestedFileName=20260603_%ED%86%B5%EC%98%81%EC%8B%9C_%EB%8D%94%EB%B6%88%EC%96%B4%EB%AF%BC%EC%A3%BC%EB%8B%B9_%EB%B9%84%EB%A1%80%EB%8C%80%ED%91%9C%20%EC%A0%95%EB%8B%B9%20%EC%A0%9C%EC%B6%9C%EC%9E%90%EB%A3%8C.pdf&requestedFullPath=20260603/PDF/PBINFO_PUB/4805/003_100_20260523_1.pdf","20260603/PDF/PBINFO_PUB/4805/003_100_20260523_1.pdf","supplements/official_gap_recovery_2026/direct_nec_downloads/markdown/920260603-4800-통영시-더불어민주당-1-1.md","https://github.com/treylom/opencrab-nec-2026-local-election-data/blob/main/supplements/official_gap_recovery_2026/direct_nec_downloads/markdown/920260603-4800-통영시-더불어민주당-1-1.md","ok","pymupdf","ok","8","3180","1158855","pack_stale_currently_available_direct_nec_recovered"
"920260603-4800-김해시-더불어민주당-1-1","party-doc:920260603:김해시:더불어민주당:1","4800","경상남도","920260603","기초의원비례대표선거","김해시","","","더불어민주당","1","비례대표 정당 제출자료","https://policy.nec.go.kr/plc/common/downloadFile.do?requestedFileName=20260603_%EA%B9%80%ED%95%B4%EC%8B%9C_%EB%8D%94%EB%B6%88%EC%96%B4%EB%AF%BC%EC%A3%BC%EB%8B%B9_%EB%B9%84%EB%A1%80%EB%8C%80%ED%91%9C%20%EC%A0%95%EB%8B%B9%20%EC%A0%9C%EC%B6%9C%EC%9E%90%EB%A3%8C.pdf&requestedFullPath=20260603/PDF/PBINFO_PUB/4808/003_100_20260523_1.pdf","20260603/PDF/PBINFO_PUB/4808/003_100_20260523_1.pdf","supplements/official_gap_recovery_2026/direct_nec_downloads/markdown/920260603-4800-김해시-더불어민주당-1-1.md","https://github.com/treylom/opencrab-nec-2026-local-election-data/blob/main/supplements/official_gap_recovery_2026/direct_nec_downloads/markdown/920260603-4800-김해시-더불어민주당-1-1.md","ok","pymupdf","ok","8","2972","1174861","pack_stale_currently_available_direct_nec_recovered"
"920260603-4800-의령군-더불어민주당-1-1","party-doc:920260603:의령군:더불어민주당:1","4800","경상남도","920260603","기초의원비례대표선거","의령군","","","더불어민주당","1","비례대표 정당 제출자료","https://policy.nec.go.kr/plc/common/downloadFile.do?requestedFileName=20260603_%EC%9D%98%EB%A0%B9%EA%B5%B0_%EB%8D%94%EB%B6%88%EC%96%B4%EB%AF%BC%EC%A3%BC%EB%8B%B9_%EB%B9%84%EB%A1%80%EB%8C%80%ED%91%9C%20%EC%A0%95%EB%8B%B9%20%EC%A0%9C%EC%B6%9C%EC%9E%90%EB%A3%8C.pdf&requestedFullPath=20260603/PDF/PBINFO_PUB/4811/003_100_20260522_1.pdf","20260603/PDF/PBINFO_PUB/4811/003_100_20260522_1.pdf","supplements/official_gap_recovery_2026/direct_nec_downloads/markdown/920260603-4800-의령군-더불어민주당-1-1.md","https://github.com/treylom/opencrab-nec-2026-local-election-data/blob/main/supplements/official_gap_recovery_2026/direct_nec_downloads/markdown/920260603-4800-의령군-더불어민주당-1-1.md","ok","pymupdf","ok","4","1658","899075","pack_stale_currently_available_direct_nec_recovered"
"920260603-4800-함안군-더불어민주당-1-1","party-doc:920260603:함안군:더불어민주당:1","4800","경상남도","920260603","기초의원비례대표선거","함안군","","","더불어민주당","1","비례대표 정당 제출자료","https://policy.nec.go.kr/plc/common/downloadFile.do?requestedFileName=20260603_%ED%95%A8%EC%95%88%EA%B5%B0_%EB%8D%94%EB%B6%88%EC%96%B4%EB%AF%BC%EC%A3%BC%EB%8B%B9_%EB%B9%84%EB%A1%80%EB%8C%80%ED%91%9C%20%EC%A0%95%EB%8B%B9%20%EC%A0%9C%EC%B6%9C%EC%9E%90%EB%A3%8C.pdf&requestedFullPath=20260603/PDF/PBINFO_PUB/4812/003_100_20260521_1.pdf","20260603/PDF/PBINFO_PUB/4812/003_100_20260521_1.pdf","supplements/official_gap_recovery_2026/direct_nec_downloads/markdown/920260603-4800-함안군-더불어민주당-1-1.md","https://github.com/treylom/opencrab-nec-2026-local-election-data/blob/main/supplements/official_gap_recovery_2026/direct_nec_downloads/markdown/920260603-4800-함안군-더불어민주당-1-1.md","ok","pymupdf","ok","4","1735","812854","pack_stale_currently_available_direct_nec_recovered"
"920260603-4800-고성군-더불어민주당-1-1","party-doc:920260603:고성군:더불어민주당:1","4800","경상남도","920260603","기초의원비례대표선거","고성군","","","더불어민주당","1","비례대표 정당 제출자료","https://policy.nec.go.kr/plc/common/downloadFile.do?requestedFileName=20260603_%EA%B3%A0%EC%84%B1%EA%B5%B0_%EB%8D%94%EB%B6%88%EC%96%B4%EB%AF%BC%EC%A3%BC%EB%8B%B9_%EB%B9%84%EB%A1%80%EB%8C%80%ED%91%9C%20%EC%A0%95%EB%8B%B9%20%EC%A0%9C%EC%B6%9C%EC%9E%90%EB%A3%8C.pdf&requestedFullPath=20260603/PDF/PBINFO_PUB/4806/003_100_20260522_1.pdf","20260603/PDF/PBINFO_PUB/4806/003_100_20260522_1.pdf","supplements/official_gap_recovery_2026/direct_nec_downloads/markdown/920260603-4800-고성군-더불어민주당-1-1.md","https://github.com/treylom/opencrab-nec-2026-local-election-data/blob/main/supplements/official_gap_recovery_2026/direct_nec_downloads/markdown/920260603-4800-고성군-더불어민주당-1-1.md","ok","pymupdf","ok","8","2866","1111349","pack_stale_currently_available_direct_nec_recovered"
"920260603-4800-창녕군-더불어민주당-1-1","party-doc:920260603:창녕군:더불어민주당:1","4800","경상남도","920260603","기초의원비례대표선거","창녕군","","","더불어민주당","1","비례대표 정당 제출자료","https://policy.nec.go.kr/plc/common/downloadFile.do?requestedFileName=20260603_%EC%B0%BD%EB%85%95%EA%B5%B0_%EB%8D%94%EB%B6%88%EC%96%B4%EB%AF%BC%EC%A3%BC%EB%8B%B9_%EB%B9%84%EB%A1%80%EB%8C%80%ED%91%9C%20%EC%A0%95%EB%8B%B9%20%EC%A0%9C%EC%B6%9C%EC%9E%90%EB%A3%8C.pdf&requestedFullPath=20260603/PDF/PBINFO_PUB/4813/003_100_20260523_1.pdf","20260603/PDF/PBINFO_PUB/4813/003_100_20260523_1.pdf","supplements/official_gap_recovery_2026/direct_nec_downloads/markdown/920260603-4800-창녕군-더불어민주당-1-1.md","https://github.com/treylom/opencrab-nec-2026-local-election-data/blob/main/supplements/official_gap_recovery_2026/direct_nec_downloads/markdown/920260603-4800-창녕군-더불어민주당-1-1.md","ok","pymupdf","ok","8","2896","1158815","pack_stale_currently_available_direct_nec_recovered"
"920260603-4800-함양군-더불어민주당-1-1","party-doc:920260603:함양군:더불어민주당:1","4800","경상남도","920260603","기초의원비례대표선거","함양군","","","더불어민주당","1","비례대표 정당 제출자료","https://policy.nec.go.kr/plc/common/downloadFile.do?requestedFileName=20260603_%ED%95%A8%EC%96%91%EA%B5%B0_%EB%8D%94%EB%B6%88%EC%96%B4%EB%AF%BC%EC%A3%BC%EB%8B%B9_%EB%B9%84%EB%A1%80%EB%8C%80%ED%91%9C%20%EC%A0%95%EB%8B%B9%20%EC%A0%9C%EC%B6%9C%EC%9E%90%EB%A3%8C.pdf&requestedFullPath=20260603/PDF/PBINFO_PUB/4817/003_100_20260523_1.pdf","20260603/PDF/PBINFO_PUB/4817/003_100_20260523_1.pdf","supplements/official_gap_recovery_2026/direct_nec_downloads/markdown/920260603-4800-함양군-더불어민주당-1-1.md","https://github.com/treylom/opencrab-nec-2026-local-election-data/blob/main/supplements/official_gap_recovery_2026/direct_nec_downloads/markdown/920260603-4800-함양군-더불어민주당-1-1.md","ok","pymupdf","ok","4","1674","840462","pack_stale_currently_available_direct_nec_recovered"
"920260603-4800-거창군-더불어민주당-1-1","party-doc:920260603:거창군:더불어민주당:1","4800","경상남도","920260603","기초의원비례대표선거","거창군","","","더불어민주당","1","비례대표 정당 제출자료","https://policy.nec.go.kr/plc/common/downloadFile.do?requestedFileName=20260603_%EA%B1%B0%EC%B0%BD%EA%B5%B0_%EB%8D%94%EB%B6%88%EC%96%B4%EB%AF%BC%EC%A3%BC%EB%8B%B9_%EB%B9%84%EB%A1%80%EB%8C%80%ED%91%9C%20%EC%A0%95%EB%8B%B9%20%EC%A0%9C%EC%B6%9C%EC%9E%90%EB%A3%8C.pdf&requestedFullPath=20260603/PDF/PBINFO_PUB/4819/003_100_20260523_1.pdf","20260603/PDF/PBINFO_PUB/4819/003_100_20260523_1.pdf","supplements/official_gap_recovery_2026/direct_nec_downloads/markdown/920260603-4800-거창군-더불어민주당-1-1.md","https://github.com/treylom/opencrab-nec-2026-local-election-data/blob/main/supplements/official_gap_recovery_2026/direct_nec_downloads/markdown/920260603-4800-거창군-더불어민주당-1-1.md","ok","pymupdf","ok","8","2975","1140560","pack_stale_currently_available_direct_nec_recovered"
"920260603-4800-합천군-더불어민주당-1-1","party-doc:920260603:합천군:더불어민주당:1","4800","경상남도","920260603","기초의원비례대표선거","합천군","","","더불어민주당","1","비례대표 정당 제출자료","https://policy.nec.go.kr/plc/common/downloadFile.do?requestedFileName=20260603_%ED%95%A9%EC%B2%9C%EA%B5%B0_%EB%8D%94%EB%B6%88%EC%96%B4%EB%AF%BC%EC%A3%BC%EB%8B%B9_%EB%B9%84%EB%A1%80%EB%8C%80%ED%91%9C%20%EC%A0%95%EB%8B%B9%20%EC%A0%9C%EC%B6%9C%EC%9E%90%EB%A3%8C.pdf&requestedFullPath=20260603/PDF/PBINFO_PUB/4820/003_100_20260523_1.pdf","20260603/PDF/PBINFO_PUB/4820/003_100_20260523_1.pdf","supplements/official_gap_recovery_2026/direct_nec_downloads/markdown/920260603-4800-합천군-더불어민주당-1-1.md","https://github.com/treylom/opencrab-nec-2026-local-election-data/blob/main/supplements/official_gap_recovery_2026/direct_nec_downloads/markdown/920260603-4800-합천군-더불어민주당-1-1.md","ok","pymupdf","ok","8","2809","10841177","pack_stale_currently_available_direct_nec_recovered"
"920260603-4800-창원시-더불어민주당-1-1","party-doc:920260603:창원시:더불어민주당:1","4800","경상남도","920260603","기초의원비례대표선거","창원시","","","더불어민주당","1","비례대표 정당 제출자료","https://policy.nec.go.kr/plc/common/downloadFile.do?requestedFileName=20260603_%EC%B0%BD%EC%9B%90%EC%8B%9C_%EB%8D%94%EB%B6%88%EC%96%B4%EB%AF%BC%EC%A3%BC%EB%8B%B9_%EB%B9%84%EB%A1%80%EB%8C%80%ED%91%9C%20%EC%A0%95%EB%8B%B9%20%EC%A0%9C%EC%B6%9C%EC%9E%90%EB%A3%8C.pdf&requestedFullPath=20260603/PDF/PBINFO_PUB/4822/003_100_20260523_1.pdf","20260603/PDF/PBINFO_PUB/4822/003_100_20260523_1.pdf","supplements/official_gap_recovery_2026/direct_nec_downloads/markdown/920260603-4800-창원시-더불어민주당-1-1.md","https://github.com/treylom/opencrab-nec-2026-local-election-data/blob/main/supplements/official_gap_recovery_2026/direct_nec_downloads/markdown/920260603-4800-창원시-더불어민주당-1-1.md","ok","pymupdf","ok","8","2817","10845502","pack_stale_currently_available_direct_nec_recovered"
"920260603-4800-창녕군-국민의힘-1-1","party-doc:920260603:창녕군:국민의힘:1","4800","경상남도","920260603","기초의원비례대표선거","창녕군","","","국민의힘","1","비례대표 정당 제출자료","https://policy.nec.go.kr/plc/common/downloadFile.do?requestedFileName=20260603_%EC%B0%BD%EB%85%95%EA%B5%B0_%EA%B5%AD%EB%AF%BC%EC%9D%98%ED%9E%98_%EB%B9%84%EB%A1%80%EB%8C%80%ED%91%9C%20%EC%A0%95%EB%8B%B9%20%EC%A0%9C%EC%B6%9C%EC%9E%90%EB%A3%8C.pdf&requestedFullPath=20260603/PDF/PBINFO_PUB/4813/003_200_20260523_1.pdf","20260603/PDF/PBINFO_PUB/4813/003_200_20260523_1.pdf","supplements/official_gap_recovery_2026/direct_nec_downloads/markdown/920260603-4800-창녕군-국민의힘-1-1.md","https://github.com/treylom/opencrab-nec-2026-local-election-data/blob/main/supplements/official_gap_recovery_2026/direct_nec_downloads/markdown/920260603-4800-창녕군-국민의힘-1-1.md","ok","pymupdf","ok","4","1106","1586875","pack_stale_currently_available_direct_nec_recovered"
"920260603-4800-합천군-국민의힘-1-1","party-doc:920260603:합천군:국민의힘:1","4800","경상남도","920260603","기초의원비례대표선거","합천군","","","국민의힘","1","비례대표 정당 제출자료","https://policy.nec.go.kr/plc/common/downloadFile.do?requestedFileName=20260603_%ED%95%A9%EC%B2%9C%EA%B5%B0_%EA%B5%AD%EB%AF%BC%EC%9D%98%ED%9E%98_%EB%B9%84%EB%A1%80%EB%8C%80%ED%91%9C%20%EC%A0%95%EB%8B%B9%20%EC%A0%9C%EC%B6%9C%EC%9E%90%EB%A3%8C.pdf&requestedFullPath=20260603/PDF/PBINFO_PUB/4820/003_200_20260523_1.pdf","20260603/PDF/PBINFO_PUB/4820/003_200_20260523_1.pdf","supplements/official_gap_recovery_2026/direct_nec_downloads/markdown/920260603-4800-합천군-국민의힘-1-1.md","https://github.com/treylom/opencrab-nec-2026-local-election-data/blob/main/supplements/official_gap_recovery_2026/direct_nec_downloads/markdown/920260603-4800-합천군-국민의힘-1-1.md","ok","pymupdf","ok","4","1187","1629602","pack_stale_currently_available_direct_nec_recovered"
"920260603-4800-함양군-국민의힘-1-1","party-doc:920260603:함양군:국민의힘:1","4800","경상남도","920260603","기초의원비례대표선거","함양군","","","국민의힘","1","비례대표 정당 제출자료","https://policy.nec.go.kr/plc/common/downloadFile.do?requestedFileName=20260603_%ED%95%A8%EC%96%91%EA%B5%B0_%EA%B5%AD%EB%AF%BC%EC%9D%98%ED%9E%98_%EB%B9%84%EB%A1%80%EB%8C%80%ED%91%9C%20%EC%A0%95%EB%8B%B9%20%EC%A0%9C%EC%B6%9C%EC%9E%90%EB%A3%8C.pdf&requestedFullPath=20260603/PDF/PBINFO_PUB/4817/003_200_20260523_1.pdf","20260603/PDF/PBINFO_PUB/4817/003_200_20260523_1.pdf","supplements/official_gap_recovery_2026/direct_nec_downloads/markdown/920260603-4800-함양군-국민의힘-1-1.md","https://github.com/treylom/opencrab-nec-2026-local-election-data/blob/main/supplements/official_gap_recovery_2026/direct_nec_downloads/markdown/920260603-4800-함양군-국민의힘-1-1.md","ok","pymupdf","ok","4","1091","1784151","pack_stale_currently_available_direct_nec_recovered"
"920260603-4800-창원시-국민의힘-1-1","party-doc:920260603:창원시:국민의힘:1","4800","경상남도","920260603","기초의원비례대표선거","창원시","","","국민의힘","1","비례대표 정당 제출자료","https://policy.nec.go.kr/plc/common/downloadFile.do?requestedFileName=20260603_%EC%B0%BD%EC%9B%90%EC%8B%9C_%EA%B5%AD%EB%AF%BC%EC%9D%98%ED%9E%98_%EB%B9%84%EB%A1%80%EB%8C%80%ED%91%9C%20%EC%A0%95%EB%8B%B9%20%EC%A0%9C%EC%B6%9C%EC%9E%90%EB%A3%8C.pdf&requestedFullPath=20260603/PDF/PBINFO_PUB/4822/003_200_20260523_1.pdf","20260603/PDF/PBINFO_PUB/4822/003_200_20260523_1.pdf","supplements/official_gap_recovery_2026/direct_nec_downloads/markdown/920260603-4800-창원시-국민의힘-1-1.md","https://github.com/treylom/opencrab-nec-2026-local-election-data/blob/main/supplements/official_gap_recovery_2026/direct_nec_downloads/markdown/920260603-4800-창원시-국민의힘-1-1.md","ok","pymupdf","ok","4","1808","1841580","pack_stale_currently_available_direct_nec_recovered"
"920260603-4800-통영시-국민의힘-1-1","party-doc:920260603:통영시:국민의힘:1","4800","경상남도","920260603","기초의원비례대표선거","통영시","","","국민의힘","1","비례대표 정당 제출자료","https://policy.nec.go.kr/plc/common/downloadFile.do?requestedFileName=20260603_%ED%86%B5%EC%98%81%EC%8B%9C_%EA%B5%AD%EB%AF%BC%EC%9D%98%ED%9E%98_%EB%B9%84%EB%A1%80%EB%8C%80%ED%91%9C%20%EC%A0%95%EB%8B%B9%20%EC%A0%9C%EC%B6%9C%EC%9E%90%EB%A3%8C.pdf&requestedFullPath=20260603/PDF/PBINFO_PUB/4805/003_200_20260523_1.pdf","20260603/PDF/PBINFO_PUB/4805/003_200_20260523_1.pdf","supplements/official_gap_recovery_2026/direct_nec_downloads/markdown/920260603-4800-통영시-국민의힘-1-1.md","https://github.com/treylom/opencrab-nec-2026-local-election-data/blob/main/supplements/official_gap_recovery_2026/direct_nec_downloads/markdown/920260603-4800-통영시-국민의힘-1-1.md","ok","pymupdf","ok","4","931","1925184","pack_stale_currently_available_direct_nec_recovered"
"920260603-4800-양산시-국민의힘-1-1","party-doc:920260603:양산시:국민의힘:1","4800","경상남도","920260603","기초의원비례대표선거","양산시","","","국민의힘","1","비례대표 정당 제출자료","https://policy.nec.go.kr/plc/common/downloadFile.do?requestedFileName=20260603_%EC%96%91%EC%82%B0%EC%8B%9C_%EA%B5%AD%EB%AF%BC%EC%9D%98%ED%9E%98_%EB%B9%84%EB%A1%80%EB%8C%80%ED%91%9C%20%EC%A0%95%EB%8B%B9%20%EC%A0%9C%EC%B6%9C%EC%9E%90%EB%A3%8C.pdf&requestedFullPath=20260603/PDF/PBINFO_PUB/4814/003_200_20260523_1.pdf","20260603/PDF/PBINFO_PUB/4814/003_200_20260523_1.pdf","supplements/official_gap_recovery_2026/direct_nec_downloads/markdown/920260603-4800-양산시-국민의힘-1-1.md","https://github.com/treylom/opencrab-nec-2026-local-election-data/blob/main/supplements/official_gap_recovery_2026/direct_nec_downloads/markdown/920260603-4800-양산시-국민의힘-1-1.md","ok","pymupdf","ok","4","955","775079","pack_stale_currently_available_direct_nec_recovered"
"920260603-4800-거제시-국민의힘-1-1","party-doc:920260603:거제시:국민의힘:1","4800","경상남도","920260603","기초의원비례대표선거","거제시","","","국민의힘","1","비례대표 정당 제출자료","https://policy.nec.go.kr/plc/common/downloadFile.do?requestedFileName=20260603_%EA%B1%B0%EC%A0%9C%EC%8B%9C_%EA%B5%AD%EB%AF%BC%EC%9D%98%ED%9E%98_%EB%B9%84%EB%A1%80%EB%8C%80%ED%91%9C%20%EC%A0%95%EB%8B%B9%20%EC%A0%9C%EC%B6%9C%EC%9E%90%EB%A3%8C.pdf&requestedFullPath=20260603/PDF/PBINFO_PUB/4810/003_200_20260522_1.pdf","20260603/PDF/PBINFO_PUB/4810/003_200_20260522_1.pdf","supplements/official_gap_recovery_2026/direct_nec_downloads/markdown/920260603-4800-거제시-국민의힘-1-1.md","https://github.com/treylom/opencrab-nec-2026-local-election-data/blob/main/supplements/official_gap_recovery_2026/direct_nec_downloads/markdown/920260603-4800-거제시-국민의힘-1-1.md","ok","pymupdf","ok","4","1186","1866139","pack_stale_currently_available_direct_nec_recovered"
"920260603-4800-남해군-국민의힘-1-1","party-doc:920260603:남해군:국민의힘:1","4800","경상남도","920260603","기초의원비례대표선거","남해군","","","국민의힘","1","비례대표 정당 제출자료","https://policy.nec.go.kr/plc/common/downloadFile.do?requestedFileName=20260603_%EB%82%A8%ED%95%B4%EA%B5%B0_%EA%B5%AD%EB%AF%BC%EC%9D%98%ED%9E%98_%EB%B9%84%EB%A1%80%EB%8C%80%ED%91%9C%20%EC%A0%95%EB%8B%B9%20%EC%A0%9C%EC%B6%9C%EC%9E%90%EB%A3%8C.pdf&requestedFullPath=20260603/PDF/PBINFO_PUB/4816/003_200_20260519_1.pdf","20260603/PDF/PBINFO_PUB/4816/003_200_20260519_1.pdf","supplements/official_gap_recovery_2026/direct_nec_downloads/markdown/920260603-4800-남해군-국민의힘-1-1.md","https://github.com/treylom/opencrab-nec-2026-local-election-data/blob/main/supplements/official_gap_recovery_2026/direct_nec_downloads/markdown/920260603-4800-남해군-국민의힘-1-1.md","ok","pymupdf","ok","4","947","1362851","pack_stale_currently_available_direct_nec_recovered"
"920260603-4800-사천시-국민의힘-1-1","party-doc:920260603:사천시:국민의힘:1","4800","경상남도","920260603","기초의원비례대표선거","사천시","","","국민의힘","1","비례대표 정당 제출자료","https://policy.nec.go.kr/plc/common/downloadFile.do?requestedFileName=20260603_%EC%82%AC%EC%B2%9C%EC%8B%9C_%EA%B5%AD%EB%AF%BC%EC%9D%98%ED%9E%98_%EB%B9%84%EB%A1%80%EB%8C%80%ED%91%9C%20%EC%A0%95%EB%8B%B9%20%EC%A0%9C%EC%B6%9C%EC%9E%90%EB%A3%8C.pdf&requestedFullPath=20260603/PDF/PBINFO_PUB/4807/003_200_20260520_1.pdf","20260603/PDF/PBINFO_PUB/4807/003_200_20260520_1.pdf","supplements/official_gap_recovery_2026/direct_nec_downloads/markdown/920260603-4800-사천시-국민의힘-1-1.md","https://github.com/treylom/opencrab-nec-2026-local-election-data/blob/main/supplements/official_gap_recovery_2026/direct_nec_downloads/markdown/920260603-4800-사천시-국민의힘-1-1.md","ok","pymupdf","ok","4","867","1617479","pack_stale_currently_available_direct_nec_recovered"
"920260603-4800-함안군-국민의힘-1-1","party-doc:920260603:함안군:국민의힘:1","4800","경상남도","920260603","기초의원비례대표선거","함안군","","","국민의힘","1","비례대표 정당 제출자료","https://policy.nec.go.kr/plc/common/downloadFile.do?requestedFileName=20260603_%ED%95%A8%EC%95%88%EA%B5%B0_%EA%B5%AD%EB%AF%BC%EC%9D%98%ED%9E%98_%EB%B9%84%EB%A1%80%EB%8C%80%ED%91%9C%20%EC%A0%95%EB%8B%B9%20%EC%A0%9C%EC%B6%9C%EC%9E%90%EB%A3%8C.pdf&requestedFullPath=20260603/PDF/PBINFO_PUB/4812/003_200_20260521_1.pdf","20260603/PDF/PBINFO_PUB/4812/003_200_20260521_1.pdf","supplements/official_gap_recovery_2026/direct_nec_downloads/markdown/920260603-4800-함안군-국민의힘-1-1.md","https://github.com/treylom/opencrab-nec-2026-local-election-data/blob/main/supplements/official_gap_recovery_2026/direct_nec_downloads/markdown/920260603-4800-함안군-국민의힘-1-1.md","ok","pymupdf","ok","4","818","2378518","pack_stale_currently_available_direct_nec_recovered"
"920260603-4800-김해시-국민의힘-1-1","party-doc:920260603:김해시:국민의힘:1","4800","경상남도","920260603","기초의원비례대표선거","김해시","","","국민의힘","1","비례대표 정당 제출자료","https://policy.nec.go.kr/plc/common/downloadFile.do?requestedFileName=20260603_%EA%B9%80%ED%95%B4%EC%8B%9C_%EA%B5%AD%EB%AF%BC%EC%9D%98%ED%9E%98_%EB%B9%84%EB%A1%80%EB%8C%80%ED%91%9C%20%EC%A0%95%EB%8B%B9%20%EC%A0%9C%EC%B6%9C%EC%9E%90%EB%A3%8C.pdf&requestedFullPath=20260603/PDF/PBINFO_PUB/4808/003_200_20260523_1.pdf","20260603/PDF/PBINFO_PUB/4808/003_200_20260523_1.pdf","supplements/official_gap_recovery_2026/direct_nec_downloads/markdown/920260603-4800-김해시-국민의힘-1-1.md","https://github.com/treylom/opencrab-nec-2026-local-election-data/blob/main/supplements/official_gap_recovery_2026/direct_nec_downloads/markdown/920260603-4800-김해시-국민의힘-1-1.md","ok","pymupdf","ok","4","1329","1711358","pack_stale_currently_available_direct_nec_recovered"
"920260603-4800-거창군-국민의힘-1-1","party-doc:920260603:거창군:국민의힘:1","4800","경상남도","920260603","기초의원비례대표선거","거창군","","","국민의힘","1","비례대표 정당 제출자료","https://policy.nec.go.kr/plc/common/downloadFile.do?requestedFileName=20260603_%EA%B1%B0%EC%B0%BD%EA%B5%B0_%EA%B5%AD%EB%AF%BC%EC%9D%98%ED%9E%98_%EB%B9%84%EB%A1%80%EB%8C%80%ED%91%9C%20%EC%A0%95%EB%8B%B9%20%EC%A0%9C%EC%B6%9C%EC%9E%90%EB%A3%8C.pdf&requestedFullPath=20260603/PDF/PBINFO_PUB/4819/003_200_20260523_1.pdf","20260603/PDF/PBINFO_PUB/4819/003_200_20260523_1.pdf","supplements/official_gap_recovery_2026/direct_nec_downloads/markdown/920260603-4800-거창군-국민의힘-1-1.md","https://github.com/treylom/opencrab-nec-2026-local-election-data/blob/main/supplements/official_gap_recovery_2026/direct_nec_downloads/markdown/920260603-4800-거창군-국민의힘-1-1.md","ok","pymupdf","ok","4","1145","1781040","pack_stale_currently_available_direct_nec_recovered"
"920260603-4800-고성군-국민의힘-1-1","party-doc:920260603:고성군:국민의힘:1","4800","경상남도","920260603","기초의원비례대표선거","고성군","","","국민의힘","1","비례대표 정당 제출자료","https://policy.nec.go.kr/plc/common/downloadFile.do?requestedFileName=20260603_%EA%B3%A0%EC%84%B1%EA%B5%B0_%EA%B5%AD%EB%AF%BC%EC%9D%98%ED%9E%98_%EB%B9%84%EB%A1%80%EB%8C%80%ED%91%9C%20%EC%A0%95%EB%8B%B9%20%EC%A0%9C%EC%B6%9C%EC%9E%90%EB%A3%8C.pdf&requestedFullPath=20260603/PDF/PBINFO_PUB/4806/003_200_20260522_2.pdf","20260603/PDF/PBINFO_PUB/4806/003_200_20260522_2.pdf","supplements/official_gap_recovery_2026/direct_nec_downloads/markdown/920260603-4800-고성군-국민의힘-1-1.md","https://github.com/treylom/opencrab-nec-2026-local-election-data/blob/main/supplements/official_gap_recovery_2026/direct_nec_downloads/markdown/920260603-4800-고성군-국민의힘-1-1.md","ok","pymupdf","ok","4","1024","1406388","pack_stale_currently_available_direct_nec_recovered"
"920260603-4800-진주시-국민의힘-1-1","party-doc:920260603:진주시:국민의힘:1","4800","경상남도","920260603","기초의원비례대표선거","진주시","","","국민의힘","1","비례대표 정당 제출자료","https://policy.nec.go.kr/plc/common/downloadFile.do?requestedFileName=20260603_%EC%A7%84%EC%A3%BC%EC%8B%9C_%EA%B5%AD%EB%AF%BC%EC%9D%98%ED%9E%98_%EB%B9%84%EB%A1%80%EB%8C%80%ED%91%9C%20%EC%A0%95%EB%8B%B9%20%EC%A0%9C%EC%B6%9C%EC%9E%90%EB%A3%8C.pdf&requestedFullPath=20260603/PDF/PBINFO_PUB/4803/003_200_20260523_1.pdf","20260603/PDF/PBINFO_PUB/4803/003_200_20260523_1.pdf","supplements/official_gap_recovery_2026/direct_nec_downloads/markdown/920260603-4800-진주시-국민의힘-1-1.md","https://github.com/treylom/opencrab-nec-2026-local-election-data/blob/main/supplements/official_gap_recovery_2026/direct_nec_downloads/markdown/920260603-4800-진주시-국민의힘-1-1.md","ok","pymupdf","ok","4","984","2466655","pack_stale_currently_available_direct_nec_recovered"
"920260603-4800-의령군-국민의힘-1-1","party-doc:920260603:의령군:국민의힘:1","4800","경상남도","920260603","기초의원비례대표선거","의령군","","","국민의힘","1","비례대표 정당 제출자료","https://policy.nec.go.kr/plc/common/downloadFile.do?requestedFileName=20260603_%EC%9D%98%EB%A0%B9%EA%B5%B0_%EA%B5%AD%EB%AF%BC%EC%9D%98%ED%9E%98_%EB%B9%84%EB%A1%80%EB%8C%80%ED%91%9C%20%EC%A0%95%EB%8B%B9%20%EC%A0%9C%EC%B6%9C%EC%9E%90%EB%A3%8C.pdf&requestedFullPath=20260603/PDF/PBINFO_PUB/4811/003_200_20260522_1.pdf","20260603/PDF/PBINFO_PUB/4811/003_200_20260522_1.pdf","supplements/official_gap_recovery_2026/direct_nec_downloads/markdown/920260603-4800-의령군-국민의힘-1-1.md","https://github.com/treylom/opencrab-nec-2026-local-election-data/blob/main/supplements/official_gap_recovery_2026/direct_nec_downloads/markdown/920260603-4800-의령군-국민의힘-1-1.md","ok","pymupdf","ok","4","946","1927758","pack_stale_currently_available_direct_nec_recovered"
"920260603-4800-밀양시-국민의힘-1-1","party-doc:920260603:밀양시:국민의힘:1","4800","경상남도","920260603","기초의원비례대표선거","밀양시","","","국민의힘","1","비례대표 정당 제출자료","https://policy.nec.go.kr/plc/common/downloadFile.do?requestedFileName=20260603_%EB%B0%80%EC%96%91%EC%8B%9C_%EA%B5%AD%EB%AF%BC%EC%9D%98%ED%9E%98_%EB%B9%84%EB%A1%80%EB%8C%80%ED%91%9C%20%EC%A0%95%EB%8B%B9%20%EC%A0%9C%EC%B6%9C%EC%9E%90%EB%A3%8C.pdf&requestedFullPath=20260603/PDF/PBINFO_PUB/4809/003_200_20260524_1.pdf","20260603/PDF/PBINFO_PUB/4809/003_200_20260524_1.pdf","supplements/official_gap_recovery_2026/direct_nec_downloads/markdown/920260603-4800-밀양시-국민의힘-1-1.md","https://github.com/treylom/opencrab-nec-2026-local-election-data/blob/main/supplements/official_gap_recovery_2026/direct_nec_downloads/markdown/920260603-4800-밀양시-국민의힘-1-1.md","ok","pymupdf","ok","4","1039","2073372","pack_stale_currently_available_direct_nec_recovered"
"1120260603-1100-서울특별시-100161493-2-선거공약서","candidate-doc:100161493:2","1100","서울특별시","1120260603","교육감선거","서울특별시","100161493","정근식","무소속","2","선거공약서","https://policy.nec.go.kr/plc/common/downloadFile.do?requestedFileName=20260603_%EC%84%9C%EC%9A%B8%ED%8A%B9%EB%B3%84%EC%8B%9C_%EC%A0%95%EA%B7%BC%EC%8B%9D_%EC%84%A0%EA%B1%B0%EA%B3%B5%EC%95%BD%EC%84%9C.pdf&requestedFullPath=20260603/PDF/PRMS_DOC_PUB/1100/004_100161493_20260525_1.pdf","20260603/PDF/PRMS_DOC_PUB/1100/004_100161493_20260525_1.pdf","supplements/official_gap_recovery_2026/direct_nec_downloads/markdown/1120260603-1100-서울특별시-100161493-2-선거공약서.md","https://github.com/treylom/opencrab-nec-2026-local-election-data/blob/main/supplements/official_gap_recovery_2026/direct_nec_downloads/markdown/1120260603-1100-서울특별시-100161493-2-선거공약서.md","ok","pymupdf","ok","2","3240","3182261","pack_stale_currently_available_direct_nec_recovered"
