record_id,province_name,subSgName,sggname,hbjname,jdname,doc_type,current_download_url,local_pdf,download_status,bytes,error,markdown_path,extract_status,pages,chars,extract_error,extraction_method,quality_flag
420260603-4100-수원시-100162275-1-선거공보,경기도,구·시·군의 장선거,수원시,정희윤,개혁신당,선거공보,https://policy.nec.go.kr/plc/common/downloadFile.do?requestedFileName=20260603_%EC%88%98%EC%9B%90%EC%8B%9C_%EC%A0%95%ED%9D%AC%EC%9C%A4_%EC%84%A0%EA%B1%B0%EA%B3%B5%EB%B3%B4.pdf&requestedFullPath=20260603/PDF/PBINFO/4103/003_100162275_20260525_1.pdf,C:\Users\treyl\Documents\Obsidian\Second_Brain\output\nec_2026_local_election_opencrab\github_repo_nec_2026_local_election_opencrab\supplements\official_gap_recovery_2026\direct_nec_downloads\documents\420260603-4100-수원시-100162275-1-선거공보.pdf,downloaded,280822,,C:\Users\treyl\Documents\Obsidian\Second_Brain\output\nec_2026_local_election_opencrab\github_repo_nec_2026_local_election_opencrab\supplements\official_gap_recovery_2026\direct_nec_downloads\markdown\420260603-4100-수원시-100162275-1-선거공보.md,ok,1,9,,pymupdf,suspiciously_short_text
420260603-4100-평택시-100153870-1-선거공보,경기도,구·시·군의 장선거,평택시,최원용,더불어민주당,선거공보,https://policy.nec.go.kr/plc/common/downloadFile.do?requestedFileName=20260603_%ED%8F%89%ED%83%9D%EC%8B%9C_%EC%B5%9C%EC%9B%90%EC%9A%A9_%EC%84%A0%EA%B1%B0%EA%B3%B5%EB%B3%B4.pdf&requestedFullPath=20260603/PDF/PBINFO/4115/003_100153870_20260525_1.pdf,C:\Users\treyl\Documents\Obsidian\Second_Brain\output\nec_2026_local_election_opencrab\github_repo_nec_2026_local_election_opencrab\supplements\official_gap_recovery_2026\direct_nec_downloads\documents\420260603-4100-평택시-100153870-1-선거공보.pdf,downloaded,1693038,,C:\Users\treyl\Documents\Obsidian\Second_Brain\output\nec_2026_local_election_opencrab\github_repo_nec_2026_local_election_opencrab\supplements\official_gap_recovery_2026\direct_nec_downloads\markdown\420260603-4100-평택시-100153870-1-선거공보.md,ok,12,9230,,pymupdf,ok
420260603-5200-양양군-100158374-1-선거공보,강원특별자치도,구·시·군의 장선거,양양군,김정중,더불어민주당,선거공보,https://policy.nec.go.kr/plc/common/downloadFile.do?requestedFileName=20260603_%EC%96%91%EC%96%91%EA%B5%B0_%EA%B9%80%EC%A0%95%EC%A4%91_%EC%84%A0%EA%B1%B0%EA%B3%B5%EB%B3%B4.pdf&requestedFullPath=20260603/PDF/PBINFO/5210/003_100158374_20260521_1.pdf,C:\Users\treyl\Documents\Obsidian\Second_Brain\output\nec_2026_local_election_opencrab\github_repo_nec_2026_local_election_opencrab\supplements\official_gap_recovery_2026\direct_nec_downloads\documents\420260603-5200-양양군-100158374-1-선거공보.pdf,downloaded,15054221,,C:\Users\treyl\Documents\Obsidian\Second_Brain\output\nec_2026_local_election_opencrab\github_repo_nec_2026_local_election_opencrab\supplements\official_gap_recovery_2026\direct_nec_downloads\markdown\420260603-5200-양양군-100158374-1-선거공보.md,ok,12,6545,,pymupdf,ok
420260603-5200-양양군-100158425-1-선거공보,강원특별자치도,구·시·군의 장선거,양양군,김호열,국민의힘,선거공보,https://policy.nec.go.kr/plc/common/downloadFile.do?requestedFileName=20260603_%EC%96%91%EC%96%91%EA%B5%B0_%EA%B9%80%ED%98%B8%EC%97%B4_%EC%84%A0%EA%B1%B0%EA%B3%B5%EB%B3%B4.pdf&requestedFullPath=20260603/PDF/PBINFO/5210/003_100158425_20260521_1.pdf,C:\Users\treyl\Documents\Obsidian\Second_Brain\output\nec_2026_local_election_opencrab\github_repo_nec_2026_local_election_opencrab\supplements\official_gap_recovery_2026\direct_nec_downloads\documents\420260603-5200-양양군-100158425-1-선거공보.pdf,downloaded,2459372,,C:\Users\treyl\Documents\Obsidian\Second_Brain\output\nec_2026_local_election_opencrab\github_repo_nec_2026_local_election_opencrab\supplements\official_gap_recovery_2026\direct_nec_downloads\markdown\420260603-5200-양양군-100158425-1-선거공보.md,ok,12,5512,,pymupdf,ok
420260603-5200-양양군-100158425-2-선거공약서,강원특별자치도,구·시·군의 장선거,양양군,김호열,국민의힘,선거공약서,https://policy.nec.go.kr/plc/common/downloadFile.do?requestedFileName=20260603_%EC%96%91%EC%96%91%EA%B5%B0_%EA%B9%80%ED%98%B8%EC%97%B4_%EC%84%A0%EA%B1%B0%EA%B3%B5%EC%95%BD%EC%84%9C.pdf&requestedFullPath=20260603/PDF/PRMS_DOC_PUB/5210/004_100158425_20260522_1.pdf,C:\Users\treyl\Documents\Obsidian\Second_Brain\output\nec_2026_local_election_opencrab\github_repo_nec_2026_local_election_opencrab\supplements\official_gap_recovery_2026\direct_nec_downloads\documents\420260603-5200-양양군-100158425-2-선거공약서.pdf,downloaded,439329,,C:\Users\treyl\Documents\Obsidian\Second_Brain\output\nec_2026_local_election_opencrab\github_repo_nec_2026_local_election_opencrab\supplements\official_gap_recovery_2026\direct_nec_downloads\markdown\420260603-5200-양양군-100158425-2-선거공약서.md,ok,2,3313,,pymupdf,ok
420260603-5200-양양군-100158565-1-선거공보,강원특별자치도,구·시·군의 장선거,양양군,고제철,무소속,선거공보,https://policy.nec.go.kr/plc/common/downloadFile.do?requestedFileName=20260603_%EC%96%91%EC%96%91%EA%B5%B0_%EA%B3%A0%EC%A0%9C%EC%B2%A0_%EC%84%A0%EA%B1%B0%EA%B3%B5%EB%B3%B4.pdf&requestedFullPath=20260603/PDF/PBINFO/5210/003_100158565_20260521_1.pdf,C:\Users\treyl\Documents\Obsidian\Second_Brain\output\nec_2026_local_election_opencrab\github_repo_nec_2026_local_election_opencrab\supplements\official_gap_recovery_2026\direct_nec_downloads\documents\420260603-5200-양양군-100158565-1-선거공보.pdf,downloaded,6244249,,C:\Users\treyl\Documents\Obsidian\Second_Brain\output\nec_2026_local_election_opencrab\github_repo_nec_2026_local_election_opencrab\supplements\official_gap_recovery_2026\direct_nec_downloads\markdown\420260603-5200-양양군-100158565-1-선거공보.md,ok,12,4427,,pymupdf,ok
420260603-5300-정읍시-100163655-1-선거공보,전북특별자치도,구·시·군의 장선거,정읍시,이학수,더불어민주당,선거공보,https://policy.nec.go.kr/plc/common/downloadFile.do?requestedFileName=20260603_%EC%A0%95%EC%9D%8D%EC%8B%9C_%EC%9D%B4%ED%95%99%EC%88%98_%EC%84%A0%EA%B1%B0%EA%B3%B5%EB%B3%B4.pdf&requestedFullPath=20260603/PDF/PBINFO/5307/003_100163655_20260524_1.pdf,C:\Users\treyl\Documents\Obsidian\Second_Brain\output\nec_2026_local_election_opencrab\github_repo_nec_2026_local_election_opencrab\supplements\official_gap_recovery_2026\direct_nec_downloads\documents\420260603-5300-정읍시-100163655-1-선거공보.pdf,downloaded,5851086,,C:\Users\treyl\Documents\Obsidian\Second_Brain\output\nec_2026_local_election_opencrab\github_repo_nec_2026_local_election_opencrab\supplements\official_gap_recovery_2026\direct_nec_downloads\markdown\420260603-5300-정읍시-100163655-1-선거공보.md,ok,12,6308,,pymupdf,ok
420260603-5300-정읍시-100156163-1-선거공보,전북특별자치도,구·시·군의 장선거,정읍시,김민영,조국혁신당,선거공보,https://policy.nec.go.kr/plc/common/downloadFile.do?requestedFileName=20260603_%EC%A0%95%EC%9D%8D%EC%8B%9C_%EA%B9%80%EB%AF%BC%EC%98%81_%EC%84%A0%EA%B1%B0%EA%B3%B5%EB%B3%B4.pdf&requestedFullPath=20260603/PDF/PBINFO/5307/003_100156163_20260524_1.pdf,C:\Users\treyl\Documents\Obsidian\Second_Brain\output\nec_2026_local_election_opencrab\github_repo_nec_2026_local_election_opencrab\supplements\official_gap_recovery_2026\direct_nec_downloads\documents\420260603-5300-정읍시-100156163-1-선거공보.pdf,downloaded,2612553,,C:\Users\treyl\Documents\Obsidian\Second_Brain\output\nec_2026_local_election_opencrab\github_repo_nec_2026_local_election_opencrab\supplements\official_gap_recovery_2026\direct_nec_downloads\markdown\420260603-5300-정읍시-100156163-1-선거공보.md,ok,12,5276,,pymupdf,ok
420260603-5300-정읍시-100154602-1-선거공보,전북특별자치도,구·시·군의 장선거,정읍시,김재선,무소속,선거공보,https://policy.nec.go.kr/plc/common/downloadFile.do?requestedFileName=20260603_%EC%A0%95%EC%9D%8D%EC%8B%9C_%EA%B9%80%EC%9E%AC%EC%84%A0_%EC%84%A0%EA%B1%B0%EA%B3%B5%EB%B3%B4.pdf&requestedFullPath=20260603/PDF/PBINFO/5307/003_100154602_20260524_1.pdf,C:\Users\treyl\Documents\Obsidian\Second_Brain\output\nec_2026_local_election_opencrab\github_repo_nec_2026_local_election_opencrab\supplements\official_gap_recovery_2026\direct_nec_downloads\documents\420260603-5300-정읍시-100154602-1-선거공보.pdf,downloaded,1197086,,C:\Users\treyl\Documents\Obsidian\Second_Brain\output\nec_2026_local_election_opencrab\github_repo_nec_2026_local_election_opencrab\supplements\official_gap_recovery_2026\direct_nec_downloads\markdown\420260603-5300-정읍시-100154602-1-선거공보.md,ok,4,5846,,pymupdf,ok
420260603-5300-고창군-100159114-2-선거공약서,전북특별자치도,구·시·군의 장선거,고창군,유기상,조국혁신당,선거공약서,https://policy.nec.go.kr/plc/common/downloadFile.do?requestedFileName=20260603_%EA%B3%A0%EC%B0%BD%EA%B5%B0_%EC%9C%A0%EA%B8%B0%EC%83%81_%EC%84%A0%EA%B1%B0%EA%B3%B5%EC%95%BD%EC%84%9C.pdf&requestedFullPath=20260603/PDF/PRMS_DOC_PUB/5316/004_100159114_20260525_1.pdf,C:\Users\treyl\Documents\Obsidian\Second_Brain\output\nec_2026_local_election_opencrab\github_repo_nec_2026_local_election_opencrab\supplements\official_gap_recovery_2026\direct_nec_downloads\documents\420260603-5300-고창군-100159114-2-선거공약서.pdf,downloaded,1537943,,C:\Users\treyl\Documents\Obsidian\Second_Brain\output\nec_2026_local_election_opencrab\github_repo_nec_2026_local_election_opencrab\supplements\official_gap_recovery_2026\direct_nec_downloads\markdown\420260603-5300-고창군-100159114-2-선거공약서.md,ok,12,177,,pymupdf,suspiciously_short_text
520260603-4100-수원시제5선거구-100157162-1-선거공보,경기도,시·도의회의원선거,수원시제5선거구,황수영,더불어민주당,선거공보,https://policy.nec.go.kr/plc/common/downloadFile.do?requestedFileName=20260603_%EC%88%98%EC%9B%90%EC%8B%9C%EC%A0%9C5%EC%84%A0%EA%B1%B0%EA%B5%AC_%ED%99%A9%EC%88%98%EC%98%81_%EC%84%A0%EA%B1%B0%EA%B3%B5%EB%B3%B4.pdf&requestedFullPath=20260603/PDF/PBINFO/4103/003_100157162_20260525_1.pdf,C:\Users\treyl\Documents\Obsidian\Second_Brain\output\nec_2026_local_election_opencrab\github_repo_nec_2026_local_election_opencrab\supplements\official_gap_recovery_2026\direct_nec_downloads\documents\520260603-4100-수원시제5선거구-100157162-1-선거공보.pdf,downloaded,17760511,,C:\Users\treyl\Documents\Obsidian\Second_Brain\output\nec_2026_local_election_opencrab\github_repo_nec_2026_local_election_opencrab\supplements\official_gap_recovery_2026\direct_nec_downloads\markdown\520260603-4100-수원시제5선거구-100157162-1-선거공보.md,ok,8,3137,,pymupdf,ok
520260603-4100-수원시제5선거구-100159009-1-선거공보,경기도,시·도의회의원선거,수원시제5선거구,김재은,국민의힘,선거공보,https://policy.nec.go.kr/plc/common/downloadFile.do?requestedFileName=20260603_%EC%88%98%EC%9B%90%EC%8B%9C%EC%A0%9C5%EC%84%A0%EA%B1%B0%EA%B5%AC_%EA%B9%80%EC%9E%AC%EC%9D%80_%EC%84%A0%EA%B1%B0%EA%B3%B5%EB%B3%B4.pdf&requestedFullPath=20260603/PDF/PBINFO/4103/003_100159009_20260525_1.pdf,C:\Users\treyl\Documents\Obsidian\Second_Brain\output\nec_2026_local_election_opencrab\github_repo_nec_2026_local_election_opencrab\supplements\official_gap_recovery_2026\direct_nec_downloads\documents\520260603-4100-수원시제5선거구-100159009-1-선거공보.pdf,downloaded,5733975,,C:\Users\treyl\Documents\Obsidian\Second_Brain\output\nec_2026_local_election_opencrab\github_repo_nec_2026_local_election_opencrab\supplements\official_gap_recovery_2026\direct_nec_downloads\markdown\520260603-4100-수원시제5선거구-100159009-1-선거공보.md,ok,8,114,,pymupdf,suspiciously_short_text
520260603-4100-용인시제4선거구-100162490-1-선거공보,경기도,시·도의회의원선거,용인시제4선거구,전자영,더불어민주당,선거공보,https://policy.nec.go.kr/plc/common/downloadFile.do?requestedFileName=20260603_%EC%9A%A9%EC%9D%B8%EC%8B%9C%EC%A0%9C4%EC%84%A0%EA%B1%B0%EA%B5%AC_%EC%A0%84%EC%9E%90%EC%98%81_%EC%84%A0%EA%B1%B0%EA%B3%B5%EB%B3%B4.pdf&requestedFullPath=20260603/PDF/PBINFO/4137/003_100162490_20260524_1.pdf,C:\Users\treyl\Documents\Obsidian\Second_Brain\output\nec_2026_local_election_opencrab\github_repo_nec_2026_local_election_opencrab\supplements\official_gap_recovery_2026\direct_nec_downloads\documents\520260603-4100-용인시제4선거구-100162490-1-선거공보.pdf,downloaded,11103194,,C:\Users\treyl\Documents\Obsidian\Second_Brain\output\nec_2026_local_election_opencrab\github_repo_nec_2026_local_election_opencrab\supplements\official_gap_recovery_2026\direct_nec_downloads\markdown\520260603-4100-용인시제4선거구-100162490-1-선거공보.md,ok,8,114,,pymupdf,suspiciously_short_text
520260603-4100-용인시제4선거구-100162057-1-선거공보,경기도,시·도의회의원선거,용인시제4선거구,윤정희,국민의힘,선거공보,https://policy.nec.go.kr/plc/common/downloadFile.do?requestedFileName=20260603_%EC%9A%A9%EC%9D%B8%EC%8B%9C%EC%A0%9C4%EC%84%A0%EA%B1%B0%EA%B5%AC_%EC%9C%A4%EC%A0%95%ED%9D%AC_%EC%84%A0%EA%B1%B0%EA%B3%B5%EB%B3%B4.pdf&requestedFullPath=20260603/PDF/PBINFO/4137/003_100162057_20260524_1.pdf,C:\Users\treyl\Documents\Obsidian\Second_Brain\output\nec_2026_local_election_opencrab\github_repo_nec_2026_local_election_opencrab\supplements\official_gap_recovery_2026\direct_nec_downloads\documents\520260603-4100-용인시제4선거구-100162057-1-선거공보.pdf,downloaded,9366091,,C:\Users\treyl\Documents\Obsidian\Second_Brain\output\nec_2026_local_election_opencrab\github_repo_nec_2026_local_election_opencrab\supplements\official_gap_recovery_2026\direct_nec_downloads\markdown\520260603-4100-용인시제4선거구-100162057-1-선거공보.md,ok,8,3321,,pymupdf,ok
520260603-4100-용인시제5선거구-100157732-1-선거공보,경기도,시·도의회의원선거,용인시제5선거구,채명신,더불어민주당,선거공보,https://policy.nec.go.kr/plc/common/downloadFile.do?requestedFileName=20260603_%EC%9A%A9%EC%9D%B8%EC%8B%9C%EC%A0%9C5%EC%84%A0%EA%B1%B0%EA%B5%AC_%EC%B1%84%EB%AA%85%EC%8B%A0_%EC%84%A0%EA%B1%B0%EA%B3%B5%EB%B3%B4.pdf&requestedFullPath=20260603/PDF/PBINFO/4137/003_100157732_20260524_1.pdf,C:\Users\treyl\Documents\Obsidian\Second_Brain\output\nec_2026_local_election_opencrab\github_repo_nec_2026_local_election_opencrab\supplements\official_gap_recovery_2026\direct_nec_downloads\documents\520260603-4100-용인시제5선거구-100157732-1-선거공보.pdf,downloaded,1043999,,C:\Users\treyl\Documents\Obsidian\Second_Brain\output\nec_2026_local_election_opencrab\github_repo_nec_2026_local_election_opencrab\supplements\official_gap_recovery_2026\direct_nec_downloads\markdown\520260603-4100-용인시제5선거구-100157732-1-선거공보.md,ok,8,2089,,pymupdf,ok
520260603-4100-용인시제5선거구-100160721-1-선거공보,경기도,시·도의회의원선거,용인시제5선거구,정하용,국민의힘,선거공보,https://policy.nec.go.kr/plc/common/downloadFile.do?requestedFileName=20260603_%EC%9A%A9%EC%9D%B8%EC%8B%9C%EC%A0%9C5%EC%84%A0%EA%B1%B0%EA%B5%AC_%EC%A0%95%ED%95%98%EC%9A%A9_%EC%84%A0%EA%B1%B0%EA%B3%B5%EB%B3%B4.pdf&requestedFullPath=20260603/PDF/PBINFO/4137/003_100160721_20260524_1.pdf,C:\Users\treyl\Documents\Obsidian\Second_Brain\output\nec_2026_local_election_opencrab\github_repo_nec_2026_local_election_opencrab\supplements\official_gap_recovery_2026\direct_nec_downloads\documents\520260603-4100-용인시제5선거구-100160721-1-선거공보.pdf,downloaded,12520347,,C:\Users\treyl\Documents\Obsidian\Second_Brain\output\nec_2026_local_election_opencrab\github_repo_nec_2026_local_election_opencrab\supplements\official_gap_recovery_2026\direct_nec_downloads\markdown\520260603-4100-용인시제5선거구-100160721-1-선거공보.md,ok,8,6958,,pymupdf,ok
520260603-4100-용인시제9선거구-100163207-1-선거공보,경기도,시·도의회의원선거,용인시제9선거구,고찬석,더불어민주당,선거공보,https://policy.nec.go.kr/plc/common/downloadFile.do?requestedFileName=20260603_%EC%9A%A9%EC%9D%B8%EC%8B%9C%EC%A0%9C9%EC%84%A0%EA%B1%B0%EA%B5%AC_%EA%B3%A0%EC%B0%AC%EC%84%9D_%EC%84%A0%EA%B1%B0%EA%B3%B5%EB%B3%B4.pdf&requestedFullPath=20260603/PDF/PBINFO/4137/003_100163207_20260525_1.pdf,C:\Users\treyl\Documents\Obsidian\Second_Brain\output\nec_2026_local_election_opencrab\github_repo_nec_2026_local_election_opencrab\supplements\official_gap_recovery_2026\direct_nec_downloads\documents\520260603-4100-용인시제9선거구-100163207-1-선거공보.pdf,downloaded,10319800,,C:\Users\treyl\Documents\Obsidian\Second_Brain\output\nec_2026_local_election_opencrab\github_repo_nec_2026_local_election_opencrab\supplements\official_gap_recovery_2026\direct_nec_downloads\markdown\520260603-4100-용인시제9선거구-100163207-1-선거공보.md,ok,8,114,,pymupdf,suspiciously_short_text
520260603-4100-용인시제9선거구-100161521-1-선거공보,경기도,시·도의회의원선거,용인시제9선거구,신현정,국민의힘,선거공보,https://policy.nec.go.kr/plc/common/downloadFile.do?requestedFileName=20260603_%EC%9A%A9%EC%9D%B8%EC%8B%9C%EC%A0%9C9%EC%84%A0%EA%B1%B0%EA%B5%AC_%EC%8B%A0%ED%98%84%EC%A0%95_%EC%84%A0%EA%B1%B0%EA%B3%B5%EB%B3%B4.pdf&requestedFullPath=20260603/PDF/PBINFO/4137/003_100161521_20260525_1.pdf,C:\Users\treyl\Documents\Obsidian\Second_Brain\output\nec_2026_local_election_opencrab\github_repo_nec_2026_local_election_opencrab\supplements\official_gap_recovery_2026\direct_nec_downloads\documents\520260603-4100-용인시제9선거구-100161521-1-선거공보.pdf,downloaded,2016219,,C:\Users\treyl\Documents\Obsidian\Second_Brain\output\nec_2026_local_election_opencrab\github_repo_nec_2026_local_election_opencrab\supplements\official_gap_recovery_2026\direct_nec_downloads\markdown\520260603-4100-용인시제9선거구-100161521-1-선거공보.md,ok,8,114,,pymupdf,suspiciously_short_text
520260603-4100-용인시제10선거구-100157362-1-선거공보,경기도,시·도의회의원선거,용인시제10선거구,우현욱,더불어민주당,선거공보,https://policy.nec.go.kr/plc/common/downloadFile.do?requestedFileName=20260603_%EC%9A%A9%EC%9D%B8%EC%8B%9C%EC%A0%9C10%EC%84%A0%EA%B1%B0%EA%B5%AC_%EC%9A%B0%ED%98%84%EC%9A%B1_%EC%84%A0%EA%B1%B0%EA%B3%B5%EB%B3%B4.pdf&requestedFullPath=20260603/PDF/PBINFO/4137/003_100157362_20260524_1.pdf,C:\Users\treyl\Documents\Obsidian\Second_Brain\output\nec_2026_local_election_opencrab\github_repo_nec_2026_local_election_opencrab\supplements\official_gap_recovery_2026\direct_nec_downloads\documents\520260603-4100-용인시제10선거구-100157362-1-선거공보.pdf,downloaded,1667982,,C:\Users\treyl\Documents\Obsidian\Second_Brain\output\nec_2026_local_election_opencrab\github_repo_nec_2026_local_election_opencrab\supplements\official_gap_recovery_2026\direct_nec_downloads\markdown\520260603-4100-용인시제10선거구-100157362-1-선거공보.md,ok,5,3481,,pymupdf,ok
520260603-4100-용인시제10선거구-100163222-1-선거공보,경기도,시·도의회의원선거,용인시제10선거구,이유진,국민의힘,선거공보,https://policy.nec.go.kr/plc/common/downloadFile.do?requestedFileName=20260603_%EC%9A%A9%EC%9D%B8%EC%8B%9C%EC%A0%9C10%EC%84%A0%EA%B1%B0%EA%B5%AC_%EC%9D%B4%EC%9C%A0%EC%A7%84_%EC%84%A0%EA%B1%B0%EA%B3%B5%EB%B3%B4.pdf&requestedFullPath=20260603/PDF/PBINFO/4137/003_100163222_20260525_1.pdf,C:\Users\treyl\Documents\Obsidian\Second_Brain\output\nec_2026_local_election_opencrab\github_repo_nec_2026_local_election_opencrab\supplements\official_gap_recovery_2026\direct_nec_downloads\documents\520260603-4100-용인시제10선거구-100163222-1-선거공보.pdf,downloaded,1439819,,C:\Users\treyl\Documents\Obsidian\Second_Brain\output\nec_2026_local_election_opencrab\github_repo_nec_2026_local_election_opencrab\supplements\official_gap_recovery_2026\direct_nec_downloads\markdown\520260603-4100-용인시제10선거구-100163222-1-선거공보.md,ok,8,2854,,pymupdf,ok
520260603-4100-고양시제7선거구-100163071-1-선거공보,경기도,시·도의회의원선거,고양시제7선거구,김해련,더불어민주당,선거공보,https://policy.nec.go.kr/plc/common/downloadFile.do?requestedFileName=20260603_%EA%B3%A0%EC%96%91%EC%8B%9C%EC%A0%9C7%EC%84%A0%EA%B1%B0%EA%B5%AC_%EA%B9%80%ED%95%B4%EB%A0%A8_%EC%84%A0%EA%B1%B0%EA%B3%B5%EB%B3%B4.pdf&requestedFullPath=20260603/PDF/PBINFO/4121/003_100163071_20260525_1.pdf,C:\Users\treyl\Documents\Obsidian\Second_Brain\output\nec_2026_local_election_opencrab\github_repo_nec_2026_local_election_opencrab\supplements\official_gap_recovery_2026\direct_nec_downloads\documents\520260603-4100-고양시제7선거구-100163071-1-선거공보.pdf,downloaded,7181217,,C:\Users\treyl\Documents\Obsidian\Second_Brain\output\nec_2026_local_election_opencrab\github_repo_nec_2026_local_election_opencrab\supplements\official_gap_recovery_2026\direct_nec_downloads\markdown\520260603-4100-고양시제7선거구-100163071-1-선거공보.md,ok,8,4377,,pymupdf,ok
520260603-4100-고양시제7선거구-100162965-1-선거공보,경기도,시·도의회의원선거,고양시제7선거구,이호배,국민의힘,선거공보,https://policy.nec.go.kr/plc/common/downloadFile.do?requestedFileName=20260603_%EA%B3%A0%EC%96%91%EC%8B%9C%EC%A0%9C7%EC%84%A0%EA%B1%B0%EA%B5%AC_%EC%9D%B4%ED%98%B8%EB%B0%B0_%EC%84%A0%EA%B1%B0%EA%B3%B5%EB%B3%B4.pdf&requestedFullPath=20260603/PDF/PBINFO/4121/003_100162965_20260525_1.pdf,C:\Users\treyl\Documents\Obsidian\Second_Brain\output\nec_2026_local_election_opencrab\github_repo_nec_2026_local_election_opencrab\supplements\official_gap_recovery_2026\direct_nec_downloads\documents\520260603-4100-고양시제7선거구-100162965-1-선거공보.pdf,downloaded,960902,,C:\Users\treyl\Documents\Obsidian\Second_Brain\output\nec_2026_local_election_opencrab\github_repo_nec_2026_local_election_opencrab\supplements\official_gap_recovery_2026\direct_nec_downloads\markdown\520260603-4100-고양시제7선거구-100162965-1-선거공보.md,ok,7,99,,pymupdf,suspiciously_short_text
520260603-4100-고양시제8선거구-100155438-1-선거공보,경기도,시·도의회의원선거,고양시제8선거구,이성한,더불어민주당,선거공보,https://policy.nec.go.kr/plc/common/downloadFile.do?requestedFileName=20260603_%EA%B3%A0%EC%96%91%EC%8B%9C%EC%A0%9C8%EC%84%A0%EA%B1%B0%EA%B5%AC_%EC%9D%B4%EC%84%B1%ED%95%9C_%EC%84%A0%EA%B1%B0%EA%B3%B5%EB%B3%B4.pdf&requestedFullPath=20260603/PDF/PBINFO/4121/003_100155438_20260525_1.pdf,C:\Users\treyl\Documents\Obsidian\Second_Brain\output\nec_2026_local_election_opencrab\github_repo_nec_2026_local_election_opencrab\supplements\official_gap_recovery_2026\direct_nec_downloads\documents\520260603-4100-고양시제8선거구-100155438-1-선거공보.pdf,downloaded,2024750,,C:\Users\treyl\Documents\Obsidian\Second_Brain\output\nec_2026_local_election_opencrab\github_repo_nec_2026_local_election_opencrab\supplements\official_gap_recovery_2026\direct_nec_downloads\markdown\520260603-4100-고양시제8선거구-100155438-1-선거공보.md,ok,8,1804,,pymupdf,ok
520260603-4100-고양시제9선거구-100156534-1-선거공보,경기도,시·도의회의원선거,고양시제9선거구,이기대,더불어민주당,선거공보,https://policy.nec.go.kr/plc/common/downloadFile.do?requestedFileName=20260603_%EA%B3%A0%EC%96%91%EC%8B%9C%EC%A0%9C9%EC%84%A0%EA%B1%B0%EA%B5%AC_%EC%9D%B4%EA%B8%B0%EB%8C%80_%EC%84%A0%EA%B1%B0%EA%B3%B5%EB%B3%B4.pdf&requestedFullPath=20260603/PDF/PBINFO/4121/003_100156534_20260525_1.pdf,C:\Users\treyl\Documents\Obsidian\Second_Brain\output\nec_2026_local_election_opencrab\github_repo_nec_2026_local_election_opencrab\supplements\official_gap_recovery_2026\direct_nec_downloads\documents\520260603-4100-고양시제9선거구-100156534-1-선거공보.pdf,downloaded,6035523,,C:\Users\treyl\Documents\Obsidian\Second_Brain\output\nec_2026_local_election_opencrab\github_repo_nec_2026_local_election_opencrab\supplements\official_gap_recovery_2026\direct_nec_downloads\markdown\520260603-4100-고양시제9선거구-100156534-1-선거공보.md,ok,8,3971,,pymupdf,ok
520260603-4100-고양시제9선거구-100161587-1-선거공보,경기도,시·도의회의원선거,고양시제9선거구,김수환,국민의힘,선거공보,https://policy.nec.go.kr/plc/common/downloadFile.do?requestedFileName=20260603_%EA%B3%A0%EC%96%91%EC%8B%9C%EC%A0%9C9%EC%84%A0%EA%B1%B0%EA%B5%AC_%EA%B9%80%EC%88%98%ED%99%98_%EC%84%A0%EA%B1%B0%EA%B3%B5%EB%B3%B4.pdf&requestedFullPath=20260603/PDF/PBINFO/4121/003_100161587_20260525_1.pdf,C:\Users\treyl\Documents\Obsidian\Second_Brain\output\nec_2026_local_election_opencrab\github_repo_nec_2026_local_election_opencrab\supplements\official_gap_recovery_2026\direct_nec_downloads\documents\520260603-4100-고양시제9선거구-100161587-1-선거공보.pdf,downloaded,3540625,,C:\Users\treyl\Documents\Obsidian\Second_Brain\output\nec_2026_local_election_opencrab\github_repo_nec_2026_local_election_opencrab\supplements\official_gap_recovery_2026\direct_nec_downloads\markdown\520260603-4100-고양시제9선거구-100161587-1-선거공보.md,ok,4,3990,,pymupdf,ok
520260603-4100-성남시제3선거구-100158213-1-선거공보,경기도,시·도의회의원선거,성남시제3선거구,모성민,국민의힘,선거공보,https://policy.nec.go.kr/plc/common/downloadFile.do?requestedFileName=20260603_%EC%84%B1%EB%82%A8%EC%8B%9C%EC%A0%9C3%EC%84%A0%EA%B1%B0%EA%B5%AC_%EB%AA%A8%EC%84%B1%EB%AF%BC_%EC%84%A0%EA%B1%B0%EA%B3%B5%EB%B3%B4.pdf&requestedFullPath=20260603/PDF/PBINFO/4106/003_100158213_20260525_2.pdf,C:\Users\treyl\Documents\Obsidian\Second_Brain\output\nec_2026_local_election_opencrab\github_repo_nec_2026_local_election_opencrab\supplements\official_gap_recovery_2026\direct_nec_downloads\documents\520260603-4100-성남시제3선거구-100158213-1-선거공보.pdf,downloaded,7036819,,C:\Users\treyl\Documents\Obsidian\Second_Brain\output\nec_2026_local_election_opencrab\github_repo_nec_2026_local_election_opencrab\supplements\official_gap_recovery_2026\direct_nec_downloads\markdown\520260603-4100-성남시제3선거구-100158213-1-선거공보.md,ok,8,114,,pymupdf,suspiciously_short_text
520260603-4100-평택시제1선거구-100161462-1-선거공보,경기도,시·도의회의원선거,평택시제1선거구,김상곤,국민의힘,선거공보,https://policy.nec.go.kr/plc/common/downloadFile.do?requestedFileName=20260603_%ED%8F%89%ED%83%9D%EC%8B%9C%EC%A0%9C1%EC%84%A0%EA%B1%B0%EA%B5%AC_%EA%B9%80%EC%83%81%EA%B3%A4_%EC%84%A0%EA%B1%B0%EA%B3%B5%EB%B3%B4.pdf&requestedFullPath=20260603/PDF/PBINFO/4115/003_100161462_20260525_1.pdf,C:\Users\treyl\Documents\Obsidian\Second_Brain\output\nec_2026_local_election_opencrab\github_repo_nec_2026_local_election_opencrab\supplements\official_gap_recovery_2026\direct_nec_downloads\documents\520260603-4100-평택시제1선거구-100161462-1-선거공보.pdf,downloaded,16179574,,C:\Users\treyl\Documents\Obsidian\Second_Brain\output\nec_2026_local_election_opencrab\github_repo_nec_2026_local_election_opencrab\supplements\official_gap_recovery_2026\direct_nec_downloads\markdown\520260603-4100-평택시제1선거구-100161462-1-선거공보.md,ok,2,24,,pymupdf,suspiciously_short_text
520260603-4100-평택시제2선거구-100157708-1-선거공보,경기도,시·도의회의원선거,평택시제2선거구,백정일,국민의힘,선거공보,https://policy.nec.go.kr/plc/common/downloadFile.do?requestedFileName=20260603_%ED%8F%89%ED%83%9D%EC%8B%9C%EC%A0%9C2%EC%84%A0%EA%B1%B0%EA%B5%AC_%EB%B0%B1%EC%A0%95%EC%9D%BC_%EC%84%A0%EA%B1%B0%EA%B3%B5%EB%B3%B4.pdf&requestedFullPath=20260603/PDF/PBINFO/4115/003_100157708_20260524_1.pdf,C:\Users\treyl\Documents\Obsidian\Second_Brain\output\nec_2026_local_election_opencrab\github_repo_nec_2026_local_election_opencrab\supplements\official_gap_recovery_2026\direct_nec_downloads\documents\520260603-4100-평택시제2선거구-100157708-1-선거공보.pdf,downloaded,4332323,,C:\Users\treyl\Documents\Obsidian\Second_Brain\output\nec_2026_local_election_opencrab\github_repo_nec_2026_local_election_opencrab\supplements\official_gap_recovery_2026\direct_nec_downloads\markdown\520260603-4100-평택시제2선거구-100157708-1-선거공보.md,ok,5,5696,,pymupdf,ok
520260603-4100-안양시제1선거구-100161600-1-선거공보,경기도,시·도의회의원선거,안양시제1선거구,김성수,더불어민주당,선거공보,https://policy.nec.go.kr/plc/common/downloadFile.do?requestedFileName=20260603_%EC%95%88%EC%96%91%EC%8B%9C%EC%A0%9C1%EC%84%A0%EA%B1%B0%EA%B5%AC_%EA%B9%80%EC%84%B1%EC%88%98_%EC%84%A0%EA%B1%B0%EA%B3%B5%EB%B3%B4.pdf&requestedFullPath=20260603/PDF/PBINFO/4109/003_100161600_20260525_2.pdf,C:\Users\treyl\Documents\Obsidian\Second_Brain\output\nec_2026_local_election_opencrab\github_repo_nec_2026_local_election_opencrab\supplements\official_gap_recovery_2026\direct_nec_downloads\documents\520260603-4100-안양시제1선거구-100161600-1-선거공보.pdf,downloaded,2043889,,C:\Users\treyl\Documents\Obsidian\Second_Brain\output\nec_2026_local_election_opencrab\github_repo_nec_2026_local_election_opencrab\supplements\official_gap_recovery_2026\direct_nec_downloads\markdown\520260603-4100-안양시제1선거구-100161600-1-선거공보.md,ok,8,4512,,pymupdf,ok
520260603-4100-안양시제1선거구-100161661-1-선거공보,경기도,시·도의회의원선거,안양시제1선거구,정완기,국민의힘,선거공보,https://policy.nec.go.kr/plc/common/downloadFile.do?requestedFileName=20260603_%EC%95%88%EC%96%91%EC%8B%9C%EC%A0%9C1%EC%84%A0%EA%B1%B0%EA%B5%AC_%EC%A0%95%EC%99%84%EA%B8%B0_%EC%84%A0%EA%B1%B0%EA%B3%B5%EB%B3%B4.pdf&requestedFullPath=20260603/PDF/PBINFO/4109/003_100161661_20260523_1.pdf,C:\Users\treyl\Documents\Obsidian\Second_Brain\output\nec_2026_local_election_opencrab\github_repo_nec_2026_local_election_opencrab\supplements\official_gap_recovery_2026\direct_nec_downloads\documents\520260603-4100-안양시제1선거구-100161661-1-선거공보.pdf,downloaded,14869177,,C:\Users\treyl\Documents\Obsidian\Second_Brain\output\nec_2026_local_election_opencrab\github_repo_nec_2026_local_election_opencrab\supplements\official_gap_recovery_2026\direct_nec_downloads\markdown\520260603-4100-안양시제1선거구-100161661-1-선거공보.md,ok,8,4816,,pymupdf,ok
520260603-4100-안양시제2선거구-100157073-1-선거공보,경기도,시·도의회의원선거,안양시제2선거구,최경순,더불어민주당,선거공보,https://policy.nec.go.kr/plc/common/downloadFile.do?requestedFileName=20260603_%EC%95%88%EC%96%91%EC%8B%9C%EC%A0%9C2%EC%84%A0%EA%B1%B0%EA%B5%AC_%EC%B5%9C%EA%B2%BD%EC%88%9C_%EC%84%A0%EA%B1%B0%EA%B3%B5%EB%B3%B4.pdf&requestedFullPath=20260603/PDF/PBINFO/4109/003_100157073_20260523_1.pdf,C:\Users\treyl\Documents\Obsidian\Second_Brain\output\nec_2026_local_election_opencrab\github_repo_nec_2026_local_election_opencrab\supplements\official_gap_recovery_2026\direct_nec_downloads\documents\520260603-4100-안양시제2선거구-100157073-1-선거공보.pdf,downloaded,20552238,,C:\Users\treyl\Documents\Obsidian\Second_Brain\output\nec_2026_local_election_opencrab\github_repo_nec_2026_local_election_opencrab\supplements\official_gap_recovery_2026\direct_nec_downloads\markdown\520260603-4100-안양시제2선거구-100157073-1-선거공보.md,ok,8,3458,,pymupdf,ok
520260603-4100-안양시제2선거구-100154977-1-선거공보,경기도,시·도의회의원선거,안양시제2선거구,정영근,국민의힘,선거공보,https://policy.nec.go.kr/plc/common/downloadFile.do?requestedFileName=20260603_%EC%95%88%EC%96%91%EC%8B%9C%EC%A0%9C2%EC%84%A0%EA%B1%B0%EA%B5%AC_%EC%A0%95%EC%98%81%EA%B7%BC_%EC%84%A0%EA%B1%B0%EA%B3%B5%EB%B3%B4.pdf&requestedFullPath=20260603/PDF/PBINFO/4109/003_100154977_20260523_1.pdf,C:\Users\treyl\Documents\Obsidian\Second_Brain\output\nec_2026_local_election_opencrab\github_repo_nec_2026_local_election_opencrab\supplements\official_gap_recovery_2026\direct_nec_downloads\documents\520260603-4100-안양시제2선거구-100154977-1-선거공보.pdf,downloaded,3803455,,C:\Users\treyl\Documents\Obsidian\Second_Brain\output\nec_2026_local_election_opencrab\github_repo_nec_2026_local_election_opencrab\supplements\official_gap_recovery_2026\direct_nec_downloads\markdown\520260603-4100-안양시제2선거구-100154977-1-선거공보.md,ok,8,114,,pymupdf,suspiciously_short_text
520260603-4100-의왕시제1선거구-100156889-1-선거공보,경기도,시·도의회의원선거,의왕시제1선거구,박근철,더불어민주당,선거공보,https://policy.nec.go.kr/plc/common/downloadFile.do?requestedFileName=20260603_%EC%9D%98%EC%99%95%EC%8B%9C%EC%A0%9C1%EC%84%A0%EA%B1%B0%EA%B5%AC_%EB%B0%95%EA%B7%BC%EC%B2%A0_%EC%84%A0%EA%B1%B0%EA%B3%B5%EB%B3%B4.pdf&requestedFullPath=20260603/PDF/PBINFO/4124/003_100156889_20260521_1.pdf,C:\Users\treyl\Documents\Obsidian\Second_Brain\output\nec_2026_local_election_opencrab\github_repo_nec_2026_local_election_opencrab\supplements\official_gap_recovery_2026\direct_nec_downloads\documents\520260603-4100-의왕시제1선거구-100156889-1-선거공보.pdf,downloaded,11799833,,C:\Users\treyl\Documents\Obsidian\Second_Brain\output\nec_2026_local_election_opencrab\github_repo_nec_2026_local_election_opencrab\supplements\official_gap_recovery_2026\direct_nec_downloads\markdown\520260603-4100-의왕시제1선거구-100156889-1-선거공보.md,ok,8,6104,,pymupdf,ok
520260603-4100-의왕시제1선거구-100161229-1-선거공보,경기도,시·도의회의원선거,의왕시제1선거구,김영기,국민의힘,선거공보,https://policy.nec.go.kr/plc/common/downloadFile.do?requestedFileName=20260603_%EC%9D%98%EC%99%95%EC%8B%9C%EC%A0%9C1%EC%84%A0%EA%B1%B0%EA%B5%AC_%EA%B9%80%EC%98%81%EA%B8%B0_%EC%84%A0%EA%B1%B0%EA%B3%B5%EB%B3%B4.pdf&requestedFullPath=20260603/PDF/PBINFO/4124/003_100161229_20260521_1.pdf,C:\Users\treyl\Documents\Obsidian\Second_Brain\output\nec_2026_local_election_opencrab\github_repo_nec_2026_local_election_opencrab\supplements\official_gap_recovery_2026\direct_nec_downloads\documents\520260603-4100-의왕시제1선거구-100161229-1-선거공보.pdf,downloaded,8057793,,C:\Users\treyl\Documents\Obsidian\Second_Brain\output\nec_2026_local_election_opencrab\github_repo_nec_2026_local_election_opencrab\supplements\official_gap_recovery_2026\direct_nec_downloads\markdown\520260603-4100-의왕시제1선거구-100161229-1-선거공보.md,ok,8,4204,,pymupdf,ok
520260603-4100-의왕시제2선거구-100154941-1-선거공보,경기도,시·도의회의원선거,의왕시제2선거구,장태환,더불어민주당,선거공보,https://policy.nec.go.kr/plc/common/downloadFile.do?requestedFileName=20260603_%EC%9D%98%EC%99%95%EC%8B%9C%EC%A0%9C2%EC%84%A0%EA%B1%B0%EA%B5%AC_%EC%9E%A5%ED%83%9C%ED%99%98_%EC%84%A0%EA%B1%B0%EA%B3%B5%EB%B3%B4.pdf&requestedFullPath=20260603/PDF/PBINFO/4124/003_100154941_20260522_1.pdf,C:\Users\treyl\Documents\Obsidian\Second_Brain\output\nec_2026_local_election_opencrab\github_repo_nec_2026_local_election_opencrab\supplements\official_gap_recovery_2026\direct_nec_downloads\documents\520260603-4100-의왕시제2선거구-100154941-1-선거공보.pdf,downloaded,1122981,,C:\Users\treyl\Documents\Obsidian\Second_Brain\output\nec_2026_local_election_opencrab\github_repo_nec_2026_local_election_opencrab\supplements\official_gap_recovery_2026\direct_nec_downloads\markdown\520260603-4100-의왕시제2선거구-100154941-1-선거공보.md,ok,8,3915,,pymupdf,ok
520260603-4100-의왕시제2선거구-100160804-1-선거공보,경기도,시·도의회의원선거,의왕시제2선거구,김학기,국민의힘,선거공보,https://policy.nec.go.kr/plc/common/downloadFile.do?requestedFileName=20260603_%EC%9D%98%EC%99%95%EC%8B%9C%EC%A0%9C2%EC%84%A0%EA%B1%B0%EA%B5%AC_%EA%B9%80%ED%95%99%EA%B8%B0_%EC%84%A0%EA%B1%B0%EA%B3%B5%EB%B3%B4.pdf&requestedFullPath=20260603/PDF/PBINFO/4124/003_100160804_20260521_1.pdf,C:\Users\treyl\Documents\Obsidian\Second_Brain\output\nec_2026_local_election_opencrab\github_repo_nec_2026_local_election_opencrab\supplements\official_gap_recovery_2026\direct_nec_downloads\documents\520260603-4100-의왕시제2선거구-100160804-1-선거공보.pdf,downloaded,9085950,,C:\Users\treyl\Documents\Obsidian\Second_Brain\output\nec_2026_local_election_opencrab\github_repo_nec_2026_local_election_opencrab\supplements\official_gap_recovery_2026\direct_nec_downloads\markdown\520260603-4100-의왕시제2선거구-100160804-1-선거공보.md,ok,8,3101,,pymupdf,ok
520260603-5200-춘천시제1선거구-100155097-1-선거공보,강원특별자치도,시·도의회의원선거,춘천시제1선거구,윤지영,더불어민주당,선거공보,https://policy.nec.go.kr/plc/common/downloadFile.do?requestedFileName=20260603_%EC%B6%98%EC%B2%9C%EC%8B%9C%EC%A0%9C1%EC%84%A0%EA%B1%B0%EA%B5%AC_%EC%9C%A4%EC%A7%80%EC%98%81_%EC%84%A0%EA%B1%B0%EA%B3%B5%EB%B3%B4.pdf&requestedFullPath=20260603/PDF/PBINFO/5201/003_100155097_20260524_1.pdf,C:\Users\treyl\Documents\Obsidian\Second_Brain\output\nec_2026_local_election_opencrab\github_repo_nec_2026_local_election_opencrab\supplements\official_gap_recovery_2026\direct_nec_downloads\documents\520260603-5200-춘천시제1선거구-100155097-1-선거공보.pdf,downloaded,12483795,,C:\Users\treyl\Documents\Obsidian\Second_Brain\output\nec_2026_local_election_opencrab\github_repo_nec_2026_local_election_opencrab\supplements\official_gap_recovery_2026\direct_nec_downloads\markdown\520260603-5200-춘천시제1선거구-100155097-1-선거공보.md,ok,8,114,,pymupdf,suspiciously_short_text
520260603-5200-춘천시제1선거구-100163296-1-선거공보,강원특별자치도,시·도의회의원선거,춘천시제1선거구,한중일,국민의힘,선거공보,https://policy.nec.go.kr/plc/common/downloadFile.do?requestedFileName=20260603_%EC%B6%98%EC%B2%9C%EC%8B%9C%EC%A0%9C1%EC%84%A0%EA%B1%B0%EA%B5%AC_%ED%95%9C%EC%A4%91%EC%9D%BC_%EC%84%A0%EA%B1%B0%EA%B3%B5%EB%B3%B4.pdf&requestedFullPath=20260603/PDF/PBINFO/5201/003_100163296_20260524_1.pdf,C:\Users\treyl\Documents\Obsidian\Second_Brain\output\nec_2026_local_election_opencrab\github_repo_nec_2026_local_election_opencrab\supplements\official_gap_recovery_2026\direct_nec_downloads\documents\520260603-5200-춘천시제1선거구-100163296-1-선거공보.pdf,downloaded,2784785,,C:\Users\treyl\Documents\Obsidian\Second_Brain\output\nec_2026_local_election_opencrab\github_repo_nec_2026_local_election_opencrab\supplements\official_gap_recovery_2026\direct_nec_downloads\markdown\520260603-5200-춘천시제1선거구-100163296-1-선거공보.md,ok,8,114,,pymupdf,suspiciously_short_text
520260603-5200-춘천시제2선거구-100153841-1-선거공보,강원특별자치도,시·도의회의원선거,춘천시제2선거구,김희철,국민의힘,선거공보,https://policy.nec.go.kr/plc/common/downloadFile.do?requestedFileName=20260603_%EC%B6%98%EC%B2%9C%EC%8B%9C%EC%A0%9C2%EC%84%A0%EA%B1%B0%EA%B5%AC_%EA%B9%80%ED%9D%AC%EC%B2%A0_%EC%84%A0%EA%B1%B0%EA%B3%B5%EB%B3%B4.pdf&requestedFullPath=20260603/PDF/PBINFO/5201/003_100153841_20260522_1.pdf,C:\Users\treyl\Documents\Obsidian\Second_Brain\output\nec_2026_local_election_opencrab\github_repo_nec_2026_local_election_opencrab\supplements\official_gap_recovery_2026\direct_nec_downloads\documents\520260603-5200-춘천시제2선거구-100153841-1-선거공보.pdf,downloaded,11487393,,C:\Users\treyl\Documents\Obsidian\Second_Brain\output\nec_2026_local_election_opencrab\github_repo_nec_2026_local_election_opencrab\supplements\official_gap_recovery_2026\direct_nec_downloads\markdown\520260603-5200-춘천시제2선거구-100153841-1-선거공보.md,ok,8,4876,,pymupdf,ok
520260603-5200-홍천군제1선거구-100154032-1-선거공보,강원특별자치도,시·도의회의원선거,홍천군제1선거구,권재혁,더불어민주당,선거공보,https://policy.nec.go.kr/plc/common/downloadFile.do?requestedFileName=20260603_%ED%99%8D%EC%B2%9C%EA%B5%B0%EC%A0%9C1%EC%84%A0%EA%B1%B0%EA%B5%AC_%EA%B6%8C%EC%9E%AC%ED%98%81_%EC%84%A0%EA%B1%B0%EA%B3%B5%EB%B3%B4.pdf&requestedFullPath=20260603/PDF/PBINFO/5212/003_100154032_20260523_1.pdf,C:\Users\treyl\Documents\Obsidian\Second_Brain\output\nec_2026_local_election_opencrab\github_repo_nec_2026_local_election_opencrab\supplements\official_gap_recovery_2026\direct_nec_downloads\documents\520260603-5200-홍천군제1선거구-100154032-1-선거공보.pdf,downloaded,4180785,,C:\Users\treyl\Documents\Obsidian\Second_Brain\output\nec_2026_local_election_opencrab\github_repo_nec_2026_local_election_opencrab\supplements\official_gap_recovery_2026\direct_nec_downloads\markdown\520260603-5200-홍천군제1선거구-100154032-1-선거공보.md,ok,8,4073,,pymupdf,ok
520260603-5200-철원군제2선거구-100157279-1-선거공보,강원특별자치도,시·도의회의원선거,철원군제2선거구,김호진,더불어민주당,선거공보,https://policy.nec.go.kr/plc/common/downloadFile.do?requestedFileName=20260603_%EC%B2%A0%EC%9B%90%EA%B5%B0%EC%A0%9C2%EC%84%A0%EA%B1%B0%EA%B5%AC_%EA%B9%80%ED%98%B8%EC%A7%84_%EC%84%A0%EA%B1%B0%EA%B3%B5%EB%B3%B4.pdf&requestedFullPath=20260603/PDF/PBINFO/5218/003_100157279_20260521_1.pdf,C:\Users\treyl\Documents\Obsidian\Second_Brain\output\nec_2026_local_election_opencrab\github_repo_nec_2026_local_election_opencrab\supplements\official_gap_recovery_2026\direct_nec_downloads\documents\520260603-5200-철원군제2선거구-100157279-1-선거공보.pdf,downloaded,19696461,,C:\Users\treyl\Documents\Obsidian\Second_Brain\output\nec_2026_local_election_opencrab\github_repo_nec_2026_local_election_opencrab\supplements\official_gap_recovery_2026\direct_nec_downloads\markdown\520260603-5200-철원군제2선거구-100157279-1-선거공보.md,ok,8,2523,,pymupdf,ok
520260603-5200-철원군제2선거구-100154101-1-선거공보,강원특별자치도,시·도의회의원선거,철원군제2선거구,엄기성,국민의힘,선거공보,https://policy.nec.go.kr/plc/common/downloadFile.do?requestedFileName=20260603_%EC%B2%A0%EC%9B%90%EA%B5%B0%EC%A0%9C2%EC%84%A0%EA%B1%B0%EA%B5%AC_%EC%97%84%EA%B8%B0%EC%84%B1_%EC%84%A0%EA%B1%B0%EA%B3%B5%EB%B3%B4.pdf&requestedFullPath=20260603/PDF/PBINFO/5218/003_100154101_20260521_1.pdf,C:\Users\treyl\Documents\Obsidian\Second_Brain\output\nec_2026_local_election_opencrab\github_repo_nec_2026_local_election_opencrab\supplements\official_gap_recovery_2026\direct_nec_downloads\documents\520260603-5200-철원군제2선거구-100154101-1-선거공보.pdf,downloaded,1984360,,C:\Users\treyl\Documents\Obsidian\Second_Brain\output\nec_2026_local_election_opencrab\github_repo_nec_2026_local_election_opencrab\supplements\official_gap_recovery_2026\direct_nec_downloads\markdown\520260603-5200-철원군제2선거구-100154101-1-선거공보.md,ok,8,3363,,pymupdf,ok
520260603-5200-양양군선거구-100162787-1-선거공보,강원특별자치도,시·도의회의원선거,양양군선거구,김동진,더불어민주당,선거공보,https://policy.nec.go.kr/plc/common/downloadFile.do?requestedFileName=20260603_%EC%96%91%EC%96%91%EA%B5%B0%EC%84%A0%EA%B1%B0%EA%B5%AC_%EA%B9%80%EB%8F%99%EC%A7%84_%EC%84%A0%EA%B1%B0%EA%B3%B5%EB%B3%B4.pdf&requestedFullPath=20260603/PDF/PBINFO/5210/003_100162787_20260521_1.pdf,C:\Users\treyl\Documents\Obsidian\Second_Brain\output\nec_2026_local_election_opencrab\github_repo_nec_2026_local_election_opencrab\supplements\official_gap_recovery_2026\direct_nec_downloads\documents\520260603-5200-양양군선거구-100162787-1-선거공보.pdf,downloaded,7817992,,C:\Users\treyl\Documents\Obsidian\Second_Brain\output\nec_2026_local_election_opencrab\github_repo_nec_2026_local_election_opencrab\supplements\official_gap_recovery_2026\direct_nec_downloads\markdown\520260603-5200-양양군선거구-100162787-1-선거공보.md,ok,8,3714,,pymupdf,ok
520260603-5200-양양군선거구-100162226-1-선거공보,강원특별자치도,시·도의회의원선거,양양군선거구,이종석,국민의힘,선거공보,https://policy.nec.go.kr/plc/common/downloadFile.do?requestedFileName=20260603_%EC%96%91%EC%96%91%EA%B5%B0%EC%84%A0%EA%B1%B0%EA%B5%AC_%EC%9D%B4%EC%A2%85%EC%84%9D_%EC%84%A0%EA%B1%B0%EA%B3%B5%EB%B3%B4.pdf&requestedFullPath=20260603/PDF/PBINFO/5210/003_100162226_20260521_1.pdf,C:\Users\treyl\Documents\Obsidian\Second_Brain\output\nec_2026_local_election_opencrab\github_repo_nec_2026_local_election_opencrab\supplements\official_gap_recovery_2026\direct_nec_downloads\documents\520260603-5200-양양군선거구-100162226-1-선거공보.pdf,downloaded,4266286,,C:\Users\treyl\Documents\Obsidian\Second_Brain\output\nec_2026_local_election_opencrab\github_repo_nec_2026_local_election_opencrab\supplements\official_gap_recovery_2026\direct_nec_downloads\markdown\520260603-5200-양양군선거구-100162226-1-선거공보.md,ok,8,5327,,pymupdf,ok
520260603-5200-양양군선거구-100155591-1-선거공보,강원특별자치도,시·도의회의원선거,양양군선거구,김영근,무소속,선거공보,https://policy.nec.go.kr/plc/common/downloadFile.do?requestedFileName=20260603_%EC%96%91%EC%96%91%EA%B5%B0%EC%84%A0%EA%B1%B0%EA%B5%AC_%EA%B9%80%EC%98%81%EA%B7%BC_%EC%84%A0%EA%B1%B0%EA%B3%B5%EB%B3%B4.pdf&requestedFullPath=20260603/PDF/PBINFO/5210/003_100155591_20260521_1.pdf,C:\Users\treyl\Documents\Obsidian\Second_Brain\output\nec_2026_local_election_opencrab\github_repo_nec_2026_local_election_opencrab\supplements\official_gap_recovery_2026\direct_nec_downloads\documents\520260603-5200-양양군선거구-100155591-1-선거공보.pdf,downloaded,1569590,,C:\Users\treyl\Documents\Obsidian\Second_Brain\output\nec_2026_local_election_opencrab\github_repo_nec_2026_local_election_opencrab\supplements\official_gap_recovery_2026\direct_nec_downloads\markdown\520260603-5200-양양군선거구-100155591-1-선거공보.md,ok,2,1270,,pymupdf,ok
520260603-5300-전주시제3선거구-100164396-1-선거공보,전북특별자치도,시·도의회의원선거,전주시제3선거구,정종복,더불어민주당,선거공보,https://policy.nec.go.kr/plc/common/downloadFile.do?requestedFileName=20260603_%EC%A0%84%EC%A3%BC%EC%8B%9C%EC%A0%9C3%EC%84%A0%EA%B1%B0%EA%B5%AC_%EC%A0%95%EC%A2%85%EB%B3%B5_%EC%84%A0%EA%B1%B0%EA%B3%B5%EB%B3%B4.pdf&requestedFullPath=20260603/PDF/PBINFO/5301/003_100164396_20260525_1.pdf,C:\Users\treyl\Documents\Obsidian\Second_Brain\output\nec_2026_local_election_opencrab\github_repo_nec_2026_local_election_opencrab\supplements\official_gap_recovery_2026\direct_nec_downloads\documents\520260603-5300-전주시제3선거구-100164396-1-선거공보.pdf,downloaded,1172339,,C:\Users\treyl\Documents\Obsidian\Second_Brain\output\nec_2026_local_election_opencrab\github_repo_nec_2026_local_election_opencrab\supplements\official_gap_recovery_2026\direct_nec_downloads\markdown\520260603-5300-전주시제3선거구-100164396-1-선거공보.md,ok,8,114,,pymupdf,suspiciously_short_text
520260603-5300-전주시제7선거구-100157496-1-선거공보,전북특별자치도,시·도의회의원선거,전주시제7선거구,박형배,더불어민주당,선거공보,https://policy.nec.go.kr/plc/common/downloadFile.do?requestedFileName=20260603_%EC%A0%84%EC%A3%BC%EC%8B%9C%EC%A0%9C7%EC%84%A0%EA%B1%B0%EA%B5%AC_%EB%B0%95%ED%98%95%EB%B0%B0_%EC%84%A0%EA%B1%B0%EA%B3%B5%EB%B3%B4.pdf&requestedFullPath=20260603/PDF/PBINFO/5301/003_100157496_20260525_1.pdf,C:\Users\treyl\Documents\Obsidian\Second_Brain\output\nec_2026_local_election_opencrab\github_repo_nec_2026_local_election_opencrab\supplements\official_gap_recovery_2026\direct_nec_downloads\documents\520260603-5300-전주시제7선거구-100157496-1-선거공보.pdf,downloaded,6100133,,C:\Users\treyl\Documents\Obsidian\Second_Brain\output\nec_2026_local_election_opencrab\github_repo_nec_2026_local_election_opencrab\supplements\official_gap_recovery_2026\direct_nec_downloads\markdown\520260603-5300-전주시제7선거구-100157496-1-선거공보.md,ok,8,1038,,pymupdf,ok
520260603-5300-전주시제7선거구-100164409-1-선거공보,전북특별자치도,시·도의회의원선거,전주시제7선거구,이수진,무소속,선거공보,https://policy.nec.go.kr/plc/common/downloadFile.do?requestedFileName=20260603_%EC%A0%84%EC%A3%BC%EC%8B%9C%EC%A0%9C7%EC%84%A0%EA%B1%B0%EA%B5%AC_%EC%9D%B4%EC%88%98%EC%A7%84_%EC%84%A0%EA%B1%B0%EA%B3%B5%EB%B3%B4.pdf&requestedFullPath=20260603/PDF/PBINFO/5301/003_100164409_20260525_1.pdf,C:\Users\treyl\Documents\Obsidian\Second_Brain\output\nec_2026_local_election_opencrab\github_repo_nec_2026_local_election_opencrab\supplements\official_gap_recovery_2026\direct_nec_downloads\documents\520260603-5300-전주시제7선거구-100164409-1-선거공보.pdf,downloaded,6408191,,C:\Users\treyl\Documents\Obsidian\Second_Brain\output\nec_2026_local_election_opencrab\github_repo_nec_2026_local_election_opencrab\supplements\official_gap_recovery_2026\direct_nec_downloads\markdown\520260603-5300-전주시제7선거구-100164409-1-선거공보.md,ok,8,114,,pymupdf,suspiciously_short_text
620260603-4100-수원시바선거구-100156706-1-선거공보,경기도,구·시·군의회의원선거,수원시바선거구,조인희,더불어민주당,선거공보,https://policy.nec.go.kr/plc/common/downloadFile.do?requestedFileName=20260603_%EC%88%98%EC%9B%90%EC%8B%9C%EB%B0%94%EC%84%A0%EA%B1%B0%EA%B5%AC_%EC%A1%B0%EC%9D%B8%ED%9D%AC_%EC%84%A0%EA%B1%B0%EA%B3%B5%EB%B3%B4.pdf&requestedFullPath=20260603/PDF/PBINFO/4103/003_100156706_20260525_1.pdf,C:\Users\treyl\Documents\Obsidian\Second_Brain\output\nec_2026_local_election_opencrab\github_repo_nec_2026_local_election_opencrab\supplements\official_gap_recovery_2026\direct_nec_downloads\documents\620260603-4100-수원시바선거구-100156706-1-선거공보.pdf,downloaded,2514778,,C:\Users\treyl\Documents\Obsidian\Second_Brain\output\nec_2026_local_election_opencrab\github_repo_nec_2026_local_election_opencrab\supplements\official_gap_recovery_2026\direct_nec_downloads\markdown\620260603-4100-수원시바선거구-100156706-1-선거공보.md,ok,4,4124,,pymupdf,ok
620260603-4100-수원시사선거구-100160842-1-선거공보,경기도,구·시·군의회의원선거,수원시사선거구,유준숙,국민의힘,선거공보,https://policy.nec.go.kr/plc/common/downloadFile.do?requestedFileName=20260603_%EC%88%98%EC%9B%90%EC%8B%9C%EC%82%AC%EC%84%A0%EA%B1%B0%EA%B5%AC_%EC%9C%A0%EC%A4%80%EC%88%99_%EC%84%A0%EA%B1%B0%EA%B3%B5%EB%B3%B4.pdf&requestedFullPath=20260603/PDF/PBINFO/4103/003_100160842_20260525_1.pdf,C:\Users\treyl\Documents\Obsidian\Second_Brain\output\nec_2026_local_election_opencrab\github_repo_nec_2026_local_election_opencrab\supplements\official_gap_recovery_2026\direct_nec_downloads\documents\620260603-4100-수원시사선거구-100160842-1-선거공보.pdf,downloaded,3994696,,C:\Users\treyl\Documents\Obsidian\Second_Brain\output\nec_2026_local_election_opencrab\github_repo_nec_2026_local_election_opencrab\supplements\official_gap_recovery_2026\direct_nec_downloads\markdown\620260603-4100-수원시사선거구-100160842-1-선거공보.md,ok,8,114,,pymupdf,suspiciously_short_text
620260603-4100-용인시라선거구-100155032-1-선거공보,경기도,구·시·군의회의원선거,용인시라선거구,오수정,더불어민주당,선거공보,https://policy.nec.go.kr/plc/common/downloadFile.do?requestedFileName=20260603_%EC%9A%A9%EC%9D%B8%EC%8B%9C%EB%9D%BC%EC%84%A0%EA%B1%B0%EA%B5%AC_%EC%98%A4%EC%88%98%EC%A0%95_%EC%84%A0%EA%B1%B0%EA%B3%B5%EB%B3%B4.pdf&requestedFullPath=20260603/PDF/PBINFO/4137/003_100155032_20260525_2.pdf,C:\Users\treyl\Documents\Obsidian\Second_Brain\output\nec_2026_local_election_opencrab\github_repo_nec_2026_local_election_opencrab\supplements\official_gap_recovery_2026\direct_nec_downloads\documents\620260603-4100-용인시라선거구-100155032-1-선거공보.pdf,downloaded,2803984,,C:\Users\treyl\Documents\Obsidian\Second_Brain\output\nec_2026_local_election_opencrab\github_repo_nec_2026_local_election_opencrab\supplements\official_gap_recovery_2026\direct_nec_downloads\markdown\620260603-4100-용인시라선거구-100155032-1-선거공보.md,ok,8,114,,pymupdf,suspiciously_short_text
620260603-4100-용인시라선거구-100162689-1-선거공보,경기도,구·시·군의회의원선거,용인시라선거구,임현수,더불어민주당,선거공보,https://policy.nec.go.kr/plc/common/downloadFile.do?requestedFileName=20260603_%EC%9A%A9%EC%9D%B8%EC%8B%9C%EB%9D%BC%EC%84%A0%EA%B1%B0%EA%B5%AC_%EC%9E%84%ED%98%84%EC%88%98_%EC%84%A0%EA%B1%B0%EA%B3%B5%EB%B3%B4.pdf&requestedFullPath=20260603/PDF/PBINFO/4137/003_100162689_20260525_1.pdf,C:\Users\treyl\Documents\Obsidian\Second_Brain\output\nec_2026_local_election_opencrab\github_repo_nec_2026_local_election_opencrab\supplements\official_gap_recovery_2026\direct_nec_downloads\documents\620260603-4100-용인시라선거구-100162689-1-선거공보.pdf,downloaded,18934317,,C:\Users\treyl\Documents\Obsidian\Second_Brain\output\nec_2026_local_election_opencrab\github_repo_nec_2026_local_election_opencrab\supplements\official_gap_recovery_2026\direct_nec_downloads\markdown\620260603-4100-용인시라선거구-100162689-1-선거공보.md,ok,8,114,,pymupdf,suspiciously_short_text
620260603-4100-용인시라선거구-100163398-1-선거공보,경기도,구·시·군의회의원선거,용인시라선거구,김한울,국민의힘,선거공보,https://policy.nec.go.kr/plc/common/downloadFile.do?requestedFileName=20260603_%EC%9A%A9%EC%9D%B8%EC%8B%9C%EB%9D%BC%EC%84%A0%EA%B1%B0%EA%B5%AC_%EA%B9%80%ED%95%9C%EC%9A%B8_%EC%84%A0%EA%B1%B0%EA%B3%B5%EB%B3%B4.pdf&requestedFullPath=20260603/PDF/PBINFO/4137/003_100163398_20260524_1.pdf,C:\Users\treyl\Documents\Obsidian\Second_Brain\output\nec_2026_local_election_opencrab\github_repo_nec_2026_local_election_opencrab\supplements\official_gap_recovery_2026\direct_nec_downloads\documents\620260603-4100-용인시라선거구-100163398-1-선거공보.pdf,downloaded,2598745,,C:\Users\treyl\Documents\Obsidian\Second_Brain\output\nec_2026_local_election_opencrab\github_repo_nec_2026_local_election_opencrab\supplements\official_gap_recovery_2026\direct_nec_downloads\markdown\620260603-4100-용인시라선거구-100163398-1-선거공보.md,ok,8,3719,,pymupdf,ok
620260603-4100-용인시라선거구-100163610-1-선거공보,경기도,구·시·군의회의원선거,용인시라선거구,안치용,국민의힘,선거공보,https://policy.nec.go.kr/plc/common/downloadFile.do?requestedFileName=20260603_%EC%9A%A9%EC%9D%B8%EC%8B%9C%EB%9D%BC%EC%84%A0%EA%B1%B0%EA%B5%AC_%EC%95%88%EC%B9%98%EC%9A%A9_%EC%84%A0%EA%B1%B0%EA%B3%B5%EB%B3%B4.pdf&requestedFullPath=20260603/PDF/PBINFO/4137/003_100163610_20260524_1.pdf,C:\Users\treyl\Documents\Obsidian\Second_Brain\output\nec_2026_local_election_opencrab\github_repo_nec_2026_local_election_opencrab\supplements\official_gap_recovery_2026\direct_nec_downloads\documents\620260603-4100-용인시라선거구-100163610-1-선거공보.pdf,downloaded,7597473,,C:\Users\treyl\Documents\Obsidian\Second_Brain\output\nec_2026_local_election_opencrab\github_repo_nec_2026_local_election_opencrab\supplements\official_gap_recovery_2026\direct_nec_downloads\markdown\620260603-4100-용인시라선거구-100163610-1-선거공보.md,ok,8,3210,,pymupdf,ok
620260603-4100-용인시라선거구-100165687-1-선거공보,경기도,구·시·군의회의원선거,용인시라선거구,정성규,개혁신당,선거공보,https://policy.nec.go.kr/plc/common/downloadFile.do?requestedFileName=20260603_%EC%9A%A9%EC%9D%B8%EC%8B%9C%EB%9D%BC%EC%84%A0%EA%B1%B0%EA%B5%AC_%EC%A0%95%EC%84%B1%EA%B7%9C_%EC%84%A0%EA%B1%B0%EA%B3%B5%EB%B3%B4.pdf&requestedFullPath=20260603/PDF/PBINFO/4137/003_100165687_20260525_1.pdf,C:\Users\treyl\Documents\Obsidian\Second_Brain\output\nec_2026_local_election_opencrab\github_repo_nec_2026_local_election_opencrab\supplements\official_gap_recovery_2026\direct_nec_downloads\documents\620260603-4100-용인시라선거구-100165687-1-선거공보.pdf,downloaded,1807255,,C:\Users\treyl\Documents\Obsidian\Second_Brain\output\nec_2026_local_election_opencrab\github_repo_nec_2026_local_election_opencrab\supplements\official_gap_recovery_2026\direct_nec_downloads\markdown\620260603-4100-용인시라선거구-100165687-1-선거공보.md,ok,8,673,,pymupdf,ok
620260603-4100-용인시라선거구-100155268-1-선거공보,경기도,구·시·군의회의원선거,용인시라선거구,조병훈,진보당,선거공보,https://policy.nec.go.kr/plc/common/downloadFile.do?requestedFileName=20260603_%EC%9A%A9%EC%9D%B8%EC%8B%9C%EB%9D%BC%EC%84%A0%EA%B1%B0%EA%B5%AC_%EC%A1%B0%EB%B3%91%ED%9B%88_%EC%84%A0%EA%B1%B0%EA%B3%B5%EB%B3%B4.pdf&requestedFullPath=20260603/PDF/PBINFO/4137/003_100155268_20260524_1.pdf,C:\Users\treyl\Documents\Obsidian\Second_Brain\output\nec_2026_local_election_opencrab\github_repo_nec_2026_local_election_opencrab\supplements\official_gap_recovery_2026\direct_nec_downloads\documents\620260603-4100-용인시라선거구-100155268-1-선거공보.pdf,downloaded,2562834,,C:\Users\treyl\Documents\Obsidian\Second_Brain\output\nec_2026_local_election_opencrab\github_repo_nec_2026_local_election_opencrab\supplements\official_gap_recovery_2026\direct_nec_downloads\markdown\620260603-4100-용인시라선거구-100155268-1-선거공보.md,ok,4,1854,,pymupdf,ok
620260603-4100-용인시바선거구-100162876-1-선거공보,경기도,구·시·군의회의원선거,용인시바선거구,박희정,더불어민주당,선거공보,https://policy.nec.go.kr/plc/common/downloadFile.do?requestedFileName=20260603_%EC%9A%A9%EC%9D%B8%EC%8B%9C%EB%B0%94%EC%84%A0%EA%B1%B0%EA%B5%AC_%EB%B0%95%ED%9D%AC%EC%A0%95_%EC%84%A0%EA%B1%B0%EA%B3%B5%EB%B3%B4.pdf&requestedFullPath=20260603/PDF/PBINFO/4137/003_100162876_20260524_1.pdf,C:\Users\treyl\Documents\Obsidian\Second_Brain\output\nec_2026_local_election_opencrab\github_repo_nec_2026_local_election_opencrab\supplements\official_gap_recovery_2026\direct_nec_downloads\documents\620260603-4100-용인시바선거구-100162876-1-선거공보.pdf,downloaded,11172865,,C:\Users\treyl\Documents\Obsidian\Second_Brain\output\nec_2026_local_election_opencrab\github_repo_nec_2026_local_election_opencrab\supplements\official_gap_recovery_2026\direct_nec_downloads\markdown\620260603-4100-용인시바선거구-100162876-1-선거공보.md,ok,8,756,,pymupdf,ok
620260603-4100-용인시바선거구-100163615-1-선거공보,경기도,구·시·군의회의원선거,용인시바선거구,이민희,국민의힘,선거공보,https://policy.nec.go.kr/plc/common/downloadFile.do?requestedFileName=20260603_%EC%9A%A9%EC%9D%B8%EC%8B%9C%EB%B0%94%EC%84%A0%EA%B1%B0%EA%B5%AC_%EC%9D%B4%EB%AF%BC%ED%9D%AC_%EC%84%A0%EA%B1%B0%EA%B3%B5%EB%B3%B4.pdf&requestedFullPath=20260603/PDF/PBINFO/4137/003_100163615_20260524_1.pdf,C:\Users\treyl\Documents\Obsidian\Second_Brain\output\nec_2026_local_election_opencrab\github_repo_nec_2026_local_election_opencrab\supplements\official_gap_recovery_2026\direct_nec_downloads\documents\620260603-4100-용인시바선거구-100163615-1-선거공보.pdf,downloaded,6329162,,C:\Users\treyl\Documents\Obsidian\Second_Brain\output\nec_2026_local_election_opencrab\github_repo_nec_2026_local_election_opencrab\supplements\official_gap_recovery_2026\direct_nec_downloads\markdown\620260603-4100-용인시바선거구-100163615-1-선거공보.md,ok,8,4004,,pymupdf,ok
620260603-4100-용인시바선거구-100158249-1-선거공보,경기도,구·시·군의회의원선거,용인시바선거구,김교순,조국혁신당,선거공보,https://policy.nec.go.kr/plc/common/downloadFile.do?requestedFileName=20260603_%EC%9A%A9%EC%9D%B8%EC%8B%9C%EB%B0%94%EC%84%A0%EA%B1%B0%EA%B5%AC_%EA%B9%80%EA%B5%90%EC%88%9C_%EC%84%A0%EA%B1%B0%EA%B3%B5%EB%B3%B4.pdf&requestedFullPath=20260603/PDF/PBINFO/4137/003_100158249_20260525_1.pdf,C:\Users\treyl\Documents\Obsidian\Second_Brain\output\nec_2026_local_election_opencrab\github_repo_nec_2026_local_election_opencrab\supplements\official_gap_recovery_2026\direct_nec_downloads\documents\620260603-4100-용인시바선거구-100158249-1-선거공보.pdf,downloaded,1419564,,C:\Users\treyl\Documents\Obsidian\Second_Brain\output\nec_2026_local_election_opencrab\github_repo_nec_2026_local_election_opencrab\supplements\official_gap_recovery_2026\direct_nec_downloads\markdown\620260603-4100-용인시바선거구-100158249-1-선거공보.md,ok,8,114,,pymupdf,suspiciously_short_text
620260603-4100-용인시차선거구-100156660-1-선거공보,경기도,구·시·군의회의원선거,용인시차선거구,이주연,더불어민주당,선거공보,https://policy.nec.go.kr/plc/common/downloadFile.do?requestedFileName=20260603_%EC%9A%A9%EC%9D%B8%EC%8B%9C%EC%B0%A8%EC%84%A0%EA%B1%B0%EA%B5%AC_%EC%9D%B4%EC%A3%BC%EC%97%B0_%EC%84%A0%EA%B1%B0%EA%B3%B5%EB%B3%B4.pdf&requestedFullPath=20260603/PDF/PBINFO/4137/003_100156660_20260524_1.pdf,C:\Users\treyl\Documents\Obsidian\Second_Brain\output\nec_2026_local_election_opencrab\github_repo_nec_2026_local_election_opencrab\supplements\official_gap_recovery_2026\direct_nec_downloads\documents\620260603-4100-용인시차선거구-100156660-1-선거공보.pdf,downloaded,11754053,,C:\Users\treyl\Documents\Obsidian\Second_Brain\output\nec_2026_local_election_opencrab\github_repo_nec_2026_local_election_opencrab\supplements\official_gap_recovery_2026\direct_nec_downloads\markdown\620260603-4100-용인시차선거구-100156660-1-선거공보.md,ok,8,114,,pymupdf,suspiciously_short_text
620260603-4100-용인시차선거구-100163227-1-선거공보,경기도,구·시·군의회의원선거,용인시차선거구,신현녀,더불어민주당,선거공보,https://policy.nec.go.kr/plc/common/downloadFile.do?requestedFileName=20260603_%EC%9A%A9%EC%9D%B8%EC%8B%9C%EC%B0%A8%EC%84%A0%EA%B1%B0%EA%B5%AC_%EC%8B%A0%ED%98%84%EB%85%80_%EC%84%A0%EA%B1%B0%EA%B3%B5%EB%B3%B4.pdf&requestedFullPath=20260603/PDF/PBINFO/4137/003_100163227_20260525_1.pdf,C:\Users\treyl\Documents\Obsidian\Second_Brain\output\nec_2026_local_election_opencrab\github_repo_nec_2026_local_election_opencrab\supplements\official_gap_recovery_2026\direct_nec_downloads\documents\620260603-4100-용인시차선거구-100163227-1-선거공보.pdf,downloaded,4682112,,C:\Users\treyl\Documents\Obsidian\Second_Brain\output\nec_2026_local_election_opencrab\github_repo_nec_2026_local_election_opencrab\supplements\official_gap_recovery_2026\direct_nec_downloads\markdown\620260603-4100-용인시차선거구-100163227-1-선거공보.md,ok,8,114,,pymupdf,suspiciously_short_text
620260603-4100-용인시차선거구-100160858-1-선거공보,경기도,구·시·군의회의원선거,용인시차선거구,이제성,국민의힘,선거공보,https://policy.nec.go.kr/plc/common/downloadFile.do?requestedFileName=20260603_%EC%9A%A9%EC%9D%B8%EC%8B%9C%EC%B0%A8%EC%84%A0%EA%B1%B0%EA%B5%AC_%EC%9D%B4%EC%A0%9C%EC%84%B1_%EC%84%A0%EA%B1%B0%EA%B3%B5%EB%B3%B4.pdf&requestedFullPath=20260603/PDF/PBINFO/4137/003_100160858_20260525_1.pdf,C:\Users\treyl\Documents\Obsidian\Second_Brain\output\nec_2026_local_election_opencrab\github_repo_nec_2026_local_election_opencrab\supplements\official_gap_recovery_2026\direct_nec_downloads\documents\620260603-4100-용인시차선거구-100160858-1-선거공보.pdf,downloaded,5222634,,C:\Users\treyl\Documents\Obsidian\Second_Brain\output\nec_2026_local_election_opencrab\github_repo_nec_2026_local_election_opencrab\supplements\official_gap_recovery_2026\direct_nec_downloads\markdown\620260603-4100-용인시차선거구-100160858-1-선거공보.md,ok,8,114,,pymupdf,suspiciously_short_text
620260603-4100-용인시차선거구-100161335-1-선거공보,경기도,구·시·군의회의원선거,용인시차선거구,목영희,국민의힘,선거공보,https://policy.nec.go.kr/plc/common/downloadFile.do?requestedFileName=20260603_%EC%9A%A9%EC%9D%B8%EC%8B%9C%EC%B0%A8%EC%84%A0%EA%B1%B0%EA%B5%AC_%EB%AA%A9%EC%98%81%ED%9D%AC_%EC%84%A0%EA%B1%B0%EA%B3%B5%EB%B3%B4.pdf&requestedFullPath=20260603/PDF/PBINFO/4137/003_100161335_20260524_1.pdf,C:\Users\treyl\Documents\Obsidian\Second_Brain\output\nec_2026_local_election_opencrab\github_repo_nec_2026_local_election_opencrab\supplements\official_gap_recovery_2026\direct_nec_downloads\documents\620260603-4100-용인시차선거구-100161335-1-선거공보.pdf,downloaded,20300015,,C:\Users\treyl\Documents\Obsidian\Second_Brain\output\nec_2026_local_election_opencrab\github_repo_nec_2026_local_election_opencrab\supplements\official_gap_recovery_2026\direct_nec_downloads\markdown\620260603-4100-용인시차선거구-100161335-1-선거공보.md,ok,8,114,,pymupdf,suspiciously_short_text
620260603-4100-용인시차선거구-100154809-1-선거공보,경기도,구·시·군의회의원선거,용인시차선거구,이상만,자유와혁신,선거공보,https://policy.nec.go.kr/plc/common/downloadFile.do?requestedFileName=20260603_%EC%9A%A9%EC%9D%B8%EC%8B%9C%EC%B0%A8%EC%84%A0%EA%B1%B0%EA%B5%AC_%EC%9D%B4%EC%83%81%EB%A7%8C_%EC%84%A0%EA%B1%B0%EA%B3%B5%EB%B3%B4.pdf&requestedFullPath=20260603/PDF/PBINFO/4137/003_100154809_20260524_1.pdf,C:\Users\treyl\Documents\Obsidian\Second_Brain\output\nec_2026_local_election_opencrab\github_repo_nec_2026_local_election_opencrab\supplements\official_gap_recovery_2026\direct_nec_downloads\documents\620260603-4100-용인시차선거구-100154809-1-선거공보.pdf,downloaded,4382992,,C:\Users\treyl\Documents\Obsidian\Second_Brain\output\nec_2026_local_election_opencrab\github_repo_nec_2026_local_election_opencrab\supplements\official_gap_recovery_2026\direct_nec_downloads\markdown\620260603-4100-용인시차선거구-100154809-1-선거공보.md,ok,4,54,,pymupdf,suspiciously_short_text
620260603-4100-용인시카선거구-100165751-1-선거공보,경기도,구·시·군의회의원선거,용인시카선거구,이상욱,더불어민주당,선거공보,https://policy.nec.go.kr/plc/common/downloadFile.do?requestedFileName=20260603_%EC%9A%A9%EC%9D%B8%EC%8B%9C%EC%B9%B4%EC%84%A0%EA%B1%B0%EA%B5%AC_%EC%9D%B4%EC%83%81%EC%9A%B1_%EC%84%A0%EA%B1%B0%EA%B3%B5%EB%B3%B4.pdf&requestedFullPath=20260603/PDF/PBINFO/4137/003_100165751_20260524_1.pdf,C:\Users\treyl\Documents\Obsidian\Second_Brain\output\nec_2026_local_election_opencrab\github_repo_nec_2026_local_election_opencrab\supplements\official_gap_recovery_2026\direct_nec_downloads\documents\620260603-4100-용인시카선거구-100165751-1-선거공보.pdf,downloaded,5011681,,C:\Users\treyl\Documents\Obsidian\Second_Brain\output\nec_2026_local_election_opencrab\github_repo_nec_2026_local_election_opencrab\supplements\official_gap_recovery_2026\direct_nec_downloads\markdown\620260603-4100-용인시카선거구-100165751-1-선거공보.md,ok,5,2870,,pymupdf,ok
620260603-4100-용인시카선거구-100163631-1-선거공보,경기도,구·시·군의회의원선거,용인시카선거구,황재욱,더불어민주당,선거공보,https://policy.nec.go.kr/plc/common/downloadFile.do?requestedFileName=20260603_%EC%9A%A9%EC%9D%B8%EC%8B%9C%EC%B9%B4%EC%84%A0%EA%B1%B0%EA%B5%AC_%ED%99%A9%EC%9E%AC%EC%9A%B1_%EC%84%A0%EA%B1%B0%EA%B3%B5%EB%B3%B4.pdf&requestedFullPath=20260603/PDF/PBINFO/4137/003_100163631_20260524_1.pdf,C:\Users\treyl\Documents\Obsidian\Second_Brain\output\nec_2026_local_election_opencrab\github_repo_nec_2026_local_election_opencrab\supplements\official_gap_recovery_2026\direct_nec_downloads\documents\620260603-4100-용인시카선거구-100163631-1-선거공보.pdf,downloaded,8743536,,C:\Users\treyl\Documents\Obsidian\Second_Brain\output\nec_2026_local_election_opencrab\github_repo_nec_2026_local_election_opencrab\supplements\official_gap_recovery_2026\direct_nec_downloads\markdown\620260603-4100-용인시카선거구-100163631-1-선거공보.md,ok,8,3346,,pymupdf,ok
620260603-4100-용인시카선거구-100160610-1-선거공보,경기도,구·시·군의회의원선거,용인시카선거구,이정열,국민의힘,선거공보,https://policy.nec.go.kr/plc/common/downloadFile.do?requestedFileName=20260603_%EC%9A%A9%EC%9D%B8%EC%8B%9C%EC%B9%B4%EC%84%A0%EA%B1%B0%EA%B5%AC_%EC%9D%B4%EC%A0%95%EC%97%B4_%EC%84%A0%EA%B1%B0%EA%B3%B5%EB%B3%B4.pdf&requestedFullPath=20260603/PDF/PBINFO/4137/003_100160610_20260524_1.pdf,C:\Users\treyl\Documents\Obsidian\Second_Brain\output\nec_2026_local_election_opencrab\github_repo_nec_2026_local_election_opencrab\supplements\official_gap_recovery_2026\direct_nec_downloads\documents\620260603-4100-용인시카선거구-100160610-1-선거공보.pdf,downloaded,13927205,,C:\Users\treyl\Documents\Obsidian\Second_Brain\output\nec_2026_local_election_opencrab\github_repo_nec_2026_local_election_opencrab\supplements\official_gap_recovery_2026\direct_nec_downloads\markdown\620260603-4100-용인시카선거구-100160610-1-선거공보.md,ok,8,114,,pymupdf,suspiciously_short_text
620260603-4100-용인시카선거구-100160857-1-선거공보,경기도,구·시·군의회의원선거,용인시카선거구,박은선,국민의힘,선거공보,https://policy.nec.go.kr/plc/common/downloadFile.do?requestedFileName=20260603_%EC%9A%A9%EC%9D%B8%EC%8B%9C%EC%B9%B4%EC%84%A0%EA%B1%B0%EA%B5%AC_%EB%B0%95%EC%9D%80%EC%84%A0_%EC%84%A0%EA%B1%B0%EA%B3%B5%EB%B3%B4.pdf&requestedFullPath=20260603/PDF/PBINFO/4137/003_100160857_20260524_1.pdf,C:\Users\treyl\Documents\Obsidian\Second_Brain\output\nec_2026_local_election_opencrab\github_repo_nec_2026_local_election_opencrab\supplements\official_gap_recovery_2026\direct_nec_downloads\documents\620260603-4100-용인시카선거구-100160857-1-선거공보.pdf,downloaded,2072473,,C:\Users\treyl\Documents\Obsidian\Second_Brain\output\nec_2026_local_election_opencrab\github_repo_nec_2026_local_election_opencrab\supplements\official_gap_recovery_2026\direct_nec_downloads\markdown\620260603-4100-용인시카선거구-100160857-1-선거공보.md,ok,4,3229,,pymupdf,ok
620260603-4100-용인시카선거구-100163694-1-선거공보,경기도,구·시·군의회의원선거,용인시카선거구,우태주,개혁신당,선거공보,https://policy.nec.go.kr/plc/common/downloadFile.do?requestedFileName=20260603_%EC%9A%A9%EC%9D%B8%EC%8B%9C%EC%B9%B4%EC%84%A0%EA%B1%B0%EA%B5%AC_%EC%9A%B0%ED%83%9C%EC%A3%BC_%EC%84%A0%EA%B1%B0%EA%B3%B5%EB%B3%B4.pdf&requestedFullPath=20260603/PDF/PBINFO/4137/003_100163694_20260524_1.pdf,C:\Users\treyl\Documents\Obsidian\Second_Brain\output\nec_2026_local_election_opencrab\github_repo_nec_2026_local_election_opencrab\supplements\official_gap_recovery_2026\direct_nec_downloads\documents\620260603-4100-용인시카선거구-100163694-1-선거공보.pdf,downloaded,13132860,,C:\Users\treyl\Documents\Obsidian\Second_Brain\output\nec_2026_local_election_opencrab\github_repo_nec_2026_local_election_opencrab\supplements\official_gap_recovery_2026\direct_nec_downloads\markdown\620260603-4100-용인시카선거구-100163694-1-선거공보.md,ok,8,114,,pymupdf,suspiciously_short_text
620260603-4100-고양시사선거구-100163229-1-선거공보,경기도,구·시·군의회의원선거,고양시사선거구,고덕희,국민의힘,선거공보,https://policy.nec.go.kr/plc/common/downloadFile.do?requestedFileName=20260603_%EA%B3%A0%EC%96%91%EC%8B%9C%EC%82%AC%EC%84%A0%EA%B1%B0%EA%B5%AC_%EA%B3%A0%EB%8D%95%ED%9D%AC_%EC%84%A0%EA%B1%B0%EA%B3%B5%EB%B3%B4.pdf&requestedFullPath=20260603/PDF/PBINFO/4121/003_100163229_20260525_1.pdf,C:\Users\treyl\Documents\Obsidian\Second_Brain\output\nec_2026_local_election_opencrab\github_repo_nec_2026_local_election_opencrab\supplements\official_gap_recovery_2026\direct_nec_downloads\documents\620260603-4100-고양시사선거구-100163229-1-선거공보.pdf,downloaded,2460924,,C:\Users\treyl\Documents\Obsidian\Second_Brain\output\nec_2026_local_election_opencrab\github_repo_nec_2026_local_election_opencrab\supplements\official_gap_recovery_2026\direct_nec_downloads\markdown\620260603-4100-고양시사선거구-100163229-1-선거공보.md,ok,8,717,,pymupdf,ok
620260603-4100-고양시아선거구-100156004-1-선거공보,경기도,구·시·군의회의원선거,고양시아선거구,이종미,더불어민주당,선거공보,https://policy.nec.go.kr/plc/common/downloadFile.do?requestedFileName=20260603_%EA%B3%A0%EC%96%91%EC%8B%9C%EC%95%84%EC%84%A0%EA%B1%B0%EA%B5%AC_%EC%9D%B4%EC%A2%85%EB%AF%B8_%EC%84%A0%EA%B1%B0%EA%B3%B5%EB%B3%B4.pdf&requestedFullPath=20260603/PDF/PBINFO/4121/003_100156004_20260525_1.pdf,C:\Users\treyl\Documents\Obsidian\Second_Brain\output\nec_2026_local_election_opencrab\github_repo_nec_2026_local_election_opencrab\supplements\official_gap_recovery_2026\direct_nec_downloads\documents\620260603-4100-고양시아선거구-100156004-1-선거공보.pdf,downloaded,6033591,,C:\Users\treyl\Documents\Obsidian\Second_Brain\output\nec_2026_local_election_opencrab\github_repo_nec_2026_local_election_opencrab\supplements\official_gap_recovery_2026\direct_nec_downloads\markdown\620260603-4100-고양시아선거구-100156004-1-선거공보.md,ok,8,3012,,pymupdf,ok
620260603-4100-고양시아선거구-100163488-1-선거공보,경기도,구·시·군의회의원선거,고양시아선거구,김보래,국민의힘,선거공보,https://policy.nec.go.kr/plc/common/downloadFile.do?requestedFileName=20260603_%EA%B3%A0%EC%96%91%EC%8B%9C%EC%95%84%EC%84%A0%EA%B1%B0%EA%B5%AC_%EA%B9%80%EB%B3%B4%EB%9E%98_%EC%84%A0%EA%B1%B0%EA%B3%B5%EB%B3%B4.pdf&requestedFullPath=20260603/PDF/PBINFO/4121/003_100163488_20260525_1.pdf,C:\Users\treyl\Documents\Obsidian\Second_Brain\output\nec_2026_local_election_opencrab\github_repo_nec_2026_local_election_opencrab\supplements\official_gap_recovery_2026\direct_nec_downloads\documents\620260603-4100-고양시아선거구-100163488-1-선거공보.pdf,downloaded,2432283,,C:\Users\treyl\Documents\Obsidian\Second_Brain\output\nec_2026_local_election_opencrab\github_repo_nec_2026_local_election_opencrab\supplements\official_gap_recovery_2026\direct_nec_downloads\markdown\620260603-4100-고양시아선거구-100163488-1-선거공보.md,ok,8,114,,pymupdf,suspiciously_short_text
620260603-4100-고양시아선거구-100163205-1-선거공보,경기도,구·시·군의회의원선거,고양시아선거구,손동숙,국민의힘,선거공보,https://policy.nec.go.kr/plc/common/downloadFile.do?requestedFileName=20260603_%EA%B3%A0%EC%96%91%EC%8B%9C%EC%95%84%EC%84%A0%EA%B1%B0%EA%B5%AC_%EC%86%90%EB%8F%99%EC%88%99_%EC%84%A0%EA%B1%B0%EA%B3%B5%EB%B3%B4.pdf&requestedFullPath=20260603/PDF/PBINFO/4121/003_100163205_20260525_1.pdf,C:\Users\treyl\Documents\Obsidian\Second_Brain\output\nec_2026_local_election_opencrab\github_repo_nec_2026_local_election_opencrab\supplements\official_gap_recovery_2026\direct_nec_downloads\documents\620260603-4100-고양시아선거구-100163205-1-선거공보.pdf,downloaded,20342881,,C:\Users\treyl\Documents\Obsidian\Second_Brain\output\nec_2026_local_election_opencrab\github_repo_nec_2026_local_election_opencrab\supplements\official_gap_recovery_2026\direct_nec_downloads\markdown\620260603-4100-고양시아선거구-100163205-1-선거공보.md,ok,8,114,,pymupdf,suspiciously_short_text
620260603-4100-고양시아선거구-100163183-1-선거공보,경기도,구·시·군의회의원선거,고양시아선거구,김승갑,조국혁신당,선거공보,https://policy.nec.go.kr/plc/common/downloadFile.do?requestedFileName=20260603_%EA%B3%A0%EC%96%91%EC%8B%9C%EC%95%84%EC%84%A0%EA%B1%B0%EA%B5%AC_%EA%B9%80%EC%8A%B9%EA%B0%91_%EC%84%A0%EA%B1%B0%EA%B3%B5%EB%B3%B4.pdf&requestedFullPath=20260603/PDF/PBINFO/4121/003_100163183_20260525_1.pdf,C:\Users\treyl\Documents\Obsidian\Second_Brain\output\nec_2026_local_election_opencrab\github_repo_nec_2026_local_election_opencrab\supplements\official_gap_recovery_2026\direct_nec_downloads\documents\620260603-4100-고양시아선거구-100163183-1-선거공보.pdf,downloaded,12069904,,C:\Users\treyl\Documents\Obsidian\Second_Brain\output\nec_2026_local_election_opencrab\github_repo_nec_2026_local_election_opencrab\supplements\official_gap_recovery_2026\direct_nec_downloads\markdown\620260603-4100-고양시아선거구-100163183-1-선거공보.md,ok,4,1780,,pymupdf,ok
620260603-4100-고양시아선거구-100162328-1-선거공보,경기도,구·시·군의회의원선거,고양시아선거구,정민재,개혁신당,선거공보,https://policy.nec.go.kr/plc/common/downloadFile.do?requestedFileName=20260603_%EA%B3%A0%EC%96%91%EC%8B%9C%EC%95%84%EC%84%A0%EA%B1%B0%EA%B5%AC_%EC%A0%95%EB%AF%BC%EC%9E%AC_%EC%84%A0%EA%B1%B0%EA%B3%B5%EB%B3%B4.pdf&requestedFullPath=20260603/PDF/PBINFO/4121/003_100162328_20260525_1.pdf,C:\Users\treyl\Documents\Obsidian\Second_Brain\output\nec_2026_local_election_opencrab\github_repo_nec_2026_local_election_opencrab\supplements\official_gap_recovery_2026\direct_nec_downloads\documents\620260603-4100-고양시아선거구-100162328-1-선거공보.pdf,downloaded,1478645,,C:\Users\treyl\Documents\Obsidian\Second_Brain\output\nec_2026_local_election_opencrab\github_repo_nec_2026_local_election_opencrab\supplements\official_gap_recovery_2026\direct_nec_downloads\markdown\620260603-4100-고양시아선거구-100162328-1-선거공보.md,ok,4,54,,pymupdf,suspiciously_short_text
620260603-4100-평택시가선거구-100160878-1-선거공보,경기도,구·시·군의회의원선거,평택시가선거구,이종원,더불어민주당,선거공보,https://policy.nec.go.kr/plc/common/downloadFile.do?requestedFileName=20260603_%ED%8F%89%ED%83%9D%EC%8B%9C%EA%B0%80%EC%84%A0%EA%B1%B0%EA%B5%AC_%EC%9D%B4%EC%A2%85%EC%9B%90_%EC%84%A0%EA%B1%B0%EA%B3%B5%EB%B3%B4.pdf&requestedFullPath=20260603/PDF/PBINFO/4115/003_100160878_20260525_1.pdf,C:\Users\treyl\Documents\Obsidian\Second_Brain\output\nec_2026_local_election_opencrab\github_repo_nec_2026_local_election_opencrab\supplements\official_gap_recovery_2026\direct_nec_downloads\documents\620260603-4100-평택시가선거구-100160878-1-선거공보.pdf,downloaded,7599530,,C:\Users\treyl\Documents\Obsidian\Second_Brain\output\nec_2026_local_election_opencrab\github_repo_nec_2026_local_election_opencrab\supplements\official_gap_recovery_2026\direct_nec_downloads\markdown\620260603-4100-평택시가선거구-100160878-1-선거공보.md,ok,8,3205,,pymupdf,ok
620260603-4100-평택시가선거구-100161423-1-선거공보,경기도,구·시·군의회의원선거,평택시가선거구,이관우,국민의힘,선거공보,https://policy.nec.go.kr/plc/common/downloadFile.do?requestedFileName=20260603_%ED%8F%89%ED%83%9D%EC%8B%9C%EA%B0%80%EC%84%A0%EA%B1%B0%EA%B5%AC_%EC%9D%B4%EA%B4%80%EC%9A%B0_%EC%84%A0%EA%B1%B0%EA%B3%B5%EB%B3%B4.pdf&requestedFullPath=20260603/PDF/PBINFO/4115/003_100161423_20260525_1.pdf,C:\Users\treyl\Documents\Obsidian\Second_Brain\output\nec_2026_local_election_opencrab\github_repo_nec_2026_local_election_opencrab\supplements\official_gap_recovery_2026\direct_nec_downloads\documents\620260603-4100-평택시가선거구-100161423-1-선거공보.pdf,downloaded,12872373,,C:\Users\treyl\Documents\Obsidian\Second_Brain\output\nec_2026_local_election_opencrab\github_repo_nec_2026_local_election_opencrab\supplements\official_gap_recovery_2026\direct_nec_downloads\markdown\620260603-4100-평택시가선거구-100161423-1-선거공보.md,ok,8,3557,,pymupdf,ok
620260603-4100-평택시나선거구-100155878-1-선거공보,경기도,구·시·군의회의원선거,평택시나선거구,최두성,국민의힘,선거공보,https://policy.nec.go.kr/plc/common/downloadFile.do?requestedFileName=20260603_%ED%8F%89%ED%83%9D%EC%8B%9C%EB%82%98%EC%84%A0%EA%B1%B0%EA%B5%AC_%EC%B5%9C%EB%91%90%EC%84%B1_%EC%84%A0%EA%B1%B0%EA%B3%B5%EB%B3%B4.pdf&requestedFullPath=20260603/PDF/PBINFO/4115/003_100155878_20260525_1.pdf,C:\Users\treyl\Documents\Obsidian\Second_Brain\output\nec_2026_local_election_opencrab\github_repo_nec_2026_local_election_opencrab\supplements\official_gap_recovery_2026\direct_nec_downloads\documents\620260603-4100-평택시나선거구-100155878-1-선거공보.pdf,downloaded,5354246,,C:\Users\treyl\Documents\Obsidian\Second_Brain\output\nec_2026_local_election_opencrab\github_repo_nec_2026_local_election_opencrab\supplements\official_gap_recovery_2026\direct_nec_downloads\markdown\620260603-4100-평택시나선거구-100155878-1-선거공보.md,ok,8,3136,,pymupdf,ok
620260603-4100-평택시라선거구-100164973-1-선거공보,경기도,구·시·군의회의원선거,평택시라선거구,김혜영,국민의힘,선거공보,https://policy.nec.go.kr/plc/common/downloadFile.do?requestedFileName=20260603_%ED%8F%89%ED%83%9D%EC%8B%9C%EB%9D%BC%EC%84%A0%EA%B1%B0%EA%B5%AC_%EA%B9%80%ED%98%9C%EC%98%81_%EC%84%A0%EA%B1%B0%EA%B3%B5%EB%B3%B4.pdf&requestedFullPath=20260603/PDF/PBINFO/4115/003_100164973_20260525_1.pdf,C:\Users\treyl\Documents\Obsidian\Second_Brain\output\nec_2026_local_election_opencrab\github_repo_nec_2026_local_election_opencrab\supplements\official_gap_recovery_2026\direct_nec_downloads\documents\620260603-4100-평택시라선거구-100164973-1-선거공보.pdf,downloaded,8159023,,C:\Users\treyl\Documents\Obsidian\Second_Brain\output\nec_2026_local_election_opencrab\github_repo_nec_2026_local_election_opencrab\supplements\official_gap_recovery_2026\direct_nec_downloads\markdown\620260603-4100-평택시라선거구-100164973-1-선거공보.md,ok,8,3518,,pymupdf,ok
620260603-4100-평택시라선거구-100163661-1-선거공보,경기도,구·시·군의회의원선거,평택시라선거구,이재범,개혁신당,선거공보,https://policy.nec.go.kr/plc/common/downloadFile.do?requestedFileName=20260603_%ED%8F%89%ED%83%9D%EC%8B%9C%EB%9D%BC%EC%84%A0%EA%B1%B0%EA%B5%AC_%EC%9D%B4%EC%9E%AC%EB%B2%94_%EC%84%A0%EA%B1%B0%EA%B3%B5%EB%B3%B4.pdf&requestedFullPath=20260603/PDF/PBINFO/4115/003_100163661_20260525_1.pdf,C:\Users\treyl\Documents\Obsidian\Second_Brain\output\nec_2026_local_election_opencrab\github_repo_nec_2026_local_election_opencrab\supplements\official_gap_recovery_2026\direct_nec_downloads\documents\620260603-4100-평택시라선거구-100163661-1-선거공보.pdf,downloaded,11804944,,C:\Users\treyl\Documents\Obsidian\Second_Brain\output\nec_2026_local_election_opencrab\github_repo_nec_2026_local_election_opencrab\supplements\official_gap_recovery_2026\direct_nec_downloads\markdown\620260603-4100-평택시라선거구-100163661-1-선거공보.md,ok,4,54,,pymupdf,suspiciously_short_text
620260603-4100-평택시라선거구-100155618-1-선거공보,경기도,구·시·군의회의원선거,평택시라선거구,이해금,무소속,선거공보,https://policy.nec.go.kr/plc/common/downloadFile.do?requestedFileName=20260603_%ED%8F%89%ED%83%9D%EC%8B%9C%EB%9D%BC%EC%84%A0%EA%B1%B0%EA%B5%AC_%EC%9D%B4%ED%95%B4%EA%B8%88_%EC%84%A0%EA%B1%B0%EA%B3%B5%EB%B3%B4.pdf&requestedFullPath=20260603/PDF/PBINFO/4115/003_100155618_20260525_1.pdf,C:\Users\treyl\Documents\Obsidian\Second_Brain\output\nec_2026_local_election_opencrab\github_repo_nec_2026_local_election_opencrab\supplements\official_gap_recovery_2026\direct_nec_downloads\documents\620260603-4100-평택시라선거구-100155618-1-선거공보.pdf,downloaded,11347821,,C:\Users\treyl\Documents\Obsidian\Second_Brain\output\nec_2026_local_election_opencrab\github_repo_nec_2026_local_election_opencrab\supplements\official_gap_recovery_2026\direct_nec_downloads\markdown\620260603-4100-평택시라선거구-100155618-1-선거공보.md,ok,1,9,,pymupdf,suspiciously_short_text
620260603-4100-안양시가선거구-100161435-1-선거공보,경기도,구·시·군의회의원선거,안양시가선거구,장명희,더불어민주당,선거공보,https://policy.nec.go.kr/plc/common/downloadFile.do?requestedFileName=20260603_%EC%95%88%EC%96%91%EC%8B%9C%EA%B0%80%EC%84%A0%EA%B1%B0%EA%B5%AC_%EC%9E%A5%EB%AA%85%ED%9D%AC_%EC%84%A0%EA%B1%B0%EA%B3%B5%EB%B3%B4.pdf&requestedFullPath=20260603/PDF/PBINFO/4109/003_100161435_20260523_1.pdf,C:\Users\treyl\Documents\Obsidian\Second_Brain\output\nec_2026_local_election_opencrab\github_repo_nec_2026_local_election_opencrab\supplements\official_gap_recovery_2026\direct_nec_downloads\documents\620260603-4100-안양시가선거구-100161435-1-선거공보.pdf,downloaded,12311900,,C:\Users\treyl\Documents\Obsidian\Second_Brain\output\nec_2026_local_election_opencrab\github_repo_nec_2026_local_election_opencrab\supplements\official_gap_recovery_2026\direct_nec_downloads\markdown\620260603-4100-안양시가선거구-100161435-1-선거공보.md,ok,8,4386,,pymupdf,ok
620260603-4100-안양시가선거구-100155552-1-선거공보,경기도,구·시·군의회의원선거,안양시가선거구,이호건,더불어민주당,선거공보,https://policy.nec.go.kr/plc/common/downloadFile.do?requestedFileName=20260603_%EC%95%88%EC%96%91%EC%8B%9C%EA%B0%80%EC%84%A0%EA%B1%B0%EA%B5%AC_%EC%9D%B4%ED%98%B8%EA%B1%B4_%EC%84%A0%EA%B1%B0%EA%B3%B5%EB%B3%B4.pdf&requestedFullPath=20260603/PDF/PBINFO/4109/003_100155552_20260523_1.pdf,C:\Users\treyl\Documents\Obsidian\Second_Brain\output\nec_2026_local_election_opencrab\github_repo_nec_2026_local_election_opencrab\supplements\official_gap_recovery_2026\direct_nec_downloads\documents\620260603-4100-안양시가선거구-100155552-1-선거공보.pdf,downloaded,1823096,,C:\Users\treyl\Documents\Obsidian\Second_Brain\output\nec_2026_local_election_opencrab\github_repo_nec_2026_local_election_opencrab\supplements\official_gap_recovery_2026\direct_nec_downloads\markdown\620260603-4100-안양시가선거구-100155552-1-선거공보.md,ok,8,3711,,pymupdf,ok
620260603-4100-안양시가선거구-100162164-1-선거공보,경기도,구·시·군의회의원선거,안양시가선거구,김정중,국민의힘,선거공보,https://policy.nec.go.kr/plc/common/downloadFile.do?requestedFileName=20260603_%EC%95%88%EC%96%91%EC%8B%9C%EA%B0%80%EC%84%A0%EA%B1%B0%EA%B5%AC_%EA%B9%80%EC%A0%95%EC%A4%91_%EC%84%A0%EA%B1%B0%EA%B3%B5%EB%B3%B4.pdf&requestedFullPath=20260603/PDF/PBINFO/4109/003_100162164_20260523_1.pdf,C:\Users\treyl\Documents\Obsidian\Second_Brain\output\nec_2026_local_election_opencrab\github_repo_nec_2026_local_election_opencrab\supplements\official_gap_recovery_2026\direct_nec_downloads\documents\620260603-4100-안양시가선거구-100162164-1-선거공보.pdf,downloaded,5763773,,C:\Users\treyl\Documents\Obsidian\Second_Brain\output\nec_2026_local_election_opencrab\github_repo_nec_2026_local_election_opencrab\supplements\official_gap_recovery_2026\direct_nec_downloads\markdown\620260603-4100-안양시가선거구-100162164-1-선거공보.md,ok,8,4328,,pymupdf,ok
620260603-4100-안양시다선거구-100162528-1-선거공보,경기도,구·시·군의회의원선거,안양시다선거구,곽동윤,더불어민주당,선거공보,https://policy.nec.go.kr/plc/common/downloadFile.do?requestedFileName=20260603_%EC%95%88%EC%96%91%EC%8B%9C%EB%8B%A4%EC%84%A0%EA%B1%B0%EA%B5%AC_%EA%B3%BD%EB%8F%99%EC%9C%A4_%EC%84%A0%EA%B1%B0%EA%B3%B5%EB%B3%B4.pdf&requestedFullPath=20260603/PDF/PBINFO/4109/003_100162528_20260523_1.pdf,C:\Users\treyl\Documents\Obsidian\Second_Brain\output\nec_2026_local_election_opencrab\github_repo_nec_2026_local_election_opencrab\supplements\official_gap_recovery_2026\direct_nec_downloads\documents\620260603-4100-안양시다선거구-100162528-1-선거공보.pdf,downloaded,5058443,,C:\Users\treyl\Documents\Obsidian\Second_Brain\output\nec_2026_local_election_opencrab\github_repo_nec_2026_local_election_opencrab\supplements\official_gap_recovery_2026\direct_nec_downloads\markdown\620260603-4100-안양시다선거구-100162528-1-선거공보.md,ok,8,4420,,pymupdf,ok
620260603-4100-안양시다선거구-100155929-1-선거공보,경기도,구·시·군의회의원선거,안양시다선거구,허희준,더불어민주당,선거공보,https://policy.nec.go.kr/plc/common/downloadFile.do?requestedFileName=20260603_%EC%95%88%EC%96%91%EC%8B%9C%EB%8B%A4%EC%84%A0%EA%B1%B0%EA%B5%AC_%ED%97%88%ED%9D%AC%EC%A4%80_%EC%84%A0%EA%B1%B0%EA%B3%B5%EB%B3%B4.pdf&requestedFullPath=20260603/PDF/PBINFO/4109/003_100155929_20260523_1.pdf,C:\Users\treyl\Documents\Obsidian\Second_Brain\output\nec_2026_local_election_opencrab\github_repo_nec_2026_local_election_opencrab\supplements\official_gap_recovery_2026\direct_nec_downloads\documents\620260603-4100-안양시다선거구-100155929-1-선거공보.pdf,downloaded,519036,,C:\Users\treyl\Documents\Obsidian\Second_Brain\output\nec_2026_local_election_opencrab\github_repo_nec_2026_local_election_opencrab\supplements\official_gap_recovery_2026\direct_nec_downloads\markdown\620260603-4100-안양시다선거구-100155929-1-선거공보.md,ok,4,2258,,pymupdf,ok
620260603-4100-안양시다선거구-100155134-1-선거공보,경기도,구·시·군의회의원선거,안양시다선거구,윤순섭,국민의힘,선거공보,https://policy.nec.go.kr/plc/common/downloadFile.do?requestedFileName=20260603_%EC%95%88%EC%96%91%EC%8B%9C%EB%8B%A4%EC%84%A0%EA%B1%B0%EA%B5%AC_%EC%9C%A4%EC%88%9C%EC%84%AD_%EC%84%A0%EA%B1%B0%EA%B3%B5%EB%B3%B4.pdf&requestedFullPath=20260603/PDF/PBINFO/4109/003_100155134_20260523_1.pdf,C:\Users\treyl\Documents\Obsidian\Second_Brain\output\nec_2026_local_election_opencrab\github_repo_nec_2026_local_election_opencrab\supplements\official_gap_recovery_2026\direct_nec_downloads\documents\620260603-4100-안양시다선거구-100155134-1-선거공보.pdf,downloaded,3152813,,C:\Users\treyl\Documents\Obsidian\Second_Brain\output\nec_2026_local_election_opencrab\github_repo_nec_2026_local_election_opencrab\supplements\official_gap_recovery_2026\direct_nec_downloads\markdown\620260603-4100-안양시다선거구-100155134-1-선거공보.md,ok,8,1419,,pymupdf,ok
620260603-4100-안양시다선거구-100165311-1-선거공보,경기도,구·시·군의회의원선거,안양시다선거구,이광수,무소속,선거공보,https://policy.nec.go.kr/plc/common/downloadFile.do?requestedFileName=20260603_%EC%95%88%EC%96%91%EC%8B%9C%EB%8B%A4%EC%84%A0%EA%B1%B0%EA%B5%AC_%EC%9D%B4%EA%B4%91%EC%88%98_%EC%84%A0%EA%B1%B0%EA%B3%B5%EB%B3%B4.pdf&requestedFullPath=20260603/PDF/PBINFO/4109/003_100165311_20260525_2.pdf,C:\Users\treyl\Documents\Obsidian\Second_Brain\output\nec_2026_local_election_opencrab\github_repo_nec_2026_local_election_opencrab\supplements\official_gap_recovery_2026\direct_nec_downloads\documents\620260603-4100-안양시다선거구-100165311-1-선거공보.pdf,downloaded,16564701,,C:\Users\treyl\Documents\Obsidian\Second_Brain\output\nec_2026_local_election_opencrab\github_repo_nec_2026_local_election_opencrab\supplements\official_gap_recovery_2026\direct_nec_downloads\markdown\620260603-4100-안양시다선거구-100165311-1-선거공보.md,ok,8,4330,,pymupdf,ok
620260603-4100-안양시라선거구-100162429-1-선거공보,경기도,구·시·군의회의원선거,안양시라선거구,윤경숙,더불어민주당,선거공보,https://policy.nec.go.kr/plc/common/downloadFile.do?requestedFileName=20260603_%EC%95%88%EC%96%91%EC%8B%9C%EB%9D%BC%EC%84%A0%EA%B1%B0%EA%B5%AC_%EC%9C%A4%EA%B2%BD%EC%88%99_%EC%84%A0%EA%B1%B0%EA%B3%B5%EB%B3%B4.pdf&requestedFullPath=20260603/PDF/PBINFO/4109/003_100162429_20260523_1.pdf,C:\Users\treyl\Documents\Obsidian\Second_Brain\output\nec_2026_local_election_opencrab\github_repo_nec_2026_local_election_opencrab\supplements\official_gap_recovery_2026\direct_nec_downloads\documents\620260603-4100-안양시라선거구-100162429-1-선거공보.pdf,downloaded,2562808,,C:\Users\treyl\Documents\Obsidian\Second_Brain\output\nec_2026_local_election_opencrab\github_repo_nec_2026_local_election_opencrab\supplements\official_gap_recovery_2026\direct_nec_downloads\markdown\620260603-4100-안양시라선거구-100162429-1-선거공보.md,ok,8,983,,pymupdf,ok
620260603-4100-안양시라선거구-100154495-1-선거공보,경기도,구·시·군의회의원선거,안양시라선거구,이중민,더불어민주당,선거공보,https://policy.nec.go.kr/plc/common/downloadFile.do?requestedFileName=20260603_%EC%95%88%EC%96%91%EC%8B%9C%EB%9D%BC%EC%84%A0%EA%B1%B0%EA%B5%AC_%EC%9D%B4%EC%A4%91%EB%AF%BC_%EC%84%A0%EA%B1%B0%EA%B3%B5%EB%B3%B4.pdf&requestedFullPath=20260603/PDF/PBINFO/4109/003_100154495_20260523_1.pdf,C:\Users\treyl\Documents\Obsidian\Second_Brain\output\nec_2026_local_election_opencrab\github_repo_nec_2026_local_election_opencrab\supplements\official_gap_recovery_2026\direct_nec_downloads\documents\620260603-4100-안양시라선거구-100154495-1-선거공보.pdf,downloaded,1120721,,C:\Users\treyl\Documents\Obsidian\Second_Brain\output\nec_2026_local_election_opencrab\github_repo_nec_2026_local_election_opencrab\supplements\official_gap_recovery_2026\direct_nec_downloads\markdown\620260603-4100-안양시라선거구-100154495-1-선거공보.md,ok,8,3177,,pymupdf,ok
620260603-4100-안양시라선거구-100156936-1-선거공보,경기도,구·시·군의회의원선거,안양시라선거구,조은석,국민의힘,선거공보,https://policy.nec.go.kr/plc/common/downloadFile.do?requestedFileName=20260603_%EC%95%88%EC%96%91%EC%8B%9C%EB%9D%BC%EC%84%A0%EA%B1%B0%EA%B5%AC_%EC%A1%B0%EC%9D%80%EC%84%9D_%EC%84%A0%EA%B1%B0%EA%B3%B5%EB%B3%B4.pdf&requestedFullPath=20260603/PDF/PBINFO/4109/003_100156936_20260523_1.pdf,C:\Users\treyl\Documents\Obsidian\Second_Brain\output\nec_2026_local_election_opencrab\github_repo_nec_2026_local_election_opencrab\supplements\official_gap_recovery_2026\direct_nec_downloads\documents\620260603-4100-안양시라선거구-100156936-1-선거공보.pdf,downloaded,10893499,,C:\Users\treyl\Documents\Obsidian\Second_Brain\output\nec_2026_local_election_opencrab\github_repo_nec_2026_local_election_opencrab\supplements\official_gap_recovery_2026\direct_nec_downloads\markdown\620260603-4100-안양시라선거구-100156936-1-선거공보.md,ok,8,3481,,pymupdf,ok
620260603-4100-의왕시가선거구-100154713-1-선거공보,경기도,구·시·군의회의원선거,의왕시가선거구,김동국,더불어민주당,선거공보,https://policy.nec.go.kr/plc/common/downloadFile.do?requestedFileName=20260603_%EC%9D%98%EC%99%95%EC%8B%9C%EA%B0%80%EC%84%A0%EA%B1%B0%EA%B5%AC_%EA%B9%80%EB%8F%99%EA%B5%AD_%EC%84%A0%EA%B1%B0%EA%B3%B5%EB%B3%B4.pdf&requestedFullPath=20260603/PDF/PBINFO/4124/003_100154713_20260521_1.pdf,C:\Users\treyl\Documents\Obsidian\Second_Brain\output\nec_2026_local_election_opencrab\github_repo_nec_2026_local_election_opencrab\supplements\official_gap_recovery_2026\direct_nec_downloads\documents\620260603-4100-의왕시가선거구-100154713-1-선거공보.pdf,downloaded,2380634,,C:\Users\treyl\Documents\Obsidian\Second_Brain\output\nec_2026_local_election_opencrab\github_repo_nec_2026_local_election_opencrab\supplements\official_gap_recovery_2026\direct_nec_downloads\markdown\620260603-4100-의왕시가선거구-100154713-1-선거공보.md,ok,4,1613,,pymupdf,ok
620260603-4100-의왕시가선거구-100157734-1-선거공보,경기도,구·시·군의회의원선거,의왕시가선거구,서창수,더불어민주당,선거공보,https://policy.nec.go.kr/plc/common/downloadFile.do?requestedFileName=20260603_%EC%9D%98%EC%99%95%EC%8B%9C%EA%B0%80%EC%84%A0%EA%B1%B0%EA%B5%AC_%EC%84%9C%EC%B0%BD%EC%88%98_%EC%84%A0%EA%B1%B0%EA%B3%B5%EB%B3%B4.pdf&requestedFullPath=20260603/PDF/PBINFO/4124/003_100157734_20260521_1.pdf,C:\Users\treyl\Documents\Obsidian\Second_Brain\output\nec_2026_local_election_opencrab\github_repo_nec_2026_local_election_opencrab\supplements\official_gap_recovery_2026\direct_nec_downloads\documents\620260603-4100-의왕시가선거구-100157734-1-선거공보.pdf,downloaded,14222145,,C:\Users\treyl\Documents\Obsidian\Second_Brain\output\nec_2026_local_election_opencrab\github_repo_nec_2026_local_election_opencrab\supplements\official_gap_recovery_2026\direct_nec_downloads\markdown\620260603-4100-의왕시가선거구-100157734-1-선거공보.md,ok,8,1829,,pymupdf,ok
620260603-4100-의왕시가선거구-100162889-1-선거공보,경기도,구·시·군의회의원선거,의왕시가선거구,박혜숙,국민의힘,선거공보,https://policy.nec.go.kr/plc/common/downloadFile.do?requestedFileName=20260603_%EC%9D%98%EC%99%95%EC%8B%9C%EA%B0%80%EC%84%A0%EA%B1%B0%EA%B5%AC_%EB%B0%95%ED%98%9C%EC%88%99_%EC%84%A0%EA%B1%B0%EA%B3%B5%EB%B3%B4.pdf&requestedFullPath=20260603/PDF/PBINFO/4124/003_100162889_20260521_1.pdf,C:\Users\treyl\Documents\Obsidian\Second_Brain\output\nec_2026_local_election_opencrab\github_repo_nec_2026_local_election_opencrab\supplements\official_gap_recovery_2026\direct_nec_downloads\documents\620260603-4100-의왕시가선거구-100162889-1-선거공보.pdf,downloaded,5454327,,C:\Users\treyl\Documents\Obsidian\Second_Brain\output\nec_2026_local_election_opencrab\github_repo_nec_2026_local_election_opencrab\supplements\official_gap_recovery_2026\direct_nec_downloads\markdown\620260603-4100-의왕시가선거구-100162889-1-선거공보.md,ok,8,3237,,pymupdf,ok
620260603-4100-의왕시가선거구-100158260-1-선거공보,경기도,구·시·군의회의원선거,의왕시가선거구,김동구,국민의힘,선거공보,https://policy.nec.go.kr/plc/common/downloadFile.do?requestedFileName=20260603_%EC%9D%98%EC%99%95%EC%8B%9C%EA%B0%80%EC%84%A0%EA%B1%B0%EA%B5%AC_%EA%B9%80%EB%8F%99%EA%B5%AC_%EC%84%A0%EA%B1%B0%EA%B3%B5%EB%B3%B4.pdf&requestedFullPath=20260603/PDF/PBINFO/4124/003_100158260_20260522_1.pdf,C:\Users\treyl\Documents\Obsidian\Second_Brain\output\nec_2026_local_election_opencrab\github_repo_nec_2026_local_election_opencrab\supplements\official_gap_recovery_2026\direct_nec_downloads\documents\620260603-4100-의왕시가선거구-100158260-1-선거공보.pdf,downloaded,1454527,,C:\Users\treyl\Documents\Obsidian\Second_Brain\output\nec_2026_local_election_opencrab\github_repo_nec_2026_local_election_opencrab\supplements\official_gap_recovery_2026\direct_nec_downloads\markdown\620260603-4100-의왕시가선거구-100158260-1-선거공보.md,ok,8,2618,,pymupdf,ok
620260603-4100-의왕시가선거구-100160099-1-선거공보,경기도,구·시·군의회의원선거,의왕시가선거구,박현호,개혁신당,선거공보,https://policy.nec.go.kr/plc/common/downloadFile.do?requestedFileName=20260603_%EC%9D%98%EC%99%95%EC%8B%9C%EA%B0%80%EC%84%A0%EA%B1%B0%EA%B5%AC_%EB%B0%95%ED%98%84%ED%98%B8_%EC%84%A0%EA%B1%B0%EA%B3%B5%EB%B3%B4.pdf&requestedFullPath=20260603/PDF/PBINFO/4124/003_100160099_20260522_1.pdf,C:\Users\treyl\Documents\Obsidian\Second_Brain\output\nec_2026_local_election_opencrab\github_repo_nec_2026_local_election_opencrab\supplements\official_gap_recovery_2026\direct_nec_downloads\documents\620260603-4100-의왕시가선거구-100160099-1-선거공보.pdf,downloaded,9407102,,C:\Users\treyl\Documents\Obsidian\Second_Brain\output\nec_2026_local_election_opencrab\github_repo_nec_2026_local_election_opencrab\supplements\official_gap_recovery_2026\direct_nec_downloads\markdown\620260603-4100-의왕시가선거구-100160099-1-선거공보.md,ok,4,2296,,pymupdf,ok
620260603-4100-의왕시나선거구-100157840-1-선거공보,경기도,구·시·군의회의원선거,의왕시나선거구,김태흥,더불어민주당,선거공보,https://policy.nec.go.kr/plc/common/downloadFile.do?requestedFileName=20260603_%EC%9D%98%EC%99%95%EC%8B%9C%EB%82%98%EC%84%A0%EA%B1%B0%EA%B5%AC_%EA%B9%80%ED%83%9C%ED%9D%A5_%EC%84%A0%EA%B1%B0%EA%B3%B5%EB%B3%B4.pdf&requestedFullPath=20260603/PDF/PBINFO/4124/003_100157840_20260522_1.pdf,C:\Users\treyl\Documents\Obsidian\Second_Brain\output\nec_2026_local_election_opencrab\github_repo_nec_2026_local_election_opencrab\supplements\official_gap_recovery_2026\direct_nec_downloads\documents\620260603-4100-의왕시나선거구-100157840-1-선거공보.pdf,downloaded,1177959,,C:\Users\treyl\Documents\Obsidian\Second_Brain\output\nec_2026_local_election_opencrab\github_repo_nec_2026_local_election_opencrab\supplements\official_gap_recovery_2026\direct_nec_downloads\markdown\620260603-4100-의왕시나선거구-100157840-1-선거공보.md,ok,8,4091,,pymupdf,ok
620260603-4100-의왕시나선거구-100155729-1-선거공보,경기도,구·시·군의회의원선거,의왕시나선거구,이랑이,더불어민주당,선거공보,https://policy.nec.go.kr/plc/common/downloadFile.do?requestedFileName=20260603_%EC%9D%98%EC%99%95%EC%8B%9C%EB%82%98%EC%84%A0%EA%B1%B0%EA%B5%AC_%EC%9D%B4%EB%9E%91%EC%9D%B4_%EC%84%A0%EA%B1%B0%EA%B3%B5%EB%B3%B4.pdf&requestedFullPath=20260603/PDF/PBINFO/4124/003_100155729_20260522_1.pdf,C:\Users\treyl\Documents\Obsidian\Second_Brain\output\nec_2026_local_election_opencrab\github_repo_nec_2026_local_election_opencrab\supplements\official_gap_recovery_2026\direct_nec_downloads\documents\620260603-4100-의왕시나선거구-100155729-1-선거공보.pdf,downloaded,1426410,,C:\Users\treyl\Documents\Obsidian\Second_Brain\output\nec_2026_local_election_opencrab\github_repo_nec_2026_local_election_opencrab\supplements\official_gap_recovery_2026\direct_nec_downloads\markdown\620260603-4100-의왕시나선거구-100155729-1-선거공보.md,ok,8,2902,,pymupdf,ok
620260603-4100-의왕시나선거구-100155589-1-선거공보,경기도,구·시·군의회의원선거,의왕시나선거구,박재영,국민의힘,선거공보,https://policy.nec.go.kr/plc/common/downloadFile.do?requestedFileName=20260603_%EC%9D%98%EC%99%95%EC%8B%9C%EB%82%98%EC%84%A0%EA%B1%B0%EA%B5%AC_%EB%B0%95%EC%9E%AC%EC%98%81_%EC%84%A0%EA%B1%B0%EA%B3%B5%EB%B3%B4.pdf&requestedFullPath=20260603/PDF/PBINFO/4124/003_100155589_20260521_1.pdf,C:\Users\treyl\Documents\Obsidian\Second_Brain\output\nec_2026_local_election_opencrab\github_repo_nec_2026_local_election_opencrab\supplements\official_gap_recovery_2026\direct_nec_downloads\documents\620260603-4100-의왕시나선거구-100155589-1-선거공보.pdf,downloaded,1121285,,C:\Users\treyl\Documents\Obsidian\Second_Brain\output\nec_2026_local_election_opencrab\github_repo_nec_2026_local_election_opencrab\supplements\official_gap_recovery_2026\direct_nec_downloads\markdown\620260603-4100-의왕시나선거구-100155589-1-선거공보.md,ok,8,3317,,pymupdf,ok
620260603-4100-의왕시나선거구-100157812-1-선거공보,경기도,구·시·군의회의원선거,의왕시나선거구,노선희,국민의힘,선거공보,https://policy.nec.go.kr/plc/common/downloadFile.do?requestedFileName=20260603_%EC%9D%98%EC%99%95%EC%8B%9C%EB%82%98%EC%84%A0%EA%B1%B0%EA%B5%AC_%EB%85%B8%EC%84%A0%ED%9D%AC_%EC%84%A0%EA%B1%B0%EA%B3%B5%EB%B3%B4.pdf&requestedFullPath=20260603/PDF/PBINFO/4124/003_100157812_20260521_1.pdf,C:\Users\treyl\Documents\Obsidian\Second_Brain\output\nec_2026_local_election_opencrab\github_repo_nec_2026_local_election_opencrab\supplements\official_gap_recovery_2026\direct_nec_downloads\documents\620260603-4100-의왕시나선거구-100157812-1-선거공보.pdf,downloaded,5597088,,C:\Users\treyl\Documents\Obsidian\Second_Brain\output\nec_2026_local_election_opencrab\github_repo_nec_2026_local_election_opencrab\supplements\official_gap_recovery_2026\direct_nec_downloads\markdown\620260603-4100-의왕시나선거구-100157812-1-선거공보.md,ok,8,114,,pymupdf,suspiciously_short_text
620260603-4100-의왕시나선거구-100161965-1-선거공보,경기도,구·시·군의회의원선거,의왕시나선거구,양성혁,개혁신당,선거공보,https://policy.nec.go.kr/plc/common/downloadFile.do?requestedFileName=20260603_%EC%9D%98%EC%99%95%EC%8B%9C%EB%82%98%EC%84%A0%EA%B1%B0%EA%B5%AC_%EC%96%91%EC%84%B1%ED%98%81_%EC%84%A0%EA%B1%B0%EA%B3%B5%EB%B3%B4.pdf&requestedFullPath=20260603/PDF/PBINFO/4124/003_100161965_20260521_3.pdf,C:\Users\treyl\Documents\Obsidian\Second_Brain\output\nec_2026_local_election_opencrab\github_repo_nec_2026_local_election_opencrab\supplements\official_gap_recovery_2026\direct_nec_downloads\documents\620260603-4100-의왕시나선거구-100161965-1-선거공보.pdf,downloaded,840115,,C:\Users\treyl\Documents\Obsidian\Second_Brain\output\nec_2026_local_election_opencrab\github_repo_nec_2026_local_election_opencrab\supplements\official_gap_recovery_2026\direct_nec_downloads\markdown\620260603-4100-의왕시나선거구-100161965-1-선거공보.md,ok,4,1408,,pymupdf,ok
620260603-5200-춘천시마선거구-100154483-1-선거공보,강원특별자치도,구·시·군의회의원선거,춘천시마선거구,유소은,더불어민주당,선거공보,https://policy.nec.go.kr/plc/common/downloadFile.do?requestedFileName=20260603_%EC%B6%98%EC%B2%9C%EC%8B%9C%EB%A7%88%EC%84%A0%EA%B1%B0%EA%B5%AC_%EC%9C%A0%EC%86%8C%EC%9D%80_%EC%84%A0%EA%B1%B0%EA%B3%B5%EB%B3%B4.pdf&requestedFullPath=20260603/PDF/PBINFO/5201/003_100154483_20260525_1.pdf,C:\Users\treyl\Documents\Obsidian\Second_Brain\output\nec_2026_local_election_opencrab\github_repo_nec_2026_local_election_opencrab\supplements\official_gap_recovery_2026\direct_nec_downloads\documents\620260603-5200-춘천시마선거구-100154483-1-선거공보.pdf,downloaded,7875672,,C:\Users\treyl\Documents\Obsidian\Second_Brain\output\nec_2026_local_election_opencrab\github_repo_nec_2026_local_election_opencrab\supplements\official_gap_recovery_2026\direct_nec_downloads\markdown\620260603-5200-춘천시마선거구-100154483-1-선거공보.md,ok,8,114,,pymupdf,suspiciously_short_text
620260603-5200-홍천군가선거구-100160738-1-선거공보,강원특별자치도,구·시·군의회의원선거,홍천군가선거구,최이경,더불어민주당,선거공보,https://policy.nec.go.kr/plc/common/downloadFile.do?requestedFileName=20260603_%ED%99%8D%EC%B2%9C%EA%B5%B0%EA%B0%80%EC%84%A0%EA%B1%B0%EA%B5%AC_%EC%B5%9C%EC%9D%B4%EA%B2%BD_%EC%84%A0%EA%B1%B0%EA%B3%B5%EB%B3%B4.pdf&requestedFullPath=20260603/PDF/PBINFO/5212/003_100160738_20260523_1.pdf,C:\Users\treyl\Documents\Obsidian\Second_Brain\output\nec_2026_local_election_opencrab\github_repo_nec_2026_local_election_opencrab\supplements\official_gap_recovery_2026\direct_nec_downloads\documents\620260603-5200-홍천군가선거구-100160738-1-선거공보.pdf,downloaded,10662482,,C:\Users\treyl\Documents\Obsidian\Second_Brain\output\nec_2026_local_election_opencrab\github_repo_nec_2026_local_election_opencrab\supplements\official_gap_recovery_2026\direct_nec_downloads\markdown\620260603-5200-홍천군가선거구-100160738-1-선거공보.md,ok,8,2918,,pymupdf,ok
620260603-5200-홍천군가선거구-100159288-1-선거공보,강원특별자치도,구·시·군의회의원선거,홍천군가선거구,백용길,더불어민주당,선거공보,https://policy.nec.go.kr/plc/common/downloadFile.do?requestedFileName=20260603_%ED%99%8D%EC%B2%9C%EA%B5%B0%EA%B0%80%EC%84%A0%EA%B1%B0%EA%B5%AC_%EB%B0%B1%EC%9A%A9%EA%B8%B8_%EC%84%A0%EA%B1%B0%EA%B3%B5%EB%B3%B4.pdf&requestedFullPath=20260603/PDF/PBINFO/5212/003_100159288_20260523_1.pdf,C:\Users\treyl\Documents\Obsidian\Second_Brain\output\nec_2026_local_election_opencrab\github_repo_nec_2026_local_election_opencrab\supplements\official_gap_recovery_2026\direct_nec_downloads\documents\620260603-5200-홍천군가선거구-100159288-1-선거공보.pdf,downloaded,5072230,,C:\Users\treyl\Documents\Obsidian\Second_Brain\output\nec_2026_local_election_opencrab\github_repo_nec_2026_local_election_opencrab\supplements\official_gap_recovery_2026\direct_nec_downloads\markdown\620260603-5200-홍천군가선거구-100159288-1-선거공보.md,ok,8,2919,,pymupdf,ok
620260603-5200-홍천군가선거구-100160898-1-선거공보,강원특별자치도,구·시·군의회의원선거,홍천군가선거구,황경화,국민의힘,선거공보,https://policy.nec.go.kr/plc/common/downloadFile.do?requestedFileName=20260603_%ED%99%8D%EC%B2%9C%EA%B5%B0%EA%B0%80%EC%84%A0%EA%B1%B0%EA%B5%AC_%ED%99%A9%EA%B2%BD%ED%99%94_%EC%84%A0%EA%B1%B0%EA%B3%B5%EB%B3%B4.pdf&requestedFullPath=20260603/PDF/PBINFO/5212/003_100160898_20260523_1.pdf,C:\Users\treyl\Documents\Obsidian\Second_Brain\output\nec_2026_local_election_opencrab\github_repo_nec_2026_local_election_opencrab\supplements\official_gap_recovery_2026\direct_nec_downloads\documents\620260603-5200-홍천군가선거구-100160898-1-선거공보.pdf,downloaded,13497586,,C:\Users\treyl\Documents\Obsidian\Second_Brain\output\nec_2026_local_election_opencrab\github_repo_nec_2026_local_election_opencrab\supplements\official_gap_recovery_2026\direct_nec_downloads\markdown\620260603-5200-홍천군가선거구-100160898-1-선거공보.md,ok,8,4180,,pymupdf,ok
620260603-5200-홍천군가선거구-100159353-1-선거공보,강원특별자치도,구·시·군의회의원선거,홍천군가선거구,정관교,국민의힘,선거공보,https://policy.nec.go.kr/plc/common/downloadFile.do?requestedFileName=20260603_%ED%99%8D%EC%B2%9C%EA%B5%B0%EA%B0%80%EC%84%A0%EA%B1%B0%EA%B5%AC_%EC%A0%95%EA%B4%80%EA%B5%90_%EC%84%A0%EA%B1%B0%EA%B3%B5%EB%B3%B4.pdf&requestedFullPath=20260603/PDF/PBINFO/5212/003_100159353_20260523_1.pdf,C:\Users\treyl\Documents\Obsidian\Second_Brain\output\nec_2026_local_election_opencrab\github_repo_nec_2026_local_election_opencrab\supplements\official_gap_recovery_2026\direct_nec_downloads\documents\620260603-5200-홍천군가선거구-100159353-1-선거공보.pdf,downloaded,5391157,,C:\Users\treyl\Documents\Obsidian\Second_Brain\output\nec_2026_local_election_opencrab\github_repo_nec_2026_local_election_opencrab\supplements\official_gap_recovery_2026\direct_nec_downloads\markdown\620260603-5200-홍천군가선거구-100159353-1-선거공보.md,ok,8,2979,,pymupdf,ok
620260603-5200-홍천군나선거구-100161152-1-선거공보,강원특별자치도,구·시·군의회의원선거,홍천군나선거구,용준순,더불어민주당,선거공보,https://policy.nec.go.kr/plc/common/downloadFile.do?requestedFileName=20260603_%ED%99%8D%EC%B2%9C%EA%B5%B0%EB%82%98%EC%84%A0%EA%B1%B0%EA%B5%AC_%EC%9A%A9%EC%A4%80%EC%88%9C_%EC%84%A0%EA%B1%B0%EA%B3%B5%EB%B3%B4.pdf&requestedFullPath=20260603/PDF/PBINFO/5212/003_100161152_20260523_1.pdf,C:\Users\treyl\Documents\Obsidian\Second_Brain\output\nec_2026_local_election_opencrab\github_repo_nec_2026_local_election_opencrab\supplements\official_gap_recovery_2026\direct_nec_downloads\documents\620260603-5200-홍천군나선거구-100161152-1-선거공보.pdf,downloaded,12013121,,C:\Users\treyl\Documents\Obsidian\Second_Brain\output\nec_2026_local_election_opencrab\github_repo_nec_2026_local_election_opencrab\supplements\official_gap_recovery_2026\direct_nec_downloads\markdown\620260603-5200-홍천군나선거구-100161152-1-선거공보.md,ok,8,3842,,pymupdf,ok
620260603-5200-평창군나선거구-100161087-1-선거공보,강원특별자치도,구·시·군의회의원선거,평창군나선거구,심현정,국민의힘,선거공보,https://policy.nec.go.kr/plc/common/downloadFile.do?requestedFileName=20260603_%ED%8F%89%EC%B0%BD%EA%B5%B0%EB%82%98%EC%84%A0%EA%B1%B0%EA%B5%AC_%EC%8B%AC%ED%98%84%EC%A0%95_%EC%84%A0%EA%B1%B0%EA%B3%B5%EB%B3%B4.pdf&requestedFullPath=20260603/PDF/PBINFO/5215/003_100161087_20260521_1.pdf,C:\Users\treyl\Documents\Obsidian\Second_Brain\output\nec_2026_local_election_opencrab\github_repo_nec_2026_local_election_opencrab\supplements\official_gap_recovery_2026\direct_nec_downloads\documents\620260603-5200-평창군나선거구-100161087-1-선거공보.pdf,downloaded,3817018,,C:\Users\treyl\Documents\Obsidian\Second_Brain\output\nec_2026_local_election_opencrab\github_repo_nec_2026_local_election_opencrab\supplements\official_gap_recovery_2026\direct_nec_downloads\markdown\620260603-5200-평창군나선거구-100161087-1-선거공보.md,ok,8,114,,pymupdf,suspiciously_short_text
620260603-5200-양구군나선거구-100162530-1-선거공보,강원특별자치도,구·시·군의회의원선거,양구군나선거구,김선묵,더불어민주당,선거공보,https://policy.nec.go.kr/plc/common/downloadFile.do?requestedFileName=20260603_%EC%96%91%EA%B5%AC%EA%B5%B0%EB%82%98%EC%84%A0%EA%B1%B0%EA%B5%AC_%EA%B9%80%EC%84%A0%EB%AC%B5_%EC%84%A0%EA%B1%B0%EA%B3%B5%EB%B3%B4.pdf&requestedFullPath=20260603/PDF/PBINFO/5217/003_100162530_20260523_1.pdf,C:\Users\treyl\Documents\Obsidian\Second_Brain\output\nec_2026_local_election_opencrab\github_repo_nec_2026_local_election_opencrab\supplements\official_gap_recovery_2026\direct_nec_downloads\documents\620260603-5200-양구군나선거구-100162530-1-선거공보.pdf,downloaded,7853803,,C:\Users\treyl\Documents\Obsidian\Second_Brain\output\nec_2026_local_election_opencrab\github_repo_nec_2026_local_election_opencrab\supplements\official_gap_recovery_2026\direct_nec_downloads\markdown\620260603-5200-양구군나선거구-100162530-1-선거공보.md,ok,8,3485,,pymupdf,ok
620260603-5200-양구군나선거구-100160200-1-선거공보,강원특별자치도,구·시·군의회의원선거,양구군나선거구,우동화,더불어민주당,선거공보,https://policy.nec.go.kr/plc/common/downloadFile.do?requestedFileName=20260603_%EC%96%91%EA%B5%AC%EA%B5%B0%EB%82%98%EC%84%A0%EA%B1%B0%EA%B5%AC_%EC%9A%B0%EB%8F%99%ED%99%94_%EC%84%A0%EA%B1%B0%EA%B3%B5%EB%B3%B4.pdf&requestedFullPath=20260603/PDF/PBINFO/5217/003_100160200_20260522_1.pdf,C:\Users\treyl\Documents\Obsidian\Second_Brain\output\nec_2026_local_election_opencrab\github_repo_nec_2026_local_election_opencrab\supplements\official_gap_recovery_2026\direct_nec_downloads\documents\620260603-5200-양구군나선거구-100160200-1-선거공보.pdf,downloaded,8754836,,C:\Users\treyl\Documents\Obsidian\Second_Brain\output\nec_2026_local_election_opencrab\github_repo_nec_2026_local_election_opencrab\supplements\official_gap_recovery_2026\direct_nec_downloads\markdown\620260603-5200-양구군나선거구-100160200-1-선거공보.md,ok,8,4132,,pymupdf,ok
620260603-5200-양구군나선거구-100159111-1-선거공보,강원특별자치도,구·시·군의회의원선거,양구군나선거구,김연성,국민의힘,선거공보,https://policy.nec.go.kr/plc/common/downloadFile.do?requestedFileName=20260603_%EC%96%91%EA%B5%AC%EA%B5%B0%EB%82%98%EC%84%A0%EA%B1%B0%EA%B5%AC_%EA%B9%80%EC%97%B0%EC%84%B1_%EC%84%A0%EA%B1%B0%EA%B3%B5%EB%B3%B4.pdf&requestedFullPath=20260603/PDF/PBINFO/5217/003_100159111_20260523_1.pdf,C:\Users\treyl\Documents\Obsidian\Second_Brain\output\nec_2026_local_election_opencrab\github_repo_nec_2026_local_election_opencrab\supplements\official_gap_recovery_2026\direct_nec_downloads\documents\620260603-5200-양구군나선거구-100159111-1-선거공보.pdf,downloaded,7264667,,C:\Users\treyl\Documents\Obsidian\Second_Brain\output\nec_2026_local_election_opencrab\github_repo_nec_2026_local_election_opencrab\supplements\official_gap_recovery_2026\direct_nec_downloads\markdown\620260603-5200-양구군나선거구-100159111-1-선거공보.md,ok,8,2798,,pymupdf,ok
620260603-5200-양구군나선거구-100158919-1-선거공보,강원특별자치도,구·시·군의회의원선거,양구군나선거구,정귀수,국민의힘,선거공보,https://policy.nec.go.kr/plc/common/downloadFile.do?requestedFileName=20260603_%EC%96%91%EA%B5%AC%EA%B5%B0%EB%82%98%EC%84%A0%EA%B1%B0%EA%B5%AC_%EC%A0%95%EA%B7%80%EC%88%98_%EC%84%A0%EA%B1%B0%EA%B3%B5%EB%B3%B4.pdf&requestedFullPath=20260603/PDF/PBINFO/5217/003_100158919_20260522_1.pdf,C:\Users\treyl\Documents\Obsidian\Second_Brain\output\nec_2026_local_election_opencrab\github_repo_nec_2026_local_election_opencrab\supplements\official_gap_recovery_2026\direct_nec_downloads\documents\620260603-5200-양구군나선거구-100158919-1-선거공보.pdf,downloaded,7351928,,C:\Users\treyl\Documents\Obsidian\Second_Brain\output\nec_2026_local_election_opencrab\github_repo_nec_2026_local_election_opencrab\supplements\official_gap_recovery_2026\direct_nec_downloads\markdown\620260603-5200-양구군나선거구-100158919-1-선거공보.md,ok,8,2607,,pymupdf,ok
620260603-5200-양구군나선거구-100163013-1-선거공보,강원특별자치도,구·시·군의회의원선거,양구군나선거구,조돈준,무소속,선거공보,https://policy.nec.go.kr/plc/common/downloadFile.do?requestedFileName=20260603_%EC%96%91%EA%B5%AC%EA%B5%B0%EB%82%98%EC%84%A0%EA%B1%B0%EA%B5%AC_%EC%A1%B0%EB%8F%88%EC%A4%80_%EC%84%A0%EA%B1%B0%EA%B3%B5%EB%B3%B4.pdf&requestedFullPath=20260603/PDF/PBINFO/5217/003_100163013_20260523_1.pdf,C:\Users\treyl\Documents\Obsidian\Second_Brain\output\nec_2026_local_election_opencrab\github_repo_nec_2026_local_election_opencrab\supplements\official_gap_recovery_2026\direct_nec_downloads\documents\620260603-5200-양구군나선거구-100163013-1-선거공보.pdf,downloaded,844294,,C:\Users\treyl\Documents\Obsidian\Second_Brain\output\nec_2026_local_election_opencrab\github_repo_nec_2026_local_election_opencrab\supplements\official_gap_recovery_2026\direct_nec_downloads\markdown\620260603-5200-양구군나선거구-100163013-1-선거공보.md,ok,8,114,,pymupdf,suspiciously_short_text
620260603-5200-양양군가선거구-100158793-1-선거공보,강원특별자치도,구·시·군의회의원선거,양양군가선거구,최근배,더불어민주당,선거공보,https://policy.nec.go.kr/plc/common/downloadFile.do?requestedFileName=20260603_%EC%96%91%EC%96%91%EA%B5%B0%EA%B0%80%EC%84%A0%EA%B1%B0%EA%B5%AC_%EC%B5%9C%EA%B7%BC%EB%B0%B0_%EC%84%A0%EA%B1%B0%EA%B3%B5%EB%B3%B4.pdf&requestedFullPath=20260603/PDF/PBINFO/5210/003_100158793_20260521_1.pdf,C:\Users\treyl\Documents\Obsidian\Second_Brain\output\nec_2026_local_election_opencrab\github_repo_nec_2026_local_election_opencrab\supplements\official_gap_recovery_2026\direct_nec_downloads\documents\620260603-5200-양양군가선거구-100158793-1-선거공보.pdf,downloaded,14415308,,C:\Users\treyl\Documents\Obsidian\Second_Brain\output\nec_2026_local_election_opencrab\github_repo_nec_2026_local_election_opencrab\supplements\official_gap_recovery_2026\direct_nec_downloads\markdown\620260603-5200-양양군가선거구-100158793-1-선거공보.md,ok,8,3639,,pymupdf,ok
620260603-5200-양양군가선거구-100158377-1-선거공보,강원특별자치도,구·시·군의회의원선거,양양군가선거구,고정순,국민의힘,선거공보,https://policy.nec.go.kr/plc/common/downloadFile.do?requestedFileName=20260603_%EC%96%91%EC%96%91%EA%B5%B0%EA%B0%80%EC%84%A0%EA%B1%B0%EA%B5%AC_%EA%B3%A0%EC%A0%95%EC%88%9C_%EC%84%A0%EA%B1%B0%EA%B3%B5%EB%B3%B4.pdf&requestedFullPath=20260603/PDF/PBINFO/5210/003_100158377_20260521_1.pdf,C:\Users\treyl\Documents\Obsidian\Second_Brain\output\nec_2026_local_election_opencrab\github_repo_nec_2026_local_election_opencrab\supplements\official_gap_recovery_2026\direct_nec_downloads\documents\620260603-5200-양양군가선거구-100158377-1-선거공보.pdf,downloaded,4449994,,C:\Users\treyl\Documents\Obsidian\Second_Brain\output\nec_2026_local_election_opencrab\github_repo_nec_2026_local_election_opencrab\supplements\official_gap_recovery_2026\direct_nec_downloads\markdown\620260603-5200-양양군가선거구-100158377-1-선거공보.md,ok,8,3358,,pymupdf,ok
620260603-5200-양양군가선거구-100161133-1-선거공보,강원특별자치도,구·시·군의회의원선거,양양군가선거구,이명숙,국민의힘,선거공보,https://policy.nec.go.kr/plc/common/downloadFile.do?requestedFileName=20260603_%EC%96%91%EC%96%91%EA%B5%B0%EA%B0%80%EC%84%A0%EA%B1%B0%EA%B5%AC_%EC%9D%B4%EB%AA%85%EC%88%99_%EC%84%A0%EA%B1%B0%EA%B3%B5%EB%B3%B4.pdf&requestedFullPath=20260603/PDF/PBINFO/5210/003_100161133_20260521_1.pdf,C:\Users\treyl\Documents\Obsidian\Second_Brain\output\nec_2026_local_election_opencrab\github_repo_nec_2026_local_election_opencrab\supplements\official_gap_recovery_2026\direct_nec_downloads\documents\620260603-5200-양양군가선거구-100161133-1-선거공보.pdf,downloaded,5035860,,C:\Users\treyl\Documents\Obsidian\Second_Brain\output\nec_2026_local_election_opencrab\github_repo_nec_2026_local_election_opencrab\supplements\official_gap_recovery_2026\direct_nec_downloads\markdown\620260603-5200-양양군가선거구-100161133-1-선거공보.md,ok,8,3072,,pymupdf,ok
620260603-5200-양양군가선거구-100158442-1-선거공보,강원특별자치도,구·시·군의회의원선거,양양군가선거구,최선남,국민의힘,선거공보,https://policy.nec.go.kr/plc/common/downloadFile.do?requestedFileName=20260603_%EC%96%91%EC%96%91%EA%B5%B0%EA%B0%80%EC%84%A0%EA%B1%B0%EA%B5%AC_%EC%B5%9C%EC%84%A0%EB%82%A8_%EC%84%A0%EA%B1%B0%EA%B3%B5%EB%B3%B4.pdf&requestedFullPath=20260603/PDF/PBINFO/5210/003_100158442_20260521_1.pdf,C:\Users\treyl\Documents\Obsidian\Second_Brain\output\nec_2026_local_election_opencrab\github_repo_nec_2026_local_election_opencrab\supplements\official_gap_recovery_2026\direct_nec_downloads\documents\620260603-5200-양양군가선거구-100158442-1-선거공보.pdf,downloaded,5464748,,C:\Users\treyl\Documents\Obsidian\Second_Brain\output\nec_2026_local_election_opencrab\github_repo_nec_2026_local_election_opencrab\supplements\official_gap_recovery_2026\direct_nec_downloads\markdown\620260603-5200-양양군가선거구-100158442-1-선거공보.md,ok,5,4548,,pymupdf,ok
620260603-5200-양양군나선거구-100159582-1-선거공보,강원특별자치도,구·시·군의회의원선거,양양군나선거구,안미영,더불어민주당,선거공보,https://policy.nec.go.kr/plc/common/downloadFile.do?requestedFileName=20260603_%EC%96%91%EC%96%91%EA%B5%B0%EB%82%98%EC%84%A0%EA%B1%B0%EA%B5%AC_%EC%95%88%EB%AF%B8%EC%98%81_%EC%84%A0%EA%B1%B0%EA%B3%B5%EB%B3%B4.pdf&requestedFullPath=20260603/PDF/PBINFO/5210/003_100159582_20260521_1.pdf,C:\Users\treyl\Documents\Obsidian\Second_Brain\output\nec_2026_local_election_opencrab\github_repo_nec_2026_local_election_opencrab\supplements\official_gap_recovery_2026\direct_nec_downloads\documents\620260603-5200-양양군나선거구-100159582-1-선거공보.pdf,downloaded,6122627,,C:\Users\treyl\Documents\Obsidian\Second_Brain\output\nec_2026_local_election_opencrab\github_repo_nec_2026_local_election_opencrab\supplements\official_gap_recovery_2026\direct_nec_downloads\markdown\620260603-5200-양양군나선거구-100159582-1-선거공보.md,ok,8,3462,,pymupdf,ok
620260603-5200-양양군나선거구-100159356-1-선거공보,강원특별자치도,구·시·군의회의원선거,양양군나선거구,전유성,국민의힘,선거공보,https://policy.nec.go.kr/plc/common/downloadFile.do?requestedFileName=20260603_%EC%96%91%EC%96%91%EA%B5%B0%EB%82%98%EC%84%A0%EA%B1%B0%EA%B5%AC_%EC%A0%84%EC%9C%A0%EC%84%B1_%EC%84%A0%EA%B1%B0%EA%B3%B5%EB%B3%B4.pdf&requestedFullPath=20260603/PDF/PBINFO/5210/003_100159356_20260521_1.pdf,C:\Users\treyl\Documents\Obsidian\Second_Brain\output\nec_2026_local_election_opencrab\github_repo_nec_2026_local_election_opencrab\supplements\official_gap_recovery_2026\direct_nec_downloads\documents\620260603-5200-양양군나선거구-100159356-1-선거공보.pdf,downloaded,4361170,,C:\Users\treyl\Documents\Obsidian\Second_Brain\output\nec_2026_local_election_opencrab\github_repo_nec_2026_local_election_opencrab\supplements\official_gap_recovery_2026\direct_nec_downloads\markdown\620260603-5200-양양군나선거구-100159356-1-선거공보.md,ok,6,2635,,pymupdf,ok
620260603-5200-양양군나선거구-100159759-1-선거공보,강원특별자치도,구·시·군의회의원선거,양양군나선거구,박동철,국민의힘,선거공보,https://policy.nec.go.kr/plc/common/downloadFile.do?requestedFileName=20260603_%EC%96%91%EC%96%91%EA%B5%B0%EB%82%98%EC%84%A0%EA%B1%B0%EA%B5%AC_%EB%B0%95%EB%8F%99%EC%B2%A0_%EC%84%A0%EA%B1%B0%EA%B3%B5%EB%B3%B4.pdf&requestedFullPath=20260603/PDF/PBINFO/5210/003_100159759_20260521_1.pdf,C:\Users\treyl\Documents\Obsidian\Second_Brain\output\nec_2026_local_election_opencrab\github_repo_nec_2026_local_election_opencrab\supplements\official_gap_recovery_2026\direct_nec_downloads\documents\620260603-5200-양양군나선거구-100159759-1-선거공보.pdf,downloaded,2094898,,C:\Users\treyl\Documents\Obsidian\Second_Brain\output\nec_2026_local_election_opencrab\github_repo_nec_2026_local_election_opencrab\supplements\official_gap_recovery_2026\direct_nec_downloads\markdown\620260603-5200-양양군나선거구-100159759-1-선거공보.md,ok,8,114,,pymupdf,suspiciously_short_text
620260603-5200-양양군나선거구-100158384-1-선거공보,강원특별자치도,구·시·군의회의원선거,양양군나선거구,고교연,국민의힘,선거공보,https://policy.nec.go.kr/plc/common/downloadFile.do?requestedFileName=20260603_%EC%96%91%EC%96%91%EA%B5%B0%EB%82%98%EC%84%A0%EA%B1%B0%EA%B5%AC_%EA%B3%A0%EA%B5%90%EC%97%B0_%EC%84%A0%EA%B1%B0%EA%B3%B5%EB%B3%B4.pdf&requestedFullPath=20260603/PDF/PBINFO/5210/003_100158384_20260521_1.pdf,C:\Users\treyl\Documents\Obsidian\Second_Brain\output\nec_2026_local_election_opencrab\github_repo_nec_2026_local_election_opencrab\supplements\official_gap_recovery_2026\direct_nec_downloads\documents\620260603-5200-양양군나선거구-100158384-1-선거공보.pdf,downloaded,5973275,,C:\Users\treyl\Documents\Obsidian\Second_Brain\output\nec_2026_local_election_opencrab\github_repo_nec_2026_local_election_opencrab\supplements\official_gap_recovery_2026\direct_nec_downloads\markdown\620260603-5200-양양군나선거구-100158384-1-선거공보.md,ok,8,4266,,pymupdf,ok
620260603-5200-양양군나선거구-100160391-1-선거공보,강원특별자치도,구·시·군의회의원선거,양양군나선거구,오세만,무소속,선거공보,https://policy.nec.go.kr/plc/common/downloadFile.do?requestedFileName=20260603_%EC%96%91%EC%96%91%EA%B5%B0%EB%82%98%EC%84%A0%EA%B1%B0%EA%B5%AC_%EC%98%A4%EC%84%B8%EB%A7%8C_%EC%84%A0%EA%B1%B0%EA%B3%B5%EB%B3%B4.pdf&requestedFullPath=20260603/PDF/PBINFO/5210/003_100160391_20260521_1.pdf,C:\Users\treyl\Documents\Obsidian\Second_Brain\output\nec_2026_local_election_opencrab\github_repo_nec_2026_local_election_opencrab\supplements\official_gap_recovery_2026\direct_nec_downloads\documents\620260603-5200-양양군나선거구-100160391-1-선거공보.pdf,downloaded,8514181,,C:\Users\treyl\Documents\Obsidian\Second_Brain\output\nec_2026_local_election_opencrab\github_repo_nec_2026_local_election_opencrab\supplements\official_gap_recovery_2026\direct_nec_downloads\markdown\620260603-5200-양양군나선거구-100160391-1-선거공보.md,ok,8,114,,pymupdf,suspiciously_short_text
620260603-5200-양양군나선거구-100161081-1-선거공보,강원특별자치도,구·시·군의회의원선거,양양군나선거구,박광수,무소속,선거공보,https://policy.nec.go.kr/plc/common/downloadFile.do?requestedFileName=20260603_%EC%96%91%EC%96%91%EA%B5%B0%EB%82%98%EC%84%A0%EA%B1%B0%EA%B5%AC_%EB%B0%95%EA%B4%91%EC%88%98_%EC%84%A0%EA%B1%B0%EA%B3%B5%EB%B3%B4.pdf&requestedFullPath=20260603/PDF/PBINFO/5210/003_100161081_20260522_1.pdf,C:\Users\treyl\Documents\Obsidian\Second_Brain\output\nec_2026_local_election_opencrab\github_repo_nec_2026_local_election_opencrab\supplements\official_gap_recovery_2026\direct_nec_downloads\documents\620260603-5200-양양군나선거구-100161081-1-선거공보.pdf,downloaded,17862551,,C:\Users\treyl\Documents\Obsidian\Second_Brain\output\nec_2026_local_election_opencrab\github_repo_nec_2026_local_election_opencrab\supplements\official_gap_recovery_2026\direct_nec_downloads\markdown\620260603-5200-양양군나선거구-100161081-1-선거공보.md,ok,8,3024,,pymupdf,ok
620260603-5300-전주시가선거구-100162142-1-선거공보,전북특별자치도,구·시·군의회의원선거,전주시가선거구,최용철,더불어민주당,선거공보,https://policy.nec.go.kr/plc/common/downloadFile.do?requestedFileName=20260603_%EC%A0%84%EC%A3%BC%EC%8B%9C%EA%B0%80%EC%84%A0%EA%B1%B0%EA%B5%AC_%EC%B5%9C%EC%9A%A9%EC%B2%A0_%EC%84%A0%EA%B1%B0%EA%B3%B5%EB%B3%B4.pdf&requestedFullPath=20260603/PDF/PBINFO/5301/003_100162142_20260525_1.pdf,C:\Users\treyl\Documents\Obsidian\Second_Brain\output\nec_2026_local_election_opencrab\github_repo_nec_2026_local_election_opencrab\supplements\official_gap_recovery_2026\direct_nec_downloads\documents\620260603-5300-전주시가선거구-100162142-1-선거공보.pdf,downloaded,4683419,,C:\Users\treyl\Documents\Obsidian\Second_Brain\output\nec_2026_local_election_opencrab\github_repo_nec_2026_local_election_opencrab\supplements\official_gap_recovery_2026\direct_nec_downloads\markdown\620260603-5300-전주시가선거구-100162142-1-선거공보.md,ok,8,114,,pymupdf,suspiciously_short_text
620260603-5300-전주시가선거구-100161148-1-선거공보,전북특별자치도,구·시·군의회의원선거,전주시가선거구,김윤철,더불어민주당,선거공보,https://policy.nec.go.kr/plc/common/downloadFile.do?requestedFileName=20260603_%EC%A0%84%EC%A3%BC%EC%8B%9C%EA%B0%80%EC%84%A0%EA%B1%B0%EA%B5%AC_%EA%B9%80%EC%9C%A4%EC%B2%A0_%EC%84%A0%EA%B1%B0%EA%B3%B5%EB%B3%B4.pdf&requestedFullPath=20260603/PDF/PBINFO/5301/003_100161148_20260525_1.pdf,C:\Users\treyl\Documents\Obsidian\Second_Brain\output\nec_2026_local_election_opencrab\github_repo_nec_2026_local_election_opencrab\supplements\official_gap_recovery_2026\direct_nec_downloads\documents\620260603-5300-전주시가선거구-100161148-1-선거공보.pdf,downloaded,15634642,,C:\Users\treyl\Documents\Obsidian\Second_Brain\output\nec_2026_local_election_opencrab\github_repo_nec_2026_local_election_opencrab\supplements\official_gap_recovery_2026\direct_nec_downloads\markdown\620260603-5300-전주시가선거구-100161148-1-선거공보.md,ok,8,3453,,pymupdf,ok
620260603-5300-전주시가선거구-100161708-1-선거공보,전북특별자치도,구·시·군의회의원선거,전주시가선거구,김원주,더불어민주당,선거공보,https://policy.nec.go.kr/plc/common/downloadFile.do?requestedFileName=20260603_%EC%A0%84%EC%A3%BC%EC%8B%9C%EA%B0%80%EC%84%A0%EA%B1%B0%EA%B5%AC_%EA%B9%80%EC%9B%90%EC%A3%BC_%EC%84%A0%EA%B1%B0%EA%B3%B5%EB%B3%B4.pdf&requestedFullPath=20260603/PDF/PBINFO/5301/003_100161708_20260525_1.pdf,C:\Users\treyl\Documents\Obsidian\Second_Brain\output\nec_2026_local_election_opencrab\github_repo_nec_2026_local_election_opencrab\supplements\official_gap_recovery_2026\direct_nec_downloads\documents\620260603-5300-전주시가선거구-100161708-1-선거공보.pdf,downloaded,3197735,,C:\Users\treyl\Documents\Obsidian\Second_Brain\output\nec_2026_local_election_opencrab\github_repo_nec_2026_local_election_opencrab\supplements\official_gap_recovery_2026\direct_nec_downloads\markdown\620260603-5300-전주시가선거구-100161708-1-선거공보.md,ok,8,114,,pymupdf,suspiciously_short_text
620260603-5300-전주시가선거구-100155376-1-선거공보,전북특별자치도,구·시·군의회의원선거,전주시가선거구,채민석,조국혁신당,선거공보,https://policy.nec.go.kr/plc/common/downloadFile.do?requestedFileName=20260603_%EC%A0%84%EC%A3%BC%EC%8B%9C%EA%B0%80%EC%84%A0%EA%B1%B0%EA%B5%AC_%EC%B1%84%EB%AF%BC%EC%84%9D_%EC%84%A0%EA%B1%B0%EA%B3%B5%EB%B3%B4.pdf&requestedFullPath=20260603/PDF/PBINFO/5301/003_100155376_20260525_1.pdf,C:\Users\treyl\Documents\Obsidian\Second_Brain\output\nec_2026_local_election_opencrab\github_repo_nec_2026_local_election_opencrab\supplements\official_gap_recovery_2026\direct_nec_downloads\documents\620260603-5300-전주시가선거구-100155376-1-선거공보.pdf,downloaded,6185797,,C:\Users\treyl\Documents\Obsidian\Second_Brain\output\nec_2026_local_election_opencrab\github_repo_nec_2026_local_election_opencrab\supplements\official_gap_recovery_2026\direct_nec_downloads\markdown\620260603-5300-전주시가선거구-100155376-1-선거공보.md,ok,8,1917,,pymupdf,ok
620260603-5300-전주시나선거구-100157488-1-선거공보,전북특별자치도,구·시·군의회의원선거,전주시나선거구,장병익,더불어민주당,선거공보,https://policy.nec.go.kr/plc/common/downloadFile.do?requestedFileName=20260603_%EC%A0%84%EC%A3%BC%EC%8B%9C%EB%82%98%EC%84%A0%EA%B1%B0%EA%B5%AC_%EC%9E%A5%EB%B3%91%EC%9D%B5_%EC%84%A0%EA%B1%B0%EA%B3%B5%EB%B3%B4.pdf&requestedFullPath=20260603/PDF/PBINFO/5301/003_100157488_20260525_1.pdf,C:\Users\treyl\Documents\Obsidian\Second_Brain\output\nec_2026_local_election_opencrab\github_repo_nec_2026_local_election_opencrab\supplements\official_gap_recovery_2026\direct_nec_downloads\documents\620260603-5300-전주시나선거구-100157488-1-선거공보.pdf,downloaded,15769500,,C:\Users\treyl\Documents\Obsidian\Second_Brain\output\nec_2026_local_election_opencrab\github_repo_nec_2026_local_election_opencrab\supplements\official_gap_recovery_2026\direct_nec_downloads\markdown\620260603-5300-전주시나선거구-100157488-1-선거공보.md,ok,8,114,,pymupdf,suspiciously_short_text
620260603-5300-전주시나선거구-100156063-1-선거공보,전북특별자치도,구·시·군의회의원선거,전주시나선거구,이동문,더불어민주당,선거공보,https://policy.nec.go.kr/plc/common/downloadFile.do?requestedFileName=20260603_%EC%A0%84%EC%A3%BC%EC%8B%9C%EB%82%98%EC%84%A0%EA%B1%B0%EA%B5%AC_%EC%9D%B4%EB%8F%99%EB%AC%B8_%EC%84%A0%EA%B1%B0%EA%B3%B5%EB%B3%B4.pdf&requestedFullPath=20260603/PDF/PBINFO/5301/003_100156063_20260525_1.pdf,C:\Users\treyl\Documents\Obsidian\Second_Brain\output\nec_2026_local_election_opencrab\github_repo_nec_2026_local_election_opencrab\supplements\official_gap_recovery_2026\direct_nec_downloads\documents\620260603-5300-전주시나선거구-100156063-1-선거공보.pdf,downloaded,3113275,,C:\Users\treyl\Documents\Obsidian\Second_Brain\output\nec_2026_local_election_opencrab\github_repo_nec_2026_local_election_opencrab\supplements\official_gap_recovery_2026\direct_nec_downloads\markdown\620260603-5300-전주시나선거구-100156063-1-선거공보.md,ok,8,114,,pymupdf,suspiciously_short_text
620260603-5300-전주시나선거구-100157646-1-선거공보,전북특별자치도,구·시·군의회의원선거,전주시나선거구,김세혁,더불어민주당,선거공보,https://policy.nec.go.kr/plc/common/downloadFile.do?requestedFileName=20260603_%EC%A0%84%EC%A3%BC%EC%8B%9C%EB%82%98%EC%84%A0%EA%B1%B0%EA%B5%AC_%EA%B9%80%EC%84%B8%ED%98%81_%EC%84%A0%EA%B1%B0%EA%B3%B5%EB%B3%B4.pdf&requestedFullPath=20260603/PDF/PBINFO/5301/003_100157646_20260525_1.pdf,C:\Users\treyl\Documents\Obsidian\Second_Brain\output\nec_2026_local_election_opencrab\github_repo_nec_2026_local_election_opencrab\supplements\official_gap_recovery_2026\direct_nec_downloads\documents\620260603-5300-전주시나선거구-100157646-1-선거공보.pdf,downloaded,7727363,,C:\Users\treyl\Documents\Obsidian\Second_Brain\output\nec_2026_local_election_opencrab\github_repo_nec_2026_local_election_opencrab\supplements\official_gap_recovery_2026\direct_nec_downloads\markdown\620260603-5300-전주시나선거구-100157646-1-선거공보.md,ok,8,2956,,pymupdf,ok
620260603-5300-전주시나선거구-100156111-1-선거공보,전북특별자치도,구·시·군의회의원선거,전주시나선거구,조우영,조국혁신당,선거공보,https://policy.nec.go.kr/plc/common/downloadFile.do?requestedFileName=20260603_%EC%A0%84%EC%A3%BC%EC%8B%9C%EB%82%98%EC%84%A0%EA%B1%B0%EA%B5%AC_%EC%A1%B0%EC%9A%B0%EC%98%81_%EC%84%A0%EA%B1%B0%EA%B3%B5%EB%B3%B4.pdf&requestedFullPath=20260603/PDF/PBINFO/5301/003_100156111_20260525_1.pdf,C:\Users\treyl\Documents\Obsidian\Second_Brain\output\nec_2026_local_election_opencrab\github_repo_nec_2026_local_election_opencrab\supplements\official_gap_recovery_2026\direct_nec_downloads\documents\620260603-5300-전주시나선거구-100156111-1-선거공보.pdf,downloaded,8995929,,C:\Users\treyl\Documents\Obsidian\Second_Brain\output\nec_2026_local_election_opencrab\github_repo_nec_2026_local_election_opencrab\supplements\official_gap_recovery_2026\direct_nec_downloads\markdown\620260603-5300-전주시나선거구-100156111-1-선거공보.md,ok,8,2712,,pymupdf,ok
620260603-5300-전주시나선거구-100156335-1-선거공보,전북특별자치도,구·시·군의회의원선거,전주시나선거구,여민영,진보당,선거공보,https://policy.nec.go.kr/plc/common/downloadFile.do?requestedFileName=20260603_%EC%A0%84%EC%A3%BC%EC%8B%9C%EB%82%98%EC%84%A0%EA%B1%B0%EA%B5%AC_%EC%97%AC%EB%AF%BC%EC%98%81_%EC%84%A0%EA%B1%B0%EA%B3%B5%EB%B3%B4.pdf&requestedFullPath=20260603/PDF/PBINFO/5301/003_100156335_20260525_1.pdf,C:\Users\treyl\Documents\Obsidian\Second_Brain\output\nec_2026_local_election_opencrab\github_repo_nec_2026_local_election_opencrab\supplements\official_gap_recovery_2026\direct_nec_downloads\documents\620260603-5300-전주시나선거구-100156335-1-선거공보.pdf,downloaded,6311202,,C:\Users\treyl\Documents\Obsidian\Second_Brain\output\nec_2026_local_election_opencrab\github_repo_nec_2026_local_election_opencrab\supplements\official_gap_recovery_2026\direct_nec_downloads\markdown\620260603-5300-전주시나선거구-100156335-1-선거공보.md,ok,8,2669,,pymupdf,ok
620260603-5300-전주시다선거구-100156028-1-선거공보,전북특별자치도,구·시·군의회의원선거,전주시다선거구,김정명,더불어민주당,선거공보,https://policy.nec.go.kr/plc/common/downloadFile.do?requestedFileName=20260603_%EC%A0%84%EC%A3%BC%EC%8B%9C%EB%8B%A4%EC%84%A0%EA%B1%B0%EA%B5%AC_%EA%B9%80%EC%A0%95%EB%AA%85_%EC%84%A0%EA%B1%B0%EA%B3%B5%EB%B3%B4.pdf&requestedFullPath=20260603/PDF/PBINFO/5301/003_100156028_20260525_1.pdf,C:\Users\treyl\Documents\Obsidian\Second_Brain\output\nec_2026_local_election_opencrab\github_repo_nec_2026_local_election_opencrab\supplements\official_gap_recovery_2026\direct_nec_downloads\documents\620260603-5300-전주시다선거구-100156028-1-선거공보.pdf,downloaded,1941771,,C:\Users\treyl\Documents\Obsidian\Second_Brain\output\nec_2026_local_election_opencrab\github_repo_nec_2026_local_election_opencrab\supplements\official_gap_recovery_2026\direct_nec_downloads\markdown\620260603-5300-전주시다선거구-100156028-1-선거공보.md,ok,4,54,,pymupdf,suspiciously_short_text
620260603-5300-전주시다선거구-100156225-1-선거공보,전북특별자치도,구·시·군의회의원선거,전주시다선거구,이남숙,더불어민주당,선거공보,https://policy.nec.go.kr/plc/common/downloadFile.do?requestedFileName=20260603_%EC%A0%84%EC%A3%BC%EC%8B%9C%EB%8B%A4%EC%84%A0%EA%B1%B0%EA%B5%AC_%EC%9D%B4%EB%82%A8%EC%88%99_%EC%84%A0%EA%B1%B0%EA%B3%B5%EB%B3%B4.pdf&requestedFullPath=20260603/PDF/PBINFO/5301/003_100156225_20260525_1.pdf,C:\Users\treyl\Documents\Obsidian\Second_Brain\output\nec_2026_local_election_opencrab\github_repo_nec_2026_local_election_opencrab\supplements\official_gap_recovery_2026\direct_nec_downloads\documents\620260603-5300-전주시다선거구-100156225-1-선거공보.pdf,downloaded,5236827,,C:\Users\treyl\Documents\Obsidian\Second_Brain\output\nec_2026_local_election_opencrab\github_repo_nec_2026_local_election_opencrab\supplements\official_gap_recovery_2026\direct_nec_downloads\markdown\620260603-5300-전주시다선거구-100156225-1-선거공보.md,ok,8,3118,,pymupdf,ok
620260603-5300-전주시다선거구-100157192-1-선거공보,전북특별자치도,구·시·군의회의원선거,전주시다선거구,최주만,더불어민주당,선거공보,https://policy.nec.go.kr/plc/common/downloadFile.do?requestedFileName=20260603_%EC%A0%84%EC%A3%BC%EC%8B%9C%EB%8B%A4%EC%84%A0%EA%B1%B0%EA%B5%AC_%EC%B5%9C%EC%A3%BC%EB%A7%8C_%EC%84%A0%EA%B1%B0%EA%B3%B5%EB%B3%B4.pdf&requestedFullPath=20260603/PDF/PBINFO/5301/003_100157192_20260525_1.pdf,C:\Users\treyl\Documents\Obsidian\Second_Brain\output\nec_2026_local_election_opencrab\github_repo_nec_2026_local_election_opencrab\supplements\official_gap_recovery_2026\direct_nec_downloads\documents\620260603-5300-전주시다선거구-100157192-1-선거공보.pdf,downloaded,1022864,,C:\Users\treyl\Documents\Obsidian\Second_Brain\output\nec_2026_local_election_opencrab\github_repo_nec_2026_local_election_opencrab\supplements\official_gap_recovery_2026\direct_nec_downloads\markdown\620260603-5300-전주시다선거구-100157192-1-선거공보.md,ok,8,114,,pymupdf,suspiciously_short_text
620260603-5300-전주시다선거구-100156424-1-선거공보,전북특별자치도,구·시·군의회의원선거,전주시다선거구,김경찬,국민의힘,선거공보,https://policy.nec.go.kr/plc/common/downloadFile.do?requestedFileName=20260603_%EC%A0%84%EC%A3%BC%EC%8B%9C%EB%8B%A4%EC%84%A0%EA%B1%B0%EA%B5%AC_%EA%B9%80%EA%B2%BD%EC%B0%AC_%EC%84%A0%EA%B1%B0%EA%B3%B5%EB%B3%B4.pdf&requestedFullPath=20260603/PDF/PBINFO/5301/003_100156424_20260525_1.pdf,C:\Users\treyl\Documents\Obsidian\Second_Brain\output\nec_2026_local_election_opencrab\github_repo_nec_2026_local_election_opencrab\supplements\official_gap_recovery_2026\direct_nec_downloads\documents\620260603-5300-전주시다선거구-100156424-1-선거공보.pdf,downloaded,1404081,,C:\Users\treyl\Documents\Obsidian\Second_Brain\output\nec_2026_local_election_opencrab\github_repo_nec_2026_local_election_opencrab\supplements\official_gap_recovery_2026\direct_nec_downloads\markdown\620260603-5300-전주시다선거구-100156424-1-선거공보.md,ok,4,500,,pymupdf,ok
620260603-5300-전주시다선거구-100154619-1-선거공보,전북특별자치도,구·시·군의회의원선거,전주시다선거구,김주년,조국혁신당,선거공보,https://policy.nec.go.kr/plc/common/downloadFile.do?requestedFileName=20260603_%EC%A0%84%EC%A3%BC%EC%8B%9C%EB%8B%A4%EC%84%A0%EA%B1%B0%EA%B5%AC_%EA%B9%80%EC%A3%BC%EB%85%84_%EC%84%A0%EA%B1%B0%EA%B3%B5%EB%B3%B4.pdf&requestedFullPath=20260603/PDF/PBINFO/5301/003_100154619_20260525_1.pdf,C:\Users\treyl\Documents\Obsidian\Second_Brain\output\nec_2026_local_election_opencrab\github_repo_nec_2026_local_election_opencrab\supplements\official_gap_recovery_2026\direct_nec_downloads\documents\620260603-5300-전주시다선거구-100154619-1-선거공보.pdf,downloaded,6918532,,C:\Users\treyl\Documents\Obsidian\Second_Brain\output\nec_2026_local_election_opencrab\github_repo_nec_2026_local_election_opencrab\supplements\official_gap_recovery_2026\direct_nec_downloads\markdown\620260603-5300-전주시다선거구-100154619-1-선거공보.md,ok,8,238,,pymupdf,ok
620260603-5300-전주시다선거구-100156899-1-선거공보,전북특별자치도,구·시·군의회의원선거,전주시다선거구,양영환,무소속,선거공보,https://policy.nec.go.kr/plc/common/downloadFile.do?requestedFileName=20260603_%EC%A0%84%EC%A3%BC%EC%8B%9C%EB%8B%A4%EC%84%A0%EA%B1%B0%EA%B5%AC_%EC%96%91%EC%98%81%ED%99%98_%EC%84%A0%EA%B1%B0%EA%B3%B5%EB%B3%B4.pdf&requestedFullPath=20260603/PDF/PBINFO/5301/003_100156899_20260525_1.pdf,C:\Users\treyl\Documents\Obsidian\Second_Brain\output\nec_2026_local_election_opencrab\github_repo_nec_2026_local_election_opencrab\supplements\official_gap_recovery_2026\direct_nec_downloads\documents\620260603-5300-전주시다선거구-100156899-1-선거공보.pdf,downloaded,7514037,,C:\Users\treyl\Documents\Obsidian\Second_Brain\output\nec_2026_local_election_opencrab\github_repo_nec_2026_local_election_opencrab\supplements\official_gap_recovery_2026\direct_nec_downloads\markdown\620260603-5300-전주시다선거구-100156899-1-선거공보.md,ok,8,796,,pymupdf,ok
620260603-5300-전주시라선거구-100154948-1-선거공보,전북특별자치도,구·시·군의회의원선거,전주시라선거구,심진철,더불어민주당,선거공보,https://policy.nec.go.kr/plc/common/downloadFile.do?requestedFileName=20260603_%EC%A0%84%EC%A3%BC%EC%8B%9C%EB%9D%BC%EC%84%A0%EA%B1%B0%EA%B5%AC_%EC%8B%AC%EC%A7%84%EC%B2%A0_%EC%84%A0%EA%B1%B0%EA%B3%B5%EB%B3%B4.pdf&requestedFullPath=20260603/PDF/PBINFO/5301/003_100154948_20260525_1.pdf,C:\Users\treyl\Documents\Obsidian\Second_Brain\output\nec_2026_local_election_opencrab\github_repo_nec_2026_local_election_opencrab\supplements\official_gap_recovery_2026\direct_nec_downloads\documents\620260603-5300-전주시라선거구-100154948-1-선거공보.pdf,downloaded,4256800,,C:\Users\treyl\Documents\Obsidian\Second_Brain\output\nec_2026_local_election_opencrab\github_repo_nec_2026_local_election_opencrab\supplements\official_gap_recovery_2026\direct_nec_downloads\markdown\620260603-5300-전주시라선거구-100154948-1-선거공보.md,ok,5,3319,,pymupdf,ok
620260603-5300-전주시라선거구-100156711-1-선거공보,전북특별자치도,구·시·군의회의원선거,전주시라선거구,최인호,조국혁신당,선거공보,https://policy.nec.go.kr/plc/common/downloadFile.do?requestedFileName=20260603_%EC%A0%84%EC%A3%BC%EC%8B%9C%EB%9D%BC%EC%84%A0%EA%B1%B0%EA%B5%AC_%EC%B5%9C%EC%9D%B8%ED%98%B8_%EC%84%A0%EA%B1%B0%EA%B3%B5%EB%B3%B4.pdf&requestedFullPath=20260603/PDF/PBINFO/5301/003_100156711_20260525_1.pdf,C:\Users\treyl\Documents\Obsidian\Second_Brain\output\nec_2026_local_election_opencrab\github_repo_nec_2026_local_election_opencrab\supplements\official_gap_recovery_2026\direct_nec_downloads\documents\620260603-5300-전주시라선거구-100156711-1-선거공보.pdf,downloaded,5423561,,C:\Users\treyl\Documents\Obsidian\Second_Brain\output\nec_2026_local_election_opencrab\github_repo_nec_2026_local_election_opencrab\supplements\official_gap_recovery_2026\direct_nec_downloads\markdown\620260603-5300-전주시라선거구-100156711-1-선거공보.md,ok,8,114,,pymupdf,suspiciously_short_text
620260603-5300-전주시라선거구-100165323-1-선거공보,전북특별자치도,구·시·군의회의원선거,전주시라선거구,최영심,무소속,선거공보,https://policy.nec.go.kr/plc/common/downloadFile.do?requestedFileName=20260603_%EC%A0%84%EC%A3%BC%EC%8B%9C%EB%9D%BC%EC%84%A0%EA%B1%B0%EA%B5%AC_%EC%B5%9C%EC%98%81%EC%8B%AC_%EC%84%A0%EA%B1%B0%EA%B3%B5%EB%B3%B4.pdf&requestedFullPath=20260603/PDF/PBINFO/5301/003_100165323_20260525_1.pdf,C:\Users\treyl\Documents\Obsidian\Second_Brain\output\nec_2026_local_election_opencrab\github_repo_nec_2026_local_election_opencrab\supplements\official_gap_recovery_2026\direct_nec_downloads\documents\620260603-5300-전주시라선거구-100165323-1-선거공보.pdf,downloaded,6738769,,C:\Users\treyl\Documents\Obsidian\Second_Brain\output\nec_2026_local_election_opencrab\github_repo_nec_2026_local_election_opencrab\supplements\official_gap_recovery_2026\direct_nec_downloads\markdown\620260603-5300-전주시라선거구-100165323-1-선거공보.md,ok,8,2964,,pymupdf,ok
620260603-5300-전주시마선거구-100155600-1-선거공보,전북특별자치도,구·시·군의회의원선거,전주시마선거구,심성욱,더불어민주당,선거공보,https://policy.nec.go.kr/plc/common/downloadFile.do?requestedFileName=20260603_%EC%A0%84%EC%A3%BC%EC%8B%9C%EB%A7%88%EC%84%A0%EA%B1%B0%EA%B5%AC_%EC%8B%AC%EC%84%B1%EC%9A%B1_%EC%84%A0%EA%B1%B0%EA%B3%B5%EB%B3%B4.pdf&requestedFullPath=20260603/PDF/PBINFO/5301/003_100155600_20260525_1.pdf,C:\Users\treyl\Documents\Obsidian\Second_Brain\output\nec_2026_local_election_opencrab\github_repo_nec_2026_local_election_opencrab\supplements\official_gap_recovery_2026\direct_nec_downloads\documents\620260603-5300-전주시마선거구-100155600-1-선거공보.pdf,downloaded,1606419,,C:\Users\treyl\Documents\Obsidian\Second_Brain\output\nec_2026_local_election_opencrab\github_repo_nec_2026_local_election_opencrab\supplements\official_gap_recovery_2026\direct_nec_downloads\markdown\620260603-5300-전주시마선거구-100155600-1-선거공보.md,empty_text,0,0,,pymupdf,empty_text
620260603-5300-전주시마선거구-100154889-1-선거공보,전북특별자치도,구·시·군의회의원선거,전주시마선거구,이은경,조국혁신당,선거공보,https://policy.nec.go.kr/plc/common/downloadFile.do?requestedFileName=20260603_%EC%A0%84%EC%A3%BC%EC%8B%9C%EB%A7%88%EC%84%A0%EA%B1%B0%EA%B5%AC_%EC%9D%B4%EC%9D%80%EA%B2%BD_%EC%84%A0%EA%B1%B0%EA%B3%B5%EB%B3%B4.pdf&requestedFullPath=20260603/PDF/PBINFO/5301/003_100154889_20260525_1.pdf,C:\Users\treyl\Documents\Obsidian\Second_Brain\output\nec_2026_local_election_opencrab\github_repo_nec_2026_local_election_opencrab\supplements\official_gap_recovery_2026\direct_nec_downloads\documents\620260603-5300-전주시마선거구-100154889-1-선거공보.pdf,downloaded,711567,,C:\Users\treyl\Documents\Obsidian\Second_Brain\output\nec_2026_local_election_opencrab\github_repo_nec_2026_local_election_opencrab\supplements\official_gap_recovery_2026\direct_nec_downloads\markdown\620260603-5300-전주시마선거구-100154889-1-선거공보.md,ok,4,55,,pymupdf,suspiciously_short_text
620260603-5300-전주시마선거구-100158283-1-선거공보,전북특별자치도,구·시·군의회의원선거,전주시마선거구,한승우,정의당,선거공보,https://policy.nec.go.kr/plc/common/downloadFile.do?requestedFileName=20260603_%EC%A0%84%EC%A3%BC%EC%8B%9C%EB%A7%88%EC%84%A0%EA%B1%B0%EA%B5%AC_%ED%95%9C%EC%8A%B9%EC%9A%B0_%EC%84%A0%EA%B1%B0%EA%B3%B5%EB%B3%B4.pdf&requestedFullPath=20260603/PDF/PBINFO/5301/003_100158283_20260525_1.pdf,C:\Users\treyl\Documents\Obsidian\Second_Brain\output\nec_2026_local_election_opencrab\github_repo_nec_2026_local_election_opencrab\supplements\official_gap_recovery_2026\direct_nec_downloads\documents\620260603-5300-전주시마선거구-100158283-1-선거공보.pdf,downloaded,16436455,,C:\Users\treyl\Documents\Obsidian\Second_Brain\output\nec_2026_local_election_opencrab\github_repo_nec_2026_local_election_opencrab\supplements\official_gap_recovery_2026\direct_nec_downloads\markdown\620260603-5300-전주시마선거구-100158283-1-선거공보.md,ok,8,1709,,pymupdf,ok
620260603-5300-전주시바선거구-100162056-1-선거공보,전북특별자치도,구·시·군의회의원선거,전주시바선거구,전윤미,더불어민주당,선거공보,https://policy.nec.go.kr/plc/common/downloadFile.do?requestedFileName=20260603_%EC%A0%84%EC%A3%BC%EC%8B%9C%EB%B0%94%EC%84%A0%EA%B1%B0%EA%B5%AC_%EC%A0%84%EC%9C%A4%EB%AF%B8_%EC%84%A0%EA%B1%B0%EA%B3%B5%EB%B3%B4.pdf&requestedFullPath=20260603/PDF/PBINFO/5301/003_100162056_20260525_1.pdf,C:\Users\treyl\Documents\Obsidian\Second_Brain\output\nec_2026_local_election_opencrab\github_repo_nec_2026_local_election_opencrab\supplements\official_gap_recovery_2026\direct_nec_downloads\documents\620260603-5300-전주시바선거구-100162056-1-선거공보.pdf,downloaded,4266913,,C:\Users\treyl\Documents\Obsidian\Second_Brain\output\nec_2026_local_election_opencrab\github_repo_nec_2026_local_election_opencrab\supplements\official_gap_recovery_2026\direct_nec_downloads\markdown\620260603-5300-전주시바선거구-100162056-1-선거공보.md,ok,5,4594,,pymupdf,ok
620260603-5300-전주시바선거구-100155828-1-선거공보,전북특별자치도,구·시·군의회의원선거,전주시바선거구,김성규,더불어민주당,선거공보,https://policy.nec.go.kr/plc/common/downloadFile.do?requestedFileName=20260603_%EC%A0%84%EC%A3%BC%EC%8B%9C%EB%B0%94%EC%84%A0%EA%B1%B0%EA%B5%AC_%EA%B9%80%EC%84%B1%EA%B7%9C_%EC%84%A0%EA%B1%B0%EA%B3%B5%EB%B3%B4.pdf&requestedFullPath=20260603/PDF/PBINFO/5301/003_100155828_20260525_1.pdf,C:\Users\treyl\Documents\Obsidian\Second_Brain\output\nec_2026_local_election_opencrab\github_repo_nec_2026_local_election_opencrab\supplements\official_gap_recovery_2026\direct_nec_downloads\documents\620260603-5300-전주시바선거구-100155828-1-선거공보.pdf,downloaded,12040440,,C:\Users\treyl\Documents\Obsidian\Second_Brain\output\nec_2026_local_election_opencrab\github_repo_nec_2026_local_election_opencrab\supplements\official_gap_recovery_2026\direct_nec_downloads\markdown\620260603-5300-전주시바선거구-100155828-1-선거공보.md,ok,8,2987,,pymupdf,ok
620260603-5300-전주시바선거구-100156912-1-선거공보,전북특별자치도,구·시·군의회의원선거,전주시바선거구,조훈,더불어민주당,선거공보,https://policy.nec.go.kr/plc/common/downloadFile.do?requestedFileName=20260603_%EC%A0%84%EC%A3%BC%EC%8B%9C%EB%B0%94%EC%84%A0%EA%B1%B0%EA%B5%AC_%EC%A1%B0%ED%9B%88_%EC%84%A0%EA%B1%B0%EA%B3%B5%EB%B3%B4.pdf&requestedFullPath=20260603/PDF/PBINFO/5301/003_100156912_20260525_1.pdf,C:\Users\treyl\Documents\Obsidian\Second_Brain\output\nec_2026_local_election_opencrab\github_repo_nec_2026_local_election_opencrab\supplements\official_gap_recovery_2026\direct_nec_downloads\documents\620260603-5300-전주시바선거구-100156912-1-선거공보.pdf,downloaded,15399697,,C:\Users\treyl\Documents\Obsidian\Second_Brain\output\nec_2026_local_election_opencrab\github_repo_nec_2026_local_election_opencrab\supplements\official_gap_recovery_2026\direct_nec_downloads\markdown\620260603-5300-전주시바선거구-100156912-1-선거공보.md,ok,8,114,,pymupdf,suspiciously_short_text
620260603-5300-전주시바선거구-100161847-1-선거공보,전북특별자치도,구·시·군의회의원선거,전주시바선거구,송관수,조국혁신당,선거공보,https://policy.nec.go.kr/plc/common/downloadFile.do?requestedFileName=20260603_%EC%A0%84%EC%A3%BC%EC%8B%9C%EB%B0%94%EC%84%A0%EA%B1%B0%EA%B5%AC_%EC%86%A1%EA%B4%80%EC%88%98_%EC%84%A0%EA%B1%B0%EA%B3%B5%EB%B3%B4.pdf&requestedFullPath=20260603/PDF/PBINFO/5301/003_100161847_20260525_1.pdf,C:\Users\treyl\Documents\Obsidian\Second_Brain\output\nec_2026_local_election_opencrab\github_repo_nec_2026_local_election_opencrab\supplements\official_gap_recovery_2026\direct_nec_downloads\documents\620260603-5300-전주시바선거구-100161847-1-선거공보.pdf,downloaded,2750840,,C:\Users\treyl\Documents\Obsidian\Second_Brain\output\nec_2026_local_election_opencrab\github_repo_nec_2026_local_election_opencrab\supplements\official_gap_recovery_2026\direct_nec_downloads\markdown\620260603-5300-전주시바선거구-100161847-1-선거공보.md,ok,2,1876,,pymupdf,ok
620260603-5300-전주시바선거구-100155388-1-선거공보,전북특별자치도,구·시·군의회의원선거,전주시바선거구,김금주,진보당,선거공보,https://policy.nec.go.kr/plc/common/downloadFile.do?requestedFileName=20260603_%EC%A0%84%EC%A3%BC%EC%8B%9C%EB%B0%94%EC%84%A0%EA%B1%B0%EA%B5%AC_%EA%B9%80%EA%B8%88%EC%A3%BC_%EC%84%A0%EA%B1%B0%EA%B3%B5%EB%B3%B4.pdf&requestedFullPath=20260603/PDF/PBINFO/5301/003_100155388_20260525_1.pdf,C:\Users\treyl\Documents\Obsidian\Second_Brain\output\nec_2026_local_election_opencrab\github_repo_nec_2026_local_election_opencrab\supplements\official_gap_recovery_2026\direct_nec_downloads\documents\620260603-5300-전주시바선거구-100155388-1-선거공보.pdf,downloaded,12110762,,C:\Users\treyl\Documents\Obsidian\Second_Brain\output\nec_2026_local_election_opencrab\github_repo_nec_2026_local_election_opencrab\supplements\official_gap_recovery_2026\direct_nec_downloads\markdown\620260603-5300-전주시바선거구-100155388-1-선거공보.md,ok,4,3895,,pymupdf,ok
620260603-5300-전주시바선거구-100162322-1-선거공보,전북특별자치도,구·시·군의회의원선거,전주시바선거구,채영병,무소속,선거공보,https://policy.nec.go.kr/plc/common/downloadFile.do?requestedFileName=20260603_%EC%A0%84%EC%A3%BC%EC%8B%9C%EB%B0%94%EC%84%A0%EA%B1%B0%EA%B5%AC_%EC%B1%84%EC%98%81%EB%B3%91_%EC%84%A0%EA%B1%B0%EA%B3%B5%EB%B3%B4.pdf&requestedFullPath=20260603/PDF/PBINFO/5301/003_100162322_20260525_1.pdf,C:\Users\treyl\Documents\Obsidian\Second_Brain\output\nec_2026_local_election_opencrab\github_repo_nec_2026_local_election_opencrab\supplements\official_gap_recovery_2026\direct_nec_downloads\documents\620260603-5300-전주시바선거구-100162322-1-선거공보.pdf,downloaded,1076452,,C:\Users\treyl\Documents\Obsidian\Second_Brain\output\nec_2026_local_election_opencrab\github_repo_nec_2026_local_election_opencrab\supplements\official_gap_recovery_2026\direct_nec_downloads\markdown\620260603-5300-전주시바선거구-100162322-1-선거공보.md,ok,8,2991,,pymupdf,ok
620260603-5300-전주시사선거구-100155632-1-선거공보,전북특별자치도,구·시·군의회의원선거,전주시사선거구,이성국,더불어민주당,선거공보,https://policy.nec.go.kr/plc/common/downloadFile.do?requestedFileName=20260603_%EC%A0%84%EC%A3%BC%EC%8B%9C%EC%82%AC%EC%84%A0%EA%B1%B0%EA%B5%AC_%EC%9D%B4%EC%84%B1%EA%B5%AD_%EC%84%A0%EA%B1%B0%EA%B3%B5%EB%B3%B4.pdf&requestedFullPath=20260603/PDF/PBINFO/5301/003_100155632_20260525_1.pdf,C:\Users\treyl\Documents\Obsidian\Second_Brain\output\nec_2026_local_election_opencrab\github_repo_nec_2026_local_election_opencrab\supplements\official_gap_recovery_2026\direct_nec_downloads\documents\620260603-5300-전주시사선거구-100155632-1-선거공보.pdf,downloaded,5006127,,C:\Users\treyl\Documents\Obsidian\Second_Brain\output\nec_2026_local_election_opencrab\github_repo_nec_2026_local_election_opencrab\supplements\official_gap_recovery_2026\direct_nec_downloads\markdown\620260603-5300-전주시사선거구-100155632-1-선거공보.md,ok,8,4571,,pymupdf,ok
620260603-5300-전주시사선거구-100156217-1-선거공보,전북특별자치도,구·시·군의회의원선거,전주시사선거구,박용욱,더불어민주당,선거공보,https://policy.nec.go.kr/plc/common/downloadFile.do?requestedFileName=20260603_%EC%A0%84%EC%A3%BC%EC%8B%9C%EC%82%AC%EC%84%A0%EA%B1%B0%EA%B5%AC_%EB%B0%95%EC%9A%A9%EC%9A%B1_%EC%84%A0%EA%B1%B0%EA%B3%B5%EB%B3%B4.pdf&requestedFullPath=20260603/PDF/PBINFO/5301/003_100156217_20260525_1.pdf,C:\Users\treyl\Documents\Obsidian\Second_Brain\output\nec_2026_local_election_opencrab\github_repo_nec_2026_local_election_opencrab\supplements\official_gap_recovery_2026\direct_nec_downloads\documents\620260603-5300-전주시사선거구-100156217-1-선거공보.pdf,downloaded,947083,,C:\Users\treyl\Documents\Obsidian\Second_Brain\output\nec_2026_local_election_opencrab\github_repo_nec_2026_local_election_opencrab\supplements\official_gap_recovery_2026\direct_nec_downloads\markdown\620260603-5300-전주시사선거구-100156217-1-선거공보.md,ok,8,3445,,pymupdf,ok
620260603-5300-전주시사선거구-100163040-1-선거공보,전북특별자치도,구·시·군의회의원선거,전주시사선거구,홍대규,조국혁신당,선거공보,https://policy.nec.go.kr/plc/common/downloadFile.do?requestedFileName=20260603_%EC%A0%84%EC%A3%BC%EC%8B%9C%EC%82%AC%EC%84%A0%EA%B1%B0%EA%B5%AC_%ED%99%8D%EB%8C%80%EA%B7%9C_%EC%84%A0%EA%B1%B0%EA%B3%B5%EB%B3%B4.pdf&requestedFullPath=20260603/PDF/PBINFO/5301/003_100163040_20260525_1.pdf,C:\Users\treyl\Documents\Obsidian\Second_Brain\output\nec_2026_local_election_opencrab\github_repo_nec_2026_local_election_opencrab\supplements\official_gap_recovery_2026\direct_nec_downloads\documents\620260603-5300-전주시사선거구-100163040-1-선거공보.pdf,downloaded,875441,,C:\Users\treyl\Documents\Obsidian\Second_Brain\output\nec_2026_local_election_opencrab\github_repo_nec_2026_local_election_opencrab\supplements\official_gap_recovery_2026\direct_nec_downloads\markdown\620260603-5300-전주시사선거구-100163040-1-선거공보.md,ok,8,114,,pymupdf,suspiciously_short_text
820260603-2700-대구광역시-더불어민주당-1-1,대구광역시,광역의원비례대표선거,대구광역시,,더불어민주당,비례대표 정당 제출자료,https://policy.nec.go.kr/plc/common/downloadFile.do?requestedFileName=20260603_%EB%8C%80%EA%B5%AC%EA%B4%91%EC%97%AD%EC%8B%9C_%EB%8D%94%EB%B6%88%EC%96%B4%EB%AF%BC%EC%A3%BC%EB%8B%B9_%EB%B9%84%EB%A1%80%EB%8C%80%ED%91%9C%20%EC%A0%95%EB%8B%B9%20%EC%A0%9C%EC%B6%9C%EC%9E%90%EB%A3%8C.pdf&requestedFullPath=20260603/PDF/PBINFO_PUB/2700/003_100_20260522_1.pdf,C:\Users\treyl\Documents\Obsidian\Second_Brain\output\nec_2026_local_election_opencrab\github_repo_nec_2026_local_election_opencrab\supplements\official_gap_recovery_2026\direct_nec_downloads\documents\820260603-2700-대구광역시-더불어민주당-1-1.pdf,downloaded,1070447,,C:\Users\treyl\Documents\Obsidian\Second_Brain\output\nec_2026_local_election_opencrab\github_repo_nec_2026_local_election_opencrab\supplements\official_gap_recovery_2026\direct_nec_downloads\markdown\820260603-2700-대구광역시-더불어민주당-1-1.md,ok,4,1493,,pymupdf,ok
820260603-4400-충청남도-더불어민주당-1-1,충청남도,광역의원비례대표선거,충청남도,,더불어민주당,비례대표 정당 제출자료,https://policy.nec.go.kr/plc/common/downloadFile.do?requestedFileName=20260603_%EC%B6%A9%EC%B2%AD%EB%82%A8%EB%8F%84_%EB%8D%94%EB%B6%88%EC%96%B4%EB%AF%BC%EC%A3%BC%EB%8B%B9_%EB%B9%84%EB%A1%80%EB%8C%80%ED%91%9C%20%EC%A0%95%EB%8B%B9%20%EC%A0%9C%EC%B6%9C%EC%9E%90%EB%A3%8C.pdf&requestedFullPath=20260603/PDF/PBINFO_PUB/4400/003_100_20260514_1.pdf,C:\Users\treyl\Documents\Obsidian\Second_Brain\output\nec_2026_local_election_opencrab\github_repo_nec_2026_local_election_opencrab\supplements\official_gap_recovery_2026\direct_nec_downloads\documents\820260603-4400-충청남도-더불어민주당-1-1.pdf,downloaded,7871558,,C:\Users\treyl\Documents\Obsidian\Second_Brain\output\nec_2026_local_election_opencrab\github_repo_nec_2026_local_election_opencrab\supplements\official_gap_recovery_2026\direct_nec_downloads\markdown\820260603-4400-충청남도-더불어민주당-1-1.md,ok,8,2024,,pymupdf,ok
820260603-5300-전북특별자치도-더불어민주당-1-1,전북특별자치도,광역의원비례대표선거,전북특별자치도,,더불어민주당,비례대표 정당 제출자료,https://policy.nec.go.kr/plc/common/downloadFile.do?requestedFileName=20260603_%EC%A0%84%EB%B6%81%ED%8A%B9%EB%B3%84%EC%9E%90%EC%B9%98%EB%8F%84_%EB%8D%94%EB%B6%88%EC%96%B4%EB%AF%BC%EC%A3%BC%EB%8B%B9_%EB%B9%84%EB%A1%80%EB%8C%80%ED%91%9C%20%EC%A0%95%EB%8B%B9%20%EC%A0%9C%EC%B6%9C%EC%9E%90%EB%A3%8C.pdf&requestedFullPath=20260603/PDF/PBINFO_PUB/5300/003_100_20260522_1.pdf,C:\Users\treyl\Documents\Obsidian\Second_Brain\output\nec_2026_local_election_opencrab\github_repo_nec_2026_local_election_opencrab\supplements\official_gap_recovery_2026\direct_nec_downloads\documents\820260603-5300-전북특별자치도-더불어민주당-1-1.pdf,downloaded,7450579,,C:\Users\treyl\Documents\Obsidian\Second_Brain\output\nec_2026_local_election_opencrab\github_repo_nec_2026_local_election_opencrab\supplements\official_gap_recovery_2026\direct_nec_downloads\markdown\820260603-5300-전북특별자치도-더불어민주당-1-1.md,ok,8,120,,pymupdf,suspiciously_short_text
820260603-3100-울산광역시-더불어민주당-1-1,울산광역시,광역의원비례대표선거,울산광역시,,더불어민주당,비례대표 정당 제출자료,https://policy.nec.go.kr/plc/common/downloadFile.do?requestedFileName=20260603_%EC%9A%B8%EC%82%B0%EA%B4%91%EC%97%AD%EC%8B%9C_%EB%8D%94%EB%B6%88%EC%96%B4%EB%AF%BC%EC%A3%BC%EB%8B%B9_%EB%B9%84%EB%A1%80%EB%8C%80%ED%91%9C%20%EC%A0%95%EB%8B%B9%20%EC%A0%9C%EC%B6%9C%EC%9E%90%EB%A3%8C.pdf&requestedFullPath=20260603/PDF/PBINFO_PUB/3100/003_100_20260521_1.pdf,C:\Users\treyl\Documents\Obsidian\Second_Brain\output\nec_2026_local_election_opencrab\github_repo_nec_2026_local_election_opencrab\supplements\official_gap_recovery_2026\direct_nec_downloads\documents\820260603-3100-울산광역시-더불어민주당-1-1.pdf,downloaded,6502641,,C:\Users\treyl\Documents\Obsidian\Second_Brain\output\nec_2026_local_election_opencrab\github_repo_nec_2026_local_election_opencrab\supplements\official_gap_recovery_2026\direct_nec_downloads\markdown\820260603-3100-울산광역시-더불어민주당-1-1.md,ok,5,2533,,pymupdf,ok
820260603-4300-충청북도-더불어민주당-1-1,충청북도,광역의원비례대표선거,충청북도,,더불어민주당,비례대표 정당 제출자료,https://policy.nec.go.kr/plc/common/downloadFile.do?requestedFileName=20260603_%EC%B6%A9%EC%B2%AD%EB%B6%81%EB%8F%84_%EB%8D%94%EB%B6%88%EC%96%B4%EB%AF%BC%EC%A3%BC%EB%8B%B9_%EB%B9%84%EB%A1%80%EB%8C%80%ED%91%9C%20%EC%A0%95%EB%8B%B9%20%EC%A0%9C%EC%B6%9C%EC%9E%90%EB%A3%8C.pdf&requestedFullPath=20260603/PDF/PBINFO_PUB/4300/003_100_20260516_1.pdf,C:\Users\treyl\Documents\Obsidian\Second_Brain\output\nec_2026_local_election_opencrab\github_repo_nec_2026_local_election_opencrab\supplements\official_gap_recovery_2026\direct_nec_downloads\documents\820260603-4300-충청북도-더불어민주당-1-1.pdf,downloaded,7288129,,C:\Users\treyl\Documents\Obsidian\Second_Brain\output\nec_2026_local_election_opencrab\github_repo_nec_2026_local_election_opencrab\supplements\official_gap_recovery_2026\direct_nec_downloads\markdown\820260603-4300-충청북도-더불어민주당-1-1.md,ok,8,2764,,pymupdf,ok
820260603-1100-서울특별시-더불어민주당-1-1,서울특별시,광역의원비례대표선거,서울특별시,,더불어민주당,비례대표 정당 제출자료,https://policy.nec.go.kr/plc/common/downloadFile.do?requestedFileName=20260603_%EC%84%9C%EC%9A%B8%ED%8A%B9%EB%B3%84%EC%8B%9C_%EB%8D%94%EB%B6%88%EC%96%B4%EB%AF%BC%EC%A3%BC%EB%8B%B9_%EB%B9%84%EB%A1%80%EB%8C%80%ED%91%9C%20%EC%A0%95%EB%8B%B9%20%EC%A0%9C%EC%B6%9C%EC%9E%90%EB%A3%8C.pdf&requestedFullPath=20260603/PDF/PBINFO_PUB/1100/003_100_20260523_1.pdf,C:\Users\treyl\Documents\Obsidian\Second_Brain\output\nec_2026_local_election_opencrab\github_repo_nec_2026_local_election_opencrab\supplements\official_gap_recovery_2026\direct_nec_downloads\documents\820260603-1100-서울특별시-더불어민주당-1-1.pdf,downloaded,5387891,,C:\Users\treyl\Documents\Obsidian\Second_Brain\output\nec_2026_local_election_opencrab\github_repo_nec_2026_local_election_opencrab\supplements\official_gap_recovery_2026\direct_nec_downloads\markdown\820260603-1100-서울특별시-더불어민주당-1-1.md,ok,8,3255,,pymupdf,ok
820260603-2600-부산광역시-더불어민주당-1-1,부산광역시,광역의원비례대표선거,부산광역시,,더불어민주당,비례대표 정당 제출자료,https://policy.nec.go.kr/plc/common/downloadFile.do?requestedFileName=20260603_%EB%B6%80%EC%82%B0%EA%B4%91%EC%97%AD%EC%8B%9C_%EB%8D%94%EB%B6%88%EC%96%B4%EB%AF%BC%EC%A3%BC%EB%8B%B9_%EB%B9%84%EB%A1%80%EB%8C%80%ED%91%9C%20%EC%A0%95%EB%8B%B9%20%EC%A0%9C%EC%B6%9C%EC%9E%90%EB%A3%8C.pdf&requestedFullPath=20260603/PDF/PBINFO_PUB/2600/003_100_20260522_1.pdf,C:\Users\treyl\Documents\Obsidian\Second_Brain\output\nec_2026_local_election_opencrab\github_repo_nec_2026_local_election_opencrab\supplements\official_gap_recovery_2026\direct_nec_downloads\documents\820260603-2600-부산광역시-더불어민주당-1-1.pdf,downloaded,10762372,,C:\Users\treyl\Documents\Obsidian\Second_Brain\output\nec_2026_local_election_opencrab\github_repo_nec_2026_local_election_opencrab\supplements\official_gap_recovery_2026\direct_nec_downloads\markdown\820260603-2600-부산광역시-더불어민주당-1-1.md,ok,8,3222,,pymupdf,ok
820260603-4700-경상북도-더불어민주당-1-1,경상북도,광역의원비례대표선거,경상북도,,더불어민주당,비례대표 정당 제출자료,https://policy.nec.go.kr/plc/common/downloadFile.do?requestedFileName=20260603_%EA%B2%BD%EC%83%81%EB%B6%81%EB%8F%84_%EB%8D%94%EB%B6%88%EC%96%B4%EB%AF%BC%EC%A3%BC%EB%8B%B9_%EB%B9%84%EB%A1%80%EB%8C%80%ED%91%9C%20%EC%A0%95%EB%8B%B9%20%EC%A0%9C%EC%B6%9C%EC%9E%90%EB%A3%8C.pdf&requestedFullPath=20260603/PDF/PBINFO_PUB/4700/003_100_20260517_1.pdf,C:\Users\treyl\Documents\Obsidian\Second_Brain\output\nec_2026_local_election_opencrab\github_repo_nec_2026_local_election_opencrab\supplements\official_gap_recovery_2026\direct_nec_downloads\documents\820260603-4700-경상북도-더불어민주당-1-1.pdf,downloaded,3033669,,C:\Users\treyl\Documents\Obsidian\Second_Brain\output\nec_2026_local_election_opencrab\github_repo_nec_2026_local_election_opencrab\supplements\official_gap_recovery_2026\direct_nec_downloads\markdown\820260603-4700-경상북도-더불어민주당-1-1.md,ok,8,2366,,pymupdf,ok
820260603-5200-강원특별자치도-더불어민주당-1-1,강원특별자치도,광역의원비례대표선거,강원특별자치도,,더불어민주당,비례대표 정당 제출자료,https://policy.nec.go.kr/plc/common/downloadFile.do?requestedFileName=20260603_%EA%B0%95%EC%9B%90%ED%8A%B9%EB%B3%84%EC%9E%90%EC%B9%98%EB%8F%84_%EB%8D%94%EB%B6%88%EC%96%B4%EB%AF%BC%EC%A3%BC%EB%8B%B9_%EB%B9%84%EB%A1%80%EB%8C%80%ED%91%9C%20%EC%A0%95%EB%8B%B9%20%EC%A0%9C%EC%B6%9C%EC%9E%90%EB%A3%8C.pdf&requestedFullPath=20260603/PDF/PBINFO_PUB/5200/003_100_20260518_1.pdf,C:\Users\treyl\Documents\Obsidian\Second_Brain\output\nec_2026_local_election_opencrab\github_repo_nec_2026_local_election_opencrab\supplements\official_gap_recovery_2026\direct_nec_downloads\documents\820260603-5200-강원특별자치도-더불어민주당-1-1.pdf,downloaded,6197403,,C:\Users\treyl\Documents\Obsidian\Second_Brain\output\nec_2026_local_election_opencrab\github_repo_nec_2026_local_election_opencrab\supplements\official_gap_recovery_2026\direct_nec_downloads\markdown\820260603-5200-강원특별자치도-더불어민주당-1-1.md,ok,8,2161,,pymupdf,ok
820260603-4800-경상남도-더불어민주당-1-1,경상남도,광역의원비례대표선거,경상남도,,더불어민주당,비례대표 정당 제출자료,https://policy.nec.go.kr/plc/common/downloadFile.do?requestedFileName=20260603_%EA%B2%BD%EC%83%81%EB%82%A8%EB%8F%84_%EB%8D%94%EB%B6%88%EC%96%B4%EB%AF%BC%EC%A3%BC%EB%8B%B9_%EB%B9%84%EB%A1%80%EB%8C%80%ED%91%9C%20%EC%A0%95%EB%8B%B9%20%EC%A0%9C%EC%B6%9C%EC%9E%90%EB%A3%8C.pdf&requestedFullPath=20260603/PDF/PBINFO_PUB/4800/003_100_20260520_1.pdf,C:\Users\treyl\Documents\Obsidian\Second_Brain\output\nec_2026_local_election_opencrab\github_repo_nec_2026_local_election_opencrab\supplements\official_gap_recovery_2026\direct_nec_downloads\documents\820260603-4800-경상남도-더불어민주당-1-1.pdf,downloaded,689977,,C:\Users\treyl\Documents\Obsidian\Second_Brain\output\nec_2026_local_election_opencrab\github_repo_nec_2026_local_election_opencrab\supplements\official_gap_recovery_2026\direct_nec_downloads\markdown\820260603-4800-경상남도-더불어민주당-1-1.md,ok,8,3376,,pymupdf,ok
820260603-2900-전남광주통합특별시-더불어민주당-1-1,전남광주통합특별시,광역의원비례대표선거,전남광주통합특별시,,더불어민주당,비례대표 정당 제출자료,https://policy.nec.go.kr/plc/common/downloadFile.do?requestedFileName=20260603_%EC%A0%84%EB%82%A8%EA%B4%91%EC%A3%BC%ED%86%B5%ED%95%A9%ED%8A%B9%EB%B3%84%EC%8B%9C_%EB%8D%94%EB%B6%88%EC%96%B4%EB%AF%BC%EC%A3%BC%EB%8B%B9_%EB%B9%84%EB%A1%80%EB%8C%80%ED%91%9C%20%EC%A0%95%EB%8B%B9%20%EC%A0%9C%EC%B6%9C%EC%9E%90%EB%A3%8C.pdf&requestedFullPath=20260603/PDF/PBINFO_PUB/2900/003_100_20260523_4.pdf,C:\Users\treyl\Documents\Obsidian\Second_Brain\output\nec_2026_local_election_opencrab\github_repo_nec_2026_local_election_opencrab\supplements\official_gap_recovery_2026\direct_nec_downloads\documents\820260603-2900-전남광주통합특별시-더불어민주당-1-1.pdf,downloaded,4251343,,C:\Users\treyl\Documents\Obsidian\Second_Brain\output\nec_2026_local_election_opencrab\github_repo_nec_2026_local_election_opencrab\supplements\official_gap_recovery_2026\direct_nec_downloads\markdown\820260603-2900-전남광주통합특별시-더불어민주당-1-1.md,ok,4,2372,,pymupdf,ok
820260603-2800-인천광역시-더불어민주당-1-1,인천광역시,광역의원비례대표선거,인천광역시,,더불어민주당,비례대표 정당 제출자료,https://policy.nec.go.kr/plc/common/downloadFile.do?requestedFileName=20260603_%EC%9D%B8%EC%B2%9C%EA%B4%91%EC%97%AD%EC%8B%9C_%EB%8D%94%EB%B6%88%EC%96%B4%EB%AF%BC%EC%A3%BC%EB%8B%B9_%EB%B9%84%EB%A1%80%EB%8C%80%ED%91%9C%20%EC%A0%95%EB%8B%B9%20%EC%A0%9C%EC%B6%9C%EC%9E%90%EB%A3%8C.pdf&requestedFullPath=20260603/PDF/PBINFO_PUB/2800/003_100_20260518_1.pdf,C:\Users\treyl\Documents\Obsidian\Second_Brain\output\nec_2026_local_election_opencrab\github_repo_nec_2026_local_election_opencrab\supplements\official_gap_recovery_2026\direct_nec_downloads\documents\820260603-2800-인천광역시-더불어민주당-1-1.pdf,downloaded,6365069,,C:\Users\treyl\Documents\Obsidian\Second_Brain\output\nec_2026_local_election_opencrab\github_repo_nec_2026_local_election_opencrab\supplements\official_gap_recovery_2026\direct_nec_downloads\markdown\820260603-2800-인천광역시-더불어민주당-1-1.md,ok,8,3526,,pymupdf,ok
820260603-5100-세종특별자치시-더불어민주당-1-1,세종특별자치시,광역의원비례대표선거,세종특별자치시,,더불어민주당,비례대표 정당 제출자료,https://policy.nec.go.kr/plc/common/downloadFile.do?requestedFileName=20260603_%EC%84%B8%EC%A2%85%ED%8A%B9%EB%B3%84%EC%9E%90%EC%B9%98%EC%8B%9C_%EB%8D%94%EB%B6%88%EC%96%B4%EB%AF%BC%EC%A3%BC%EB%8B%B9_%EB%B9%84%EB%A1%80%EB%8C%80%ED%91%9C%20%EC%A0%95%EB%8B%B9%20%EC%A0%9C%EC%B6%9C%EC%9E%90%EB%A3%8C.pdf&requestedFullPath=20260603/PDF/PBINFO_PUB/5100/003_100_20260522_1.pdf,C:\Users\treyl\Documents\Obsidian\Second_Brain\output\nec_2026_local_election_opencrab\github_repo_nec_2026_local_election_opencrab\supplements\official_gap_recovery_2026\direct_nec_downloads\documents\820260603-5100-세종특별자치시-더불어민주당-1-1.pdf,downloaded,1402435,,C:\Users\treyl\Documents\Obsidian\Second_Brain\output\nec_2026_local_election_opencrab\github_repo_nec_2026_local_election_opencrab\supplements\official_gap_recovery_2026\direct_nec_downloads\markdown\820260603-5100-세종특별자치시-더불어민주당-1-1.md,ok,8,2139,,pymupdf,ok
820260603-4100-경기도-더불어민주당-1-1,경기도,광역의원비례대표선거,경기도,,더불어민주당,비례대표 정당 제출자료,https://policy.nec.go.kr/plc/common/downloadFile.do?requestedFileName=20260603_%EA%B2%BD%EA%B8%B0%EB%8F%84_%EB%8D%94%EB%B6%88%EC%96%B4%EB%AF%BC%EC%A3%BC%EB%8B%B9_%EB%B9%84%EB%A1%80%EB%8C%80%ED%91%9C%20%EC%A0%95%EB%8B%B9%20%EC%A0%9C%EC%B6%9C%EC%9E%90%EB%A3%8C.pdf&requestedFullPath=20260603/PDF/PBINFO_PUB/4100/003_100_20260523_1.pdf,C:\Users\treyl\Documents\Obsidian\Second_Brain\output\nec_2026_local_election_opencrab\github_repo_nec_2026_local_election_opencrab\supplements\official_gap_recovery_2026\direct_nec_downloads\documents\820260603-4100-경기도-더불어민주당-1-1.pdf,downloaded,2499286,,C:\Users\treyl\Documents\Obsidian\Second_Brain\output\nec_2026_local_election_opencrab\github_repo_nec_2026_local_election_opencrab\supplements\official_gap_recovery_2026\direct_nec_downloads\markdown\820260603-4100-경기도-더불어민주당-1-1.md,ok,8,3755,,pymupdf,ok
820260603-4900-제주특별자치도-더불어민주당-1-1,제주특별자치도,광역의원비례대표선거,제주특별자치도,,더불어민주당,비례대표 정당 제출자료,https://policy.nec.go.kr/plc/common/downloadFile.do?requestedFileName=20260603_%EC%A0%9C%EC%A3%BC%ED%8A%B9%EB%B3%84%EC%9E%90%EC%B9%98%EB%8F%84_%EB%8D%94%EB%B6%88%EC%96%B4%EB%AF%BC%EC%A3%BC%EB%8B%B9_%EB%B9%84%EB%A1%80%EB%8C%80%ED%91%9C%20%EC%A0%95%EB%8B%B9%20%EC%A0%9C%EC%B6%9C%EC%9E%90%EB%A3%8C.pdf&requestedFullPath=20260603/PDF/PBINFO_PUB/4900/003_100_20260520_1.pdf,C:\Users\treyl\Documents\Obsidian\Second_Brain\output\nec_2026_local_election_opencrab\github_repo_nec_2026_local_election_opencrab\supplements\official_gap_recovery_2026\direct_nec_downloads\documents\820260603-4900-제주특별자치도-더불어민주당-1-1.pdf,downloaded,2378139,,C:\Users\treyl\Documents\Obsidian\Second_Brain\output\nec_2026_local_election_opencrab\github_repo_nec_2026_local_election_opencrab\supplements\official_gap_recovery_2026\direct_nec_downloads\markdown\820260603-4900-제주특별자치도-더불어민주당-1-1.md,ok,8,2972,,pymupdf,ok
820260603-3000-대전광역시-더불어민주당-1-1,대전광역시,광역의원비례대표선거,대전광역시,,더불어민주당,비례대표 정당 제출자료,https://policy.nec.go.kr/plc/common/downloadFile.do?requestedFileName=20260603_%EB%8C%80%EC%A0%84%EA%B4%91%EC%97%AD%EC%8B%9C_%EB%8D%94%EB%B6%88%EC%96%B4%EB%AF%BC%EC%A3%BC%EB%8B%B9_%EB%B9%84%EB%A1%80%EB%8C%80%ED%91%9C%20%EC%A0%95%EB%8B%B9%20%EC%A0%9C%EC%B6%9C%EC%9E%90%EB%A3%8C.pdf&requestedFullPath=20260603/PDF/PBINFO_PUB/3000/003_100_20260514_1.pdf,C:\Users\treyl\Documents\Obsidian\Second_Brain\output\nec_2026_local_election_opencrab\github_repo_nec_2026_local_election_opencrab\supplements\official_gap_recovery_2026\direct_nec_downloads\documents\820260603-3000-대전광역시-더불어민주당-1-1.pdf,downloaded,8725719,,C:\Users\treyl\Documents\Obsidian\Second_Brain\output\nec_2026_local_election_opencrab\github_repo_nec_2026_local_election_opencrab\supplements\official_gap_recovery_2026\direct_nec_downloads\markdown\820260603-3000-대전광역시-더불어민주당-1-1.md,ok,8,2390,,pymupdf,ok
820260603-2800-인천광역시-국민의힘-1-1,인천광역시,광역의원비례대표선거,인천광역시,,국민의힘,비례대표 정당 제출자료,https://policy.nec.go.kr/plc/common/downloadFile.do?requestedFileName=20260603_%EC%9D%B8%EC%B2%9C%EA%B4%91%EC%97%AD%EC%8B%9C_%EA%B5%AD%EB%AF%BC%EC%9D%98%ED%9E%98_%EB%B9%84%EB%A1%80%EB%8C%80%ED%91%9C%20%EC%A0%95%EB%8B%B9%20%EC%A0%9C%EC%B6%9C%EC%9E%90%EB%A3%8C.pdf&requestedFullPath=20260603/PDF/PBINFO_PUB/2800/003_200_20260518_1.pdf,C:\Users\treyl\Documents\Obsidian\Second_Brain\output\nec_2026_local_election_opencrab\github_repo_nec_2026_local_election_opencrab\supplements\official_gap_recovery_2026\direct_nec_downloads\documents\820260603-2800-인천광역시-국민의힘-1-1.pdf,downloaded,13342785,,C:\Users\treyl\Documents\Obsidian\Second_Brain\output\nec_2026_local_election_opencrab\github_repo_nec_2026_local_election_opencrab\supplements\official_gap_recovery_2026\direct_nec_downloads\markdown\820260603-2800-인천광역시-국민의힘-1-1.md,ok,8,2702,,pymupdf,ok
820260603-5100-세종특별자치시-국민의힘-1-1,세종특별자치시,광역의원비례대표선거,세종특별자치시,,국민의힘,비례대표 정당 제출자료,https://policy.nec.go.kr/plc/common/downloadFile.do?requestedFileName=20260603_%EC%84%B8%EC%A2%85%ED%8A%B9%EB%B3%84%EC%9E%90%EC%B9%98%EC%8B%9C_%EA%B5%AD%EB%AF%BC%EC%9D%98%ED%9E%98_%EB%B9%84%EB%A1%80%EB%8C%80%ED%91%9C%20%EC%A0%95%EB%8B%B9%20%EC%A0%9C%EC%B6%9C%EC%9E%90%EB%A3%8C.pdf&requestedFullPath=20260603/PDF/PBINFO_PUB/5100/003_200_20260522_1.pdf,C:\Users\treyl\Documents\Obsidian\Second_Brain\output\nec_2026_local_election_opencrab\github_repo_nec_2026_local_election_opencrab\supplements\official_gap_recovery_2026\direct_nec_downloads\documents\820260603-5100-세종특별자치시-국민의힘-1-1.pdf,downloaded,2666761,,C:\Users\treyl\Documents\Obsidian\Second_Brain\output\nec_2026_local_election_opencrab\github_repo_nec_2026_local_election_opencrab\supplements\official_gap_recovery_2026\direct_nec_downloads\markdown\820260603-5100-세종특별자치시-국민의힘-1-1.md,ok,8,1914,,pymupdf,ok
820260603-2900-전남광주통합특별시-국민의힘-1-1,전남광주통합특별시,광역의원비례대표선거,전남광주통합특별시,,국민의힘,비례대표 정당 제출자료,https://policy.nec.go.kr/plc/common/downloadFile.do?requestedFileName=20260603_%EC%A0%84%EB%82%A8%EA%B4%91%EC%A3%BC%ED%86%B5%ED%95%A9%ED%8A%B9%EB%B3%84%EC%8B%9C_%EA%B5%AD%EB%AF%BC%EC%9D%98%ED%9E%98_%EB%B9%84%EB%A1%80%EB%8C%80%ED%91%9C%20%EC%A0%95%EB%8B%B9%20%EC%A0%9C%EC%B6%9C%EC%9E%90%EB%A3%8C.pdf&requestedFullPath=20260603/PDF/PBINFO_PUB/2900/003_200_20260522_1.pdf,C:\Users\treyl\Documents\Obsidian\Second_Brain\output\nec_2026_local_election_opencrab\github_repo_nec_2026_local_election_opencrab\supplements\official_gap_recovery_2026\direct_nec_downloads\documents\820260603-2900-전남광주통합특별시-국민의힘-1-1.pdf,downloaded,1282168,,C:\Users\treyl\Documents\Obsidian\Second_Brain\output\nec_2026_local_election_opencrab\github_repo_nec_2026_local_election_opencrab\supplements\official_gap_recovery_2026\direct_nec_downloads\markdown\820260603-2900-전남광주통합특별시-국민의힘-1-1.md,ok,2,927,,pymupdf,ok
820260603-3000-대전광역시-국민의힘-1-1,대전광역시,광역의원비례대표선거,대전광역시,,국민의힘,비례대표 정당 제출자료,https://policy.nec.go.kr/plc/common/downloadFile.do?requestedFileName=20260603_%EB%8C%80%EC%A0%84%EA%B4%91%EC%97%AD%EC%8B%9C_%EA%B5%AD%EB%AF%BC%EC%9D%98%ED%9E%98_%EB%B9%84%EB%A1%80%EB%8C%80%ED%91%9C%20%EC%A0%95%EB%8B%B9%20%EC%A0%9C%EC%B6%9C%EC%9E%90%EB%A3%8C.pdf&requestedFullPath=20260603/PDF/PBINFO_PUB/3000/003_200_20260514_1.pdf,C:\Users\treyl\Documents\Obsidian\Second_Brain\output\nec_2026_local_election_opencrab\github_repo_nec_2026_local_election_opencrab\supplements\official_gap_recovery_2026\direct_nec_downloads\documents\820260603-3000-대전광역시-국민의힘-1-1.pdf,downloaded,9770329,,C:\Users\treyl\Documents\Obsidian\Second_Brain\output\nec_2026_local_election_opencrab\github_repo_nec_2026_local_election_opencrab\supplements\official_gap_recovery_2026\direct_nec_downloads\markdown\820260603-3000-대전광역시-국민의힘-1-1.md,ok,8,3014,,pymupdf,ok
820260603-3100-울산광역시-국민의힘-1-1,울산광역시,광역의원비례대표선거,울산광역시,,국민의힘,비례대표 정당 제출자료,https://policy.nec.go.kr/plc/common/downloadFile.do?requestedFileName=20260603_%EC%9A%B8%EC%82%B0%EA%B4%91%EC%97%AD%EC%8B%9C_%EA%B5%AD%EB%AF%BC%EC%9D%98%ED%9E%98_%EB%B9%84%EB%A1%80%EB%8C%80%ED%91%9C%20%EC%A0%95%EB%8B%B9%20%EC%A0%9C%EC%B6%9C%EC%9E%90%EB%A3%8C.pdf&requestedFullPath=20260603/PDF/PBINFO_PUB/3100/003_200_20260521_1.pdf,C:\Users\treyl\Documents\Obsidian\Second_Brain\output\nec_2026_local_election_opencrab\github_repo_nec_2026_local_election_opencrab\supplements\official_gap_recovery_2026\direct_nec_downloads\documents\820260603-3100-울산광역시-국민의힘-1-1.pdf,downloaded,16991309,,C:\Users\treyl\Documents\Obsidian\Second_Brain\output\nec_2026_local_election_opencrab\github_repo_nec_2026_local_election_opencrab\supplements\official_gap_recovery_2026\direct_nec_downloads\markdown\820260603-3100-울산광역시-국민의힘-1-1.md,ok,8,3806,,pymupdf,ok
820260603-1100-서울특별시-국민의힘-1-1,서울특별시,광역의원비례대표선거,서울특별시,,국민의힘,비례대표 정당 제출자료,https://policy.nec.go.kr/plc/common/downloadFile.do?requestedFileName=20260603_%EC%84%9C%EC%9A%B8%ED%8A%B9%EB%B3%84%EC%8B%9C_%EA%B5%AD%EB%AF%BC%EC%9D%98%ED%9E%98_%EB%B9%84%EB%A1%80%EB%8C%80%ED%91%9C%20%EC%A0%95%EB%8B%B9%20%EC%A0%9C%EC%B6%9C%EC%9E%90%EB%A3%8C.pdf&requestedFullPath=20260603/PDF/PBINFO_PUB/1100/003_200_20260523_1.pdf,C:\Users\treyl\Documents\Obsidian\Second_Brain\output\nec_2026_local_election_opencrab\github_repo_nec_2026_local_election_opencrab\supplements\official_gap_recovery_2026\direct_nec_downloads\documents\820260603-1100-서울특별시-국민의힘-1-1.pdf,downloaded,3201875,,C:\Users\treyl\Documents\Obsidian\Second_Brain\output\nec_2026_local_election_opencrab\github_repo_nec_2026_local_election_opencrab\supplements\official_gap_recovery_2026\direct_nec_downloads\markdown\820260603-1100-서울특별시-국민의힘-1-1.md,ok,8,2904,,pymupdf,ok
820260603-2600-부산광역시-국민의힘-1-1,부산광역시,광역의원비례대표선거,부산광역시,,국민의힘,비례대표 정당 제출자료,https://policy.nec.go.kr/plc/common/downloadFile.do?requestedFileName=20260603_%EB%B6%80%EC%82%B0%EA%B4%91%EC%97%AD%EC%8B%9C_%EA%B5%AD%EB%AF%BC%EC%9D%98%ED%9E%98_%EB%B9%84%EB%A1%80%EB%8C%80%ED%91%9C%20%EC%A0%95%EB%8B%B9%20%EC%A0%9C%EC%B6%9C%EC%9E%90%EB%A3%8C.pdf&requestedFullPath=20260603/PDF/PBINFO_PUB/2600/003_200_20260525_3.pdf,C:\Users\treyl\Documents\Obsidian\Second_Brain\output\nec_2026_local_election_opencrab\github_repo_nec_2026_local_election_opencrab\supplements\official_gap_recovery_2026\direct_nec_downloads\documents\820260603-2600-부산광역시-국민의힘-1-1.pdf,downloaded,5469710,,C:\Users\treyl\Documents\Obsidian\Second_Brain\output\nec_2026_local_election_opencrab\github_repo_nec_2026_local_election_opencrab\supplements\official_gap_recovery_2026\direct_nec_downloads\markdown\820260603-2600-부산광역시-국민의힘-1-1.md,ok,4,54,,pymupdf,suspiciously_short_text
820260603-4100-경기도-국민의힘-1-1,경기도,광역의원비례대표선거,경기도,,국민의힘,비례대표 정당 제출자료,https://policy.nec.go.kr/plc/common/downloadFile.do?requestedFileName=20260603_%EA%B2%BD%EA%B8%B0%EB%8F%84_%EA%B5%AD%EB%AF%BC%EC%9D%98%ED%9E%98_%EB%B9%84%EB%A1%80%EB%8C%80%ED%91%9C%20%EC%A0%95%EB%8B%B9%20%EC%A0%9C%EC%B6%9C%EC%9E%90%EB%A3%8C.pdf&requestedFullPath=20260603/PDF/PBINFO_PUB/4100/003_200_20260523_1.pdf,C:\Users\treyl\Documents\Obsidian\Second_Brain\output\nec_2026_local_election_opencrab\github_repo_nec_2026_local_election_opencrab\supplements\official_gap_recovery_2026\direct_nec_downloads\documents\820260603-4100-경기도-국민의힘-1-1.pdf,downloaded,5341908,,C:\Users\treyl\Documents\Obsidian\Second_Brain\output\nec_2026_local_election_opencrab\github_repo_nec_2026_local_election_opencrab\supplements\official_gap_recovery_2026\direct_nec_downloads\markdown\820260603-4100-경기도-국민의힘-1-1.md,ok,8,2131,,pymupdf,ok
820260603-4400-충청남도-국민의힘-1-1,충청남도,광역의원비례대표선거,충청남도,,국민의힘,비례대표 정당 제출자료,https://policy.nec.go.kr/plc/common/downloadFile.do?requestedFileName=20260603_%EC%B6%A9%EC%B2%AD%EB%82%A8%EB%8F%84_%EA%B5%AD%EB%AF%BC%EC%9D%98%ED%9E%98_%EB%B9%84%EB%A1%80%EB%8C%80%ED%91%9C%20%EC%A0%95%EB%8B%B9%20%EC%A0%9C%EC%B6%9C%EC%9E%90%EB%A3%8C.pdf&requestedFullPath=20260603/PDF/PBINFO_PUB/4400/003_200_20260525_1.pdf,C:\Users\treyl\Documents\Obsidian\Second_Brain\output\nec_2026_local_election_opencrab\github_repo_nec_2026_local_election_opencrab\supplements\official_gap_recovery_2026\direct_nec_downloads\documents\820260603-4400-충청남도-국민의힘-1-1.pdf,downloaded,12447366,,C:\Users\treyl\Documents\Obsidian\Second_Brain\output\nec_2026_local_election_opencrab\github_repo_nec_2026_local_election_opencrab\supplements\official_gap_recovery_2026\direct_nec_downloads\markdown\820260603-4400-충청남도-국민의힘-1-1.md,ok,8,4613,,pymupdf,ok
820260603-4300-충청북도-국민의힘-1-1,충청북도,광역의원비례대표선거,충청북도,,국민의힘,비례대표 정당 제출자료,https://policy.nec.go.kr/plc/common/downloadFile.do?requestedFileName=20260603_%EC%B6%A9%EC%B2%AD%EB%B6%81%EB%8F%84_%EA%B5%AD%EB%AF%BC%EC%9D%98%ED%9E%98_%EB%B9%84%EB%A1%80%EB%8C%80%ED%91%9C%20%EC%A0%95%EB%8B%B9%20%EC%A0%9C%EC%B6%9C%EC%9E%90%EB%A3%8C.pdf&requestedFullPath=20260603/PDF/PBINFO_PUB/4300/003_200_20260516_1.pdf,C:\Users\treyl\Documents\Obsidian\Second_Brain\output\nec_2026_local_election_opencrab\github_repo_nec_2026_local_election_opencrab\supplements\official_gap_recovery_2026\direct_nec_downloads\documents\820260603-4300-충청북도-국민의힘-1-1.pdf,downloaded,10586565,,C:\Users\treyl\Documents\Obsidian\Second_Brain\output\nec_2026_local_election_opencrab\github_repo_nec_2026_local_election_opencrab\supplements\official_gap_recovery_2026\direct_nec_downloads\markdown\820260603-4300-충청북도-국민의힘-1-1.md,ok,8,2768,,pymupdf,ok
820260603-4700-경상북도-국민의힘-1-1,경상북도,광역의원비례대표선거,경상북도,,국민의힘,비례대표 정당 제출자료,https://policy.nec.go.kr/plc/common/downloadFile.do?requestedFileName=20260603_%EA%B2%BD%EC%83%81%EB%B6%81%EB%8F%84_%EA%B5%AD%EB%AF%BC%EC%9D%98%ED%9E%98_%EB%B9%84%EB%A1%80%EB%8C%80%ED%91%9C%20%EC%A0%95%EB%8B%B9%20%EC%A0%9C%EC%B6%9C%EC%9E%90%EB%A3%8C.pdf&requestedFullPath=20260603/PDF/PBINFO_PUB/4700/003_200_20260522_2.pdf,C:\Users\treyl\Documents\Obsidian\Second_Brain\output\nec_2026_local_election_opencrab\github_repo_nec_2026_local_election_opencrab\supplements\official_gap_recovery_2026\direct_nec_downloads\documents\820260603-4700-경상북도-국민의힘-1-1.pdf,downloaded,2612540,,C:\Users\treyl\Documents\Obsidian\Second_Brain\output\nec_2026_local_election_opencrab\github_repo_nec_2026_local_election_opencrab\supplements\official_gap_recovery_2026\direct_nec_downloads\markdown\820260603-4700-경상북도-국민의힘-1-1.md,ok,4,1217,,pymupdf,ok
820260603-4900-제주특별자치도-국민의힘-1-1,제주특별자치도,광역의원비례대표선거,제주특별자치도,,국민의힘,비례대표 정당 제출자료,https://policy.nec.go.kr/plc/common/downloadFile.do?requestedFileName=20260603_%EC%A0%9C%EC%A3%BC%ED%8A%B9%EB%B3%84%EC%9E%90%EC%B9%98%EB%8F%84_%EA%B5%AD%EB%AF%BC%EC%9D%98%ED%9E%98_%EB%B9%84%EB%A1%80%EB%8C%80%ED%91%9C%20%EC%A0%95%EB%8B%B9%20%EC%A0%9C%EC%B6%9C%EC%9E%90%EB%A3%8C.pdf&requestedFullPath=20260603/PDF/PBINFO_PUB/4900/003_200_20260520_1.pdf,C:\Users\treyl\Documents\Obsidian\Second_Brain\output\nec_2026_local_election_opencrab\github_repo_nec_2026_local_election_opencrab\supplements\official_gap_recovery_2026\direct_nec_downloads\documents\820260603-4900-제주특별자치도-국민의힘-1-1.pdf,downloaded,856182,,C:\Users\treyl\Documents\Obsidian\Second_Brain\output\nec_2026_local_election_opencrab\github_repo_nec_2026_local_election_opencrab\supplements\official_gap_recovery_2026\direct_nec_downloads\markdown\820260603-4900-제주특별자치도-국민의힘-1-1.md,ok,8,2851,,pymupdf,ok
820260603-5200-강원특별자치도-국민의힘-1-1,강원특별자치도,광역의원비례대표선거,강원특별자치도,,국민의힘,비례대표 정당 제출자료,https://policy.nec.go.kr/plc/common/downloadFile.do?requestedFileName=20260603_%EA%B0%95%EC%9B%90%ED%8A%B9%EB%B3%84%EC%9E%90%EC%B9%98%EB%8F%84_%EA%B5%AD%EB%AF%BC%EC%9D%98%ED%9E%98_%EB%B9%84%EB%A1%80%EB%8C%80%ED%91%9C%20%EC%A0%95%EB%8B%B9%20%EC%A0%9C%EC%B6%9C%EC%9E%90%EB%A3%8C.pdf&requestedFullPath=20260603/PDF/PBINFO_PUB/5200/003_200_20260518_1.pdf,C:\Users\treyl\Documents\Obsidian\Second_Brain\output\nec_2026_local_election_opencrab\github_repo_nec_2026_local_election_opencrab\supplements\official_gap_recovery_2026\direct_nec_downloads\documents\820260603-5200-강원특별자치도-국민의힘-1-1.pdf,downloaded,5695898,,C:\Users\treyl\Documents\Obsidian\Second_Brain\output\nec_2026_local_election_opencrab\github_repo_nec_2026_local_election_opencrab\supplements\official_gap_recovery_2026\direct_nec_downloads\markdown\820260603-5200-강원특별자치도-국민의힘-1-1.md,ok,4,2048,,pymupdf,ok
820260603-4800-경상남도-국민의힘-1-1,경상남도,광역의원비례대표선거,경상남도,,국민의힘,비례대표 정당 제출자료,https://policy.nec.go.kr/plc/common/downloadFile.do?requestedFileName=20260603_%EA%B2%BD%EC%83%81%EB%82%A8%EB%8F%84_%EA%B5%AD%EB%AF%BC%EC%9D%98%ED%9E%98_%EB%B9%84%EB%A1%80%EB%8C%80%ED%91%9C%20%EC%A0%95%EB%8B%B9%20%EC%A0%9C%EC%B6%9C%EC%9E%90%EB%A3%8C.pdf&requestedFullPath=20260603/PDF/PBINFO_PUB/4800/003_200_20260523_1.pdf,C:\Users\treyl\Documents\Obsidian\Second_Brain\output\nec_2026_local_election_opencrab\github_repo_nec_2026_local_election_opencrab\supplements\official_gap_recovery_2026\direct_nec_downloads\documents\820260603-4800-경상남도-국민의힘-1-1.pdf,downloaded,5238649,,C:\Users\treyl\Documents\Obsidian\Second_Brain\output\nec_2026_local_election_opencrab\github_repo_nec_2026_local_election_opencrab\supplements\official_gap_recovery_2026\direct_nec_downloads\markdown\820260603-4800-경상남도-국민의힘-1-1.md,ok,8,3246,,pymupdf,ok
820260603-2700-대구광역시-국민의힘-1-1,대구광역시,광역의원비례대표선거,대구광역시,,국민의힘,비례대표 정당 제출자료,https://policy.nec.go.kr/plc/common/downloadFile.do?requestedFileName=20260603_%EB%8C%80%EA%B5%AC%EA%B4%91%EC%97%AD%EC%8B%9C_%EA%B5%AD%EB%AF%BC%EC%9D%98%ED%9E%98_%EB%B9%84%EB%A1%80%EB%8C%80%ED%91%9C%20%EC%A0%95%EB%8B%B9%20%EC%A0%9C%EC%B6%9C%EC%9E%90%EB%A3%8C.pdf&requestedFullPath=20260603/PDF/PBINFO_PUB/2700/003_200_20260525_3.pdf,C:\Users\treyl\Documents\Obsidian\Second_Brain\output\nec_2026_local_election_opencrab\github_repo_nec_2026_local_election_opencrab\supplements\official_gap_recovery_2026\direct_nec_downloads\documents\820260603-2700-대구광역시-국민의힘-1-1.pdf,downloaded,1166625,,C:\Users\treyl\Documents\Obsidian\Second_Brain\output\nec_2026_local_election_opencrab\github_repo_nec_2026_local_election_opencrab\supplements\official_gap_recovery_2026\direct_nec_downloads\markdown\820260603-2700-대구광역시-국민의힘-1-1.md,ok,4,54,,pymupdf,suspiciously_short_text
820260603-5300-전북특별자치도-국민의힘-1-1,전북특별자치도,광역의원비례대표선거,전북특별자치도,,국민의힘,비례대표 정당 제출자료,https://policy.nec.go.kr/plc/common/downloadFile.do?requestedFileName=20260603_%EC%A0%84%EB%B6%81%ED%8A%B9%EB%B3%84%EC%9E%90%EC%B9%98%EB%8F%84_%EA%B5%AD%EB%AF%BC%EC%9D%98%ED%9E%98_%EB%B9%84%EB%A1%80%EB%8C%80%ED%91%9C%20%EC%A0%95%EB%8B%B9%20%EC%A0%9C%EC%B6%9C%EC%9E%90%EB%A3%8C.pdf&requestedFullPath=20260603/PDF/PBINFO_PUB/5300/003_200_20260522_1.pdf,C:\Users\treyl\Documents\Obsidian\Second_Brain\output\nec_2026_local_election_opencrab\github_repo_nec_2026_local_election_opencrab\supplements\official_gap_recovery_2026\direct_nec_downloads\documents\820260603-5300-전북특별자치도-국민의힘-1-1.pdf,downloaded,575770,,C:\Users\treyl\Documents\Obsidian\Second_Brain\output\nec_2026_local_election_opencrab\github_repo_nec_2026_local_election_opencrab\supplements\official_gap_recovery_2026\direct_nec_downloads\markdown\820260603-5300-전북특별자치도-국민의힘-1-1.md,ok,1,9,,pymupdf,suspiciously_short_text
820260603-1100-서울특별시-조국혁신당-1-1,서울특별시,광역의원비례대표선거,서울특별시,,조국혁신당,비례대표 정당 제출자료,https://policy.nec.go.kr/plc/common/downloadFile.do?requestedFileName=20260603_%EC%84%9C%EC%9A%B8%ED%8A%B9%EB%B3%84%EC%8B%9C_%EC%A1%B0%EA%B5%AD%ED%98%81%EC%8B%A0%EB%8B%B9_%EB%B9%84%EB%A1%80%EB%8C%80%ED%91%9C%20%EC%A0%95%EB%8B%B9%20%EC%A0%9C%EC%B6%9C%EC%9E%90%EB%A3%8C.pdf&requestedFullPath=20260603/PDF/PBINFO_PUB/1100/003_5077_20260523_1.pdf,C:\Users\treyl\Documents\Obsidian\Second_Brain\output\nec_2026_local_election_opencrab\github_repo_nec_2026_local_election_opencrab\supplements\official_gap_recovery_2026\direct_nec_downloads\documents\820260603-1100-서울특별시-조국혁신당-1-1.pdf,downloaded,3860983,,C:\Users\treyl\Documents\Obsidian\Second_Brain\output\nec_2026_local_election_opencrab\github_repo_nec_2026_local_election_opencrab\supplements\official_gap_recovery_2026\direct_nec_downloads\markdown\820260603-1100-서울특별시-조국혁신당-1-1.md,ok,3,1791,,pymupdf,ok
820260603-5100-세종특별자치시-조국혁신당-1-1,세종특별자치시,광역의원비례대표선거,세종특별자치시,,조국혁신당,비례대표 정당 제출자료,https://policy.nec.go.kr/plc/common/downloadFile.do?requestedFileName=20260603_%EC%84%B8%EC%A2%85%ED%8A%B9%EB%B3%84%EC%9E%90%EC%B9%98%EC%8B%9C_%EC%A1%B0%EA%B5%AD%ED%98%81%EC%8B%A0%EB%8B%B9_%EB%B9%84%EB%A1%80%EB%8C%80%ED%91%9C%20%EC%A0%95%EB%8B%B9%20%EC%A0%9C%EC%B6%9C%EC%9E%90%EB%A3%8C.pdf&requestedFullPath=20260603/PDF/PBINFO_PUB/5100/003_5077_20260523_1.pdf,C:\Users\treyl\Documents\Obsidian\Second_Brain\output\nec_2026_local_election_opencrab\github_repo_nec_2026_local_election_opencrab\supplements\official_gap_recovery_2026\direct_nec_downloads\documents\820260603-5100-세종특별자치시-조국혁신당-1-1.pdf,downloaded,9859813,,C:\Users\treyl\Documents\Obsidian\Second_Brain\output\nec_2026_local_election_opencrab\github_repo_nec_2026_local_election_opencrab\supplements\official_gap_recovery_2026\direct_nec_downloads\markdown\820260603-5100-세종특별자치시-조국혁신당-1-1.md,ok,4,463,,pymupdf,ok
820260603-4800-경상남도-조국혁신당-1-1,경상남도,광역의원비례대표선거,경상남도,,조국혁신당,비례대표 정당 제출자료,https://policy.nec.go.kr/plc/common/downloadFile.do?requestedFileName=20260603_%EA%B2%BD%EC%83%81%EB%82%A8%EB%8F%84_%EC%A1%B0%EA%B5%AD%ED%98%81%EC%8B%A0%EB%8B%B9_%EB%B9%84%EB%A1%80%EB%8C%80%ED%91%9C%20%EC%A0%95%EB%8B%B9%20%EC%A0%9C%EC%B6%9C%EC%9E%90%EB%A3%8C.pdf&requestedFullPath=20260603/PDF/PBINFO_PUB/4800/003_5077_20260523_1.pdf,C:\Users\treyl\Documents\Obsidian\Second_Brain\output\nec_2026_local_election_opencrab\github_repo_nec_2026_local_election_opencrab\supplements\official_gap_recovery_2026\direct_nec_downloads\documents\820260603-4800-경상남도-조국혁신당-1-1.pdf,downloaded,3223564,,C:\Users\treyl\Documents\Obsidian\Second_Brain\output\nec_2026_local_election_opencrab\github_repo_nec_2026_local_election_opencrab\supplements\official_gap_recovery_2026\direct_nec_downloads\markdown\820260603-4800-경상남도-조국혁신당-1-1.md,ok,4,2374,,pymupdf,ok
820260603-4400-충청남도-조국혁신당-1-1,충청남도,광역의원비례대표선거,충청남도,,조국혁신당,비례대표 정당 제출자료,https://policy.nec.go.kr/plc/common/downloadFile.do?requestedFileName=20260603_%EC%B6%A9%EC%B2%AD%EB%82%A8%EB%8F%84_%EC%A1%B0%EA%B5%AD%ED%98%81%EC%8B%A0%EB%8B%B9_%EB%B9%84%EB%A1%80%EB%8C%80%ED%91%9C%20%EC%A0%95%EB%8B%B9%20%EC%A0%9C%EC%B6%9C%EC%9E%90%EB%A3%8C.pdf&requestedFullPath=20260603/PDF/PBINFO_PUB/4400/003_5077_20260514_1.pdf,C:\Users\treyl\Documents\Obsidian\Second_Brain\output\nec_2026_local_election_opencrab\github_repo_nec_2026_local_election_opencrab\supplements\official_gap_recovery_2026\direct_nec_downloads\documents\820260603-4400-충청남도-조국혁신당-1-1.pdf,downloaded,2232888,,C:\Users\treyl\Documents\Obsidian\Second_Brain\output\nec_2026_local_election_opencrab\github_repo_nec_2026_local_election_opencrab\supplements\official_gap_recovery_2026\direct_nec_downloads\markdown\820260603-4400-충청남도-조국혁신당-1-1.md,ok,2,2236,,pymupdf,ok
820260603-2800-인천광역시-조국혁신당-1-1,인천광역시,광역의원비례대표선거,인천광역시,,조국혁신당,비례대표 정당 제출자료,https://policy.nec.go.kr/plc/common/downloadFile.do?requestedFileName=20260603_%EC%9D%B8%EC%B2%9C%EA%B4%91%EC%97%AD%EC%8B%9C_%EC%A1%B0%EA%B5%AD%ED%98%81%EC%8B%A0%EB%8B%B9_%EB%B9%84%EB%A1%80%EB%8C%80%ED%91%9C%20%EC%A0%95%EB%8B%B9%20%EC%A0%9C%EC%B6%9C%EC%9E%90%EB%A3%8C.pdf&requestedFullPath=20260603/PDF/PBINFO_PUB/2800/003_5077_20260519_2.pdf,C:\Users\treyl\Documents\Obsidian\Second_Brain\output\nec_2026_local_election_opencrab\github_repo_nec_2026_local_election_opencrab\supplements\official_gap_recovery_2026\direct_nec_downloads\documents\820260603-2800-인천광역시-조국혁신당-1-1.pdf,downloaded,3155815,,C:\Users\treyl\Documents\Obsidian\Second_Brain\output\nec_2026_local_election_opencrab\github_repo_nec_2026_local_election_opencrab\supplements\official_gap_recovery_2026\direct_nec_downloads\markdown\820260603-2800-인천광역시-조국혁신당-1-1.md,ok,4,1867,,pymupdf,ok
820260603-4900-제주특별자치도-조국혁신당-1-1,제주특별자치도,광역의원비례대표선거,제주특별자치도,,조국혁신당,비례대표 정당 제출자료,https://policy.nec.go.kr/plc/common/downloadFile.do?requestedFileName=20260603_%EC%A0%9C%EC%A3%BC%ED%8A%B9%EB%B3%84%EC%9E%90%EC%B9%98%EB%8F%84_%EC%A1%B0%EA%B5%AD%ED%98%81%EC%8B%A0%EB%8B%B9_%EB%B9%84%EB%A1%80%EB%8C%80%ED%91%9C%20%EC%A0%95%EB%8B%B9%20%EC%A0%9C%EC%B6%9C%EC%9E%90%EB%A3%8C.pdf&requestedFullPath=20260603/PDF/PBINFO_PUB/4900/003_5077_20260520_1.pdf,C:\Users\treyl\Documents\Obsidian\Second_Brain\output\nec_2026_local_election_opencrab\github_repo_nec_2026_local_election_opencrab\supplements\official_gap_recovery_2026\direct_nec_downloads\documents\820260603-4900-제주특별자치도-조국혁신당-1-1.pdf,downloaded,3658937,,C:\Users\treyl\Documents\Obsidian\Second_Brain\output\nec_2026_local_election_opencrab\github_repo_nec_2026_local_election_opencrab\supplements\official_gap_recovery_2026\direct_nec_downloads\markdown\820260603-4900-제주특별자치도-조국혁신당-1-1.md,ok,4,1502,,pymupdf,ok
820260603-3100-울산광역시-조국혁신당-1-1,울산광역시,광역의원비례대표선거,울산광역시,,조국혁신당,비례대표 정당 제출자료,https://policy.nec.go.kr/plc/common/downloadFile.do?requestedFileName=20260603_%EC%9A%B8%EC%82%B0%EA%B4%91%EC%97%AD%EC%8B%9C_%EC%A1%B0%EA%B5%AD%ED%98%81%EC%8B%A0%EB%8B%B9_%EB%B9%84%EB%A1%80%EB%8C%80%ED%91%9C%20%EC%A0%95%EB%8B%B9%20%EC%A0%9C%EC%B6%9C%EC%9E%90%EB%A3%8C.pdf&requestedFullPath=20260603/PDF/PBINFO_PUB/3100/003_5077_20260521_1.pdf,C:\Users\treyl\Documents\Obsidian\Second_Brain\output\nec_2026_local_election_opencrab\github_repo_nec_2026_local_election_opencrab\supplements\official_gap_recovery_2026\direct_nec_downloads\documents\820260603-3100-울산광역시-조국혁신당-1-1.pdf,downloaded,3451861,,C:\Users\treyl\Documents\Obsidian\Second_Brain\output\nec_2026_local_election_opencrab\github_repo_nec_2026_local_election_opencrab\supplements\official_gap_recovery_2026\direct_nec_downloads\markdown\820260603-3100-울산광역시-조국혁신당-1-1.md,ok,2,1061,,pymupdf,ok
820260603-2900-전남광주통합특별시-조국혁신당-1-1,전남광주통합특별시,광역의원비례대표선거,전남광주통합특별시,,조국혁신당,비례대표 정당 제출자료,https://policy.nec.go.kr/plc/common/downloadFile.do?requestedFileName=20260603_%EC%A0%84%EB%82%A8%EA%B4%91%EC%A3%BC%ED%86%B5%ED%95%A9%ED%8A%B9%EB%B3%84%EC%8B%9C_%EC%A1%B0%EA%B5%AD%ED%98%81%EC%8B%A0%EB%8B%B9_%EB%B9%84%EB%A1%80%EB%8C%80%ED%91%9C%20%EC%A0%95%EB%8B%B9%20%EC%A0%9C%EC%B6%9C%EC%9E%90%EB%A3%8C.pdf&requestedFullPath=20260603/PDF/PBINFO_PUB/2900/003_5077_20260522_1.pdf,C:\Users\treyl\Documents\Obsidian\Second_Brain\output\nec_2026_local_election_opencrab\github_repo_nec_2026_local_election_opencrab\supplements\official_gap_recovery_2026\direct_nec_downloads\documents\820260603-2900-전남광주통합특별시-조국혁신당-1-1.pdf,downloaded,4671455,,C:\Users\treyl\Documents\Obsidian\Second_Brain\output\nec_2026_local_election_opencrab\github_repo_nec_2026_local_election_opencrab\supplements\official_gap_recovery_2026\direct_nec_downloads\markdown\820260603-2900-전남광주통합특별시-조국혁신당-1-1.md,ok,4,2064,,pymupdf,ok
820260603-5300-전북특별자치도-조국혁신당-1-1,전북특별자치도,광역의원비례대표선거,전북특별자치도,,조국혁신당,비례대표 정당 제출자료,https://policy.nec.go.kr/plc/common/downloadFile.do?requestedFileName=20260603_%EC%A0%84%EB%B6%81%ED%8A%B9%EB%B3%84%EC%9E%90%EC%B9%98%EB%8F%84_%EC%A1%B0%EA%B5%AD%ED%98%81%EC%8B%A0%EB%8B%B9_%EB%B9%84%EB%A1%80%EB%8C%80%ED%91%9C%20%EC%A0%95%EB%8B%B9%20%EC%A0%9C%EC%B6%9C%EC%9E%90%EB%A3%8C.pdf&requestedFullPath=20260603/PDF/PBINFO_PUB/5300/003_5077_20260522_1.pdf,C:\Users\treyl\Documents\Obsidian\Second_Brain\output\nec_2026_local_election_opencrab\github_repo_nec_2026_local_election_opencrab\supplements\official_gap_recovery_2026\direct_nec_downloads\documents\820260603-5300-전북특별자치도-조국혁신당-1-1.pdf,downloaded,8299390,,C:\Users\treyl\Documents\Obsidian\Second_Brain\output\nec_2026_local_election_opencrab\github_repo_nec_2026_local_election_opencrab\supplements\official_gap_recovery_2026\direct_nec_downloads\markdown\820260603-5300-전북특별자치도-조국혁신당-1-1.md,ok,4,1420,,pymupdf,ok
820260603-4100-경기도-조국혁신당-1-1,경기도,광역의원비례대표선거,경기도,,조국혁신당,비례대표 정당 제출자료,https://policy.nec.go.kr/plc/common/downloadFile.do?requestedFileName=20260603_%EA%B2%BD%EA%B8%B0%EB%8F%84_%EC%A1%B0%EA%B5%AD%ED%98%81%EC%8B%A0%EB%8B%B9_%EB%B9%84%EB%A1%80%EB%8C%80%ED%91%9C%20%EC%A0%95%EB%8B%B9%20%EC%A0%9C%EC%B6%9C%EC%9E%90%EB%A3%8C.pdf&requestedFullPath=20260603/PDF/PBINFO_PUB/4100/003_5077_20260523_1.pdf,C:\Users\treyl\Documents\Obsidian\Second_Brain\output\nec_2026_local_election_opencrab\github_repo_nec_2026_local_election_opencrab\supplements\official_gap_recovery_2026\direct_nec_downloads\documents\820260603-4100-경기도-조국혁신당-1-1.pdf,downloaded,9917144,,C:\Users\treyl\Documents\Obsidian\Second_Brain\output\nec_2026_local_election_opencrab\github_repo_nec_2026_local_election_opencrab\supplements\official_gap_recovery_2026\direct_nec_downloads\markdown\820260603-4100-경기도-조국혁신당-1-1.md,ok,8,2882,,pymupdf,ok
820260603-3000-대전광역시-조국혁신당-1-1,대전광역시,광역의원비례대표선거,대전광역시,,조국혁신당,비례대표 정당 제출자료,https://policy.nec.go.kr/plc/common/downloadFile.do?requestedFileName=20260603_%EB%8C%80%EC%A0%84%EA%B4%91%EC%97%AD%EC%8B%9C_%EC%A1%B0%EA%B5%AD%ED%98%81%EC%8B%A0%EB%8B%B9_%EB%B9%84%EB%A1%80%EB%8C%80%ED%91%9C%20%EC%A0%95%EB%8B%B9%20%EC%A0%9C%EC%B6%9C%EC%9E%90%EB%A3%8C.pdf&requestedFullPath=20260603/PDF/PBINFO_PUB/3000/003_5077_20260514_1.pdf,C:\Users\treyl\Documents\Obsidian\Second_Brain\output\nec_2026_local_election_opencrab\github_repo_nec_2026_local_election_opencrab\supplements\official_gap_recovery_2026\direct_nec_downloads\documents\820260603-3000-대전광역시-조국혁신당-1-1.pdf,downloaded,909710,,C:\Users\treyl\Documents\Obsidian\Second_Brain\output\nec_2026_local_election_opencrab\github_repo_nec_2026_local_election_opencrab\supplements\official_gap_recovery_2026\direct_nec_downloads\markdown\820260603-3000-대전광역시-조국혁신당-1-1.md,ok,4,1580,,pymupdf,ok
820260603-5200-강원특별자치도-조국혁신당-1-1,강원특별자치도,광역의원비례대표선거,강원특별자치도,,조국혁신당,비례대표 정당 제출자료,https://policy.nec.go.kr/plc/common/downloadFile.do?requestedFileName=20260603_%EA%B0%95%EC%9B%90%ED%8A%B9%EB%B3%84%EC%9E%90%EC%B9%98%EB%8F%84_%EC%A1%B0%EA%B5%AD%ED%98%81%EC%8B%A0%EB%8B%B9_%EB%B9%84%EB%A1%80%EB%8C%80%ED%91%9C%20%EC%A0%95%EB%8B%B9%20%EC%A0%9C%EC%B6%9C%EC%9E%90%EB%A3%8C.pdf&requestedFullPath=20260603/PDF/PBINFO_PUB/5200/003_5077_20260519_1.pdf,C:\Users\treyl\Documents\Obsidian\Second_Brain\output\nec_2026_local_election_opencrab\github_repo_nec_2026_local_election_opencrab\supplements\official_gap_recovery_2026\direct_nec_downloads\documents\820260603-5200-강원특별자치도-조국혁신당-1-1.pdf,downloaded,2983370,,C:\Users\treyl\Documents\Obsidian\Second_Brain\output\nec_2026_local_election_opencrab\github_repo_nec_2026_local_election_opencrab\supplements\official_gap_recovery_2026\direct_nec_downloads\markdown\820260603-5200-강원특별자치도-조국혁신당-1-1.md,ok,4,1391,,pymupdf,ok
820260603-4300-충청북도-조국혁신당-1-1,충청북도,광역의원비례대표선거,충청북도,,조국혁신당,비례대표 정당 제출자료,https://policy.nec.go.kr/plc/common/downloadFile.do?requestedFileName=20260603_%EC%B6%A9%EC%B2%AD%EB%B6%81%EB%8F%84_%EC%A1%B0%EA%B5%AD%ED%98%81%EC%8B%A0%EB%8B%B9_%EB%B9%84%EB%A1%80%EB%8C%80%ED%91%9C%20%EC%A0%95%EB%8B%B9%20%EC%A0%9C%EC%B6%9C%EC%9E%90%EB%A3%8C.pdf&requestedFullPath=20260603/PDF/PBINFO_PUB/4300/003_5077_20260516_1.pdf,C:\Users\treyl\Documents\Obsidian\Second_Brain\output\nec_2026_local_election_opencrab\github_repo_nec_2026_local_election_opencrab\supplements\official_gap_recovery_2026\direct_nec_downloads\documents\820260603-4300-충청북도-조국혁신당-1-1.pdf,downloaded,1063658,,C:\Users\treyl\Documents\Obsidian\Second_Brain\output\nec_2026_local_election_opencrab\github_repo_nec_2026_local_election_opencrab\supplements\official_gap_recovery_2026\direct_nec_downloads\markdown\820260603-4300-충청북도-조국혁신당-1-1.md,ok,4,1439,,pymupdf,ok
820260603-1100-서울특별시-개혁신당-1-1,서울특별시,광역의원비례대표선거,서울특별시,,개혁신당,비례대표 정당 제출자료,https://policy.nec.go.kr/plc/common/downloadFile.do?requestedFileName=20260603_%EC%84%9C%EC%9A%B8%ED%8A%B9%EB%B3%84%EC%8B%9C_%EA%B0%9C%ED%98%81%EC%8B%A0%EB%8B%B9_%EB%B9%84%EB%A1%80%EB%8C%80%ED%91%9C%20%EC%A0%95%EB%8B%B9%20%EC%A0%9C%EC%B6%9C%EC%9E%90%EB%A3%8C.pdf&requestedFullPath=20260603/PDF/PBINFO_PUB/1100/003_5070_20260523_1.pdf,C:\Users\treyl\Documents\Obsidian\Second_Brain\output\nec_2026_local_election_opencrab\github_repo_nec_2026_local_election_opencrab\supplements\official_gap_recovery_2026\direct_nec_downloads\documents\820260603-1100-서울특별시-개혁신당-1-1.pdf,downloaded,2510590,,C:\Users\treyl\Documents\Obsidian\Second_Brain\output\nec_2026_local_election_opencrab\github_repo_nec_2026_local_election_opencrab\supplements\official_gap_recovery_2026\direct_nec_downloads\markdown\820260603-1100-서울특별시-개혁신당-1-1.md,ok,2,926,,pymupdf,ok
820260603-3100-울산광역시-개혁신당-1-1,울산광역시,광역의원비례대표선거,울산광역시,,개혁신당,비례대표 정당 제출자료,https://policy.nec.go.kr/plc/common/downloadFile.do?requestedFileName=20260603_%EC%9A%B8%EC%82%B0%EA%B4%91%EC%97%AD%EC%8B%9C_%EA%B0%9C%ED%98%81%EC%8B%A0%EB%8B%B9_%EB%B9%84%EB%A1%80%EB%8C%80%ED%91%9C%20%EC%A0%95%EB%8B%B9%20%EC%A0%9C%EC%B6%9C%EC%9E%90%EB%A3%8C.pdf&requestedFullPath=20260603/PDF/PBINFO_PUB/3100/003_5070_20260521_1.pdf,C:\Users\treyl\Documents\Obsidian\Second_Brain\output\nec_2026_local_election_opencrab\github_repo_nec_2026_local_election_opencrab\supplements\official_gap_recovery_2026\direct_nec_downloads\documents\820260603-3100-울산광역시-개혁신당-1-1.pdf,downloaded,8272940,,C:\Users\treyl\Documents\Obsidian\Second_Brain\output\nec_2026_local_election_opencrab\github_repo_nec_2026_local_election_opencrab\supplements\official_gap_recovery_2026\direct_nec_downloads\markdown\820260603-3100-울산광역시-개혁신당-1-1.md,ok,2,801,,pymupdf,ok
820260603-4100-경기도-개혁신당-1-1,경기도,광역의원비례대표선거,경기도,,개혁신당,비례대표 정당 제출자료,https://policy.nec.go.kr/plc/common/downloadFile.do?requestedFileName=20260603_%EA%B2%BD%EA%B8%B0%EB%8F%84_%EA%B0%9C%ED%98%81%EC%8B%A0%EB%8B%B9_%EB%B9%84%EB%A1%80%EB%8C%80%ED%91%9C%20%EC%A0%95%EB%8B%B9%20%EC%A0%9C%EC%B6%9C%EC%9E%90%EB%A3%8C.pdf&requestedFullPath=20260603/PDF/PBINFO_PUB/4100/003_5070_20260523_1.pdf,C:\Users\treyl\Documents\Obsidian\Second_Brain\output\nec_2026_local_election_opencrab\github_repo_nec_2026_local_election_opencrab\supplements\official_gap_recovery_2026\direct_nec_downloads\documents\820260603-4100-경기도-개혁신당-1-1.pdf,downloaded,932964,,C:\Users\treyl\Documents\Obsidian\Second_Brain\output\nec_2026_local_election_opencrab\github_repo_nec_2026_local_election_opencrab\supplements\official_gap_recovery_2026\direct_nec_downloads\markdown\820260603-4100-경기도-개혁신당-1-1.md,ok,2,924,,pymupdf,ok
820260603-4700-경상북도-개혁신당-1-1,경상북도,광역의원비례대표선거,경상북도,,개혁신당,비례대표 정당 제출자료,https://policy.nec.go.kr/plc/common/downloadFile.do?requestedFileName=20260603_%EA%B2%BD%EC%83%81%EB%B6%81%EB%8F%84_%EA%B0%9C%ED%98%81%EC%8B%A0%EB%8B%B9_%EB%B9%84%EB%A1%80%EB%8C%80%ED%91%9C%20%EC%A0%95%EB%8B%B9%20%EC%A0%9C%EC%B6%9C%EC%9E%90%EB%A3%8C.pdf&requestedFullPath=20260603/PDF/PBINFO_PUB/4700/003_5070_20260518_1.pdf,C:\Users\treyl\Documents\Obsidian\Second_Brain\output\nec_2026_local_election_opencrab\github_repo_nec_2026_local_election_opencrab\supplements\official_gap_recovery_2026\direct_nec_downloads\documents\820260603-4700-경상북도-개혁신당-1-1.pdf,downloaded,6901607,,C:\Users\treyl\Documents\Obsidian\Second_Brain\output\nec_2026_local_election_opencrab\github_repo_nec_2026_local_election_opencrab\supplements\official_gap_recovery_2026\direct_nec_downloads\markdown\820260603-4700-경상북도-개혁신당-1-1.md,ok,2,888,,pymupdf,ok
820260603-4800-경상남도-개혁신당-1-1,경상남도,광역의원비례대표선거,경상남도,,개혁신당,비례대표 정당 제출자료,https://policy.nec.go.kr/plc/common/downloadFile.do?requestedFileName=20260603_%EA%B2%BD%EC%83%81%EB%82%A8%EB%8F%84_%EA%B0%9C%ED%98%81%EC%8B%A0%EB%8B%B9_%EB%B9%84%EB%A1%80%EB%8C%80%ED%91%9C%20%EC%A0%95%EB%8B%B9%20%EC%A0%9C%EC%B6%9C%EC%9E%90%EB%A3%8C.pdf&requestedFullPath=20260603/PDF/PBINFO_PUB/4800/003_5070_20260520_1.pdf,C:\Users\treyl\Documents\Obsidian\Second_Brain\output\nec_2026_local_election_opencrab\github_repo_nec_2026_local_election_opencrab\supplements\official_gap_recovery_2026\direct_nec_downloads\documents\820260603-4800-경상남도-개혁신당-1-1.pdf,downloaded,339193,,C:\Users\treyl\Documents\Obsidian\Second_Brain\output\nec_2026_local_election_opencrab\github_repo_nec_2026_local_election_opencrab\supplements\official_gap_recovery_2026\direct_nec_downloads\markdown\820260603-4800-경상남도-개혁신당-1-1.md,ok,2,719,,pymupdf,ok
820260603-4900-제주특별자치도-개혁신당-1-1,제주특별자치도,광역의원비례대표선거,제주특별자치도,,개혁신당,비례대표 정당 제출자료,https://policy.nec.go.kr/plc/common/downloadFile.do?requestedFileName=20260603_%EC%A0%9C%EC%A3%BC%ED%8A%B9%EB%B3%84%EC%9E%90%EC%B9%98%EB%8F%84_%EA%B0%9C%ED%98%81%EC%8B%A0%EB%8B%B9_%EB%B9%84%EB%A1%80%EB%8C%80%ED%91%9C%20%EC%A0%95%EB%8B%B9%20%EC%A0%9C%EC%B6%9C%EC%9E%90%EB%A3%8C.pdf&requestedFullPath=20260603/PDF/PBINFO_PUB/4900/003_5070_20260520_1.pdf,C:\Users\treyl\Documents\Obsidian\Second_Brain\output\nec_2026_local_election_opencrab\github_repo_nec_2026_local_election_opencrab\supplements\official_gap_recovery_2026\direct_nec_downloads\documents\820260603-4900-제주특별자치도-개혁신당-1-1.pdf,downloaded,3898706,,C:\Users\treyl\Documents\Obsidian\Second_Brain\output\nec_2026_local_election_opencrab\github_repo_nec_2026_local_election_opencrab\supplements\official_gap_recovery_2026\direct_nec_downloads\markdown\820260603-4900-제주특별자치도-개혁신당-1-1.md,ok,2,906,,pymupdf,ok
820260603-5200-강원특별자치도-진보당-1-1,강원특별자치도,광역의원비례대표선거,강원특별자치도,,진보당,비례대표 정당 제출자료,https://policy.nec.go.kr/plc/common/downloadFile.do?requestedFileName=20260603_%EA%B0%95%EC%9B%90%ED%8A%B9%EB%B3%84%EC%9E%90%EC%B9%98%EB%8F%84_%EC%A7%84%EB%B3%B4%EB%8B%B9_%EB%B9%84%EB%A1%80%EB%8C%80%ED%91%9C%20%EC%A0%95%EB%8B%B9%20%EC%A0%9C%EC%B6%9C%EC%9E%90%EB%A3%8C.pdf&requestedFullPath=20260603/PDF/PBINFO_PUB/5200/003_5010_20260518_1.pdf,C:\Users\treyl\Documents\Obsidian\Second_Brain\output\nec_2026_local_election_opencrab\github_repo_nec_2026_local_election_opencrab\supplements\official_gap_recovery_2026\direct_nec_downloads\documents\820260603-5200-강원특별자치도-진보당-1-1.pdf,downloaded,2485945,,C:\Users\treyl\Documents\Obsidian\Second_Brain\output\nec_2026_local_election_opencrab\github_repo_nec_2026_local_election_opencrab\supplements\official_gap_recovery_2026\direct_nec_downloads\markdown\820260603-5200-강원특별자치도-진보당-1-1.md,ok,2,157,,pymupdf,suspiciously_short_text
820260603-3100-울산광역시-진보당-1-1,울산광역시,광역의원비례대표선거,울산광역시,,진보당,비례대표 정당 제출자료,https://policy.nec.go.kr/plc/common/downloadFile.do?requestedFileName=20260603_%EC%9A%B8%EC%82%B0%EA%B4%91%EC%97%AD%EC%8B%9C_%EC%A7%84%EB%B3%B4%EB%8B%B9_%EB%B9%84%EB%A1%80%EB%8C%80%ED%91%9C%20%EC%A0%95%EB%8B%B9%20%EC%A0%9C%EC%B6%9C%EC%9E%90%EB%A3%8C.pdf&requestedFullPath=20260603/PDF/PBINFO_PUB/3100/003_5010_20260522_1.pdf,C:\Users\treyl\Documents\Obsidian\Second_Brain\output\nec_2026_local_election_opencrab\github_repo_nec_2026_local_election_opencrab\supplements\official_gap_recovery_2026\direct_nec_downloads\documents\820260603-3100-울산광역시-진보당-1-1.pdf,downloaded,3495839,,C:\Users\treyl\Documents\Obsidian\Second_Brain\output\nec_2026_local_election_opencrab\github_repo_nec_2026_local_election_opencrab\supplements\official_gap_recovery_2026\direct_nec_downloads\markdown\820260603-3100-울산광역시-진보당-1-1.md,ok,2,24,,pymupdf,suspiciously_short_text
820260603-3000-대전광역시-진보당-1-1,대전광역시,광역의원비례대표선거,대전광역시,,진보당,비례대표 정당 제출자료,https://policy.nec.go.kr/plc/common/downloadFile.do?requestedFileName=20260603_%EB%8C%80%EC%A0%84%EA%B4%91%EC%97%AD%EC%8B%9C_%EC%A7%84%EB%B3%B4%EB%8B%B9_%EB%B9%84%EB%A1%80%EB%8C%80%ED%91%9C%20%EC%A0%95%EB%8B%B9%20%EC%A0%9C%EC%B6%9C%EC%9E%90%EB%A3%8C.pdf&requestedFullPath=20260603/PDF/PBINFO_PUB/3000/003_5010_20260514_1.pdf,C:\Users\treyl\Documents\Obsidian\Second_Brain\output\nec_2026_local_election_opencrab\github_repo_nec_2026_local_election_opencrab\supplements\official_gap_recovery_2026\direct_nec_downloads\documents\820260603-3000-대전광역시-진보당-1-1.pdf,downloaded,4196290,,C:\Users\treyl\Documents\Obsidian\Second_Brain\output\nec_2026_local_election_opencrab\github_repo_nec_2026_local_election_opencrab\supplements\official_gap_recovery_2026\direct_nec_downloads\markdown\820260603-3000-대전광역시-진보당-1-1.md,ok,2,729,,pymupdf,ok
820260603-4300-충청북도-진보당-1-1,충청북도,광역의원비례대표선거,충청북도,,진보당,비례대표 정당 제출자료,https://policy.nec.go.kr/plc/common/downloadFile.do?requestedFileName=20260603_%EC%B6%A9%EC%B2%AD%EB%B6%81%EB%8F%84_%EC%A7%84%EB%B3%B4%EB%8B%B9_%EB%B9%84%EB%A1%80%EB%8C%80%ED%91%9C%20%EC%A0%95%EB%8B%B9%20%EC%A0%9C%EC%B6%9C%EC%9E%90%EB%A3%8C.pdf&requestedFullPath=20260603/PDF/PBINFO_PUB/4300/003_5010_20260516_1.pdf,C:\Users\treyl\Documents\Obsidian\Second_Brain\output\nec_2026_local_election_opencrab\github_repo_nec_2026_local_election_opencrab\supplements\official_gap_recovery_2026\direct_nec_downloads\documents\820260603-4300-충청북도-진보당-1-1.pdf,downloaded,5307731,,C:\Users\treyl\Documents\Obsidian\Second_Brain\output\nec_2026_local_election_opencrab\github_repo_nec_2026_local_election_opencrab\supplements\official_gap_recovery_2026\direct_nec_downloads\markdown\820260603-4300-충청북도-진보당-1-1.md,ok,2,241,,pymupdf,ok
820260603-2600-부산광역시-진보당-1-1,부산광역시,광역의원비례대표선거,부산광역시,,진보당,비례대표 정당 제출자료,https://policy.nec.go.kr/plc/common/downloadFile.do?requestedFileName=20260603_%EB%B6%80%EC%82%B0%EA%B4%91%EC%97%AD%EC%8B%9C_%EC%A7%84%EB%B3%B4%EB%8B%B9_%EB%B9%84%EB%A1%80%EB%8C%80%ED%91%9C%20%EC%A0%95%EB%8B%B9%20%EC%A0%9C%EC%B6%9C%EC%9E%90%EB%A3%8C.pdf&requestedFullPath=20260603/PDF/PBINFO_PUB/2600/003_5010_20260521_1.pdf,C:\Users\treyl\Documents\Obsidian\Second_Brain\output\nec_2026_local_election_opencrab\github_repo_nec_2026_local_election_opencrab\supplements\official_gap_recovery_2026\direct_nec_downloads\documents\820260603-2600-부산광역시-진보당-1-1.pdf,downloaded,1799693,,C:\Users\treyl\Documents\Obsidian\Second_Brain\output\nec_2026_local_election_opencrab\github_repo_nec_2026_local_election_opencrab\supplements\official_gap_recovery_2026\direct_nec_downloads\markdown\820260603-2600-부산광역시-진보당-1-1.md,ok,2,1032,,pymupdf,ok
820260603-1100-서울특별시-진보당-1-1,서울특별시,광역의원비례대표선거,서울특별시,,진보당,비례대표 정당 제출자료,https://policy.nec.go.kr/plc/common/downloadFile.do?requestedFileName=20260603_%EC%84%9C%EC%9A%B8%ED%8A%B9%EB%B3%84%EC%8B%9C_%EC%A7%84%EB%B3%B4%EB%8B%B9_%EB%B9%84%EB%A1%80%EB%8C%80%ED%91%9C%20%EC%A0%95%EB%8B%B9%20%EC%A0%9C%EC%B6%9C%EC%9E%90%EB%A3%8C.pdf&requestedFullPath=20260603/PDF/PBINFO_PUB/1100/003_5010_20260523_1.pdf,C:\Users\treyl\Documents\Obsidian\Second_Brain\output\nec_2026_local_election_opencrab\github_repo_nec_2026_local_election_opencrab\supplements\official_gap_recovery_2026\direct_nec_downloads\documents\820260603-1100-서울특별시-진보당-1-1.pdf,downloaded,3404203,,C:\Users\treyl\Documents\Obsidian\Second_Brain\output\nec_2026_local_election_opencrab\github_repo_nec_2026_local_election_opencrab\supplements\official_gap_recovery_2026\direct_nec_downloads\markdown\820260603-1100-서울특별시-진보당-1-1.md,ok,4,1390,,pymupdf,ok
820260603-5100-세종특별자치시-진보당-1-1,세종특별자치시,광역의원비례대표선거,세종특별자치시,,진보당,비례대표 정당 제출자료,https://policy.nec.go.kr/plc/common/downloadFile.do?requestedFileName=20260603_%EC%84%B8%EC%A2%85%ED%8A%B9%EB%B3%84%EC%9E%90%EC%B9%98%EC%8B%9C_%EC%A7%84%EB%B3%B4%EB%8B%B9_%EB%B9%84%EB%A1%80%EB%8C%80%ED%91%9C%20%EC%A0%95%EB%8B%B9%20%EC%A0%9C%EC%B6%9C%EC%9E%90%EB%A3%8C.pdf&requestedFullPath=20260603/PDF/PBINFO_PUB/5100/003_5010_20260522_1.pdf,C:\Users\treyl\Documents\Obsidian\Second_Brain\output\nec_2026_local_election_opencrab\github_repo_nec_2026_local_election_opencrab\supplements\official_gap_recovery_2026\direct_nec_downloads\documents\820260603-5100-세종특별자치시-진보당-1-1.pdf,downloaded,2094261,,C:\Users\treyl\Documents\Obsidian\Second_Brain\output\nec_2026_local_election_opencrab\github_repo_nec_2026_local_election_opencrab\supplements\official_gap_recovery_2026\direct_nec_downloads\markdown\820260603-5100-세종특별자치시-진보당-1-1.md,ok,2,749,,pymupdf,ok
820260603-4800-경상남도-진보당-1-1,경상남도,광역의원비례대표선거,경상남도,,진보당,비례대표 정당 제출자료,https://policy.nec.go.kr/plc/common/downloadFile.do?requestedFileName=20260603_%EA%B2%BD%EC%83%81%EB%82%A8%EB%8F%84_%EC%A7%84%EB%B3%B4%EB%8B%B9_%EB%B9%84%EB%A1%80%EB%8C%80%ED%91%9C%20%EC%A0%95%EB%8B%B9%20%EC%A0%9C%EC%B6%9C%EC%9E%90%EB%A3%8C.pdf&requestedFullPath=20260603/PDF/PBINFO_PUB/4800/003_5010_20260520_1.pdf,C:\Users\treyl\Documents\Obsidian\Second_Brain\output\nec_2026_local_election_opencrab\github_repo_nec_2026_local_election_opencrab\supplements\official_gap_recovery_2026\direct_nec_downloads\documents\820260603-4800-경상남도-진보당-1-1.pdf,downloaded,11474249,,C:\Users\treyl\Documents\Obsidian\Second_Brain\output\nec_2026_local_election_opencrab\github_repo_nec_2026_local_election_opencrab\supplements\official_gap_recovery_2026\direct_nec_downloads\markdown\820260603-4800-경상남도-진보당-1-1.md,ok,2,977,,pymupdf,ok
820260603-4400-충청남도-진보당-1-1,충청남도,광역의원비례대표선거,충청남도,,진보당,비례대표 정당 제출자료,https://policy.nec.go.kr/plc/common/downloadFile.do?requestedFileName=20260603_%EC%B6%A9%EC%B2%AD%EB%82%A8%EB%8F%84_%EC%A7%84%EB%B3%B4%EB%8B%B9_%EB%B9%84%EB%A1%80%EB%8C%80%ED%91%9C%20%EC%A0%95%EB%8B%B9%20%EC%A0%9C%EC%B6%9C%EC%9E%90%EB%A3%8C.pdf&requestedFullPath=20260603/PDF/PBINFO_PUB/4400/003_5010_20260522_1.pdf,C:\Users\treyl\Documents\Obsidian\Second_Brain\output\nec_2026_local_election_opencrab\github_repo_nec_2026_local_election_opencrab\supplements\official_gap_recovery_2026\direct_nec_downloads\documents\820260603-4400-충청남도-진보당-1-1.pdf,downloaded,2365440,,C:\Users\treyl\Documents\Obsidian\Second_Brain\output\nec_2026_local_election_opencrab\github_repo_nec_2026_local_election_opencrab\supplements\official_gap_recovery_2026\direct_nec_downloads\markdown\820260603-4400-충청남도-진보당-1-1.md,ok,2,1038,,pymupdf,ok
820260603-4100-경기도-진보당-1-1,경기도,광역의원비례대표선거,경기도,,진보당,비례대표 정당 제출자료,https://policy.nec.go.kr/plc/common/downloadFile.do?requestedFileName=20260603_%EA%B2%BD%EA%B8%B0%EB%8F%84_%EC%A7%84%EB%B3%B4%EB%8B%B9_%EB%B9%84%EB%A1%80%EB%8C%80%ED%91%9C%20%EC%A0%95%EB%8B%B9%20%EC%A0%9C%EC%B6%9C%EC%9E%90%EB%A3%8C.pdf&requestedFullPath=20260603/PDF/PBINFO_PUB/4100/003_5010_20260523_1.pdf,C:\Users\treyl\Documents\Obsidian\Second_Brain\output\nec_2026_local_election_opencrab\github_repo_nec_2026_local_election_opencrab\supplements\official_gap_recovery_2026\direct_nec_downloads\documents\820260603-4100-경기도-진보당-1-1.pdf,downloaded,987265,,C:\Users\treyl\Documents\Obsidian\Second_Brain\output\nec_2026_local_election_opencrab\github_repo_nec_2026_local_election_opencrab\supplements\official_gap_recovery_2026\direct_nec_downloads\markdown\820260603-4100-경기도-진보당-1-1.md,ok,2,1567,,pymupdf,ok
820260603-2800-인천광역시-진보당-1-1,인천광역시,광역의원비례대표선거,인천광역시,,진보당,비례대표 정당 제출자료,https://policy.nec.go.kr/plc/common/downloadFile.do?requestedFileName=20260603_%EC%9D%B8%EC%B2%9C%EA%B4%91%EC%97%AD%EC%8B%9C_%EC%A7%84%EB%B3%B4%EB%8B%B9_%EB%B9%84%EB%A1%80%EB%8C%80%ED%91%9C%20%EC%A0%95%EB%8B%B9%20%EC%A0%9C%EC%B6%9C%EC%9E%90%EB%A3%8C.pdf&requestedFullPath=20260603/PDF/PBINFO_PUB/2800/003_5010_20260518_1.pdf,C:\Users\treyl\Documents\Obsidian\Second_Brain\output\nec_2026_local_election_opencrab\github_repo_nec_2026_local_election_opencrab\supplements\official_gap_recovery_2026\direct_nec_downloads\documents\820260603-2800-인천광역시-진보당-1-1.pdf,downloaded,17217590,,C:\Users\treyl\Documents\Obsidian\Second_Brain\output\nec_2026_local_election_opencrab\github_repo_nec_2026_local_election_opencrab\supplements\official_gap_recovery_2026\direct_nec_downloads\markdown\820260603-2800-인천광역시-진보당-1-1.md,ok,2,24,,pymupdf,suspiciously_short_text
820260603-2700-대구광역시-진보당-1-1,대구광역시,광역의원비례대표선거,대구광역시,,진보당,비례대표 정당 제출자료,https://policy.nec.go.kr/plc/common/downloadFile.do?requestedFileName=20260603_%EB%8C%80%EA%B5%AC%EA%B4%91%EC%97%AD%EC%8B%9C_%EC%A7%84%EB%B3%B4%EB%8B%B9_%EB%B9%84%EB%A1%80%EB%8C%80%ED%91%9C%20%EC%A0%95%EB%8B%B9%20%EC%A0%9C%EC%B6%9C%EC%9E%90%EB%A3%8C.pdf&requestedFullPath=20260603/PDF/PBINFO_PUB/2700/003_5010_20260525_1.pdf,C:\Users\treyl\Documents\Obsidian\Second_Brain\output\nec_2026_local_election_opencrab\github_repo_nec_2026_local_election_opencrab\supplements\official_gap_recovery_2026\direct_nec_downloads\documents\820260603-2700-대구광역시-진보당-1-1.pdf,downloaded,545467,,C:\Users\treyl\Documents\Obsidian\Second_Brain\output\nec_2026_local_election_opencrab\github_repo_nec_2026_local_election_opencrab\supplements\official_gap_recovery_2026\direct_nec_downloads\markdown\820260603-2700-대구광역시-진보당-1-1.md,ok,2,841,,pymupdf,ok
820260603-4700-경상북도-진보당-1-1,경상북도,광역의원비례대표선거,경상북도,,진보당,비례대표 정당 제출자료,https://policy.nec.go.kr/plc/common/downloadFile.do?requestedFileName=20260603_%EA%B2%BD%EC%83%81%EB%B6%81%EB%8F%84_%EC%A7%84%EB%B3%B4%EB%8B%B9_%EB%B9%84%EB%A1%80%EB%8C%80%ED%91%9C%20%EC%A0%95%EB%8B%B9%20%EC%A0%9C%EC%B6%9C%EC%9E%90%EB%A3%8C.pdf&requestedFullPath=20260603/PDF/PBINFO_PUB/4700/003_5010_20260518_1.pdf,C:\Users\treyl\Documents\Obsidian\Second_Brain\output\nec_2026_local_election_opencrab\github_repo_nec_2026_local_election_opencrab\supplements\official_gap_recovery_2026\direct_nec_downloads\documents\820260603-4700-경상북도-진보당-1-1.pdf,downloaded,11137171,,C:\Users\treyl\Documents\Obsidian\Second_Brain\output\nec_2026_local_election_opencrab\github_repo_nec_2026_local_election_opencrab\supplements\official_gap_recovery_2026\direct_nec_downloads\markdown\820260603-4700-경상북도-진보당-1-1.md,ok,2,989,,pymupdf,ok
820260603-2900-전남광주통합특별시-진보당-1-1,전남광주통합특별시,광역의원비례대표선거,전남광주통합특별시,,진보당,비례대표 정당 제출자료,https://policy.nec.go.kr/plc/common/downloadFile.do?requestedFileName=20260603_%EC%A0%84%EB%82%A8%EA%B4%91%EC%A3%BC%ED%86%B5%ED%95%A9%ED%8A%B9%EB%B3%84%EC%8B%9C_%EC%A7%84%EB%B3%B4%EB%8B%B9_%EB%B9%84%EB%A1%80%EB%8C%80%ED%91%9C%20%EC%A0%95%EB%8B%B9%20%EC%A0%9C%EC%B6%9C%EC%9E%90%EB%A3%8C.pdf&requestedFullPath=20260603/PDF/PBINFO_PUB/2900/003_5010_20260523_1.pdf,C:\Users\treyl\Documents\Obsidian\Second_Brain\output\nec_2026_local_election_opencrab\github_repo_nec_2026_local_election_opencrab\supplements\official_gap_recovery_2026\direct_nec_downloads\documents\820260603-2900-전남광주통합특별시-진보당-1-1.pdf,downloaded,5055870,,C:\Users\treyl\Documents\Obsidian\Second_Brain\output\nec_2026_local_election_opencrab\github_repo_nec_2026_local_election_opencrab\supplements\official_gap_recovery_2026\direct_nec_downloads\markdown\820260603-2900-전남광주통합특별시-진보당-1-1.md,ok,6,3911,,pymupdf,ok
820260603-4900-제주특별자치도-진보당-1-1,제주특별자치도,광역의원비례대표선거,제주특별자치도,,진보당,비례대표 정당 제출자료,https://policy.nec.go.kr/plc/common/downloadFile.do?requestedFileName=20260603_%EC%A0%9C%EC%A3%BC%ED%8A%B9%EB%B3%84%EC%9E%90%EC%B9%98%EB%8F%84_%EC%A7%84%EB%B3%B4%EB%8B%B9_%EB%B9%84%EB%A1%80%EB%8C%80%ED%91%9C%20%EC%A0%95%EB%8B%B9%20%EC%A0%9C%EC%B6%9C%EC%9E%90%EB%A3%8C.pdf&requestedFullPath=20260603/PDF/PBINFO_PUB/4900/003_5010_20260522_1.pdf,C:\Users\treyl\Documents\Obsidian\Second_Brain\output\nec_2026_local_election_opencrab\github_repo_nec_2026_local_election_opencrab\supplements\official_gap_recovery_2026\direct_nec_downloads\documents\820260603-4900-제주특별자치도-진보당-1-1.pdf,downloaded,4900851,,C:\Users\treyl\Documents\Obsidian\Second_Brain\output\nec_2026_local_election_opencrab\github_repo_nec_2026_local_election_opencrab\supplements\official_gap_recovery_2026\direct_nec_downloads\markdown\820260603-4900-제주특별자치도-진보당-1-1.md,ok,2,1101,,pymupdf,ok
820260603-4400-충청남도-기본소득당-1-1,충청남도,광역의원비례대표선거,충청남도,,기본소득당,비례대표 정당 제출자료,https://policy.nec.go.kr/plc/common/downloadFile.do?requestedFileName=20260603_%EC%B6%A9%EC%B2%AD%EB%82%A8%EB%8F%84_%EA%B8%B0%EB%B3%B8%EC%86%8C%EB%93%9D%EB%8B%B9_%EB%B9%84%EB%A1%80%EB%8C%80%ED%91%9C%20%EC%A0%95%EB%8B%B9%20%EC%A0%9C%EC%B6%9C%EC%9E%90%EB%A3%8C.pdf&requestedFullPath=20260603/PDF/PBINFO_PUB/4400/003_5035_20260518_1.pdf,C:\Users\treyl\Documents\Obsidian\Second_Brain\output\nec_2026_local_election_opencrab\github_repo_nec_2026_local_election_opencrab\supplements\official_gap_recovery_2026\direct_nec_downloads\documents\820260603-4400-충청남도-기본소득당-1-1.pdf,downloaded,941901,,C:\Users\treyl\Documents\Obsidian\Second_Brain\output\nec_2026_local_election_opencrab\github_repo_nec_2026_local_election_opencrab\supplements\official_gap_recovery_2026\direct_nec_downloads\markdown\820260603-4400-충청남도-기본소득당-1-1.md,ok,2,404,,pymupdf,ok
820260603-2800-인천광역시-기본소득당-1-1,인천광역시,광역의원비례대표선거,인천광역시,,기본소득당,비례대표 정당 제출자료,https://policy.nec.go.kr/plc/common/downloadFile.do?requestedFileName=20260603_%EC%9D%B8%EC%B2%9C%EA%B4%91%EC%97%AD%EC%8B%9C_%EA%B8%B0%EB%B3%B8%EC%86%8C%EB%93%9D%EB%8B%B9_%EB%B9%84%EB%A1%80%EB%8C%80%ED%91%9C%20%EC%A0%95%EB%8B%B9%20%EC%A0%9C%EC%B6%9C%EC%9E%90%EB%A3%8C.pdf&requestedFullPath=20260603/PDF/PBINFO_PUB/2800/003_5035_20260518_1.pdf,C:\Users\treyl\Documents\Obsidian\Second_Brain\output\nec_2026_local_election_opencrab\github_repo_nec_2026_local_election_opencrab\supplements\official_gap_recovery_2026\direct_nec_downloads\documents\820260603-2800-인천광역시-기본소득당-1-1.pdf,downloaded,941689,,C:\Users\treyl\Documents\Obsidian\Second_Brain\output\nec_2026_local_election_opencrab\github_repo_nec_2026_local_election_opencrab\supplements\official_gap_recovery_2026\direct_nec_downloads\markdown\820260603-2800-인천광역시-기본소득당-1-1.md,ok,2,424,,pymupdf,ok
820260603-2600-부산광역시-기본소득당-1-1,부산광역시,광역의원비례대표선거,부산광역시,,기본소득당,비례대표 정당 제출자료,https://policy.nec.go.kr/plc/common/downloadFile.do?requestedFileName=20260603_%EB%B6%80%EC%82%B0%EA%B4%91%EC%97%AD%EC%8B%9C_%EA%B8%B0%EB%B3%B8%EC%86%8C%EB%93%9D%EB%8B%B9_%EB%B9%84%EB%A1%80%EB%8C%80%ED%91%9C%20%EC%A0%95%EB%8B%B9%20%EC%A0%9C%EC%B6%9C%EC%9E%90%EB%A3%8C.pdf&requestedFullPath=20260603/PDF/PBINFO_PUB/2600/003_5035_20260521_1.pdf,C:\Users\treyl\Documents\Obsidian\Second_Brain\output\nec_2026_local_election_opencrab\github_repo_nec_2026_local_election_opencrab\supplements\official_gap_recovery_2026\direct_nec_downloads\documents\820260603-2600-부산광역시-기본소득당-1-1.pdf,downloaded,946355,,C:\Users\treyl\Documents\Obsidian\Second_Brain\output\nec_2026_local_election_opencrab\github_repo_nec_2026_local_election_opencrab\supplements\official_gap_recovery_2026\direct_nec_downloads\markdown\820260603-2600-부산광역시-기본소득당-1-1.md,ok,2,432,,pymupdf,ok
820260603-5200-강원특별자치도-기본소득당-1-1,강원특별자치도,광역의원비례대표선거,강원특별자치도,,기본소득당,비례대표 정당 제출자료,https://policy.nec.go.kr/plc/common/downloadFile.do?requestedFileName=20260603_%EA%B0%95%EC%9B%90%ED%8A%B9%EB%B3%84%EC%9E%90%EC%B9%98%EB%8F%84_%EA%B8%B0%EB%B3%B8%EC%86%8C%EB%93%9D%EB%8B%B9_%EB%B9%84%EB%A1%80%EB%8C%80%ED%91%9C%20%EC%A0%95%EB%8B%B9%20%EC%A0%9C%EC%B6%9C%EC%9E%90%EB%A3%8C.pdf&requestedFullPath=20260603/PDF/PBINFO_PUB/5200/003_5035_20260518_1.pdf,C:\Users\treyl\Documents\Obsidian\Second_Brain\output\nec_2026_local_election_opencrab\github_repo_nec_2026_local_election_opencrab\supplements\official_gap_recovery_2026\direct_nec_downloads\documents\820260603-5200-강원특별자치도-기본소득당-1-1.pdf,downloaded,942359,,C:\Users\treyl\Documents\Obsidian\Second_Brain\output\nec_2026_local_election_opencrab\github_repo_nec_2026_local_election_opencrab\supplements\official_gap_recovery_2026\direct_nec_downloads\markdown\820260603-5200-강원특별자치도-기본소득당-1-1.md,ok,2,418,,pymupdf,ok
820260603-5100-세종특별자치시-기본소득당-1-1,세종특별자치시,광역의원비례대표선거,세종특별자치시,,기본소득당,비례대표 정당 제출자료,https://policy.nec.go.kr/plc/common/downloadFile.do?requestedFileName=20260603_%EC%84%B8%EC%A2%85%ED%8A%B9%EB%B3%84%EC%9E%90%EC%B9%98%EC%8B%9C_%EA%B8%B0%EB%B3%B8%EC%86%8C%EB%93%9D%EB%8B%B9_%EB%B9%84%EB%A1%80%EB%8C%80%ED%91%9C%20%EC%A0%95%EB%8B%B9%20%EC%A0%9C%EC%B6%9C%EC%9E%90%EB%A3%8C.pdf&requestedFullPath=20260603/PDF/PBINFO_PUB/5100/003_5035_20260522_1.pdf,C:\Users\treyl\Documents\Obsidian\Second_Brain\output\nec_2026_local_election_opencrab\github_repo_nec_2026_local_election_opencrab\supplements\official_gap_recovery_2026\direct_nec_downloads\documents\820260603-5100-세종특별자치시-기본소득당-1-1.pdf,downloaded,920302,,C:\Users\treyl\Documents\Obsidian\Second_Brain\output\nec_2026_local_election_opencrab\github_repo_nec_2026_local_election_opencrab\supplements\official_gap_recovery_2026\direct_nec_downloads\markdown\820260603-5100-세종특별자치시-기본소득당-1-1.md,ok,2,411,,pymupdf,ok
820260603-4700-경상북도-기본소득당-1-1,경상북도,광역의원비례대표선거,경상북도,,기본소득당,비례대표 정당 제출자료,https://policy.nec.go.kr/plc/common/downloadFile.do?requestedFileName=20260603_%EA%B2%BD%EC%83%81%EB%B6%81%EB%8F%84_%EA%B8%B0%EB%B3%B8%EC%86%8C%EB%93%9D%EB%8B%B9_%EB%B9%84%EB%A1%80%EB%8C%80%ED%91%9C%20%EC%A0%95%EB%8B%B9%20%EC%A0%9C%EC%B6%9C%EC%9E%90%EB%A3%8C.pdf&requestedFullPath=20260603/PDF/PBINFO_PUB/4700/003_5035_20260517_2.pdf,C:\Users\treyl\Documents\Obsidian\Second_Brain\output\nec_2026_local_election_opencrab\github_repo_nec_2026_local_election_opencrab\supplements\official_gap_recovery_2026\direct_nec_downloads\documents\820260603-4700-경상북도-기본소득당-1-1.pdf,downloaded,935519,,C:\Users\treyl\Documents\Obsidian\Second_Brain\output\nec_2026_local_election_opencrab\github_repo_nec_2026_local_election_opencrab\supplements\official_gap_recovery_2026\direct_nec_downloads\markdown\820260603-4700-경상북도-기본소득당-1-1.md,ok,2,396,,pymupdf,ok
820260603-3100-울산광역시-기본소득당-1-1,울산광역시,광역의원비례대표선거,울산광역시,,기본소득당,비례대표 정당 제출자료,https://policy.nec.go.kr/plc/common/downloadFile.do?requestedFileName=20260603_%EC%9A%B8%EC%82%B0%EA%B4%91%EC%97%AD%EC%8B%9C_%EA%B8%B0%EB%B3%B8%EC%86%8C%EB%93%9D%EB%8B%B9_%EB%B9%84%EB%A1%80%EB%8C%80%ED%91%9C%20%EC%A0%95%EB%8B%B9%20%EC%A0%9C%EC%B6%9C%EC%9E%90%EB%A3%8C.pdf&requestedFullPath=20260603/PDF/PBINFO_PUB/3100/003_5035_20260521_1.pdf,C:\Users\treyl\Documents\Obsidian\Second_Brain\output\nec_2026_local_election_opencrab\github_repo_nec_2026_local_election_opencrab\supplements\official_gap_recovery_2026\direct_nec_downloads\documents\820260603-3100-울산광역시-기본소득당-1-1.pdf,downloaded,947788,,C:\Users\treyl\Documents\Obsidian\Second_Brain\output\nec_2026_local_election_opencrab\github_repo_nec_2026_local_election_opencrab\supplements\official_gap_recovery_2026\direct_nec_downloads\markdown\820260603-3100-울산광역시-기본소득당-1-1.md,ok,2,426,,pymupdf,ok
820260603-2700-대구광역시-기본소득당-1-1,대구광역시,광역의원비례대표선거,대구광역시,,기본소득당,비례대표 정당 제출자료,https://policy.nec.go.kr/plc/common/downloadFile.do?requestedFileName=20260603_%EB%8C%80%EA%B5%AC%EA%B4%91%EC%97%AD%EC%8B%9C_%EA%B8%B0%EB%B3%B8%EC%86%8C%EB%93%9D%EB%8B%B9_%EB%B9%84%EB%A1%80%EB%8C%80%ED%91%9C%20%EC%A0%95%EB%8B%B9%20%EC%A0%9C%EC%B6%9C%EC%9E%90%EB%A3%8C.pdf&requestedFullPath=20260603/PDF/PBINFO_PUB/2700/003_5035_20260522_1.pdf,C:\Users\treyl\Documents\Obsidian\Second_Brain\output\nec_2026_local_election_opencrab\github_repo_nec_2026_local_election_opencrab\supplements\official_gap_recovery_2026\direct_nec_downloads\documents\820260603-2700-대구광역시-기본소득당-1-1.pdf,downloaded,930842,,C:\Users\treyl\Documents\Obsidian\Second_Brain\output\nec_2026_local_election_opencrab\github_repo_nec_2026_local_election_opencrab\supplements\official_gap_recovery_2026\direct_nec_downloads\markdown\820260603-2700-대구광역시-기본소득당-1-1.md,ok,2,422,,pymupdf,ok
820260603-5300-전북특별자치도-기본소득당-1-1,전북특별자치도,광역의원비례대표선거,전북특별자치도,,기본소득당,비례대표 정당 제출자료,https://policy.nec.go.kr/plc/common/downloadFile.do?requestedFileName=20260603_%EC%A0%84%EB%B6%81%ED%8A%B9%EB%B3%84%EC%9E%90%EC%B9%98%EB%8F%84_%EA%B8%B0%EB%B3%B8%EC%86%8C%EB%93%9D%EB%8B%B9_%EB%B9%84%EB%A1%80%EB%8C%80%ED%91%9C%20%EC%A0%95%EB%8B%B9%20%EC%A0%9C%EC%B6%9C%EC%9E%90%EB%A3%8C.pdf&requestedFullPath=20260603/PDF/PBINFO_PUB/5300/003_5035_20260522_1.pdf,C:\Users\treyl\Documents\Obsidian\Second_Brain\output\nec_2026_local_election_opencrab\github_repo_nec_2026_local_election_opencrab\supplements\official_gap_recovery_2026\direct_nec_downloads\documents\820260603-5300-전북특별자치도-기본소득당-1-1.pdf,downloaded,978879,,C:\Users\treyl\Documents\Obsidian\Second_Brain\output\nec_2026_local_election_opencrab\github_repo_nec_2026_local_election_opencrab\supplements\official_gap_recovery_2026\direct_nec_downloads\markdown\820260603-5300-전북특별자치도-기본소득당-1-1.md,ok,2,498,,pymupdf,ok
820260603-4900-제주특별자치도-기본소득당-1-1,제주특별자치도,광역의원비례대표선거,제주특별자치도,,기본소득당,비례대표 정당 제출자료,https://policy.nec.go.kr/plc/common/downloadFile.do?requestedFileName=20260603_%EC%A0%9C%EC%A3%BC%ED%8A%B9%EB%B3%84%EC%9E%90%EC%B9%98%EB%8F%84_%EA%B8%B0%EB%B3%B8%EC%86%8C%EB%93%9D%EB%8B%B9_%EB%B9%84%EB%A1%80%EB%8C%80%ED%91%9C%20%EC%A0%95%EB%8B%B9%20%EC%A0%9C%EC%B6%9C%EC%9E%90%EB%A3%8C.pdf&requestedFullPath=20260603/PDF/PBINFO_PUB/4900/003_5035_20260520_1.pdf,C:\Users\treyl\Documents\Obsidian\Second_Brain\output\nec_2026_local_election_opencrab\github_repo_nec_2026_local_election_opencrab\supplements\official_gap_recovery_2026\direct_nec_downloads\documents\820260603-4900-제주특별자치도-기본소득당-1-1.pdf,downloaded,939431,,C:\Users\treyl\Documents\Obsidian\Second_Brain\output\nec_2026_local_election_opencrab\github_repo_nec_2026_local_election_opencrab\supplements\official_gap_recovery_2026\direct_nec_downloads\markdown\820260603-4900-제주특별자치도-기본소득당-1-1.md,ok,2,430,,pymupdf,ok
820260603-1100-서울특별시-기본소득당-1-1,서울특별시,광역의원비례대표선거,서울특별시,,기본소득당,비례대표 정당 제출자료,https://policy.nec.go.kr/plc/common/downloadFile.do?requestedFileName=20260603_%EC%84%9C%EC%9A%B8%ED%8A%B9%EB%B3%84%EC%8B%9C_%EA%B8%B0%EB%B3%B8%EC%86%8C%EB%93%9D%EB%8B%B9_%EB%B9%84%EB%A1%80%EB%8C%80%ED%91%9C%20%EC%A0%95%EB%8B%B9%20%EC%A0%9C%EC%B6%9C%EC%9E%90%EB%A3%8C.pdf&requestedFullPath=20260603/PDF/PBINFO_PUB/1100/003_5035_20260523_1.pdf,C:\Users\treyl\Documents\Obsidian\Second_Brain\output\nec_2026_local_election_opencrab\github_repo_nec_2026_local_election_opencrab\supplements\official_gap_recovery_2026\direct_nec_downloads\documents\820260603-1100-서울특별시-기본소득당-1-1.pdf,downloaded,982601,,C:\Users\treyl\Documents\Obsidian\Second_Brain\output\nec_2026_local_election_opencrab\github_repo_nec_2026_local_election_opencrab\supplements\official_gap_recovery_2026\direct_nec_downloads\markdown\820260603-1100-서울특별시-기본소득당-1-1.md,ok,2,526,,pymupdf,ok
820260603-2900-전남광주통합특별시-기본소득당-1-1,전남광주통합특별시,광역의원비례대표선거,전남광주통합특별시,,기본소득당,비례대표 정당 제출자료,https://policy.nec.go.kr/plc/common/downloadFile.do?requestedFileName=20260603_%EC%A0%84%EB%82%A8%EA%B4%91%EC%A3%BC%ED%86%B5%ED%95%A9%ED%8A%B9%EB%B3%84%EC%8B%9C_%EA%B8%B0%EB%B3%B8%EC%86%8C%EB%93%9D%EB%8B%B9_%EB%B9%84%EB%A1%80%EB%8C%80%ED%91%9C%20%EC%A0%95%EB%8B%B9%20%EC%A0%9C%EC%B6%9C%EC%9E%90%EB%A3%8C.pdf&requestedFullPath=20260603/PDF/PBINFO_PUB/2900/003_5035_20260518_1.pdf,C:\Users\treyl\Documents\Obsidian\Second_Brain\output\nec_2026_local_election_opencrab\github_repo_nec_2026_local_election_opencrab\supplements\official_gap_recovery_2026\direct_nec_downloads\documents\820260603-2900-전남광주통합특별시-기본소득당-1-1.pdf,downloaded,980756,,C:\Users\treyl\Documents\Obsidian\Second_Brain\output\nec_2026_local_election_opencrab\github_repo_nec_2026_local_election_opencrab\supplements\official_gap_recovery_2026\direct_nec_downloads\markdown\820260603-2900-전남광주통합특별시-기본소득당-1-1.md,ok,2,513,,pymupdf,ok
820260603-4800-경상남도-기본소득당-1-1,경상남도,광역의원비례대표선거,경상남도,,기본소득당,비례대표 정당 제출자료,https://policy.nec.go.kr/plc/common/downloadFile.do?requestedFileName=20260603_%EA%B2%BD%EC%83%81%EB%82%A8%EB%8F%84_%EA%B8%B0%EB%B3%B8%EC%86%8C%EB%93%9D%EB%8B%B9_%EB%B9%84%EB%A1%80%EB%8C%80%ED%91%9C%20%EC%A0%95%EB%8B%B9%20%EC%A0%9C%EC%B6%9C%EC%9E%90%EB%A3%8C.pdf&requestedFullPath=20260603/PDF/PBINFO_PUB/4800/003_5035_20260520_1.pdf,C:\Users\treyl\Documents\Obsidian\Second_Brain\output\nec_2026_local_election_opencrab\github_repo_nec_2026_local_election_opencrab\supplements\official_gap_recovery_2026\direct_nec_downloads\documents\820260603-4800-경상남도-기본소득당-1-1.pdf,downloaded,932172,,C:\Users\treyl\Documents\Obsidian\Second_Brain\output\nec_2026_local_election_opencrab\github_repo_nec_2026_local_election_opencrab\supplements\official_gap_recovery_2026\direct_nec_downloads\markdown\820260603-4800-경상남도-기본소득당-1-1.md,ok,2,431,,pymupdf,ok
820260603-4300-충청북도-기본소득당-1-1,충청북도,광역의원비례대표선거,충청북도,,기본소득당,비례대표 정당 제출자료,https://policy.nec.go.kr/plc/common/downloadFile.do?requestedFileName=20260603_%EC%B6%A9%EC%B2%AD%EB%B6%81%EB%8F%84_%EA%B8%B0%EB%B3%B8%EC%86%8C%EB%93%9D%EB%8B%B9_%EB%B9%84%EB%A1%80%EB%8C%80%ED%91%9C%20%EC%A0%95%EB%8B%B9%20%EC%A0%9C%EC%B6%9C%EC%9E%90%EB%A3%8C.pdf&requestedFullPath=20260603/PDF/PBINFO_PUB/4300/003_5035_20260517_1.pdf,C:\Users\treyl\Documents\Obsidian\Second_Brain\output\nec_2026_local_election_opencrab\github_repo_nec_2026_local_election_opencrab\supplements\official_gap_recovery_2026\direct_nec_downloads\documents\820260603-4300-충청북도-기본소득당-1-1.pdf,downloaded,939828,,C:\Users\treyl\Documents\Obsidian\Second_Brain\output\nec_2026_local_election_opencrab\github_repo_nec_2026_local_election_opencrab\supplements\official_gap_recovery_2026\direct_nec_downloads\markdown\820260603-4300-충청북도-기본소득당-1-1.md,ok,2,412,,pymupdf,ok
820260603-4100-경기도-기본소득당-1-1,경기도,광역의원비례대표선거,경기도,,기본소득당,비례대표 정당 제출자료,https://policy.nec.go.kr/plc/common/downloadFile.do?requestedFileName=20260603_%EA%B2%BD%EA%B8%B0%EB%8F%84_%EA%B8%B0%EB%B3%B8%EC%86%8C%EB%93%9D%EB%8B%B9_%EB%B9%84%EB%A1%80%EB%8C%80%ED%91%9C%20%EC%A0%95%EB%8B%B9%20%EC%A0%9C%EC%B6%9C%EC%9E%90%EB%A3%8C.pdf&requestedFullPath=20260603/PDF/PBINFO_PUB/4100/003_5035_20260523_1.pdf,C:\Users\treyl\Documents\Obsidian\Second_Brain\output\nec_2026_local_election_opencrab\github_repo_nec_2026_local_election_opencrab\supplements\official_gap_recovery_2026\direct_nec_downloads\documents\820260603-4100-경기도-기본소득당-1-1.pdf,downloaded,988005,,C:\Users\treyl\Documents\Obsidian\Second_Brain\output\nec_2026_local_election_opencrab\github_repo_nec_2026_local_election_opencrab\supplements\official_gap_recovery_2026\direct_nec_downloads\markdown\820260603-4100-경기도-기본소득당-1-1.md,ok,2,504,,pymupdf,ok
820260603-3000-대전광역시-기본소득당-1-1,대전광역시,광역의원비례대표선거,대전광역시,,기본소득당,비례대표 정당 제출자료,https://policy.nec.go.kr/plc/common/downloadFile.do?requestedFileName=20260603_%EB%8C%80%EC%A0%84%EA%B4%91%EC%97%AD%EC%8B%9C_%EA%B8%B0%EB%B3%B8%EC%86%8C%EB%93%9D%EB%8B%B9_%EB%B9%84%EB%A1%80%EB%8C%80%ED%91%9C%20%EC%A0%95%EB%8B%B9%20%EC%A0%9C%EC%B6%9C%EC%9E%90%EB%A3%8C.pdf&requestedFullPath=20260603/PDF/PBINFO_PUB/3000/003_5035_20260518_1.pdf,C:\Users\treyl\Documents\Obsidian\Second_Brain\output\nec_2026_local_election_opencrab\github_repo_nec_2026_local_election_opencrab\supplements\official_gap_recovery_2026\direct_nec_downloads\documents\820260603-3000-대전광역시-기본소득당-1-1.pdf,downloaded,930012,,C:\Users\treyl\Documents\Obsidian\Second_Brain\output\nec_2026_local_election_opencrab\github_repo_nec_2026_local_election_opencrab\supplements\official_gap_recovery_2026\direct_nec_downloads\markdown\820260603-3000-대전광역시-기본소득당-1-1.md,ok,2,409,,pymupdf,ok
820260603-4100-경기도-거지당-1-1,경기도,광역의원비례대표선거,경기도,,거지당,비례대표 정당 제출자료,https://policy.nec.go.kr/plc/common/downloadFile.do?requestedFileName=20260603_%EA%B2%BD%EA%B8%B0%EB%8F%84_%EA%B1%B0%EC%A7%80%EB%8B%B9_%EB%B9%84%EB%A1%80%EB%8C%80%ED%91%9C%20%EC%A0%95%EB%8B%B9%20%EC%A0%9C%EC%B6%9C%EC%9E%90%EB%A3%8C.pdf&requestedFullPath=20260603/PDF/PBINFO_PUB/4100/003_5054_20260523_1.pdf,C:\Users\treyl\Documents\Obsidian\Second_Brain\output\nec_2026_local_election_opencrab\github_repo_nec_2026_local_election_opencrab\supplements\official_gap_recovery_2026\direct_nec_downloads\documents\820260603-4100-경기도-거지당-1-1.pdf,downloaded,87497,,C:\Users\treyl\Documents\Obsidian\Second_Brain\output\nec_2026_local_election_opencrab\github_repo_nec_2026_local_election_opencrab\supplements\official_gap_recovery_2026\direct_nec_downloads\markdown\820260603-4100-경기도-거지당-1-1.md,ok,2,113,,pymupdf,ok
820260603-1100-서울특별시-거지당-1-1,서울특별시,광역의원비례대표선거,서울특별시,,거지당,비례대표 정당 제출자료,https://policy.nec.go.kr/plc/common/downloadFile.do?requestedFileName=20260603_%EC%84%9C%EC%9A%B8%ED%8A%B9%EB%B3%84%EC%8B%9C_%EA%B1%B0%EC%A7%80%EB%8B%B9_%EB%B9%84%EB%A1%80%EB%8C%80%ED%91%9C%20%EC%A0%95%EB%8B%B9%20%EC%A0%9C%EC%B6%9C%EC%9E%90%EB%A3%8C.pdf&requestedFullPath=20260603/PDF/PBINFO_PUB/1100/003_5054_20260523_1.pdf,C:\Users\treyl\Documents\Obsidian\Second_Brain\output\nec_2026_local_election_opencrab\github_repo_nec_2026_local_election_opencrab\supplements\official_gap_recovery_2026\direct_nec_downloads\documents\820260603-1100-서울특별시-거지당-1-1.pdf,downloaded,85795,,C:\Users\treyl\Documents\Obsidian\Second_Brain\output\nec_2026_local_election_opencrab\github_repo_nec_2026_local_election_opencrab\supplements\official_gap_recovery_2026\direct_nec_downloads\markdown\820260603-1100-서울특별시-거지당-1-1.md,ok,2,83,,pymupdf,ok
820260603-2700-대구광역시-공화당-1-1,대구광역시,광역의원비례대표선거,대구광역시,,공화당,비례대표 정당 제출자료,https://policy.nec.go.kr/plc/common/downloadFile.do?requestedFileName=20260603_%EB%8C%80%EA%B5%AC%EA%B4%91%EC%97%AD%EC%8B%9C_%EA%B3%B5%ED%99%94%EB%8B%B9_%EB%B9%84%EB%A1%80%EB%8C%80%ED%91%9C%20%EC%A0%95%EB%8B%B9%20%EC%A0%9C%EC%B6%9C%EC%9E%90%EB%A3%8C.pdf&requestedFullPath=20260603/PDF/PBINFO_PUB/2700/003_5051_20260523_3.pdf,C:\Users\treyl\Documents\Obsidian\Second_Brain\output\nec_2026_local_election_opencrab\github_repo_nec_2026_local_election_opencrab\supplements\official_gap_recovery_2026\direct_nec_downloads\documents\820260603-2700-대구광역시-공화당-1-1.pdf,downloaded,84467,,C:\Users\treyl\Documents\Obsidian\Second_Brain\output\nec_2026_local_election_opencrab\github_repo_nec_2026_local_election_opencrab\supplements\official_gap_recovery_2026\direct_nec_downloads\markdown\820260603-2700-대구광역시-공화당-1-1.md,ok,2,131,,pymupdf,ok
820260603-4700-경상북도-공화당-1-1,경상북도,광역의원비례대표선거,경상북도,,공화당,비례대표 정당 제출자료,https://policy.nec.go.kr/plc/common/downloadFile.do?requestedFileName=20260603_%EA%B2%BD%EC%83%81%EB%B6%81%EB%8F%84_%EA%B3%B5%ED%99%94%EB%8B%B9_%EB%B9%84%EB%A1%80%EB%8C%80%ED%91%9C%20%EC%A0%95%EB%8B%B9%20%EC%A0%9C%EC%B6%9C%EC%9E%90%EB%A3%8C.pdf&requestedFullPath=20260603/PDF/PBINFO_PUB/4700/003_5051_20260520_1.pdf,C:\Users\treyl\Documents\Obsidian\Second_Brain\output\nec_2026_local_election_opencrab\github_repo_nec_2026_local_election_opencrab\supplements\official_gap_recovery_2026\direct_nec_downloads\documents\820260603-4700-경상북도-공화당-1-1.pdf,downloaded,97921,,C:\Users\treyl\Documents\Obsidian\Second_Brain\output\nec_2026_local_election_opencrab\github_repo_nec_2026_local_election_opencrab\supplements\official_gap_recovery_2026\direct_nec_downloads\markdown\820260603-4700-경상북도-공화당-1-1.md,ok,2,190,,pymupdf,ok
820260603-1100-서울특별시-공화당-1-1,서울특별시,광역의원비례대표선거,서울특별시,,공화당,비례대표 정당 제출자료,https://policy.nec.go.kr/plc/common/downloadFile.do?requestedFileName=20260603_%EC%84%9C%EC%9A%B8%ED%8A%B9%EB%B3%84%EC%8B%9C_%EA%B3%B5%ED%99%94%EB%8B%B9_%EB%B9%84%EB%A1%80%EB%8C%80%ED%91%9C%20%EC%A0%95%EB%8B%B9%20%EC%A0%9C%EC%B6%9C%EC%9E%90%EB%A3%8C.pdf&requestedFullPath=20260603/PDF/PBINFO_PUB/1100/003_5051_20260523_1.pdf,C:\Users\treyl\Documents\Obsidian\Second_Brain\output\nec_2026_local_election_opencrab\github_repo_nec_2026_local_election_opencrab\supplements\official_gap_recovery_2026\direct_nec_downloads\documents\820260603-1100-서울특별시-공화당-1-1.pdf,downloaded,77117,,C:\Users\treyl\Documents\Obsidian\Second_Brain\output\nec_2026_local_election_opencrab\github_repo_nec_2026_local_election_opencrab\supplements\official_gap_recovery_2026\direct_nec_downloads\markdown\820260603-1100-서울특별시-공화당-1-1.md,ok,2,148,,pymupdf,ok
820260603-4100-경기도-공화당-1-1,경기도,광역의원비례대표선거,경기도,,공화당,비례대표 정당 제출자료,https://policy.nec.go.kr/plc/common/downloadFile.do?requestedFileName=20260603_%EA%B2%BD%EA%B8%B0%EB%8F%84_%EA%B3%B5%ED%99%94%EB%8B%B9_%EB%B9%84%EB%A1%80%EB%8C%80%ED%91%9C%20%EC%A0%95%EB%8B%B9%20%EC%A0%9C%EC%B6%9C%EC%9E%90%EB%A3%8C.pdf&requestedFullPath=20260603/PDF/PBINFO_PUB/4100/003_5051_20260523_1.pdf,C:\Users\treyl\Documents\Obsidian\Second_Brain\output\nec_2026_local_election_opencrab\github_repo_nec_2026_local_election_opencrab\supplements\official_gap_recovery_2026\direct_nec_downloads\documents\820260603-4100-경기도-공화당-1-1.pdf,downloaded,78842,,C:\Users\treyl\Documents\Obsidian\Second_Brain\output\nec_2026_local_election_opencrab\github_repo_nec_2026_local_election_opencrab\supplements\official_gap_recovery_2026\direct_nec_downloads\markdown\820260603-4100-경기도-공화당-1-1.md,ok,2,155,,pymupdf,ok
820260603-2600-부산광역시-공화당-1-1,부산광역시,광역의원비례대표선거,부산광역시,,공화당,비례대표 정당 제출자료,https://policy.nec.go.kr/plc/common/downloadFile.do?requestedFileName=20260603_%EB%B6%80%EC%82%B0%EA%B4%91%EC%97%AD%EC%8B%9C_%EA%B3%B5%ED%99%94%EB%8B%B9_%EB%B9%84%EB%A1%80%EB%8C%80%ED%91%9C%20%EC%A0%95%EB%8B%B9%20%EC%A0%9C%EC%B6%9C%EC%9E%90%EB%A3%8C.pdf&requestedFullPath=20260603/PDF/PBINFO_PUB/2600/003_5051_20260521_1.pdf,C:\Users\treyl\Documents\Obsidian\Second_Brain\output\nec_2026_local_election_opencrab\github_repo_nec_2026_local_election_opencrab\supplements\official_gap_recovery_2026\direct_nec_downloads\documents\820260603-2600-부산광역시-공화당-1-1.pdf,downloaded,77131,,C:\Users\treyl\Documents\Obsidian\Second_Brain\output\nec_2026_local_election_opencrab\github_repo_nec_2026_local_election_opencrab\supplements\official_gap_recovery_2026\direct_nec_downloads\markdown\820260603-2600-부산광역시-공화당-1-1.md,ok,2,132,,pymupdf,ok
820260603-4800-경상남도-공화당-1-1,경상남도,광역의원비례대표선거,경상남도,,공화당,비례대표 정당 제출자료,https://policy.nec.go.kr/plc/common/downloadFile.do?requestedFileName=20260603_%EA%B2%BD%EC%83%81%EB%82%A8%EB%8F%84_%EA%B3%B5%ED%99%94%EB%8B%B9_%EB%B9%84%EB%A1%80%EB%8C%80%ED%91%9C%20%EC%A0%95%EB%8B%B9%20%EC%A0%9C%EC%B6%9C%EC%9E%90%EB%A3%8C.pdf&requestedFullPath=20260603/PDF/PBINFO_PUB/4800/003_5051_20260521_1.pdf,C:\Users\treyl\Documents\Obsidian\Second_Brain\output\nec_2026_local_election_opencrab\github_repo_nec_2026_local_election_opencrab\supplements\official_gap_recovery_2026\direct_nec_downloads\documents\820260603-4800-경상남도-공화당-1-1.pdf,downloaded,72233,,C:\Users\treyl\Documents\Obsidian\Second_Brain\output\nec_2026_local_election_opencrab\github_repo_nec_2026_local_election_opencrab\supplements\official_gap_recovery_2026\direct_nec_downloads\markdown\820260603-4800-경상남도-공화당-1-1.md,ok,2,134,,pymupdf,ok
820260603-2800-인천광역시-공화당-1-1,인천광역시,광역의원비례대표선거,인천광역시,,공화당,비례대표 정당 제출자료,https://policy.nec.go.kr/plc/common/downloadFile.do?requestedFileName=20260603_%EC%9D%B8%EC%B2%9C%EA%B4%91%EC%97%AD%EC%8B%9C_%EA%B3%B5%ED%99%94%EB%8B%B9_%EB%B9%84%EB%A1%80%EB%8C%80%ED%91%9C%20%EC%A0%95%EB%8B%B9%20%EC%A0%9C%EC%B6%9C%EC%9E%90%EB%A3%8C.pdf&requestedFullPath=20260603/PDF/PBINFO_PUB/2800/003_5051_20260521_2.pdf,C:\Users\treyl\Documents\Obsidian\Second_Brain\output\nec_2026_local_election_opencrab\github_repo_nec_2026_local_election_opencrab\supplements\official_gap_recovery_2026\direct_nec_downloads\documents\820260603-2800-인천광역시-공화당-1-1.pdf,downloaded,76882,,C:\Users\treyl\Documents\Obsidian\Second_Brain\output\nec_2026_local_election_opencrab\github_repo_nec_2026_local_election_opencrab\supplements\official_gap_recovery_2026\direct_nec_downloads\markdown\820260603-2800-인천광역시-공화당-1-1.md,ok,2,123,,pymupdf,ok
820260603-4100-경기도-국민대통합당-1-1,경기도,광역의원비례대표선거,경기도,,국민대통합당,비례대표 정당 제출자료,https://policy.nec.go.kr/plc/common/downloadFile.do?requestedFileName=20260603_%EA%B2%BD%EA%B8%B0%EB%8F%84_%EA%B5%AD%EB%AF%BC%EB%8C%80%ED%86%B5%ED%95%A9%EB%8B%B9_%EB%B9%84%EB%A1%80%EB%8C%80%ED%91%9C%20%EC%A0%95%EB%8B%B9%20%EC%A0%9C%EC%B6%9C%EC%9E%90%EB%A3%8C.pdf&requestedFullPath=20260603/PDF/PBINFO_PUB/4100/003_2060_20260523_1.pdf,C:\Users\treyl\Documents\Obsidian\Second_Brain\output\nec_2026_local_election_opencrab\github_repo_nec_2026_local_election_opencrab\supplements\official_gap_recovery_2026\direct_nec_downloads\documents\820260603-4100-경기도-국민대통합당-1-1.pdf,downloaded,83040,,C:\Users\treyl\Documents\Obsidian\Second_Brain\output\nec_2026_local_election_opencrab\github_repo_nec_2026_local_election_opencrab\supplements\official_gap_recovery_2026\direct_nec_downloads\markdown\820260603-4100-경기도-국민대통합당-1-1.md,ok,2,117,,pymupdf,ok
820260603-1100-서울특별시-국민대통합당-1-1,서울특별시,광역의원비례대표선거,서울특별시,,국민대통합당,비례대표 정당 제출자료,https://policy.nec.go.kr/plc/common/downloadFile.do?requestedFileName=20260603_%EC%84%9C%EC%9A%B8%ED%8A%B9%EB%B3%84%EC%8B%9C_%EA%B5%AD%EB%AF%BC%EB%8C%80%ED%86%B5%ED%95%A9%EB%8B%B9_%EB%B9%84%EB%A1%80%EB%8C%80%ED%91%9C%20%EC%A0%95%EB%8B%B9%20%EC%A0%9C%EC%B6%9C%EC%9E%90%EB%A3%8C.pdf&requestedFullPath=20260603/PDF/PBINFO_PUB/1100/003_2060_20260523_1.pdf,C:\Users\treyl\Documents\Obsidian\Second_Brain\output\nec_2026_local_election_opencrab\github_repo_nec_2026_local_election_opencrab\supplements\official_gap_recovery_2026\direct_nec_downloads\documents\820260603-1100-서울특별시-국민대통합당-1-1.pdf,downloaded,84428,,C:\Users\treyl\Documents\Obsidian\Second_Brain\output\nec_2026_local_election_opencrab\github_repo_nec_2026_local_election_opencrab\supplements\official_gap_recovery_2026\direct_nec_downloads\markdown\820260603-1100-서울특별시-국민대통합당-1-1.md,ok,2,122,,pymupdf,ok
820260603-4700-경상북도-국민대통합당-1-1,경상북도,광역의원비례대표선거,경상북도,,국민대통합당,비례대표 정당 제출자료,https://policy.nec.go.kr/plc/common/downloadFile.do?requestedFileName=20260603_%EA%B2%BD%EC%83%81%EB%B6%81%EB%8F%84_%EA%B5%AD%EB%AF%BC%EB%8C%80%ED%86%B5%ED%95%A9%EB%8B%B9_%EB%B9%84%EB%A1%80%EB%8C%80%ED%91%9C%20%EC%A0%95%EB%8B%B9%20%EC%A0%9C%EC%B6%9C%EC%9E%90%EB%A3%8C.pdf&requestedFullPath=20260603/PDF/PBINFO_PUB/4700/003_2060_20260517_1.pdf,C:\Users\treyl\Documents\Obsidian\Second_Brain\output\nec_2026_local_election_opencrab\github_repo_nec_2026_local_election_opencrab\supplements\official_gap_recovery_2026\direct_nec_downloads\documents\820260603-4700-경상북도-국민대통합당-1-1.pdf,downloaded,90086,,C:\Users\treyl\Documents\Obsidian\Second_Brain\output\nec_2026_local_election_opencrab\github_repo_nec_2026_local_election_opencrab\supplements\official_gap_recovery_2026\direct_nec_downloads\markdown\820260603-4700-경상북도-국민대통합당-1-1.md,ok,2,133,,pymupdf,ok
820260603-4800-경상남도-국민연합-1-1,경상남도,광역의원비례대표선거,경상남도,,국민연합,비례대표 정당 제출자료,https://policy.nec.go.kr/plc/common/downloadFile.do?requestedFileName=20260603_%EA%B2%BD%EC%83%81%EB%82%A8%EB%8F%84_%EA%B5%AD%EB%AF%BC%EC%97%B0%ED%95%A9_%EB%B9%84%EB%A1%80%EB%8C%80%ED%91%9C%20%EC%A0%95%EB%8B%B9%20%EC%A0%9C%EC%B6%9C%EC%9E%90%EB%A3%8C.pdf&requestedFullPath=20260603/PDF/PBINFO_PUB/4800/003_4080_20260520_1.pdf,C:\Users\treyl\Documents\Obsidian\Second_Brain\output\nec_2026_local_election_opencrab\github_repo_nec_2026_local_election_opencrab\supplements\official_gap_recovery_2026\direct_nec_downloads\documents\820260603-4800-경상남도-국민연합-1-1.pdf,downloaded,498042,,C:\Users\treyl\Documents\Obsidian\Second_Brain\output\nec_2026_local_election_opencrab\github_repo_nec_2026_local_election_opencrab\supplements\official_gap_recovery_2026\direct_nec_downloads\markdown\820260603-4800-경상남도-국민연합-1-1.md,ok,2,185,,pymupdf,suspiciously_short_text
820260603-2800-인천광역시-국민연합-1-1,인천광역시,광역의원비례대표선거,인천광역시,,국민연합,비례대표 정당 제출자료,https://policy.nec.go.kr/plc/common/downloadFile.do?requestedFileName=20260603_%EC%9D%B8%EC%B2%9C%EA%B4%91%EC%97%AD%EC%8B%9C_%EA%B5%AD%EB%AF%BC%EC%97%B0%ED%95%A9_%EB%B9%84%EB%A1%80%EB%8C%80%ED%91%9C%20%EC%A0%95%EB%8B%B9%20%EC%A0%9C%EC%B6%9C%EC%9E%90%EB%A3%8C.pdf&requestedFullPath=20260603/PDF/PBINFO_PUB/2800/003_4080_20260518_1.pdf,C:\Users\treyl\Documents\Obsidian\Second_Brain\output\nec_2026_local_election_opencrab\github_repo_nec_2026_local_election_opencrab\supplements\official_gap_recovery_2026\direct_nec_downloads\documents\820260603-2800-인천광역시-국민연합-1-1.pdf,downloaded,399400,,C:\Users\treyl\Documents\Obsidian\Second_Brain\output\nec_2026_local_election_opencrab\github_repo_nec_2026_local_election_opencrab\supplements\official_gap_recovery_2026\direct_nec_downloads\markdown\820260603-2800-인천광역시-국민연합-1-1.md,ok,2,204,,pymupdf,ok
820260603-4700-경상북도-국민연합-1-1,경상북도,광역의원비례대표선거,경상북도,,국민연합,비례대표 정당 제출자료,https://policy.nec.go.kr/plc/common/downloadFile.do?requestedFileName=20260603_%EA%B2%BD%EC%83%81%EB%B6%81%EB%8F%84_%EA%B5%AD%EB%AF%BC%EC%97%B0%ED%95%A9_%EB%B9%84%EB%A1%80%EB%8C%80%ED%91%9C%20%EC%A0%95%EB%8B%B9%20%EC%A0%9C%EC%B6%9C%EC%9E%90%EB%A3%8C.pdf&requestedFullPath=20260603/PDF/PBINFO_PUB/4700/003_4080_20260518_3.pdf,C:\Users\treyl\Documents\Obsidian\Second_Brain\output\nec_2026_local_election_opencrab\github_repo_nec_2026_local_election_opencrab\supplements\official_gap_recovery_2026\direct_nec_downloads\documents\820260603-4700-경상북도-국민연합-1-1.pdf,downloaded,552212,,C:\Users\treyl\Documents\Obsidian\Second_Brain\output\nec_2026_local_election_opencrab\github_repo_nec_2026_local_election_opencrab\supplements\official_gap_recovery_2026\direct_nec_downloads\markdown\820260603-4700-경상북도-국민연합-1-1.md,ok,2,224,,pymupdf,ok
820260603-4100-경기도-국민연합-1-1,경기도,광역의원비례대표선거,경기도,,국민연합,비례대표 정당 제출자료,https://policy.nec.go.kr/plc/common/downloadFile.do?requestedFileName=20260603_%EA%B2%BD%EA%B8%B0%EB%8F%84_%EA%B5%AD%EB%AF%BC%EC%97%B0%ED%95%A9_%EB%B9%84%EB%A1%80%EB%8C%80%ED%91%9C%20%EC%A0%95%EB%8B%B9%20%EC%A0%9C%EC%B6%9C%EC%9E%90%EB%A3%8C.pdf&requestedFullPath=20260603/PDF/PBINFO_PUB/4100/003_4080_20260523_1.pdf,C:\Users\treyl\Documents\Obsidian\Second_Brain\output\nec_2026_local_election_opencrab\github_repo_nec_2026_local_election_opencrab\supplements\official_gap_recovery_2026\direct_nec_downloads\documents\820260603-4100-경기도-국민연합-1-1.pdf,downloaded,591667,,C:\Users\treyl\Documents\Obsidian\Second_Brain\output\nec_2026_local_election_opencrab\github_repo_nec_2026_local_election_opencrab\supplements\official_gap_recovery_2026\direct_nec_downloads\markdown\820260603-4100-경기도-국민연합-1-1.md,ok,2,231,,pymupdf,ok
820260603-1100-서울특별시-국민연합-1-1,서울특별시,광역의원비례대표선거,서울특별시,,국민연합,비례대표 정당 제출자료,https://policy.nec.go.kr/plc/common/downloadFile.do?requestedFileName=20260603_%EC%84%9C%EC%9A%B8%ED%8A%B9%EB%B3%84%EC%8B%9C_%EA%B5%AD%EB%AF%BC%EC%97%B0%ED%95%A9_%EB%B9%84%EB%A1%80%EB%8C%80%ED%91%9C%20%EC%A0%95%EB%8B%B9%20%EC%A0%9C%EC%B6%9C%EC%9E%90%EB%A3%8C.pdf&requestedFullPath=20260603/PDF/PBINFO_PUB/1100/003_4080_20260523_1.pdf,C:\Users\treyl\Documents\Obsidian\Second_Brain\output\nec_2026_local_election_opencrab\github_repo_nec_2026_local_election_opencrab\supplements\official_gap_recovery_2026\direct_nec_downloads\documents\820260603-1100-서울특별시-국민연합-1-1.pdf,downloaded,16789527,,C:\Users\treyl\Documents\Obsidian\Second_Brain\output\nec_2026_local_election_opencrab\github_repo_nec_2026_local_election_opencrab\supplements\official_gap_recovery_2026\direct_nec_downloads\markdown\820260603-1100-서울특별시-국민연합-1-1.md,ok,2,211,,pymupdf,ok
820260603-2700-대구광역시-국민연합-1-1,대구광역시,광역의원비례대표선거,대구광역시,,국민연합,비례대표 정당 제출자료,https://policy.nec.go.kr/plc/common/downloadFile.do?requestedFileName=20260603_%EB%8C%80%EA%B5%AC%EA%B4%91%EC%97%AD%EC%8B%9C_%EA%B5%AD%EB%AF%BC%EC%97%B0%ED%95%A9_%EB%B9%84%EB%A1%80%EB%8C%80%ED%91%9C%20%EC%A0%95%EB%8B%B9%20%EC%A0%9C%EC%B6%9C%EC%9E%90%EB%A3%8C.pdf&requestedFullPath=20260603/PDF/PBINFO_PUB/2700/003_4080_20260522_1.pdf,C:\Users\treyl\Documents\Obsidian\Second_Brain\output\nec_2026_local_election_opencrab\github_repo_nec_2026_local_election_opencrab\supplements\official_gap_recovery_2026\direct_nec_downloads\documents\820260603-2700-대구광역시-국민연합-1-1.pdf,downloaded,520288,,C:\Users\treyl\Documents\Obsidian\Second_Brain\output\nec_2026_local_election_opencrab\github_repo_nec_2026_local_election_opencrab\supplements\official_gap_recovery_2026\direct_nec_downloads\markdown\820260603-2700-대구광역시-국민연합-1-1.md,ok,2,232,,pymupdf,ok
820260603-4100-경기도-기독당-1-1,경기도,광역의원비례대표선거,경기도,,기독당,비례대표 정당 제출자료,https://policy.nec.go.kr/plc/common/downloadFile.do?requestedFileName=20260603_%EA%B2%BD%EA%B8%B0%EB%8F%84_%EA%B8%B0%EB%8F%85%EB%8B%B9_%EB%B9%84%EB%A1%80%EB%8C%80%ED%91%9C%20%EC%A0%95%EB%8B%B9%20%EC%A0%9C%EC%B6%9C%EC%9E%90%EB%A3%8C.pdf&requestedFullPath=20260603/PDF/PBINFO_PUB/4100/003_2020_20260523_1.pdf,C:\Users\treyl\Documents\Obsidian\Second_Brain\output\nec_2026_local_election_opencrab\github_repo_nec_2026_local_election_opencrab\supplements\official_gap_recovery_2026\direct_nec_downloads\documents\820260603-4100-경기도-기독당-1-1.pdf,downloaded,1995538,,C:\Users\treyl\Documents\Obsidian\Second_Brain\output\nec_2026_local_election_opencrab\github_repo_nec_2026_local_election_opencrab\supplements\official_gap_recovery_2026\direct_nec_downloads\markdown\820260603-4100-경기도-기독당-1-1.md,ok,2,607,,pymupdf,ok
820260603-2800-인천광역시-노동당-1-1,인천광역시,광역의원비례대표선거,인천광역시,,노동당,비례대표 정당 제출자료,https://policy.nec.go.kr/plc/common/downloadFile.do?requestedFileName=20260603_%EC%9D%B8%EC%B2%9C%EA%B4%91%EC%97%AD%EC%8B%9C_%EB%85%B8%EB%8F%99%EB%8B%B9_%EB%B9%84%EB%A1%80%EB%8C%80%ED%91%9C%20%EC%A0%95%EB%8B%B9%20%EC%A0%9C%EC%B6%9C%EC%9E%90%EB%A3%8C.pdf&requestedFullPath=20260603/PDF/PBINFO_PUB/2800/003_1988_20260519_2.pdf,C:\Users\treyl\Documents\Obsidian\Second_Brain\output\nec_2026_local_election_opencrab\github_repo_nec_2026_local_election_opencrab\supplements\official_gap_recovery_2026\direct_nec_downloads\documents\820260603-2800-인천광역시-노동당-1-1.pdf,downloaded,3058376,,C:\Users\treyl\Documents\Obsidian\Second_Brain\output\nec_2026_local_election_opencrab\github_repo_nec_2026_local_election_opencrab\supplements\official_gap_recovery_2026\direct_nec_downloads\markdown\820260603-2800-인천광역시-노동당-1-1.md,ok,2,24,,pymupdf,suspiciously_short_text
820260603-4900-제주특별자치도-녹색당-1-1,제주특별자치도,광역의원비례대표선거,제주특별자치도,,녹색당,비례대표 정당 제출자료,https://policy.nec.go.kr/plc/common/downloadFile.do?requestedFileName=20260603_%EC%A0%9C%EC%A3%BC%ED%8A%B9%EB%B3%84%EC%9E%90%EC%B9%98%EB%8F%84_%EB%85%B9%EC%83%89%EB%8B%B9_%EB%B9%84%EB%A1%80%EB%8C%80%ED%91%9C%20%EC%A0%95%EB%8B%B9%20%EC%A0%9C%EC%B6%9C%EC%9E%90%EB%A3%8C.pdf&requestedFullPath=20260603/PDF/PBINFO_PUB/4900/003_710_20260520_1.pdf,C:\Users\treyl\Documents\Obsidian\Second_Brain\output\nec_2026_local_election_opencrab\github_repo_nec_2026_local_election_opencrab\supplements\official_gap_recovery_2026\direct_nec_downloads\documents\820260603-4900-제주특별자치도-녹색당-1-1.pdf,downloaded,1833418,,C:\Users\treyl\Documents\Obsidian\Second_Brain\output\nec_2026_local_election_opencrab\github_repo_nec_2026_local_election_opencrab\supplements\official_gap_recovery_2026\direct_nec_downloads\markdown\820260603-4900-제주특별자치도-녹색당-1-1.md,ok,2,463,,pymupdf,ok
820260603-4100-경기도-대한국민당-1-1,경기도,광역의원비례대표선거,경기도,,대한국민당,비례대표 정당 제출자료,https://policy.nec.go.kr/plc/common/downloadFile.do?requestedFileName=20260603_%EA%B2%BD%EA%B8%B0%EB%8F%84_%EB%8C%80%ED%95%9C%EA%B5%AD%EB%AF%BC%EB%8B%B9_%EB%B9%84%EB%A1%80%EB%8C%80%ED%91%9C%20%EC%A0%95%EB%8B%B9%20%EC%A0%9C%EC%B6%9C%EC%9E%90%EB%A3%8C.pdf&requestedFullPath=20260603/PDF/PBINFO_PUB/4100/003_5059_20260523_1.pdf,C:\Users\treyl\Documents\Obsidian\Second_Brain\output\nec_2026_local_election_opencrab\github_repo_nec_2026_local_election_opencrab\supplements\official_gap_recovery_2026\direct_nec_downloads\documents\820260603-4100-경기도-대한국민당-1-1.pdf,downloaded,2998362,,C:\Users\treyl\Documents\Obsidian\Second_Brain\output\nec_2026_local_election_opencrab\github_repo_nec_2026_local_election_opencrab\supplements\official_gap_recovery_2026\direct_nec_downloads\markdown\820260603-4100-경기도-대한국민당-1-1.md,ok,2,896,,pymupdf,ok
820260603-1100-서울특별시-대한국민당-1-1,서울특별시,광역의원비례대표선거,서울특별시,,대한국민당,비례대표 정당 제출자료,https://policy.nec.go.kr/plc/common/downloadFile.do?requestedFileName=20260603_%EC%84%9C%EC%9A%B8%ED%8A%B9%EB%B3%84%EC%8B%9C_%EB%8C%80%ED%95%9C%EA%B5%AD%EB%AF%BC%EB%8B%B9_%EB%B9%84%EB%A1%80%EB%8C%80%ED%91%9C%20%EC%A0%95%EB%8B%B9%20%EC%A0%9C%EC%B6%9C%EC%9E%90%EB%A3%8C.pdf&requestedFullPath=20260603/PDF/PBINFO_PUB/1100/003_5059_20260523_1.pdf,C:\Users\treyl\Documents\Obsidian\Second_Brain\output\nec_2026_local_election_opencrab\github_repo_nec_2026_local_election_opencrab\supplements\official_gap_recovery_2026\direct_nec_downloads\documents\820260603-1100-서울특별시-대한국민당-1-1.pdf,downloaded,1720663,,C:\Users\treyl\Documents\Obsidian\Second_Brain\output\nec_2026_local_election_opencrab\github_repo_nec_2026_local_election_opencrab\supplements\official_gap_recovery_2026\direct_nec_downloads\markdown\820260603-1100-서울특별시-대한국민당-1-1.md,ok,2,1049,,pymupdf,ok
820260603-5200-강원특별자치도-자유와혁신-1-1,강원특별자치도,광역의원비례대표선거,강원특별자치도,,자유와혁신,비례대표 정당 제출자료,https://policy.nec.go.kr/plc/common/downloadFile.do?requestedFileName=20260603_%EA%B0%95%EC%9B%90%ED%8A%B9%EB%B3%84%EC%9E%90%EC%B9%98%EB%8F%84_%EC%9E%90%EC%9C%A0%EC%99%80%ED%98%81%EC%8B%A0_%EB%B9%84%EB%A1%80%EB%8C%80%ED%91%9C%20%EC%A0%95%EB%8B%B9%20%EC%A0%9C%EC%B6%9C%EC%9E%90%EB%A3%8C.pdf&requestedFullPath=20260603/PDF/PBINFO_PUB/5200/003_5082_20260525_2.pdf,C:\Users\treyl\Documents\Obsidian\Second_Brain\output\nec_2026_local_election_opencrab\github_repo_nec_2026_local_election_opencrab\supplements\official_gap_recovery_2026\direct_nec_downloads\documents\820260603-5200-강원특별자치도-자유와혁신-1-1.pdf,downloaded,12787063,,C:\Users\treyl\Documents\Obsidian\Second_Brain\output\nec_2026_local_election_opencrab\github_repo_nec_2026_local_election_opencrab\supplements\official_gap_recovery_2026\direct_nec_downloads\markdown\820260603-5200-강원특별자치도-자유와혁신-1-1.md,ok,2,254,,pymupdf,ok
820260603-4400-충청남도-정의당-1-1,충청남도,광역의원비례대표선거,충청남도,,정의당,비례대표 정당 제출자료,https://policy.nec.go.kr/plc/common/downloadFile.do?requestedFileName=20260603_%EC%B6%A9%EC%B2%AD%EB%82%A8%EB%8F%84_%EC%A0%95%EC%9D%98%EB%8B%B9_%EB%B9%84%EB%A1%80%EB%8C%80%ED%91%9C%20%EC%A0%95%EB%8B%B9%20%EC%A0%9C%EC%B6%9C%EC%9E%90%EB%A3%8C.pdf&requestedFullPath=20260603/PDF/PBINFO_PUB/4400/003_730_20260522_1.pdf,C:\Users\treyl\Documents\Obsidian\Second_Brain\output\nec_2026_local_election_opencrab\github_repo_nec_2026_local_election_opencrab\supplements\official_gap_recovery_2026\direct_nec_downloads\documents\820260603-4400-충청남도-정의당-1-1.pdf,downloaded,17547485,,C:\Users\treyl\Documents\Obsidian\Second_Brain\output\nec_2026_local_election_opencrab\github_repo_nec_2026_local_election_opencrab\supplements\official_gap_recovery_2026\direct_nec_downloads\markdown\820260603-4400-충청남도-정의당-1-1.md,ok,2,38,,pymupdf,suspiciously_short_text
820260603-5300-전북특별자치도-정의당-1-1,전북특별자치도,광역의원비례대표선거,전북특별자치도,,정의당,비례대표 정당 제출자료,https://policy.nec.go.kr/plc/common/downloadFile.do?requestedFileName=20260603_%EC%A0%84%EB%B6%81%ED%8A%B9%EB%B3%84%EC%9E%90%EC%B9%98%EB%8F%84_%EC%A0%95%EC%9D%98%EB%8B%B9_%EB%B9%84%EB%A1%80%EB%8C%80%ED%91%9C%20%EC%A0%95%EB%8B%B9%20%EC%A0%9C%EC%B6%9C%EC%9E%90%EB%A3%8C.pdf&requestedFullPath=20260603/PDF/PBINFO_PUB/5300/003_730_20260518_1.pdf,C:\Users\treyl\Documents\Obsidian\Second_Brain\output\nec_2026_local_election_opencrab\github_repo_nec_2026_local_election_opencrab\supplements\official_gap_recovery_2026\direct_nec_downloads\documents\820260603-5300-전북특별자치도-정의당-1-1.pdf,downloaded,2541680,,C:\Users\treyl\Documents\Obsidian\Second_Brain\output\nec_2026_local_election_opencrab\github_repo_nec_2026_local_election_opencrab\supplements\official_gap_recovery_2026\direct_nec_downloads\markdown\820260603-5300-전북특별자치도-정의당-1-1.md,ok,2,546,,pymupdf,ok
820260603-4800-경상남도-정의당-1-1,경상남도,광역의원비례대표선거,경상남도,,정의당,비례대표 정당 제출자료,https://policy.nec.go.kr/plc/common/downloadFile.do?requestedFileName=20260603_%EA%B2%BD%EC%83%81%EB%82%A8%EB%8F%84_%EC%A0%95%EC%9D%98%EB%8B%B9_%EB%B9%84%EB%A1%80%EB%8C%80%ED%91%9C%20%EC%A0%95%EB%8B%B9%20%EC%A0%9C%EC%B6%9C%EC%9E%90%EB%A3%8C.pdf&requestedFullPath=20260603/PDF/PBINFO_PUB/4800/003_730_20260523_1.pdf,C:\Users\treyl\Documents\Obsidian\Second_Brain\output\nec_2026_local_election_opencrab\github_repo_nec_2026_local_election_opencrab\supplements\official_gap_recovery_2026\direct_nec_downloads\documents\820260603-4800-경상남도-정의당-1-1.pdf,downloaded,5232589,,C:\Users\treyl\Documents\Obsidian\Second_Brain\output\nec_2026_local_election_opencrab\github_repo_nec_2026_local_election_opencrab\supplements\official_gap_recovery_2026\direct_nec_downloads\markdown\820260603-4800-경상남도-정의당-1-1.md,ok,2,813,,pymupdf,ok
820260603-3000-대전광역시-정의당-1-1,대전광역시,광역의원비례대표선거,대전광역시,,정의당,비례대표 정당 제출자료,https://policy.nec.go.kr/plc/common/downloadFile.do?requestedFileName=20260603_%EB%8C%80%EC%A0%84%EA%B4%91%EC%97%AD%EC%8B%9C_%EC%A0%95%EC%9D%98%EB%8B%B9_%EB%B9%84%EB%A1%80%EB%8C%80%ED%91%9C%20%EC%A0%95%EB%8B%B9%20%EC%A0%9C%EC%B6%9C%EC%9E%90%EB%A3%8C.pdf&requestedFullPath=20260603/PDF/PBINFO_PUB/3000/003_730_20260520_1.pdf,C:\Users\treyl\Documents\Obsidian\Second_Brain\output\nec_2026_local_election_opencrab\github_repo_nec_2026_local_election_opencrab\supplements\official_gap_recovery_2026\direct_nec_downloads\documents\820260603-3000-대전광역시-정의당-1-1.pdf,downloaded,7394231,,C:\Users\treyl\Documents\Obsidian\Second_Brain\output\nec_2026_local_election_opencrab\github_repo_nec_2026_local_election_opencrab\supplements\official_gap_recovery_2026\direct_nec_downloads\markdown\820260603-3000-대전광역시-정의당-1-1.md,ok,2,576,,pymupdf,ok
820260603-2900-전남광주통합특별시-정의당-1-1,전남광주통합특별시,광역의원비례대표선거,전남광주통합특별시,,정의당,비례대표 정당 제출자료,https://policy.nec.go.kr/plc/common/downloadFile.do?requestedFileName=20260603_%EC%A0%84%EB%82%A8%EA%B4%91%EC%A3%BC%ED%86%B5%ED%95%A9%ED%8A%B9%EB%B3%84%EC%8B%9C_%EC%A0%95%EC%9D%98%EB%8B%B9_%EB%B9%84%EB%A1%80%EB%8C%80%ED%91%9C%20%EC%A0%95%EB%8B%B9%20%EC%A0%9C%EC%B6%9C%EC%9E%90%EB%A3%8C.pdf&requestedFullPath=20260603/PDF/PBINFO_PUB/2900/003_730_20260523_1.pdf,C:\Users\treyl\Documents\Obsidian\Second_Brain\output\nec_2026_local_election_opencrab\github_repo_nec_2026_local_election_opencrab\supplements\official_gap_recovery_2026\direct_nec_downloads\documents\820260603-2900-전남광주통합특별시-정의당-1-1.pdf,downloaded,1746383,,C:\Users\treyl\Documents\Obsidian\Second_Brain\output\nec_2026_local_election_opencrab\github_repo_nec_2026_local_election_opencrab\supplements\official_gap_recovery_2026\direct_nec_downloads\markdown\820260603-2900-전남광주통합특별시-정의당-1-1.md,ok,4,88,,pymupdf,suspiciously_short_text
820260603-5200-강원특별자치도-정의당-1-1,강원특별자치도,광역의원비례대표선거,강원특별자치도,,정의당,비례대표 정당 제출자료,https://policy.nec.go.kr/plc/common/downloadFile.do?requestedFileName=20260603_%EA%B0%95%EC%9B%90%ED%8A%B9%EB%B3%84%EC%9E%90%EC%B9%98%EB%8F%84_%EC%A0%95%EC%9D%98%EB%8B%B9_%EB%B9%84%EB%A1%80%EB%8C%80%ED%91%9C%20%EC%A0%95%EB%8B%B9%20%EC%A0%9C%EC%B6%9C%EC%9E%90%EB%A3%8C.pdf&requestedFullPath=20260603/PDF/PBINFO_PUB/5200/003_730_20260518_1.pdf,C:\Users\treyl\Documents\Obsidian\Second_Brain\output\nec_2026_local_election_opencrab\github_repo_nec_2026_local_election_opencrab\supplements\official_gap_recovery_2026\direct_nec_downloads\documents\820260603-5200-강원특별자치도-정의당-1-1.pdf,downloaded,19591812,,C:\Users\treyl\Documents\Obsidian\Second_Brain\output\nec_2026_local_election_opencrab\github_repo_nec_2026_local_election_opencrab\supplements\official_gap_recovery_2026\direct_nec_downloads\markdown\820260603-5200-강원특별자치도-정의당-1-1.md,ok,2,577,,pymupdf,ok
820260603-2700-대구광역시-정의당-1-1,대구광역시,광역의원비례대표선거,대구광역시,,정의당,비례대표 정당 제출자료,https://policy.nec.go.kr/plc/common/downloadFile.do?requestedFileName=20260603_%EB%8C%80%EA%B5%AC%EA%B4%91%EC%97%AD%EC%8B%9C_%EC%A0%95%EC%9D%98%EB%8B%B9_%EB%B9%84%EB%A1%80%EB%8C%80%ED%91%9C%20%EC%A0%95%EB%8B%B9%20%EC%A0%9C%EC%B6%9C%EC%9E%90%EB%A3%8C.pdf&requestedFullPath=20260603/PDF/PBINFO_PUB/2700/003_730_20260524_2.pdf,C:\Users\treyl\Documents\Obsidian\Second_Brain\output\nec_2026_local_election_opencrab\github_repo_nec_2026_local_election_opencrab\supplements\official_gap_recovery_2026\direct_nec_downloads\documents\820260603-2700-대구광역시-정의당-1-1.pdf,downloaded,19031328,,C:\Users\treyl\Documents\Obsidian\Second_Brain\output\nec_2026_local_election_opencrab\github_repo_nec_2026_local_election_opencrab\supplements\official_gap_recovery_2026\direct_nec_downloads\markdown\820260603-2700-대구광역시-정의당-1-1.md,ok,2,1106,,pymupdf,ok
820260603-4700-경상북도-정의당-1-1,경상북도,광역의원비례대표선거,경상북도,,정의당,비례대표 정당 제출자료,https://policy.nec.go.kr/plc/common/downloadFile.do?requestedFileName=20260603_%EA%B2%BD%EC%83%81%EB%B6%81%EB%8F%84_%EC%A0%95%EC%9D%98%EB%8B%B9_%EB%B9%84%EB%A1%80%EB%8C%80%ED%91%9C%20%EC%A0%95%EB%8B%B9%20%EC%A0%9C%EC%B6%9C%EC%9E%90%EB%A3%8C.pdf&requestedFullPath=20260603/PDF/PBINFO_PUB/4700/003_730_20260520_1.pdf,C:\Users\treyl\Documents\Obsidian\Second_Brain\output\nec_2026_local_election_opencrab\github_repo_nec_2026_local_election_opencrab\supplements\official_gap_recovery_2026\direct_nec_downloads\documents\820260603-4700-경상북도-정의당-1-1.pdf,downloaded,499483,,C:\Users\treyl\Documents\Obsidian\Second_Brain\output\nec_2026_local_election_opencrab\github_repo_nec_2026_local_election_opencrab\supplements\official_gap_recovery_2026\direct_nec_downloads\markdown\820260603-4700-경상북도-정의당-1-1.md,ok,2,24,,pymupdf,suspiciously_short_text
820260603-4100-경기도-정의당-1-1,경기도,광역의원비례대표선거,경기도,,정의당,비례대표 정당 제출자료,https://policy.nec.go.kr/plc/common/downloadFile.do?requestedFileName=20260603_%EA%B2%BD%EA%B8%B0%EB%8F%84_%EC%A0%95%EC%9D%98%EB%8B%B9_%EB%B9%84%EB%A1%80%EB%8C%80%ED%91%9C%20%EC%A0%95%EB%8B%B9%20%EC%A0%9C%EC%B6%9C%EC%9E%90%EB%A3%8C.pdf&requestedFullPath=20260603/PDF/PBINFO_PUB/4100/003_730_20260523_1.pdf,C:\Users\treyl\Documents\Obsidian\Second_Brain\output\nec_2026_local_election_opencrab\github_repo_nec_2026_local_election_opencrab\supplements\official_gap_recovery_2026\direct_nec_downloads\documents\820260603-4100-경기도-정의당-1-1.pdf,downloaded,332353,,C:\Users\treyl\Documents\Obsidian\Second_Brain\output\nec_2026_local_election_opencrab\github_repo_nec_2026_local_election_opencrab\supplements\official_gap_recovery_2026\direct_nec_downloads\markdown\820260603-4100-경기도-정의당-1-1.md,ok,2,656,,pymupdf,ok
820260603-5100-세종특별자치시-정의당-1-1,세종특별자치시,광역의원비례대표선거,세종특별자치시,,정의당,비례대표 정당 제출자료,https://policy.nec.go.kr/plc/common/downloadFile.do?requestedFileName=20260603_%EC%84%B8%EC%A2%85%ED%8A%B9%EB%B3%84%EC%9E%90%EC%B9%98%EC%8B%9C_%EC%A0%95%EC%9D%98%EB%8B%B9_%EB%B9%84%EB%A1%80%EB%8C%80%ED%91%9C%20%EC%A0%95%EB%8B%B9%20%EC%A0%9C%EC%B6%9C%EC%9E%90%EB%A3%8C.pdf&requestedFullPath=20260603/PDF/PBINFO_PUB/5100/003_730_20260523_1.pdf,C:\Users\treyl\Documents\Obsidian\Second_Brain\output\nec_2026_local_election_opencrab\github_repo_nec_2026_local_election_opencrab\supplements\official_gap_recovery_2026\direct_nec_downloads\documents\820260603-5100-세종특별자치시-정의당-1-1.pdf,downloaded,5198212,,C:\Users\treyl\Documents\Obsidian\Second_Brain\output\nec_2026_local_election_opencrab\github_repo_nec_2026_local_election_opencrab\supplements\official_gap_recovery_2026\direct_nec_downloads\markdown\820260603-5100-세종특별자치시-정의당-1-1.md,ok,2,680,,pymupdf,ok
820260603-3100-울산광역시-정의당-1-1,울산광역시,광역의원비례대표선거,울산광역시,,정의당,비례대표 정당 제출자료,https://policy.nec.go.kr/plc/common/downloadFile.do?requestedFileName=20260603_%EC%9A%B8%EC%82%B0%EA%B4%91%EC%97%AD%EC%8B%9C_%EC%A0%95%EC%9D%98%EB%8B%B9_%EB%B9%84%EB%A1%80%EB%8C%80%ED%91%9C%20%EC%A0%95%EB%8B%B9%20%EC%A0%9C%EC%B6%9C%EC%9E%90%EB%A3%8C.pdf&requestedFullPath=20260603/PDF/PBINFO_PUB/3100/003_730_20260521_1.pdf,C:\Users\treyl\Documents\Obsidian\Second_Brain\output\nec_2026_local_election_opencrab\github_repo_nec_2026_local_election_opencrab\supplements\official_gap_recovery_2026\direct_nec_downloads\documents\820260603-3100-울산광역시-정의당-1-1.pdf,downloaded,1769767,,C:\Users\treyl\Documents\Obsidian\Second_Brain\output\nec_2026_local_election_opencrab\github_repo_nec_2026_local_election_opencrab\supplements\official_gap_recovery_2026\direct_nec_downloads\markdown\820260603-3100-울산광역시-정의당-1-1.md,ok,2,582,,pymupdf,ok
820260603-2600-부산광역시-정의당-1-1,부산광역시,광역의원비례대표선거,부산광역시,,정의당,비례대표 정당 제출자료,https://policy.nec.go.kr/plc/common/downloadFile.do?requestedFileName=20260603_%EB%B6%80%EC%82%B0%EA%B4%91%EC%97%AD%EC%8B%9C_%EC%A0%95%EC%9D%98%EB%8B%B9_%EB%B9%84%EB%A1%80%EB%8C%80%ED%91%9C%20%EC%A0%95%EB%8B%B9%20%EC%A0%9C%EC%B6%9C%EC%9E%90%EB%A3%8C.pdf&requestedFullPath=20260603/PDF/PBINFO_PUB/2600/003_730_20260521_1.pdf,C:\Users\treyl\Documents\Obsidian\Second_Brain\output\nec_2026_local_election_opencrab\github_repo_nec_2026_local_election_opencrab\supplements\official_gap_recovery_2026\direct_nec_downloads\documents\820260603-2600-부산광역시-정의당-1-1.pdf,downloaded,9273477,,C:\Users\treyl\Documents\Obsidian\Second_Brain\output\nec_2026_local_election_opencrab\github_repo_nec_2026_local_election_opencrab\supplements\official_gap_recovery_2026\direct_nec_downloads\markdown\820260603-2600-부산광역시-정의당-1-1.md,ok,2,1161,,pymupdf,ok
820260603-4300-충청북도-정의당-1-1,충청북도,광역의원비례대표선거,충청북도,,정의당,비례대표 정당 제출자료,https://policy.nec.go.kr/plc/common/downloadFile.do?requestedFileName=20260603_%EC%B6%A9%EC%B2%AD%EB%B6%81%EB%8F%84_%EC%A0%95%EC%9D%98%EB%8B%B9_%EB%B9%84%EB%A1%80%EB%8C%80%ED%91%9C%20%EC%A0%95%EB%8B%B9%20%EC%A0%9C%EC%B6%9C%EC%9E%90%EB%A3%8C.pdf&requestedFullPath=20260603/PDF/PBINFO_PUB/4300/003_730_20260516_1.pdf,C:\Users\treyl\Documents\Obsidian\Second_Brain\output\nec_2026_local_election_opencrab\github_repo_nec_2026_local_election_opencrab\supplements\official_gap_recovery_2026\direct_nec_downloads\documents\820260603-4300-충청북도-정의당-1-1.pdf,downloaded,17372734,,C:\Users\treyl\Documents\Obsidian\Second_Brain\output\nec_2026_local_election_opencrab\github_repo_nec_2026_local_election_opencrab\supplements\official_gap_recovery_2026\direct_nec_downloads\markdown\820260603-4300-충청북도-정의당-1-1.md,ok,2,450,,pymupdf,ok
820260603-2800-인천광역시-정의당-1-1,인천광역시,광역의원비례대표선거,인천광역시,,정의당,비례대표 정당 제출자료,https://policy.nec.go.kr/plc/common/downloadFile.do?requestedFileName=20260603_%EC%9D%B8%EC%B2%9C%EA%B4%91%EC%97%AD%EC%8B%9C_%EC%A0%95%EC%9D%98%EB%8B%B9_%EB%B9%84%EB%A1%80%EB%8C%80%ED%91%9C%20%EC%A0%95%EB%8B%B9%20%EC%A0%9C%EC%B6%9C%EC%9E%90%EB%A3%8C.pdf&requestedFullPath=20260603/PDF/PBINFO_PUB/2800/003_730_20260518_1.pdf,C:\Users\treyl\Documents\Obsidian\Second_Brain\output\nec_2026_local_election_opencrab\github_repo_nec_2026_local_election_opencrab\supplements\official_gap_recovery_2026\direct_nec_downloads\documents\820260603-2800-인천광역시-정의당-1-1.pdf,downloaded,1089167,,C:\Users\treyl\Documents\Obsidian\Second_Brain\output\nec_2026_local_election_opencrab\github_repo_nec_2026_local_election_opencrab\supplements\official_gap_recovery_2026\direct_nec_downloads\markdown\820260603-2800-인천광역시-정의당-1-1.md,ok,2,553,,pymupdf,ok
820260603-1100-서울특별시-정의당-1-1,서울특별시,광역의원비례대표선거,서울특별시,,정의당,비례대표 정당 제출자료,https://policy.nec.go.kr/plc/common/downloadFile.do?requestedFileName=20260603_%EC%84%9C%EC%9A%B8%ED%8A%B9%EB%B3%84%EC%8B%9C_%EC%A0%95%EC%9D%98%EB%8B%B9_%EB%B9%84%EB%A1%80%EB%8C%80%ED%91%9C%20%EC%A0%95%EB%8B%B9%20%EC%A0%9C%EC%B6%9C%EC%9E%90%EB%A3%8C.pdf&requestedFullPath=20260603/PDF/PBINFO_PUB/1100/003_730_20260523_1.pdf,C:\Users\treyl\Documents\Obsidian\Second_Brain\output\nec_2026_local_election_opencrab\github_repo_nec_2026_local_election_opencrab\supplements\official_gap_recovery_2026\direct_nec_downloads\documents\820260603-1100-서울특별시-정의당-1-1.pdf,downloaded,349961,,C:\Users\treyl\Documents\Obsidian\Second_Brain\output\nec_2026_local_election_opencrab\github_repo_nec_2026_local_election_opencrab\supplements\official_gap_recovery_2026\direct_nec_downloads\markdown\820260603-1100-서울특별시-정의당-1-1.md,ok,2,24,,pymupdf,suspiciously_short_text
820260603-1100-서울특별시-친미연합-1-1,서울특별시,광역의원비례대표선거,서울특별시,,친미연합,비례대표 정당 제출자료,https://policy.nec.go.kr/plc/common/downloadFile.do?requestedFileName=20260603_%EC%84%9C%EC%9A%B8%ED%8A%B9%EB%B3%84%EC%8B%9C_%EC%B9%9C%EB%AF%B8%EC%97%B0%ED%95%A9_%EB%B9%84%EB%A1%80%EB%8C%80%ED%91%9C%20%EC%A0%95%EB%8B%B9%20%EC%A0%9C%EC%B6%9C%EC%9E%90%EB%A3%8C.pdf&requestedFullPath=20260603/PDF/PBINFO_PUB/1100/003_5041_20260523_1.pdf,C:\Users\treyl\Documents\Obsidian\Second_Brain\output\nec_2026_local_election_opencrab\github_repo_nec_2026_local_election_opencrab\supplements\official_gap_recovery_2026\direct_nec_downloads\documents\820260603-1100-서울특별시-친미연합-1-1.pdf,downloaded,420689,,C:\Users\treyl\Documents\Obsidian\Second_Brain\output\nec_2026_local_election_opencrab\github_repo_nec_2026_local_election_opencrab\supplements\official_gap_recovery_2026\direct_nec_downloads\markdown\820260603-1100-서울특별시-친미연합-1-1.md,ok,2,147,,pymupdf,suspiciously_short_text
820260603-4700-경상북도-친미연합-1-1,경상북도,광역의원비례대표선거,경상북도,,친미연합,비례대표 정당 제출자료,https://policy.nec.go.kr/plc/common/downloadFile.do?requestedFileName=20260603_%EA%B2%BD%EC%83%81%EB%B6%81%EB%8F%84_%EC%B9%9C%EB%AF%B8%EC%97%B0%ED%95%A9_%EB%B9%84%EB%A1%80%EB%8C%80%ED%91%9C%20%EC%A0%95%EB%8B%B9%20%EC%A0%9C%EC%B6%9C%EC%9E%90%EB%A3%8C.pdf&requestedFullPath=20260603/PDF/PBINFO_PUB/4700/003_5041_20260517_1.pdf,C:\Users\treyl\Documents\Obsidian\Second_Brain\output\nec_2026_local_election_opencrab\github_repo_nec_2026_local_election_opencrab\supplements\official_gap_recovery_2026\direct_nec_downloads\documents\820260603-4700-경상북도-친미연합-1-1.pdf,downloaded,412892,,C:\Users\treyl\Documents\Obsidian\Second_Brain\output\nec_2026_local_election_opencrab\github_repo_nec_2026_local_election_opencrab\supplements\official_gap_recovery_2026\direct_nec_downloads\markdown\820260603-4700-경상북도-친미연합-1-1.md,ok,2,146,,pymupdf,suspiciously_short_text
820260603-4100-경기도-친미연합-1-1,경기도,광역의원비례대표선거,경기도,,친미연합,비례대표 정당 제출자료,https://policy.nec.go.kr/plc/common/downloadFile.do?requestedFileName=20260603_%EA%B2%BD%EA%B8%B0%EB%8F%84_%EC%B9%9C%EB%AF%B8%EC%97%B0%ED%95%A9_%EB%B9%84%EB%A1%80%EB%8C%80%ED%91%9C%20%EC%A0%95%EB%8B%B9%20%EC%A0%9C%EC%B6%9C%EC%9E%90%EB%A3%8C.pdf&requestedFullPath=20260603/PDF/PBINFO_PUB/4100/003_5041_20260523_1.pdf,C:\Users\treyl\Documents\Obsidian\Second_Brain\output\nec_2026_local_election_opencrab\github_repo_nec_2026_local_election_opencrab\supplements\official_gap_recovery_2026\direct_nec_downloads\documents\820260603-4100-경기도-친미연합-1-1.pdf,downloaded,417634,,C:\Users\treyl\Documents\Obsidian\Second_Brain\output\nec_2026_local_election_opencrab\github_repo_nec_2026_local_election_opencrab\supplements\official_gap_recovery_2026\direct_nec_downloads\markdown\820260603-4100-경기도-친미연합-1-1.md,ok,2,150,,pymupdf,suspiciously_short_text
820260603-2800-인천광역시-국민당-1-1,인천광역시,광역의원비례대표선거,인천광역시,,국민당,비례대표 정당 제출자료,https://policy.nec.go.kr/plc/common/downloadFile.do?requestedFileName=20260603_%EC%9D%B8%EC%B2%9C%EA%B4%91%EC%97%AD%EC%8B%9C_%EA%B5%AD%EB%AF%BC%EB%8B%B9_%EB%B9%84%EB%A1%80%EB%8C%80%ED%91%9C%20%EC%A0%95%EB%8B%B9%20%EC%A0%9C%EC%B6%9C%EC%9E%90%EB%A3%8C.pdf&requestedFullPath=20260603/PDF/PBINFO_PUB/2800/003_2050_20260518_1.pdf,C:\Users\treyl\Documents\Obsidian\Second_Brain\output\nec_2026_local_election_opencrab\github_repo_nec_2026_local_election_opencrab\supplements\official_gap_recovery_2026\direct_nec_downloads\documents\820260603-2800-인천광역시-국민당-1-1.pdf,downloaded,82598,,C:\Users\treyl\Documents\Obsidian\Second_Brain\output\nec_2026_local_election_opencrab\github_repo_nec_2026_local_election_opencrab\supplements\official_gap_recovery_2026\direct_nec_downloads\markdown\820260603-2800-인천광역시-국민당-1-1.md,ok,2,133,,pymupdf,ok
820260603-4100-경기도-국민당-1-1,경기도,광역의원비례대표선거,경기도,,국민당,비례대표 정당 제출자료,https://policy.nec.go.kr/plc/common/downloadFile.do?requestedFileName=20260603_%EA%B2%BD%EA%B8%B0%EB%8F%84_%EA%B5%AD%EB%AF%BC%EB%8B%B9_%EB%B9%84%EB%A1%80%EB%8C%80%ED%91%9C%20%EC%A0%95%EB%8B%B9%20%EC%A0%9C%EC%B6%9C%EC%9E%90%EB%A3%8C.pdf&requestedFullPath=20260603/PDF/PBINFO_PUB/4100/003_2050_20260523_1.pdf,C:\Users\treyl\Documents\Obsidian\Second_Brain\output\nec_2026_local_election_opencrab\github_repo_nec_2026_local_election_opencrab\supplements\official_gap_recovery_2026\direct_nec_downloads\documents\820260603-4100-경기도-국민당-1-1.pdf,downloaded,2472275,,C:\Users\treyl\Documents\Obsidian\Second_Brain\output\nec_2026_local_election_opencrab\github_repo_nec_2026_local_election_opencrab\supplements\official_gap_recovery_2026\direct_nec_downloads\markdown\820260603-4100-경기도-국민당-1-1.md,ok,2,667,,pymupdf,ok
820260603-1100-서울특별시-국민당-1-1,서울특별시,광역의원비례대표선거,서울특별시,,국민당,비례대표 정당 제출자료,https://policy.nec.go.kr/plc/common/downloadFile.do?requestedFileName=20260603_%EC%84%9C%EC%9A%B8%ED%8A%B9%EB%B3%84%EC%8B%9C_%EA%B5%AD%EB%AF%BC%EB%8B%B9_%EB%B9%84%EB%A1%80%EB%8C%80%ED%91%9C%20%EC%A0%95%EB%8B%B9%20%EC%A0%9C%EC%B6%9C%EC%9E%90%EB%A3%8C.pdf&requestedFullPath=20260603/PDF/PBINFO_PUB/1100/003_2050_20260523_1.pdf,C:\Users\treyl\Documents\Obsidian\Second_Brain\output\nec_2026_local_election_opencrab\github_repo_nec_2026_local_election_opencrab\supplements\official_gap_recovery_2026\direct_nec_downloads\documents\820260603-1100-서울특별시-국민당-1-1.pdf,downloaded,1618593,,C:\Users\treyl\Documents\Obsidian\Second_Brain\output\nec_2026_local_election_opencrab\github_repo_nec_2026_local_election_opencrab\supplements\official_gap_recovery_2026\direct_nec_downloads\markdown\820260603-1100-서울특별시-국민당-1-1.md,ok,2,941,,pymupdf,ok
820260603-1100-서울특별시-한국독립당-1-1,서울특별시,광역의원비례대표선거,서울특별시,,한국독립당,비례대표 정당 제출자료,https://policy.nec.go.kr/plc/common/downloadFile.do?requestedFileName=20260603_%EC%84%9C%EC%9A%B8%ED%8A%B9%EB%B3%84%EC%8B%9C_%ED%95%9C%EA%B5%AD%EB%8F%85%EB%A6%BD%EB%8B%B9_%EB%B9%84%EB%A1%80%EB%8C%80%ED%91%9C%20%EC%A0%95%EB%8B%B9%20%EC%A0%9C%EC%B6%9C%EC%9E%90%EB%A3%8C.pdf&requestedFullPath=20260603/PDF/PBINFO_PUB/1100/003_700_20260523_1.pdf,C:\Users\treyl\Documents\Obsidian\Second_Brain\output\nec_2026_local_election_opencrab\github_repo_nec_2026_local_election_opencrab\supplements\official_gap_recovery_2026\direct_nec_downloads\documents\820260603-1100-서울특별시-한국독립당-1-1.pdf,downloaded,1283067,,C:\Users\treyl\Documents\Obsidian\Second_Brain\output\nec_2026_local_election_opencrab\github_repo_nec_2026_local_election_opencrab\supplements\official_gap_recovery_2026\direct_nec_downloads\markdown\820260603-1100-서울특별시-한국독립당-1-1.md,ok,2,968,,pymupdf,ok
820260603-4100-경기도-한국독립당-1-1,경기도,광역의원비례대표선거,경기도,,한국독립당,비례대표 정당 제출자료,https://policy.nec.go.kr/plc/common/downloadFile.do?requestedFileName=20260603_%EA%B2%BD%EA%B8%B0%EB%8F%84_%ED%95%9C%EA%B5%AD%EB%8F%85%EB%A6%BD%EB%8B%B9_%EB%B9%84%EB%A1%80%EB%8C%80%ED%91%9C%20%EC%A0%95%EB%8B%B9%20%EC%A0%9C%EC%B6%9C%EC%9E%90%EB%A3%8C.pdf&requestedFullPath=20260603/PDF/PBINFO_PUB/4100/003_700_20260523_1.pdf,C:\Users\treyl\Documents\Obsidian\Second_Brain\output\nec_2026_local_election_opencrab\github_repo_nec_2026_local_election_opencrab\supplements\official_gap_recovery_2026\direct_nec_downloads\documents\820260603-4100-경기도-한국독립당-1-1.pdf,downloaded,1917985,,C:\Users\treyl\Documents\Obsidian\Second_Brain\output\nec_2026_local_election_opencrab\github_repo_nec_2026_local_election_opencrab\supplements\official_gap_recovery_2026\direct_nec_downloads\markdown\820260603-4100-경기도-한국독립당-1-1.md,ok,2,1014,,pymupdf,ok
820260603-4100-경기도-한나라당-1-1,경기도,광역의원비례대표선거,경기도,,한나라당,비례대표 정당 제출자료,https://policy.nec.go.kr/plc/common/downloadFile.do?requestedFileName=20260603_%EA%B2%BD%EA%B8%B0%EB%8F%84_%ED%95%9C%EB%82%98%EB%9D%BC%EB%8B%B9_%EB%B9%84%EB%A1%80%EB%8C%80%ED%91%9C%20%EC%A0%95%EB%8B%B9%20%EC%A0%9C%EC%B6%9C%EC%9E%90%EB%A3%8C.pdf&requestedFullPath=20260603/PDF/PBINFO_PUB/4100/003_1990_20260523_1.pdf,C:\Users\treyl\Documents\Obsidian\Second_Brain\output\nec_2026_local_election_opencrab\github_repo_nec_2026_local_election_opencrab\supplements\official_gap_recovery_2026\direct_nec_downloads\documents\820260603-4100-경기도-한나라당-1-1.pdf,downloaded,95985,,C:\Users\treyl\Documents\Obsidian\Second_Brain\output\nec_2026_local_election_opencrab\github_repo_nec_2026_local_election_opencrab\supplements\official_gap_recovery_2026\direct_nec_downloads\markdown\820260603-4100-경기도-한나라당-1-1.md,ok,2,173,,pymupdf,ok
820260603-1100-서울특별시-한나라당-1-1,서울특별시,광역의원비례대표선거,서울특별시,,한나라당,비례대표 정당 제출자료,https://policy.nec.go.kr/plc/common/downloadFile.do?requestedFileName=20260603_%EC%84%9C%EC%9A%B8%ED%8A%B9%EB%B3%84%EC%8B%9C_%ED%95%9C%EB%82%98%EB%9D%BC%EB%8B%B9_%EB%B9%84%EB%A1%80%EB%8C%80%ED%91%9C%20%EC%A0%95%EB%8B%B9%20%EC%A0%9C%EC%B6%9C%EC%9E%90%EB%A3%8C.pdf&requestedFullPath=20260603/PDF/PBINFO_PUB/1100/003_1990_20260523_1.pdf,C:\Users\treyl\Documents\Obsidian\Second_Brain\output\nec_2026_local_election_opencrab\github_repo_nec_2026_local_election_opencrab\supplements\official_gap_recovery_2026\direct_nec_downloads\documents\820260603-1100-서울특별시-한나라당-1-1.pdf,downloaded,116777,,C:\Users\treyl\Documents\Obsidian\Second_Brain\output\nec_2026_local_election_opencrab\github_repo_nec_2026_local_election_opencrab\supplements\official_gap_recovery_2026\direct_nec_downloads\markdown\820260603-1100-서울특별시-한나라당-1-1.md,ok,2,158,,pymupdf,suspiciously_short_text
920260603-1100-강동구-더불어민주당-1-1,서울특별시,기초의원비례대표선거,강동구,,더불어민주당,비례대표 정당 제출자료,https://policy.nec.go.kr/plc/common/downloadFile.do?requestedFileName=20260603_%EA%B0%95%EB%8F%99%EA%B5%AC_%EB%8D%94%EB%B6%88%EC%96%B4%EB%AF%BC%EC%A3%BC%EB%8B%B9_%EB%B9%84%EB%A1%80%EB%8C%80%ED%91%9C%20%EC%A0%95%EB%8B%B9%20%EC%A0%9C%EC%B6%9C%EC%9E%90%EB%A3%8C.pdf&requestedFullPath=20260603/PDF/PBINFO_PUB/1125/003_100_20260524_1.pdf,C:\Users\treyl\Documents\Obsidian\Second_Brain\output\nec_2026_local_election_opencrab\github_repo_nec_2026_local_election_opencrab\supplements\official_gap_recovery_2026\direct_nec_downloads\documents\920260603-1100-강동구-더불어민주당-1-1.pdf,downloaded,2420282,,C:\Users\treyl\Documents\Obsidian\Second_Brain\output\nec_2026_local_election_opencrab\github_repo_nec_2026_local_election_opencrab\supplements\official_gap_recovery_2026\direct_nec_downloads\markdown\920260603-1100-강동구-더불어민주당-1-1.md,ok,4,1340,,pymupdf,ok
920260603-1100-관악구-더불어민주당-1-1,서울특별시,기초의원비례대표선거,관악구,,더불어민주당,비례대표 정당 제출자료,https://policy.nec.go.kr/plc/common/downloadFile.do?requestedFileName=20260603_%EA%B4%80%EC%95%85%EA%B5%AC_%EB%8D%94%EB%B6%88%EC%96%B4%EB%AF%BC%EC%A3%BC%EB%8B%B9_%EB%B9%84%EB%A1%80%EB%8C%80%ED%91%9C%20%EC%A0%95%EB%8B%B9%20%EC%A0%9C%EC%B6%9C%EC%9E%90%EB%A3%8C.pdf&requestedFullPath=20260603/PDF/PBINFO_PUB/1121/003_100_20260522_1.pdf,C:\Users\treyl\Documents\Obsidian\Second_Brain\output\nec_2026_local_election_opencrab\github_repo_nec_2026_local_election_opencrab\supplements\official_gap_recovery_2026\direct_nec_downloads\documents\920260603-1100-관악구-더불어민주당-1-1.pdf,downloaded,2565273,,C:\Users\treyl\Documents\Obsidian\Second_Brain\output\nec_2026_local_election_opencrab\github_repo_nec_2026_local_election_opencrab\supplements\official_gap_recovery_2026\direct_nec_downloads\markdown\920260603-1100-관악구-더불어민주당-1-1.md,ok,4,1507,,pymupdf,ok
920260603-1100-종로구-더불어민주당-1-1,서울특별시,기초의원비례대표선거,종로구,,더불어민주당,비례대표 정당 제출자료,https://policy.nec.go.kr/plc/common/downloadFile.do?requestedFileName=20260603_%EC%A2%85%EB%A1%9C%EA%B5%AC_%EB%8D%94%EB%B6%88%EC%96%B4%EB%AF%BC%EC%A3%BC%EB%8B%B9_%EB%B9%84%EB%A1%80%EB%8C%80%ED%91%9C%20%EC%A0%95%EB%8B%B9%20%EC%A0%9C%EC%B6%9C%EC%9E%90%EB%A3%8C.pdf&requestedFullPath=20260603/PDF/PBINFO_PUB/1101/003_100_20260523_1.pdf,C:\Users\treyl\Documents\Obsidian\Second_Brain\output\nec_2026_local_election_opencrab\github_repo_nec_2026_local_election_opencrab\supplements\official_gap_recovery_2026\direct_nec_downloads\documents\920260603-1100-종로구-더불어민주당-1-1.pdf,downloaded,2363160,,C:\Users\treyl\Documents\Obsidian\Second_Brain\output\nec_2026_local_election_opencrab\github_repo_nec_2026_local_election_opencrab\supplements\official_gap_recovery_2026\direct_nec_downloads\markdown\920260603-1100-종로구-더불어민주당-1-1.md,ok,4,1219,,pymupdf,ok
920260603-1100-영등포구-더불어민주당-1-1,서울특별시,기초의원비례대표선거,영등포구,,더불어민주당,비례대표 정당 제출자료,https://policy.nec.go.kr/plc/common/downloadFile.do?requestedFileName=20260603_%EC%98%81%EB%93%B1%ED%8F%AC%EA%B5%AC_%EB%8D%94%EB%B6%88%EC%96%B4%EB%AF%BC%EC%A3%BC%EB%8B%B9_%EB%B9%84%EB%A1%80%EB%8C%80%ED%91%9C%20%EC%A0%95%EB%8B%B9%20%EC%A0%9C%EC%B6%9C%EC%9E%90%EB%A3%8C.pdf&requestedFullPath=20260603/PDF/PBINFO_PUB/1119/003_100_20260521_1.pdf,C:\Users\treyl\Documents\Obsidian\Second_Brain\output\nec_2026_local_election_opencrab\github_repo_nec_2026_local_election_opencrab\supplements\official_gap_recovery_2026\direct_nec_downloads\documents\920260603-1100-영등포구-더불어민주당-1-1.pdf,downloaded,2449008,,C:\Users\treyl\Documents\Obsidian\Second_Brain\output\nec_2026_local_election_opencrab\github_repo_nec_2026_local_election_opencrab\supplements\official_gap_recovery_2026\direct_nec_downloads\markdown\920260603-1100-영등포구-더불어민주당-1-1.md,ok,4,1393,,pymupdf,ok
920260603-1100-은평구-더불어민주당-1-1,서울특별시,기초의원비례대표선거,은평구,,더불어민주당,비례대표 정당 제출자료,https://policy.nec.go.kr/plc/common/downloadFile.do?requestedFileName=20260603_%EC%9D%80%ED%8F%89%EA%B5%AC_%EB%8D%94%EB%B6%88%EC%96%B4%EB%AF%BC%EC%A3%BC%EB%8B%B9_%EB%B9%84%EB%A1%80%EB%8C%80%ED%91%9C%20%EC%A0%95%EB%8B%B9%20%EC%A0%9C%EC%B6%9C%EC%9E%90%EB%A3%8C.pdf&requestedFullPath=20260603/PDF/PBINFO_PUB/1112/003_100_20260521_1.pdf,C:\Users\treyl\Documents\Obsidian\Second_Brain\output\nec_2026_local_election_opencrab\github_repo_nec_2026_local_election_opencrab\supplements\official_gap_recovery_2026\direct_nec_downloads\documents\920260603-1100-은평구-더불어민주당-1-1.pdf,downloaded,2482358,,C:\Users\treyl\Documents\Obsidian\Second_Brain\output\nec_2026_local_election_opencrab\github_repo_nec_2026_local_election_opencrab\supplements\official_gap_recovery_2026\direct_nec_downloads\markdown\920260603-1100-은평구-더불어민주당-1-1.md,ok,4,1331,,pymupdf,ok
920260603-1100-강남구-더불어민주당-1-1,서울특별시,기초의원비례대표선거,강남구,,더불어민주당,비례대표 정당 제출자료,https://policy.nec.go.kr/plc/common/downloadFile.do?requestedFileName=20260603_%EA%B0%95%EB%82%A8%EA%B5%AC_%EB%8D%94%EB%B6%88%EC%96%B4%EB%AF%BC%EC%A3%BC%EB%8B%B9_%EB%B9%84%EB%A1%80%EB%8C%80%ED%91%9C%20%EC%A0%95%EB%8B%B9%20%EC%A0%9C%EC%B6%9C%EC%9E%90%EB%A3%8C.pdf&requestedFullPath=20260603/PDF/PBINFO_PUB/1123/003_100_20260524_1.pdf,C:\Users\treyl\Documents\Obsidian\Second_Brain\output\nec_2026_local_election_opencrab\github_repo_nec_2026_local_election_opencrab\supplements\official_gap_recovery_2026\direct_nec_downloads\documents\920260603-1100-강남구-더불어민주당-1-1.pdf,downloaded,2485880,,C:\Users\treyl\Documents\Obsidian\Second_Brain\output\nec_2026_local_election_opencrab\github_repo_nec_2026_local_election_opencrab\supplements\official_gap_recovery_2026\direct_nec_downloads\markdown\920260603-1100-강남구-더불어민주당-1-1.md,ok,4,1391,,pymupdf,ok
920260603-1100-용산구-더불어민주당-1-1,서울특별시,기초의원비례대표선거,용산구,,더불어민주당,비례대표 정당 제출자료,https://policy.nec.go.kr/plc/common/downloadFile.do?requestedFileName=20260603_%EC%9A%A9%EC%82%B0%EA%B5%AC_%EB%8D%94%EB%B6%88%EC%96%B4%EB%AF%BC%EC%A3%BC%EB%8B%B9_%EB%B9%84%EB%A1%80%EB%8C%80%ED%91%9C%20%EC%A0%95%EB%8B%B9%20%EC%A0%9C%EC%B6%9C%EC%9E%90%EB%A3%8C.pdf&requestedFullPath=20260603/PDF/PBINFO_PUB/1103/003_100_20260523_1.pdf,C:\Users\treyl\Documents\Obsidian\Second_Brain\output\nec_2026_local_election_opencrab\github_repo_nec_2026_local_election_opencrab\supplements\official_gap_recovery_2026\direct_nec_downloads\documents\920260603-1100-용산구-더불어민주당-1-1.pdf,downloaded,2514401,,C:\Users\treyl\Documents\Obsidian\Second_Brain\output\nec_2026_local_election_opencrab\github_repo_nec_2026_local_election_opencrab\supplements\official_gap_recovery_2026\direct_nec_downloads\markdown\920260603-1100-용산구-더불어민주당-1-1.md,ok,4,1355,,pymupdf,ok
920260603-1100-광진구-더불어민주당-1-1,서울특별시,기초의원비례대표선거,광진구,,더불어민주당,비례대표 정당 제출자료,https://policy.nec.go.kr/plc/common/downloadFile.do?requestedFileName=20260603_%EA%B4%91%EC%A7%84%EA%B5%AC_%EB%8D%94%EB%B6%88%EC%96%B4%EB%AF%BC%EC%A3%BC%EB%8B%B9_%EB%B9%84%EB%A1%80%EB%8C%80%ED%91%9C%20%EC%A0%95%EB%8B%B9%20%EC%A0%9C%EC%B6%9C%EC%9E%90%EB%A3%8C.pdf&requestedFullPath=20260603/PDF/PBINFO_PUB/1105/003_100_20260523_1.pdf,C:\Users\treyl\Documents\Obsidian\Second_Brain\output\nec_2026_local_election_opencrab\github_repo_nec_2026_local_election_opencrab\supplements\official_gap_recovery_2026\direct_nec_downloads\documents\920260603-1100-광진구-더불어민주당-1-1.pdf,downloaded,2326774,,C:\Users\treyl\Documents\Obsidian\Second_Brain\output\nec_2026_local_election_opencrab\github_repo_nec_2026_local_election_opencrab\supplements\official_gap_recovery_2026\direct_nec_downloads\markdown\920260603-1100-광진구-더불어민주당-1-1.md,ok,4,1300,,pymupdf,ok
920260603-1100-동대문구-더불어민주당-1-1,서울특별시,기초의원비례대표선거,동대문구,,더불어민주당,비례대표 정당 제출자료,https://policy.nec.go.kr/plc/common/downloadFile.do?requestedFileName=20260603_%EB%8F%99%EB%8C%80%EB%AC%B8%EA%B5%AC_%EB%8D%94%EB%B6%88%EC%96%B4%EB%AF%BC%EC%A3%BC%EB%8B%B9_%EB%B9%84%EB%A1%80%EB%8C%80%ED%91%9C%20%EC%A0%95%EB%8B%B9%20%EC%A0%9C%EC%B6%9C%EC%9E%90%EB%A3%8C.pdf&requestedFullPath=20260603/PDF/PBINFO_PUB/1106/003_100_20260523_2.pdf,C:\Users\treyl\Documents\Obsidian\Second_Brain\output\nec_2026_local_election_opencrab\github_repo_nec_2026_local_election_opencrab\supplements\official_gap_recovery_2026\direct_nec_downloads\documents\920260603-1100-동대문구-더불어민주당-1-1.pdf,downloaded,2515788,,C:\Users\treyl\Documents\Obsidian\Second_Brain\output\nec_2026_local_election_opencrab\github_repo_nec_2026_local_election_opencrab\supplements\official_gap_recovery_2026\direct_nec_downloads\markdown\920260603-1100-동대문구-더불어민주당-1-1.md,ok,4,1429,,pymupdf,ok
920260603-1100-중랑구-더불어민주당-1-1,서울특별시,기초의원비례대표선거,중랑구,,더불어민주당,비례대표 정당 제출자료,https://policy.nec.go.kr/plc/common/downloadFile.do?requestedFileName=20260603_%EC%A4%91%EB%9E%91%EA%B5%AC_%EB%8D%94%EB%B6%88%EC%96%B4%EB%AF%BC%EC%A3%BC%EB%8B%B9_%EB%B9%84%EB%A1%80%EB%8C%80%ED%91%9C%20%EC%A0%95%EB%8B%B9%20%EC%A0%9C%EC%B6%9C%EC%9E%90%EB%A3%8C.pdf&requestedFullPath=20260603/PDF/PBINFO_PUB/1107/003_100_20260516_1.pdf,C:\Users\treyl\Documents\Obsidian\Second_Brain\output\nec_2026_local_election_opencrab\github_repo_nec_2026_local_election_opencrab\supplements\official_gap_recovery_2026\direct_nec_downloads\documents\920260603-1100-중랑구-더불어민주당-1-1.pdf,downloaded,2502145,,C:\Users\treyl\Documents\Obsidian\Second_Brain\output\nec_2026_local_election_opencrab\github_repo_nec_2026_local_election_opencrab\supplements\official_gap_recovery_2026\direct_nec_downloads\markdown\920260603-1100-중랑구-더불어민주당-1-1.md,ok,4,1364,,pymupdf,ok
920260603-1100-서초구-더불어민주당-1-1,서울특별시,기초의원비례대표선거,서초구,,더불어민주당,비례대표 정당 제출자료,https://policy.nec.go.kr/plc/common/downloadFile.do?requestedFileName=20260603_%EC%84%9C%EC%B4%88%EA%B5%AC_%EB%8D%94%EB%B6%88%EC%96%B4%EB%AF%BC%EC%A3%BC%EB%8B%B9_%EB%B9%84%EB%A1%80%EB%8C%80%ED%91%9C%20%EC%A0%95%EB%8B%B9%20%EC%A0%9C%EC%B6%9C%EC%9E%90%EB%A3%8C.pdf&requestedFullPath=20260603/PDF/PBINFO_PUB/1122/003_100_20260523_1.pdf,C:\Users\treyl\Documents\Obsidian\Second_Brain\output\nec_2026_local_election_opencrab\github_repo_nec_2026_local_election_opencrab\supplements\official_gap_recovery_2026\direct_nec_downloads\documents\920260603-1100-서초구-더불어민주당-1-1.pdf,downloaded,2374656,,C:\Users\treyl\Documents\Obsidian\Second_Brain\output\nec_2026_local_election_opencrab\github_repo_nec_2026_local_election_opencrab\supplements\official_gap_recovery_2026\direct_nec_downloads\markdown\920260603-1100-서초구-더불어민주당-1-1.md,ok,4,1264,,pymupdf,ok
920260603-1100-중구-더불어민주당-1-1,서울특별시,기초의원비례대표선거,중구,,더불어민주당,비례대표 정당 제출자료,https://policy.nec.go.kr/plc/common/downloadFile.do?requestedFileName=20260603_%EC%A4%91%EA%B5%AC_%EB%8D%94%EB%B6%88%EC%96%B4%EB%AF%BC%EC%A3%BC%EB%8B%B9_%EB%B9%84%EB%A1%80%EB%8C%80%ED%91%9C%20%EC%A0%95%EB%8B%B9%20%EC%A0%9C%EC%B6%9C%EC%9E%90%EB%A3%8C.pdf&requestedFullPath=20260603/PDF/PBINFO_PUB/1102/003_100_20260516_1.pdf,C:\Users\treyl\Documents\Obsidian\Second_Brain\output\nec_2026_local_election_opencrab\github_repo_nec_2026_local_election_opencrab\supplements\official_gap_recovery_2026\direct_nec_downloads\documents\920260603-1100-중구-더불어민주당-1-1.pdf,downloaded,2346577,,C:\Users\treyl\Documents\Obsidian\Second_Brain\output\nec_2026_local_election_opencrab\github_repo_nec_2026_local_election_opencrab\supplements\official_gap_recovery_2026\direct_nec_downloads\markdown\920260603-1100-중구-더불어민주당-1-1.md,ok,4,1273,,pymupdf,ok
920260603-1100-강북구-더불어민주당-1-1,서울특별시,기초의원비례대표선거,강북구,,더불어민주당,비례대표 정당 제출자료,https://policy.nec.go.kr/plc/common/downloadFile.do?requestedFileName=20260603_%EA%B0%95%EB%B6%81%EA%B5%AC_%EB%8D%94%EB%B6%88%EC%96%B4%EB%AF%BC%EC%A3%BC%EB%8B%B9_%EB%B9%84%EB%A1%80%EB%8C%80%ED%91%9C%20%EC%A0%95%EB%8B%B9%20%EC%A0%9C%EC%B6%9C%EC%9E%90%EB%A3%8C.pdf&requestedFullPath=20260603/PDF/PBINFO_PUB/1109/003_100_20260523_1.pdf,C:\Users\treyl\Documents\Obsidian\Second_Brain\output\nec_2026_local_election_opencrab\github_repo_nec_2026_local_election_opencrab\supplements\official_gap_recovery_2026\direct_nec_downloads\documents\920260603-1100-강북구-더불어민주당-1-1.pdf,downloaded,2355137,,C:\Users\treyl\Documents\Obsidian\Second_Brain\output\nec_2026_local_election_opencrab\github_repo_nec_2026_local_election_opencrab\supplements\official_gap_recovery_2026\direct_nec_downloads\markdown\920260603-1100-강북구-더불어민주당-1-1.md,ok,4,1299,,pymupdf,ok
920260603-1100-양천구-더불어민주당-1-1,서울특별시,기초의원비례대표선거,양천구,,더불어민주당,비례대표 정당 제출자료,https://policy.nec.go.kr/plc/common/downloadFile.do?requestedFileName=20260603_%EC%96%91%EC%B2%9C%EA%B5%AC_%EB%8D%94%EB%B6%88%EC%96%B4%EB%AF%BC%EC%A3%BC%EB%8B%B9_%EB%B9%84%EB%A1%80%EB%8C%80%ED%91%9C%20%EC%A0%95%EB%8B%B9%20%EC%A0%9C%EC%B6%9C%EC%9E%90%EB%A3%8C.pdf&requestedFullPath=20260603/PDF/PBINFO_PUB/1115/003_100_20260523_1.pdf,C:\Users\treyl\Documents\Obsidian\Second_Brain\output\nec_2026_local_election_opencrab\github_repo_nec_2026_local_election_opencrab\supplements\official_gap_recovery_2026\direct_nec_downloads\documents\920260603-1100-양천구-더불어민주당-1-1.pdf,downloaded,2374576,,C:\Users\treyl\Documents\Obsidian\Second_Brain\output\nec_2026_local_election_opencrab\github_repo_nec_2026_local_election_opencrab\supplements\official_gap_recovery_2026\direct_nec_downloads\markdown\920260603-1100-양천구-더불어민주당-1-1.md,ok,4,1269,,pymupdf,ok
920260603-1100-성동구-더불어민주당-1-1,서울특별시,기초의원비례대표선거,성동구,,더불어민주당,비례대표 정당 제출자료,https://policy.nec.go.kr/plc/common/downloadFile.do?requestedFileName=20260603_%EC%84%B1%EB%8F%99%EA%B5%AC_%EB%8D%94%EB%B6%88%EC%96%B4%EB%AF%BC%EC%A3%BC%EB%8B%B9_%EB%B9%84%EB%A1%80%EB%8C%80%ED%91%9C%20%EC%A0%95%EB%8B%B9%20%EC%A0%9C%EC%B6%9C%EC%9E%90%EB%A3%8C.pdf&requestedFullPath=20260603/PDF/PBINFO_PUB/1104/003_100_20260524_1.pdf,C:\Users\treyl\Documents\Obsidian\Second_Brain\output\nec_2026_local_election_opencrab\github_repo_nec_2026_local_election_opencrab\supplements\official_gap_recovery_2026\direct_nec_downloads\documents\920260603-1100-성동구-더불어민주당-1-1.pdf,downloaded,2305949,,C:\Users\treyl\Documents\Obsidian\Second_Brain\output\nec_2026_local_election_opencrab\github_repo_nec_2026_local_election_opencrab\supplements\official_gap_recovery_2026\direct_nec_downloads\markdown\920260603-1100-성동구-더불어민주당-1-1.md,ok,4,1250,,pymupdf,ok
920260603-1100-마포구-더불어민주당-1-1,서울특별시,기초의원비례대표선거,마포구,,더불어민주당,비례대표 정당 제출자료,https://policy.nec.go.kr/plc/common/downloadFile.do?requestedFileName=20260603_%EB%A7%88%ED%8F%AC%EA%B5%AC_%EB%8D%94%EB%B6%88%EC%96%B4%EB%AF%BC%EC%A3%BC%EB%8B%B9_%EB%B9%84%EB%A1%80%EB%8C%80%ED%91%9C%20%EC%A0%95%EB%8B%B9%20%EC%A0%9C%EC%B6%9C%EC%9E%90%EB%A3%8C.pdf&requestedFullPath=20260603/PDF/PBINFO_PUB/1114/003_100_20260516_2.pdf,C:\Users\treyl\Documents\Obsidian\Second_Brain\output\nec_2026_local_election_opencrab\github_repo_nec_2026_local_election_opencrab\supplements\official_gap_recovery_2026\direct_nec_downloads\documents\920260603-1100-마포구-더불어민주당-1-1.pdf,downloaded,2352647,,C:\Users\treyl\Documents\Obsidian\Second_Brain\output\nec_2026_local_election_opencrab\github_repo_nec_2026_local_election_opencrab\supplements\official_gap_recovery_2026\direct_nec_downloads\markdown\920260603-1100-마포구-더불어민주당-1-1.md,ok,4,1250,,pymupdf,ok
920260603-1100-송파구-더불어민주당-1-1,서울특별시,기초의원비례대표선거,송파구,,더불어민주당,비례대표 정당 제출자료,https://policy.nec.go.kr/plc/common/downloadFile.do?requestedFileName=20260603_%EC%86%A1%ED%8C%8C%EA%B5%AC_%EB%8D%94%EB%B6%88%EC%96%B4%EB%AF%BC%EC%A3%BC%EB%8B%B9_%EB%B9%84%EB%A1%80%EB%8C%80%ED%91%9C%20%EC%A0%95%EB%8B%B9%20%EC%A0%9C%EC%B6%9C%EC%9E%90%EB%A3%8C.pdf&requestedFullPath=20260603/PDF/PBINFO_PUB/1124/003_100_20260525_2.pdf,C:\Users\treyl\Documents\Obsidian\Second_Brain\output\nec_2026_local_election_opencrab\github_repo_nec_2026_local_election_opencrab\supplements\official_gap_recovery_2026\direct_nec_downloads\documents\920260603-1100-송파구-더불어민주당-1-1.pdf,downloaded,2448889,,C:\Users\treyl\Documents\Obsidian\Second_Brain\output\nec_2026_local_election_opencrab\github_repo_nec_2026_local_election_opencrab\supplements\official_gap_recovery_2026\direct_nec_downloads\markdown\920260603-1100-송파구-더불어민주당-1-1.md,ok,4,1337,,pymupdf,ok
920260603-1100-강서구-더불어민주당-1-1,서울특별시,기초의원비례대표선거,강서구,,더불어민주당,비례대표 정당 제출자료,https://policy.nec.go.kr/plc/common/downloadFile.do?requestedFileName=20260603_%EA%B0%95%EC%84%9C%EA%B5%AC_%EB%8D%94%EB%B6%88%EC%96%B4%EB%AF%BC%EC%A3%BC%EB%8B%B9_%EB%B9%84%EB%A1%80%EB%8C%80%ED%91%9C%20%EC%A0%95%EB%8B%B9%20%EC%A0%9C%EC%B6%9C%EC%9E%90%EB%A3%8C.pdf&requestedFullPath=20260603/PDF/PBINFO_PUB/1116/003_100_20260518_1.pdf,C:\Users\treyl\Documents\Obsidian\Second_Brain\output\nec_2026_local_election_opencrab\github_repo_nec_2026_local_election_opencrab\supplements\official_gap_recovery_2026\direct_nec_downloads\documents\920260603-1100-강서구-더불어민주당-1-1.pdf,downloaded,2508558,,C:\Users\treyl\Documents\Obsidian\Second_Brain\output\nec_2026_local_election_opencrab\github_repo_nec_2026_local_election_opencrab\supplements\official_gap_recovery_2026\direct_nec_downloads\markdown\920260603-1100-강서구-더불어민주당-1-1.md,ok,4,1345,,pymupdf,ok
920260603-1100-금천구-더불어민주당-1-1,서울특별시,기초의원비례대표선거,금천구,,더불어민주당,비례대표 정당 제출자료,https://policy.nec.go.kr/plc/common/downloadFile.do?requestedFileName=20260603_%EA%B8%88%EC%B2%9C%EA%B5%AC_%EB%8D%94%EB%B6%88%EC%96%B4%EB%AF%BC%EC%A3%BC%EB%8B%B9_%EB%B9%84%EB%A1%80%EB%8C%80%ED%91%9C%20%EC%A0%95%EB%8B%B9%20%EC%A0%9C%EC%B6%9C%EC%9E%90%EB%A3%8C.pdf&requestedFullPath=20260603/PDF/PBINFO_PUB/1118/003_100_20260518_1.pdf,C:\Users\treyl\Documents\Obsidian\Second_Brain\output\nec_2026_local_election_opencrab\github_repo_nec_2026_local_election_opencrab\supplements\official_gap_recovery_2026\direct_nec_downloads\documents\920260603-1100-금천구-더불어민주당-1-1.pdf,downloaded,2411551,,C:\Users\treyl\Documents\Obsidian\Second_Brain\output\nec_2026_local_election_opencrab\github_repo_nec_2026_local_election_opencrab\supplements\official_gap_recovery_2026\direct_nec_downloads\markdown\920260603-1100-금천구-더불어민주당-1-1.md,ok,4,1335,,pymupdf,ok
920260603-1100-금천구-국민의힘-1-1,서울특별시,기초의원비례대표선거,금천구,,국민의힘,비례대표 정당 제출자료,https://policy.nec.go.kr/plc/common/downloadFile.do?requestedFileName=20260603_%EA%B8%88%EC%B2%9C%EA%B5%AC_%EA%B5%AD%EB%AF%BC%EC%9D%98%ED%9E%98_%EB%B9%84%EB%A1%80%EB%8C%80%ED%91%9C%20%EC%A0%95%EB%8B%B9%20%EC%A0%9C%EC%B6%9C%EC%9E%90%EB%A3%8C.pdf&requestedFullPath=20260603/PDF/PBINFO_PUB/1118/003_200_20260523_1.pdf,C:\Users\treyl\Documents\Obsidian\Second_Brain\output\nec_2026_local_election_opencrab\github_repo_nec_2026_local_election_opencrab\supplements\official_gap_recovery_2026\direct_nec_downloads\documents\920260603-1100-금천구-국민의힘-1-1.pdf,downloaded,5741973,,C:\Users\treyl\Documents\Obsidian\Second_Brain\output\nec_2026_local_election_opencrab\github_repo_nec_2026_local_election_opencrab\supplements\official_gap_recovery_2026\direct_nec_downloads\markdown\920260603-1100-금천구-국민의힘-1-1.md,ok,8,2848,,pymupdf,ok
920260603-1100-중구-국민의힘-1-1,서울특별시,기초의원비례대표선거,중구,,국민의힘,비례대표 정당 제출자료,https://policy.nec.go.kr/plc/common/downloadFile.do?requestedFileName=20260603_%EC%A4%91%EA%B5%AC_%EA%B5%AD%EB%AF%BC%EC%9D%98%ED%9E%98_%EB%B9%84%EB%A1%80%EB%8C%80%ED%91%9C%20%EC%A0%95%EB%8B%B9%20%EC%A0%9C%EC%B6%9C%EC%9E%90%EB%A3%8C.pdf&requestedFullPath=20260603/PDF/PBINFO_PUB/1102/003_200_20260516_1.pdf,C:\Users\treyl\Documents\Obsidian\Second_Brain\output\nec_2026_local_election_opencrab\github_repo_nec_2026_local_election_opencrab\supplements\official_gap_recovery_2026\direct_nec_downloads\documents\920260603-1100-중구-국민의힘-1-1.pdf,downloaded,5677010,,C:\Users\treyl\Documents\Obsidian\Second_Brain\output\nec_2026_local_election_opencrab\github_repo_nec_2026_local_election_opencrab\supplements\official_gap_recovery_2026\direct_nec_downloads\markdown\920260603-1100-중구-국민의힘-1-1.md,ok,8,2798,,pymupdf,ok
920260603-1100-영등포구-국민의힘-1-1,서울특별시,기초의원비례대표선거,영등포구,,국민의힘,비례대표 정당 제출자료,https://policy.nec.go.kr/plc/common/downloadFile.do?requestedFileName=20260603_%EC%98%81%EB%93%B1%ED%8F%AC%EA%B5%AC_%EA%B5%AD%EB%AF%BC%EC%9D%98%ED%9E%98_%EB%B9%84%EB%A1%80%EB%8C%80%ED%91%9C%20%EC%A0%95%EB%8B%B9%20%EC%A0%9C%EC%B6%9C%EC%9E%90%EB%A3%8C.pdf&requestedFullPath=20260603/PDF/PBINFO_PUB/1119/003_200_20260521_1.pdf,C:\Users\treyl\Documents\Obsidian\Second_Brain\output\nec_2026_local_election_opencrab\github_repo_nec_2026_local_election_opencrab\supplements\official_gap_recovery_2026\direct_nec_downloads\documents\920260603-1100-영등포구-국민의힘-1-1.pdf,downloaded,5676711,,C:\Users\treyl\Documents\Obsidian\Second_Brain\output\nec_2026_local_election_opencrab\github_repo_nec_2026_local_election_opencrab\supplements\official_gap_recovery_2026\direct_nec_downloads\markdown\920260603-1100-영등포구-국민의힘-1-1.md,ok,8,2897,,pymupdf,ok
920260603-1100-동작구-국민의힘-1-1,서울특별시,기초의원비례대표선거,동작구,,국민의힘,비례대표 정당 제출자료,https://policy.nec.go.kr/plc/common/downloadFile.do?requestedFileName=20260603_%EB%8F%99%EC%9E%91%EA%B5%AC_%EA%B5%AD%EB%AF%BC%EC%9D%98%ED%9E%98_%EB%B9%84%EB%A1%80%EB%8C%80%ED%91%9C%20%EC%A0%95%EB%8B%B9%20%EC%A0%9C%EC%B6%9C%EC%9E%90%EB%A3%8C.pdf&requestedFullPath=20260603/PDF/PBINFO_PUB/1120/003_0_20260523_1.pdf,C:\Users\treyl\Documents\Obsidian\Second_Brain\output\nec_2026_local_election_opencrab\github_repo_nec_2026_local_election_opencrab\supplements\official_gap_recovery_2026\direct_nec_downloads\documents\920260603-1100-동작구-국민의힘-1-1.pdf,downloaded,5620329,,C:\Users\treyl\Documents\Obsidian\Second_Brain\output\nec_2026_local_election_opencrab\github_repo_nec_2026_local_election_opencrab\supplements\official_gap_recovery_2026\direct_nec_downloads\markdown\920260603-1100-동작구-국민의힘-1-1.md,ok,8,2830,,pymupdf,ok
920260603-1100-송파구-국민의힘-1-1,서울특별시,기초의원비례대표선거,송파구,,국민의힘,비례대표 정당 제출자료,https://policy.nec.go.kr/plc/common/downloadFile.do?requestedFileName=20260603_%EC%86%A1%ED%8C%8C%EA%B5%AC_%EA%B5%AD%EB%AF%BC%EC%9D%98%ED%9E%98_%EB%B9%84%EB%A1%80%EB%8C%80%ED%91%9C%20%EC%A0%95%EB%8B%B9%20%EC%A0%9C%EC%B6%9C%EC%9E%90%EB%A3%8C.pdf&requestedFullPath=20260603/PDF/PBINFO_PUB/1124/003_200_20260521_1.pdf,C:\Users\treyl\Documents\Obsidian\Second_Brain\output\nec_2026_local_election_opencrab\github_repo_nec_2026_local_election_opencrab\supplements\official_gap_recovery_2026\direct_nec_downloads\documents\920260603-1100-송파구-국민의힘-1-1.pdf,downloaded,6170840,,C:\Users\treyl\Documents\Obsidian\Second_Brain\output\nec_2026_local_election_opencrab\github_repo_nec_2026_local_election_opencrab\supplements\official_gap_recovery_2026\direct_nec_downloads\markdown\920260603-1100-송파구-국민의힘-1-1.md,ok,8,2915,,pymupdf,ok
920260603-1100-서초구-국민의힘-1-1,서울특별시,기초의원비례대표선거,서초구,,국민의힘,비례대표 정당 제출자료,https://policy.nec.go.kr/plc/common/downloadFile.do?requestedFileName=20260603_%EC%84%9C%EC%B4%88%EA%B5%AC_%EA%B5%AD%EB%AF%BC%EC%9D%98%ED%9E%98_%EB%B9%84%EB%A1%80%EB%8C%80%ED%91%9C%20%EC%A0%95%EB%8B%B9%20%EC%A0%9C%EC%B6%9C%EC%9E%90%EB%A3%8C.pdf&requestedFullPath=20260603/PDF/PBINFO_PUB/1122/003_200_20260523_1.pdf,C:\Users\treyl\Documents\Obsidian\Second_Brain\output\nec_2026_local_election_opencrab\github_repo_nec_2026_local_election_opencrab\supplements\official_gap_recovery_2026\direct_nec_downloads\documents\920260603-1100-서초구-국민의힘-1-1.pdf,downloaded,6009996,,C:\Users\treyl\Documents\Obsidian\Second_Brain\output\nec_2026_local_election_opencrab\github_repo_nec_2026_local_election_opencrab\supplements\official_gap_recovery_2026\direct_nec_downloads\markdown\920260603-1100-서초구-국민의힘-1-1.md,ok,8,2922,,pymupdf,ok
920260603-1100-중랑구-국민의힘-1-1,서울특별시,기초의원비례대표선거,중랑구,,국민의힘,비례대표 정당 제출자료,https://policy.nec.go.kr/plc/common/downloadFile.do?requestedFileName=20260603_%EC%A4%91%EB%9E%91%EA%B5%AC_%EA%B5%AD%EB%AF%BC%EC%9D%98%ED%9E%98_%EB%B9%84%EB%A1%80%EB%8C%80%ED%91%9C%20%EC%A0%95%EB%8B%B9%20%EC%A0%9C%EC%B6%9C%EC%9E%90%EB%A3%8C.pdf&requestedFullPath=20260603/PDF/PBINFO_PUB/1107/003_200_20260523_1.pdf,C:\Users\treyl\Documents\Obsidian\Second_Brain\output\nec_2026_local_election_opencrab\github_repo_nec_2026_local_election_opencrab\supplements\official_gap_recovery_2026\direct_nec_downloads\documents\920260603-1100-중랑구-국민의힘-1-1.pdf,downloaded,5656261,,C:\Users\treyl\Documents\Obsidian\Second_Brain\output\nec_2026_local_election_opencrab\github_repo_nec_2026_local_election_opencrab\supplements\official_gap_recovery_2026\direct_nec_downloads\markdown\920260603-1100-중랑구-국민의힘-1-1.md,ok,8,2881,,pymupdf,ok
920260603-1100-양천구-국민의힘-1-1,서울특별시,기초의원비례대표선거,양천구,,국민의힘,비례대표 정당 제출자료,https://policy.nec.go.kr/plc/common/downloadFile.do?requestedFileName=20260603_%EC%96%91%EC%B2%9C%EA%B5%AC_%EA%B5%AD%EB%AF%BC%EC%9D%98%ED%9E%98_%EB%B9%84%EB%A1%80%EB%8C%80%ED%91%9C%20%EC%A0%95%EB%8B%B9%20%EC%A0%9C%EC%B6%9C%EC%9E%90%EB%A3%8C.pdf&requestedFullPath=20260603/PDF/PBINFO_PUB/1115/003_200_20260523_1.pdf,C:\Users\treyl\Documents\Obsidian\Second_Brain\output\nec_2026_local_election_opencrab\github_repo_nec_2026_local_election_opencrab\supplements\official_gap_recovery_2026\direct_nec_downloads\documents\920260603-1100-양천구-국민의힘-1-1.pdf,downloaded,5786399,,C:\Users\treyl\Documents\Obsidian\Second_Brain\output\nec_2026_local_election_opencrab\github_repo_nec_2026_local_election_opencrab\supplements\official_gap_recovery_2026\direct_nec_downloads\markdown\920260603-1100-양천구-국민의힘-1-1.md,ok,8,2971,,pymupdf,ok
920260603-1100-강북구-국민의힘-1-1,서울특별시,기초의원비례대표선거,강북구,,국민의힘,비례대표 정당 제출자료,https://policy.nec.go.kr/plc/common/downloadFile.do?requestedFileName=20260603_%EA%B0%95%EB%B6%81%EA%B5%AC_%EA%B5%AD%EB%AF%BC%EC%9D%98%ED%9E%98_%EB%B9%84%EB%A1%80%EB%8C%80%ED%91%9C%20%EC%A0%95%EB%8B%B9%20%EC%A0%9C%EC%B6%9C%EC%9E%90%EB%A3%8C.pdf&requestedFullPath=20260603/PDF/PBINFO_PUB/1109/003_200_20260523_1.pdf,C:\Users\treyl\Documents\Obsidian\Second_Brain\output\nec_2026_local_election_opencrab\github_repo_nec_2026_local_election_opencrab\supplements\official_gap_recovery_2026\direct_nec_downloads\documents\920260603-1100-강북구-국민의힘-1-1.pdf,downloaded,5649310,,C:\Users\treyl\Documents\Obsidian\Second_Brain\output\nec_2026_local_election_opencrab\github_repo_nec_2026_local_election_opencrab\supplements\official_gap_recovery_2026\direct_nec_downloads\markdown\920260603-1100-강북구-국민의힘-1-1.md,ok,8,2867,,pymupdf,ok
920260603-1100-관악구-국민의힘-1-1,서울특별시,기초의원비례대표선거,관악구,,국민의힘,비례대표 정당 제출자료,https://policy.nec.go.kr/plc/common/downloadFile.do?requestedFileName=20260603_%EA%B4%80%EC%95%85%EA%B5%AC_%EA%B5%AD%EB%AF%BC%EC%9D%98%ED%9E%98_%EB%B9%84%EB%A1%80%EB%8C%80%ED%91%9C%20%EC%A0%95%EB%8B%B9%20%EC%A0%9C%EC%B6%9C%EC%9E%90%EB%A3%8C.pdf&requestedFullPath=20260603/PDF/PBINFO_PUB/1121/003_200_20260522_2.pdf,C:\Users\treyl\Documents\Obsidian\Second_Brain\output\nec_2026_local_election_opencrab\github_repo_nec_2026_local_election_opencrab\supplements\official_gap_recovery_2026\direct_nec_downloads\documents\920260603-1100-관악구-국민의힘-1-1.pdf,downloaded,5798234,,C:\Users\treyl\Documents\Obsidian\Second_Brain\output\nec_2026_local_election_opencrab\github_repo_nec_2026_local_election_opencrab\supplements\official_gap_recovery_2026\direct_nec_downloads\markdown\920260603-1100-관악구-국민의힘-1-1.md,ok,8,2947,,pymupdf,ok
920260603-1100-용산구-국민의힘-1-1,서울특별시,기초의원비례대표선거,용산구,,국민의힘,비례대표 정당 제출자료,https://policy.nec.go.kr/plc/common/downloadFile.do?requestedFileName=20260603_%EC%9A%A9%EC%82%B0%EA%B5%AC_%EA%B5%AD%EB%AF%BC%EC%9D%98%ED%9E%98_%EB%B9%84%EB%A1%80%EB%8C%80%ED%91%9C%20%EC%A0%95%EB%8B%B9%20%EC%A0%9C%EC%B6%9C%EC%9E%90%EB%A3%8C.pdf&requestedFullPath=20260603/PDF/PBINFO_PUB/1103/003_200_20260523_1.pdf,C:\Users\treyl\Documents\Obsidian\Second_Brain\output\nec_2026_local_election_opencrab\github_repo_nec_2026_local_election_opencrab\supplements\official_gap_recovery_2026\direct_nec_downloads\documents\920260603-1100-용산구-국민의힘-1-1.pdf,downloaded,5704334,,C:\Users\treyl\Documents\Obsidian\Second_Brain\output\nec_2026_local_election_opencrab\github_repo_nec_2026_local_election_opencrab\supplements\official_gap_recovery_2026\direct_nec_downloads\markdown\920260603-1100-용산구-국민의힘-1-1.md,ok,8,2905,,pymupdf,ok
920260603-1100-마포구-국민의힘-1-1,서울특별시,기초의원비례대표선거,마포구,,국민의힘,비례대표 정당 제출자료,https://policy.nec.go.kr/plc/common/downloadFile.do?requestedFileName=20260603_%EB%A7%88%ED%8F%AC%EA%B5%AC_%EA%B5%AD%EB%AF%BC%EC%9D%98%ED%9E%98_%EB%B9%84%EB%A1%80%EB%8C%80%ED%91%9C%20%EC%A0%95%EB%8B%B9%20%EC%A0%9C%EC%B6%9C%EC%9E%90%EB%A3%8C.pdf&requestedFullPath=20260603/PDF/PBINFO_PUB/1114/003_200_20260516_2.pdf,C:\Users\treyl\Documents\Obsidian\Second_Brain\output\nec_2026_local_election_opencrab\github_repo_nec_2026_local_election_opencrab\supplements\official_gap_recovery_2026\direct_nec_downloads\documents\920260603-1100-마포구-국민의힘-1-1.pdf,downloaded,5802633,,C:\Users\treyl\Documents\Obsidian\Second_Brain\output\nec_2026_local_election_opencrab\github_repo_nec_2026_local_election_opencrab\supplements\official_gap_recovery_2026\direct_nec_downloads\markdown\920260603-1100-마포구-국민의힘-1-1.md,ok,8,2934,,pymupdf,ok
920260603-1100-성동구-국민의힘-1-1,서울특별시,기초의원비례대표선거,성동구,,국민의힘,비례대표 정당 제출자료,https://policy.nec.go.kr/plc/common/downloadFile.do?requestedFileName=20260603_%EC%84%B1%EB%8F%99%EA%B5%AC_%EA%B5%AD%EB%AF%BC%EC%9D%98%ED%9E%98_%EB%B9%84%EB%A1%80%EB%8C%80%ED%91%9C%20%EC%A0%95%EB%8B%B9%20%EC%A0%9C%EC%B6%9C%EC%9E%90%EB%A3%8C.pdf&requestedFullPath=20260603/PDF/PBINFO_PUB/1104/003_200_20260524_1.pdf,C:\Users\treyl\Documents\Obsidian\Second_Brain\output\nec_2026_local_election_opencrab\github_repo_nec_2026_local_election_opencrab\supplements\official_gap_recovery_2026\direct_nec_downloads\documents\920260603-1100-성동구-국민의힘-1-1.pdf,downloaded,5825347,,C:\Users\treyl\Documents\Obsidian\Second_Brain\output\nec_2026_local_election_opencrab\github_repo_nec_2026_local_election_opencrab\supplements\official_gap_recovery_2026\direct_nec_downloads\markdown\920260603-1100-성동구-국민의힘-1-1.md,ok,8,2921,,pymupdf,ok
920260603-1100-광진구-국민의힘-1-1,서울특별시,기초의원비례대표선거,광진구,,국민의힘,비례대표 정당 제출자료,https://policy.nec.go.kr/plc/common/downloadFile.do?requestedFileName=20260603_%EA%B4%91%EC%A7%84%EA%B5%AC_%EA%B5%AD%EB%AF%BC%EC%9D%98%ED%9E%98_%EB%B9%84%EB%A1%80%EB%8C%80%ED%91%9C%20%EC%A0%95%EB%8B%B9%20%EC%A0%9C%EC%B6%9C%EC%9E%90%EB%A3%8C.pdf&requestedFullPath=20260603/PDF/PBINFO_PUB/1105/003_200_20260523_1.pdf,C:\Users\treyl\Documents\Obsidian\Second_Brain\output\nec_2026_local_election_opencrab\github_repo_nec_2026_local_election_opencrab\supplements\official_gap_recovery_2026\direct_nec_downloads\documents\920260603-1100-광진구-국민의힘-1-1.pdf,downloaded,965474,,C:\Users\treyl\Documents\Obsidian\Second_Brain\output\nec_2026_local_election_opencrab\github_repo_nec_2026_local_election_opencrab\supplements\official_gap_recovery_2026\direct_nec_downloads\markdown\920260603-1100-광진구-국민의힘-1-1.md,ok,8,2950,,pymupdf,ok
920260603-1100-동대문구-국민의힘-1-1,서울특별시,기초의원비례대표선거,동대문구,,국민의힘,비례대표 정당 제출자료,https://policy.nec.go.kr/plc/common/downloadFile.do?requestedFileName=20260603_%EB%8F%99%EB%8C%80%EB%AC%B8%EA%B5%AC_%EA%B5%AD%EB%AF%BC%EC%9D%98%ED%9E%98_%EB%B9%84%EB%A1%80%EB%8C%80%ED%91%9C%20%EC%A0%95%EB%8B%B9%20%EC%A0%9C%EC%B6%9C%EC%9E%90%EB%A3%8C.pdf&requestedFullPath=20260603/PDF/PBINFO_PUB/1106/003_200_20260522_2.pdf,C:\Users\treyl\Documents\Obsidian\Second_Brain\output\nec_2026_local_election_opencrab\github_repo_nec_2026_local_election_opencrab\supplements\official_gap_recovery_2026\direct_nec_downloads\documents\920260603-1100-동대문구-국민의힘-1-1.pdf,downloaded,5781259,,C:\Users\treyl\Documents\Obsidian\Second_Brain\output\nec_2026_local_election_opencrab\github_repo_nec_2026_local_election_opencrab\supplements\official_gap_recovery_2026\direct_nec_downloads\markdown\920260603-1100-동대문구-국민의힘-1-1.md,ok,8,2910,,pymupdf,ok
920260603-1100-종로구-국민의힘-1-1,서울특별시,기초의원비례대표선거,종로구,,국민의힘,비례대표 정당 제출자료,https://policy.nec.go.kr/plc/common/downloadFile.do?requestedFileName=20260603_%EC%A2%85%EB%A1%9C%EA%B5%AC_%EA%B5%AD%EB%AF%BC%EC%9D%98%ED%9E%98_%EB%B9%84%EB%A1%80%EB%8C%80%ED%91%9C%20%EC%A0%95%EB%8B%B9%20%EC%A0%9C%EC%B6%9C%EC%9E%90%EB%A3%8C.pdf&requestedFullPath=20260603/PDF/PBINFO_PUB/1101/003_200_20260523_1.pdf,C:\Users\treyl\Documents\Obsidian\Second_Brain\output\nec_2026_local_election_opencrab\github_repo_nec_2026_local_election_opencrab\supplements\official_gap_recovery_2026\direct_nec_downloads\documents\920260603-1100-종로구-국민의힘-1-1.pdf,downloaded,5758139,,C:\Users\treyl\Documents\Obsidian\Second_Brain\output\nec_2026_local_election_opencrab\github_repo_nec_2026_local_election_opencrab\supplements\official_gap_recovery_2026\direct_nec_downloads\markdown\920260603-1100-종로구-국민의힘-1-1.md,ok,8,2815,,pymupdf,ok
920260603-1100-강서구-국민의힘-1-1,서울특별시,기초의원비례대표선거,강서구,,국민의힘,비례대표 정당 제출자료,https://policy.nec.go.kr/plc/common/downloadFile.do?requestedFileName=20260603_%EA%B0%95%EC%84%9C%EA%B5%AC_%EA%B5%AD%EB%AF%BC%EC%9D%98%ED%9E%98_%EB%B9%84%EB%A1%80%EB%8C%80%ED%91%9C%20%EC%A0%95%EB%8B%B9%20%EC%A0%9C%EC%B6%9C%EC%9E%90%EB%A3%8C.pdf&requestedFullPath=20260603/PDF/PBINFO_PUB/1116/003_200_20260525_1.pdf,C:\Users\treyl\Documents\Obsidian\Second_Brain\output\nec_2026_local_election_opencrab\github_repo_nec_2026_local_election_opencrab\supplements\official_gap_recovery_2026\direct_nec_downloads\documents\920260603-1100-강서구-국민의힘-1-1.pdf,downloaded,6046068,,C:\Users\treyl\Documents\Obsidian\Second_Brain\output\nec_2026_local_election_opencrab\github_repo_nec_2026_local_election_opencrab\supplements\official_gap_recovery_2026\direct_nec_downloads\markdown\920260603-1100-강서구-국민의힘-1-1.md,ok,8,3073,,pymupdf,ok
920260603-1100-강남구-국민의힘-1-1,서울특별시,기초의원비례대표선거,강남구,,국민의힘,비례대표 정당 제출자료,https://policy.nec.go.kr/plc/common/downloadFile.do?requestedFileName=20260603_%EA%B0%95%EB%82%A8%EA%B5%AC_%EA%B5%AD%EB%AF%BC%EC%9D%98%ED%9E%98_%EB%B9%84%EB%A1%80%EB%8C%80%ED%91%9C%20%EC%A0%95%EB%8B%B9%20%EC%A0%9C%EC%B6%9C%EC%9E%90%EB%A3%8C.pdf&requestedFullPath=20260603/PDF/PBINFO_PUB/1123/003_200_20260523_1.pdf,C:\Users\treyl\Documents\Obsidian\Second_Brain\output\nec_2026_local_election_opencrab\github_repo_nec_2026_local_election_opencrab\supplements\official_gap_recovery_2026\direct_nec_downloads\documents\920260603-1100-강남구-국민의힘-1-1.pdf,downloaded,5813302,,C:\Users\treyl\Documents\Obsidian\Second_Brain\output\nec_2026_local_election_opencrab\github_repo_nec_2026_local_election_opencrab\supplements\official_gap_recovery_2026\direct_nec_downloads\markdown\920260603-1100-강남구-국민의힘-1-1.md,ok,8,2986,,pymupdf,ok
920260603-1100-은평구-국민의힘-1-1,서울특별시,기초의원비례대표선거,은평구,,국민의힘,비례대표 정당 제출자료,https://policy.nec.go.kr/plc/common/downloadFile.do?requestedFileName=20260603_%EC%9D%80%ED%8F%89%EA%B5%AC_%EA%B5%AD%EB%AF%BC%EC%9D%98%ED%9E%98_%EB%B9%84%EB%A1%80%EB%8C%80%ED%91%9C%20%EC%A0%95%EB%8B%B9%20%EC%A0%9C%EC%B6%9C%EC%9E%90%EB%A3%8C.pdf&requestedFullPath=20260603/PDF/PBINFO_PUB/1112/003_200_20260521_1.pdf,C:\Users\treyl\Documents\Obsidian\Second_Brain\output\nec_2026_local_election_opencrab\github_repo_nec_2026_local_election_opencrab\supplements\official_gap_recovery_2026\direct_nec_downloads\documents\920260603-1100-은평구-국민의힘-1-1.pdf,downloaded,5786436,,C:\Users\treyl\Documents\Obsidian\Second_Brain\output\nec_2026_local_election_opencrab\github_repo_nec_2026_local_election_opencrab\supplements\official_gap_recovery_2026\direct_nec_downloads\markdown\920260603-1100-은평구-국민의힘-1-1.md,ok,8,2945,,pymupdf,ok
920260603-1100-강동구-국민의힘-1-1,서울특별시,기초의원비례대표선거,강동구,,국민의힘,비례대표 정당 제출자료,https://policy.nec.go.kr/plc/common/downloadFile.do?requestedFileName=20260603_%EA%B0%95%EB%8F%99%EA%B5%AC_%EA%B5%AD%EB%AF%BC%EC%9D%98%ED%9E%98_%EB%B9%84%EB%A1%80%EB%8C%80%ED%91%9C%20%EC%A0%95%EB%8B%B9%20%EC%A0%9C%EC%B6%9C%EC%9E%90%EB%A3%8C.pdf&requestedFullPath=20260603/PDF/PBINFO_PUB/1125/003_200_20260524_1.pdf,C:\Users\treyl\Documents\Obsidian\Second_Brain\output\nec_2026_local_election_opencrab\github_repo_nec_2026_local_election_opencrab\supplements\official_gap_recovery_2026\direct_nec_downloads\documents\920260603-1100-강동구-국민의힘-1-1.pdf,downloaded,5579685,,C:\Users\treyl\Documents\Obsidian\Second_Brain\output\nec_2026_local_election_opencrab\github_repo_nec_2026_local_election_opencrab\supplements\official_gap_recovery_2026\direct_nec_downloads\markdown\920260603-1100-강동구-국민의힘-1-1.md,ok,8,2849,,pymupdf,ok
920260603-2600-영도구-더불어민주당-1-1,부산광역시,기초의원비례대표선거,영도구,,더불어민주당,비례대표 정당 제출자료,https://policy.nec.go.kr/plc/common/downloadFile.do?requestedFileName=20260603_%EC%98%81%EB%8F%84%EA%B5%AC_%EB%8D%94%EB%B6%88%EC%96%B4%EB%AF%BC%EC%A3%BC%EB%8B%B9_%EB%B9%84%EB%A1%80%EB%8C%80%ED%91%9C%20%EC%A0%95%EB%8B%B9%20%EC%A0%9C%EC%B6%9C%EC%9E%90%EB%A3%8C.pdf&requestedFullPath=20260603/PDF/PBINFO_PUB/2604/003_100_20260522_1.pdf,C:\Users\treyl\Documents\Obsidian\Second_Brain\output\nec_2026_local_election_opencrab\github_repo_nec_2026_local_election_opencrab\supplements\official_gap_recovery_2026\direct_nec_downloads\documents\920260603-2600-영도구-더불어민주당-1-1.pdf,downloaded,1977104,,C:\Users\treyl\Documents\Obsidian\Second_Brain\output\nec_2026_local_election_opencrab\github_repo_nec_2026_local_election_opencrab\supplements\official_gap_recovery_2026\direct_nec_downloads\markdown\920260603-2600-영도구-더불어민주당-1-1.md,ok,2,880,,pymupdf,ok
920260603-2600-서구-더불어민주당-1-1,부산광역시,기초의원비례대표선거,서구,,더불어민주당,비례대표 정당 제출자료,https://policy.nec.go.kr/plc/common/downloadFile.do?requestedFileName=20260603_%EC%84%9C%EA%B5%AC_%EB%8D%94%EB%B6%88%EC%96%B4%EB%AF%BC%EC%A3%BC%EB%8B%B9_%EB%B9%84%EB%A1%80%EB%8C%80%ED%91%9C%20%EC%A0%95%EB%8B%B9%20%EC%A0%9C%EC%B6%9C%EC%9E%90%EB%A3%8C.pdf&requestedFullPath=20260603/PDF/PBINFO_PUB/2602/003_100_20260519_1.pdf,C:\Users\treyl\Documents\Obsidian\Second_Brain\output\nec_2026_local_election_opencrab\github_repo_nec_2026_local_election_opencrab\supplements\official_gap_recovery_2026\direct_nec_downloads\documents\920260603-2600-서구-더불어민주당-1-1.pdf,downloaded,1849904,,C:\Users\treyl\Documents\Obsidian\Second_Brain\output\nec_2026_local_election_opencrab\github_repo_nec_2026_local_election_opencrab\supplements\official_gap_recovery_2026\direct_nec_downloads\markdown\920260603-2600-서구-더불어민주당-1-1.md,ok,2,789,,pymupdf,ok
920260603-2600-부산진구-더불어민주당-1-1,부산광역시,기초의원비례대표선거,부산진구,,더불어민주당,비례대표 정당 제출자료,https://policy.nec.go.kr/plc/common/downloadFile.do?requestedFileName=20260603_%EB%B6%80%EC%82%B0%EC%A7%84%EA%B5%AC_%EB%8D%94%EB%B6%88%EC%96%B4%EB%AF%BC%EC%A3%BC%EB%8B%B9_%EB%B9%84%EB%A1%80%EB%8C%80%ED%91%9C%20%EC%A0%95%EB%8B%B9%20%EC%A0%9C%EC%B6%9C%EC%9E%90%EB%A3%8C.pdf&requestedFullPath=20260603/PDF/PBINFO_PUB/2605/003_100_20260519_1.pdf,C:\Users\treyl\Documents\Obsidian\Second_Brain\output\nec_2026_local_election_opencrab\github_repo_nec_2026_local_election_opencrab\supplements\official_gap_recovery_2026\direct_nec_downloads\documents\920260603-2600-부산진구-더불어민주당-1-1.pdf,downloaded,3355415,,C:\Users\treyl\Documents\Obsidian\Second_Brain\output\nec_2026_local_election_opencrab\github_repo_nec_2026_local_election_opencrab\supplements\official_gap_recovery_2026\direct_nec_downloads\markdown\920260603-2600-부산진구-더불어민주당-1-1.md,ok,4,1401,,pymupdf,ok
920260603-2600-기장군-더불어민주당-1-1,부산광역시,기초의원비례대표선거,기장군,,더불어민주당,비례대표 정당 제출자료,https://policy.nec.go.kr/plc/common/downloadFile.do?requestedFileName=20260603_%EA%B8%B0%EC%9E%A5%EA%B5%B0_%EB%8D%94%EB%B6%88%EC%96%B4%EB%AF%BC%EC%A3%BC%EB%8B%B9_%EB%B9%84%EB%A1%80%EB%8C%80%ED%91%9C%20%EC%A0%95%EB%8B%B9%20%EC%A0%9C%EC%B6%9C%EC%9E%90%EB%A3%8C.pdf&requestedFullPath=20260603/PDF/PBINFO_PUB/2610/003_100_20260522_1.pdf,C:\Users\treyl\Documents\Obsidian\Second_Brain\output\nec_2026_local_election_opencrab\github_repo_nec_2026_local_election_opencrab\supplements\official_gap_recovery_2026\direct_nec_downloads\documents\920260603-2600-기장군-더불어민주당-1-1.pdf,downloaded,1864510,,C:\Users\treyl\Documents\Obsidian\Second_Brain\output\nec_2026_local_election_opencrab\github_repo_nec_2026_local_election_opencrab\supplements\official_gap_recovery_2026\direct_nec_downloads\markdown\920260603-2600-기장군-더불어민주당-1-1.md,ok,2,640,,pymupdf,ok
920260603-2600-중구-더불어민주당-1-1,부산광역시,기초의원비례대표선거,중구,,더불어민주당,비례대표 정당 제출자료,https://policy.nec.go.kr/plc/common/downloadFile.do?requestedFileName=20260603_%EC%A4%91%EA%B5%AC_%EB%8D%94%EB%B6%88%EC%96%B4%EB%AF%BC%EC%A3%BC%EB%8B%B9_%EB%B9%84%EB%A1%80%EB%8C%80%ED%91%9C%20%EC%A0%95%EB%8B%B9%20%EC%A0%9C%EC%B6%9C%EC%9E%90%EB%A3%8C.pdf&requestedFullPath=20260603/PDF/PBINFO_PUB/2601/003_100_20260519_1.pdf,C:\Users\treyl\Documents\Obsidian\Second_Brain\output\nec_2026_local_election_opencrab\github_repo_nec_2026_local_election_opencrab\supplements\official_gap_recovery_2026\direct_nec_downloads\documents\920260603-2600-중구-더불어민주당-1-1.pdf,downloaded,2029357,,C:\Users\treyl\Documents\Obsidian\Second_Brain\output\nec_2026_local_election_opencrab\github_repo_nec_2026_local_election_opencrab\supplements\official_gap_recovery_2026\direct_nec_downloads\markdown\920260603-2600-중구-더불어민주당-1-1.md,ok,2,743,,pymupdf,ok
920260603-2600-수영구-더불어민주당-1-1,부산광역시,기초의원비례대표선거,수영구,,더불어민주당,비례대표 정당 제출자료,https://policy.nec.go.kr/plc/common/downloadFile.do?requestedFileName=20260603_%EC%88%98%EC%98%81%EA%B5%AC_%EB%8D%94%EB%B6%88%EC%96%B4%EB%AF%BC%EC%A3%BC%EB%8B%B9_%EB%B9%84%EB%A1%80%EB%8C%80%ED%91%9C%20%EC%A0%95%EB%8B%B9%20%EC%A0%9C%EC%B6%9C%EC%9E%90%EB%A3%8C.pdf&requestedFullPath=20260603/PDF/PBINFO_PUB/2615/003_100_20260523_1.pdf,C:\Users\treyl\Documents\Obsidian\Second_Brain\output\nec_2026_local_election_opencrab\github_repo_nec_2026_local_election_opencrab\supplements\official_gap_recovery_2026\direct_nec_downloads\documents\920260603-2600-수영구-더불어민주당-1-1.pdf,downloaded,1987728,,C:\Users\treyl\Documents\Obsidian\Second_Brain\output\nec_2026_local_election_opencrab\github_repo_nec_2026_local_election_opencrab\supplements\official_gap_recovery_2026\direct_nec_downloads\markdown\920260603-2600-수영구-더불어민주당-1-1.md,ok,2,815,,pymupdf,ok
920260603-2600-사상구-더불어민주당-1-1,부산광역시,기초의원비례대표선거,사상구,,더불어민주당,비례대표 정당 제출자료,https://policy.nec.go.kr/plc/common/downloadFile.do?requestedFileName=20260603_%EC%82%AC%EC%83%81%EA%B5%AC_%EB%8D%94%EB%B6%88%EC%96%B4%EB%AF%BC%EC%A3%BC%EB%8B%B9_%EB%B9%84%EB%A1%80%EB%8C%80%ED%91%9C%20%EC%A0%95%EB%8B%B9%20%EC%A0%9C%EC%B6%9C%EC%9E%90%EB%A3%8C.pdf&requestedFullPath=20260603/PDF/PBINFO_PUB/2616/003_100_20260523_1.pdf,C:\Users\treyl\Documents\Obsidian\Second_Brain\output\nec_2026_local_election_opencrab\github_repo_nec_2026_local_election_opencrab\supplements\official_gap_recovery_2026\direct_nec_downloads\documents\920260603-2600-사상구-더불어민주당-1-1.pdf,downloaded,1855499,,C:\Users\treyl\Documents\Obsidian\Second_Brain\output\nec_2026_local_election_opencrab\github_repo_nec_2026_local_election_opencrab\supplements\official_gap_recovery_2026\direct_nec_downloads\markdown\920260603-2600-사상구-더불어민주당-1-1.md,ok,2,752,,pymupdf,ok
920260603-2600-사하구-더불어민주당-1-1,부산광역시,기초의원비례대표선거,사하구,,더불어민주당,비례대표 정당 제출자료,https://policy.nec.go.kr/plc/common/downloadFile.do?requestedFileName=20260603_%EC%82%AC%ED%95%98%EA%B5%AC_%EB%8D%94%EB%B6%88%EC%96%B4%EB%AF%BC%EC%A3%BC%EB%8B%B9_%EB%B9%84%EB%A1%80%EB%8C%80%ED%91%9C%20%EC%A0%95%EB%8B%B9%20%EC%A0%9C%EC%B6%9C%EC%9E%90%EB%A3%8C.pdf&requestedFullPath=20260603/PDF/PBINFO_PUB/2611/003_100_20260523_1.pdf,C:\Users\treyl\Documents\Obsidian\Second_Brain\output\nec_2026_local_election_opencrab\github_repo_nec_2026_local_election_opencrab\supplements\official_gap_recovery_2026\direct_nec_downloads\documents\920260603-2600-사하구-더불어민주당-1-1.pdf,downloaded,3670679,,C:\Users\treyl\Documents\Obsidian\Second_Brain\output\nec_2026_local_election_opencrab\github_repo_nec_2026_local_election_opencrab\supplements\official_gap_recovery_2026\direct_nec_downloads\markdown\920260603-2600-사하구-더불어민주당-1-1.md,ok,4,1017,,pymupdf,ok
920260603-2600-강서구-더불어민주당-1-1,부산광역시,기초의원비례대표선거,강서구,,더불어민주당,비례대표 정당 제출자료,https://policy.nec.go.kr/plc/common/downloadFile.do?requestedFileName=20260603_%EA%B0%95%EC%84%9C%EA%B5%AC_%EB%8D%94%EB%B6%88%EC%96%B4%EB%AF%BC%EC%A3%BC%EB%8B%B9_%EB%B9%84%EB%A1%80%EB%8C%80%ED%91%9C%20%EC%A0%95%EB%8B%B9%20%EC%A0%9C%EC%B6%9C%EC%9E%90%EB%A3%8C.pdf&requestedFullPath=20260603/PDF/PBINFO_PUB/2613/003_100_20260519_1.pdf,C:\Users\treyl\Documents\Obsidian\Second_Brain\output\nec_2026_local_election_opencrab\github_repo_nec_2026_local_election_opencrab\supplements\official_gap_recovery_2026\direct_nec_downloads\documents\920260603-2600-강서구-더불어민주당-1-1.pdf,downloaded,934723,,C:\Users\treyl\Documents\Obsidian\Second_Brain\output\nec_2026_local_election_opencrab\github_repo_nec_2026_local_election_opencrab\supplements\official_gap_recovery_2026\direct_nec_downloads\markdown\920260603-2600-강서구-더불어민주당-1-1.md,ok,2,691,,pymupdf,ok
920260603-2600-동구-더불어민주당-1-1,부산광역시,기초의원비례대표선거,동구,,더불어민주당,비례대표 정당 제출자료,https://policy.nec.go.kr/plc/common/downloadFile.do?requestedFileName=20260603_%EB%8F%99%EA%B5%AC_%EB%8D%94%EB%B6%88%EC%96%B4%EB%AF%BC%EC%A3%BC%EB%8B%B9_%EB%B9%84%EB%A1%80%EB%8C%80%ED%91%9C%20%EC%A0%95%EB%8B%B9%20%EC%A0%9C%EC%B6%9C%EC%9E%90%EB%A3%8C.pdf&requestedFullPath=20260603/PDF/PBINFO_PUB/2603/003_100_20260523_1.pdf,C:\Users\treyl\Documents\Obsidian\Second_Brain\output\nec_2026_local_election_opencrab\github_repo_nec_2026_local_election_opencrab\supplements\official_gap_recovery_2026\direct_nec_downloads\documents\920260603-2600-동구-더불어민주당-1-1.pdf,downloaded,1939881,,C:\Users\treyl\Documents\Obsidian\Second_Brain\output\nec_2026_local_election_opencrab\github_repo_nec_2026_local_election_opencrab\supplements\official_gap_recovery_2026\direct_nec_downloads\markdown\920260603-2600-동구-더불어민주당-1-1.md,ok,2,566,,pymupdf,ok
920260603-2600-영도구-국민의힘-1-1,부산광역시,기초의원비례대표선거,영도구,,국민의힘,비례대표 정당 제출자료,https://policy.nec.go.kr/plc/common/downloadFile.do?requestedFileName=20260603_%EC%98%81%EB%8F%84%EA%B5%AC_%EA%B5%AD%EB%AF%BC%EC%9D%98%ED%9E%98_%EB%B9%84%EB%A1%80%EB%8C%80%ED%91%9C%20%EC%A0%95%EB%8B%B9%20%EC%A0%9C%EC%B6%9C%EC%9E%90%EB%A3%8C.pdf&requestedFullPath=20260603/PDF/PBINFO_PUB/2604/003_200_20260522_1.pdf,C:\Users\treyl\Documents\Obsidian\Second_Brain\output\nec_2026_local_election_opencrab\github_repo_nec_2026_local_election_opencrab\supplements\official_gap_recovery_2026\direct_nec_downloads\documents\920260603-2600-영도구-국민의힘-1-1.pdf,downloaded,5600900,,C:\Users\treyl\Documents\Obsidian\Second_Brain\output\nec_2026_local_election_opencrab\github_repo_nec_2026_local_election_opencrab\supplements\official_gap_recovery_2026\direct_nec_downloads\markdown\920260603-2600-영도구-국민의힘-1-1.md,ok,2,246,,pymupdf,ok
920260603-2600-부산진구-국민의힘-1-1,부산광역시,기초의원비례대표선거,부산진구,,국민의힘,비례대표 정당 제출자료,https://policy.nec.go.kr/plc/common/downloadFile.do?requestedFileName=20260603_%EB%B6%80%EC%82%B0%EC%A7%84%EA%B5%AC_%EA%B5%AD%EB%AF%BC%EC%9D%98%ED%9E%98_%EB%B9%84%EB%A1%80%EB%8C%80%ED%91%9C%20%EC%A0%95%EB%8B%B9%20%EC%A0%9C%EC%B6%9C%EC%9E%90%EB%A3%8C.pdf&requestedFullPath=20260603/PDF/PBINFO_PUB/2605/003_200_20260523_1.pdf,C:\Users\treyl\Documents\Obsidian\Second_Brain\output\nec_2026_local_election_opencrab\github_repo_nec_2026_local_election_opencrab\supplements\official_gap_recovery_2026\direct_nec_downloads\documents\920260603-2600-부산진구-국민의힘-1-1.pdf,downloaded,1989566,,C:\Users\treyl\Documents\Obsidian\Second_Brain\output\nec_2026_local_election_opencrab\github_repo_nec_2026_local_election_opencrab\supplements\official_gap_recovery_2026\direct_nec_downloads\markdown\920260603-2600-부산진구-국민의힘-1-1.md,ok,2,817,,pymupdf,ok
920260603-2600-중구-국민의힘-1-1,부산광역시,기초의원비례대표선거,중구,,국민의힘,비례대표 정당 제출자료,https://policy.nec.go.kr/plc/common/downloadFile.do?requestedFileName=20260603_%EC%A4%91%EA%B5%AC_%EA%B5%AD%EB%AF%BC%EC%9D%98%ED%9E%98_%EB%B9%84%EB%A1%80%EB%8C%80%ED%91%9C%20%EC%A0%95%EB%8B%B9%20%EC%A0%9C%EC%B6%9C%EC%9E%90%EB%A3%8C.pdf&requestedFullPath=20260603/PDF/PBINFO_PUB/2601/003_200_20260523_1.pdf,C:\Users\treyl\Documents\Obsidian\Second_Brain\output\nec_2026_local_election_opencrab\github_repo_nec_2026_local_election_opencrab\supplements\official_gap_recovery_2026\direct_nec_downloads\documents\920260603-2600-중구-국민의힘-1-1.pdf,downloaded,5666932,,C:\Users\treyl\Documents\Obsidian\Second_Brain\output\nec_2026_local_election_opencrab\github_repo_nec_2026_local_election_opencrab\supplements\official_gap_recovery_2026\direct_nec_downloads\markdown\920260603-2600-중구-국민의힘-1-1.md,ok,2,348,,pymupdf,ok
920260603-2600-동구-국민의힘-1-1,부산광역시,기초의원비례대표선거,동구,,국민의힘,비례대표 정당 제출자료,https://policy.nec.go.kr/plc/common/downloadFile.do?requestedFileName=20260603_%EB%8F%99%EA%B5%AC_%EA%B5%AD%EB%AF%BC%EC%9D%98%ED%9E%98_%EB%B9%84%EB%A1%80%EB%8C%80%ED%91%9C%20%EC%A0%95%EB%8B%B9%20%EC%A0%9C%EC%B6%9C%EC%9E%90%EB%A3%8C.pdf&requestedFullPath=20260603/PDF/PBINFO_PUB/2603/003_200_20260523_1.pdf,C:\Users\treyl\Documents\Obsidian\Second_Brain\output\nec_2026_local_election_opencrab\github_repo_nec_2026_local_election_opencrab\supplements\official_gap_recovery_2026\direct_nec_downloads\documents\920260603-2600-동구-국민의힘-1-1.pdf,downloaded,6060789,,C:\Users\treyl\Documents\Obsidian\Second_Brain\output\nec_2026_local_election_opencrab\github_repo_nec_2026_local_election_opencrab\supplements\official_gap_recovery_2026\direct_nec_downloads\markdown\920260603-2600-동구-국민의힘-1-1.md,ok,2,24,,pymupdf,suspiciously_short_text
920260603-2600-기장군-국민의힘-1-1,부산광역시,기초의원비례대표선거,기장군,,국민의힘,비례대표 정당 제출자료,https://policy.nec.go.kr/plc/common/downloadFile.do?requestedFileName=20260603_%EA%B8%B0%EC%9E%A5%EA%B5%B0_%EA%B5%AD%EB%AF%BC%EC%9D%98%ED%9E%98_%EB%B9%84%EB%A1%80%EB%8C%80%ED%91%9C%20%EC%A0%95%EB%8B%B9%20%EC%A0%9C%EC%B6%9C%EC%9E%90%EB%A3%8C.pdf&requestedFullPath=20260603/PDF/PBINFO_PUB/2610/003_200_20260522_1.pdf,C:\Users\treyl\Documents\Obsidian\Second_Brain\output\nec_2026_local_election_opencrab\github_repo_nec_2026_local_election_opencrab\supplements\official_gap_recovery_2026\direct_nec_downloads\documents\920260603-2600-기장군-국민의힘-1-1.pdf,downloaded,477475,,C:\Users\treyl\Documents\Obsidian\Second_Brain\output\nec_2026_local_election_opencrab\github_repo_nec_2026_local_election_opencrab\supplements\official_gap_recovery_2026\direct_nec_downloads\markdown\920260603-2600-기장군-국민의힘-1-1.md,ok,2,961,,pymupdf,ok
920260603-2600-사하구-국민의힘-1-1,부산광역시,기초의원비례대표선거,사하구,,국민의힘,비례대표 정당 제출자료,https://policy.nec.go.kr/plc/common/downloadFile.do?requestedFileName=20260603_%EC%82%AC%ED%95%98%EA%B5%AC_%EA%B5%AD%EB%AF%BC%EC%9D%98%ED%9E%98_%EB%B9%84%EB%A1%80%EB%8C%80%ED%91%9C%20%EC%A0%95%EB%8B%B9%20%EC%A0%9C%EC%B6%9C%EC%9E%90%EB%A3%8C.pdf&requestedFullPath=20260603/PDF/PBINFO_PUB/2611/003_200_20260523_1.pdf,C:\Users\treyl\Documents\Obsidian\Second_Brain\output\nec_2026_local_election_opencrab\github_repo_nec_2026_local_election_opencrab\supplements\official_gap_recovery_2026\direct_nec_downloads\documents\920260603-2600-사하구-국민의힘-1-1.pdf,downloaded,2797205,,C:\Users\treyl\Documents\Obsidian\Second_Brain\output\nec_2026_local_election_opencrab\github_repo_nec_2026_local_election_opencrab\supplements\official_gap_recovery_2026\direct_nec_downloads\markdown\920260603-2600-사하구-국민의힘-1-1.md,ok,2,24,,pymupdf,suspiciously_short_text
920260603-2600-사상구-국민의힘-1-1,부산광역시,기초의원비례대표선거,사상구,,국민의힘,비례대표 정당 제출자료,https://policy.nec.go.kr/plc/common/downloadFile.do?requestedFileName=20260603_%EC%82%AC%EC%83%81%EA%B5%AC_%EA%B5%AD%EB%AF%BC%EC%9D%98%ED%9E%98_%EB%B9%84%EB%A1%80%EB%8C%80%ED%91%9C%20%EC%A0%95%EB%8B%B9%20%EC%A0%9C%EC%B6%9C%EC%9E%90%EB%A3%8C.pdf&requestedFullPath=20260603/PDF/PBINFO_PUB/2616/003_200_20260525_2.pdf,C:\Users\treyl\Documents\Obsidian\Second_Brain\output\nec_2026_local_election_opencrab\github_repo_nec_2026_local_election_opencrab\supplements\official_gap_recovery_2026\direct_nec_downloads\documents\920260603-2600-사상구-국민의힘-1-1.pdf,downloaded,233996,,C:\Users\treyl\Documents\Obsidian\Second_Brain\output\nec_2026_local_election_opencrab\github_repo_nec_2026_local_election_opencrab\supplements\official_gap_recovery_2026\direct_nec_downloads\markdown\920260603-2600-사상구-국민의힘-1-1.md,ok,2,445,,pymupdf,ok
920260603-2600-강서구-국민의힘-1-1,부산광역시,기초의원비례대표선거,강서구,,국민의힘,비례대표 정당 제출자료,https://policy.nec.go.kr/plc/common/downloadFile.do?requestedFileName=20260603_%EA%B0%95%EC%84%9C%EA%B5%AC_%EA%B5%AD%EB%AF%BC%EC%9D%98%ED%9E%98_%EB%B9%84%EB%A1%80%EB%8C%80%ED%91%9C%20%EC%A0%95%EB%8B%B9%20%EC%A0%9C%EC%B6%9C%EC%9E%90%EB%A3%8C.pdf&requestedFullPath=20260603/PDF/PBINFO_PUB/2613/003_200_20260522_1.pdf,C:\Users\treyl\Documents\Obsidian\Second_Brain\output\nec_2026_local_election_opencrab\github_repo_nec_2026_local_election_opencrab\supplements\official_gap_recovery_2026\direct_nec_downloads\documents\920260603-2600-강서구-국민의힘-1-1.pdf,downloaded,4862918,,C:\Users\treyl\Documents\Obsidian\Second_Brain\output\nec_2026_local_election_opencrab\github_repo_nec_2026_local_election_opencrab\supplements\official_gap_recovery_2026\direct_nec_downloads\markdown\920260603-2600-강서구-국민의힘-1-1.md,ok,4,2608,,pymupdf,ok
920260603-2700-남구-더불어민주당-1-1,대구광역시,기초의원비례대표선거,남구,,더불어민주당,비례대표 정당 제출자료,https://policy.nec.go.kr/plc/common/downloadFile.do?requestedFileName=20260603_%EB%82%A8%EA%B5%AC_%EB%8D%94%EB%B6%88%EC%96%B4%EB%AF%BC%EC%A3%BC%EB%8B%B9_%EB%B9%84%EB%A1%80%EB%8C%80%ED%91%9C%20%EC%A0%95%EB%8B%B9%20%EC%A0%9C%EC%B6%9C%EC%9E%90%EB%A3%8C.pdf&requestedFullPath=20260603/PDF/PBINFO_PUB/2704/003_100_20260519_1.pdf,C:\Users\treyl\Documents\Obsidian\Second_Brain\output\nec_2026_local_election_opencrab\github_repo_nec_2026_local_election_opencrab\supplements\official_gap_recovery_2026\direct_nec_downloads\documents\920260603-2700-남구-더불어민주당-1-1.pdf,downloaded,1053537,,C:\Users\treyl\Documents\Obsidian\Second_Brain\output\nec_2026_local_election_opencrab\github_repo_nec_2026_local_election_opencrab\supplements\official_gap_recovery_2026\direct_nec_downloads\markdown\920260603-2700-남구-더불어민주당-1-1.md,ok,4,1083,,pymupdf,ok
920260603-2700-동구-더불어민주당-1-1,대구광역시,기초의원비례대표선거,동구,,더불어민주당,비례대표 정당 제출자료,https://policy.nec.go.kr/plc/common/downloadFile.do?requestedFileName=20260603_%EB%8F%99%EA%B5%AC_%EB%8D%94%EB%B6%88%EC%96%B4%EB%AF%BC%EC%A3%BC%EB%8B%B9_%EB%B9%84%EB%A1%80%EB%8C%80%ED%91%9C%20%EC%A0%95%EB%8B%B9%20%EC%A0%9C%EC%B6%9C%EC%9E%90%EB%A3%8C.pdf&requestedFullPath=20260603/PDF/PBINFO_PUB/2702/003_100_20260518_1.pdf,C:\Users\treyl\Documents\Obsidian\Second_Brain\output\nec_2026_local_election_opencrab\github_repo_nec_2026_local_election_opencrab\supplements\official_gap_recovery_2026\direct_nec_downloads\documents\920260603-2700-동구-더불어민주당-1-1.pdf,downloaded,1047441,,C:\Users\treyl\Documents\Obsidian\Second_Brain\output\nec_2026_local_election_opencrab\github_repo_nec_2026_local_election_opencrab\supplements\official_gap_recovery_2026\direct_nec_downloads\markdown\920260603-2700-동구-더불어민주당-1-1.md,ok,4,902,,pymupdf,ok
920260603-2700-수성구-더불어민주당-1-1,대구광역시,기초의원비례대표선거,수성구,,더불어민주당,비례대표 정당 제출자료,https://policy.nec.go.kr/plc/common/downloadFile.do?requestedFileName=20260603_%EC%88%98%EC%84%B1%EA%B5%AC_%EB%8D%94%EB%B6%88%EC%96%B4%EB%AF%BC%EC%A3%BC%EB%8B%B9_%EB%B9%84%EB%A1%80%EB%8C%80%ED%91%9C%20%EC%A0%95%EB%8B%B9%20%EC%A0%9C%EC%B6%9C%EC%9E%90%EB%A3%8C.pdf&requestedFullPath=20260603/PDF/PBINFO_PUB/2706/003_100_20260523_1.pdf,C:\Users\treyl\Documents\Obsidian\Second_Brain\output\nec_2026_local_election_opencrab\github_repo_nec_2026_local_election_opencrab\supplements\official_gap_recovery_2026\direct_nec_downloads\documents\920260603-2700-수성구-더불어민주당-1-1.pdf,downloaded,1063230,,C:\Users\treyl\Documents\Obsidian\Second_Brain\output\nec_2026_local_election_opencrab\github_repo_nec_2026_local_election_opencrab\supplements\official_gap_recovery_2026\direct_nec_downloads\markdown\920260603-2700-수성구-더불어민주당-1-1.md,ok,4,974,,pymupdf,ok
920260603-2700-중구-더불어민주당-1-1,대구광역시,기초의원비례대표선거,중구,,더불어민주당,비례대표 정당 제출자료,https://policy.nec.go.kr/plc/common/downloadFile.do?requestedFileName=20260603_%EC%A4%91%EA%B5%AC_%EB%8D%94%EB%B6%88%EC%96%B4%EB%AF%BC%EC%A3%BC%EB%8B%B9_%EB%B9%84%EB%A1%80%EB%8C%80%ED%91%9C%20%EC%A0%95%EB%8B%B9%20%EC%A0%9C%EC%B6%9C%EC%9E%90%EB%A3%8C.pdf&requestedFullPath=20260603/PDF/PBINFO_PUB/2701/003_100_20260518_1.pdf,C:\Users\treyl\Documents\Obsidian\Second_Brain\output\nec_2026_local_election_opencrab\github_repo_nec_2026_local_election_opencrab\supplements\official_gap_recovery_2026\direct_nec_downloads\documents\920260603-2700-중구-더불어민주당-1-1.pdf,downloaded,1051769,,C:\Users\treyl\Documents\Obsidian\Second_Brain\output\nec_2026_local_election_opencrab\github_repo_nec_2026_local_election_opencrab\supplements\official_gap_recovery_2026\direct_nec_downloads\markdown\920260603-2700-중구-더불어민주당-1-1.md,ok,4,1027,,pymupdf,ok
920260603-2700-서구-더불어민주당-1-1,대구광역시,기초의원비례대표선거,서구,,더불어민주당,비례대표 정당 제출자료,https://policy.nec.go.kr/plc/common/downloadFile.do?requestedFileName=20260603_%EC%84%9C%EA%B5%AC_%EB%8D%94%EB%B6%88%EC%96%B4%EB%AF%BC%EC%A3%BC%EB%8B%B9_%EB%B9%84%EB%A1%80%EB%8C%80%ED%91%9C%20%EC%A0%95%EB%8B%B9%20%EC%A0%9C%EC%B6%9C%EC%9E%90%EB%A3%8C.pdf&requestedFullPath=20260603/PDF/PBINFO_PUB/2703/003_100_20260522_1.pdf,C:\Users\treyl\Documents\Obsidian\Second_Brain\output\nec_2026_local_election_opencrab\github_repo_nec_2026_local_election_opencrab\supplements\official_gap_recovery_2026\direct_nec_downloads\documents\920260603-2700-서구-더불어민주당-1-1.pdf,downloaded,8237980,,C:\Users\treyl\Documents\Obsidian\Second_Brain\output\nec_2026_local_election_opencrab\github_repo_nec_2026_local_election_opencrab\supplements\official_gap_recovery_2026\direct_nec_downloads\markdown\920260603-2700-서구-더불어민주당-1-1.md,ok,2,24,,pymupdf,suspiciously_short_text
920260603-2800-영종구-더불어민주당-1-1,인천광역시,기초의원비례대표선거,영종구,,더불어민주당,비례대표 정당 제출자료,https://policy.nec.go.kr/plc/common/downloadFile.do?requestedFileName=20260603_%EC%98%81%EC%A2%85%EA%B5%AC_%EB%8D%94%EB%B6%88%EC%96%B4%EB%AF%BC%EC%A3%BC%EB%8B%B9_%EB%B9%84%EB%A1%80%EB%8C%80%ED%91%9C%20%EC%A0%95%EB%8B%B9%20%EC%A0%9C%EC%B6%9C%EC%9E%90%EB%A3%8C.pdf&requestedFullPath=20260603/PDF/PBINFO_PUB/2811/003_100_20260516_1.pdf,C:\Users\treyl\Documents\Obsidian\Second_Brain\output\nec_2026_local_election_opencrab\github_repo_nec_2026_local_election_opencrab\supplements\official_gap_recovery_2026\direct_nec_downloads\documents\920260603-2800-영종구-더불어민주당-1-1.pdf,downloaded,3268998,,C:\Users\treyl\Documents\Obsidian\Second_Brain\output\nec_2026_local_election_opencrab\github_repo_nec_2026_local_election_opencrab\supplements\official_gap_recovery_2026\direct_nec_downloads\markdown\920260603-2800-영종구-더불어민주당-1-1.md,ok,8,3168,,pymupdf,ok
920260603-2800-계양구-더불어민주당-1-1,인천광역시,기초의원비례대표선거,계양구,,더불어민주당,비례대표 정당 제출자료,https://policy.nec.go.kr/plc/common/downloadFile.do?requestedFileName=20260603_%EA%B3%84%EC%96%91%EA%B5%AC_%EB%8D%94%EB%B6%88%EC%96%B4%EB%AF%BC%EC%A3%BC%EB%8B%B9_%EB%B9%84%EB%A1%80%EB%8C%80%ED%91%9C%20%EC%A0%95%EB%8B%B9%20%EC%A0%9C%EC%B6%9C%EC%9E%90%EB%A3%8C.pdf&requestedFullPath=20260603/PDF/PBINFO_PUB/2807/003_100_20260522_1.pdf,C:\Users\treyl\Documents\Obsidian\Second_Brain\output\nec_2026_local_election_opencrab\github_repo_nec_2026_local_election_opencrab\supplements\official_gap_recovery_2026\direct_nec_downloads\documents\920260603-2800-계양구-더불어민주당-1-1.pdf,downloaded,4735041,,C:\Users\treyl\Documents\Obsidian\Second_Brain\output\nec_2026_local_election_opencrab\github_repo_nec_2026_local_election_opencrab\supplements\official_gap_recovery_2026\direct_nec_downloads\markdown\920260603-2800-계양구-더불어민주당-1-1.md,ok,8,3427,,pymupdf,ok
920260603-2800-옹진군-더불어민주당-1-1,인천광역시,기초의원비례대표선거,옹진군,,더불어민주당,비례대표 정당 제출자료,https://policy.nec.go.kr/plc/common/downloadFile.do?requestedFileName=20260603_%EC%98%B9%EC%A7%84%EA%B5%B0_%EB%8D%94%EB%B6%88%EC%96%B4%EB%AF%BC%EC%A3%BC%EB%8B%B9_%EB%B9%84%EB%A1%80%EB%8C%80%ED%91%9C%20%EC%A0%95%EB%8B%B9%20%EC%A0%9C%EC%B6%9C%EC%9E%90%EB%A3%8C.pdf&requestedFullPath=20260603/PDF/PBINFO_PUB/2810/003_100_20260520_1.pdf,C:\Users\treyl\Documents\Obsidian\Second_Brain\output\nec_2026_local_election_opencrab\github_repo_nec_2026_local_election_opencrab\supplements\official_gap_recovery_2026\direct_nec_downloads\documents\920260603-2800-옹진군-더불어민주당-1-1.pdf,downloaded,4709885,,C:\Users\treyl\Documents\Obsidian\Second_Brain\output\nec_2026_local_election_opencrab\github_repo_nec_2026_local_election_opencrab\supplements\official_gap_recovery_2026\direct_nec_downloads\markdown\920260603-2800-옹진군-더불어민주당-1-1.md,ok,8,3183,,pymupdf,ok
920260603-2800-제물포구-더불어민주당-1-1,인천광역시,기초의원비례대표선거,제물포구,,더불어민주당,비례대표 정당 제출자료,https://policy.nec.go.kr/plc/common/downloadFile.do?requestedFileName=20260603_%EC%A0%9C%EB%AC%BC%ED%8F%AC%EA%B5%AC_%EB%8D%94%EB%B6%88%EC%96%B4%EB%AF%BC%EC%A3%BC%EB%8B%B9_%EB%B9%84%EB%A1%80%EB%8C%80%ED%91%9C%20%EC%A0%95%EB%8B%B9%20%EC%A0%9C%EC%B6%9C%EC%9E%90%EB%A3%8C.pdf&requestedFullPath=20260603/PDF/PBINFO_PUB/2812/003_100_20260521_1.pdf,C:\Users\treyl\Documents\Obsidian\Second_Brain\output\nec_2026_local_election_opencrab\github_repo_nec_2026_local_election_opencrab\supplements\official_gap_recovery_2026\direct_nec_downloads\documents\920260603-2800-제물포구-더불어민주당-1-1.pdf,downloaded,2447174,,C:\Users\treyl\Documents\Obsidian\Second_Brain\output\nec_2026_local_election_opencrab\github_repo_nec_2026_local_election_opencrab\supplements\official_gap_recovery_2026\direct_nec_downloads\markdown\920260603-2800-제물포구-더불어민주당-1-1.md,ok,8,3381,,pymupdf,ok
920260603-2800-부평구-더불어민주당-1-1,인천광역시,기초의원비례대표선거,부평구,,더불어민주당,비례대표 정당 제출자료,https://policy.nec.go.kr/plc/common/downloadFile.do?requestedFileName=20260603_%EB%B6%80%ED%8F%89%EA%B5%AC_%EB%8D%94%EB%B6%88%EC%96%B4%EB%AF%BC%EC%A3%BC%EB%8B%B9_%EB%B9%84%EB%A1%80%EB%8C%80%ED%91%9C%20%EC%A0%95%EB%8B%B9%20%EC%A0%9C%EC%B6%9C%EC%9E%90%EB%A3%8C.pdf&requestedFullPath=20260603/PDF/PBINFO_PUB/2806/003_100_20260517_1.pdf,C:\Users\treyl\Documents\Obsidian\Second_Brain\output\nec_2026_local_election_opencrab\github_repo_nec_2026_local_election_opencrab\supplements\official_gap_recovery_2026\direct_nec_downloads\documents\920260603-2800-부평구-더불어민주당-1-1.pdf,downloaded,4258631,,C:\Users\treyl\Documents\Obsidian\Second_Brain\output\nec_2026_local_election_opencrab\github_repo_nec_2026_local_election_opencrab\supplements\official_gap_recovery_2026\direct_nec_downloads\markdown\920260603-2800-부평구-더불어민주당-1-1.md,ok,8,3482,,pymupdf,ok
920260603-2800-강화군-더불어민주당-1-1,인천광역시,기초의원비례대표선거,강화군,,더불어민주당,비례대표 정당 제출자료,https://policy.nec.go.kr/plc/common/downloadFile.do?requestedFileName=20260603_%EA%B0%95%ED%99%94%EA%B5%B0_%EB%8D%94%EB%B6%88%EC%96%B4%EB%AF%BC%EC%A3%BC%EB%8B%B9_%EB%B9%84%EB%A1%80%EB%8C%80%ED%91%9C%20%EC%A0%95%EB%8B%B9%20%EC%A0%9C%EC%B6%9C%EC%9E%90%EB%A3%8C.pdf&requestedFullPath=20260603/PDF/PBINFO_PUB/2809/003_100_20260523_1.pdf,C:\Users\treyl\Documents\Obsidian\Second_Brain\output\nec_2026_local_election_opencrab\github_repo_nec_2026_local_election_opencrab\supplements\official_gap_recovery_2026\direct_nec_downloads\documents\920260603-2800-강화군-더불어민주당-1-1.pdf,downloaded,3641135,,C:\Users\treyl\Documents\Obsidian\Second_Brain\output\nec_2026_local_election_opencrab\github_repo_nec_2026_local_election_opencrab\supplements\official_gap_recovery_2026\direct_nec_downloads\markdown\920260603-2800-강화군-더불어민주당-1-1.md,ok,8,3296,,pymupdf,ok
920260603-2800-부평구-국민의힘-1-1,인천광역시,기초의원비례대표선거,부평구,,국민의힘,비례대표 정당 제출자료,https://policy.nec.go.kr/plc/common/downloadFile.do?requestedFileName=20260603_%EB%B6%80%ED%8F%89%EA%B5%AC_%EA%B5%AD%EB%AF%BC%EC%9D%98%ED%9E%98_%EB%B9%84%EB%A1%80%EB%8C%80%ED%91%9C%20%EC%A0%95%EB%8B%B9%20%EC%A0%9C%EC%B6%9C%EC%9E%90%EB%A3%8C.pdf&requestedFullPath=20260603/PDF/PBINFO_PUB/2806/003_200_20260517_1.pdf,C:\Users\treyl\Documents\Obsidian\Second_Brain\output\nec_2026_local_election_opencrab\github_repo_nec_2026_local_election_opencrab\supplements\official_gap_recovery_2026\direct_nec_downloads\documents\920260603-2800-부평구-국민의힘-1-1.pdf,downloaded,9712063,,C:\Users\treyl\Documents\Obsidian\Second_Brain\output\nec_2026_local_election_opencrab\github_repo_nec_2026_local_election_opencrab\supplements\official_gap_recovery_2026\direct_nec_downloads\markdown\920260603-2800-부평구-국민의힘-1-1.md,ok,8,1901,,pymupdf,ok
920260603-2800-옹진군-국민의힘-1-1,인천광역시,기초의원비례대표선거,옹진군,,국민의힘,비례대표 정당 제출자료,https://policy.nec.go.kr/plc/common/downloadFile.do?requestedFileName=20260603_%EC%98%B9%EC%A7%84%EA%B5%B0_%EA%B5%AD%EB%AF%BC%EC%9D%98%ED%9E%98_%EB%B9%84%EB%A1%80%EB%8C%80%ED%91%9C%20%EC%A0%95%EB%8B%B9%20%EC%A0%9C%EC%B6%9C%EC%9E%90%EB%A3%8C.pdf&requestedFullPath=20260603/PDF/PBINFO_PUB/2810/003_200_20260520_1.pdf,C:\Users\treyl\Documents\Obsidian\Second_Brain\output\nec_2026_local_election_opencrab\github_repo_nec_2026_local_election_opencrab\supplements\official_gap_recovery_2026\direct_nec_downloads\documents\920260603-2800-옹진군-국민의힘-1-1.pdf,downloaded,9630835,,C:\Users\treyl\Documents\Obsidian\Second_Brain\output\nec_2026_local_election_opencrab\github_repo_nec_2026_local_election_opencrab\supplements\official_gap_recovery_2026\direct_nec_downloads\markdown\920260603-2800-옹진군-국민의힘-1-1.md,ok,8,1802,,pymupdf,ok
920260603-2800-제물포구-국민의힘-1-1,인천광역시,기초의원비례대표선거,제물포구,,국민의힘,비례대표 정당 제출자료,https://policy.nec.go.kr/plc/common/downloadFile.do?requestedFileName=20260603_%EC%A0%9C%EB%AC%BC%ED%8F%AC%EA%B5%AC_%EA%B5%AD%EB%AF%BC%EC%9D%98%ED%9E%98_%EB%B9%84%EB%A1%80%EB%8C%80%ED%91%9C%20%EC%A0%95%EB%8B%B9%20%EC%A0%9C%EC%B6%9C%EC%9E%90%EB%A3%8C.pdf&requestedFullPath=20260603/PDF/PBINFO_PUB/2812/003_200_20260521_1.pdf,C:\Users\treyl\Documents\Obsidian\Second_Brain\output\nec_2026_local_election_opencrab\github_repo_nec_2026_local_election_opencrab\supplements\official_gap_recovery_2026\direct_nec_downloads\documents\920260603-2800-제물포구-국민의힘-1-1.pdf,downloaded,9696601,,C:\Users\treyl\Documents\Obsidian\Second_Brain\output\nec_2026_local_election_opencrab\github_repo_nec_2026_local_election_opencrab\supplements\official_gap_recovery_2026\direct_nec_downloads\markdown\920260603-2800-제물포구-국민의힘-1-1.md,ok,8,1835,,pymupdf,ok
920260603-2800-계양구-국민의힘-1-1,인천광역시,기초의원비례대표선거,계양구,,국민의힘,비례대표 정당 제출자료,https://policy.nec.go.kr/plc/common/downloadFile.do?requestedFileName=20260603_%EA%B3%84%EC%96%91%EA%B5%AC_%EA%B5%AD%EB%AF%BC%EC%9D%98%ED%9E%98_%EB%B9%84%EB%A1%80%EB%8C%80%ED%91%9C%20%EC%A0%95%EB%8B%B9%20%EC%A0%9C%EC%B6%9C%EC%9E%90%EB%A3%8C.pdf&requestedFullPath=20260603/PDF/PBINFO_PUB/2807/003_200_20260522_1.pdf,C:\Users\treyl\Documents\Obsidian\Second_Brain\output\nec_2026_local_election_opencrab\github_repo_nec_2026_local_election_opencrab\supplements\official_gap_recovery_2026\direct_nec_downloads\documents\920260603-2800-계양구-국민의힘-1-1.pdf,downloaded,9645408,,C:\Users\treyl\Documents\Obsidian\Second_Brain\output\nec_2026_local_election_opencrab\github_repo_nec_2026_local_election_opencrab\supplements\official_gap_recovery_2026\direct_nec_downloads\markdown\920260603-2800-계양구-국민의힘-1-1.md,ok,8,1816,,pymupdf,ok
920260603-2800-영종구-국민의힘-1-1,인천광역시,기초의원비례대표선거,영종구,,국민의힘,비례대표 정당 제출자료,https://policy.nec.go.kr/plc/common/downloadFile.do?requestedFileName=20260603_%EC%98%81%EC%A2%85%EA%B5%AC_%EA%B5%AD%EB%AF%BC%EC%9D%98%ED%9E%98_%EB%B9%84%EB%A1%80%EB%8C%80%ED%91%9C%20%EC%A0%95%EB%8B%B9%20%EC%A0%9C%EC%B6%9C%EC%9E%90%EB%A3%8C.pdf&requestedFullPath=20260603/PDF/PBINFO_PUB/2811/003_200_20260516_1.pdf,C:\Users\treyl\Documents\Obsidian\Second_Brain\output\nec_2026_local_election_opencrab\github_repo_nec_2026_local_election_opencrab\supplements\official_gap_recovery_2026\direct_nec_downloads\documents\920260603-2800-영종구-국민의힘-1-1.pdf,downloaded,9700629,,C:\Users\treyl\Documents\Obsidian\Second_Brain\output\nec_2026_local_election_opencrab\github_repo_nec_2026_local_election_opencrab\supplements\official_gap_recovery_2026\direct_nec_downloads\markdown\920260603-2800-영종구-국민의힘-1-1.md,ok,8,1837,,pymupdf,ok
920260603-2800-강화군-국민의힘-1-1,인천광역시,기초의원비례대표선거,강화군,,국민의힘,비례대표 정당 제출자료,https://policy.nec.go.kr/plc/common/downloadFile.do?requestedFileName=20260603_%EA%B0%95%ED%99%94%EA%B5%B0_%EA%B5%AD%EB%AF%BC%EC%9D%98%ED%9E%98_%EB%B9%84%EB%A1%80%EB%8C%80%ED%91%9C%20%EC%A0%95%EB%8B%B9%20%EC%A0%9C%EC%B6%9C%EC%9E%90%EB%A3%8C.pdf&requestedFullPath=20260603/PDF/PBINFO_PUB/2809/003_200_20260523_1.pdf,C:\Users\treyl\Documents\Obsidian\Second_Brain\output\nec_2026_local_election_opencrab\github_repo_nec_2026_local_election_opencrab\supplements\official_gap_recovery_2026\direct_nec_downloads\documents\920260603-2800-강화군-국민의힘-1-1.pdf,downloaded,9666965,,C:\Users\treyl\Documents\Obsidian\Second_Brain\output\nec_2026_local_election_opencrab\github_repo_nec_2026_local_election_opencrab\supplements\official_gap_recovery_2026\direct_nec_downloads\markdown\920260603-2800-강화군-국민의힘-1-1.md,ok,8,1800,,pymupdf,ok
920260603-2900-북구-더불어민주당-1-1,광주광역시,기초의원비례대표선거,북구,,더불어민주당,비례대표 정당 제출자료,https://policy.nec.go.kr/plc/common/downloadFile.do?requestedFileName=20260603_%EB%B6%81%EA%B5%AC_%EB%8D%94%EB%B6%88%EC%96%B4%EB%AF%BC%EC%A3%BC%EB%8B%B9_%EB%B9%84%EB%A1%80%EB%8C%80%ED%91%9C%20%EC%A0%95%EB%8B%B9%20%EC%A0%9C%EC%B6%9C%EC%9E%90%EB%A3%8C.pdf&requestedFullPath=20260603/PDF/PBINFO_PUB/2904/003_100_20260523_1.pdf,C:\Users\treyl\Documents\Obsidian\Second_Brain\output\nec_2026_local_election_opencrab\github_repo_nec_2026_local_election_opencrab\supplements\official_gap_recovery_2026\direct_nec_downloads\documents\920260603-2900-북구-더불어민주당-1-1.pdf,downloaded,386940,,C:\Users\treyl\Documents\Obsidian\Second_Brain\output\nec_2026_local_election_opencrab\github_repo_nec_2026_local_election_opencrab\supplements\official_gap_recovery_2026\direct_nec_downloads\markdown\920260603-2900-북구-더불어민주당-1-1.md,ok,4,54,,pymupdf,suspiciously_short_text
920260603-2900-남구-더불어민주당-1-1,광주광역시,기초의원비례대표선거,남구,,더불어민주당,비례대표 정당 제출자료,https://policy.nec.go.kr/plc/common/downloadFile.do?requestedFileName=20260603_%EB%82%A8%EA%B5%AC_%EB%8D%94%EB%B6%88%EC%96%B4%EB%AF%BC%EC%A3%BC%EB%8B%B9_%EB%B9%84%EB%A1%80%EB%8C%80%ED%91%9C%20%EC%A0%95%EB%8B%B9%20%EC%A0%9C%EC%B6%9C%EC%9E%90%EB%A3%8C.pdf&requestedFullPath=20260603/PDF/PBINFO_PUB/2903/003_100_20260524_2.pdf,C:\Users\treyl\Documents\Obsidian\Second_Brain\output\nec_2026_local_election_opencrab\github_repo_nec_2026_local_election_opencrab\supplements\official_gap_recovery_2026\direct_nec_downloads\documents\920260603-2900-남구-더불어민주당-1-1.pdf,downloaded,1415353,,C:\Users\treyl\Documents\Obsidian\Second_Brain\output\nec_2026_local_election_opencrab\github_repo_nec_2026_local_election_opencrab\supplements\official_gap_recovery_2026\direct_nec_downloads\markdown\920260603-2900-남구-더불어민주당-1-1.md,ok,4,843,,pymupdf,ok
920260603-2900-서구-더불어민주당-1-0,광주광역시,기초의원비례대표선거,서구,,더불어민주당,비례대표 정당 제출자료,https://policy.nec.go.kr/plc/common/downloadFile.do?requestedFileName=20260603_%EC%84%9C%EA%B5%AC_%EB%8D%94%EB%B6%88%EC%96%B4%EB%AF%BC%EC%A3%BC%EB%8B%B9_%EB%B9%84%EB%A1%80%EB%8C%80%ED%91%9C%20%EC%A0%95%EB%8B%B9%20%EC%A0%9C%EC%B6%9C%EC%9E%90%EB%A3%8C.pdf&requestedFullPath=20260603/PDF/PBINFO_PUB/2902/003_100_20260524_1.pdf,C:\Users\treyl\Documents\Obsidian\Second_Brain\output\nec_2026_local_election_opencrab\github_repo_nec_2026_local_election_opencrab\supplements\official_gap_recovery_2026\direct_nec_downloads\documents\920260603-2900-서구-더불어민주당-1-0.pdf,downloaded,1439988,,C:\Users\treyl\Documents\Obsidian\Second_Brain\output\nec_2026_local_election_opencrab\github_repo_nec_2026_local_election_opencrab\supplements\official_gap_recovery_2026\direct_nec_downloads\markdown\920260603-2900-서구-더불어민주당-1-0.md,ok,4,892,,pymupdf,ok
920260603-2900-광산구-더불어민주당-1-1,광주광역시,기초의원비례대표선거,광산구,,더불어민주당,비례대표 정당 제출자료,https://policy.nec.go.kr/plc/common/downloadFile.do?requestedFileName=20260603_%EA%B4%91%EC%82%B0%EA%B5%AC_%EB%8D%94%EB%B6%88%EC%96%B4%EB%AF%BC%EC%A3%BC%EB%8B%B9_%EB%B9%84%EB%A1%80%EB%8C%80%ED%91%9C%20%EC%A0%95%EB%8B%B9%20%EC%A0%9C%EC%B6%9C%EC%9E%90%EB%A3%8C.pdf&requestedFullPath=20260603/PDF/PBINFO_PUB/2905/003_100_20260522_1.pdf,C:\Users\treyl\Documents\Obsidian\Second_Brain\output\nec_2026_local_election_opencrab\github_repo_nec_2026_local_election_opencrab\supplements\official_gap_recovery_2026\direct_nec_downloads\documents\920260603-2900-광산구-더불어민주당-1-1.pdf,downloaded,1582157,,C:\Users\treyl\Documents\Obsidian\Second_Brain\output\nec_2026_local_election_opencrab\github_repo_nec_2026_local_election_opencrab\supplements\official_gap_recovery_2026\direct_nec_downloads\markdown\920260603-2900-광산구-더불어민주당-1-1.md,ok,4,800,,pymupdf,ok
920260603-2900-북구-조국혁신당-1-1,광주광역시,기초의원비례대표선거,북구,,조국혁신당,비례대표 정당 제출자료,https://policy.nec.go.kr/plc/common/downloadFile.do?requestedFileName=20260603_%EB%B6%81%EA%B5%AC_%EC%A1%B0%EA%B5%AD%ED%98%81%EC%8B%A0%EB%8B%B9_%EB%B9%84%EB%A1%80%EB%8C%80%ED%91%9C%20%EC%A0%95%EB%8B%B9%20%EC%A0%9C%EC%B6%9C%EC%9E%90%EB%A3%8C.pdf&requestedFullPath=20260603/PDF/PBINFO_PUB/2904/003_5077_20260523_2.pdf,C:\Users\treyl\Documents\Obsidian\Second_Brain\output\nec_2026_local_election_opencrab\github_repo_nec_2026_local_election_opencrab\supplements\official_gap_recovery_2026\direct_nec_downloads\documents\920260603-2900-북구-조국혁신당-1-1.pdf,downloaded,1383723,,C:\Users\treyl\Documents\Obsidian\Second_Brain\output\nec_2026_local_election_opencrab\github_repo_nec_2026_local_election_opencrab\supplements\official_gap_recovery_2026\direct_nec_downloads\markdown\920260603-2900-북구-조국혁신당-1-1.md,ok,2,24,,pymupdf,suspiciously_short_text
920260603-2900-남구-조국혁신당-1-1,광주광역시,기초의원비례대표선거,남구,,조국혁신당,비례대표 정당 제출자료,https://policy.nec.go.kr/plc/common/downloadFile.do?requestedFileName=20260603_%EB%82%A8%EA%B5%AC_%EC%A1%B0%EA%B5%AD%ED%98%81%EC%8B%A0%EB%8B%B9_%EB%B9%84%EB%A1%80%EB%8C%80%ED%91%9C%20%EC%A0%95%EB%8B%B9%20%EC%A0%9C%EC%B6%9C%EC%9E%90%EB%A3%8C.pdf&requestedFullPath=20260603/PDF/PBINFO_PUB/2903/003_5077_20260524_2.pdf,C:\Users\treyl\Documents\Obsidian\Second_Brain\output\nec_2026_local_election_opencrab\github_repo_nec_2026_local_election_opencrab\supplements\official_gap_recovery_2026\direct_nec_downloads\documents\920260603-2900-남구-조국혁신당-1-1.pdf,downloaded,12943362,,C:\Users\treyl\Documents\Obsidian\Second_Brain\output\nec_2026_local_election_opencrab\github_repo_nec_2026_local_election_opencrab\supplements\official_gap_recovery_2026\direct_nec_downloads\markdown\920260603-2900-남구-조국혁신당-1-1.md,ok,2,24,,pymupdf,suspiciously_short_text
920260603-2900-서구-조국혁신당-1-0,광주광역시,기초의원비례대표선거,서구,,조국혁신당,비례대표 정당 제출자료,https://policy.nec.go.kr/plc/common/downloadFile.do?requestedFileName=20260603_%EC%84%9C%EA%B5%AC_%EC%A1%B0%EA%B5%AD%ED%98%81%EC%8B%A0%EB%8B%B9_%EB%B9%84%EB%A1%80%EB%8C%80%ED%91%9C%20%EC%A0%95%EB%8B%B9%20%EC%A0%9C%EC%B6%9C%EC%9E%90%EB%A3%8C.pdf&requestedFullPath=20260603/PDF/PBINFO_PUB/2902/003_5077_20260524_1.pdf,C:\Users\treyl\Documents\Obsidian\Second_Brain\output\nec_2026_local_election_opencrab\github_repo_nec_2026_local_election_opencrab\supplements\official_gap_recovery_2026\direct_nec_downloads\documents\920260603-2900-서구-조국혁신당-1-0.pdf,downloaded,662868,,C:\Users\treyl\Documents\Obsidian\Second_Brain\output\nec_2026_local_election_opencrab\github_repo_nec_2026_local_election_opencrab\supplements\official_gap_recovery_2026\direct_nec_downloads\markdown\920260603-2900-서구-조국혁신당-1-0.md,ok,1,9,,pymupdf,suspiciously_short_text
920260603-2900-광산구-조국혁신당-1-1,광주광역시,기초의원비례대표선거,광산구,,조국혁신당,비례대표 정당 제출자료,https://policy.nec.go.kr/plc/common/downloadFile.do?requestedFileName=20260603_%EA%B4%91%EC%82%B0%EA%B5%AC_%EC%A1%B0%EA%B5%AD%ED%98%81%EC%8B%A0%EB%8B%B9_%EB%B9%84%EB%A1%80%EB%8C%80%ED%91%9C%20%EC%A0%95%EB%8B%B9%20%EC%A0%9C%EC%B6%9C%EC%9E%90%EB%A3%8C.pdf&requestedFullPath=20260603/PDF/PBINFO_PUB/2905/003_5077_20260522_1.pdf,C:\Users\treyl\Documents\Obsidian\Second_Brain\output\nec_2026_local_election_opencrab\github_repo_nec_2026_local_election_opencrab\supplements\official_gap_recovery_2026\direct_nec_downloads\documents\920260603-2900-광산구-조국혁신당-1-1.pdf,downloaded,13230511,,C:\Users\treyl\Documents\Obsidian\Second_Brain\output\nec_2026_local_election_opencrab\github_repo_nec_2026_local_election_opencrab\supplements\official_gap_recovery_2026\direct_nec_downloads\markdown\920260603-2900-광산구-조국혁신당-1-1.md,ok,1,9,,pymupdf,suspiciously_short_text
920260603-2900-서구-진보당-1-0,광주광역시,기초의원비례대표선거,서구,,진보당,비례대표 정당 제출자료,https://policy.nec.go.kr/plc/common/downloadFile.do?requestedFileName=20260603_%EC%84%9C%EA%B5%AC_%EC%A7%84%EB%B3%B4%EB%8B%B9_%EB%B9%84%EB%A1%80%EB%8C%80%ED%91%9C%20%EC%A0%95%EB%8B%B9%20%EC%A0%9C%EC%B6%9C%EC%9E%90%EB%A3%8C.pdf&requestedFullPath=20260603/PDF/PBINFO_PUB/2902/003_5010_20260524_1.pdf,C:\Users\treyl\Documents\Obsidian\Second_Brain\output\nec_2026_local_election_opencrab\github_repo_nec_2026_local_election_opencrab\supplements\official_gap_recovery_2026\direct_nec_downloads\documents\920260603-2900-서구-진보당-1-0.pdf,downloaded,1629621,,C:\Users\treyl\Documents\Obsidian\Second_Brain\output\nec_2026_local_election_opencrab\github_repo_nec_2026_local_election_opencrab\supplements\official_gap_recovery_2026\direct_nec_downloads\markdown\920260603-2900-서구-진보당-1-0.md,ok,2,713,,pymupdf,ok
920260603-2900-남구-진보당-1-1,광주광역시,기초의원비례대표선거,남구,,진보당,비례대표 정당 제출자료,https://policy.nec.go.kr/plc/common/downloadFile.do?requestedFileName=20260603_%EB%82%A8%EA%B5%AC_%EC%A7%84%EB%B3%B4%EB%8B%B9_%EB%B9%84%EB%A1%80%EB%8C%80%ED%91%9C%20%EC%A0%95%EB%8B%B9%20%EC%A0%9C%EC%B6%9C%EC%9E%90%EB%A3%8C.pdf&requestedFullPath=20260603/PDF/PBINFO_PUB/2903/003_5010_20260523_1.pdf,C:\Users\treyl\Documents\Obsidian\Second_Brain\output\nec_2026_local_election_opencrab\github_repo_nec_2026_local_election_opencrab\supplements\official_gap_recovery_2026\direct_nec_downloads\documents\920260603-2900-남구-진보당-1-1.pdf,downloaded,9236741,,C:\Users\treyl\Documents\Obsidian\Second_Brain\output\nec_2026_local_election_opencrab\github_repo_nec_2026_local_election_opencrab\supplements\official_gap_recovery_2026\direct_nec_downloads\markdown\920260603-2900-남구-진보당-1-1.md,ok,2,799,,pymupdf,ok
920260603-2900-북구-진보당-1-1,광주광역시,기초의원비례대표선거,북구,,진보당,비례대표 정당 제출자료,https://policy.nec.go.kr/plc/common/downloadFile.do?requestedFileName=20260603_%EB%B6%81%EA%B5%AC_%EC%A7%84%EB%B3%B4%EB%8B%B9_%EB%B9%84%EB%A1%80%EB%8C%80%ED%91%9C%20%EC%A0%95%EB%8B%B9%20%EC%A0%9C%EC%B6%9C%EC%9E%90%EB%A3%8C.pdf&requestedFullPath=20260603/PDF/PBINFO_PUB/2904/003_5010_20260523_2.pdf,C:\Users\treyl\Documents\Obsidian\Second_Brain\output\nec_2026_local_election_opencrab\github_repo_nec_2026_local_election_opencrab\supplements\official_gap_recovery_2026\direct_nec_downloads\documents\920260603-2900-북구-진보당-1-1.pdf,downloaded,1483018,,C:\Users\treyl\Documents\Obsidian\Second_Brain\output\nec_2026_local_election_opencrab\github_repo_nec_2026_local_election_opencrab\supplements\official_gap_recovery_2026\direct_nec_downloads\markdown\920260603-2900-북구-진보당-1-1.md,ok,6,84,,pymupdf,suspiciously_short_text
920260603-2900-광산구-진보당-1-1,광주광역시,기초의원비례대표선거,광산구,,진보당,비례대표 정당 제출자료,https://policy.nec.go.kr/plc/common/downloadFile.do?requestedFileName=20260603_%EA%B4%91%EC%82%B0%EA%B5%AC_%EC%A7%84%EB%B3%B4%EB%8B%B9_%EB%B9%84%EB%A1%80%EB%8C%80%ED%91%9C%20%EC%A0%95%EB%8B%B9%20%EC%A0%9C%EC%B6%9C%EC%9E%90%EB%A3%8C.pdf&requestedFullPath=20260603/PDF/PBINFO_PUB/2905/003_5010_20260522_1.pdf,C:\Users\treyl\Documents\Obsidian\Second_Brain\output\nec_2026_local_election_opencrab\github_repo_nec_2026_local_election_opencrab\supplements\official_gap_recovery_2026\direct_nec_downloads\documents\920260603-2900-광산구-진보당-1-1.pdf,downloaded,1270548,,C:\Users\treyl\Documents\Obsidian\Second_Brain\output\nec_2026_local_election_opencrab\github_repo_nec_2026_local_election_opencrab\supplements\official_gap_recovery_2026\direct_nec_downloads\markdown\920260603-2900-광산구-진보당-1-1.md,ok,2,2789,,pymupdf,ok
920260603-3000-서구-더불어민주당-1-1,대전광역시,기초의원비례대표선거,서구,,더불어민주당,비례대표 정당 제출자료,https://policy.nec.go.kr/plc/common/downloadFile.do?requestedFileName=20260603_%EC%84%9C%EA%B5%AC_%EB%8D%94%EB%B6%88%EC%96%B4%EB%AF%BC%EC%A3%BC%EB%8B%B9_%EB%B9%84%EB%A1%80%EB%8C%80%ED%91%9C%20%EC%A0%95%EB%8B%B9%20%EC%A0%9C%EC%B6%9C%EC%9E%90%EB%A3%8C.pdf&requestedFullPath=20260603/PDF/PBINFO_PUB/3003/003_100_20260522_1.pdf,C:\Users\treyl\Documents\Obsidian\Second_Brain\output\nec_2026_local_election_opencrab\github_repo_nec_2026_local_election_opencrab\supplements\official_gap_recovery_2026\direct_nec_downloads\documents\920260603-3000-서구-더불어민주당-1-1.pdf,downloaded,558839,,C:\Users\treyl\Documents\Obsidian\Second_Brain\output\nec_2026_local_election_opencrab\github_repo_nec_2026_local_election_opencrab\supplements\official_gap_recovery_2026\direct_nec_downloads\markdown\920260603-3000-서구-더불어민주당-1-1.md,ok,4,1038,,pymupdf,ok
920260603-3000-중구-더불어민주당-1-1,대전광역시,기초의원비례대표선거,중구,,더불어민주당,비례대표 정당 제출자료,https://policy.nec.go.kr/plc/common/downloadFile.do?requestedFileName=20260603_%EC%A4%91%EA%B5%AC_%EB%8D%94%EB%B6%88%EC%96%B4%EB%AF%BC%EC%A3%BC%EB%8B%B9_%EB%B9%84%EB%A1%80%EB%8C%80%ED%91%9C%20%EC%A0%95%EB%8B%B9%20%EC%A0%9C%EC%B6%9C%EC%9E%90%EB%A3%8C.pdf&requestedFullPath=20260603/PDF/PBINFO_PUB/3002/003_100_20260522_1.pdf,C:\Users\treyl\Documents\Obsidian\Second_Brain\output\nec_2026_local_election_opencrab\github_repo_nec_2026_local_election_opencrab\supplements\official_gap_recovery_2026\direct_nec_downloads\documents\920260603-3000-중구-더불어민주당-1-1.pdf,downloaded,2536892,,C:\Users\treyl\Documents\Obsidian\Second_Brain\output\nec_2026_local_election_opencrab\github_repo_nec_2026_local_election_opencrab\supplements\official_gap_recovery_2026\direct_nec_downloads\markdown\920260603-3000-중구-더불어민주당-1-1.md,ok,4,1214,,pymupdf,ok
920260603-3000-유성구-더불어민주당-1-1,대전광역시,기초의원비례대표선거,유성구,,더불어민주당,비례대표 정당 제출자료,https://policy.nec.go.kr/plc/common/downloadFile.do?requestedFileName=20260603_%EC%9C%A0%EC%84%B1%EA%B5%AC_%EB%8D%94%EB%B6%88%EC%96%B4%EB%AF%BC%EC%A3%BC%EB%8B%B9_%EB%B9%84%EB%A1%80%EB%8C%80%ED%91%9C%20%EC%A0%95%EB%8B%B9%20%EC%A0%9C%EC%B6%9C%EC%9E%90%EB%A3%8C.pdf&requestedFullPath=20260603/PDF/PBINFO_PUB/3004/003_100_20260517_1.pdf,C:\Users\treyl\Documents\Obsidian\Second_Brain\output\nec_2026_local_election_opencrab\github_repo_nec_2026_local_election_opencrab\supplements\official_gap_recovery_2026\direct_nec_downloads\documents\920260603-3000-유성구-더불어민주당-1-1.pdf,downloaded,15965815,,C:\Users\treyl\Documents\Obsidian\Second_Brain\output\nec_2026_local_election_opencrab\github_repo_nec_2026_local_election_opencrab\supplements\official_gap_recovery_2026\direct_nec_downloads\markdown\920260603-3000-유성구-더불어민주당-1-1.md,ok,4,1790,,pymupdf,ok
920260603-3000-동구-더불어민주당-1-1,대전광역시,기초의원비례대표선거,동구,,더불어민주당,비례대표 정당 제출자료,https://policy.nec.go.kr/plc/common/downloadFile.do?requestedFileName=20260603_%EB%8F%99%EA%B5%AC_%EB%8D%94%EB%B6%88%EC%96%B4%EB%AF%BC%EC%A3%BC%EB%8B%B9_%EB%B9%84%EB%A1%80%EB%8C%80%ED%91%9C%20%EC%A0%95%EB%8B%B9%20%EC%A0%9C%EC%B6%9C%EC%9E%90%EB%A3%8C.pdf&requestedFullPath=20260603/PDF/PBINFO_PUB/3001/003_100_20260517_1.pdf,C:\Users\treyl\Documents\Obsidian\Second_Brain\output\nec_2026_local_election_opencrab\github_repo_nec_2026_local_election_opencrab\supplements\official_gap_recovery_2026\direct_nec_downloads\documents\920260603-3000-동구-더불어민주당-1-1.pdf,downloaded,3089697,,C:\Users\treyl\Documents\Obsidian\Second_Brain\output\nec_2026_local_election_opencrab\github_repo_nec_2026_local_election_opencrab\supplements\official_gap_recovery_2026\direct_nec_downloads\markdown\920260603-3000-동구-더불어민주당-1-1.md,ok,4,1553,,pymupdf,ok
920260603-3000-대덕구-더불어민주당-1-1,대전광역시,기초의원비례대표선거,대덕구,,더불어민주당,비례대표 정당 제출자료,https://policy.nec.go.kr/plc/common/downloadFile.do?requestedFileName=20260603_%EB%8C%80%EB%8D%95%EA%B5%AC_%EB%8D%94%EB%B6%88%EC%96%B4%EB%AF%BC%EC%A3%BC%EB%8B%B9_%EB%B9%84%EB%A1%80%EB%8C%80%ED%91%9C%20%EC%A0%95%EB%8B%B9%20%EC%A0%9C%EC%B6%9C%EC%9E%90%EB%A3%8C.pdf&requestedFullPath=20260603/PDF/PBINFO_PUB/3005/003_100_20260523_2.pdf,C:\Users\treyl\Documents\Obsidian\Second_Brain\output\nec_2026_local_election_opencrab\github_repo_nec_2026_local_election_opencrab\supplements\official_gap_recovery_2026\direct_nec_downloads\documents\920260603-3000-대덕구-더불어민주당-1-1.pdf,downloaded,530057,,C:\Users\treyl\Documents\Obsidian\Second_Brain\output\nec_2026_local_election_opencrab\github_repo_nec_2026_local_election_opencrab\supplements\official_gap_recovery_2026\direct_nec_downloads\markdown\920260603-3000-대덕구-더불어민주당-1-1.md,ok,4,962,,pymupdf,ok
920260603-3000-대덕구-국민의힘-1-1,대전광역시,기초의원비례대표선거,대덕구,,국민의힘,비례대표 정당 제출자료,https://policy.nec.go.kr/plc/common/downloadFile.do?requestedFileName=20260603_%EB%8C%80%EB%8D%95%EA%B5%AC_%EA%B5%AD%EB%AF%BC%EC%9D%98%ED%9E%98_%EB%B9%84%EB%A1%80%EB%8C%80%ED%91%9C%20%EC%A0%95%EB%8B%B9%20%EC%A0%9C%EC%B6%9C%EC%9E%90%EB%A3%8C.pdf&requestedFullPath=20260603/PDF/PBINFO_PUB/3005/003_200_20260523_1.pdf,C:\Users\treyl\Documents\Obsidian\Second_Brain\output\nec_2026_local_election_opencrab\github_repo_nec_2026_local_election_opencrab\supplements\official_gap_recovery_2026\direct_nec_downloads\documents\920260603-3000-대덕구-국민의힘-1-1.pdf,downloaded,710551,,C:\Users\treyl\Documents\Obsidian\Second_Brain\output\nec_2026_local_election_opencrab\github_repo_nec_2026_local_election_opencrab\supplements\official_gap_recovery_2026\direct_nec_downloads\markdown\920260603-3000-대덕구-국민의힘-1-1.md,ok,2,560,,pymupdf,ok
920260603-3000-서구-국민의힘-1-1,대전광역시,기초의원비례대표선거,서구,,국민의힘,비례대표 정당 제출자료,https://policy.nec.go.kr/plc/common/downloadFile.do?requestedFileName=20260603_%EC%84%9C%EA%B5%AC_%EA%B5%AD%EB%AF%BC%EC%9D%98%ED%9E%98_%EB%B9%84%EB%A1%80%EB%8C%80%ED%91%9C%20%EC%A0%95%EB%8B%B9%20%EC%A0%9C%EC%B6%9C%EC%9E%90%EB%A3%8C.pdf&requestedFullPath=20260603/PDF/PBINFO_PUB/3003/003_200_20260522_1.pdf,C:\Users\treyl\Documents\Obsidian\Second_Brain\output\nec_2026_local_election_opencrab\github_repo_nec_2026_local_election_opencrab\supplements\official_gap_recovery_2026\direct_nec_downloads\documents\920260603-3000-서구-국민의힘-1-1.pdf,downloaded,10043894,,C:\Users\treyl\Documents\Obsidian\Second_Brain\output\nec_2026_local_election_opencrab\github_repo_nec_2026_local_election_opencrab\supplements\official_gap_recovery_2026\direct_nec_downloads\markdown\920260603-3000-서구-국민의힘-1-1.md,ok,8,2596,,pymupdf,ok
920260603-3000-중구-국민의힘-1-1,대전광역시,기초의원비례대표선거,중구,,국민의힘,비례대표 정당 제출자료,https://policy.nec.go.kr/plc/common/downloadFile.do?requestedFileName=20260603_%EC%A4%91%EA%B5%AC_%EA%B5%AD%EB%AF%BC%EC%9D%98%ED%9E%98_%EB%B9%84%EB%A1%80%EB%8C%80%ED%91%9C%20%EC%A0%95%EB%8B%B9%20%EC%A0%9C%EC%B6%9C%EC%9E%90%EB%A3%8C.pdf&requestedFullPath=20260603/PDF/PBINFO_PUB/3002/003_200_20260522_1.pdf,C:\Users\treyl\Documents\Obsidian\Second_Brain\output\nec_2026_local_election_opencrab\github_repo_nec_2026_local_election_opencrab\supplements\official_gap_recovery_2026\direct_nec_downloads\documents\920260603-3000-중구-국민의힘-1-1.pdf,downloaded,4940149,,C:\Users\treyl\Documents\Obsidian\Second_Brain\output\nec_2026_local_election_opencrab\github_repo_nec_2026_local_election_opencrab\supplements\official_gap_recovery_2026\direct_nec_downloads\markdown\920260603-3000-중구-국민의힘-1-1.md,ok,4,1319,,pymupdf,ok
920260603-3000-동구-국민의힘-1-1,대전광역시,기초의원비례대표선거,동구,,국민의힘,비례대표 정당 제출자료,https://policy.nec.go.kr/plc/common/downloadFile.do?requestedFileName=20260603_%EB%8F%99%EA%B5%AC_%EA%B5%AD%EB%AF%BC%EC%9D%98%ED%9E%98_%EB%B9%84%EB%A1%80%EB%8C%80%ED%91%9C%20%EC%A0%95%EB%8B%B9%20%EC%A0%9C%EC%B6%9C%EC%9E%90%EB%A3%8C.pdf&requestedFullPath=20260603/PDF/PBINFO_PUB/3001/003_200_20260521_1.pdf,C:\Users\treyl\Documents\Obsidian\Second_Brain\output\nec_2026_local_election_opencrab\github_repo_nec_2026_local_election_opencrab\supplements\official_gap_recovery_2026\direct_nec_downloads\documents\920260603-3000-동구-국민의힘-1-1.pdf,downloaded,2114485,,C:\Users\treyl\Documents\Obsidian\Second_Brain\output\nec_2026_local_election_opencrab\github_repo_nec_2026_local_election_opencrab\supplements\official_gap_recovery_2026\direct_nec_downloads\markdown\920260603-3000-동구-국민의힘-1-1.md,ok,4,1783,,pymupdf,ok
920260603-3000-유성구-국민의힘-1-1,대전광역시,기초의원비례대표선거,유성구,,국민의힘,비례대표 정당 제출자료,https://policy.nec.go.kr/plc/common/downloadFile.do?requestedFileName=20260603_%EC%9C%A0%EC%84%B1%EA%B5%AC_%EA%B5%AD%EB%AF%BC%EC%9D%98%ED%9E%98_%EB%B9%84%EB%A1%80%EB%8C%80%ED%91%9C%20%EC%A0%95%EB%8B%B9%20%EC%A0%9C%EC%B6%9C%EC%9E%90%EB%A3%8C.pdf&requestedFullPath=20260603/PDF/PBINFO_PUB/3004/003_200_20260517_1.pdf,C:\Users\treyl\Documents\Obsidian\Second_Brain\output\nec_2026_local_election_opencrab\github_repo_nec_2026_local_election_opencrab\supplements\official_gap_recovery_2026\direct_nec_downloads\documents\920260603-3000-유성구-국민의힘-1-1.pdf,downloaded,1296198,,C:\Users\treyl\Documents\Obsidian\Second_Brain\output\nec_2026_local_election_opencrab\github_repo_nec_2026_local_election_opencrab\supplements\official_gap_recovery_2026\direct_nec_downloads\markdown\920260603-3000-유성구-국민의힘-1-1.md,ok,8,1072,,pymupdf,ok
920260603-3100-동구-더불어민주당-1-1,울산광역시,기초의원비례대표선거,동구,,더불어민주당,비례대표 정당 제출자료,https://policy.nec.go.kr/plc/common/downloadFile.do?requestedFileName=20260603_%EB%8F%99%EA%B5%AC_%EB%8D%94%EB%B6%88%EC%96%B4%EB%AF%BC%EC%A3%BC%EB%8B%B9_%EB%B9%84%EB%A1%80%EB%8C%80%ED%91%9C%20%EC%A0%95%EB%8B%B9%20%EC%A0%9C%EC%B6%9C%EC%9E%90%EB%A3%8C.pdf&requestedFullPath=20260603/PDF/PBINFO_PUB/3103/003_100_20260522_1.pdf,C:\Users\treyl\Documents\Obsidian\Second_Brain\output\nec_2026_local_election_opencrab\github_repo_nec_2026_local_election_opencrab\supplements\official_gap_recovery_2026\direct_nec_downloads\documents\920260603-3100-동구-더불어민주당-1-1.pdf,downloaded,2329378,,C:\Users\treyl\Documents\Obsidian\Second_Brain\output\nec_2026_local_election_opencrab\github_repo_nec_2026_local_election_opencrab\supplements\official_gap_recovery_2026\direct_nec_downloads\markdown\920260603-3100-동구-더불어민주당-1-1.md,ok,2,1385,,pymupdf,ok
920260603-3100-남구-더불어민주당-1-1,울산광역시,기초의원비례대표선거,남구,,더불어민주당,비례대표 정당 제출자료,https://policy.nec.go.kr/plc/common/downloadFile.do?requestedFileName=20260603_%EB%82%A8%EA%B5%AC_%EB%8D%94%EB%B6%88%EC%96%B4%EB%AF%BC%EC%A3%BC%EB%8B%B9_%EB%B9%84%EB%A1%80%EB%8C%80%ED%91%9C%20%EC%A0%95%EB%8B%B9%20%EC%A0%9C%EC%B6%9C%EC%9E%90%EB%A3%8C.pdf&requestedFullPath=20260603/PDF/PBINFO_PUB/3102/003_100_20260522_1.pdf,C:\Users\treyl\Documents\Obsidian\Second_Brain\output\nec_2026_local_election_opencrab\github_repo_nec_2026_local_election_opencrab\supplements\official_gap_recovery_2026\direct_nec_downloads\documents\920260603-3100-남구-더불어민주당-1-1.pdf,downloaded,2481037,,C:\Users\treyl\Documents\Obsidian\Second_Brain\output\nec_2026_local_election_opencrab\github_repo_nec_2026_local_election_opencrab\supplements\official_gap_recovery_2026\direct_nec_downloads\markdown\920260603-3100-남구-더불어민주당-1-1.md,ok,2,1419,,pymupdf,ok
920260603-3100-울주군-더불어민주당-1-1,울산광역시,기초의원비례대표선거,울주군,,더불어민주당,비례대표 정당 제출자료,https://policy.nec.go.kr/plc/common/downloadFile.do?requestedFileName=20260603_%EC%9A%B8%EC%A3%BC%EA%B5%B0_%EB%8D%94%EB%B6%88%EC%96%B4%EB%AF%BC%EC%A3%BC%EB%8B%B9_%EB%B9%84%EB%A1%80%EB%8C%80%ED%91%9C%20%EC%A0%95%EB%8B%B9%20%EC%A0%9C%EC%B6%9C%EC%9E%90%EB%A3%8C.pdf&requestedFullPath=20260603/PDF/PBINFO_PUB/3105/003_100_20260522_1.pdf,C:\Users\treyl\Documents\Obsidian\Second_Brain\output\nec_2026_local_election_opencrab\github_repo_nec_2026_local_election_opencrab\supplements\official_gap_recovery_2026\direct_nec_downloads\documents\920260603-3100-울주군-더불어민주당-1-1.pdf,downloaded,2277833,,C:\Users\treyl\Documents\Obsidian\Second_Brain\output\nec_2026_local_election_opencrab\github_repo_nec_2026_local_election_opencrab\supplements\official_gap_recovery_2026\direct_nec_downloads\markdown\920260603-3100-울주군-더불어민주당-1-1.md,ok,2,1474,,pymupdf,ok
920260603-3100-중구-더불어민주당-1-1,울산광역시,기초의원비례대표선거,중구,,더불어민주당,비례대표 정당 제출자료,https://policy.nec.go.kr/plc/common/downloadFile.do?requestedFileName=20260603_%EC%A4%91%EA%B5%AC_%EB%8D%94%EB%B6%88%EC%96%B4%EB%AF%BC%EC%A3%BC%EB%8B%B9_%EB%B9%84%EB%A1%80%EB%8C%80%ED%91%9C%20%EC%A0%95%EB%8B%B9%20%EC%A0%9C%EC%B6%9C%EC%9E%90%EB%A3%8C.pdf&requestedFullPath=20260603/PDF/PBINFO_PUB/3101/003_100_20260522_1.pdf,C:\Users\treyl\Documents\Obsidian\Second_Brain\output\nec_2026_local_election_opencrab\github_repo_nec_2026_local_election_opencrab\supplements\official_gap_recovery_2026\direct_nec_downloads\documents\920260603-3100-중구-더불어민주당-1-1.pdf,downloaded,2114918,,C:\Users\treyl\Documents\Obsidian\Second_Brain\output\nec_2026_local_election_opencrab\github_repo_nec_2026_local_election_opencrab\supplements\official_gap_recovery_2026\direct_nec_downloads\markdown\920260603-3100-중구-더불어민주당-1-1.md,ok,2,1325,,pymupdf,ok
920260603-3100-북구-더불어민주당-1-1,울산광역시,기초의원비례대표선거,북구,,더불어민주당,비례대표 정당 제출자료,https://policy.nec.go.kr/plc/common/downloadFile.do?requestedFileName=20260603_%EB%B6%81%EA%B5%AC_%EB%8D%94%EB%B6%88%EC%96%B4%EB%AF%BC%EC%A3%BC%EB%8B%B9_%EB%B9%84%EB%A1%80%EB%8C%80%ED%91%9C%20%EC%A0%95%EB%8B%B9%20%EC%A0%9C%EC%B6%9C%EC%9E%90%EB%A3%8C.pdf&requestedFullPath=20260603/PDF/PBINFO_PUB/3104/003_100_20260522_1.pdf,C:\Users\treyl\Documents\Obsidian\Second_Brain\output\nec_2026_local_election_opencrab\github_repo_nec_2026_local_election_opencrab\supplements\official_gap_recovery_2026\direct_nec_downloads\documents\920260603-3100-북구-더불어민주당-1-1.pdf,downloaded,1570697,,C:\Users\treyl\Documents\Obsidian\Second_Brain\output\nec_2026_local_election_opencrab\github_repo_nec_2026_local_election_opencrab\supplements\official_gap_recovery_2026\direct_nec_downloads\markdown\920260603-3100-북구-더불어민주당-1-1.md,ok,2,1400,,pymupdf,ok
920260603-3100-울주군-국민의힘-1-1,울산광역시,기초의원비례대표선거,울주군,,국민의힘,비례대표 정당 제출자료,https://policy.nec.go.kr/plc/common/downloadFile.do?requestedFileName=20260603_%EC%9A%B8%EC%A3%BC%EA%B5%B0_%EA%B5%AD%EB%AF%BC%EC%9D%98%ED%9E%98_%EB%B9%84%EB%A1%80%EB%8C%80%ED%91%9C%20%EC%A0%95%EB%8B%B9%20%EC%A0%9C%EC%B6%9C%EC%9E%90%EB%A3%8C.pdf&requestedFullPath=20260603/PDF/PBINFO_PUB/3105/003_200_20260522_1.pdf,C:\Users\treyl\Documents\Obsidian\Second_Brain\output\nec_2026_local_election_opencrab\github_repo_nec_2026_local_election_opencrab\supplements\official_gap_recovery_2026\direct_nec_downloads\documents\920260603-3100-울주군-국민의힘-1-1.pdf,downloaded,16032835,,C:\Users\treyl\Documents\Obsidian\Second_Brain\output\nec_2026_local_election_opencrab\github_repo_nec_2026_local_election_opencrab\supplements\official_gap_recovery_2026\direct_nec_downloads\markdown\920260603-3100-울주군-국민의힘-1-1.md,ok,4,1861,,pymupdf,ok
920260603-3100-동구-국민의힘-1-1,울산광역시,기초의원비례대표선거,동구,,국민의힘,비례대표 정당 제출자료,https://policy.nec.go.kr/plc/common/downloadFile.do?requestedFileName=20260603_%EB%8F%99%EA%B5%AC_%EA%B5%AD%EB%AF%BC%EC%9D%98%ED%9E%98_%EB%B9%84%EB%A1%80%EB%8C%80%ED%91%9C%20%EC%A0%95%EB%8B%B9%20%EC%A0%9C%EC%B6%9C%EC%9E%90%EB%A3%8C.pdf&requestedFullPath=20260603/PDF/PBINFO_PUB/3103/003_200_20260522_1.pdf,C:\Users\treyl\Documents\Obsidian\Second_Brain\output\nec_2026_local_election_opencrab\github_repo_nec_2026_local_election_opencrab\supplements\official_gap_recovery_2026\direct_nec_downloads\documents\920260603-3100-동구-국민의힘-1-1.pdf,downloaded,15159834,,C:\Users\treyl\Documents\Obsidian\Second_Brain\output\nec_2026_local_election_opencrab\github_repo_nec_2026_local_election_opencrab\supplements\official_gap_recovery_2026\direct_nec_downloads\markdown\920260603-3100-동구-국민의힘-1-1.md,ok,4,1570,,pymupdf,ok
920260603-3100-북구-국민의힘-1-1,울산광역시,기초의원비례대표선거,북구,,국민의힘,비례대표 정당 제출자료,https://policy.nec.go.kr/plc/common/downloadFile.do?requestedFileName=20260603_%EB%B6%81%EA%B5%AC_%EA%B5%AD%EB%AF%BC%EC%9D%98%ED%9E%98_%EB%B9%84%EB%A1%80%EB%8C%80%ED%91%9C%20%EC%A0%95%EB%8B%B9%20%EC%A0%9C%EC%B6%9C%EC%9E%90%EB%A3%8C.pdf&requestedFullPath=20260603/PDF/PBINFO_PUB/3104/003_200_20260522_1.pdf,C:\Users\treyl\Documents\Obsidian\Second_Brain\output\nec_2026_local_election_opencrab\github_repo_nec_2026_local_election_opencrab\supplements\official_gap_recovery_2026\direct_nec_downloads\documents\920260603-3100-북구-국민의힘-1-1.pdf,downloaded,19750565,,C:\Users\treyl\Documents\Obsidian\Second_Brain\output\nec_2026_local_election_opencrab\github_repo_nec_2026_local_election_opencrab\supplements\official_gap_recovery_2026\direct_nec_downloads\markdown\920260603-3100-북구-국민의힘-1-1.md,ok,4,888,,pymupdf,ok
920260603-3100-중구-국민의힘-1-1,울산광역시,기초의원비례대표선거,중구,,국민의힘,비례대표 정당 제출자료,https://policy.nec.go.kr/plc/common/downloadFile.do?requestedFileName=20260603_%EC%A4%91%EA%B5%AC_%EA%B5%AD%EB%AF%BC%EC%9D%98%ED%9E%98_%EB%B9%84%EB%A1%80%EB%8C%80%ED%91%9C%20%EC%A0%95%EB%8B%B9%20%EC%A0%9C%EC%B6%9C%EC%9E%90%EB%A3%8C.pdf&requestedFullPath=20260603/PDF/PBINFO_PUB/3101/003_200_20260522_1.pdf,C:\Users\treyl\Documents\Obsidian\Second_Brain\output\nec_2026_local_election_opencrab\github_repo_nec_2026_local_election_opencrab\supplements\official_gap_recovery_2026\direct_nec_downloads\documents\920260603-3100-중구-국민의힘-1-1.pdf,downloaded,14981744,,C:\Users\treyl\Documents\Obsidian\Second_Brain\output\nec_2026_local_election_opencrab\github_repo_nec_2026_local_election_opencrab\supplements\official_gap_recovery_2026\direct_nec_downloads\markdown\920260603-3100-중구-국민의힘-1-1.md,ok,4,1526,,pymupdf,ok
920260603-3100-남구-국민의힘-1-1,울산광역시,기초의원비례대표선거,남구,,국민의힘,비례대표 정당 제출자료,https://policy.nec.go.kr/plc/common/downloadFile.do?requestedFileName=20260603_%EB%82%A8%EA%B5%AC_%EA%B5%AD%EB%AF%BC%EC%9D%98%ED%9E%98_%EB%B9%84%EB%A1%80%EB%8C%80%ED%91%9C%20%EC%A0%95%EB%8B%B9%20%EC%A0%9C%EC%B6%9C%EC%9E%90%EB%A3%8C.pdf&requestedFullPath=20260603/PDF/PBINFO_PUB/3102/003_200_20260522_1.pdf,C:\Users\treyl\Documents\Obsidian\Second_Brain\output\nec_2026_local_election_opencrab\github_repo_nec_2026_local_election_opencrab\supplements\official_gap_recovery_2026\direct_nec_downloads\documents\920260603-3100-남구-국민의힘-1-1.pdf,downloaded,18583953,,C:\Users\treyl\Documents\Obsidian\Second_Brain\output\nec_2026_local_election_opencrab\github_repo_nec_2026_local_election_opencrab\supplements\official_gap_recovery_2026\direct_nec_downloads\markdown\920260603-3100-남구-국민의힘-1-1.md,ok,4,1666,,pymupdf,ok
920260603-3100-남구-진보당-1-1,울산광역시,기초의원비례대표선거,남구,,진보당,비례대표 정당 제출자료,https://policy.nec.go.kr/plc/common/downloadFile.do?requestedFileName=20260603_%EB%82%A8%EA%B5%AC_%EC%A7%84%EB%B3%B4%EB%8B%B9_%EB%B9%84%EB%A1%80%EB%8C%80%ED%91%9C%20%EC%A0%95%EB%8B%B9%20%EC%A0%9C%EC%B6%9C%EC%9E%90%EB%A3%8C.pdf&requestedFullPath=20260603/PDF/PBINFO_PUB/3102/003_5010_20260521_1.pdf,C:\Users\treyl\Documents\Obsidian\Second_Brain\output\nec_2026_local_election_opencrab\github_repo_nec_2026_local_election_opencrab\supplements\official_gap_recovery_2026\direct_nec_downloads\documents\920260603-3100-남구-진보당-1-1.pdf,downloaded,1737789,,C:\Users\treyl\Documents\Obsidian\Second_Brain\output\nec_2026_local_election_opencrab\github_repo_nec_2026_local_election_opencrab\supplements\official_gap_recovery_2026\direct_nec_downloads\markdown\920260603-3100-남구-진보당-1-1.md,ok,2,1016,,pymupdf,ok
920260603-3100-동구-진보당-1-1,울산광역시,기초의원비례대표선거,동구,,진보당,비례대표 정당 제출자료,https://policy.nec.go.kr/plc/common/downloadFile.do?requestedFileName=20260603_%EB%8F%99%EA%B5%AC_%EC%A7%84%EB%B3%B4%EB%8B%B9_%EB%B9%84%EB%A1%80%EB%8C%80%ED%91%9C%20%EC%A0%95%EB%8B%B9%20%EC%A0%9C%EC%B6%9C%EC%9E%90%EB%A3%8C.pdf&requestedFullPath=20260603/PDF/PBINFO_PUB/3103/003_5010_20260522_1.pdf,C:\Users\treyl\Documents\Obsidian\Second_Brain\output\nec_2026_local_election_opencrab\github_repo_nec_2026_local_election_opencrab\supplements\official_gap_recovery_2026\direct_nec_downloads\documents\920260603-3100-동구-진보당-1-1.pdf,downloaded,1430434,,C:\Users\treyl\Documents\Obsidian\Second_Brain\output\nec_2026_local_election_opencrab\github_repo_nec_2026_local_election_opencrab\supplements\official_gap_recovery_2026\direct_nec_downloads\markdown\920260603-3100-동구-진보당-1-1.md,ok,2,1017,,pymupdf,ok
920260603-4100-오산시-더불어민주당-1-1,경기도,기초의원비례대표선거,오산시,,더불어민주당,비례대표 정당 제출자료,https://policy.nec.go.kr/plc/common/downloadFile.do?requestedFileName=20260603_%EC%98%A4%EC%82%B0%EC%8B%9C_%EB%8D%94%EB%B6%88%EC%96%B4%EB%AF%BC%EC%A3%BC%EB%8B%B9_%EB%B9%84%EB%A1%80%EB%8C%80%ED%91%9C%20%EC%A0%95%EB%8B%B9%20%EC%A0%9C%EC%B6%9C%EC%9E%90%EB%A3%8C.pdf&requestedFullPath=20260603/PDF/PBINFO_PUB/4127/003_100_20260522_1.pdf,C:\Users\treyl\Documents\Obsidian\Second_Brain\output\nec_2026_local_election_opencrab\github_repo_nec_2026_local_election_opencrab\supplements\official_gap_recovery_2026\direct_nec_downloads\documents\920260603-4100-오산시-더불어민주당-1-1.pdf,downloaded,1217964,,C:\Users\treyl\Documents\Obsidian\Second_Brain\output\nec_2026_local_election_opencrab\github_repo_nec_2026_local_election_opencrab\supplements\official_gap_recovery_2026\direct_nec_downloads\markdown\920260603-4100-오산시-더불어민주당-1-1.md,ok,4,1068,,pymupdf,ok
920260603-4100-과천시-더불어민주당-1-1,경기도,기초의원비례대표선거,과천시,,더불어민주당,비례대표 정당 제출자료,https://policy.nec.go.kr/plc/common/downloadFile.do?requestedFileName=20260603_%EA%B3%BC%EC%B2%9C%EC%8B%9C_%EB%8D%94%EB%B6%88%EC%96%B4%EB%AF%BC%EC%A3%BC%EB%8B%B9_%EB%B9%84%EB%A1%80%EB%8C%80%ED%91%9C%20%EC%A0%95%EB%8B%B9%20%EC%A0%9C%EC%B6%9C%EC%9E%90%EB%A3%8C.pdf&requestedFullPath=20260603/PDF/PBINFO_PUB/4123/003_100_20260523_1.pdf,C:\Users\treyl\Documents\Obsidian\Second_Brain\output\nec_2026_local_election_opencrab\github_repo_nec_2026_local_election_opencrab\supplements\official_gap_recovery_2026\direct_nec_downloads\documents\920260603-4100-과천시-더불어민주당-1-1.pdf,downloaded,1575769,,C:\Users\treyl\Documents\Obsidian\Second_Brain\output\nec_2026_local_election_opencrab\github_repo_nec_2026_local_election_opencrab\supplements\official_gap_recovery_2026\direct_nec_downloads\markdown\920260603-4100-과천시-더불어민주당-1-1.md,ok,4,1140,,pymupdf,ok
920260603-4100-이천시-더불어민주당-1-1,경기도,기초의원비례대표선거,이천시,,더불어민주당,비례대표 정당 제출자료,https://policy.nec.go.kr/plc/common/downloadFile.do?requestedFileName=20260603_%EC%9D%B4%EC%B2%9C%EC%8B%9C_%EB%8D%94%EB%B6%88%EC%96%B4%EB%AF%BC%EC%A3%BC%EB%8B%B9_%EB%B9%84%EB%A1%80%EB%8C%80%ED%91%9C%20%EC%A0%95%EB%8B%B9%20%EC%A0%9C%EC%B6%9C%EC%9E%90%EB%A3%8C.pdf&requestedFullPath=20260603/PDF/PBINFO_PUB/4134/003_100_20260521_1.pdf,C:\Users\treyl\Documents\Obsidian\Second_Brain\output\nec_2026_local_election_opencrab\github_repo_nec_2026_local_election_opencrab\supplements\official_gap_recovery_2026\direct_nec_downloads\documents\920260603-4100-이천시-더불어민주당-1-1.pdf,downloaded,953924,,C:\Users\treyl\Documents\Obsidian\Second_Brain\output\nec_2026_local_election_opencrab\github_repo_nec_2026_local_election_opencrab\supplements\official_gap_recovery_2026\direct_nec_downloads\markdown\920260603-4100-이천시-더불어민주당-1-1.md,ok,4,54,,pymupdf,suspiciously_short_text
920260603-4100-의왕시-더불어민주당-1-1,경기도,기초의원비례대표선거,의왕시,,더불어민주당,비례대표 정당 제출자료,https://policy.nec.go.kr/plc/common/downloadFile.do?requestedFileName=20260603_%EC%9D%98%EC%99%95%EC%8B%9C_%EB%8D%94%EB%B6%88%EC%96%B4%EB%AF%BC%EC%A3%BC%EB%8B%B9_%EB%B9%84%EB%A1%80%EB%8C%80%ED%91%9C%20%EC%A0%95%EB%8B%B9%20%EC%A0%9C%EC%B6%9C%EC%9E%90%EB%A3%8C.pdf&requestedFullPath=20260603/PDF/PBINFO_PUB/4124/003_100_20260525_1.pdf,C:\Users\treyl\Documents\Obsidian\Second_Brain\output\nec_2026_local_election_opencrab\github_repo_nec_2026_local_election_opencrab\supplements\official_gap_recovery_2026\direct_nec_downloads\documents\920260603-4100-의왕시-더불어민주당-1-1.pdf,downloaded,1575611,,C:\Users\treyl\Documents\Obsidian\Second_Brain\output\nec_2026_local_election_opencrab\github_repo_nec_2026_local_election_opencrab\supplements\official_gap_recovery_2026\direct_nec_downloads\markdown\920260603-4100-의왕시-더불어민주당-1-1.md,ok,4,1110,,pymupdf,ok
920260603-4100-수원시-더불어민주당-1-1,경기도,기초의원비례대표선거,수원시,,더불어민주당,비례대표 정당 제출자료,https://policy.nec.go.kr/plc/common/downloadFile.do?requestedFileName=20260603_%EC%88%98%EC%9B%90%EC%8B%9C_%EB%8D%94%EB%B6%88%EC%96%B4%EB%AF%BC%EC%A3%BC%EB%8B%B9_%EB%B9%84%EB%A1%80%EB%8C%80%ED%91%9C%20%EC%A0%95%EB%8B%B9%20%EC%A0%9C%EC%B6%9C%EC%9E%90%EB%A3%8C.pdf&requestedFullPath=20260603/PDF/PBINFO_PUB/4103/003_100_20260525_2.pdf,C:\Users\treyl\Documents\Obsidian\Second_Brain\output\nec_2026_local_election_opencrab\github_repo_nec_2026_local_election_opencrab\supplements\official_gap_recovery_2026\direct_nec_downloads\documents\920260603-4100-수원시-더불어민주당-1-1.pdf,downloaded,1610216,,C:\Users\treyl\Documents\Obsidian\Second_Brain\output\nec_2026_local_election_opencrab\github_repo_nec_2026_local_election_opencrab\supplements\official_gap_recovery_2026\direct_nec_downloads\markdown\920260603-4100-수원시-더불어민주당-1-1.md,ok,4,1331,,pymupdf,ok
920260603-4100-포천시-더불어민주당-1-1,경기도,기초의원비례대표선거,포천시,,더불어민주당,비례대표 정당 제출자료,https://policy.nec.go.kr/plc/common/downloadFile.do?requestedFileName=20260603_%ED%8F%AC%EC%B2%9C%EC%8B%9C_%EB%8D%94%EB%B6%88%EC%96%B4%EB%AF%BC%EC%A3%BC%EB%8B%B9_%EB%B9%84%EB%A1%80%EB%8C%80%ED%91%9C%20%EC%A0%95%EB%8B%B9%20%EC%A0%9C%EC%B6%9C%EC%9E%90%EB%A3%8C.pdf&requestedFullPath=20260603/PDF/PBINFO_PUB/4141/003_100_20260523_1.pdf,C:\Users\treyl\Documents\Obsidian\Second_Brain\output\nec_2026_local_election_opencrab\github_repo_nec_2026_local_election_opencrab\supplements\official_gap_recovery_2026\direct_nec_downloads\documents\920260603-4100-포천시-더불어민주당-1-1.pdf,downloaded,1986342,,C:\Users\treyl\Documents\Obsidian\Second_Brain\output\nec_2026_local_election_opencrab\github_repo_nec_2026_local_election_opencrab\supplements\official_gap_recovery_2026\direct_nec_downloads\markdown\920260603-4100-포천시-더불어민주당-1-1.md,ok,2,1397,,pymupdf,ok
920260603-4100-여주시-더불어민주당-1-0,경기도,기초의원비례대표선거,여주시,,더불어민주당,비례대표 정당 제출자료,https://policy.nec.go.kr/plc/common/downloadFile.do?requestedFileName=20260603_%EC%97%AC%EC%A3%BC%EC%8B%9C_%EB%8D%94%EB%B6%88%EC%96%B4%EB%AF%BC%EC%A3%BC%EB%8B%B9_%EB%B9%84%EB%A1%80%EB%8C%80%ED%91%9C%20%EC%A0%95%EB%8B%B9%20%EC%A0%9C%EC%B6%9C%EC%9E%90%EB%A3%8C.pdf&requestedFullPath=20260603/PDF/PBINFO_PUB/4133/003_100_20260522_1.pdf,C:\Users\treyl\Documents\Obsidian\Second_Brain\output\nec_2026_local_election_opencrab\github_repo_nec_2026_local_election_opencrab\supplements\official_gap_recovery_2026\direct_nec_downloads\documents\920260603-4100-여주시-더불어민주당-1-0.pdf,downloaded,2272061,,C:\Users\treyl\Documents\Obsidian\Second_Brain\output\nec_2026_local_election_opencrab\github_repo_nec_2026_local_election_opencrab\supplements\official_gap_recovery_2026\direct_nec_downloads\markdown\920260603-4100-여주시-더불어민주당-1-0.md,ok,2,1336,,pymupdf,ok
920260603-4100-동두천시-더불어민주당-1-1,경기도,기초의원비례대표선거,동두천시,,더불어민주당,비례대표 정당 제출자료,https://policy.nec.go.kr/plc/common/downloadFile.do?requestedFileName=20260603_%EB%8F%99%EB%91%90%EC%B2%9C%EC%8B%9C_%EB%8D%94%EB%B6%88%EC%96%B4%EB%AF%BC%EC%A3%BC%EB%8B%B9_%EB%B9%84%EB%A1%80%EB%8C%80%ED%91%9C%20%EC%A0%95%EB%8B%B9%20%EC%A0%9C%EC%B6%9C%EC%9E%90%EB%A3%8C.pdf&requestedFullPath=20260603/PDF/PBINFO_PUB/4117/003_100_20260523_1.pdf,C:\Users\treyl\Documents\Obsidian\Second_Brain\output\nec_2026_local_election_opencrab\github_repo_nec_2026_local_election_opencrab\supplements\official_gap_recovery_2026\direct_nec_downloads\documents\920260603-4100-동두천시-더불어민주당-1-1.pdf,downloaded,1913841,,C:\Users\treyl\Documents\Obsidian\Second_Brain\output\nec_2026_local_election_opencrab\github_repo_nec_2026_local_election_opencrab\supplements\official_gap_recovery_2026\direct_nec_downloads\markdown\920260603-4100-동두천시-더불어민주당-1-1.md,ok,2,1362,,pymupdf,ok
920260603-4100-평택시-더불어민주당-1-1,경기도,기초의원비례대표선거,평택시,,더불어민주당,비례대표 정당 제출자료,https://policy.nec.go.kr/plc/common/downloadFile.do?requestedFileName=20260603_%ED%8F%89%ED%83%9D%EC%8B%9C_%EB%8D%94%EB%B6%88%EC%96%B4%EB%AF%BC%EC%A3%BC%EB%8B%B9_%EB%B9%84%EB%A1%80%EB%8C%80%ED%91%9C%20%EC%A0%95%EB%8B%B9%20%EC%A0%9C%EC%B6%9C%EC%9E%90%EB%A3%8C.pdf&requestedFullPath=20260603/PDF/PBINFO_PUB/4115/003_100_20260525_1.pdf,C:\Users\treyl\Documents\Obsidian\Second_Brain\output\nec_2026_local_election_opencrab\github_repo_nec_2026_local_election_opencrab\supplements\official_gap_recovery_2026\direct_nec_downloads\documents\920260603-4100-평택시-더불어민주당-1-1.pdf,downloaded,1632136,,C:\Users\treyl\Documents\Obsidian\Second_Brain\output\nec_2026_local_election_opencrab\github_repo_nec_2026_local_election_opencrab\supplements\official_gap_recovery_2026\direct_nec_downloads\markdown\920260603-4100-평택시-더불어민주당-1-1.md,ok,4,1234,,pymupdf,ok
920260603-4100-화성시-더불어민주당-1-1,경기도,기초의원비례대표선거,화성시,,더불어민주당,비례대표 정당 제출자료,https://policy.nec.go.kr/plc/common/downloadFile.do?requestedFileName=20260603_%ED%99%94%EC%84%B1%EC%8B%9C_%EB%8D%94%EB%B6%88%EC%96%B4%EB%AF%BC%EC%A3%BC%EB%8B%B9_%EB%B9%84%EB%A1%80%EB%8C%80%ED%91%9C%20%EC%A0%95%EB%8B%B9%20%EC%A0%9C%EC%B6%9C%EC%9E%90%EB%A3%8C.pdf&requestedFullPath=20260603/PDF/PBINFO_PUB/4153/003_100_20260523_1.pdf,C:\Users\treyl\Documents\Obsidian\Second_Brain\output\nec_2026_local_election_opencrab\github_repo_nec_2026_local_election_opencrab\supplements\official_gap_recovery_2026\direct_nec_downloads\documents\920260603-4100-화성시-더불어민주당-1-1.pdf,downloaded,1222992,,C:\Users\treyl\Documents\Obsidian\Second_Brain\output\nec_2026_local_election_opencrab\github_repo_nec_2026_local_election_opencrab\supplements\official_gap_recovery_2026\direct_nec_downloads\markdown\920260603-4100-화성시-더불어민주당-1-1.md,ok,2,1191,,pymupdf,ok
920260603-4100-연천군-더불어민주당-1-1,경기도,기초의원비례대표선거,연천군,,더불어민주당,비례대표 정당 제출자료,https://policy.nec.go.kr/plc/common/downloadFile.do?requestedFileName=20260603_%EC%97%B0%EC%B2%9C%EA%B5%B0_%EB%8D%94%EB%B6%88%EC%96%B4%EB%AF%BC%EC%A3%BC%EB%8B%B9_%EB%B9%84%EB%A1%80%EB%8C%80%ED%91%9C%20%EC%A0%95%EB%8B%B9%20%EC%A0%9C%EC%B6%9C%EC%9E%90%EB%A3%8C.pdf&requestedFullPath=20260603/PDF/PBINFO_PUB/4142/003_100_20260522_1.pdf,C:\Users\treyl\Documents\Obsidian\Second_Brain\output\nec_2026_local_election_opencrab\github_repo_nec_2026_local_election_opencrab\supplements\official_gap_recovery_2026\direct_nec_downloads\documents\920260603-4100-연천군-더불어민주당-1-1.pdf,downloaded,1167081,,C:\Users\treyl\Documents\Obsidian\Second_Brain\output\nec_2026_local_election_opencrab\github_repo_nec_2026_local_election_opencrab\supplements\official_gap_recovery_2026\direct_nec_downloads\markdown\920260603-4100-연천군-더불어민주당-1-1.md,ok,2,1043,,pymupdf,ok
920260603-4100-안성시-더불어민주당-1-1,경기도,기초의원비례대표선거,안성시,,더불어민주당,비례대표 정당 제출자료,https://policy.nec.go.kr/plc/common/downloadFile.do?requestedFileName=20260603_%EC%95%88%EC%84%B1%EC%8B%9C_%EB%8D%94%EB%B6%88%EC%96%B4%EB%AF%BC%EC%A3%BC%EB%8B%B9_%EB%B9%84%EB%A1%80%EB%8C%80%ED%91%9C%20%EC%A0%95%EB%8B%B9%20%EC%A0%9C%EC%B6%9C%EC%9E%90%EB%A3%8C.pdf&requestedFullPath=20260603/PDF/PBINFO_PUB/4138/003_100_20260523_1.pdf,C:\Users\treyl\Documents\Obsidian\Second_Brain\output\nec_2026_local_election_opencrab\github_repo_nec_2026_local_election_opencrab\supplements\official_gap_recovery_2026\direct_nec_downloads\documents\920260603-4100-안성시-더불어민주당-1-1.pdf,downloaded,1209494,,C:\Users\treyl\Documents\Obsidian\Second_Brain\output\nec_2026_local_election_opencrab\github_repo_nec_2026_local_election_opencrab\supplements\official_gap_recovery_2026\direct_nec_downloads\markdown\920260603-4100-안성시-더불어민주당-1-1.md,ok,2,1083,,pymupdf,ok
920260603-4100-시흥시-더불어민주당-1-1,경기도,기초의원비례대표선거,시흥시,,더불어민주당,비례대표 정당 제출자료,https://policy.nec.go.kr/plc/common/downloadFile.do?requestedFileName=20260603_%EC%8B%9C%ED%9D%A5%EC%8B%9C_%EB%8D%94%EB%B6%88%EC%96%B4%EB%AF%BC%EC%A3%BC%EB%8B%B9_%EB%B9%84%EB%A1%80%EB%8C%80%ED%91%9C%20%EC%A0%95%EB%8B%B9%20%EC%A0%9C%EC%B6%9C%EC%9E%90%EB%A3%8C.pdf&requestedFullPath=20260603/PDF/PBINFO_PUB/4129/003_100_20260523_1.pdf,C:\Users\treyl\Documents\Obsidian\Second_Brain\output\nec_2026_local_election_opencrab\github_repo_nec_2026_local_election_opencrab\supplements\official_gap_recovery_2026\direct_nec_downloads\documents\920260603-4100-시흥시-더불어민주당-1-1.pdf,downloaded,1160911,,C:\Users\treyl\Documents\Obsidian\Second_Brain\output\nec_2026_local_election_opencrab\github_repo_nec_2026_local_election_opencrab\supplements\official_gap_recovery_2026\direct_nec_downloads\markdown\920260603-4100-시흥시-더불어민주당-1-1.md,ok,2,1213,,pymupdf,ok
920260603-4100-양평군-더불어민주당-1-1,경기도,기초의원비례대표선거,양평군,,더불어민주당,비례대표 정당 제출자료,https://policy.nec.go.kr/plc/common/downloadFile.do?requestedFileName=20260603_%EC%96%91%ED%8F%89%EA%B5%B0_%EB%8D%94%EB%B6%88%EC%96%B4%EB%AF%BC%EC%A3%BC%EB%8B%B9_%EB%B9%84%EB%A1%80%EB%8C%80%ED%91%9C%20%EC%A0%95%EB%8B%B9%20%EC%A0%9C%EC%B6%9C%EC%9E%90%EB%A3%8C.pdf&requestedFullPath=20260603/PDF/PBINFO_PUB/4143/003_100_20260522_1.pdf,C:\Users\treyl\Documents\Obsidian\Second_Brain\output\nec_2026_local_election_opencrab\github_repo_nec_2026_local_election_opencrab\supplements\official_gap_recovery_2026\direct_nec_downloads\documents\920260603-4100-양평군-더불어민주당-1-1.pdf,downloaded,2843630,,C:\Users\treyl\Documents\Obsidian\Second_Brain\output\nec_2026_local_election_opencrab\github_repo_nec_2026_local_election_opencrab\supplements\official_gap_recovery_2026\direct_nec_downloads\markdown\920260603-4100-양평군-더불어민주당-1-1.md,ok,2,1352,,pymupdf,ok
920260603-4100-안산시-더불어민주당-1-1,경기도,기초의원비례대표선거,안산시,,더불어민주당,비례대표 정당 제출자료,https://policy.nec.go.kr/plc/common/downloadFile.do?requestedFileName=20260603_%EC%95%88%EC%82%B0%EC%8B%9C_%EB%8D%94%EB%B6%88%EC%96%B4%EB%AF%BC%EC%A3%BC%EB%8B%B9_%EB%B9%84%EB%A1%80%EB%8C%80%ED%91%9C%20%EC%A0%95%EB%8B%B9%20%EC%A0%9C%EC%B6%9C%EC%9E%90%EB%A3%8C.pdf&requestedFullPath=20260603/PDF/PBINFO_PUB/4119/003_100_20260525_2.pdf,C:\Users\treyl\Documents\Obsidian\Second_Brain\output\nec_2026_local_election_opencrab\github_repo_nec_2026_local_election_opencrab\supplements\official_gap_recovery_2026\direct_nec_downloads\documents\920260603-4100-안산시-더불어민주당-1-1.pdf,downloaded,1580409,,C:\Users\treyl\Documents\Obsidian\Second_Brain\output\nec_2026_local_election_opencrab\github_repo_nec_2026_local_election_opencrab\supplements\official_gap_recovery_2026\direct_nec_downloads\markdown\920260603-4100-안산시-더불어민주당-1-1.md,ok,4,1098,,pymupdf,ok
920260603-4100-성남시-더불어민주당-1-1,경기도,기초의원비례대표선거,성남시,,더불어민주당,비례대표 정당 제출자료,https://policy.nec.go.kr/plc/common/downloadFile.do?requestedFileName=20260603_%EC%84%B1%EB%82%A8%EC%8B%9C_%EB%8D%94%EB%B6%88%EC%96%B4%EB%AF%BC%EC%A3%BC%EB%8B%B9_%EB%B9%84%EB%A1%80%EB%8C%80%ED%91%9C%20%EC%A0%95%EB%8B%B9%20%EC%A0%9C%EC%B6%9C%EC%9E%90%EB%A3%8C.pdf&requestedFullPath=20260603/PDF/PBINFO_PUB/4106/003_100_20260523_1.pdf,C:\Users\treyl\Documents\Obsidian\Second_Brain\output\nec_2026_local_election_opencrab\github_repo_nec_2026_local_election_opencrab\supplements\official_gap_recovery_2026\direct_nec_downloads\documents\920260603-4100-성남시-더불어민주당-1-1.pdf,downloaded,1504804,,C:\Users\treyl\Documents\Obsidian\Second_Brain\output\nec_2026_local_election_opencrab\github_repo_nec_2026_local_election_opencrab\supplements\official_gap_recovery_2026\direct_nec_downloads\markdown\920260603-4100-성남시-더불어민주당-1-1.md,ok,2,24,,pymupdf,suspiciously_short_text
920260603-4100-가평군-더불어민주당-1-1,경기도,기초의원비례대표선거,가평군,,더불어민주당,비례대표 정당 제출자료,https://policy.nec.go.kr/plc/common/downloadFile.do?requestedFileName=20260603_%EA%B0%80%ED%8F%89%EA%B5%B0_%EB%8D%94%EB%B6%88%EC%96%B4%EB%AF%BC%EC%A3%BC%EB%8B%B9_%EB%B9%84%EB%A1%80%EB%8C%80%ED%91%9C%20%EC%A0%95%EB%8B%B9%20%EC%A0%9C%EC%B6%9C%EC%9E%90%EB%A3%8C.pdf&requestedFullPath=20260603/PDF/PBINFO_PUB/4144/003_100_20260525_1.pdf,C:\Users\treyl\Documents\Obsidian\Second_Brain\output\nec_2026_local_election_opencrab\github_repo_nec_2026_local_election_opencrab\supplements\official_gap_recovery_2026\direct_nec_downloads\documents\920260603-4100-가평군-더불어민주당-1-1.pdf,downloaded,3127927,,C:\Users\treyl\Documents\Obsidian\Second_Brain\output\nec_2026_local_election_opencrab\github_repo_nec_2026_local_election_opencrab\supplements\official_gap_recovery_2026\direct_nec_downloads\markdown\920260603-4100-가평군-더불어민주당-1-1.md,ok,4,1096,,pymupdf,ok
920260603-4100-김포시-더불어민주당-1-1,경기도,기초의원비례대표선거,김포시,,더불어민주당,비례대표 정당 제출자료,https://policy.nec.go.kr/plc/common/downloadFile.do?requestedFileName=20260603_%EA%B9%80%ED%8F%AC%EC%8B%9C_%EB%8D%94%EB%B6%88%EC%96%B4%EB%AF%BC%EC%A3%BC%EB%8B%B9_%EB%B9%84%EB%A1%80%EB%8C%80%ED%91%9C%20%EC%A0%95%EB%8B%B9%20%EC%A0%9C%EC%B6%9C%EC%9E%90%EB%A3%8C.pdf&requestedFullPath=20260603/PDF/PBINFO_PUB/4139/003_100_20260523_1.pdf,C:\Users\treyl\Documents\Obsidian\Second_Brain\output\nec_2026_local_election_opencrab\github_repo_nec_2026_local_election_opencrab\supplements\official_gap_recovery_2026\direct_nec_downloads\documents\920260603-4100-김포시-더불어민주당-1-1.pdf,downloaded,1208315,,C:\Users\treyl\Documents\Obsidian\Second_Brain\output\nec_2026_local_election_opencrab\github_repo_nec_2026_local_election_opencrab\supplements\official_gap_recovery_2026\direct_nec_downloads\markdown\920260603-4100-김포시-더불어민주당-1-1.md,ok,2,1064,,pymupdf,ok
920260603-4100-구리시-더불어민주당-1-1,경기도,기초의원비례대표선거,구리시,,더불어민주당,비례대표 정당 제출자료,https://policy.nec.go.kr/plc/common/downloadFile.do?requestedFileName=20260603_%EA%B5%AC%EB%A6%AC%EC%8B%9C_%EB%8D%94%EB%B6%88%EC%96%B4%EB%AF%BC%EC%A3%BC%EB%8B%B9_%EB%B9%84%EB%A1%80%EB%8C%80%ED%91%9C%20%EC%A0%95%EB%8B%B9%20%EC%A0%9C%EC%B6%9C%EC%9E%90%EB%A3%8C.pdf&requestedFullPath=20260603/PDF/PBINFO_PUB/4125/003_100_20260522_1.pdf,C:\Users\treyl\Documents\Obsidian\Second_Brain\output\nec_2026_local_election_opencrab\github_repo_nec_2026_local_election_opencrab\supplements\official_gap_recovery_2026\direct_nec_downloads\documents\920260603-4100-구리시-더불어민주당-1-1.pdf,downloaded,1848538,,C:\Users\treyl\Documents\Obsidian\Second_Brain\output\nec_2026_local_election_opencrab\github_repo_nec_2026_local_election_opencrab\supplements\official_gap_recovery_2026\direct_nec_downloads\markdown\920260603-4100-구리시-더불어민주당-1-1.md,ok,2,1381,,pymupdf,ok
920260603-4100-안양시-더불어민주당-1-1,경기도,기초의원비례대표선거,안양시,,더불어민주당,비례대표 정당 제출자료,https://policy.nec.go.kr/plc/common/downloadFile.do?requestedFileName=20260603_%EC%95%88%EC%96%91%EC%8B%9C_%EB%8D%94%EB%B6%88%EC%96%B4%EB%AF%BC%EC%A3%BC%EB%8B%B9_%EB%B9%84%EB%A1%80%EB%8C%80%ED%91%9C%20%EC%A0%95%EB%8B%B9%20%EC%A0%9C%EC%B6%9C%EC%9E%90%EB%A3%8C.pdf&requestedFullPath=20260603/PDF/PBINFO_PUB/4110/003_100_20260522_1.pdf,C:\Users\treyl\Documents\Obsidian\Second_Brain\output\nec_2026_local_election_opencrab\github_repo_nec_2026_local_election_opencrab\supplements\official_gap_recovery_2026\direct_nec_downloads\documents\920260603-4100-안양시-더불어민주당-1-1.pdf,downloaded,2123399,,C:\Users\treyl\Documents\Obsidian\Second_Brain\output\nec_2026_local_election_opencrab\github_repo_nec_2026_local_election_opencrab\supplements\official_gap_recovery_2026\direct_nec_downloads\markdown\920260603-4100-안양시-더불어민주당-1-1.md,ok,2,1520,,pymupdf,ok
920260603-4100-파주시-더불어민주당-1-0,경기도,기초의원비례대표선거,파주시,,더불어민주당,비례대표 정당 제출자료,https://policy.nec.go.kr/plc/common/downloadFile.do?requestedFileName=20260603_%ED%8C%8C%EC%A3%BC%EC%8B%9C_%EB%8D%94%EB%B6%88%EC%96%B4%EB%AF%BC%EC%A3%BC%EB%8B%B9_%EB%B9%84%EB%A1%80%EB%8C%80%ED%91%9C%20%EC%A0%95%EB%8B%B9%20%EC%A0%9C%EC%B6%9C%EC%9E%90%EB%A3%8C.pdf&requestedFullPath=20260603/PDF/PBINFO_PUB/4132/003_100_20260522_2.pdf,C:\Users\treyl\Documents\Obsidian\Second_Brain\output\nec_2026_local_election_opencrab\github_repo_nec_2026_local_election_opencrab\supplements\official_gap_recovery_2026\direct_nec_downloads\documents\920260603-4100-파주시-더불어민주당-1-0.pdf,downloaded,3169813,,C:\Users\treyl\Documents\Obsidian\Second_Brain\output\nec_2026_local_election_opencrab\github_repo_nec_2026_local_election_opencrab\supplements\official_gap_recovery_2026\direct_nec_downloads\markdown\920260603-4100-파주시-더불어민주당-1-0.md,ok,4,1098,,pymupdf,ok
920260603-4100-하남시-더불어민주당-1-1,경기도,기초의원비례대표선거,하남시,,더불어민주당,비례대표 정당 제출자료,https://policy.nec.go.kr/plc/common/downloadFile.do?requestedFileName=20260603_%ED%95%98%EB%82%A8%EC%8B%9C_%EB%8D%94%EB%B6%88%EC%96%B4%EB%AF%BC%EC%A3%BC%EB%8B%B9_%EB%B9%84%EB%A1%80%EB%8C%80%ED%91%9C%20%EC%A0%95%EB%8B%B9%20%EC%A0%9C%EC%B6%9C%EC%9E%90%EB%A3%8C.pdf&requestedFullPath=20260603/PDF/PBINFO_PUB/4131/003_100_20260524_1.pdf,C:\Users\treyl\Documents\Obsidian\Second_Brain\output\nec_2026_local_election_opencrab\github_repo_nec_2026_local_election_opencrab\supplements\official_gap_recovery_2026\direct_nec_downloads\documents\920260603-4100-하남시-더불어민주당-1-1.pdf,downloaded,1293726,,C:\Users\treyl\Documents\Obsidian\Second_Brain\output\nec_2026_local_election_opencrab\github_repo_nec_2026_local_election_opencrab\supplements\official_gap_recovery_2026\direct_nec_downloads\markdown\920260603-4100-하남시-더불어민주당-1-1.md,ok,2,1102,,pymupdf,ok
920260603-4100-군포시-더불어민주당-1-1,경기도,기초의원비례대표선거,군포시,,더불어민주당,비례대표 정당 제출자료,https://policy.nec.go.kr/plc/common/downloadFile.do?requestedFileName=20260603_%EA%B5%B0%ED%8F%AC%EC%8B%9C_%EB%8D%94%EB%B6%88%EC%96%B4%EB%AF%BC%EC%A3%BC%EB%8B%B9_%EB%B9%84%EB%A1%80%EB%8C%80%ED%91%9C%20%EC%A0%95%EB%8B%B9%20%EC%A0%9C%EC%B6%9C%EC%9E%90%EB%A3%8C.pdf&requestedFullPath=20260603/PDF/PBINFO_PUB/4130/003_100_20260525_1.pdf,C:\Users\treyl\Documents\Obsidian\Second_Brain\output\nec_2026_local_election_opencrab\github_repo_nec_2026_local_election_opencrab\supplements\official_gap_recovery_2026\direct_nec_downloads\documents\920260603-4100-군포시-더불어민주당-1-1.pdf,downloaded,1578754,,C:\Users\treyl\Documents\Obsidian\Second_Brain\output\nec_2026_local_election_opencrab\github_repo_nec_2026_local_election_opencrab\supplements\official_gap_recovery_2026\direct_nec_downloads\markdown\920260603-4100-군포시-더불어민주당-1-1.md,ok,4,1151,,pymupdf,ok
920260603-4100-남양주시-더불어민주당-1-1,경기도,기초의원비례대표선거,남양주시,,더불어민주당,비례대표 정당 제출자료,https://policy.nec.go.kr/plc/common/downloadFile.do?requestedFileName=20260603_%EB%82%A8%EC%96%91%EC%A3%BC%EC%8B%9C_%EB%8D%94%EB%B6%88%EC%96%B4%EB%AF%BC%EC%A3%BC%EB%8B%B9_%EB%B9%84%EB%A1%80%EB%8C%80%ED%91%9C%20%EC%A0%95%EB%8B%B9%20%EC%A0%9C%EC%B6%9C%EC%9E%90%EB%A3%8C.pdf&requestedFullPath=20260603/PDF/PBINFO_PUB/4126/003_100_20260522_1.pdf,C:\Users\treyl\Documents\Obsidian\Second_Brain\output\nec_2026_local_election_opencrab\github_repo_nec_2026_local_election_opencrab\supplements\official_gap_recovery_2026\direct_nec_downloads\documents\920260603-4100-남양주시-더불어민주당-1-1.pdf,downloaded,1863078,,C:\Users\treyl\Documents\Obsidian\Second_Brain\output\nec_2026_local_election_opencrab\github_repo_nec_2026_local_election_opencrab\supplements\official_gap_recovery_2026\direct_nec_downloads\markdown\920260603-4100-남양주시-더불어민주당-1-1.md,ok,2,1367,,pymupdf,ok
920260603-4100-양주시-더불어민주당-1-1,경기도,기초의원비례대표선거,양주시,,더불어민주당,비례대표 정당 제출자료,https://policy.nec.go.kr/plc/common/downloadFile.do?requestedFileName=20260603_%EC%96%91%EC%A3%BC%EC%8B%9C_%EB%8D%94%EB%B6%88%EC%96%B4%EB%AF%BC%EC%A3%BC%EB%8B%B9_%EB%B9%84%EB%A1%80%EB%8C%80%ED%91%9C%20%EC%A0%95%EB%8B%B9%20%EC%A0%9C%EC%B6%9C%EC%9E%90%EB%A3%8C.pdf&requestedFullPath=20260603/PDF/PBINFO_PUB/4116/003_100_20260522_1.pdf,C:\Users\treyl\Documents\Obsidian\Second_Brain\output\nec_2026_local_election_opencrab\github_repo_nec_2026_local_election_opencrab\supplements\official_gap_recovery_2026\direct_nec_downloads\documents\920260603-4100-양주시-더불어민주당-1-1.pdf,downloaded,1910704,,C:\Users\treyl\Documents\Obsidian\Second_Brain\output\nec_2026_local_election_opencrab\github_repo_nec_2026_local_election_opencrab\supplements\official_gap_recovery_2026\direct_nec_downloads\markdown\920260603-4100-양주시-더불어민주당-1-1.md,ok,2,1585,,pymupdf,ok
920260603-4100-화성시-국민의힘-1-1,경기도,기초의원비례대표선거,화성시,,국민의힘,비례대표 정당 제출자료,https://policy.nec.go.kr/plc/common/downloadFile.do?requestedFileName=20260603_%ED%99%94%EC%84%B1%EC%8B%9C_%EA%B5%AD%EB%AF%BC%EC%9D%98%ED%9E%98_%EB%B9%84%EB%A1%80%EB%8C%80%ED%91%9C%20%EC%A0%95%EB%8B%B9%20%EC%A0%9C%EC%B6%9C%EC%9E%90%EB%A3%8C.pdf&requestedFullPath=20260603/PDF/PBINFO_PUB/4153/003_200_20260521_1.pdf,C:\Users\treyl\Documents\Obsidian\Second_Brain\output\nec_2026_local_election_opencrab\github_repo_nec_2026_local_election_opencrab\supplements\official_gap_recovery_2026\direct_nec_downloads\documents\920260603-4100-화성시-국민의힘-1-1.pdf,downloaded,1051870,,C:\Users\treyl\Documents\Obsidian\Second_Brain\output\nec_2026_local_election_opencrab\github_repo_nec_2026_local_election_opencrab\supplements\official_gap_recovery_2026\direct_nec_downloads\markdown\920260603-4100-화성시-국민의힘-1-1.md,ok,8,2371,,pymupdf,ok
920260603-4100-과천시-국민의힘-1-1,경기도,기초의원비례대표선거,과천시,,국민의힘,비례대표 정당 제출자료,https://policy.nec.go.kr/plc/common/downloadFile.do?requestedFileName=20260603_%EA%B3%BC%EC%B2%9C%EC%8B%9C_%EA%B5%AD%EB%AF%BC%EC%9D%98%ED%9E%98_%EB%B9%84%EB%A1%80%EB%8C%80%ED%91%9C%20%EC%A0%95%EB%8B%B9%20%EC%A0%9C%EC%B6%9C%EC%9E%90%EB%A3%8C.pdf&requestedFullPath=20260603/PDF/PBINFO_PUB/4123/003_200_20260523_1.pdf,C:\Users\treyl\Documents\Obsidian\Second_Brain\output\nec_2026_local_election_opencrab\github_repo_nec_2026_local_election_opencrab\supplements\official_gap_recovery_2026\direct_nec_downloads\documents\920260603-4100-과천시-국민의힘-1-1.pdf,downloaded,15330807,,C:\Users\treyl\Documents\Obsidian\Second_Brain\output\nec_2026_local_election_opencrab\github_repo_nec_2026_local_election_opencrab\supplements\official_gap_recovery_2026\direct_nec_downloads\markdown\920260603-4100-과천시-국민의힘-1-1.md,ok,8,2315,,pymupdf,ok
920260603-4100-양평군-국민의힘-1-1,경기도,기초의원비례대표선거,양평군,,국민의힘,비례대표 정당 제출자료,https://policy.nec.go.kr/plc/common/downloadFile.do?requestedFileName=20260603_%EC%96%91%ED%8F%89%EA%B5%B0_%EA%B5%AD%EB%AF%BC%EC%9D%98%ED%9E%98_%EB%B9%84%EB%A1%80%EB%8C%80%ED%91%9C%20%EC%A0%95%EB%8B%B9%20%EC%A0%9C%EC%B6%9C%EC%9E%90%EB%A3%8C.pdf&requestedFullPath=20260603/PDF/PBINFO_PUB/4143/003_200_20260522_1.pdf,C:\Users\treyl\Documents\Obsidian\Second_Brain\output\nec_2026_local_election_opencrab\github_repo_nec_2026_local_election_opencrab\supplements\official_gap_recovery_2026\direct_nec_downloads\documents\920260603-4100-양평군-국민의힘-1-1.pdf,downloaded,14733807,,C:\Users\treyl\Documents\Obsidian\Second_Brain\output\nec_2026_local_election_opencrab\github_repo_nec_2026_local_election_opencrab\supplements\official_gap_recovery_2026\direct_nec_downloads\markdown\920260603-4100-양평군-국민의힘-1-1.md,ok,8,2279,,pymupdf,ok
920260603-4100-안성시-국민의힘-1-1,경기도,기초의원비례대표선거,안성시,,국민의힘,비례대표 정당 제출자료,https://policy.nec.go.kr/plc/common/downloadFile.do?requestedFileName=20260603_%EC%95%88%EC%84%B1%EC%8B%9C_%EA%B5%AD%EB%AF%BC%EC%9D%98%ED%9E%98_%EB%B9%84%EB%A1%80%EB%8C%80%ED%91%9C%20%EC%A0%95%EB%8B%B9%20%EC%A0%9C%EC%B6%9C%EC%9E%90%EB%A3%8C.pdf&requestedFullPath=20260603/PDF/PBINFO_PUB/4138/003_200_20260523_1.pdf,C:\Users\treyl\Documents\Obsidian\Second_Brain\output\nec_2026_local_election_opencrab\github_repo_nec_2026_local_election_opencrab\supplements\official_gap_recovery_2026\direct_nec_downloads\documents\920260603-4100-안성시-국민의힘-1-1.pdf,downloaded,14781593,,C:\Users\treyl\Documents\Obsidian\Second_Brain\output\nec_2026_local_election_opencrab\github_repo_nec_2026_local_election_opencrab\supplements\official_gap_recovery_2026\direct_nec_downloads\markdown\920260603-4100-안성시-국민의힘-1-1.md,ok,8,2323,,pymupdf,ok
920260603-4100-안산시-국민의힘-1-1,경기도,기초의원비례대표선거,안산시,,국민의힘,비례대표 정당 제출자료,https://policy.nec.go.kr/plc/common/downloadFile.do?requestedFileName=20260603_%EC%95%88%EC%82%B0%EC%8B%9C_%EA%B5%AD%EB%AF%BC%EC%9D%98%ED%9E%98_%EB%B9%84%EB%A1%80%EB%8C%80%ED%91%9C%20%EC%A0%95%EB%8B%B9%20%EC%A0%9C%EC%B6%9C%EC%9E%90%EB%A3%8C.pdf&requestedFullPath=20260603/PDF/PBINFO_PUB/4119/003_200_20260524_1.pdf,C:\Users\treyl\Documents\Obsidian\Second_Brain\output\nec_2026_local_election_opencrab\github_repo_nec_2026_local_election_opencrab\supplements\official_gap_recovery_2026\direct_nec_downloads\documents\920260603-4100-안산시-국민의힘-1-1.pdf,downloaded,14800946,,C:\Users\treyl\Documents\Obsidian\Second_Brain\output\nec_2026_local_election_opencrab\github_repo_nec_2026_local_election_opencrab\supplements\official_gap_recovery_2026\direct_nec_downloads\markdown\920260603-4100-안산시-국민의힘-1-1.md,ok,8,2302,,pymupdf,ok
920260603-4100-하남시-국민의힘-1-1,경기도,기초의원비례대표선거,하남시,,국민의힘,비례대표 정당 제출자료,https://policy.nec.go.kr/plc/common/downloadFile.do?requestedFileName=20260603_%ED%95%98%EB%82%A8%EC%8B%9C_%EA%B5%AD%EB%AF%BC%EC%9D%98%ED%9E%98_%EB%B9%84%EB%A1%80%EB%8C%80%ED%91%9C%20%EC%A0%95%EB%8B%B9%20%EC%A0%9C%EC%B6%9C%EC%9E%90%EB%A3%8C.pdf&requestedFullPath=20260603/PDF/PBINFO_PUB/4131/003_200_20260524_1.pdf,C:\Users\treyl\Documents\Obsidian\Second_Brain\output\nec_2026_local_election_opencrab\github_repo_nec_2026_local_election_opencrab\supplements\official_gap_recovery_2026\direct_nec_downloads\documents\920260603-4100-하남시-국민의힘-1-1.pdf,downloaded,14744271,,C:\Users\treyl\Documents\Obsidian\Second_Brain\output\nec_2026_local_election_opencrab\github_repo_nec_2026_local_election_opencrab\supplements\official_gap_recovery_2026\direct_nec_downloads\markdown\920260603-4100-하남시-국민의힘-1-1.md,ok,8,2307,,pymupdf,ok
920260603-4100-포천시-국민의힘-1-1,경기도,기초의원비례대표선거,포천시,,국민의힘,비례대표 정당 제출자료,https://policy.nec.go.kr/plc/common/downloadFile.do?requestedFileName=20260603_%ED%8F%AC%EC%B2%9C%EC%8B%9C_%EA%B5%AD%EB%AF%BC%EC%9D%98%ED%9E%98_%EB%B9%84%EB%A1%80%EB%8C%80%ED%91%9C%20%EC%A0%95%EB%8B%B9%20%EC%A0%9C%EC%B6%9C%EC%9E%90%EB%A3%8C.pdf&requestedFullPath=20260603/PDF/PBINFO_PUB/4141/003_200_20260523_1.pdf,C:\Users\treyl\Documents\Obsidian\Second_Brain\output\nec_2026_local_election_opencrab\github_repo_nec_2026_local_election_opencrab\supplements\official_gap_recovery_2026\direct_nec_downloads\documents\920260603-4100-포천시-국민의힘-1-1.pdf,downloaded,14757117,,C:\Users\treyl\Documents\Obsidian\Second_Brain\output\nec_2026_local_election_opencrab\github_repo_nec_2026_local_election_opencrab\supplements\official_gap_recovery_2026\direct_nec_downloads\markdown\920260603-4100-포천시-국민의힘-1-1.md,ok,8,2325,,pymupdf,ok
920260603-4100-김포시-국민의힘-1-1,경기도,기초의원비례대표선거,김포시,,국민의힘,비례대표 정당 제출자료,https://policy.nec.go.kr/plc/common/downloadFile.do?requestedFileName=20260603_%EA%B9%80%ED%8F%AC%EC%8B%9C_%EA%B5%AD%EB%AF%BC%EC%9D%98%ED%9E%98_%EB%B9%84%EB%A1%80%EB%8C%80%ED%91%9C%20%EC%A0%95%EB%8B%B9%20%EC%A0%9C%EC%B6%9C%EC%9E%90%EB%A3%8C.pdf&requestedFullPath=20260603/PDF/PBINFO_PUB/4139/003_0_20260523_1.pdf,C:\Users\treyl\Documents\Obsidian\Second_Brain\output\nec_2026_local_election_opencrab\github_repo_nec_2026_local_election_opencrab\supplements\official_gap_recovery_2026\direct_nec_downloads\documents\920260603-4100-김포시-국민의힘-1-1.pdf,downloaded,14808211,,C:\Users\treyl\Documents\Obsidian\Second_Brain\output\nec_2026_local_election_opencrab\github_repo_nec_2026_local_election_opencrab\supplements\official_gap_recovery_2026\direct_nec_downloads\markdown\920260603-4100-김포시-국민의힘-1-1.md,ok,8,2292,,pymupdf,ok
920260603-4100-여주시-국민의힘-1-0,경기도,기초의원비례대표선거,여주시,,국민의힘,비례대표 정당 제출자료,https://policy.nec.go.kr/plc/common/downloadFile.do?requestedFileName=20260603_%EC%97%AC%EC%A3%BC%EC%8B%9C_%EA%B5%AD%EB%AF%BC%EC%9D%98%ED%9E%98_%EB%B9%84%EB%A1%80%EB%8C%80%ED%91%9C%20%EC%A0%95%EB%8B%B9%20%EC%A0%9C%EC%B6%9C%EC%9E%90%EB%A3%8C.pdf&requestedFullPath=20260603/PDF/PBINFO_PUB/4133/003_200_20260522_1.pdf,C:\Users\treyl\Documents\Obsidian\Second_Brain\output\nec_2026_local_election_opencrab\github_repo_nec_2026_local_election_opencrab\supplements\official_gap_recovery_2026\direct_nec_downloads\documents\920260603-4100-여주시-국민의힘-1-0.pdf,downloaded,14717860,,C:\Users\treyl\Documents\Obsidian\Second_Brain\output\nec_2026_local_election_opencrab\github_repo_nec_2026_local_election_opencrab\supplements\official_gap_recovery_2026\direct_nec_downloads\markdown\920260603-4100-여주시-국민의힘-1-0.md,ok,8,2325,,pymupdf,ok
920260603-4100-파주시-국민의힘-1-0,경기도,기초의원비례대표선거,파주시,,국민의힘,비례대표 정당 제출자료,https://policy.nec.go.kr/plc/common/downloadFile.do?requestedFileName=20260603_%ED%8C%8C%EC%A3%BC%EC%8B%9C_%EA%B5%AD%EB%AF%BC%EC%9D%98%ED%9E%98_%EB%B9%84%EB%A1%80%EB%8C%80%ED%91%9C%20%EC%A0%95%EB%8B%B9%20%EC%A0%9C%EC%B6%9C%EC%9E%90%EB%A3%8C.pdf&requestedFullPath=20260603/PDF/PBINFO_PUB/4132/003_200_20260522_1.pdf,C:\Users\treyl\Documents\Obsidian\Second_Brain\output\nec_2026_local_election_opencrab\github_repo_nec_2026_local_election_opencrab\supplements\official_gap_recovery_2026\direct_nec_downloads\documents\920260603-4100-파주시-국민의힘-1-0.pdf,downloaded,14897317,,C:\Users\treyl\Documents\Obsidian\Second_Brain\output\nec_2026_local_election_opencrab\github_repo_nec_2026_local_election_opencrab\supplements\official_gap_recovery_2026\direct_nec_downloads\markdown\920260603-4100-파주시-국민의힘-1-0.md,ok,8,2380,,pymupdf,ok
920260603-4100-시흥시-국민의힘-1-1,경기도,기초의원비례대표선거,시흥시,,국민의힘,비례대표 정당 제출자료,https://policy.nec.go.kr/plc/common/downloadFile.do?requestedFileName=20260603_%EC%8B%9C%ED%9D%A5%EC%8B%9C_%EA%B5%AD%EB%AF%BC%EC%9D%98%ED%9E%98_%EB%B9%84%EB%A1%80%EB%8C%80%ED%91%9C%20%EC%A0%95%EB%8B%B9%20%EC%A0%9C%EC%B6%9C%EC%9E%90%EB%A3%8C.pdf&requestedFullPath=20260603/PDF/PBINFO_PUB/4129/003_200_20260523_2.pdf,C:\Users\treyl\Documents\Obsidian\Second_Brain\output\nec_2026_local_election_opencrab\github_repo_nec_2026_local_election_opencrab\supplements\official_gap_recovery_2026\direct_nec_downloads\documents\920260603-4100-시흥시-국민의힘-1-1.pdf,downloaded,15024866,,C:\Users\treyl\Documents\Obsidian\Second_Brain\output\nec_2026_local_election_opencrab\github_repo_nec_2026_local_election_opencrab\supplements\official_gap_recovery_2026\direct_nec_downloads\markdown\920260603-4100-시흥시-국민의힘-1-1.md,ok,8,2355,,pymupdf,ok
920260603-4100-안양시-국민의힘-1-1,경기도,기초의원비례대표선거,안양시,,국민의힘,비례대표 정당 제출자료,https://policy.nec.go.kr/plc/common/downloadFile.do?requestedFileName=20260603_%EC%95%88%EC%96%91%EC%8B%9C_%EA%B5%AD%EB%AF%BC%EC%9D%98%ED%9E%98_%EB%B9%84%EB%A1%80%EB%8C%80%ED%91%9C%20%EC%A0%95%EB%8B%B9%20%EC%A0%9C%EC%B6%9C%EC%9E%90%EB%A3%8C.pdf&requestedFullPath=20260603/PDF/PBINFO_PUB/4110/003_200_20260522_1.pdf,C:\Users\treyl\Documents\Obsidian\Second_Brain\output\nec_2026_local_election_opencrab\github_repo_nec_2026_local_election_opencrab\supplements\official_gap_recovery_2026\direct_nec_downloads\documents\920260603-4100-안양시-국민의힘-1-1.pdf,downloaded,14740251,,C:\Users\treyl\Documents\Obsidian\Second_Brain\output\nec_2026_local_election_opencrab\github_repo_nec_2026_local_election_opencrab\supplements\official_gap_recovery_2026\direct_nec_downloads\markdown\920260603-4100-안양시-국민의힘-1-1.md,ok,8,2293,,pymupdf,ok
920260603-4100-성남시-국민의힘-1-1,경기도,기초의원비례대표선거,성남시,,국민의힘,비례대표 정당 제출자료,https://policy.nec.go.kr/plc/common/downloadFile.do?requestedFileName=20260603_%EC%84%B1%EB%82%A8%EC%8B%9C_%EA%B5%AD%EB%AF%BC%EC%9D%98%ED%9E%98_%EB%B9%84%EB%A1%80%EB%8C%80%ED%91%9C%20%EC%A0%95%EB%8B%B9%20%EC%A0%9C%EC%B6%9C%EC%9E%90%EB%A3%8C.pdf&requestedFullPath=20260603/PDF/PBINFO_PUB/4106/003_200_20260523_1.pdf,C:\Users\treyl\Documents\Obsidian\Second_Brain\output\nec_2026_local_election_opencrab\github_repo_nec_2026_local_election_opencrab\supplements\official_gap_recovery_2026\direct_nec_downloads\documents\920260603-4100-성남시-국민의힘-1-1.pdf,downloaded,15048164,,C:\Users\treyl\Documents\Obsidian\Second_Brain\output\nec_2026_local_election_opencrab\github_repo_nec_2026_local_election_opencrab\supplements\official_gap_recovery_2026\direct_nec_downloads\markdown\920260603-4100-성남시-국민의힘-1-1.md,ok,8,2533,,pymupdf,ok
920260603-4100-수원시-국민의힘-1-1,경기도,기초의원비례대표선거,수원시,,국민의힘,비례대표 정당 제출자료,https://policy.nec.go.kr/plc/common/downloadFile.do?requestedFileName=20260603_%EC%88%98%EC%9B%90%EC%8B%9C_%EA%B5%AD%EB%AF%BC%EC%9D%98%ED%9E%98_%EB%B9%84%EB%A1%80%EB%8C%80%ED%91%9C%20%EC%A0%95%EB%8B%B9%20%EC%A0%9C%EC%B6%9C%EC%9E%90%EB%A3%8C.pdf&requestedFullPath=20260603/PDF/PBINFO_PUB/4103/003_200_20260524_1.pdf,C:\Users\treyl\Documents\Obsidian\Second_Brain\output\nec_2026_local_election_opencrab\github_repo_nec_2026_local_election_opencrab\supplements\official_gap_recovery_2026\direct_nec_downloads\documents\920260603-4100-수원시-국민의힘-1-1.pdf,downloaded,14949039,,C:\Users\treyl\Documents\Obsidian\Second_Brain\output\nec_2026_local_election_opencrab\github_repo_nec_2026_local_election_opencrab\supplements\official_gap_recovery_2026\direct_nec_downloads\markdown\920260603-4100-수원시-국민의힘-1-1.md,ok,8,2398,,pymupdf,ok
920260603-4100-연천군-국민의힘-1-1,경기도,기초의원비례대표선거,연천군,,국민의힘,비례대표 정당 제출자료,https://policy.nec.go.kr/plc/common/downloadFile.do?requestedFileName=20260603_%EC%97%B0%EC%B2%9C%EA%B5%B0_%EA%B5%AD%EB%AF%BC%EC%9D%98%ED%9E%98_%EB%B9%84%EB%A1%80%EB%8C%80%ED%91%9C%20%EC%A0%95%EB%8B%B9%20%EC%A0%9C%EC%B6%9C%EC%9E%90%EB%A3%8C.pdf&requestedFullPath=20260603/PDF/PBINFO_PUB/4142/003_200_20260521_1.pdf,C:\Users\treyl\Documents\Obsidian\Second_Brain\output\nec_2026_local_election_opencrab\github_repo_nec_2026_local_election_opencrab\supplements\official_gap_recovery_2026\direct_nec_downloads\documents\920260603-4100-연천군-국민의힘-1-1.pdf,downloaded,14815686,,C:\Users\treyl\Documents\Obsidian\Second_Brain\output\nec_2026_local_election_opencrab\github_repo_nec_2026_local_election_opencrab\supplements\official_gap_recovery_2026\direct_nec_downloads\markdown\920260603-4100-연천군-국민의힘-1-1.md,ok,8,2310,,pymupdf,ok
920260603-4100-양주시-국민의힘-1-1,경기도,기초의원비례대표선거,양주시,,국민의힘,비례대표 정당 제출자료,https://policy.nec.go.kr/plc/common/downloadFile.do?requestedFileName=20260603_%EC%96%91%EC%A3%BC%EC%8B%9C_%EA%B5%AD%EB%AF%BC%EC%9D%98%ED%9E%98_%EB%B9%84%EB%A1%80%EB%8C%80%ED%91%9C%20%EC%A0%95%EB%8B%B9%20%EC%A0%9C%EC%B6%9C%EC%9E%90%EB%A3%8C.pdf&requestedFullPath=20260603/PDF/PBINFO_PUB/4116/003_200_20260523_1.pdf,C:\Users\treyl\Documents\Obsidian\Second_Brain\output\nec_2026_local_election_opencrab\github_repo_nec_2026_local_election_opencrab\supplements\official_gap_recovery_2026\direct_nec_downloads\documents\920260603-4100-양주시-국민의힘-1-1.pdf,downloaded,14832654,,C:\Users\treyl\Documents\Obsidian\Second_Brain\output\nec_2026_local_election_opencrab\github_repo_nec_2026_local_election_opencrab\supplements\official_gap_recovery_2026\direct_nec_downloads\markdown\920260603-4100-양주시-국민의힘-1-1.md,ok,8,2308,,pymupdf,ok
920260603-4100-오산시-국민의힘-1-1,경기도,기초의원비례대표선거,오산시,,국민의힘,비례대표 정당 제출자료,https://policy.nec.go.kr/plc/common/downloadFile.do?requestedFileName=20260603_%EC%98%A4%EC%82%B0%EC%8B%9C_%EA%B5%AD%EB%AF%BC%EC%9D%98%ED%9E%98_%EB%B9%84%EB%A1%80%EB%8C%80%ED%91%9C%20%EC%A0%95%EB%8B%B9%20%EC%A0%9C%EC%B6%9C%EC%9E%90%EB%A3%8C.pdf&requestedFullPath=20260603/PDF/PBINFO_PUB/4127/003_200_20260522_1.pdf,C:\Users\treyl\Documents\Obsidian\Second_Brain\output\nec_2026_local_election_opencrab\github_repo_nec_2026_local_election_opencrab\supplements\official_gap_recovery_2026\direct_nec_downloads\documents\920260603-4100-오산시-국민의힘-1-1.pdf,downloaded,14736246,,C:\Users\treyl\Documents\Obsidian\Second_Brain\output\nec_2026_local_election_opencrab\github_repo_nec_2026_local_election_opencrab\supplements\official_gap_recovery_2026\direct_nec_downloads\markdown\920260603-4100-오산시-국민의힘-1-1.md,ok,8,2307,,pymupdf,ok
920260603-4100-구리시-국민의힘-1-1,경기도,기초의원비례대표선거,구리시,,국민의힘,비례대표 정당 제출자료,https://policy.nec.go.kr/plc/common/downloadFile.do?requestedFileName=20260603_%EA%B5%AC%EB%A6%AC%EC%8B%9C_%EA%B5%AD%EB%AF%BC%EC%9D%98%ED%9E%98_%EB%B9%84%EB%A1%80%EB%8C%80%ED%91%9C%20%EC%A0%95%EB%8B%B9%20%EC%A0%9C%EC%B6%9C%EC%9E%90%EB%A3%8C.pdf&requestedFullPath=20260603/PDF/PBINFO_PUB/4125/003_200_20260523_1.pdf,C:\Users\treyl\Documents\Obsidian\Second_Brain\output\nec_2026_local_election_opencrab\github_repo_nec_2026_local_election_opencrab\supplements\official_gap_recovery_2026\direct_nec_downloads\documents\920260603-4100-구리시-국민의힘-1-1.pdf,downloaded,14867380,,C:\Users\treyl\Documents\Obsidian\Second_Brain\output\nec_2026_local_election_opencrab\github_repo_nec_2026_local_election_opencrab\supplements\official_gap_recovery_2026\direct_nec_downloads\markdown\920260603-4100-구리시-국민의힘-1-1.md,ok,8,2288,,pymupdf,ok
920260603-4100-의왕시-국민의힘-1-1,경기도,기초의원비례대표선거,의왕시,,국민의힘,비례대표 정당 제출자료,https://policy.nec.go.kr/plc/common/downloadFile.do?requestedFileName=20260603_%EC%9D%98%EC%99%95%EC%8B%9C_%EA%B5%AD%EB%AF%BC%EC%9D%98%ED%9E%98_%EB%B9%84%EB%A1%80%EB%8C%80%ED%91%9C%20%EC%A0%95%EB%8B%B9%20%EC%A0%9C%EC%B6%9C%EC%9E%90%EB%A3%8C.pdf&requestedFullPath=20260603/PDF/PBINFO_PUB/4124/003_200_20260525_1.pdf,C:\Users\treyl\Documents\Obsidian\Second_Brain\output\nec_2026_local_election_opencrab\github_repo_nec_2026_local_election_opencrab\supplements\official_gap_recovery_2026\direct_nec_downloads\documents\920260603-4100-의왕시-국민의힘-1-1.pdf,downloaded,14768948,,C:\Users\treyl\Documents\Obsidian\Second_Brain\output\nec_2026_local_election_opencrab\github_repo_nec_2026_local_election_opencrab\supplements\official_gap_recovery_2026\direct_nec_downloads\markdown\920260603-4100-의왕시-국민의힘-1-1.md,ok,8,2344,,pymupdf,ok
920260603-4100-이천시-국민의힘-1-1,경기도,기초의원비례대표선거,이천시,,국민의힘,비례대표 정당 제출자료,https://policy.nec.go.kr/plc/common/downloadFile.do?requestedFileName=20260603_%EC%9D%B4%EC%B2%9C%EC%8B%9C_%EA%B5%AD%EB%AF%BC%EC%9D%98%ED%9E%98_%EB%B9%84%EB%A1%80%EB%8C%80%ED%91%9C%20%EC%A0%95%EB%8B%B9%20%EC%A0%9C%EC%B6%9C%EC%9E%90%EB%A3%8C.pdf&requestedFullPath=20260603/PDF/PBINFO_PUB/4134/003_200_20260522_1.pdf,C:\Users\treyl\Documents\Obsidian\Second_Brain\output\nec_2026_local_election_opencrab\github_repo_nec_2026_local_election_opencrab\supplements\official_gap_recovery_2026\direct_nec_downloads\documents\920260603-4100-이천시-국민의힘-1-1.pdf,downloaded,14800325,,C:\Users\treyl\Documents\Obsidian\Second_Brain\output\nec_2026_local_election_opencrab\github_repo_nec_2026_local_election_opencrab\supplements\official_gap_recovery_2026\direct_nec_downloads\markdown\920260603-4100-이천시-국민의힘-1-1.md,ok,8,2301,,pymupdf,ok
920260603-4100-남양주시-국민의힘-1-1,경기도,기초의원비례대표선거,남양주시,,국민의힘,비례대표 정당 제출자료,https://policy.nec.go.kr/plc/common/downloadFile.do?requestedFileName=20260603_%EB%82%A8%EC%96%91%EC%A3%BC%EC%8B%9C_%EA%B5%AD%EB%AF%BC%EC%9D%98%ED%9E%98_%EB%B9%84%EB%A1%80%EB%8C%80%ED%91%9C%20%EC%A0%95%EB%8B%B9%20%EC%A0%9C%EC%B6%9C%EC%9E%90%EB%A3%8C.pdf&requestedFullPath=20260603/PDF/PBINFO_PUB/4126/003_200_20260523_1.pdf,C:\Users\treyl\Documents\Obsidian\Second_Brain\output\nec_2026_local_election_opencrab\github_repo_nec_2026_local_election_opencrab\supplements\official_gap_recovery_2026\direct_nec_downloads\documents\920260603-4100-남양주시-국민의힘-1-1.pdf,downloaded,14743929,,C:\Users\treyl\Documents\Obsidian\Second_Brain\output\nec_2026_local_election_opencrab\github_repo_nec_2026_local_election_opencrab\supplements\official_gap_recovery_2026\direct_nec_downloads\markdown\920260603-4100-남양주시-국민의힘-1-1.md,ok,8,2304,,pymupdf,ok
920260603-4100-동두천시-국민의힘-1-1,경기도,기초의원비례대표선거,동두천시,,국민의힘,비례대표 정당 제출자료,https://policy.nec.go.kr/plc/common/downloadFile.do?requestedFileName=20260603_%EB%8F%99%EB%91%90%EC%B2%9C%EC%8B%9C_%EA%B5%AD%EB%AF%BC%EC%9D%98%ED%9E%98_%EB%B9%84%EB%A1%80%EB%8C%80%ED%91%9C%20%EC%A0%95%EB%8B%B9%20%EC%A0%9C%EC%B6%9C%EC%9E%90%EB%A3%8C.pdf&requestedFullPath=20260603/PDF/PBINFO_PUB/4117/003_200_20260523_1.pdf,C:\Users\treyl\Documents\Obsidian\Second_Brain\output\nec_2026_local_election_opencrab\github_repo_nec_2026_local_election_opencrab\supplements\official_gap_recovery_2026\direct_nec_downloads\documents\920260603-4100-동두천시-국민의힘-1-1.pdf,downloaded,14788999,,C:\Users\treyl\Documents\Obsidian\Second_Brain\output\nec_2026_local_election_opencrab\github_repo_nec_2026_local_election_opencrab\supplements\official_gap_recovery_2026\direct_nec_downloads\markdown\920260603-4100-동두천시-국민의힘-1-1.md,ok,8,2297,,pymupdf,ok
920260603-4100-수원시-조국혁신당-1-1,경기도,기초의원비례대표선거,수원시,,조국혁신당,비례대표 정당 제출자료,https://policy.nec.go.kr/plc/common/downloadFile.do?requestedFileName=20260603_%EC%88%98%EC%9B%90%EC%8B%9C_%EC%A1%B0%EA%B5%AD%ED%98%81%EC%8B%A0%EB%8B%B9_%EB%B9%84%EB%A1%80%EB%8C%80%ED%91%9C%20%EC%A0%95%EB%8B%B9%20%EC%A0%9C%EC%B6%9C%EC%9E%90%EB%A3%8C.pdf&requestedFullPath=20260603/PDF/PBINFO_PUB/4103/003_5077_20260525_1.pdf,C:\Users\treyl\Documents\Obsidian\Second_Brain\output\nec_2026_local_election_opencrab\github_repo_nec_2026_local_election_opencrab\supplements\official_gap_recovery_2026\direct_nec_downloads\documents\920260603-4100-수원시-조국혁신당-1-1.pdf,downloaded,2827349,,C:\Users\treyl\Documents\Obsidian\Second_Brain\output\nec_2026_local_election_opencrab\github_repo_nec_2026_local_election_opencrab\supplements\official_gap_recovery_2026\direct_nec_downloads\markdown\920260603-4100-수원시-조국혁신당-1-1.md,ok,2,1419,,pymupdf,ok
920260603-4100-성남시-조국혁신당-1-1,경기도,기초의원비례대표선거,성남시,,조국혁신당,비례대표 정당 제출자료,https://policy.nec.go.kr/plc/common/downloadFile.do?requestedFileName=20260603_%EC%84%B1%EB%82%A8%EC%8B%9C_%EC%A1%B0%EA%B5%AD%ED%98%81%EC%8B%A0%EB%8B%B9_%EB%B9%84%EB%A1%80%EB%8C%80%ED%91%9C%20%EC%A0%95%EB%8B%B9%20%EC%A0%9C%EC%B6%9C%EC%9E%90%EB%A3%8C.pdf&requestedFullPath=20260603/PDF/PBINFO_PUB/4106/003_5077_20260524_1.pdf,C:\Users\treyl\Documents\Obsidian\Second_Brain\output\nec_2026_local_election_opencrab\github_repo_nec_2026_local_election_opencrab\supplements\official_gap_recovery_2026\direct_nec_downloads\documents\920260603-4100-성남시-조국혁신당-1-1.pdf,downloaded,2726260,,C:\Users\treyl\Documents\Obsidian\Second_Brain\output\nec_2026_local_election_opencrab\github_repo_nec_2026_local_election_opencrab\supplements\official_gap_recovery_2026\direct_nec_downloads\markdown\920260603-4100-성남시-조국혁신당-1-1.md,ok,3,1236,,pymupdf,ok
920260603-5200-강릉시-더불어민주당-1-1,강원특별자치도,기초의원비례대표선거,강릉시,,더불어민주당,비례대표 정당 제출자료,https://policy.nec.go.kr/plc/common/downloadFile.do?requestedFileName=20260603_%EA%B0%95%EB%A6%89%EC%8B%9C_%EB%8D%94%EB%B6%88%EC%96%B4%EB%AF%BC%EC%A3%BC%EB%8B%B9_%EB%B9%84%EB%A1%80%EB%8C%80%ED%91%9C%20%EC%A0%95%EB%8B%B9%20%EC%A0%9C%EC%B6%9C%EC%9E%90%EB%A3%8C.pdf&requestedFullPath=20260603/PDF/PBINFO_PUB/5203/003_100_20260521_1.pdf,C:\Users\treyl\Documents\Obsidian\Second_Brain\output\nec_2026_local_election_opencrab\github_repo_nec_2026_local_election_opencrab\supplements\official_gap_recovery_2026\direct_nec_downloads\documents\920260603-5200-강릉시-더불어민주당-1-1.pdf,downloaded,1399361,,C:\Users\treyl\Documents\Obsidian\Second_Brain\output\nec_2026_local_election_opencrab\github_repo_nec_2026_local_election_opencrab\supplements\official_gap_recovery_2026\direct_nec_downloads\markdown\920260603-5200-강릉시-더불어민주당-1-1.md,ok,4,54,,pymupdf,suspiciously_short_text
920260603-5200-고성군-더불어민주당-1-1,강원특별자치도,기초의원비례대표선거,고성군,,더불어민주당,비례대표 정당 제출자료,https://policy.nec.go.kr/plc/common/downloadFile.do?requestedFileName=20260603_%EA%B3%A0%EC%84%B1%EA%B5%B0_%EB%8D%94%EB%B6%88%EC%96%B4%EB%AF%BC%EC%A3%BC%EB%8B%B9_%EB%B9%84%EB%A1%80%EB%8C%80%ED%91%9C%20%EC%A0%95%EB%8B%B9%20%EC%A0%9C%EC%B6%9C%EC%9E%90%EB%A3%8C.pdf&requestedFullPath=20260603/PDF/PBINFO_PUB/5209/003_100_20260522_1.pdf,C:\Users\treyl\Documents\Obsidian\Second_Brain\output\nec_2026_local_election_opencrab\github_repo_nec_2026_local_election_opencrab\supplements\official_gap_recovery_2026\direct_nec_downloads\documents\920260603-5200-고성군-더불어민주당-1-1.pdf,downloaded,1183093,,C:\Users\treyl\Documents\Obsidian\Second_Brain\output\nec_2026_local_election_opencrab\github_repo_nec_2026_local_election_opencrab\supplements\official_gap_recovery_2026\direct_nec_downloads\markdown\920260603-5200-고성군-더불어민주당-1-1.md,ok,4,54,,pymupdf,suspiciously_short_text
920260603-5200-속초시-더불어민주당-1-1,강원특별자치도,기초의원비례대표선거,속초시,,더불어민주당,비례대표 정당 제출자료,https://policy.nec.go.kr/plc/common/downloadFile.do?requestedFileName=20260603_%EC%86%8D%EC%B4%88%EC%8B%9C_%EB%8D%94%EB%B6%88%EC%96%B4%EB%AF%BC%EC%A3%BC%EB%8B%B9_%EB%B9%84%EB%A1%80%EB%8C%80%ED%91%9C%20%EC%A0%95%EB%8B%B9%20%EC%A0%9C%EC%B6%9C%EC%9E%90%EB%A3%8C.pdf&requestedFullPath=20260603/PDF/PBINFO_PUB/5208/003_100_20260520_1.pdf,C:\Users\treyl\Documents\Obsidian\Second_Brain\output\nec_2026_local_election_opencrab\github_repo_nec_2026_local_election_opencrab\supplements\official_gap_recovery_2026\direct_nec_downloads\documents\920260603-5200-속초시-더불어민주당-1-1.pdf,downloaded,1520234,,C:\Users\treyl\Documents\Obsidian\Second_Brain\output\nec_2026_local_election_opencrab\github_repo_nec_2026_local_election_opencrab\supplements\official_gap_recovery_2026\direct_nec_downloads\markdown\920260603-5200-속초시-더불어민주당-1-1.md,ok,4,1263,,pymupdf,ok
920260603-5200-양양군-더불어민주당-1-1,강원특별자치도,기초의원비례대표선거,양양군,,더불어민주당,비례대표 정당 제출자료,https://policy.nec.go.kr/plc/common/downloadFile.do?requestedFileName=20260603_%EC%96%91%EC%96%91%EA%B5%B0_%EB%8D%94%EB%B6%88%EC%96%B4%EB%AF%BC%EC%A3%BC%EB%8B%B9_%EB%B9%84%EB%A1%80%EB%8C%80%ED%91%9C%20%EC%A0%95%EB%8B%B9%20%EC%A0%9C%EC%B6%9C%EC%9E%90%EB%A3%8C.pdf&requestedFullPath=20260603/PDF/PBINFO_PUB/5210/003_100_20260521_1.pdf,C:\Users\treyl\Documents\Obsidian\Second_Brain\output\nec_2026_local_election_opencrab\github_repo_nec_2026_local_election_opencrab\supplements\official_gap_recovery_2026\direct_nec_downloads\documents\920260603-5200-양양군-더불어민주당-1-1.pdf,downloaded,1477135,,C:\Users\treyl\Documents\Obsidian\Second_Brain\output\nec_2026_local_election_opencrab\github_repo_nec_2026_local_election_opencrab\supplements\official_gap_recovery_2026\direct_nec_downloads\markdown\920260603-5200-양양군-더불어민주당-1-1.md,ok,4,1397,,pymupdf,ok
920260603-5200-평창군-더불어민주당-1-1,강원특별자치도,기초의원비례대표선거,평창군,,더불어민주당,비례대표 정당 제출자료,https://policy.nec.go.kr/plc/common/downloadFile.do?requestedFileName=20260603_%ED%8F%89%EC%B0%BD%EA%B5%B0_%EB%8D%94%EB%B6%88%EC%96%B4%EB%AF%BC%EC%A3%BC%EB%8B%B9_%EB%B9%84%EB%A1%80%EB%8C%80%ED%91%9C%20%EC%A0%95%EB%8B%B9%20%EC%A0%9C%EC%B6%9C%EC%9E%90%EB%A3%8C.pdf&requestedFullPath=20260603/PDF/PBINFO_PUB/5215/003_100_20260522_1.pdf,C:\Users\treyl\Documents\Obsidian\Second_Brain\output\nec_2026_local_election_opencrab\github_repo_nec_2026_local_election_opencrab\supplements\official_gap_recovery_2026\direct_nec_downloads\documents\920260603-5200-평창군-더불어민주당-1-1.pdf,downloaded,1238995,,C:\Users\treyl\Documents\Obsidian\Second_Brain\output\nec_2026_local_election_opencrab\github_repo_nec_2026_local_election_opencrab\supplements\official_gap_recovery_2026\direct_nec_downloads\markdown\920260603-5200-평창군-더불어민주당-1-1.md,ok,4,54,,pymupdf,suspiciously_short_text
920260603-5200-원주시-더불어민주당-1-1,강원특별자치도,기초의원비례대표선거,원주시,,더불어민주당,비례대표 정당 제출자료,https://policy.nec.go.kr/plc/common/downloadFile.do?requestedFileName=20260603_%EC%9B%90%EC%A3%BC%EC%8B%9C_%EB%8D%94%EB%B6%88%EC%96%B4%EB%AF%BC%EC%A3%BC%EB%8B%B9_%EB%B9%84%EB%A1%80%EB%8C%80%ED%91%9C%20%EC%A0%95%EB%8B%B9%20%EC%A0%9C%EC%B6%9C%EC%9E%90%EB%A3%8C.pdf&requestedFullPath=20260603/PDF/PBINFO_PUB/5202/003_100_20260523_1.pdf,C:\Users\treyl\Documents\Obsidian\Second_Brain\output\nec_2026_local_election_opencrab\github_repo_nec_2026_local_election_opencrab\supplements\official_gap_recovery_2026\direct_nec_downloads\documents\920260603-5200-원주시-더불어민주당-1-1.pdf,downloaded,1387885,,C:\Users\treyl\Documents\Obsidian\Second_Brain\output\nec_2026_local_election_opencrab\github_repo_nec_2026_local_election_opencrab\supplements\official_gap_recovery_2026\direct_nec_downloads\markdown\920260603-5200-원주시-더불어민주당-1-1.md,ok,4,54,,pymupdf,suspiciously_short_text
920260603-5200-화천군-더불어민주당-1-1,강원특별자치도,기초의원비례대표선거,화천군,,더불어민주당,비례대표 정당 제출자료,https://policy.nec.go.kr/plc/common/downloadFile.do?requestedFileName=20260603_%ED%99%94%EC%B2%9C%EA%B5%B0_%EB%8D%94%EB%B6%88%EC%96%B4%EB%AF%BC%EC%A3%BC%EB%8B%B9_%EB%B9%84%EB%A1%80%EB%8C%80%ED%91%9C%20%EC%A0%95%EB%8B%B9%20%EC%A0%9C%EC%B6%9C%EC%9E%90%EB%A3%8C.pdf&requestedFullPath=20260603/PDF/PBINFO_PUB/5216/003_100_20260522_1.pdf,C:\Users\treyl\Documents\Obsidian\Second_Brain\output\nec_2026_local_election_opencrab\github_repo_nec_2026_local_election_opencrab\supplements\official_gap_recovery_2026\direct_nec_downloads\documents\920260603-5200-화천군-더불어민주당-1-1.pdf,downloaded,1525009,,C:\Users\treyl\Documents\Obsidian\Second_Brain\output\nec_2026_local_election_opencrab\github_repo_nec_2026_local_election_opencrab\supplements\official_gap_recovery_2026\direct_nec_downloads\markdown\920260603-5200-화천군-더불어민주당-1-1.md,ok,4,1277,,pymupdf,ok
920260603-5200-인제군-더불어민주당-1-1,강원특별자치도,기초의원비례대표선거,인제군,,더불어민주당,비례대표 정당 제출자료,https://policy.nec.go.kr/plc/common/downloadFile.do?requestedFileName=20260603_%EC%9D%B8%EC%A0%9C%EA%B5%B0_%EB%8D%94%EB%B6%88%EC%96%B4%EB%AF%BC%EC%A3%BC%EB%8B%B9_%EB%B9%84%EB%A1%80%EB%8C%80%ED%91%9C%20%EC%A0%95%EB%8B%B9%20%EC%A0%9C%EC%B6%9C%EC%9E%90%EB%A3%8C.pdf&requestedFullPath=20260603/PDF/PBINFO_PUB/5211/003_100_20260522_1.pdf,C:\Users\treyl\Documents\Obsidian\Second_Brain\output\nec_2026_local_election_opencrab\github_repo_nec_2026_local_election_opencrab\supplements\official_gap_recovery_2026\direct_nec_downloads\documents\920260603-5200-인제군-더불어민주당-1-1.pdf,downloaded,1668177,,C:\Users\treyl\Documents\Obsidian\Second_Brain\output\nec_2026_local_election_opencrab\github_repo_nec_2026_local_election_opencrab\supplements\official_gap_recovery_2026\direct_nec_downloads\markdown\920260603-5200-인제군-더불어민주당-1-1.md,ok,4,1295,,pymupdf,ok
920260603-5200-횡성군-더불어민주당-1-1,강원특별자치도,기초의원비례대표선거,횡성군,,더불어민주당,비례대표 정당 제출자료,https://policy.nec.go.kr/plc/common/downloadFile.do?requestedFileName=20260603_%ED%9A%A1%EC%84%B1%EA%B5%B0_%EB%8D%94%EB%B6%88%EC%96%B4%EB%AF%BC%EC%A3%BC%EB%8B%B9_%EB%B9%84%EB%A1%80%EB%8C%80%ED%91%9C%20%EC%A0%95%EB%8B%B9%20%EC%A0%9C%EC%B6%9C%EC%9E%90%EB%A3%8C.pdf&requestedFullPath=20260603/PDF/PBINFO_PUB/5213/003_100_20260521_1.pdf,C:\Users\treyl\Documents\Obsidian\Second_Brain\output\nec_2026_local_election_opencrab\github_repo_nec_2026_local_election_opencrab\supplements\official_gap_recovery_2026\direct_nec_downloads\documents\920260603-5200-횡성군-더불어민주당-1-1.pdf,downloaded,1824758,,C:\Users\treyl\Documents\Obsidian\Second_Brain\output\nec_2026_local_election_opencrab\github_repo_nec_2026_local_election_opencrab\supplements\official_gap_recovery_2026\direct_nec_downloads\markdown\920260603-5200-횡성군-더불어민주당-1-1.md,ok,4,1339,,pymupdf,ok
920260603-5200-철원군-더불어민주당-1-1,강원특별자치도,기초의원비례대표선거,철원군,,더불어민주당,비례대표 정당 제출자료,https://policy.nec.go.kr/plc/common/downloadFile.do?requestedFileName=20260603_%EC%B2%A0%EC%9B%90%EA%B5%B0_%EB%8D%94%EB%B6%88%EC%96%B4%EB%AF%BC%EC%A3%BC%EB%8B%B9_%EB%B9%84%EB%A1%80%EB%8C%80%ED%91%9C%20%EC%A0%95%EB%8B%B9%20%EC%A0%9C%EC%B6%9C%EC%9E%90%EB%A3%8C.pdf&requestedFullPath=20260603/PDF/PBINFO_PUB/5218/003_100_20260521_1.pdf,C:\Users\treyl\Documents\Obsidian\Second_Brain\output\nec_2026_local_election_opencrab\github_repo_nec_2026_local_election_opencrab\supplements\official_gap_recovery_2026\direct_nec_downloads\documents\920260603-5200-철원군-더불어민주당-1-1.pdf,downloaded,1406639,,C:\Users\treyl\Documents\Obsidian\Second_Brain\output\nec_2026_local_election_opencrab\github_repo_nec_2026_local_election_opencrab\supplements\official_gap_recovery_2026\direct_nec_downloads\markdown\920260603-5200-철원군-더불어민주당-1-1.md,ok,4,54,,pymupdf,suspiciously_short_text
920260603-5200-동해시-더불어민주당-1-1,강원특별자치도,기초의원비례대표선거,동해시,,더불어민주당,비례대표 정당 제출자료,https://policy.nec.go.kr/plc/common/downloadFile.do?requestedFileName=20260603_%EB%8F%99%ED%95%B4%EC%8B%9C_%EB%8D%94%EB%B6%88%EC%96%B4%EB%AF%BC%EC%A3%BC%EB%8B%B9_%EB%B9%84%EB%A1%80%EB%8C%80%ED%91%9C%20%EC%A0%95%EB%8B%B9%20%EC%A0%9C%EC%B6%9C%EC%9E%90%EB%A3%8C.pdf&requestedFullPath=20260603/PDF/PBINFO_PUB/5204/003_100_20260523_1.pdf,C:\Users\treyl\Documents\Obsidian\Second_Brain\output\nec_2026_local_election_opencrab\github_repo_nec_2026_local_election_opencrab\supplements\official_gap_recovery_2026\direct_nec_downloads\documents\920260603-5200-동해시-더불어민주당-1-1.pdf,downloaded,1218958,,C:\Users\treyl\Documents\Obsidian\Second_Brain\output\nec_2026_local_election_opencrab\github_repo_nec_2026_local_election_opencrab\supplements\official_gap_recovery_2026\direct_nec_downloads\markdown\920260603-5200-동해시-더불어민주당-1-1.md,ok,4,54,,pymupdf,suspiciously_short_text
920260603-5200-삼척시-더불어민주당-1-1,강원특별자치도,기초의원비례대표선거,삼척시,,더불어민주당,비례대표 정당 제출자료,https://policy.nec.go.kr/plc/common/downloadFile.do?requestedFileName=20260603_%EC%82%BC%EC%B2%99%EC%8B%9C_%EB%8D%94%EB%B6%88%EC%96%B4%EB%AF%BC%EC%A3%BC%EB%8B%B9_%EB%B9%84%EB%A1%80%EB%8C%80%ED%91%9C%20%EC%A0%95%EB%8B%B9%20%EC%A0%9C%EC%B6%9C%EC%9E%90%EB%A3%8C.pdf&requestedFullPath=20260603/PDF/PBINFO_PUB/5205/003_100_20260523_1.pdf,C:\Users\treyl\Documents\Obsidian\Second_Brain\output\nec_2026_local_election_opencrab\github_repo_nec_2026_local_election_opencrab\supplements\official_gap_recovery_2026\direct_nec_downloads\documents\920260603-5200-삼척시-더불어민주당-1-1.pdf,downloaded,1703299,,C:\Users\treyl\Documents\Obsidian\Second_Brain\output\nec_2026_local_election_opencrab\github_repo_nec_2026_local_election_opencrab\supplements\official_gap_recovery_2026\direct_nec_downloads\markdown\920260603-5200-삼척시-더불어민주당-1-1.md,ok,4,1233,,pymupdf,ok
920260603-5200-태백시-더불어민주당-1-1,강원특별자치도,기초의원비례대표선거,태백시,,더불어민주당,비례대표 정당 제출자료,https://policy.nec.go.kr/plc/common/downloadFile.do?requestedFileName=20260603_%ED%83%9C%EB%B0%B1%EC%8B%9C_%EB%8D%94%EB%B6%88%EC%96%B4%EB%AF%BC%EC%A3%BC%EB%8B%B9_%EB%B9%84%EB%A1%80%EB%8C%80%ED%91%9C%20%EC%A0%95%EB%8B%B9%20%EC%A0%9C%EC%B6%9C%EC%9E%90%EB%A3%8C.pdf&requestedFullPath=20260603/PDF/PBINFO_PUB/5206/003_100_20260517_1.pdf,C:\Users\treyl\Documents\Obsidian\Second_Brain\output\nec_2026_local_election_opencrab\github_repo_nec_2026_local_election_opencrab\supplements\official_gap_recovery_2026\direct_nec_downloads\documents\920260603-5200-태백시-더불어민주당-1-1.pdf,downloaded,1282605,,C:\Users\treyl\Documents\Obsidian\Second_Brain\output\nec_2026_local_election_opencrab\github_repo_nec_2026_local_election_opencrab\supplements\official_gap_recovery_2026\direct_nec_downloads\markdown\920260603-5200-태백시-더불어민주당-1-1.md,ok,4,54,,pymupdf,suspiciously_short_text
920260603-5200-정선군-더불어민주당-1-1,강원특별자치도,기초의원비례대표선거,정선군,,더불어민주당,비례대표 정당 제출자료,https://policy.nec.go.kr/plc/common/downloadFile.do?requestedFileName=20260603_%EC%A0%95%EC%84%A0%EA%B5%B0_%EB%8D%94%EB%B6%88%EC%96%B4%EB%AF%BC%EC%A3%BC%EB%8B%B9_%EB%B9%84%EB%A1%80%EB%8C%80%ED%91%9C%20%EC%A0%95%EB%8B%B9%20%EC%A0%9C%EC%B6%9C%EC%9E%90%EB%A3%8C.pdf&requestedFullPath=20260603/PDF/PBINFO_PUB/5207/003_100_20260521_1.pdf,C:\Users\treyl\Documents\Obsidian\Second_Brain\output\nec_2026_local_election_opencrab\github_repo_nec_2026_local_election_opencrab\supplements\official_gap_recovery_2026\direct_nec_downloads\documents\920260603-5200-정선군-더불어민주당-1-1.pdf,downloaded,1582117,,C:\Users\treyl\Documents\Obsidian\Second_Brain\output\nec_2026_local_election_opencrab\github_repo_nec_2026_local_election_opencrab\supplements\official_gap_recovery_2026\direct_nec_downloads\markdown\920260603-5200-정선군-더불어민주당-1-1.md,ok,4,1347,,pymupdf,ok
920260603-5200-화천군-국민의힘-1-1,강원특별자치도,기초의원비례대표선거,화천군,,국민의힘,비례대표 정당 제출자료,https://policy.nec.go.kr/plc/common/downloadFile.do?requestedFileName=20260603_%ED%99%94%EC%B2%9C%EA%B5%B0_%EA%B5%AD%EB%AF%BC%EC%9D%98%ED%9E%98_%EB%B9%84%EB%A1%80%EB%8C%80%ED%91%9C%20%EC%A0%95%EB%8B%B9%20%EC%A0%9C%EC%B6%9C%EC%9E%90%EB%A3%8C.pdf&requestedFullPath=20260603/PDF/PBINFO_PUB/5216/003_200_20260518_1.pdf,C:\Users\treyl\Documents\Obsidian\Second_Brain\output\nec_2026_local_election_opencrab\github_repo_nec_2026_local_election_opencrab\supplements\official_gap_recovery_2026\direct_nec_downloads\documents\920260603-5200-화천군-국민의힘-1-1.pdf,downloaded,16351991,,C:\Users\treyl\Documents\Obsidian\Second_Brain\output\nec_2026_local_election_opencrab\github_repo_nec_2026_local_election_opencrab\supplements\official_gap_recovery_2026\direct_nec_downloads\markdown\920260603-5200-화천군-국민의힘-1-1.md,ok,4,1673,,pymupdf,ok
920260603-5200-횡성군-국민의힘-1-1,강원특별자치도,기초의원비례대표선거,횡성군,,국민의힘,비례대표 정당 제출자료,https://policy.nec.go.kr/plc/common/downloadFile.do?requestedFileName=20260603_%ED%9A%A1%EC%84%B1%EA%B5%B0_%EA%B5%AD%EB%AF%BC%EC%9D%98%ED%9E%98_%EB%B9%84%EB%A1%80%EB%8C%80%ED%91%9C%20%EC%A0%95%EB%8B%B9%20%EC%A0%9C%EC%B6%9C%EC%9E%90%EB%A3%8C.pdf&requestedFullPath=20260603/PDF/PBINFO_PUB/5213/003_200_20260521_1.pdf,C:\Users\treyl\Documents\Obsidian\Second_Brain\output\nec_2026_local_election_opencrab\github_repo_nec_2026_local_election_opencrab\supplements\official_gap_recovery_2026\direct_nec_downloads\documents\920260603-5200-횡성군-국민의힘-1-1.pdf,downloaded,16544125,,C:\Users\treyl\Documents\Obsidian\Second_Brain\output\nec_2026_local_election_opencrab\github_repo_nec_2026_local_election_opencrab\supplements\official_gap_recovery_2026\direct_nec_downloads\markdown\920260603-5200-횡성군-국민의힘-1-1.md,ok,4,1671,,pymupdf,ok
920260603-5200-동해시-국민의힘-1-1,강원특별자치도,기초의원비례대표선거,동해시,,국민의힘,비례대표 정당 제출자료,https://policy.nec.go.kr/plc/common/downloadFile.do?requestedFileName=20260603_%EB%8F%99%ED%95%B4%EC%8B%9C_%EA%B5%AD%EB%AF%BC%EC%9D%98%ED%9E%98_%EB%B9%84%EB%A1%80%EB%8C%80%ED%91%9C%20%EC%A0%95%EB%8B%B9%20%EC%A0%9C%EC%B6%9C%EC%9E%90%EB%A3%8C.pdf&requestedFullPath=20260603/PDF/PBINFO_PUB/5204/003_200_20260523_1.pdf,C:\Users\treyl\Documents\Obsidian\Second_Brain\output\nec_2026_local_election_opencrab\github_repo_nec_2026_local_election_opencrab\supplements\official_gap_recovery_2026\direct_nec_downloads\documents\920260603-5200-동해시-국민의힘-1-1.pdf,downloaded,16350329,,C:\Users\treyl\Documents\Obsidian\Second_Brain\output\nec_2026_local_election_opencrab\github_repo_nec_2026_local_election_opencrab\supplements\official_gap_recovery_2026\direct_nec_downloads\markdown\920260603-5200-동해시-국민의힘-1-1.md,ok,4,1709,,pymupdf,ok
920260603-5200-속초시-국민의힘-1-1,강원특별자치도,기초의원비례대표선거,속초시,,국민의힘,비례대표 정당 제출자료,https://policy.nec.go.kr/plc/common/downloadFile.do?requestedFileName=20260603_%EC%86%8D%EC%B4%88%EC%8B%9C_%EA%B5%AD%EB%AF%BC%EC%9D%98%ED%9E%98_%EB%B9%84%EB%A1%80%EB%8C%80%ED%91%9C%20%EC%A0%95%EB%8B%B9%20%EC%A0%9C%EC%B6%9C%EC%9E%90%EB%A3%8C.pdf&requestedFullPath=20260603/PDF/PBINFO_PUB/5208/003_200_20260521_1.pdf,C:\Users\treyl\Documents\Obsidian\Second_Brain\output\nec_2026_local_election_opencrab\github_repo_nec_2026_local_election_opencrab\supplements\official_gap_recovery_2026\direct_nec_downloads\documents\920260603-5200-속초시-국민의힘-1-1.pdf,downloaded,17126902,,C:\Users\treyl\Documents\Obsidian\Second_Brain\output\nec_2026_local_election_opencrab\github_repo_nec_2026_local_election_opencrab\supplements\official_gap_recovery_2026\direct_nec_downloads\markdown\920260603-5200-속초시-국민의힘-1-1.md,ok,4,1656,,pymupdf,ok
920260603-5200-철원군-국민의힘-1-1,강원특별자치도,기초의원비례대표선거,철원군,,국민의힘,비례대표 정당 제출자료,https://policy.nec.go.kr/plc/common/downloadFile.do?requestedFileName=20260603_%EC%B2%A0%EC%9B%90%EA%B5%B0_%EA%B5%AD%EB%AF%BC%EC%9D%98%ED%9E%98_%EB%B9%84%EB%A1%80%EB%8C%80%ED%91%9C%20%EC%A0%95%EB%8B%B9%20%EC%A0%9C%EC%B6%9C%EC%9E%90%EB%A3%8C.pdf&requestedFullPath=20260603/PDF/PBINFO_PUB/5218/003_200_20260521_1.pdf,C:\Users\treyl\Documents\Obsidian\Second_Brain\output\nec_2026_local_election_opencrab\github_repo_nec_2026_local_election_opencrab\supplements\official_gap_recovery_2026\direct_nec_downloads\documents\920260603-5200-철원군-국민의힘-1-1.pdf,downloaded,16348856,,C:\Users\treyl\Documents\Obsidian\Second_Brain\output\nec_2026_local_election_opencrab\github_repo_nec_2026_local_election_opencrab\supplements\official_gap_recovery_2026\direct_nec_downloads\markdown\920260603-5200-철원군-국민의힘-1-1.md,ok,4,1655,,pymupdf,ok
920260603-5200-정선군-국민의힘-1-1,강원특별자치도,기초의원비례대표선거,정선군,,국민의힘,비례대표 정당 제출자료,https://policy.nec.go.kr/plc/common/downloadFile.do?requestedFileName=20260603_%EC%A0%95%EC%84%A0%EA%B5%B0_%EA%B5%AD%EB%AF%BC%EC%9D%98%ED%9E%98_%EB%B9%84%EB%A1%80%EB%8C%80%ED%91%9C%20%EC%A0%95%EB%8B%B9%20%EC%A0%9C%EC%B6%9C%EC%9E%90%EB%A3%8C.pdf&requestedFullPath=20260603/PDF/PBINFO_PUB/5207/003_200_20260521_1.pdf,C:\Users\treyl\Documents\Obsidian\Second_Brain\output\nec_2026_local_election_opencrab\github_repo_nec_2026_local_election_opencrab\supplements\official_gap_recovery_2026\direct_nec_downloads\documents\920260603-5200-정선군-국민의힘-1-1.pdf,downloaded,16350135,,C:\Users\treyl\Documents\Obsidian\Second_Brain\output\nec_2026_local_election_opencrab\github_repo_nec_2026_local_election_opencrab\supplements\official_gap_recovery_2026\direct_nec_downloads\markdown\920260603-5200-정선군-국민의힘-1-1.md,ok,4,1688,,pymupdf,ok
920260603-5200-인제군-국민의힘-1-1,강원특별자치도,기초의원비례대표선거,인제군,,국민의힘,비례대표 정당 제출자료,https://policy.nec.go.kr/plc/common/downloadFile.do?requestedFileName=20260603_%EC%9D%B8%EC%A0%9C%EA%B5%B0_%EA%B5%AD%EB%AF%BC%EC%9D%98%ED%9E%98_%EB%B9%84%EB%A1%80%EB%8C%80%ED%91%9C%20%EC%A0%95%EB%8B%B9%20%EC%A0%9C%EC%B6%9C%EC%9E%90%EB%A3%8C.pdf&requestedFullPath=20260603/PDF/PBINFO_PUB/5211/003_200_20260522_1.pdf,C:\Users\treyl\Documents\Obsidian\Second_Brain\output\nec_2026_local_election_opencrab\github_repo_nec_2026_local_election_opencrab\supplements\official_gap_recovery_2026\direct_nec_downloads\documents\920260603-5200-인제군-국민의힘-1-1.pdf,downloaded,16403287,,C:\Users\treyl\Documents\Obsidian\Second_Brain\output\nec_2026_local_election_opencrab\github_repo_nec_2026_local_election_opencrab\supplements\official_gap_recovery_2026\direct_nec_downloads\markdown\920260603-5200-인제군-국민의힘-1-1.md,ok,4,1677,,pymupdf,ok
920260603-5200-삼척시-국민의힘-1-1,강원특별자치도,기초의원비례대표선거,삼척시,,국민의힘,비례대표 정당 제출자료,https://policy.nec.go.kr/plc/common/downloadFile.do?requestedFileName=20260603_%EC%82%BC%EC%B2%99%EC%8B%9C_%EA%B5%AD%EB%AF%BC%EC%9D%98%ED%9E%98_%EB%B9%84%EB%A1%80%EB%8C%80%ED%91%9C%20%EC%A0%95%EB%8B%B9%20%EC%A0%9C%EC%B6%9C%EC%9E%90%EB%A3%8C.pdf&requestedFullPath=20260603/PDF/PBINFO_PUB/5205/003_200_20260518_1.pdf,C:\Users\treyl\Documents\Obsidian\Second_Brain\output\nec_2026_local_election_opencrab\github_repo_nec_2026_local_election_opencrab\supplements\official_gap_recovery_2026\direct_nec_downloads\documents\920260603-5200-삼척시-국민의힘-1-1.pdf,downloaded,16351082,,C:\Users\treyl\Documents\Obsidian\Second_Brain\output\nec_2026_local_election_opencrab\github_repo_nec_2026_local_election_opencrab\supplements\official_gap_recovery_2026\direct_nec_downloads\markdown\920260603-5200-삼척시-국민의힘-1-1.md,ok,4,1709,,pymupdf,ok
920260603-5200-양양군-국민의힘-1-1,강원특별자치도,기초의원비례대표선거,양양군,,국민의힘,비례대표 정당 제출자료,https://policy.nec.go.kr/plc/common/downloadFile.do?requestedFileName=20260603_%EC%96%91%EC%96%91%EA%B5%B0_%EA%B5%AD%EB%AF%BC%EC%9D%98%ED%9E%98_%EB%B9%84%EB%A1%80%EB%8C%80%ED%91%9C%20%EC%A0%95%EB%8B%B9%20%EC%A0%9C%EC%B6%9C%EC%9E%90%EB%A3%8C.pdf&requestedFullPath=20260603/PDF/PBINFO_PUB/5210/003_200_20260522_1.pdf,C:\Users\treyl\Documents\Obsidian\Second_Brain\output\nec_2026_local_election_opencrab\github_repo_nec_2026_local_election_opencrab\supplements\official_gap_recovery_2026\direct_nec_downloads\documents\920260603-5200-양양군-국민의힘-1-1.pdf,downloaded,16396619,,C:\Users\treyl\Documents\Obsidian\Second_Brain\output\nec_2026_local_election_opencrab\github_repo_nec_2026_local_election_opencrab\supplements\official_gap_recovery_2026\direct_nec_downloads\markdown\920260603-5200-양양군-국민의힘-1-1.md,ok,4,1666,,pymupdf,ok
920260603-5200-원주시-국민의힘-1-1,강원특별자치도,기초의원비례대표선거,원주시,,국민의힘,비례대표 정당 제출자료,https://policy.nec.go.kr/plc/common/downloadFile.do?requestedFileName=20260603_%EC%9B%90%EC%A3%BC%EC%8B%9C_%EA%B5%AD%EB%AF%BC%EC%9D%98%ED%9E%98_%EB%B9%84%EB%A1%80%EB%8C%80%ED%91%9C%20%EC%A0%95%EB%8B%B9%20%EC%A0%9C%EC%B6%9C%EC%9E%90%EB%A3%8C.pdf&requestedFullPath=20260603/PDF/PBINFO_PUB/5202/003_200_20260523_1.pdf,C:\Users\treyl\Documents\Obsidian\Second_Brain\output\nec_2026_local_election_opencrab\github_repo_nec_2026_local_election_opencrab\supplements\official_gap_recovery_2026\direct_nec_downloads\documents\920260603-5200-원주시-국민의힘-1-1.pdf,downloaded,17091399,,C:\Users\treyl\Documents\Obsidian\Second_Brain\output\nec_2026_local_election_opencrab\github_repo_nec_2026_local_election_opencrab\supplements\official_gap_recovery_2026\direct_nec_downloads\markdown\920260603-5200-원주시-국민의힘-1-1.md,ok,4,1798,,pymupdf,ok
920260603-5200-고성군-국민의힘-1-1,강원특별자치도,기초의원비례대표선거,고성군,,국민의힘,비례대표 정당 제출자료,https://policy.nec.go.kr/plc/common/downloadFile.do?requestedFileName=20260603_%EA%B3%A0%EC%84%B1%EA%B5%B0_%EA%B5%AD%EB%AF%BC%EC%9D%98%ED%9E%98_%EB%B9%84%EB%A1%80%EB%8C%80%ED%91%9C%20%EC%A0%95%EB%8B%B9%20%EC%A0%9C%EC%B6%9C%EC%9E%90%EB%A3%8C.pdf&requestedFullPath=20260603/PDF/PBINFO_PUB/5209/003_200_20260522_1.pdf,C:\Users\treyl\Documents\Obsidian\Second_Brain\output\nec_2026_local_election_opencrab\github_repo_nec_2026_local_election_opencrab\supplements\official_gap_recovery_2026\direct_nec_downloads\documents\920260603-5200-고성군-국민의힘-1-1.pdf,downloaded,1863173,,C:\Users\treyl\Documents\Obsidian\Second_Brain\output\nec_2026_local_election_opencrab\github_repo_nec_2026_local_election_opencrab\supplements\official_gap_recovery_2026\direct_nec_downloads\markdown\920260603-5200-고성군-국민의힘-1-1.md,ok,4,54,,pymupdf,suspiciously_short_text
920260603-5200-강릉시-국민의힘-1-1,강원특별자치도,기초의원비례대표선거,강릉시,,국민의힘,비례대표 정당 제출자료,https://policy.nec.go.kr/plc/common/downloadFile.do?requestedFileName=20260603_%EA%B0%95%EB%A6%89%EC%8B%9C_%EA%B5%AD%EB%AF%BC%EC%9D%98%ED%9E%98_%EB%B9%84%EB%A1%80%EB%8C%80%ED%91%9C%20%EC%A0%95%EB%8B%B9%20%EC%A0%9C%EC%B6%9C%EC%9E%90%EB%A3%8C.pdf&requestedFullPath=20260603/PDF/PBINFO_PUB/5203/003_200_20260521_1.pdf,C:\Users\treyl\Documents\Obsidian\Second_Brain\output\nec_2026_local_election_opencrab\github_repo_nec_2026_local_election_opencrab\supplements\official_gap_recovery_2026\direct_nec_downloads\documents\920260603-5200-강릉시-국민의힘-1-1.pdf,downloaded,16350132,,C:\Users\treyl\Documents\Obsidian\Second_Brain\output\nec_2026_local_election_opencrab\github_repo_nec_2026_local_election_opencrab\supplements\official_gap_recovery_2026\direct_nec_downloads\markdown\920260603-5200-강릉시-국민의힘-1-1.md,ok,4,1689,,pymupdf,ok
920260603-5200-태백시-국민의힘-1-1,강원특별자치도,기초의원비례대표선거,태백시,,국민의힘,비례대표 정당 제출자료,https://policy.nec.go.kr/plc/common/downloadFile.do?requestedFileName=20260603_%ED%83%9C%EB%B0%B1%EC%8B%9C_%EA%B5%AD%EB%AF%BC%EC%9D%98%ED%9E%98_%EB%B9%84%EB%A1%80%EB%8C%80%ED%91%9C%20%EC%A0%95%EB%8B%B9%20%EC%A0%9C%EC%B6%9C%EC%9E%90%EB%A3%8C.pdf&requestedFullPath=20260603/PDF/PBINFO_PUB/5206/003_200_20260518_1.pdf,C:\Users\treyl\Documents\Obsidian\Second_Brain\output\nec_2026_local_election_opencrab\github_repo_nec_2026_local_election_opencrab\supplements\official_gap_recovery_2026\direct_nec_downloads\documents\920260603-5200-태백시-국민의힘-1-1.pdf,downloaded,2440033,,C:\Users\treyl\Documents\Obsidian\Second_Brain\output\nec_2026_local_election_opencrab\github_repo_nec_2026_local_election_opencrab\supplements\official_gap_recovery_2026\direct_nec_downloads\markdown\920260603-5200-태백시-국민의힘-1-1.md,ok,4,1676,,pymupdf,ok
920260603-5200-평창군-국민의힘-1-1,강원특별자치도,기초의원비례대표선거,평창군,,국민의힘,비례대표 정당 제출자료,https://policy.nec.go.kr/plc/common/downloadFile.do?requestedFileName=20260603_%ED%8F%89%EC%B0%BD%EA%B5%B0_%EA%B5%AD%EB%AF%BC%EC%9D%98%ED%9E%98_%EB%B9%84%EB%A1%80%EB%8C%80%ED%91%9C%20%EC%A0%95%EB%8B%B9%20%EC%A0%9C%EC%B6%9C%EC%9E%90%EB%A3%8C.pdf&requestedFullPath=20260603/PDF/PBINFO_PUB/5215/003_200_20260522_1.pdf,C:\Users\treyl\Documents\Obsidian\Second_Brain\output\nec_2026_local_election_opencrab\github_repo_nec_2026_local_election_opencrab\supplements\official_gap_recovery_2026\direct_nec_downloads\documents\920260603-5200-평창군-국민의힘-1-1.pdf,downloaded,17978566,,C:\Users\treyl\Documents\Obsidian\Second_Brain\output\nec_2026_local_election_opencrab\github_repo_nec_2026_local_election_opencrab\supplements\official_gap_recovery_2026\direct_nec_downloads\markdown\920260603-5200-평창군-국민의힘-1-1.md,ok,2,24,,pymupdf,suspiciously_short_text
920260603-4300-단양군-더불어민주당-1-1,충청북도,기초의원비례대표선거,단양군,,더불어민주당,비례대표 정당 제출자료,https://policy.nec.go.kr/plc/common/downloadFile.do?requestedFileName=20260603_%EB%8B%A8%EC%96%91%EA%B5%B0_%EB%8D%94%EB%B6%88%EC%96%B4%EB%AF%BC%EC%A3%BC%EB%8B%B9_%EB%B9%84%EB%A1%80%EB%8C%80%ED%91%9C%20%EC%A0%95%EB%8B%B9%20%EC%A0%9C%EC%B6%9C%EC%9E%90%EB%A3%8C.pdf&requestedFullPath=20260603/PDF/PBINFO_PUB/4305/003_100_20260523_1.pdf,C:\Users\treyl\Documents\Obsidian\Second_Brain\output\nec_2026_local_election_opencrab\github_repo_nec_2026_local_election_opencrab\supplements\official_gap_recovery_2026\direct_nec_downloads\documents\920260603-4300-단양군-더불어민주당-1-1.pdf,downloaded,3774263,,C:\Users\treyl\Documents\Obsidian\Second_Brain\output\nec_2026_local_election_opencrab\github_repo_nec_2026_local_election_opencrab\supplements\official_gap_recovery_2026\direct_nec_downloads\markdown\920260603-4300-단양군-더불어민주당-1-1.md,ok,4,1870,,pymupdf,ok
920260603-4300-증평군-더불어민주당-1-1,충청북도,기초의원비례대표선거,증평군,,더불어민주당,비례대표 정당 제출자료,https://policy.nec.go.kr/plc/common/downloadFile.do?requestedFileName=20260603_%EC%A6%9D%ED%8F%89%EA%B5%B0_%EB%8D%94%EB%B6%88%EC%96%B4%EB%AF%BC%EC%A3%BC%EB%8B%B9_%EB%B9%84%EB%A1%80%EB%8C%80%ED%91%9C%20%EC%A0%95%EB%8B%B9%20%EC%A0%9C%EC%B6%9C%EC%9E%90%EB%A3%8C.pdf&requestedFullPath=20260603/PDF/PBINFO_PUB/4313/003_100_20260522_1.pdf,C:\Users\treyl\Documents\Obsidian\Second_Brain\output\nec_2026_local_election_opencrab\github_repo_nec_2026_local_election_opencrab\supplements\official_gap_recovery_2026\direct_nec_downloads\documents\920260603-4300-증평군-더불어민주당-1-1.pdf,downloaded,3368511,,C:\Users\treyl\Documents\Obsidian\Second_Brain\output\nec_2026_local_election_opencrab\github_repo_nec_2026_local_election_opencrab\supplements\official_gap_recovery_2026\direct_nec_downloads\markdown\920260603-4300-증평군-더불어민주당-1-1.md,ok,4,1686,,pymupdf,ok
920260603-4300-청주시-더불어민주당-1-1,충청북도,기초의원비례대표선거,청주시,,더불어민주당,비례대표 정당 제출자료,https://policy.nec.go.kr/plc/common/downloadFile.do?requestedFileName=20260603_%EC%B2%AD%EC%A3%BC%EC%8B%9C_%EB%8D%94%EB%B6%88%EC%96%B4%EB%AF%BC%EC%A3%BC%EB%8B%B9_%EB%B9%84%EB%A1%80%EB%8C%80%ED%91%9C%20%EC%A0%95%EB%8B%B9%20%EC%A0%9C%EC%B6%9C%EC%9E%90%EB%A3%8C.pdf&requestedFullPath=20260603/PDF/PBINFO_PUB/4301/003_100_20260522_2.pdf,C:\Users\treyl\Documents\Obsidian\Second_Brain\output\nec_2026_local_election_opencrab\github_repo_nec_2026_local_election_opencrab\supplements\official_gap_recovery_2026\direct_nec_downloads\documents\920260603-4300-청주시-더불어민주당-1-1.pdf,downloaded,4095108,,C:\Users\treyl\Documents\Obsidian\Second_Brain\output\nec_2026_local_election_opencrab\github_repo_nec_2026_local_election_opencrab\supplements\official_gap_recovery_2026\direct_nec_downloads\markdown\920260603-4300-청주시-더불어민주당-1-1.md,ok,4,2084,,pymupdf,ok
920260603-4300-보은군-더불어민주당-1-1,충청북도,기초의원비례대표선거,보은군,,더불어민주당,비례대표 정당 제출자료,https://policy.nec.go.kr/plc/common/downloadFile.do?requestedFileName=20260603_%EB%B3%B4%EC%9D%80%EA%B5%B0_%EB%8D%94%EB%B6%88%EC%96%B4%EB%AF%BC%EC%A3%BC%EB%8B%B9_%EB%B9%84%EB%A1%80%EB%8C%80%ED%91%9C%20%EC%A0%95%EB%8B%B9%20%EC%A0%9C%EC%B6%9C%EC%9E%90%EB%A3%8C.pdf&requestedFullPath=20260603/PDF/PBINFO_PUB/4308/003_100_20260523_1.pdf,C:\Users\treyl\Documents\Obsidian\Second_Brain\output\nec_2026_local_election_opencrab\github_repo_nec_2026_local_election_opencrab\supplements\official_gap_recovery_2026\direct_nec_downloads\documents\920260603-4300-보은군-더불어민주당-1-1.pdf,downloaded,3040550,,C:\Users\treyl\Documents\Obsidian\Second_Brain\output\nec_2026_local_election_opencrab\github_repo_nec_2026_local_election_opencrab\supplements\official_gap_recovery_2026\direct_nec_downloads\markdown\920260603-4300-보은군-더불어민주당-1-1.md,ok,4,1505,,pymupdf,ok
920260603-4300-괴산군-더불어민주당-1-1,충청북도,기초의원비례대표선거,괴산군,,더불어민주당,비례대표 정당 제출자료,https://policy.nec.go.kr/plc/common/downloadFile.do?requestedFileName=20260603_%EA%B4%B4%EC%82%B0%EA%B5%B0_%EB%8D%94%EB%B6%88%EC%96%B4%EB%AF%BC%EC%A3%BC%EB%8B%B9_%EB%B9%84%EB%A1%80%EB%8C%80%ED%91%9C%20%EC%A0%95%EB%8B%B9%20%EC%A0%9C%EC%B6%9C%EC%9E%90%EB%A3%8C.pdf&requestedFullPath=20260603/PDF/PBINFO_PUB/4312/003_100_20260523_1.pdf,C:\Users\treyl\Documents\Obsidian\Second_Brain\output\nec_2026_local_election_opencrab\github_repo_nec_2026_local_election_opencrab\supplements\official_gap_recovery_2026\direct_nec_downloads\documents\920260603-4300-괴산군-더불어민주당-1-1.pdf,downloaded,3170135,,C:\Users\treyl\Documents\Obsidian\Second_Brain\output\nec_2026_local_election_opencrab\github_repo_nec_2026_local_election_opencrab\supplements\official_gap_recovery_2026\direct_nec_downloads\markdown\920260603-4300-괴산군-더불어민주당-1-1.md,ok,4,2118,,pymupdf,ok
920260603-4300-진천군-더불어민주당-1-1,충청북도,기초의원비례대표선거,진천군,,더불어민주당,비례대표 정당 제출자료,https://policy.nec.go.kr/plc/common/downloadFile.do?requestedFileName=20260603_%EC%A7%84%EC%B2%9C%EA%B5%B0_%EB%8D%94%EB%B6%88%EC%96%B4%EB%AF%BC%EC%A3%BC%EB%8B%B9_%EB%B9%84%EB%A1%80%EB%8C%80%ED%91%9C%20%EC%A0%95%EB%8B%B9%20%EC%A0%9C%EC%B6%9C%EC%9E%90%EB%A3%8C.pdf&requestedFullPath=20260603/PDF/PBINFO_PUB/4311/003_100_20260523_1.pdf,C:\Users\treyl\Documents\Obsidian\Second_Brain\output\nec_2026_local_election_opencrab\github_repo_nec_2026_local_election_opencrab\supplements\official_gap_recovery_2026\direct_nec_downloads\documents\920260603-4300-진천군-더불어민주당-1-1.pdf,downloaded,3177276,,C:\Users\treyl\Documents\Obsidian\Second_Brain\output\nec_2026_local_election_opencrab\github_repo_nec_2026_local_election_opencrab\supplements\official_gap_recovery_2026\direct_nec_downloads\markdown\920260603-4300-진천군-더불어민주당-1-1.md,ok,4,1716,,pymupdf,ok
920260603-4300-영동군-더불어민주당-1-1,충청북도,기초의원비례대표선거,영동군,,더불어민주당,비례대표 정당 제출자료,https://policy.nec.go.kr/plc/common/downloadFile.do?requestedFileName=20260603_%EC%98%81%EB%8F%99%EA%B5%B0_%EB%8D%94%EB%B6%88%EC%96%B4%EB%AF%BC%EC%A3%BC%EB%8B%B9_%EB%B9%84%EB%A1%80%EB%8C%80%ED%91%9C%20%EC%A0%95%EB%8B%B9%20%EC%A0%9C%EC%B6%9C%EC%9E%90%EB%A3%8C.pdf&requestedFullPath=20260603/PDF/PBINFO_PUB/4307/003_100_20260523_1.pdf,C:\Users\treyl\Documents\Obsidian\Second_Brain\output\nec_2026_local_election_opencrab\github_repo_nec_2026_local_election_opencrab\supplements\official_gap_recovery_2026\direct_nec_downloads\documents\920260603-4300-영동군-더불어민주당-1-1.pdf,downloaded,3274873,,C:\Users\treyl\Documents\Obsidian\Second_Brain\output\nec_2026_local_election_opencrab\github_repo_nec_2026_local_election_opencrab\supplements\official_gap_recovery_2026\direct_nec_downloads\markdown\920260603-4300-영동군-더불어민주당-1-1.md,ok,4,1899,,pymupdf,ok
920260603-4300-충주시-더불어민주당-1-1,충청북도,기초의원비례대표선거,충주시,,더불어민주당,비례대표 정당 제출자료,https://policy.nec.go.kr/plc/common/downloadFile.do?requestedFileName=20260603_%EC%B6%A9%EC%A3%BC%EC%8B%9C_%EB%8D%94%EB%B6%88%EC%96%B4%EB%AF%BC%EC%A3%BC%EB%8B%B9_%EB%B9%84%EB%A1%80%EB%8C%80%ED%91%9C%20%EC%A0%95%EB%8B%B9%20%EC%A0%9C%EC%B6%9C%EC%9E%90%EB%A3%8C.pdf&requestedFullPath=20260603/PDF/PBINFO_PUB/4303/003_100_20260524_1.pdf,C:\Users\treyl\Documents\Obsidian\Second_Brain\output\nec_2026_local_election_opencrab\github_repo_nec_2026_local_election_opencrab\supplements\official_gap_recovery_2026\direct_nec_downloads\documents\920260603-4300-충주시-더불어민주당-1-1.pdf,downloaded,4243290,,C:\Users\treyl\Documents\Obsidian\Second_Brain\output\nec_2026_local_election_opencrab\github_repo_nec_2026_local_election_opencrab\supplements\official_gap_recovery_2026\direct_nec_downloads\markdown\920260603-4300-충주시-더불어민주당-1-1.md,ok,4,1722,,pymupdf,ok
920260603-4300-제천시-더불어민주당-1-1,충청북도,기초의원비례대표선거,제천시,,더불어민주당,비례대표 정당 제출자료,https://policy.nec.go.kr/plc/common/downloadFile.do?requestedFileName=20260603_%EC%A0%9C%EC%B2%9C%EC%8B%9C_%EB%8D%94%EB%B6%88%EC%96%B4%EB%AF%BC%EC%A3%BC%EB%8B%B9_%EB%B9%84%EB%A1%80%EB%8C%80%ED%91%9C%20%EC%A0%95%EB%8B%B9%20%EC%A0%9C%EC%B6%9C%EC%9E%90%EB%A3%8C.pdf&requestedFullPath=20260603/PDF/PBINFO_PUB/4304/003_100_20260523_1.pdf,C:\Users\treyl\Documents\Obsidian\Second_Brain\output\nec_2026_local_election_opencrab\github_repo_nec_2026_local_election_opencrab\supplements\official_gap_recovery_2026\direct_nec_downloads\documents\920260603-4300-제천시-더불어민주당-1-1.pdf,downloaded,3200364,,C:\Users\treyl\Documents\Obsidian\Second_Brain\output\nec_2026_local_election_opencrab\github_repo_nec_2026_local_election_opencrab\supplements\official_gap_recovery_2026\direct_nec_downloads\markdown\920260603-4300-제천시-더불어민주당-1-1.md,ok,4,2152,,pymupdf,ok
920260603-4300-음성군-더불어민주당-1-1,충청북도,기초의원비례대표선거,음성군,,더불어민주당,비례대표 정당 제출자료,https://policy.nec.go.kr/plc/common/downloadFile.do?requestedFileName=20260603_%EC%9D%8C%EC%84%B1%EA%B5%B0_%EB%8D%94%EB%B6%88%EC%96%B4%EB%AF%BC%EC%A3%BC%EB%8B%B9_%EB%B9%84%EB%A1%80%EB%8C%80%ED%91%9C%20%EC%A0%95%EB%8B%B9%20%EC%A0%9C%EC%B6%9C%EC%9E%90%EB%A3%8C.pdf&requestedFullPath=20260603/PDF/PBINFO_PUB/4310/003_100_20260523_1.pdf,C:\Users\treyl\Documents\Obsidian\Second_Brain\output\nec_2026_local_election_opencrab\github_repo_nec_2026_local_election_opencrab\supplements\official_gap_recovery_2026\direct_nec_downloads\documents\920260603-4300-음성군-더불어민주당-1-1.pdf,downloaded,3716516,,C:\Users\treyl\Documents\Obsidian\Second_Brain\output\nec_2026_local_election_opencrab\github_repo_nec_2026_local_election_opencrab\supplements\official_gap_recovery_2026\direct_nec_downloads\markdown\920260603-4300-음성군-더불어민주당-1-1.md,ok,4,1665,,pymupdf,ok
920260603-4300-옥천군-더불어민주당-1-1,충청북도,기초의원비례대표선거,옥천군,,더불어민주당,비례대표 정당 제출자료,https://policy.nec.go.kr/plc/common/downloadFile.do?requestedFileName=20260603_%EC%98%A5%EC%B2%9C%EA%B5%B0_%EB%8D%94%EB%B6%88%EC%96%B4%EB%AF%BC%EC%A3%BC%EB%8B%B9_%EB%B9%84%EB%A1%80%EB%8C%80%ED%91%9C%20%EC%A0%95%EB%8B%B9%20%EC%A0%9C%EC%B6%9C%EC%9E%90%EB%A3%8C.pdf&requestedFullPath=20260603/PDF/PBINFO_PUB/4309/003_100_20260523_1.pdf,C:\Users\treyl\Documents\Obsidian\Second_Brain\output\nec_2026_local_election_opencrab\github_repo_nec_2026_local_election_opencrab\supplements\official_gap_recovery_2026\direct_nec_downloads\documents\920260603-4300-옥천군-더불어민주당-1-1.pdf,downloaded,3142290,,C:\Users\treyl\Documents\Obsidian\Second_Brain\output\nec_2026_local_election_opencrab\github_repo_nec_2026_local_election_opencrab\supplements\official_gap_recovery_2026\direct_nec_downloads\markdown\920260603-4300-옥천군-더불어민주당-1-1.md,ok,4,1662,,pymupdf,ok
920260603-4300-충주시-국민의힘-1-1,충청북도,기초의원비례대표선거,충주시,,국민의힘,비례대표 정당 제출자료,https://policy.nec.go.kr/plc/common/downloadFile.do?requestedFileName=20260603_%EC%B6%A9%EC%A3%BC%EC%8B%9C_%EA%B5%AD%EB%AF%BC%EC%9D%98%ED%9E%98_%EB%B9%84%EB%A1%80%EB%8C%80%ED%91%9C%20%EC%A0%95%EB%8B%B9%20%EC%A0%9C%EC%B6%9C%EC%9E%90%EB%A3%8C.pdf&requestedFullPath=20260603/PDF/PBINFO_PUB/4303/003_200_20260524_1.pdf,C:\Users\treyl\Documents\Obsidian\Second_Brain\output\nec_2026_local_election_opencrab\github_repo_nec_2026_local_election_opencrab\supplements\official_gap_recovery_2026\direct_nec_downloads\documents\920260603-4300-충주시-국민의힘-1-1.pdf,downloaded,10898324,,C:\Users\treyl\Documents\Obsidian\Second_Brain\output\nec_2026_local_election_opencrab\github_repo_nec_2026_local_election_opencrab\supplements\official_gap_recovery_2026\direct_nec_downloads\markdown\920260603-4300-충주시-국민의힘-1-1.md,ok,2,866,,pymupdf,ok
920260603-4300-괴산군-국민의힘-1-1,충청북도,기초의원비례대표선거,괴산군,,국민의힘,비례대표 정당 제출자료,https://policy.nec.go.kr/plc/common/downloadFile.do?requestedFileName=20260603_%EA%B4%B4%EC%82%B0%EA%B5%B0_%EA%B5%AD%EB%AF%BC%EC%9D%98%ED%9E%98_%EB%B9%84%EB%A1%80%EB%8C%80%ED%91%9C%20%EC%A0%95%EB%8B%B9%20%EC%A0%9C%EC%B6%9C%EC%9E%90%EB%A3%8C.pdf&requestedFullPath=20260603/PDF/PBINFO_PUB/4312/003_200_20260523_1.pdf,C:\Users\treyl\Documents\Obsidian\Second_Brain\output\nec_2026_local_election_opencrab\github_repo_nec_2026_local_election_opencrab\supplements\official_gap_recovery_2026\direct_nec_downloads\documents\920260603-4300-괴산군-국민의힘-1-1.pdf,downloaded,1457869,,C:\Users\treyl\Documents\Obsidian\Second_Brain\output\nec_2026_local_election_opencrab\github_repo_nec_2026_local_election_opencrab\supplements\official_gap_recovery_2026\direct_nec_downloads\markdown\920260603-4300-괴산군-국민의힘-1-1.md,ok,8,2339,,pymupdf,ok
920260603-4300-제천시-국민의힘-1-1,충청북도,기초의원비례대표선거,제천시,,국민의힘,비례대표 정당 제출자료,https://policy.nec.go.kr/plc/common/downloadFile.do?requestedFileName=20260603_%EC%A0%9C%EC%B2%9C%EC%8B%9C_%EA%B5%AD%EB%AF%BC%EC%9D%98%ED%9E%98_%EB%B9%84%EB%A1%80%EB%8C%80%ED%91%9C%20%EC%A0%95%EB%8B%B9%20%EC%A0%9C%EC%B6%9C%EC%9E%90%EB%A3%8C.pdf&requestedFullPath=20260603/PDF/PBINFO_PUB/4304/003_200_20260523_1.pdf,C:\Users\treyl\Documents\Obsidian\Second_Brain\output\nec_2026_local_election_opencrab\github_repo_nec_2026_local_election_opencrab\supplements\official_gap_recovery_2026\direct_nec_downloads\documents\920260603-4300-제천시-국민의힘-1-1.pdf,downloaded,5859837,,C:\Users\treyl\Documents\Obsidian\Second_Brain\output\nec_2026_local_election_opencrab\github_repo_nec_2026_local_election_opencrab\supplements\official_gap_recovery_2026\direct_nec_downloads\markdown\920260603-4300-제천시-국민의힘-1-1.md,ok,4,1111,,pymupdf,ok
920260603-4300-단양군-국민의힘-1-1,충청북도,기초의원비례대표선거,단양군,,국민의힘,비례대표 정당 제출자료,https://policy.nec.go.kr/plc/common/downloadFile.do?requestedFileName=20260603_%EB%8B%A8%EC%96%91%EA%B5%B0_%EA%B5%AD%EB%AF%BC%EC%9D%98%ED%9E%98_%EB%B9%84%EB%A1%80%EB%8C%80%ED%91%9C%20%EC%A0%95%EB%8B%B9%20%EC%A0%9C%EC%B6%9C%EC%9E%90%EB%A3%8C.pdf&requestedFullPath=20260603/PDF/PBINFO_PUB/4305/003_200_20260523_1.pdf,C:\Users\treyl\Documents\Obsidian\Second_Brain\output\nec_2026_local_election_opencrab\github_repo_nec_2026_local_election_opencrab\supplements\official_gap_recovery_2026\direct_nec_downloads\documents\920260603-4300-단양군-국민의힘-1-1.pdf,downloaded,4292158,,C:\Users\treyl\Documents\Obsidian\Second_Brain\output\nec_2026_local_election_opencrab\github_repo_nec_2026_local_election_opencrab\supplements\official_gap_recovery_2026\direct_nec_downloads\markdown\920260603-4300-단양군-국민의힘-1-1.md,ok,4,1587,,pymupdf,ok
920260603-4300-영동군-국민의힘-1-1,충청북도,기초의원비례대표선거,영동군,,국민의힘,비례대표 정당 제출자료,https://policy.nec.go.kr/plc/common/downloadFile.do?requestedFileName=20260603_%EC%98%81%EB%8F%99%EA%B5%B0_%EA%B5%AD%EB%AF%BC%EC%9D%98%ED%9E%98_%EB%B9%84%EB%A1%80%EB%8C%80%ED%91%9C%20%EC%A0%95%EB%8B%B9%20%EC%A0%9C%EC%B6%9C%EC%9E%90%EB%A3%8C.pdf&requestedFullPath=20260603/PDF/PBINFO_PUB/4307/003_200_20260523_1.pdf,C:\Users\treyl\Documents\Obsidian\Second_Brain\output\nec_2026_local_election_opencrab\github_repo_nec_2026_local_election_opencrab\supplements\official_gap_recovery_2026\direct_nec_downloads\documents\920260603-4300-영동군-국민의힘-1-1.pdf,downloaded,5763588,,C:\Users\treyl\Documents\Obsidian\Second_Brain\output\nec_2026_local_election_opencrab\github_repo_nec_2026_local_election_opencrab\supplements\official_gap_recovery_2026\direct_nec_downloads\markdown\920260603-4300-영동군-국민의힘-1-1.md,ok,2,24,,pymupdf,suspiciously_short_text
920260603-4300-진천군-국민의힘-1-1,충청북도,기초의원비례대표선거,진천군,,국민의힘,비례대표 정당 제출자료,https://policy.nec.go.kr/plc/common/downloadFile.do?requestedFileName=20260603_%EC%A7%84%EC%B2%9C%EA%B5%B0_%EA%B5%AD%EB%AF%BC%EC%9D%98%ED%9E%98_%EB%B9%84%EB%A1%80%EB%8C%80%ED%91%9C%20%EC%A0%95%EB%8B%B9%20%EC%A0%9C%EC%B6%9C%EC%9E%90%EB%A3%8C.pdf&requestedFullPath=20260603/PDF/PBINFO_PUB/4311/003_200_20260523_1.pdf,C:\Users\treyl\Documents\Obsidian\Second_Brain\output\nec_2026_local_election_opencrab\github_repo_nec_2026_local_election_opencrab\supplements\official_gap_recovery_2026\direct_nec_downloads\documents\920260603-4300-진천군-국민의힘-1-1.pdf,downloaded,1207856,,C:\Users\treyl\Documents\Obsidian\Second_Brain\output\nec_2026_local_election_opencrab\github_repo_nec_2026_local_election_opencrab\supplements\official_gap_recovery_2026\direct_nec_downloads\markdown\920260603-4300-진천군-국민의힘-1-1.md,ok,2,972,,pymupdf,ok
920260603-4300-증평군-국민의힘-1-1,충청북도,기초의원비례대표선거,증평군,,국민의힘,비례대표 정당 제출자료,https://policy.nec.go.kr/plc/common/downloadFile.do?requestedFileName=20260603_%EC%A6%9D%ED%8F%89%EA%B5%B0_%EA%B5%AD%EB%AF%BC%EC%9D%98%ED%9E%98_%EB%B9%84%EB%A1%80%EB%8C%80%ED%91%9C%20%EC%A0%95%EB%8B%B9%20%EC%A0%9C%EC%B6%9C%EC%9E%90%EB%A3%8C.pdf&requestedFullPath=20260603/PDF/PBINFO_PUB/4313/003_200_20260522_1.pdf,C:\Users\treyl\Documents\Obsidian\Second_Brain\output\nec_2026_local_election_opencrab\github_repo_nec_2026_local_election_opencrab\supplements\official_gap_recovery_2026\direct_nec_downloads\documents\920260603-4300-증평군-국민의힘-1-1.pdf,downloaded,1063439,,C:\Users\treyl\Documents\Obsidian\Second_Brain\output\nec_2026_local_election_opencrab\github_repo_nec_2026_local_election_opencrab\supplements\official_gap_recovery_2026\direct_nec_downloads\markdown\920260603-4300-증평군-국민의힘-1-1.md,ok,2,609,,pymupdf,ok
920260603-4300-보은군-국민의힘-1-1,충청북도,기초의원비례대표선거,보은군,,국민의힘,비례대표 정당 제출자료,https://policy.nec.go.kr/plc/common/downloadFile.do?requestedFileName=20260603_%EB%B3%B4%EC%9D%80%EA%B5%B0_%EA%B5%AD%EB%AF%BC%EC%9D%98%ED%9E%98_%EB%B9%84%EB%A1%80%EB%8C%80%ED%91%9C%20%EC%A0%95%EB%8B%B9%20%EC%A0%9C%EC%B6%9C%EC%9E%90%EB%A3%8C.pdf&requestedFullPath=20260603/PDF/PBINFO_PUB/4308/003_200_20260523_1.pdf,C:\Users\treyl\Documents\Obsidian\Second_Brain\output\nec_2026_local_election_opencrab\github_repo_nec_2026_local_election_opencrab\supplements\official_gap_recovery_2026\direct_nec_downloads\documents\920260603-4300-보은군-국민의힘-1-1.pdf,downloaded,4105046,,C:\Users\treyl\Documents\Obsidian\Second_Brain\output\nec_2026_local_election_opencrab\github_repo_nec_2026_local_election_opencrab\supplements\official_gap_recovery_2026\direct_nec_downloads\markdown\920260603-4300-보은군-국민의힘-1-1.md,ok,4,1155,,pymupdf,ok
920260603-4300-음성군-국민의힘-1-1,충청북도,기초의원비례대표선거,음성군,,국민의힘,비례대표 정당 제출자료,https://policy.nec.go.kr/plc/common/downloadFile.do?requestedFileName=20260603_%EC%9D%8C%EC%84%B1%EA%B5%B0_%EA%B5%AD%EB%AF%BC%EC%9D%98%ED%9E%98_%EB%B9%84%EB%A1%80%EB%8C%80%ED%91%9C%20%EC%A0%95%EB%8B%B9%20%EC%A0%9C%EC%B6%9C%EC%9E%90%EB%A3%8C.pdf&requestedFullPath=20260603/PDF/PBINFO_PUB/4310/003_200_20260523_1.pdf,C:\Users\treyl\Documents\Obsidian\Second_Brain\output\nec_2026_local_election_opencrab\github_repo_nec_2026_local_election_opencrab\supplements\official_gap_recovery_2026\direct_nec_downloads\documents\920260603-4300-음성군-국민의힘-1-1.pdf,downloaded,1101415,,C:\Users\treyl\Documents\Obsidian\Second_Brain\output\nec_2026_local_election_opencrab\github_repo_nec_2026_local_election_opencrab\supplements\official_gap_recovery_2026\direct_nec_downloads\markdown\920260603-4300-음성군-국민의힘-1-1.md,ok,2,597,,pymupdf,ok
920260603-4300-옥천군-국민의힘-1-1,충청북도,기초의원비례대표선거,옥천군,,국민의힘,비례대표 정당 제출자료,https://policy.nec.go.kr/plc/common/downloadFile.do?requestedFileName=20260603_%EC%98%A5%EC%B2%9C%EA%B5%B0_%EA%B5%AD%EB%AF%BC%EC%9D%98%ED%9E%98_%EB%B9%84%EB%A1%80%EB%8C%80%ED%91%9C%20%EC%A0%95%EB%8B%B9%20%EC%A0%9C%EC%B6%9C%EC%9E%90%EB%A3%8C.pdf&requestedFullPath=20260603/PDF/PBINFO_PUB/4309/003_200_20260523_1.pdf,C:\Users\treyl\Documents\Obsidian\Second_Brain\output\nec_2026_local_election_opencrab\github_repo_nec_2026_local_election_opencrab\supplements\official_gap_recovery_2026\direct_nec_downloads\documents\920260603-4300-옥천군-국민의힘-1-1.pdf,downloaded,869404,,C:\Users\treyl\Documents\Obsidian\Second_Brain\output\nec_2026_local_election_opencrab\github_repo_nec_2026_local_election_opencrab\supplements\official_gap_recovery_2026\direct_nec_downloads\markdown\920260603-4300-옥천군-국민의힘-1-1.md,ok,4,1114,,pymupdf,ok
920260603-4300-청주시-국민의힘-1-1,충청북도,기초의원비례대표선거,청주시,,국민의힘,비례대표 정당 제출자료,https://policy.nec.go.kr/plc/common/downloadFile.do?requestedFileName=20260603_%EC%B2%AD%EC%A3%BC%EC%8B%9C_%EA%B5%AD%EB%AF%BC%EC%9D%98%ED%9E%98_%EB%B9%84%EB%A1%80%EB%8C%80%ED%91%9C%20%EC%A0%95%EB%8B%B9%20%EC%A0%9C%EC%B6%9C%EC%9E%90%EB%A3%8C.pdf&requestedFullPath=20260603/PDF/PBINFO_PUB/4301/003_200_20260515_1.pdf,C:\Users\treyl\Documents\Obsidian\Second_Brain\output\nec_2026_local_election_opencrab\github_repo_nec_2026_local_election_opencrab\supplements\official_gap_recovery_2026\direct_nec_downloads\documents\920260603-4300-청주시-국민의힘-1-1.pdf,downloaded,6010317,,C:\Users\treyl\Documents\Obsidian\Second_Brain\output\nec_2026_local_election_opencrab\github_repo_nec_2026_local_election_opencrab\supplements\official_gap_recovery_2026\direct_nec_downloads\markdown\920260603-4300-청주시-국민의힘-1-1.md,ok,8,2432,,pymupdf,ok
920260603-4300-청주시-조국혁신당-1-1,충청북도,기초의원비례대표선거,청주시,,조국혁신당,비례대표 정당 제출자료,https://policy.nec.go.kr/plc/common/downloadFile.do?requestedFileName=20260603_%EC%B2%AD%EC%A3%BC%EC%8B%9C_%EC%A1%B0%EA%B5%AD%ED%98%81%EC%8B%A0%EB%8B%B9_%EB%B9%84%EB%A1%80%EB%8C%80%ED%91%9C%20%EC%A0%95%EB%8B%B9%20%EC%A0%9C%EC%B6%9C%EC%9E%90%EB%A3%8C.pdf&requestedFullPath=20260603/PDF/PBINFO_PUB/4301/003_5077_20260517_3.pdf,C:\Users\treyl\Documents\Obsidian\Second_Brain\output\nec_2026_local_election_opencrab\github_repo_nec_2026_local_election_opencrab\supplements\official_gap_recovery_2026\direct_nec_downloads\documents\920260603-4300-청주시-조국혁신당-1-1.pdf,downloaded,13197017,,C:\Users\treyl\Documents\Obsidian\Second_Brain\output\nec_2026_local_election_opencrab\github_repo_nec_2026_local_election_opencrab\supplements\official_gap_recovery_2026\direct_nec_downloads\markdown\920260603-4300-청주시-조국혁신당-1-1.md,ok,2,744,,pymupdf,ok
920260603-4400-논산시-더불어민주당-1-1,충청남도,기초의원비례대표선거,논산시,,더불어민주당,비례대표 정당 제출자료,https://policy.nec.go.kr/plc/common/downloadFile.do?requestedFileName=20260603_%EB%85%BC%EC%82%B0%EC%8B%9C_%EB%8D%94%EB%B6%88%EC%96%B4%EB%AF%BC%EC%A3%BC%EB%8B%B9_%EB%B9%84%EB%A1%80%EB%8C%80%ED%91%9C%20%EC%A0%95%EB%8B%B9%20%EC%A0%9C%EC%B6%9C%EC%9E%90%EB%A3%8C.pdf&requestedFullPath=20260603/PDF/PBINFO_PUB/4409/003_100_20260522_1.pdf,C:\Users\treyl\Documents\Obsidian\Second_Brain\output\nec_2026_local_election_opencrab\github_repo_nec_2026_local_election_opencrab\supplements\official_gap_recovery_2026\direct_nec_downloads\documents\920260603-4400-논산시-더불어민주당-1-1.pdf,downloaded,2452475,,C:\Users\treyl\Documents\Obsidian\Second_Brain\output\nec_2026_local_election_opencrab\github_repo_nec_2026_local_election_opencrab\supplements\official_gap_recovery_2026\direct_nec_downloads\markdown\920260603-4400-논산시-더불어민주당-1-1.md,ok,8,1485,,pymupdf,ok
920260603-4400-태안군-더불어민주당-1-1,충청남도,기초의원비례대표선거,태안군,,더불어민주당,비례대표 정당 제출자료,https://policy.nec.go.kr/plc/common/downloadFile.do?requestedFileName=20260603_%ED%83%9C%EC%95%88%EA%B5%B0_%EB%8D%94%EB%B6%88%EC%96%B4%EB%AF%BC%EC%A3%BC%EB%8B%B9_%EB%B9%84%EB%A1%80%EB%8C%80%ED%91%9C%20%EC%A0%95%EB%8B%B9%20%EC%A0%9C%EC%B6%9C%EC%9E%90%EB%A3%8C.pdf&requestedFullPath=20260603/PDF/PBINFO_PUB/4406/003_100_20260514_1.pdf,C:\Users\treyl\Documents\Obsidian\Second_Brain\output\nec_2026_local_election_opencrab\github_repo_nec_2026_local_election_opencrab\supplements\official_gap_recovery_2026\direct_nec_downloads\documents\920260603-4400-태안군-더불어민주당-1-1.pdf,downloaded,8377200,,C:\Users\treyl\Documents\Obsidian\Second_Brain\output\nec_2026_local_election_opencrab\github_repo_nec_2026_local_election_opencrab\supplements\official_gap_recovery_2026\direct_nec_downloads\markdown\920260603-4400-태안군-더불어민주당-1-1.md,ok,8,1379,,pymupdf,ok
920260603-4400-홍성군-더불어민주당-1-1,충청남도,기초의원비례대표선거,홍성군,,더불어민주당,비례대표 정당 제출자료,https://policy.nec.go.kr/plc/common/downloadFile.do?requestedFileName=20260603_%ED%99%8D%EC%84%B1%EA%B5%B0_%EB%8D%94%EB%B6%88%EC%96%B4%EB%AF%BC%EC%A3%BC%EB%8B%B9_%EB%B9%84%EB%A1%80%EB%8C%80%ED%91%9C%20%EC%A0%95%EB%8B%B9%20%EC%A0%9C%EC%B6%9C%EC%9E%90%EB%A3%8C.pdf&requestedFullPath=20260603/PDF/PBINFO_PUB/4413/003_100_20260523_1.pdf,C:\Users\treyl\Documents\Obsidian\Second_Brain\output\nec_2026_local_election_opencrab\github_repo_nec_2026_local_election_opencrab\supplements\official_gap_recovery_2026\direct_nec_downloads\documents\920260603-4400-홍성군-더불어민주당-1-1.pdf,downloaded,2485151,,C:\Users\treyl\Documents\Obsidian\Second_Brain\output\nec_2026_local_election_opencrab\github_repo_nec_2026_local_election_opencrab\supplements\official_gap_recovery_2026\direct_nec_downloads\markdown\920260603-4400-홍성군-더불어민주당-1-1.md,ok,8,1319,,pymupdf,ok
920260603-4400-보령시-더불어민주당-1-1,충청남도,기초의원비례대표선거,보령시,,더불어민주당,비례대표 정당 제출자료,https://policy.nec.go.kr/plc/common/downloadFile.do?requestedFileName=20260603_%EB%B3%B4%EB%A0%B9%EC%8B%9C_%EB%8D%94%EB%B6%88%EC%96%B4%EB%AF%BC%EC%A3%BC%EB%8B%B9_%EB%B9%84%EB%A1%80%EB%8C%80%ED%91%9C%20%EC%A0%95%EB%8B%B9%20%EC%A0%9C%EC%B6%9C%EC%9E%90%EB%A3%8C.pdf&requestedFullPath=20260603/PDF/PBINFO_PUB/4403/003_100_20260523_1.pdf,C:\Users\treyl\Documents\Obsidian\Second_Brain\output\nec_2026_local_election_opencrab\github_repo_nec_2026_local_election_opencrab\supplements\official_gap_recovery_2026\direct_nec_downloads\documents\920260603-4400-보령시-더불어민주당-1-1.pdf,downloaded,8605937,,C:\Users\treyl\Documents\Obsidian\Second_Brain\output\nec_2026_local_election_opencrab\github_repo_nec_2026_local_election_opencrab\supplements\official_gap_recovery_2026\direct_nec_downloads\markdown\920260603-4400-보령시-더불어민주당-1-1.md,ok,8,1621,,pymupdf,ok
920260603-4400-서산시-더불어민주당-1-1,충청남도,기초의원비례대표선거,서산시,,더불어민주당,비례대표 정당 제출자료,https://policy.nec.go.kr/plc/common/downloadFile.do?requestedFileName=20260603_%EC%84%9C%EC%82%B0%EC%8B%9C_%EB%8D%94%EB%B6%88%EC%96%B4%EB%AF%BC%EC%A3%BC%EB%8B%B9_%EB%B9%84%EB%A1%80%EB%8C%80%ED%91%9C%20%EC%A0%95%EB%8B%B9%20%EC%A0%9C%EC%B6%9C%EC%9E%90%EB%A3%8C.pdf&requestedFullPath=20260603/PDF/PBINFO_PUB/4405/003_100_20260517_1.pdf,C:\Users\treyl\Documents\Obsidian\Second_Brain\output\nec_2026_local_election_opencrab\github_repo_nec_2026_local_election_opencrab\supplements\official_gap_recovery_2026\direct_nec_downloads\documents\920260603-4400-서산시-더불어민주당-1-1.pdf,downloaded,8485792,,C:\Users\treyl\Documents\Obsidian\Second_Brain\output\nec_2026_local_election_opencrab\github_repo_nec_2026_local_election_opencrab\supplements\official_gap_recovery_2026\direct_nec_downloads\markdown\920260603-4400-서산시-더불어민주당-1-1.md,ok,8,1493,,pymupdf,ok
920260603-4400-서천군-더불어민주당-1-1,충청남도,기초의원비례대표선거,서천군,,더불어민주당,비례대표 정당 제출자료,https://policy.nec.go.kr/plc/common/downloadFile.do?requestedFileName=20260603_%EC%84%9C%EC%B2%9C%EA%B5%B0_%EB%8D%94%EB%B6%88%EC%96%B4%EB%AF%BC%EC%A3%BC%EB%8B%B9_%EB%B9%84%EB%A1%80%EB%8C%80%ED%91%9C%20%EC%A0%95%EB%8B%B9%20%EC%A0%9C%EC%B6%9C%EC%9E%90%EB%A3%8C.pdf&requestedFullPath=20260603/PDF/PBINFO_PUB/4412/003_100_20260522_1.pdf,C:\Users\treyl\Documents\Obsidian\Second_Brain\output\nec_2026_local_election_opencrab\github_repo_nec_2026_local_election_opencrab\supplements\official_gap_recovery_2026\direct_nec_downloads\documents\920260603-4400-서천군-더불어민주당-1-1.pdf,downloaded,7557228,,C:\Users\treyl\Documents\Obsidian\Second_Brain\output\nec_2026_local_election_opencrab\github_repo_nec_2026_local_election_opencrab\supplements\official_gap_recovery_2026\direct_nec_downloads\markdown\920260603-4400-서천군-더불어민주당-1-1.md,ok,8,1389,,pymupdf,ok
920260603-4400-당진시-더불어민주당-1-1,충청남도,기초의원비례대표선거,당진시,,더불어민주당,비례대표 정당 제출자료,https://policy.nec.go.kr/plc/common/downloadFile.do?requestedFileName=20260603_%EB%8B%B9%EC%A7%84%EC%8B%9C_%EB%8D%94%EB%B6%88%EC%96%B4%EB%AF%BC%EC%A3%BC%EB%8B%B9_%EB%B9%84%EB%A1%80%EB%8C%80%ED%91%9C%20%EC%A0%95%EB%8B%B9%20%EC%A0%9C%EC%B6%9C%EC%9E%90%EB%A3%8C.pdf&requestedFullPath=20260603/PDF/PBINFO_PUB/4416/003_100_20260522_1.pdf,C:\Users\treyl\Documents\Obsidian\Second_Brain\output\nec_2026_local_election_opencrab\github_repo_nec_2026_local_election_opencrab\supplements\official_gap_recovery_2026\direct_nec_downloads\documents\920260603-4400-당진시-더불어민주당-1-1.pdf,downloaded,8432607,,C:\Users\treyl\Documents\Obsidian\Second_Brain\output\nec_2026_local_election_opencrab\github_repo_nec_2026_local_election_opencrab\supplements\official_gap_recovery_2026\direct_nec_downloads\markdown\920260603-4400-당진시-더불어민주당-1-1.md,ok,8,1512,,pymupdf,ok
920260603-4400-천안시-더불어민주당-1-1,충청남도,기초의원비례대표선거,천안시,,더불어민주당,비례대표 정당 제출자료,https://policy.nec.go.kr/plc/common/downloadFile.do?requestedFileName=20260603_%EC%B2%9C%EC%95%88%EC%8B%9C_%EB%8D%94%EB%B6%88%EC%96%B4%EB%AF%BC%EC%A3%BC%EB%8B%B9_%EB%B9%84%EB%A1%80%EB%8C%80%ED%91%9C%20%EC%A0%95%EB%8B%B9%20%EC%A0%9C%EC%B6%9C%EC%9E%90%EB%A3%8C.pdf&requestedFullPath=20260603/PDF/PBINFO_PUB/4417/003_100_20260523_1.pdf,C:\Users\treyl\Documents\Obsidian\Second_Brain\output\nec_2026_local_election_opencrab\github_repo_nec_2026_local_election_opencrab\supplements\official_gap_recovery_2026\direct_nec_downloads\documents\920260603-4400-천안시-더불어민주당-1-1.pdf,downloaded,2208112,,C:\Users\treyl\Documents\Obsidian\Second_Brain\output\nec_2026_local_election_opencrab\github_repo_nec_2026_local_election_opencrab\supplements\official_gap_recovery_2026\direct_nec_downloads\markdown\920260603-4400-천안시-더불어민주당-1-1.md,ok,8,114,,pymupdf,suspiciously_short_text
920260603-4400-아산시-더불어민주당-1-1,충청남도,기초의원비례대표선거,아산시,,더불어민주당,비례대표 정당 제출자료,https://policy.nec.go.kr/plc/common/downloadFile.do?requestedFileName=20260603_%EC%95%84%EC%82%B0%EC%8B%9C_%EB%8D%94%EB%B6%88%EC%96%B4%EB%AF%BC%EC%A3%BC%EB%8B%B9_%EB%B9%84%EB%A1%80%EB%8C%80%ED%91%9C%20%EC%A0%95%EB%8B%B9%20%EC%A0%9C%EC%B6%9C%EC%9E%90%EB%A3%8C.pdf&requestedFullPath=20260603/PDF/PBINFO_PUB/4404/003_100_20260522_1.pdf,C:\Users\treyl\Documents\Obsidian\Second_Brain\output\nec_2026_local_election_opencrab\github_repo_nec_2026_local_election_opencrab\supplements\official_gap_recovery_2026\direct_nec_downloads\documents\920260603-4400-아산시-더불어민주당-1-1.pdf,downloaded,7615932,,C:\Users\treyl\Documents\Obsidian\Second_Brain\output\nec_2026_local_election_opencrab\github_repo_nec_2026_local_election_opencrab\supplements\official_gap_recovery_2026\direct_nec_downloads\markdown\920260603-4400-아산시-더불어민주당-1-1.md,ok,8,1271,,pymupdf,ok
920260603-4400-금산군-더불어민주당-1-1,충청남도,기초의원비례대표선거,금산군,,더불어민주당,비례대표 정당 제출자료,https://policy.nec.go.kr/plc/common/downloadFile.do?requestedFileName=20260603_%EA%B8%88%EC%82%B0%EA%B5%B0_%EB%8D%94%EB%B6%88%EC%96%B4%EB%AF%BC%EC%A3%BC%EB%8B%B9_%EB%B9%84%EB%A1%80%EB%8C%80%ED%91%9C%20%EC%A0%95%EB%8B%B9%20%EC%A0%9C%EC%B6%9C%EC%9E%90%EB%A3%8C.pdf&requestedFullPath=20260603/PDF/PBINFO_PUB/4407/003_100_20260522_1.pdf,C:\Users\treyl\Documents\Obsidian\Second_Brain\output\nec_2026_local_election_opencrab\github_repo_nec_2026_local_election_opencrab\supplements\official_gap_recovery_2026\direct_nec_downloads\documents\920260603-4400-금산군-더불어민주당-1-1.pdf,downloaded,7801588,,C:\Users\treyl\Documents\Obsidian\Second_Brain\output\nec_2026_local_election_opencrab\github_repo_nec_2026_local_election_opencrab\supplements\official_gap_recovery_2026\direct_nec_downloads\markdown\920260603-4400-금산군-더불어민주당-1-1.md,ok,8,186,,pymupdf,suspiciously_short_text
920260603-4400-예산군-더불어민주당-1-1,충청남도,기초의원비례대표선거,예산군,,더불어민주당,비례대표 정당 제출자료,https://policy.nec.go.kr/plc/common/downloadFile.do?requestedFileName=20260603_%EC%98%88%EC%82%B0%EA%B5%B0_%EB%8D%94%EB%B6%88%EC%96%B4%EB%AF%BC%EC%A3%BC%EB%8B%B9_%EB%B9%84%EB%A1%80%EB%8C%80%ED%91%9C%20%EC%A0%95%EB%8B%B9%20%EC%A0%9C%EC%B6%9C%EC%9E%90%EB%A3%8C.pdf&requestedFullPath=20260603/PDF/PBINFO_PUB/4415/003_100_20260521_1.pdf,C:\Users\treyl\Documents\Obsidian\Second_Brain\output\nec_2026_local_election_opencrab\github_repo_nec_2026_local_election_opencrab\supplements\official_gap_recovery_2026\direct_nec_downloads\documents\920260603-4400-예산군-더불어민주당-1-1.pdf,downloaded,8262334,,C:\Users\treyl\Documents\Obsidian\Second_Brain\output\nec_2026_local_election_opencrab\github_repo_nec_2026_local_election_opencrab\supplements\official_gap_recovery_2026\direct_nec_downloads\markdown\920260603-4400-예산군-더불어민주당-1-1.md,ok,8,1250,,pymupdf,ok
920260603-4400-계룡시-더불어민주당-1-1,충청남도,기초의원비례대표선거,계룡시,,더불어민주당,비례대표 정당 제출자료,https://policy.nec.go.kr/plc/common/downloadFile.do?requestedFileName=20260603_%EA%B3%84%EB%A3%A1%EC%8B%9C_%EB%8D%94%EB%B6%88%EC%96%B4%EB%AF%BC%EC%A3%BC%EB%8B%B9_%EB%B9%84%EB%A1%80%EB%8C%80%ED%91%9C%20%EC%A0%95%EB%8B%B9%20%EC%A0%9C%EC%B6%9C%EC%9E%90%EB%A3%8C.pdf&requestedFullPath=20260603/PDF/PBINFO_PUB/4410/003_100_20260523_1.pdf,C:\Users\treyl\Documents\Obsidian\Second_Brain\output\nec_2026_local_election_opencrab\github_repo_nec_2026_local_election_opencrab\supplements\official_gap_recovery_2026\direct_nec_downloads\documents\920260603-4400-계룡시-더불어민주당-1-1.pdf,downloaded,2436984,,C:\Users\treyl\Documents\Obsidian\Second_Brain\output\nec_2026_local_election_opencrab\github_repo_nec_2026_local_election_opencrab\supplements\official_gap_recovery_2026\direct_nec_downloads\markdown\920260603-4400-계룡시-더불어민주당-1-1.md,ok,8,1372,,pymupdf,ok
920260603-4400-공주시-더불어민주당-1-1,충청남도,기초의원비례대표선거,공주시,,더불어민주당,비례대표 정당 제출자료,https://policy.nec.go.kr/plc/common/downloadFile.do?requestedFileName=20260603_%EA%B3%B5%EC%A3%BC%EC%8B%9C_%EB%8D%94%EB%B6%88%EC%96%B4%EB%AF%BC%EC%A3%BC%EB%8B%B9_%EB%B9%84%EB%A1%80%EB%8C%80%ED%91%9C%20%EC%A0%95%EB%8B%B9%20%EC%A0%9C%EC%B6%9C%EC%9E%90%EB%A3%8C.pdf&requestedFullPath=20260603/PDF/PBINFO_PUB/4402/003_100_20260523_1.pdf,C:\Users\treyl\Documents\Obsidian\Second_Brain\output\nec_2026_local_election_opencrab\github_repo_nec_2026_local_election_opencrab\supplements\official_gap_recovery_2026\direct_nec_downloads\documents\920260603-4400-공주시-더불어민주당-1-1.pdf,downloaded,7620712,,C:\Users\treyl\Documents\Obsidian\Second_Brain\output\nec_2026_local_election_opencrab\github_repo_nec_2026_local_election_opencrab\supplements\official_gap_recovery_2026\direct_nec_downloads\markdown\920260603-4400-공주시-더불어민주당-1-1.md,ok,8,1484,,pymupdf,ok
920260603-4400-청양군-더불어민주당-1-1,충청남도,기초의원비례대표선거,청양군,,더불어민주당,비례대표 정당 제출자료,https://policy.nec.go.kr/plc/common/downloadFile.do?requestedFileName=20260603_%EC%B2%AD%EC%96%91%EA%B5%B0_%EB%8D%94%EB%B6%88%EC%96%B4%EB%AF%BC%EC%A3%BC%EB%8B%B9_%EB%B9%84%EB%A1%80%EB%8C%80%ED%91%9C%20%EC%A0%95%EB%8B%B9%20%EC%A0%9C%EC%B6%9C%EC%9E%90%EB%A3%8C.pdf&requestedFullPath=20260603/PDF/PBINFO_PUB/4414/003_100_20260523_1.pdf,C:\Users\treyl\Documents\Obsidian\Second_Brain\output\nec_2026_local_election_opencrab\github_repo_nec_2026_local_election_opencrab\supplements\official_gap_recovery_2026\direct_nec_downloads\documents\920260603-4400-청양군-더불어민주당-1-1.pdf,downloaded,8152396,,C:\Users\treyl\Documents\Obsidian\Second_Brain\output\nec_2026_local_election_opencrab\github_repo_nec_2026_local_election_opencrab\supplements\official_gap_recovery_2026\direct_nec_downloads\markdown\920260603-4400-청양군-더불어민주당-1-1.md,ok,8,1383,,pymupdf,ok
920260603-4400-아산시-국민의힘-1-1,충청남도,기초의원비례대표선거,아산시,,국민의힘,비례대표 정당 제출자료,https://policy.nec.go.kr/plc/common/downloadFile.do?requestedFileName=20260603_%EC%95%84%EC%82%B0%EC%8B%9C_%EA%B5%AD%EB%AF%BC%EC%9D%98%ED%9E%98_%EB%B9%84%EB%A1%80%EB%8C%80%ED%91%9C%20%EC%A0%95%EB%8B%B9%20%EC%A0%9C%EC%B6%9C%EC%9E%90%EB%A3%8C.pdf&requestedFullPath=20260603/PDF/PBINFO_PUB/4404/003_200_20260522_1.pdf,C:\Users\treyl\Documents\Obsidian\Second_Brain\output\nec_2026_local_election_opencrab\github_repo_nec_2026_local_election_opencrab\supplements\official_gap_recovery_2026\direct_nec_downloads\documents\920260603-4400-아산시-국민의힘-1-1.pdf,downloaded,1847787,,C:\Users\treyl\Documents\Obsidian\Second_Brain\output\nec_2026_local_election_opencrab\github_repo_nec_2026_local_election_opencrab\supplements\official_gap_recovery_2026\direct_nec_downloads\markdown\920260603-4400-아산시-국민의힘-1-1.md,ok,4,633,,pymupdf,ok
920260603-4400-금산군-국민의힘-1-1,충청남도,기초의원비례대표선거,금산군,,국민의힘,비례대표 정당 제출자료,https://policy.nec.go.kr/plc/common/downloadFile.do?requestedFileName=20260603_%EA%B8%88%EC%82%B0%EA%B5%B0_%EA%B5%AD%EB%AF%BC%EC%9D%98%ED%9E%98_%EB%B9%84%EB%A1%80%EB%8C%80%ED%91%9C%20%EC%A0%95%EB%8B%B9%20%EC%A0%9C%EC%B6%9C%EC%9E%90%EB%A3%8C.pdf&requestedFullPath=20260603/PDF/PBINFO_PUB/4407/003_200_20260524_2.pdf,C:\Users\treyl\Documents\Obsidian\Second_Brain\output\nec_2026_local_election_opencrab\github_repo_nec_2026_local_election_opencrab\supplements\official_gap_recovery_2026\direct_nec_downloads\documents\920260603-4400-금산군-국민의힘-1-1.pdf,downloaded,595546,,C:\Users\treyl\Documents\Obsidian\Second_Brain\output\nec_2026_local_election_opencrab\github_repo_nec_2026_local_election_opencrab\supplements\official_gap_recovery_2026\direct_nec_downloads\markdown\920260603-4400-금산군-국민의힘-1-1.md,ok,4,1022,,pymupdf,ok
920260603-4400-예산군-국민의힘-1-1,충청남도,기초의원비례대표선거,예산군,,국민의힘,비례대표 정당 제출자료,https://policy.nec.go.kr/plc/common/downloadFile.do?requestedFileName=20260603_%EC%98%88%EC%82%B0%EA%B5%B0_%EA%B5%AD%EB%AF%BC%EC%9D%98%ED%9E%98_%EB%B9%84%EB%A1%80%EB%8C%80%ED%91%9C%20%EC%A0%95%EB%8B%B9%20%EC%A0%9C%EC%B6%9C%EC%9E%90%EB%A3%8C.pdf&requestedFullPath=20260603/PDF/PBINFO_PUB/4415/003_200_20260521_1.pdf,C:\Users\treyl\Documents\Obsidian\Second_Brain\output\nec_2026_local_election_opencrab\github_repo_nec_2026_local_election_opencrab\supplements\official_gap_recovery_2026\direct_nec_downloads\documents\920260603-4400-예산군-국민의힘-1-1.pdf,downloaded,3215242,,C:\Users\treyl\Documents\Obsidian\Second_Brain\output\nec_2026_local_election_opencrab\github_repo_nec_2026_local_election_opencrab\supplements\official_gap_recovery_2026\direct_nec_downloads\markdown\920260603-4400-예산군-국민의힘-1-1.md,ok,4,1853,,pymupdf,ok
920260603-4400-천안시-국민의힘-1-1,충청남도,기초의원비례대표선거,천안시,,국민의힘,비례대표 정당 제출자료,https://policy.nec.go.kr/plc/common/downloadFile.do?requestedFileName=20260603_%EC%B2%9C%EC%95%88%EC%8B%9C_%EA%B5%AD%EB%AF%BC%EC%9D%98%ED%9E%98_%EB%B9%84%EB%A1%80%EB%8C%80%ED%91%9C%20%EC%A0%95%EB%8B%B9%20%EC%A0%9C%EC%B6%9C%EC%9E%90%EB%A3%8C.pdf&requestedFullPath=20260603/PDF/PBINFO_PUB/4417/003_200_20260523_2.pdf,C:\Users\treyl\Documents\Obsidian\Second_Brain\output\nec_2026_local_election_opencrab\github_repo_nec_2026_local_election_opencrab\supplements\official_gap_recovery_2026\direct_nec_downloads\documents\920260603-4400-천안시-국민의힘-1-1.pdf,downloaded,1202035,,C:\Users\treyl\Documents\Obsidian\Second_Brain\output\nec_2026_local_election_opencrab\github_repo_nec_2026_local_election_opencrab\supplements\official_gap_recovery_2026\direct_nec_downloads\markdown\920260603-4400-천안시-국민의힘-1-1.md,ok,4,67,,pymupdf,suspiciously_short_text
920260603-4400-계룡시-국민의힘-1-1,충청남도,기초의원비례대표선거,계룡시,,국민의힘,비례대표 정당 제출자료,https://policy.nec.go.kr/plc/common/downloadFile.do?requestedFileName=20260603_%EA%B3%84%EB%A3%A1%EC%8B%9C_%EA%B5%AD%EB%AF%BC%EC%9D%98%ED%9E%98_%EB%B9%84%EB%A1%80%EB%8C%80%ED%91%9C%20%EC%A0%95%EB%8B%B9%20%EC%A0%9C%EC%B6%9C%EC%9E%90%EB%A3%8C.pdf&requestedFullPath=20260603/PDF/PBINFO_PUB/4410/003_200_20260523_1.pdf,C:\Users\treyl\Documents\Obsidian\Second_Brain\output\nec_2026_local_election_opencrab\github_repo_nec_2026_local_election_opencrab\supplements\official_gap_recovery_2026\direct_nec_downloads\documents\920260603-4400-계룡시-국민의힘-1-1.pdf,downloaded,606531,,C:\Users\treyl\Documents\Obsidian\Second_Brain\output\nec_2026_local_election_opencrab\github_repo_nec_2026_local_election_opencrab\supplements\official_gap_recovery_2026\direct_nec_downloads\markdown\920260603-4400-계룡시-국민의힘-1-1.md,ok,4,984,,pymupdf,ok
920260603-4400-서산시-국민의힘-1-1,충청남도,기초의원비례대표선거,서산시,,국민의힘,비례대표 정당 제출자료,https://policy.nec.go.kr/plc/common/downloadFile.do?requestedFileName=20260603_%EC%84%9C%EC%82%B0%EC%8B%9C_%EA%B5%AD%EB%AF%BC%EC%9D%98%ED%9E%98_%EB%B9%84%EB%A1%80%EB%8C%80%ED%91%9C%20%EC%A0%95%EB%8B%B9%20%EC%A0%9C%EC%B6%9C%EC%9E%90%EB%A3%8C.pdf&requestedFullPath=20260603/PDF/PBINFO_PUB/4405/003_200_20260517_1.pdf,C:\Users\treyl\Documents\Obsidian\Second_Brain\output\nec_2026_local_election_opencrab\github_repo_nec_2026_local_election_opencrab\supplements\official_gap_recovery_2026\direct_nec_downloads\documents\920260603-4400-서산시-국민의힘-1-1.pdf,downloaded,4571902,,C:\Users\treyl\Documents\Obsidian\Second_Brain\output\nec_2026_local_election_opencrab\github_repo_nec_2026_local_election_opencrab\supplements\official_gap_recovery_2026\direct_nec_downloads\markdown\920260603-4400-서산시-국민의힘-1-1.md,ok,4,1020,,pymupdf,ok
920260603-4400-당진시-국민의힘-1-1,충청남도,기초의원비례대표선거,당진시,,국민의힘,비례대표 정당 제출자료,https://policy.nec.go.kr/plc/common/downloadFile.do?requestedFileName=20260603_%EB%8B%B9%EC%A7%84%EC%8B%9C_%EA%B5%AD%EB%AF%BC%EC%9D%98%ED%9E%98_%EB%B9%84%EB%A1%80%EB%8C%80%ED%91%9C%20%EC%A0%95%EB%8B%B9%20%EC%A0%9C%EC%B6%9C%EC%9E%90%EB%A3%8C.pdf&requestedFullPath=20260603/PDF/PBINFO_PUB/4416/003_200_20260522_1.pdf,C:\Users\treyl\Documents\Obsidian\Second_Brain\output\nec_2026_local_election_opencrab\github_repo_nec_2026_local_election_opencrab\supplements\official_gap_recovery_2026\direct_nec_downloads\documents\920260603-4400-당진시-국민의힘-1-1.pdf,downloaded,10722113,,C:\Users\treyl\Documents\Obsidian\Second_Brain\output\nec_2026_local_election_opencrab\github_repo_nec_2026_local_election_opencrab\supplements\official_gap_recovery_2026\direct_nec_downloads\markdown\920260603-4400-당진시-국민의힘-1-1.md,ok,4,2470,,pymupdf,ok
920260603-4400-태안군-국민의힘-1-1,충청남도,기초의원비례대표선거,태안군,,국민의힘,비례대표 정당 제출자료,https://policy.nec.go.kr/plc/common/downloadFile.do?requestedFileName=20260603_%ED%83%9C%EC%95%88%EA%B5%B0_%EA%B5%AD%EB%AF%BC%EC%9D%98%ED%9E%98_%EB%B9%84%EB%A1%80%EB%8C%80%ED%91%9C%20%EC%A0%95%EB%8B%B9%20%EC%A0%9C%EC%B6%9C%EC%9E%90%EB%A3%8C.pdf&requestedFullPath=20260603/PDF/PBINFO_PUB/4406/003_200_20260520_1.pdf,C:\Users\treyl\Documents\Obsidian\Second_Brain\output\nec_2026_local_election_opencrab\github_repo_nec_2026_local_election_opencrab\supplements\official_gap_recovery_2026\direct_nec_downloads\documents\920260603-4400-태안군-국민의힘-1-1.pdf,downloaded,15015518,,C:\Users\treyl\Documents\Obsidian\Second_Brain\output\nec_2026_local_election_opencrab\github_repo_nec_2026_local_election_opencrab\supplements\official_gap_recovery_2026\direct_nec_downloads\markdown\920260603-4400-태안군-국민의힘-1-1.md,ok,4,54,,pymupdf,suspiciously_short_text
920260603-4400-논산시-국민의힘-1-1,충청남도,기초의원비례대표선거,논산시,,국민의힘,비례대표 정당 제출자료,https://policy.nec.go.kr/plc/common/downloadFile.do?requestedFileName=20260603_%EB%85%BC%EC%82%B0%EC%8B%9C_%EA%B5%AD%EB%AF%BC%EC%9D%98%ED%9E%98_%EB%B9%84%EB%A1%80%EB%8C%80%ED%91%9C%20%EC%A0%95%EB%8B%B9%20%EC%A0%9C%EC%B6%9C%EC%9E%90%EB%A3%8C.pdf&requestedFullPath=20260603/PDF/PBINFO_PUB/4409/003_200_20260522_1.pdf,C:\Users\treyl\Documents\Obsidian\Second_Brain\output\nec_2026_local_election_opencrab\github_repo_nec_2026_local_election_opencrab\supplements\official_gap_recovery_2026\direct_nec_downloads\documents\920260603-4400-논산시-국민의힘-1-1.pdf,downloaded,902973,,C:\Users\treyl\Documents\Obsidian\Second_Brain\output\nec_2026_local_election_opencrab\github_repo_nec_2026_local_election_opencrab\supplements\official_gap_recovery_2026\direct_nec_downloads\markdown\920260603-4400-논산시-국민의힘-1-1.md,ok,4,1102,,pymupdf,ok
920260603-4400-청양군-국민의힘-1-1,충청남도,기초의원비례대표선거,청양군,,국민의힘,비례대표 정당 제출자료,https://policy.nec.go.kr/plc/common/downloadFile.do?requestedFileName=20260603_%EC%B2%AD%EC%96%91%EA%B5%B0_%EA%B5%AD%EB%AF%BC%EC%9D%98%ED%9E%98_%EB%B9%84%EB%A1%80%EB%8C%80%ED%91%9C%20%EC%A0%95%EB%8B%B9%20%EC%A0%9C%EC%B6%9C%EC%9E%90%EB%A3%8C.pdf&requestedFullPath=20260603/PDF/PBINFO_PUB/4414/003_200_20260523_1.pdf,C:\Users\treyl\Documents\Obsidian\Second_Brain\output\nec_2026_local_election_opencrab\github_repo_nec_2026_local_election_opencrab\supplements\official_gap_recovery_2026\direct_nec_downloads\documents\920260603-4400-청양군-국민의힘-1-1.pdf,downloaded,403737,,C:\Users\treyl\Documents\Obsidian\Second_Brain\output\nec_2026_local_election_opencrab\github_repo_nec_2026_local_election_opencrab\supplements\official_gap_recovery_2026\direct_nec_downloads\markdown\920260603-4400-청양군-국민의힘-1-1.md,ok,4,54,,pymupdf,suspiciously_short_text
920260603-4400-보령시-국민의힘-1-1,충청남도,기초의원비례대표선거,보령시,,국민의힘,비례대표 정당 제출자료,https://policy.nec.go.kr/plc/common/downloadFile.do?requestedFileName=20260603_%EB%B3%B4%EB%A0%B9%EC%8B%9C_%EA%B5%AD%EB%AF%BC%EC%9D%98%ED%9E%98_%EB%B9%84%EB%A1%80%EB%8C%80%ED%91%9C%20%EC%A0%95%EB%8B%B9%20%EC%A0%9C%EC%B6%9C%EC%9E%90%EB%A3%8C.pdf&requestedFullPath=20260603/PDF/PBINFO_PUB/4403/003_200_20260523_1.pdf,C:\Users\treyl\Documents\Obsidian\Second_Brain\output\nec_2026_local_election_opencrab\github_repo_nec_2026_local_election_opencrab\supplements\official_gap_recovery_2026\direct_nec_downloads\documents\920260603-4400-보령시-국민의힘-1-1.pdf,downloaded,1559076,,C:\Users\treyl\Documents\Obsidian\Second_Brain\output\nec_2026_local_election_opencrab\github_repo_nec_2026_local_election_opencrab\supplements\official_gap_recovery_2026\direct_nec_downloads\markdown\920260603-4400-보령시-국민의힘-1-1.md,ok,4,1823,,pymupdf,ok
920260603-4400-서천군-국민의힘-1-1,충청남도,기초의원비례대표선거,서천군,,국민의힘,비례대표 정당 제출자료,https://policy.nec.go.kr/plc/common/downloadFile.do?requestedFileName=20260603_%EC%84%9C%EC%B2%9C%EA%B5%B0_%EA%B5%AD%EB%AF%BC%EC%9D%98%ED%9E%98_%EB%B9%84%EB%A1%80%EB%8C%80%ED%91%9C%20%EC%A0%95%EB%8B%B9%20%EC%A0%9C%EC%B6%9C%EC%9E%90%EB%A3%8C.pdf&requestedFullPath=20260603/PDF/PBINFO_PUB/4412/003_200_20260523_3.pdf,C:\Users\treyl\Documents\Obsidian\Second_Brain\output\nec_2026_local_election_opencrab\github_repo_nec_2026_local_election_opencrab\supplements\official_gap_recovery_2026\direct_nec_downloads\documents\920260603-4400-서천군-국민의힘-1-1.pdf,downloaded,1148455,,C:\Users\treyl\Documents\Obsidian\Second_Brain\output\nec_2026_local_election_opencrab\github_repo_nec_2026_local_election_opencrab\supplements\official_gap_recovery_2026\direct_nec_downloads\markdown\920260603-4400-서천군-국민의힘-1-1.md,ok,4,1388,,pymupdf,ok
920260603-4400-천안시-조국혁신당-1-1,충청남도,기초의원비례대표선거,천안시,,조국혁신당,비례대표 정당 제출자료,https://policy.nec.go.kr/plc/common/downloadFile.do?requestedFileName=20260603_%EC%B2%9C%EC%95%88%EC%8B%9C_%EC%A1%B0%EA%B5%AD%ED%98%81%EC%8B%A0%EB%8B%B9_%EB%B9%84%EB%A1%80%EB%8C%80%ED%91%9C%20%EC%A0%95%EB%8B%B9%20%EC%A0%9C%EC%B6%9C%EC%9E%90%EB%A3%8C.pdf&requestedFullPath=20260603/PDF/PBINFO_PUB/4417/003_5077_20260523_1.pdf,C:\Users\treyl\Documents\Obsidian\Second_Brain\output\nec_2026_local_election_opencrab\github_repo_nec_2026_local_election_opencrab\supplements\official_gap_recovery_2026\direct_nec_downloads\documents\920260603-4400-천안시-조국혁신당-1-1.pdf,downloaded,2502993,,C:\Users\treyl\Documents\Obsidian\Second_Brain\output\nec_2026_local_election_opencrab\github_repo_nec_2026_local_election_opencrab\supplements\official_gap_recovery_2026\direct_nec_downloads\markdown\920260603-4400-천안시-조국혁신당-1-1.md,ok,2,580,,pymupdf,ok
920260603-4400-당진시-진보당-1-1,충청남도,기초의원비례대표선거,당진시,,진보당,비례대표 정당 제출자료,https://policy.nec.go.kr/plc/common/downloadFile.do?requestedFileName=20260603_%EB%8B%B9%EC%A7%84%EC%8B%9C_%EC%A7%84%EB%B3%B4%EB%8B%B9_%EB%B9%84%EB%A1%80%EB%8C%80%ED%91%9C%20%EC%A0%95%EB%8B%B9%20%EC%A0%9C%EC%B6%9C%EC%9E%90%EB%A3%8C.pdf&requestedFullPath=20260603/PDF/PBINFO_PUB/4416/003_5010_20260520_1.pdf,C:\Users\treyl\Documents\Obsidian\Second_Brain\output\nec_2026_local_election_opencrab\github_repo_nec_2026_local_election_opencrab\supplements\official_gap_recovery_2026\direct_nec_downloads\documents\920260603-4400-당진시-진보당-1-1.pdf,downloaded,13369798,,C:\Users\treyl\Documents\Obsidian\Second_Brain\output\nec_2026_local_election_opencrab\github_repo_nec_2026_local_election_opencrab\supplements\official_gap_recovery_2026\direct_nec_downloads\markdown\920260603-4400-당진시-진보당-1-1.md,ok,2,817,,pymupdf,ok
920260603-5300-군산시-더불어민주당-1-1,전북특별자치도,기초의원비례대표선거,군산시,,더불어민주당,비례대표 정당 제출자료,https://policy.nec.go.kr/plc/common/downloadFile.do?requestedFileName=20260603_%EA%B5%B0%EC%82%B0%EC%8B%9C_%EB%8D%94%EB%B6%88%EC%96%B4%EB%AF%BC%EC%A3%BC%EB%8B%B9_%EB%B9%84%EB%A1%80%EB%8C%80%ED%91%9C%20%EC%A0%95%EB%8B%B9%20%EC%A0%9C%EC%B6%9C%EC%9E%90%EB%A3%8C.pdf&requestedFullPath=20260603/PDF/PBINFO_PUB/5303/003_100_20260522_1.pdf,C:\Users\treyl\Documents\Obsidian\Second_Brain\output\nec_2026_local_election_opencrab\github_repo_nec_2026_local_election_opencrab\supplements\official_gap_recovery_2026\direct_nec_downloads\documents\920260603-5300-군산시-더불어민주당-1-1.pdf,downloaded,2737816,,C:\Users\treyl\Documents\Obsidian\Second_Brain\output\nec_2026_local_election_opencrab\github_repo_nec_2026_local_election_opencrab\supplements\official_gap_recovery_2026\direct_nec_downloads\markdown\920260603-5300-군산시-더불어민주당-1-1.md,ok,8,2032,,pymupdf,ok
920260603-5300-임실군-더불어민주당-1-1,전북특별자치도,기초의원비례대표선거,임실군,,더불어민주당,비례대표 정당 제출자료,https://policy.nec.go.kr/plc/common/downloadFile.do?requestedFileName=20260603_%EC%9E%84%EC%8B%A4%EA%B5%B0_%EB%8D%94%EB%B6%88%EC%96%B4%EB%AF%BC%EC%A3%BC%EB%8B%B9_%EB%B9%84%EB%A1%80%EB%8C%80%ED%91%9C%20%EC%A0%95%EB%8B%B9%20%EC%A0%9C%EC%B6%9C%EC%9E%90%EB%A3%8C.pdf&requestedFullPath=20260603/PDF/PBINFO_PUB/5314/003_100_20260523_1.pdf,C:\Users\treyl\Documents\Obsidian\Second_Brain\output\nec_2026_local_election_opencrab\github_repo_nec_2026_local_election_opencrab\supplements\official_gap_recovery_2026\direct_nec_downloads\documents\920260603-5300-임실군-더불어민주당-1-1.pdf,downloaded,2135077,,C:\Users\treyl\Documents\Obsidian\Second_Brain\output\nec_2026_local_election_opencrab\github_repo_nec_2026_local_election_opencrab\supplements\official_gap_recovery_2026\direct_nec_downloads\markdown\920260603-5300-임실군-더불어민주당-1-1.md,ok,2,1546,,pymupdf,ok
920260603-5300-고창군-더불어민주당-1-1,전북특별자치도,기초의원비례대표선거,고창군,,더불어민주당,비례대표 정당 제출자료,https://policy.nec.go.kr/plc/common/downloadFile.do?requestedFileName=20260603_%EA%B3%A0%EC%B0%BD%EA%B5%B0_%EB%8D%94%EB%B6%88%EC%96%B4%EB%AF%BC%EC%A3%BC%EB%8B%B9_%EB%B9%84%EB%A1%80%EB%8C%80%ED%91%9C%20%EC%A0%95%EB%8B%B9%20%EC%A0%9C%EC%B6%9C%EC%9E%90%EB%A3%8C.pdf&requestedFullPath=20260603/PDF/PBINFO_PUB/5316/003_100_20260522_1.pdf,C:\Users\treyl\Documents\Obsidian\Second_Brain\output\nec_2026_local_election_opencrab\github_repo_nec_2026_local_election_opencrab\supplements\official_gap_recovery_2026\direct_nec_downloads\documents\920260603-5300-고창군-더불어민주당-1-1.pdf,downloaded,7813332,,C:\Users\treyl\Documents\Obsidian\Second_Brain\output\nec_2026_local_election_opencrab\github_repo_nec_2026_local_election_opencrab\supplements\official_gap_recovery_2026\direct_nec_downloads\markdown\920260603-5300-고창군-더불어민주당-1-1.md,ok,4,54,,pymupdf,suspiciously_short_text
920260603-5300-익산시-더불어민주당-1-1,전북특별자치도,기초의원비례대표선거,익산시,,더불어민주당,비례대표 정당 제출자료,https://policy.nec.go.kr/plc/common/downloadFile.do?requestedFileName=20260603_%EC%9D%B5%EC%82%B0%EC%8B%9C_%EB%8D%94%EB%B6%88%EC%96%B4%EB%AF%BC%EC%A3%BC%EB%8B%B9_%EB%B9%84%EB%A1%80%EB%8C%80%ED%91%9C%20%EC%A0%95%EB%8B%B9%20%EC%A0%9C%EC%B6%9C%EC%9E%90%EB%A3%8C.pdf&requestedFullPath=20260603/PDF/PBINFO_PUB/5305/003_100_20260523_1.pdf,C:\Users\treyl\Documents\Obsidian\Second_Brain\output\nec_2026_local_election_opencrab\github_repo_nec_2026_local_election_opencrab\supplements\official_gap_recovery_2026\direct_nec_downloads\documents\920260603-5300-익산시-더불어민주당-1-1.pdf,downloaded,3259000,,C:\Users\treyl\Documents\Obsidian\Second_Brain\output\nec_2026_local_election_opencrab\github_repo_nec_2026_local_election_opencrab\supplements\official_gap_recovery_2026\direct_nec_downloads\markdown\920260603-5300-익산시-더불어민주당-1-1.md,ok,4,1252,,pymupdf,ok
920260603-5300-남원시-더불어민주당-1-1,전북특별자치도,기초의원비례대표선거,남원시,,더불어민주당,비례대표 정당 제출자료,https://policy.nec.go.kr/plc/common/downloadFile.do?requestedFileName=20260603_%EB%82%A8%EC%9B%90%EC%8B%9C_%EB%8D%94%EB%B6%88%EC%96%B4%EB%AF%BC%EC%A3%BC%EB%8B%B9_%EB%B9%84%EB%A1%80%EB%8C%80%ED%91%9C%20%EC%A0%95%EB%8B%B9%20%EC%A0%9C%EC%B6%9C%EC%9E%90%EB%A3%8C.pdf&requestedFullPath=20260603/PDF/PBINFO_PUB/5308/003_100_20260516_1.pdf,C:\Users\treyl\Documents\Obsidian\Second_Brain\output\nec_2026_local_election_opencrab\github_repo_nec_2026_local_election_opencrab\supplements\official_gap_recovery_2026\direct_nec_downloads\documents\920260603-5300-남원시-더불어민주당-1-1.pdf,downloaded,2235436,,C:\Users\treyl\Documents\Obsidian\Second_Brain\output\nec_2026_local_election_opencrab\github_repo_nec_2026_local_election_opencrab\supplements\official_gap_recovery_2026\direct_nec_downloads\markdown\920260603-5300-남원시-더불어민주당-1-1.md,ok,4,1829,,pymupdf,ok
920260603-5300-완주군-더불어민주당-1-0,전북특별자치도,기초의원비례대표선거,완주군,,더불어민주당,비례대표 정당 제출자료,https://policy.nec.go.kr/plc/common/downloadFile.do?requestedFileName=20260603_%EC%99%84%EC%A3%BC%EA%B5%B0_%EB%8D%94%EB%B6%88%EC%96%B4%EB%AF%BC%EC%A3%BC%EB%8B%B9_%EB%B9%84%EB%A1%80%EB%8C%80%ED%91%9C%20%EC%A0%95%EB%8B%B9%20%EC%A0%9C%EC%B6%9C%EC%9E%90%EB%A3%8C.pdf&requestedFullPath=20260603/PDF/PBINFO_PUB/5310/003_100_20260521_1.pdf,C:\Users\treyl\Documents\Obsidian\Second_Brain\output\nec_2026_local_election_opencrab\github_repo_nec_2026_local_election_opencrab\supplements\official_gap_recovery_2026\direct_nec_downloads\documents\920260603-5300-완주군-더불어민주당-1-0.pdf,downloaded,919720,,C:\Users\treyl\Documents\Obsidian\Second_Brain\output\nec_2026_local_election_opencrab\github_repo_nec_2026_local_election_opencrab\supplements\official_gap_recovery_2026\direct_nec_downloads\markdown\920260603-5300-완주군-더불어민주당-1-0.md,ok,2,1804,,pymupdf,ok
920260603-5300-군산시-국민의힘-1-1,전북특별자치도,기초의원비례대표선거,군산시,,국민의힘,비례대표 정당 제출자료,https://policy.nec.go.kr/plc/common/downloadFile.do?requestedFileName=20260603_%EA%B5%B0%EC%82%B0%EC%8B%9C_%EA%B5%AD%EB%AF%BC%EC%9D%98%ED%9E%98_%EB%B9%84%EB%A1%80%EB%8C%80%ED%91%9C%20%EC%A0%95%EB%8B%B9%20%EC%A0%9C%EC%B6%9C%EC%9E%90%EB%A3%8C.pdf&requestedFullPath=20260603/PDF/PBINFO_PUB/5303/003_200_20260522_1.pdf,C:\Users\treyl\Documents\Obsidian\Second_Brain\output\nec_2026_local_election_opencrab\github_repo_nec_2026_local_election_opencrab\supplements\official_gap_recovery_2026\direct_nec_downloads\documents\920260603-5300-군산시-국민의힘-1-1.pdf,downloaded,1251178,,C:\Users\treyl\Documents\Obsidian\Second_Brain\output\nec_2026_local_election_opencrab\github_repo_nec_2026_local_election_opencrab\supplements\official_gap_recovery_2026\direct_nec_downloads\markdown\920260603-5300-군산시-국민의힘-1-1.md,ok,2,732,,pymupdf,ok
920260603-5300-익산시-국민의힘-1-1,전북특별자치도,기초의원비례대표선거,익산시,,국민의힘,비례대표 정당 제출자료,https://policy.nec.go.kr/plc/common/downloadFile.do?requestedFileName=20260603_%EC%9D%B5%EC%82%B0%EC%8B%9C_%EA%B5%AD%EB%AF%BC%EC%9D%98%ED%9E%98_%EB%B9%84%EB%A1%80%EB%8C%80%ED%91%9C%20%EC%A0%95%EB%8B%B9%20%EC%A0%9C%EC%B6%9C%EC%9E%90%EB%A3%8C.pdf&requestedFullPath=20260603/PDF/PBINFO_PUB/5305/003_200_20260523_1.pdf,C:\Users\treyl\Documents\Obsidian\Second_Brain\output\nec_2026_local_election_opencrab\github_repo_nec_2026_local_election_opencrab\supplements\official_gap_recovery_2026\direct_nec_downloads\documents\920260603-5300-익산시-국민의힘-1-1.pdf,downloaded,390350,,C:\Users\treyl\Documents\Obsidian\Second_Brain\output\nec_2026_local_election_opencrab\github_repo_nec_2026_local_election_opencrab\supplements\official_gap_recovery_2026\direct_nec_downloads\markdown\920260603-5300-익산시-국민의힘-1-1.md,ok,2,638,,pymupdf,ok
920260603-5300-익산시-조국혁신당-1-1,전북특별자치도,기초의원비례대표선거,익산시,,조국혁신당,비례대표 정당 제출자료,https://policy.nec.go.kr/plc/common/downloadFile.do?requestedFileName=20260603_%EC%9D%B5%EC%82%B0%EC%8B%9C_%EC%A1%B0%EA%B5%AD%ED%98%81%EC%8B%A0%EB%8B%B9_%EB%B9%84%EB%A1%80%EB%8C%80%ED%91%9C%20%EC%A0%95%EB%8B%B9%20%EC%A0%9C%EC%B6%9C%EC%9E%90%EB%A3%8C.pdf&requestedFullPath=20260603/PDF/PBINFO_PUB/5305/003_5077_20260523_1.pdf,C:\Users\treyl\Documents\Obsidian\Second_Brain\output\nec_2026_local_election_opencrab\github_repo_nec_2026_local_election_opencrab\supplements\official_gap_recovery_2026\direct_nec_downloads\documents\920260603-5300-익산시-조국혁신당-1-1.pdf,downloaded,662131,,C:\Users\treyl\Documents\Obsidian\Second_Brain\output\nec_2026_local_election_opencrab\github_repo_nec_2026_local_election_opencrab\supplements\official_gap_recovery_2026\direct_nec_downloads\markdown\920260603-5300-익산시-조국혁신당-1-1.md,ok,2,829,,pymupdf,ok
920260603-5300-완주군-조국혁신당-1-0,전북특별자치도,기초의원비례대표선거,완주군,,조국혁신당,비례대표 정당 제출자료,https://policy.nec.go.kr/plc/common/downloadFile.do?requestedFileName=20260603_%EC%99%84%EC%A3%BC%EA%B5%B0_%EC%A1%B0%EA%B5%AD%ED%98%81%EC%8B%A0%EB%8B%B9_%EB%B9%84%EB%A1%80%EB%8C%80%ED%91%9C%20%EC%A0%95%EB%8B%B9%20%EC%A0%9C%EC%B6%9C%EC%9E%90%EB%A3%8C.pdf&requestedFullPath=20260603/PDF/PBINFO_PUB/5310/003_5077_20260521_1.pdf,C:\Users\treyl\Documents\Obsidian\Second_Brain\output\nec_2026_local_election_opencrab\github_repo_nec_2026_local_election_opencrab\supplements\official_gap_recovery_2026\direct_nec_downloads\documents\920260603-5300-완주군-조국혁신당-1-0.pdf,downloaded,667980,,C:\Users\treyl\Documents\Obsidian\Second_Brain\output\nec_2026_local_election_opencrab\github_repo_nec_2026_local_election_opencrab\supplements\official_gap_recovery_2026\direct_nec_downloads\markdown\920260603-5300-완주군-조국혁신당-1-0.md,ok,2,995,,pymupdf,ok
920260603-5300-임실군-조국혁신당-1-1,전북특별자치도,기초의원비례대표선거,임실군,,조국혁신당,비례대표 정당 제출자료,https://policy.nec.go.kr/plc/common/downloadFile.do?requestedFileName=20260603_%EC%9E%84%EC%8B%A4%EA%B5%B0_%EC%A1%B0%EA%B5%AD%ED%98%81%EC%8B%A0%EB%8B%B9_%EB%B9%84%EB%A1%80%EB%8C%80%ED%91%9C%20%EC%A0%95%EB%8B%B9%20%EC%A0%9C%EC%B6%9C%EC%9E%90%EB%A3%8C.pdf&requestedFullPath=20260603/PDF/PBINFO_PUB/5314/003_5077_20260523_1.pdf,C:\Users\treyl\Documents\Obsidian\Second_Brain\output\nec_2026_local_election_opencrab\github_repo_nec_2026_local_election_opencrab\supplements\official_gap_recovery_2026\direct_nec_downloads\documents\920260603-5300-임실군-조국혁신당-1-1.pdf,downloaded,1281598,,C:\Users\treyl\Documents\Obsidian\Second_Brain\output\nec_2026_local_election_opencrab\github_repo_nec_2026_local_election_opencrab\supplements\official_gap_recovery_2026\direct_nec_downloads\markdown\920260603-5300-임실군-조국혁신당-1-1.md,ok,2,596,,pymupdf,ok
920260603-5300-군산시-조국혁신당-1-1,전북특별자치도,기초의원비례대표선거,군산시,,조국혁신당,비례대표 정당 제출자료,https://policy.nec.go.kr/plc/common/downloadFile.do?requestedFileName=20260603_%EA%B5%B0%EC%82%B0%EC%8B%9C_%EC%A1%B0%EA%B5%AD%ED%98%81%EC%8B%A0%EB%8B%B9_%EB%B9%84%EB%A1%80%EB%8C%80%ED%91%9C%20%EC%A0%95%EB%8B%B9%20%EC%A0%9C%EC%B6%9C%EC%9E%90%EB%A3%8C.pdf&requestedFullPath=20260603/PDF/PBINFO_PUB/5303/003_5077_20260522_1.pdf,C:\Users\treyl\Documents\Obsidian\Second_Brain\output\nec_2026_local_election_opencrab\github_repo_nec_2026_local_election_opencrab\supplements\official_gap_recovery_2026\direct_nec_downloads\documents\920260603-5300-군산시-조국혁신당-1-1.pdf,downloaded,610238,,C:\Users\treyl\Documents\Obsidian\Second_Brain\output\nec_2026_local_election_opencrab\github_repo_nec_2026_local_election_opencrab\supplements\official_gap_recovery_2026\direct_nec_downloads\markdown\920260603-5300-군산시-조국혁신당-1-1.md,ok,2,583,,pymupdf,ok
920260603-5300-고창군-조국혁신당-1-1,전북특별자치도,기초의원비례대표선거,고창군,,조국혁신당,비례대표 정당 제출자료,https://policy.nec.go.kr/plc/common/downloadFile.do?requestedFileName=20260603_%EA%B3%A0%EC%B0%BD%EA%B5%B0_%EC%A1%B0%EA%B5%AD%ED%98%81%EC%8B%A0%EB%8B%B9_%EB%B9%84%EB%A1%80%EB%8C%80%ED%91%9C%20%EC%A0%95%EB%8B%B9%20%EC%A0%9C%EC%B6%9C%EC%9E%90%EB%A3%8C.pdf&requestedFullPath=20260603/PDF/PBINFO_PUB/5316/003_5077_20260522_1.pdf,C:\Users\treyl\Documents\Obsidian\Second_Brain\output\nec_2026_local_election_opencrab\github_repo_nec_2026_local_election_opencrab\supplements\official_gap_recovery_2026\direct_nec_downloads\documents\920260603-5300-고창군-조국혁신당-1-1.pdf,downloaded,1427139,,C:\Users\treyl\Documents\Obsidian\Second_Brain\output\nec_2026_local_election_opencrab\github_repo_nec_2026_local_election_opencrab\supplements\official_gap_recovery_2026\direct_nec_downloads\markdown\920260603-5300-고창군-조국혁신당-1-1.md,ok,2,24,,pymupdf,suspiciously_short_text
920260603-5300-남원시-조국혁신당-1-1,전북특별자치도,기초의원비례대표선거,남원시,,조국혁신당,비례대표 정당 제출자료,https://policy.nec.go.kr/plc/common/downloadFile.do?requestedFileName=20260603_%EB%82%A8%EC%9B%90%EC%8B%9C_%EC%A1%B0%EA%B5%AD%ED%98%81%EC%8B%A0%EB%8B%B9_%EB%B9%84%EB%A1%80%EB%8C%80%ED%91%9C%20%EC%A0%95%EB%8B%B9%20%EC%A0%9C%EC%B6%9C%EC%9E%90%EB%A3%8C.pdf&requestedFullPath=20260603/PDF/PBINFO_PUB/5308/003_5077_20260517_1.pdf,C:\Users\treyl\Documents\Obsidian\Second_Brain\output\nec_2026_local_election_opencrab\github_repo_nec_2026_local_election_opencrab\supplements\official_gap_recovery_2026\direct_nec_downloads\documents\920260603-5300-남원시-조국혁신당-1-1.pdf,downloaded,6498725,,C:\Users\treyl\Documents\Obsidian\Second_Brain\output\nec_2026_local_election_opencrab\github_repo_nec_2026_local_election_opencrab\supplements\official_gap_recovery_2026\direct_nec_downloads\markdown\920260603-5300-남원시-조국혁신당-1-1.md,ok,2,24,,pymupdf,suspiciously_short_text
920260603-5300-김제시-조국혁신당-1-0,전북특별자치도,기초의원비례대표선거,김제시,,조국혁신당,비례대표 정당 제출자료,https://policy.nec.go.kr/plc/common/downloadFile.do?requestedFileName=20260603_%EA%B9%80%EC%A0%9C%EC%8B%9C_%EC%A1%B0%EA%B5%AD%ED%98%81%EC%8B%A0%EB%8B%B9_%EB%B9%84%EB%A1%80%EB%8C%80%ED%91%9C%20%EC%A0%95%EB%8B%B9%20%EC%A0%9C%EC%B6%9C%EC%9E%90%EB%A3%8C.pdf&requestedFullPath=20260603/PDF/PBINFO_PUB/5309/003_5077_20260523_1.pdf,C:\Users\treyl\Documents\Obsidian\Second_Brain\output\nec_2026_local_election_opencrab\github_repo_nec_2026_local_election_opencrab\supplements\official_gap_recovery_2026\direct_nec_downloads\documents\920260603-5300-김제시-조국혁신당-1-0.pdf,downloaded,654574,,C:\Users\treyl\Documents\Obsidian\Second_Brain\output\nec_2026_local_election_opencrab\github_repo_nec_2026_local_election_opencrab\supplements\official_gap_recovery_2026\direct_nec_downloads\markdown\920260603-5300-김제시-조국혁신당-1-0.md,ok,2,551,,pymupdf,ok
920260603-5300-남원시-진보당-1-1,전북특별자치도,기초의원비례대표선거,남원시,,진보당,비례대표 정당 제출자료,https://policy.nec.go.kr/plc/common/downloadFile.do?requestedFileName=20260603_%EB%82%A8%EC%9B%90%EC%8B%9C_%EC%A7%84%EB%B3%B4%EB%8B%B9_%EB%B9%84%EB%A1%80%EB%8C%80%ED%91%9C%20%EC%A0%95%EB%8B%B9%20%EC%A0%9C%EC%B6%9C%EC%9E%90%EB%A3%8C.pdf&requestedFullPath=20260603/PDF/PBINFO_PUB/5308/003_5010_20260514_1.pdf,C:\Users\treyl\Documents\Obsidian\Second_Brain\output\nec_2026_local_election_opencrab\github_repo_nec_2026_local_election_opencrab\supplements\official_gap_recovery_2026\direct_nec_downloads\documents\920260603-5300-남원시-진보당-1-1.pdf,downloaded,4440379,,C:\Users\treyl\Documents\Obsidian\Second_Brain\output\nec_2026_local_election_opencrab\github_repo_nec_2026_local_election_opencrab\supplements\official_gap_recovery_2026\direct_nec_downloads\markdown\920260603-5300-남원시-진보당-1-1.md,ok,4,1197,,pymupdf,ok
920260603-4600-담양군-더불어민주당-1-1,전라남도,기초의원비례대표선거,담양군,,더불어민주당,비례대표 정당 제출자료,https://policy.nec.go.kr/plc/common/downloadFile.do?requestedFileName=20260603_%EB%8B%B4%EC%96%91%EA%B5%B0_%EB%8D%94%EB%B6%88%EC%96%B4%EB%AF%BC%EC%A3%BC%EB%8B%B9_%EB%B9%84%EB%A1%80%EB%8C%80%ED%91%9C%20%EC%A0%95%EB%8B%B9%20%EC%A0%9C%EC%B6%9C%EC%9E%90%EB%A3%8C.pdf&requestedFullPath=20260603/PDF/PBINFO_PUB/4608/003_100_20260523_2.pdf,C:\Users\treyl\Documents\Obsidian\Second_Brain\output\nec_2026_local_election_opencrab\github_repo_nec_2026_local_election_opencrab\supplements\official_gap_recovery_2026\direct_nec_downloads\documents\920260603-4600-담양군-더불어민주당-1-1.pdf,downloaded,540508,,C:\Users\treyl\Documents\Obsidian\Second_Brain\output\nec_2026_local_election_opencrab\github_repo_nec_2026_local_election_opencrab\supplements\official_gap_recovery_2026\direct_nec_downloads\markdown\920260603-4600-담양군-더불어민주당-1-1.md,ok,4,54,,pymupdf,suspiciously_short_text
920260603-4600-목포시-더불어민주당-1-1,전라남도,기초의원비례대표선거,목포시,,더불어민주당,비례대표 정당 제출자료,https://policy.nec.go.kr/plc/common/downloadFile.do?requestedFileName=20260603_%EB%AA%A9%ED%8F%AC%EC%8B%9C_%EB%8D%94%EB%B6%88%EC%96%B4%EB%AF%BC%EC%A3%BC%EB%8B%B9_%EB%B9%84%EB%A1%80%EB%8C%80%ED%91%9C%20%EC%A0%95%EB%8B%B9%20%EC%A0%9C%EC%B6%9C%EC%9E%90%EB%A3%8C.pdf&requestedFullPath=20260603/PDF/PBINFO_PUB/4601/003_100_20260523_1.pdf,C:\Users\treyl\Documents\Obsidian\Second_Brain\output\nec_2026_local_election_opencrab\github_repo_nec_2026_local_election_opencrab\supplements\official_gap_recovery_2026\direct_nec_downloads\documents\920260603-4600-목포시-더불어민주당-1-1.pdf,downloaded,17364624,,C:\Users\treyl\Documents\Obsidian\Second_Brain\output\nec_2026_local_election_opencrab\github_repo_nec_2026_local_election_opencrab\supplements\official_gap_recovery_2026\direct_nec_downloads\markdown\920260603-4600-목포시-더불어민주당-1-1.md,ok,2,949,,pymupdf,ok
920260603-4600-순천시-더불어민주당-1-1,전라남도,기초의원비례대표선거,순천시,,더불어민주당,비례대표 정당 제출자료,https://policy.nec.go.kr/plc/common/downloadFile.do?requestedFileName=20260603_%EC%88%9C%EC%B2%9C%EC%8B%9C_%EB%8D%94%EB%B6%88%EC%96%B4%EB%AF%BC%EC%A3%BC%EB%8B%B9_%EB%B9%84%EB%A1%80%EB%8C%80%ED%91%9C%20%EC%A0%95%EB%8B%B9%20%EC%A0%9C%EC%B6%9C%EC%9E%90%EB%A3%8C.pdf&requestedFullPath=20260603/PDF/PBINFO_PUB/4604/003_100_20260524_2.pdf,C:\Users\treyl\Documents\Obsidian\Second_Brain\output\nec_2026_local_election_opencrab\github_repo_nec_2026_local_election_opencrab\supplements\official_gap_recovery_2026\direct_nec_downloads\documents\920260603-4600-순천시-더불어민주당-1-1.pdf,downloaded,2103454,,C:\Users\treyl\Documents\Obsidian\Second_Brain\output\nec_2026_local_election_opencrab\github_repo_nec_2026_local_election_opencrab\supplements\official_gap_recovery_2026\direct_nec_downloads\markdown\920260603-4600-순천시-더불어민주당-1-1.md,ok,2,983,,pymupdf,ok
920260603-4600-여수시-더불어민주당-1-1,전라남도,기초의원비례대표선거,여수시,,더불어민주당,비례대표 정당 제출자료,https://policy.nec.go.kr/plc/common/downloadFile.do?requestedFileName=20260603_%EC%97%AC%EC%88%98%EC%8B%9C_%EB%8D%94%EB%B6%88%EC%96%B4%EB%AF%BC%EC%A3%BC%EB%8B%B9_%EB%B9%84%EB%A1%80%EB%8C%80%ED%91%9C%20%EC%A0%95%EB%8B%B9%20%EC%A0%9C%EC%B6%9C%EC%9E%90%EB%A3%8C.pdf&requestedFullPath=20260603/PDF/PBINFO_PUB/4602/003_100_20260523_1.pdf,C:\Users\treyl\Documents\Obsidian\Second_Brain\output\nec_2026_local_election_opencrab\github_repo_nec_2026_local_election_opencrab\supplements\official_gap_recovery_2026\direct_nec_downloads\documents\920260603-4600-여수시-더불어민주당-1-1.pdf,downloaded,18403159,,C:\Users\treyl\Documents\Obsidian\Second_Brain\output\nec_2026_local_election_opencrab\github_repo_nec_2026_local_election_opencrab\supplements\official_gap_recovery_2026\direct_nec_downloads\markdown\920260603-4600-여수시-더불어민주당-1-1.md,ok,2,1130,,pymupdf,ok
920260603-4600-해남군-더불어민주당-1-1,전라남도,기초의원비례대표선거,해남군,,더불어민주당,비례대표 정당 제출자료,https://policy.nec.go.kr/plc/common/downloadFile.do?requestedFileName=20260603_%ED%95%B4%EB%82%A8%EA%B5%B0_%EB%8D%94%EB%B6%88%EC%96%B4%EB%AF%BC%EC%A3%BC%EB%8B%B9_%EB%B9%84%EB%A1%80%EB%8C%80%ED%91%9C%20%EC%A0%95%EB%8B%B9%20%EC%A0%9C%EC%B6%9C%EC%9E%90%EB%A3%8C.pdf&requestedFullPath=20260603/PDF/PBINFO_PUB/4618/003_100_20260521_1.pdf,C:\Users\treyl\Documents\Obsidian\Second_Brain\output\nec_2026_local_election_opencrab\github_repo_nec_2026_local_election_opencrab\supplements\official_gap_recovery_2026\direct_nec_downloads\documents\920260603-4600-해남군-더불어민주당-1-1.pdf,downloaded,13179159,,C:\Users\treyl\Documents\Obsidian\Second_Brain\output\nec_2026_local_election_opencrab\github_repo_nec_2026_local_election_opencrab\supplements\official_gap_recovery_2026\direct_nec_downloads\markdown\920260603-4600-해남군-더불어민주당-1-1.md,ok,4,54,,pymupdf,suspiciously_short_text
920260603-4600-여수시-국민의힘-1-1,전라남도,기초의원비례대표선거,여수시,,국민의힘,비례대표 정당 제출자료,https://policy.nec.go.kr/plc/common/downloadFile.do?requestedFileName=20260603_%EC%97%AC%EC%88%98%EC%8B%9C_%EA%B5%AD%EB%AF%BC%EC%9D%98%ED%9E%98_%EB%B9%84%EB%A1%80%EB%8C%80%ED%91%9C%20%EC%A0%95%EB%8B%B9%20%EC%A0%9C%EC%B6%9C%EC%9E%90%EB%A3%8C.pdf&requestedFullPath=20260603/PDF/PBINFO_PUB/4602/003_200_20260523_1.pdf,C:\Users\treyl\Documents\Obsidian\Second_Brain\output\nec_2026_local_election_opencrab\github_repo_nec_2026_local_election_opencrab\supplements\official_gap_recovery_2026\direct_nec_downloads\documents\920260603-4600-여수시-국민의힘-1-1.pdf,downloaded,19186295,,C:\Users\treyl\Documents\Obsidian\Second_Brain\output\nec_2026_local_election_opencrab\github_repo_nec_2026_local_election_opencrab\supplements\official_gap_recovery_2026\direct_nec_downloads\markdown\920260603-4600-여수시-국민의힘-1-1.md,ok,1,9,,pymupdf,suspiciously_short_text
920260603-4600-신안군-조국혁신당-1-1,전라남도,기초의원비례대표선거,신안군,,조국혁신당,비례대표 정당 제출자료,https://policy.nec.go.kr/plc/common/downloadFile.do?requestedFileName=20260603_%EC%8B%A0%EC%95%88%EA%B5%B0_%EC%A1%B0%EA%B5%AD%ED%98%81%EC%8B%A0%EB%8B%B9_%EB%B9%84%EB%A1%80%EB%8C%80%ED%91%9C%20%EC%A0%95%EB%8B%B9%20%EC%A0%9C%EC%B6%9C%EC%9E%90%EB%A3%8C.pdf&requestedFullPath=20260603/PDF/PBINFO_PUB/4624/003_5077_20260523_1.pdf,C:\Users\treyl\Documents\Obsidian\Second_Brain\output\nec_2026_local_election_opencrab\github_repo_nec_2026_local_election_opencrab\supplements\official_gap_recovery_2026\direct_nec_downloads\documents\920260603-4600-신안군-조국혁신당-1-1.pdf,downloaded,12281263,,C:\Users\treyl\Documents\Obsidian\Second_Brain\output\nec_2026_local_election_opencrab\github_repo_nec_2026_local_election_opencrab\supplements\official_gap_recovery_2026\direct_nec_downloads\markdown\920260603-4600-신안군-조국혁신당-1-1.md,ok,2,24,,pymupdf,suspiciously_short_text
920260603-4600-광양시-조국혁신당-1-1,전라남도,기초의원비례대표선거,광양시,,조국혁신당,비례대표 정당 제출자료,https://policy.nec.go.kr/plc/common/downloadFile.do?requestedFileName=20260603_%EA%B4%91%EC%96%91%EC%8B%9C_%EC%A1%B0%EA%B5%AD%ED%98%81%EC%8B%A0%EB%8B%B9_%EB%B9%84%EB%A1%80%EB%8C%80%ED%91%9C%20%EC%A0%95%EB%8B%B9%20%EC%A0%9C%EC%B6%9C%EC%9E%90%EB%A3%8C.pdf&requestedFullPath=20260603/PDF/PBINFO_PUB/4607/003_5077_20260522_1.pdf,C:\Users\treyl\Documents\Obsidian\Second_Brain\output\nec_2026_local_election_opencrab\github_repo_nec_2026_local_election_opencrab\supplements\official_gap_recovery_2026\direct_nec_downloads\documents\920260603-4600-광양시-조국혁신당-1-1.pdf,downloaded,415510,,C:\Users\treyl\Documents\Obsidian\Second_Brain\output\nec_2026_local_election_opencrab\github_repo_nec_2026_local_election_opencrab\supplements\official_gap_recovery_2026\direct_nec_downloads\markdown\920260603-4600-광양시-조국혁신당-1-1.md,ok,2,24,,pymupdf,suspiciously_short_text
920260603-4600-순천시-조국혁신당-1-1,전라남도,기초의원비례대표선거,순천시,,조국혁신당,비례대표 정당 제출자료,https://policy.nec.go.kr/plc/common/downloadFile.do?requestedFileName=20260603_%EC%88%9C%EC%B2%9C%EC%8B%9C_%EC%A1%B0%EA%B5%AD%ED%98%81%EC%8B%A0%EB%8B%B9_%EB%B9%84%EB%A1%80%EB%8C%80%ED%91%9C%20%EC%A0%95%EB%8B%B9%20%EC%A0%9C%EC%B6%9C%EC%9E%90%EB%A3%8C.pdf&requestedFullPath=20260603/PDF/PBINFO_PUB/4604/003_5077_20260523_1.pdf,C:\Users\treyl\Documents\Obsidian\Second_Brain\output\nec_2026_local_election_opencrab\github_repo_nec_2026_local_election_opencrab\supplements\official_gap_recovery_2026\direct_nec_downloads\documents\920260603-4600-순천시-조국혁신당-1-1.pdf,downloaded,793011,,C:\Users\treyl\Documents\Obsidian\Second_Brain\output\nec_2026_local_election_opencrab\github_repo_nec_2026_local_election_opencrab\supplements\official_gap_recovery_2026\direct_nec_downloads\markdown\920260603-4600-순천시-조국혁신당-1-1.md,ok,2,633,,pymupdf,ok
920260603-4600-여수시-조국혁신당-1-1,전라남도,기초의원비례대표선거,여수시,,조국혁신당,비례대표 정당 제출자료,https://policy.nec.go.kr/plc/common/downloadFile.do?requestedFileName=20260603_%EC%97%AC%EC%88%98%EC%8B%9C_%EC%A1%B0%EA%B5%AD%ED%98%81%EC%8B%A0%EB%8B%B9_%EB%B9%84%EB%A1%80%EB%8C%80%ED%91%9C%20%EC%A0%95%EB%8B%B9%20%EC%A0%9C%EC%B6%9C%EC%9E%90%EB%A3%8C.pdf&requestedFullPath=20260603/PDF/PBINFO_PUB/4602/003_5077_20260523_1.pdf,C:\Users\treyl\Documents\Obsidian\Second_Brain\output\nec_2026_local_election_opencrab\github_repo_nec_2026_local_election_opencrab\supplements\official_gap_recovery_2026\direct_nec_downloads\documents\920260603-4600-여수시-조국혁신당-1-1.pdf,downloaded,13930895,,C:\Users\treyl\Documents\Obsidian\Second_Brain\output\nec_2026_local_election_opencrab\github_repo_nec_2026_local_election_opencrab\supplements\official_gap_recovery_2026\direct_nec_downloads\markdown\920260603-4600-여수시-조국혁신당-1-1.md,ok,2,477,,pymupdf,ok
920260603-4600-해남군-조국혁신당-1-1,전라남도,기초의원비례대표선거,해남군,,조국혁신당,비례대표 정당 제출자료,https://policy.nec.go.kr/plc/common/downloadFile.do?requestedFileName=20260603_%ED%95%B4%EB%82%A8%EA%B5%B0_%EC%A1%B0%EA%B5%AD%ED%98%81%EC%8B%A0%EB%8B%B9_%EB%B9%84%EB%A1%80%EB%8C%80%ED%91%9C%20%EC%A0%95%EB%8B%B9%20%EC%A0%9C%EC%B6%9C%EC%9E%90%EB%A3%8C.pdf&requestedFullPath=20260603/PDF/PBINFO_PUB/4618/003_5077_20260521_1.pdf,C:\Users\treyl\Documents\Obsidian\Second_Brain\output\nec_2026_local_election_opencrab\github_repo_nec_2026_local_election_opencrab\supplements\official_gap_recovery_2026\direct_nec_downloads\documents\920260603-4600-해남군-조국혁신당-1-1.pdf,downloaded,14591197,,C:\Users\treyl\Documents\Obsidian\Second_Brain\output\nec_2026_local_election_opencrab\github_repo_nec_2026_local_election_opencrab\supplements\official_gap_recovery_2026\direct_nec_downloads\markdown\920260603-4600-해남군-조국혁신당-1-1.md,ok,2,406,,pymupdf,ok
920260603-4600-담양군-조국혁신당-1-1,전라남도,기초의원비례대표선거,담양군,,조국혁신당,비례대표 정당 제출자료,https://policy.nec.go.kr/plc/common/downloadFile.do?requestedFileName=20260603_%EB%8B%B4%EC%96%91%EA%B5%B0_%EC%A1%B0%EA%B5%AD%ED%98%81%EC%8B%A0%EB%8B%B9_%EB%B9%84%EB%A1%80%EB%8C%80%ED%91%9C%20%EC%A0%95%EB%8B%B9%20%EC%A0%9C%EC%B6%9C%EC%9E%90%EB%A3%8C.pdf&requestedFullPath=20260603/PDF/PBINFO_PUB/4608/003_5077_20260520_1.pdf,C:\Users\treyl\Documents\Obsidian\Second_Brain\output\nec_2026_local_election_opencrab\github_repo_nec_2026_local_election_opencrab\supplements\official_gap_recovery_2026\direct_nec_downloads\documents\920260603-4600-담양군-조국혁신당-1-1.pdf,downloaded,12407076,,C:\Users\treyl\Documents\Obsidian\Second_Brain\output\nec_2026_local_election_opencrab\github_repo_nec_2026_local_election_opencrab\supplements\official_gap_recovery_2026\direct_nec_downloads\markdown\920260603-4600-담양군-조국혁신당-1-1.md,ok,2,298,,pymupdf,ok
920260603-4600-목포시-조국혁신당-1-1,전라남도,기초의원비례대표선거,목포시,,조국혁신당,비례대표 정당 제출자료,https://policy.nec.go.kr/plc/common/downloadFile.do?requestedFileName=20260603_%EB%AA%A9%ED%8F%AC%EC%8B%9C_%EC%A1%B0%EA%B5%AD%ED%98%81%EC%8B%A0%EB%8B%B9_%EB%B9%84%EB%A1%80%EB%8C%80%ED%91%9C%20%EC%A0%95%EB%8B%B9%20%EC%A0%9C%EC%B6%9C%EC%9E%90%EB%A3%8C.pdf&requestedFullPath=20260603/PDF/PBINFO_PUB/4601/003_5077_20260523_1.pdf,C:\Users\treyl\Documents\Obsidian\Second_Brain\output\nec_2026_local_election_opencrab\github_repo_nec_2026_local_election_opencrab\supplements\official_gap_recovery_2026\direct_nec_downloads\documents\920260603-4600-목포시-조국혁신당-1-1.pdf,downloaded,7690076,,C:\Users\treyl\Documents\Obsidian\Second_Brain\output\nec_2026_local_election_opencrab\github_repo_nec_2026_local_election_opencrab\supplements\official_gap_recovery_2026\direct_nec_downloads\markdown\920260603-4600-목포시-조국혁신당-1-1.md,ok,2,406,,pymupdf,ok
920260603-4600-목포시-진보당-1-1,전라남도,기초의원비례대표선거,목포시,,진보당,비례대표 정당 제출자료,https://policy.nec.go.kr/plc/common/downloadFile.do?requestedFileName=20260603_%EB%AA%A9%ED%8F%AC%EC%8B%9C_%EC%A7%84%EB%B3%B4%EB%8B%B9_%EB%B9%84%EB%A1%80%EB%8C%80%ED%91%9C%20%EC%A0%95%EB%8B%B9%20%EC%A0%9C%EC%B6%9C%EC%9E%90%EB%A3%8C.pdf&requestedFullPath=20260603/PDF/PBINFO_PUB/4601/003_5010_20260523_1.pdf,C:\Users\treyl\Documents\Obsidian\Second_Brain\output\nec_2026_local_election_opencrab\github_repo_nec_2026_local_election_opencrab\supplements\official_gap_recovery_2026\direct_nec_downloads\documents\920260603-4600-목포시-진보당-1-1.pdf,downloaded,1307115,,C:\Users\treyl\Documents\Obsidian\Second_Brain\output\nec_2026_local_election_opencrab\github_repo_nec_2026_local_election_opencrab\supplements\official_gap_recovery_2026\direct_nec_downloads\markdown\920260603-4600-목포시-진보당-1-1.md,ok,2,632,,pymupdf,ok
920260603-4600-순천시-진보당-1-1,전라남도,기초의원비례대표선거,순천시,,진보당,비례대표 정당 제출자료,https://policy.nec.go.kr/plc/common/downloadFile.do?requestedFileName=20260603_%EC%88%9C%EC%B2%9C%EC%8B%9C_%EC%A7%84%EB%B3%B4%EB%8B%B9_%EB%B9%84%EB%A1%80%EB%8C%80%ED%91%9C%20%EC%A0%95%EB%8B%B9%20%EC%A0%9C%EC%B6%9C%EC%9E%90%EB%A3%8C.pdf&requestedFullPath=20260603/PDF/PBINFO_PUB/4604/003_5010_20260523_1.pdf,C:\Users\treyl\Documents\Obsidian\Second_Brain\output\nec_2026_local_election_opencrab\github_repo_nec_2026_local_election_opencrab\supplements\official_gap_recovery_2026\direct_nec_downloads\documents\920260603-4600-순천시-진보당-1-1.pdf,downloaded,1241412,,C:\Users\treyl\Documents\Obsidian\Second_Brain\output\nec_2026_local_election_opencrab\github_repo_nec_2026_local_election_opencrab\supplements\official_gap_recovery_2026\direct_nec_downloads\markdown\920260603-4600-순천시-진보당-1-1.md,ok,2,975,,pymupdf,ok
920260603-4700-경주시-더불어민주당-1-1,경상북도,기초의원비례대표선거,경주시,,더불어민주당,비례대표 정당 제출자료,https://policy.nec.go.kr/plc/common/downloadFile.do?requestedFileName=20260603_%EA%B2%BD%EC%A3%BC%EC%8B%9C_%EB%8D%94%EB%B6%88%EC%96%B4%EB%AF%BC%EC%A3%BC%EB%8B%B9_%EB%B9%84%EB%A1%80%EB%8C%80%ED%91%9C%20%EC%A0%95%EB%8B%B9%20%EC%A0%9C%EC%B6%9C%EC%9E%90%EB%A3%8C.pdf&requestedFullPath=20260603/PDF/PBINFO_PUB/4704/003_100_20260523_1.pdf,C:\Users\treyl\Documents\Obsidian\Second_Brain\output\nec_2026_local_election_opencrab\github_repo_nec_2026_local_election_opencrab\supplements\official_gap_recovery_2026\direct_nec_downloads\documents\920260603-4700-경주시-더불어민주당-1-1.pdf,downloaded,164839,,C:\Users\treyl\Documents\Obsidian\Second_Brain\output\nec_2026_local_election_opencrab\github_repo_nec_2026_local_election_opencrab\supplements\official_gap_recovery_2026\direct_nec_downloads\markdown\920260603-4700-경주시-더불어민주당-1-1.md,ok,2,750,,pymupdf,ok
920260603-4700-영천시-더불어민주당-1-1,경상북도,기초의원비례대표선거,영천시,,더불어민주당,비례대표 정당 제출자료,https://policy.nec.go.kr/plc/common/downloadFile.do?requestedFileName=20260603_%EC%98%81%EC%B2%9C%EC%8B%9C_%EB%8D%94%EB%B6%88%EC%96%B4%EB%AF%BC%EC%A3%BC%EB%8B%B9_%EB%B9%84%EB%A1%80%EB%8C%80%ED%91%9C%20%EC%A0%95%EB%8B%B9%20%EC%A0%9C%EC%B6%9C%EC%9E%90%EB%A3%8C.pdf&requestedFullPath=20260603/PDF/PBINFO_PUB/4709/003_100_20260519_1.pdf,C:\Users\treyl\Documents\Obsidian\Second_Brain\output\nec_2026_local_election_opencrab\github_repo_nec_2026_local_election_opencrab\supplements\official_gap_recovery_2026\direct_nec_downloads\documents\920260603-4700-영천시-더불어민주당-1-1.pdf,downloaded,492952,,C:\Users\treyl\Documents\Obsidian\Second_Brain\output\nec_2026_local_election_opencrab\github_repo_nec_2026_local_election_opencrab\supplements\official_gap_recovery_2026\direct_nec_downloads\markdown\920260603-4700-영천시-더불어민주당-1-1.md,ok,2,822,,pymupdf,ok
920260603-4700-경산시-더불어민주당-1-1,경상북도,기초의원비례대표선거,경산시,,더불어민주당,비례대표 정당 제출자료,https://policy.nec.go.kr/plc/common/downloadFile.do?requestedFileName=20260603_%EA%B2%BD%EC%82%B0%EC%8B%9C_%EB%8D%94%EB%B6%88%EC%96%B4%EB%AF%BC%EC%A3%BC%EB%8B%B9_%EB%B9%84%EB%A1%80%EB%8C%80%ED%91%9C%20%EC%A0%95%EB%8B%B9%20%EC%A0%9C%EC%B6%9C%EC%9E%90%EB%A3%8C.pdf&requestedFullPath=20260603/PDF/PBINFO_PUB/4713/003_100_20260523_1.pdf,C:\Users\treyl\Documents\Obsidian\Second_Brain\output\nec_2026_local_election_opencrab\github_repo_nec_2026_local_election_opencrab\supplements\official_gap_recovery_2026\direct_nec_downloads\documents\920260603-4700-경산시-더불어민주당-1-1.pdf,downloaded,3839354,,C:\Users\treyl\Documents\Obsidian\Second_Brain\output\nec_2026_local_election_opencrab\github_repo_nec_2026_local_election_opencrab\supplements\official_gap_recovery_2026\direct_nec_downloads\markdown\920260603-4700-경산시-더불어민주당-1-1.md,ok,2,544,,pymupdf,ok
920260603-4700-구미시-더불어민주당-1-1,경상북도,기초의원비례대표선거,구미시,,더불어민주당,비례대표 정당 제출자료,https://policy.nec.go.kr/plc/common/downloadFile.do?requestedFileName=20260603_%EA%B5%AC%EB%AF%B8%EC%8B%9C_%EB%8D%94%EB%B6%88%EC%96%B4%EB%AF%BC%EC%A3%BC%EB%8B%B9_%EB%B9%84%EB%A1%80%EB%8C%80%ED%91%9C%20%EC%A0%95%EB%8B%B9%20%EC%A0%9C%EC%B6%9C%EC%9E%90%EB%A3%8C.pdf&requestedFullPath=20260603/PDF/PBINFO_PUB/4707/003_100_20260522_1.pdf,C:\Users\treyl\Documents\Obsidian\Second_Brain\output\nec_2026_local_election_opencrab\github_repo_nec_2026_local_election_opencrab\supplements\official_gap_recovery_2026\direct_nec_downloads\documents\920260603-4700-구미시-더불어민주당-1-1.pdf,downloaded,561113,,C:\Users\treyl\Documents\Obsidian\Second_Brain\output\nec_2026_local_election_opencrab\github_repo_nec_2026_local_election_opencrab\supplements\official_gap_recovery_2026\direct_nec_downloads\markdown\920260603-4700-구미시-더불어민주당-1-1.md,ok,2,1197,,pymupdf,ok
920260603-4700-김천시-더불어민주당-1-1,경상북도,기초의원비례대표선거,김천시,,더불어민주당,비례대표 정당 제출자료,https://policy.nec.go.kr/plc/common/downloadFile.do?requestedFileName=20260603_%EA%B9%80%EC%B2%9C%EC%8B%9C_%EB%8D%94%EB%B6%88%EC%96%B4%EB%AF%BC%EC%A3%BC%EB%8B%B9_%EB%B9%84%EB%A1%80%EB%8C%80%ED%91%9C%20%EC%A0%95%EB%8B%B9%20%EC%A0%9C%EC%B6%9C%EC%9E%90%EB%A3%8C.pdf&requestedFullPath=20260603/PDF/PBINFO_PUB/4705/003_100_20260521_1.pdf,C:\Users\treyl\Documents\Obsidian\Second_Brain\output\nec_2026_local_election_opencrab\github_repo_nec_2026_local_election_opencrab\supplements\official_gap_recovery_2026\direct_nec_downloads\documents\920260603-4700-김천시-더불어민주당-1-1.pdf,downloaded,827244,,C:\Users\treyl\Documents\Obsidian\Second_Brain\output\nec_2026_local_election_opencrab\github_repo_nec_2026_local_election_opencrab\supplements\official_gap_recovery_2026\direct_nec_downloads\markdown\920260603-4700-김천시-더불어민주당-1-1.md,ok,2,131,,pymupdf,suspiciously_short_text
920260603-4700-안동시-더불어민주당-1-1,경상북도,기초의원비례대표선거,안동시,,더불어민주당,비례대표 정당 제출자료,https://policy.nec.go.kr/plc/common/downloadFile.do?requestedFileName=20260603_%EC%95%88%EB%8F%99%EC%8B%9C_%EB%8D%94%EB%B6%88%EC%96%B4%EB%AF%BC%EC%A3%BC%EB%8B%B9_%EB%B9%84%EB%A1%80%EB%8C%80%ED%91%9C%20%EC%A0%95%EB%8B%B9%20%EC%A0%9C%EC%B6%9C%EC%9E%90%EB%A3%8C.pdf&requestedFullPath=20260603/PDF/PBINFO_PUB/4706/003_100_20260523_1.pdf,C:\Users\treyl\Documents\Obsidian\Second_Brain\output\nec_2026_local_election_opencrab\github_repo_nec_2026_local_election_opencrab\supplements\official_gap_recovery_2026\direct_nec_downloads\documents\920260603-4700-안동시-더불어민주당-1-1.pdf,downloaded,8409499,,C:\Users\treyl\Documents\Obsidian\Second_Brain\output\nec_2026_local_election_opencrab\github_repo_nec_2026_local_election_opencrab\supplements\official_gap_recovery_2026\direct_nec_downloads\markdown\920260603-4700-안동시-더불어민주당-1-1.md,ok,4,54,,pymupdf,suspiciously_short_text
920260603-4700-상주시-더불어민주당-1-1,경상북도,기초의원비례대표선거,상주시,,더불어민주당,비례대표 정당 제출자료,https://policy.nec.go.kr/plc/common/downloadFile.do?requestedFileName=20260603_%EC%83%81%EC%A3%BC%EC%8B%9C_%EB%8D%94%EB%B6%88%EC%96%B4%EB%AF%BC%EC%A3%BC%EB%8B%B9_%EB%B9%84%EB%A1%80%EB%8C%80%ED%91%9C%20%EC%A0%95%EB%8B%B9%20%EC%A0%9C%EC%B6%9C%EC%9E%90%EB%A3%8C.pdf&requestedFullPath=20260603/PDF/PBINFO_PUB/4710/003_100_20260522_1.pdf,C:\Users\treyl\Documents\Obsidian\Second_Brain\output\nec_2026_local_election_opencrab\github_repo_nec_2026_local_election_opencrab\supplements\official_gap_recovery_2026\direct_nec_downloads\documents\920260603-4700-상주시-더불어민주당-1-1.pdf,downloaded,456138,,C:\Users\treyl\Documents\Obsidian\Second_Brain\output\nec_2026_local_election_opencrab\github_repo_nec_2026_local_election_opencrab\supplements\official_gap_recovery_2026\direct_nec_downloads\markdown\920260603-4700-상주시-더불어민주당-1-1.md,ok,2,651,,pymupdf,ok
920260603-4700-포항시-더불어민주당-1-1,경상북도,기초의원비례대표선거,포항시,,더불어민주당,비례대표 정당 제출자료,https://policy.nec.go.kr/plc/common/downloadFile.do?requestedFileName=20260603_%ED%8F%AC%ED%95%AD%EC%8B%9C_%EB%8D%94%EB%B6%88%EC%96%B4%EB%AF%BC%EC%A3%BC%EB%8B%B9_%EB%B9%84%EB%A1%80%EB%8C%80%ED%91%9C%20%EC%A0%95%EB%8B%B9%20%EC%A0%9C%EC%B6%9C%EC%9E%90%EB%A3%8C.pdf&requestedFullPath=20260603/PDF/PBINFO_PUB/4702/003_100_20260523_1.pdf,C:\Users\treyl\Documents\Obsidian\Second_Brain\output\nec_2026_local_election_opencrab\github_repo_nec_2026_local_election_opencrab\supplements\official_gap_recovery_2026\direct_nec_downloads\documents\920260603-4700-포항시-더불어민주당-1-1.pdf,downloaded,884295,,C:\Users\treyl\Documents\Obsidian\Second_Brain\output\nec_2026_local_election_opencrab\github_repo_nec_2026_local_election_opencrab\supplements\official_gap_recovery_2026\direct_nec_downloads\markdown\920260603-4700-포항시-더불어민주당-1-1.md,ok,4,1199,,pymupdf,ok
920260603-4700-영천시-국민의힘-1-1,경상북도,기초의원비례대표선거,영천시,,국민의힘,비례대표 정당 제출자료,https://policy.nec.go.kr/plc/common/downloadFile.do?requestedFileName=20260603_%EC%98%81%EC%B2%9C%EC%8B%9C_%EA%B5%AD%EB%AF%BC%EC%9D%98%ED%9E%98_%EB%B9%84%EB%A1%80%EB%8C%80%ED%91%9C%20%EC%A0%95%EB%8B%B9%20%EC%A0%9C%EC%B6%9C%EC%9E%90%EB%A3%8C.pdf&requestedFullPath=20260603/PDF/PBINFO_PUB/4709/003_200_20260516_1.pdf,C:\Users\treyl\Documents\Obsidian\Second_Brain\output\nec_2026_local_election_opencrab\github_repo_nec_2026_local_election_opencrab\supplements\official_gap_recovery_2026\direct_nec_downloads\documents\920260603-4700-영천시-국민의힘-1-1.pdf,downloaded,1439546,,C:\Users\treyl\Documents\Obsidian\Second_Brain\output\nec_2026_local_election_opencrab\github_repo_nec_2026_local_election_opencrab\supplements\official_gap_recovery_2026\direct_nec_downloads\markdown\920260603-4700-영천시-국민의힘-1-1.md,ok,4,989,,pymupdf,ok
920260603-4700-경산시-국민의힘-1-1,경상북도,기초의원비례대표선거,경산시,,국민의힘,비례대표 정당 제출자료,https://policy.nec.go.kr/plc/common/downloadFile.do?requestedFileName=20260603_%EA%B2%BD%EC%82%B0%EC%8B%9C_%EA%B5%AD%EB%AF%BC%EC%9D%98%ED%9E%98_%EB%B9%84%EB%A1%80%EB%8C%80%ED%91%9C%20%EC%A0%95%EB%8B%B9%20%EC%A0%9C%EC%B6%9C%EC%9E%90%EB%A3%8C.pdf&requestedFullPath=20260603/PDF/PBINFO_PUB/4713/003_200_20260524_1.pdf,C:\Users\treyl\Documents\Obsidian\Second_Brain\output\nec_2026_local_election_opencrab\github_repo_nec_2026_local_election_opencrab\supplements\official_gap_recovery_2026\direct_nec_downloads\documents\920260603-4700-경산시-국민의힘-1-1.pdf,downloaded,5638980,,C:\Users\treyl\Documents\Obsidian\Second_Brain\output\nec_2026_local_election_opencrab\github_repo_nec_2026_local_election_opencrab\supplements\official_gap_recovery_2026\direct_nec_downloads\markdown\920260603-4700-경산시-국민의힘-1-1.md,ok,2,24,,pymupdf,suspiciously_short_text
920260603-4700-안동시-국민의힘-1-1,경상북도,기초의원비례대표선거,안동시,,국민의힘,비례대표 정당 제출자료,https://policy.nec.go.kr/plc/common/downloadFile.do?requestedFileName=20260603_%EC%95%88%EB%8F%99%EC%8B%9C_%EA%B5%AD%EB%AF%BC%EC%9D%98%ED%9E%98_%EB%B9%84%EB%A1%80%EB%8C%80%ED%91%9C%20%EC%A0%95%EB%8B%B9%20%EC%A0%9C%EC%B6%9C%EC%9E%90%EB%A3%8C.pdf&requestedFullPath=20260603/PDF/PBINFO_PUB/4706/003_200_20260523_1.pdf,C:\Users\treyl\Documents\Obsidian\Second_Brain\output\nec_2026_local_election_opencrab\github_repo_nec_2026_local_election_opencrab\supplements\official_gap_recovery_2026\direct_nec_downloads\documents\920260603-4700-안동시-국민의힘-1-1.pdf,downloaded,816074,,C:\Users\treyl\Documents\Obsidian\Second_Brain\output\nec_2026_local_election_opencrab\github_repo_nec_2026_local_election_opencrab\supplements\official_gap_recovery_2026\direct_nec_downloads\markdown\920260603-4700-안동시-국민의힘-1-1.md,ok,3,1716,,pymupdf,ok
920260603-4700-경주시-진보당-1-1,경상북도,기초의원비례대표선거,경주시,,진보당,비례대표 정당 제출자료,https://policy.nec.go.kr/plc/common/downloadFile.do?requestedFileName=20260603_%EA%B2%BD%EC%A3%BC%EC%8B%9C_%EC%A7%84%EB%B3%B4%EB%8B%B9_%EB%B9%84%EB%A1%80%EB%8C%80%ED%91%9C%20%EC%A0%95%EB%8B%B9%20%EC%A0%9C%EC%B6%9C%EC%9E%90%EB%A3%8C.pdf&requestedFullPath=20260603/PDF/PBINFO_PUB/4704/003_5010_20260523_1.pdf,C:\Users\treyl\Documents\Obsidian\Second_Brain\output\nec_2026_local_election_opencrab\github_repo_nec_2026_local_election_opencrab\supplements\official_gap_recovery_2026\direct_nec_downloads\documents\920260603-4700-경주시-진보당-1-1.pdf,downloaded,3671189,,C:\Users\treyl\Documents\Obsidian\Second_Brain\output\nec_2026_local_election_opencrab\github_repo_nec_2026_local_election_opencrab\supplements\official_gap_recovery_2026\direct_nec_downloads\markdown\920260603-4700-경주시-진보당-1-1.md,ok,4,1302,,pymupdf,ok
920260603-4700-포항시-진보당-1-1,경상북도,기초의원비례대표선거,포항시,,진보당,비례대표 정당 제출자료,https://policy.nec.go.kr/plc/common/downloadFile.do?requestedFileName=20260603_%ED%8F%AC%ED%95%AD%EC%8B%9C_%EC%A7%84%EB%B3%B4%EB%8B%B9_%EB%B9%84%EB%A1%80%EB%8C%80%ED%91%9C%20%EC%A0%95%EB%8B%B9%20%EC%A0%9C%EC%B6%9C%EC%9E%90%EB%A3%8C.pdf&requestedFullPath=20260603/PDF/PBINFO_PUB/4702/003_5010_20260523_1.pdf,C:\Users\treyl\Documents\Obsidian\Second_Brain\output\nec_2026_local_election_opencrab\github_repo_nec_2026_local_election_opencrab\supplements\official_gap_recovery_2026\direct_nec_downloads\documents\920260603-4700-포항시-진보당-1-1.pdf,downloaded,2562721,,C:\Users\treyl\Documents\Obsidian\Second_Brain\output\nec_2026_local_election_opencrab\github_repo_nec_2026_local_election_opencrab\supplements\official_gap_recovery_2026\direct_nec_downloads\markdown\920260603-4700-포항시-진보당-1-1.md,ok,2,1522,,pymupdf,ok
920260603-4800-밀양시-더불어민주당-1-1,경상남도,기초의원비례대표선거,밀양시,,더불어민주당,비례대표 정당 제출자료,https://policy.nec.go.kr/plc/common/downloadFile.do?requestedFileName=20260603_%EB%B0%80%EC%96%91%EC%8B%9C_%EB%8D%94%EB%B6%88%EC%96%B4%EB%AF%BC%EC%A3%BC%EB%8B%B9_%EB%B9%84%EB%A1%80%EB%8C%80%ED%91%9C%20%EC%A0%95%EB%8B%B9%20%EC%A0%9C%EC%B6%9C%EC%9E%90%EB%A3%8C.pdf&requestedFullPath=20260603/PDF/PBINFO_PUB/4809/003_100_20260524_1.pdf,C:\Users\treyl\Documents\Obsidian\Second_Brain\output\nec_2026_local_election_opencrab\github_repo_nec_2026_local_election_opencrab\supplements\official_gap_recovery_2026\direct_nec_downloads\documents\920260603-4800-밀양시-더불어민주당-1-1.pdf,downloaded,11312589,,C:\Users\treyl\Documents\Obsidian\Second_Brain\output\nec_2026_local_election_opencrab\github_repo_nec_2026_local_election_opencrab\supplements\official_gap_recovery_2026\direct_nec_downloads\markdown\920260603-4800-밀양시-더불어민주당-1-1.md,ok,8,2875,,pymupdf,ok
920260603-4800-거제시-더불어민주당-1-1,경상남도,기초의원비례대표선거,거제시,,더불어민주당,비례대표 정당 제출자료,https://policy.nec.go.kr/plc/common/downloadFile.do?requestedFileName=20260603_%EA%B1%B0%EC%A0%9C%EC%8B%9C_%EB%8D%94%EB%B6%88%EC%96%B4%EB%AF%BC%EC%A3%BC%EB%8B%B9_%EB%B9%84%EB%A1%80%EB%8C%80%ED%91%9C%20%EC%A0%95%EB%8B%B9%20%EC%A0%9C%EC%B6%9C%EC%9E%90%EB%A3%8C.pdf&requestedFullPath=20260603/PDF/PBINFO_PUB/4810/003_100_20260522_1.pdf,C:\Users\treyl\Documents\Obsidian\Second_Brain\output\nec_2026_local_election_opencrab\github_repo_nec_2026_local_election_opencrab\supplements\official_gap_recovery_2026\direct_nec_downloads\documents\920260603-4800-거제시-더불어민주당-1-1.pdf,downloaded,1180512,,C:\Users\treyl\Documents\Obsidian\Second_Brain\output\nec_2026_local_election_opencrab\github_repo_nec_2026_local_election_opencrab\supplements\official_gap_recovery_2026\direct_nec_downloads\markdown\920260603-4800-거제시-더불어민주당-1-1.md,ok,8,3119,,pymupdf,ok
920260603-4800-남해군-더불어민주당-1-1,경상남도,기초의원비례대표선거,남해군,,더불어민주당,비례대표 정당 제출자료,https://policy.nec.go.kr/plc/common/downloadFile.do?requestedFileName=20260603_%EB%82%A8%ED%95%B4%EA%B5%B0_%EB%8D%94%EB%B6%88%EC%96%B4%EB%AF%BC%EC%A3%BC%EB%8B%B9_%EB%B9%84%EB%A1%80%EB%8C%80%ED%91%9C%20%EC%A0%95%EB%8B%B9%20%EC%A0%9C%EC%B6%9C%EC%9E%90%EB%A3%8C.pdf&requestedFullPath=20260603/PDF/PBINFO_PUB/4816/003_100_20260522_1.pdf,C:\Users\treyl\Documents\Obsidian\Second_Brain\output\nec_2026_local_election_opencrab\github_repo_nec_2026_local_election_opencrab\supplements\official_gap_recovery_2026\direct_nec_downloads\documents\920260603-4800-남해군-더불어민주당-1-1.pdf,downloaded,851765,,C:\Users\treyl\Documents\Obsidian\Second_Brain\output\nec_2026_local_election_opencrab\github_repo_nec_2026_local_election_opencrab\supplements\official_gap_recovery_2026\direct_nec_downloads\markdown\920260603-4800-남해군-더불어민주당-1-1.md,ok,4,1687,,pymupdf,ok
920260603-4800-진주시-더불어민주당-1-1,경상남도,기초의원비례대표선거,진주시,,더불어민주당,비례대표 정당 제출자료,https://policy.nec.go.kr/plc/common/downloadFile.do?requestedFileName=20260603_%EC%A7%84%EC%A3%BC%EC%8B%9C_%EB%8D%94%EB%B6%88%EC%96%B4%EB%AF%BC%EC%A3%BC%EB%8B%B9_%EB%B9%84%EB%A1%80%EB%8C%80%ED%91%9C%20%EC%A0%95%EB%8B%B9%20%EC%A0%9C%EC%B6%9C%EC%9E%90%EB%A3%8C.pdf&requestedFullPath=20260603/PDF/PBINFO_PUB/4803/003_100_20260523_1.pdf,C:\Users\treyl\Documents\Obsidian\Second_Brain\output\nec_2026_local_election_opencrab\github_repo_nec_2026_local_election_opencrab\supplements\official_gap_recovery_2026\direct_nec_downloads\documents\920260603-4800-진주시-더불어민주당-1-1.pdf,downloaded,1149289,,C:\Users\treyl\Documents\Obsidian\Second_Brain\output\nec_2026_local_election_opencrab\github_repo_nec_2026_local_election_opencrab\supplements\official_gap_recovery_2026\direct_nec_downloads\markdown\920260603-4800-진주시-더불어민주당-1-1.md,ok,8,2933,,pymupdf,ok
920260603-4800-사천시-더불어민주당-1-1,경상남도,기초의원비례대표선거,사천시,,더불어민주당,비례대표 정당 제출자료,https://policy.nec.go.kr/plc/common/downloadFile.do?requestedFileName=20260603_%EC%82%AC%EC%B2%9C%EC%8B%9C_%EB%8D%94%EB%B6%88%EC%96%B4%EB%AF%BC%EC%A3%BC%EB%8B%B9_%EB%B9%84%EB%A1%80%EB%8C%80%ED%91%9C%20%EC%A0%95%EB%8B%B9%20%EC%A0%9C%EC%B6%9C%EC%9E%90%EB%A3%8C.pdf&requestedFullPath=20260603/PDF/PBINFO_PUB/4807/003_100_20260520_1.pdf,C:\Users\treyl\Documents\Obsidian\Second_Brain\output\nec_2026_local_election_opencrab\github_repo_nec_2026_local_election_opencrab\supplements\official_gap_recovery_2026\direct_nec_downloads\documents\920260603-4800-사천시-더불어민주당-1-1.pdf,downloaded,1160430,,C:\Users\treyl\Documents\Obsidian\Second_Brain\output\nec_2026_local_election_opencrab\github_repo_nec_2026_local_election_opencrab\supplements\official_gap_recovery_2026\direct_nec_downloads\markdown\920260603-4800-사천시-더불어민주당-1-1.md,ok,8,2537,,pymupdf,ok
920260603-4800-통영시-더불어민주당-1-1,경상남도,기초의원비례대표선거,통영시,,더불어민주당,비례대표 정당 제출자료,https://policy.nec.go.kr/plc/common/downloadFile.do?requestedFileName=20260603_%ED%86%B5%EC%98%81%EC%8B%9C_%EB%8D%94%EB%B6%88%EC%96%B4%EB%AF%BC%EC%A3%BC%EB%8B%B9_%EB%B9%84%EB%A1%80%EB%8C%80%ED%91%9C%20%EC%A0%95%EB%8B%B9%20%EC%A0%9C%EC%B6%9C%EC%9E%90%EB%A3%8C.pdf&requestedFullPath=20260603/PDF/PBINFO_PUB/4805/003_100_20260523_1.pdf,C:\Users\treyl\Documents\Obsidian\Second_Brain\output\nec_2026_local_election_opencrab\github_repo_nec_2026_local_election_opencrab\supplements\official_gap_recovery_2026\direct_nec_downloads\documents\920260603-4800-통영시-더불어민주당-1-1.pdf,downloaded,1158855,,C:\Users\treyl\Documents\Obsidian\Second_Brain\output\nec_2026_local_election_opencrab\github_repo_nec_2026_local_election_opencrab\supplements\official_gap_recovery_2026\direct_nec_downloads\markdown\920260603-4800-통영시-더불어민주당-1-1.md,ok,8,3180,,pymupdf,ok
920260603-4800-김해시-더불어민주당-1-1,경상남도,기초의원비례대표선거,김해시,,더불어민주당,비례대표 정당 제출자료,https://policy.nec.go.kr/plc/common/downloadFile.do?requestedFileName=20260603_%EA%B9%80%ED%95%B4%EC%8B%9C_%EB%8D%94%EB%B6%88%EC%96%B4%EB%AF%BC%EC%A3%BC%EB%8B%B9_%EB%B9%84%EB%A1%80%EB%8C%80%ED%91%9C%20%EC%A0%95%EB%8B%B9%20%EC%A0%9C%EC%B6%9C%EC%9E%90%EB%A3%8C.pdf&requestedFullPath=20260603/PDF/PBINFO_PUB/4808/003_100_20260523_1.pdf,C:\Users\treyl\Documents\Obsidian\Second_Brain\output\nec_2026_local_election_opencrab\github_repo_nec_2026_local_election_opencrab\supplements\official_gap_recovery_2026\direct_nec_downloads\documents\920260603-4800-김해시-더불어민주당-1-1.pdf,downloaded,1174861,,C:\Users\treyl\Documents\Obsidian\Second_Brain\output\nec_2026_local_election_opencrab\github_repo_nec_2026_local_election_opencrab\supplements\official_gap_recovery_2026\direct_nec_downloads\markdown\920260603-4800-김해시-더불어민주당-1-1.md,ok,8,2972,,pymupdf,ok
920260603-4800-의령군-더불어민주당-1-1,경상남도,기초의원비례대표선거,의령군,,더불어민주당,비례대표 정당 제출자료,https://policy.nec.go.kr/plc/common/downloadFile.do?requestedFileName=20260603_%EC%9D%98%EB%A0%B9%EA%B5%B0_%EB%8D%94%EB%B6%88%EC%96%B4%EB%AF%BC%EC%A3%BC%EB%8B%B9_%EB%B9%84%EB%A1%80%EB%8C%80%ED%91%9C%20%EC%A0%95%EB%8B%B9%20%EC%A0%9C%EC%B6%9C%EC%9E%90%EB%A3%8C.pdf&requestedFullPath=20260603/PDF/PBINFO_PUB/4811/003_100_20260522_1.pdf,C:\Users\treyl\Documents\Obsidian\Second_Brain\output\nec_2026_local_election_opencrab\github_repo_nec_2026_local_election_opencrab\supplements\official_gap_recovery_2026\direct_nec_downloads\documents\920260603-4800-의령군-더불어민주당-1-1.pdf,downloaded,899075,,C:\Users\treyl\Documents\Obsidian\Second_Brain\output\nec_2026_local_election_opencrab\github_repo_nec_2026_local_election_opencrab\supplements\official_gap_recovery_2026\direct_nec_downloads\markdown\920260603-4800-의령군-더불어민주당-1-1.md,ok,4,1658,,pymupdf,ok
920260603-4800-함안군-더불어민주당-1-1,경상남도,기초의원비례대표선거,함안군,,더불어민주당,비례대표 정당 제출자료,https://policy.nec.go.kr/plc/common/downloadFile.do?requestedFileName=20260603_%ED%95%A8%EC%95%88%EA%B5%B0_%EB%8D%94%EB%B6%88%EC%96%B4%EB%AF%BC%EC%A3%BC%EB%8B%B9_%EB%B9%84%EB%A1%80%EB%8C%80%ED%91%9C%20%EC%A0%95%EB%8B%B9%20%EC%A0%9C%EC%B6%9C%EC%9E%90%EB%A3%8C.pdf&requestedFullPath=20260603/PDF/PBINFO_PUB/4812/003_100_20260521_1.pdf,C:\Users\treyl\Documents\Obsidian\Second_Brain\output\nec_2026_local_election_opencrab\github_repo_nec_2026_local_election_opencrab\supplements\official_gap_recovery_2026\direct_nec_downloads\documents\920260603-4800-함안군-더불어민주당-1-1.pdf,downloaded,812854,,C:\Users\treyl\Documents\Obsidian\Second_Brain\output\nec_2026_local_election_opencrab\github_repo_nec_2026_local_election_opencrab\supplements\official_gap_recovery_2026\direct_nec_downloads\markdown\920260603-4800-함안군-더불어민주당-1-1.md,ok,4,1735,,pymupdf,ok
920260603-4800-고성군-더불어민주당-1-1,경상남도,기초의원비례대표선거,고성군,,더불어민주당,비례대표 정당 제출자료,https://policy.nec.go.kr/plc/common/downloadFile.do?requestedFileName=20260603_%EA%B3%A0%EC%84%B1%EA%B5%B0_%EB%8D%94%EB%B6%88%EC%96%B4%EB%AF%BC%EC%A3%BC%EB%8B%B9_%EB%B9%84%EB%A1%80%EB%8C%80%ED%91%9C%20%EC%A0%95%EB%8B%B9%20%EC%A0%9C%EC%B6%9C%EC%9E%90%EB%A3%8C.pdf&requestedFullPath=20260603/PDF/PBINFO_PUB/4806/003_100_20260522_1.pdf,C:\Users\treyl\Documents\Obsidian\Second_Brain\output\nec_2026_local_election_opencrab\github_repo_nec_2026_local_election_opencrab\supplements\official_gap_recovery_2026\direct_nec_downloads\documents\920260603-4800-고성군-더불어민주당-1-1.pdf,downloaded,1111349,,C:\Users\treyl\Documents\Obsidian\Second_Brain\output\nec_2026_local_election_opencrab\github_repo_nec_2026_local_election_opencrab\supplements\official_gap_recovery_2026\direct_nec_downloads\markdown\920260603-4800-고성군-더불어민주당-1-1.md,ok,8,2866,,pymupdf,ok
920260603-4800-창녕군-더불어민주당-1-1,경상남도,기초의원비례대표선거,창녕군,,더불어민주당,비례대표 정당 제출자료,https://policy.nec.go.kr/plc/common/downloadFile.do?requestedFileName=20260603_%EC%B0%BD%EB%85%95%EA%B5%B0_%EB%8D%94%EB%B6%88%EC%96%B4%EB%AF%BC%EC%A3%BC%EB%8B%B9_%EB%B9%84%EB%A1%80%EB%8C%80%ED%91%9C%20%EC%A0%95%EB%8B%B9%20%EC%A0%9C%EC%B6%9C%EC%9E%90%EB%A3%8C.pdf&requestedFullPath=20260603/PDF/PBINFO_PUB/4813/003_100_20260523_1.pdf,C:\Users\treyl\Documents\Obsidian\Second_Brain\output\nec_2026_local_election_opencrab\github_repo_nec_2026_local_election_opencrab\supplements\official_gap_recovery_2026\direct_nec_downloads\documents\920260603-4800-창녕군-더불어민주당-1-1.pdf,downloaded,1158815,,C:\Users\treyl\Documents\Obsidian\Second_Brain\output\nec_2026_local_election_opencrab\github_repo_nec_2026_local_election_opencrab\supplements\official_gap_recovery_2026\direct_nec_downloads\markdown\920260603-4800-창녕군-더불어민주당-1-1.md,ok,8,2896,,pymupdf,ok
920260603-4800-함양군-더불어민주당-1-1,경상남도,기초의원비례대표선거,함양군,,더불어민주당,비례대표 정당 제출자료,https://policy.nec.go.kr/plc/common/downloadFile.do?requestedFileName=20260603_%ED%95%A8%EC%96%91%EA%B5%B0_%EB%8D%94%EB%B6%88%EC%96%B4%EB%AF%BC%EC%A3%BC%EB%8B%B9_%EB%B9%84%EB%A1%80%EB%8C%80%ED%91%9C%20%EC%A0%95%EB%8B%B9%20%EC%A0%9C%EC%B6%9C%EC%9E%90%EB%A3%8C.pdf&requestedFullPath=20260603/PDF/PBINFO_PUB/4817/003_100_20260523_1.pdf,C:\Users\treyl\Documents\Obsidian\Second_Brain\output\nec_2026_local_election_opencrab\github_repo_nec_2026_local_election_opencrab\supplements\official_gap_recovery_2026\direct_nec_downloads\documents\920260603-4800-함양군-더불어민주당-1-1.pdf,downloaded,840462,,C:\Users\treyl\Documents\Obsidian\Second_Brain\output\nec_2026_local_election_opencrab\github_repo_nec_2026_local_election_opencrab\supplements\official_gap_recovery_2026\direct_nec_downloads\markdown\920260603-4800-함양군-더불어민주당-1-1.md,ok,4,1674,,pymupdf,ok
920260603-4800-거창군-더불어민주당-1-1,경상남도,기초의원비례대표선거,거창군,,더불어민주당,비례대표 정당 제출자료,https://policy.nec.go.kr/plc/common/downloadFile.do?requestedFileName=20260603_%EA%B1%B0%EC%B0%BD%EA%B5%B0_%EB%8D%94%EB%B6%88%EC%96%B4%EB%AF%BC%EC%A3%BC%EB%8B%B9_%EB%B9%84%EB%A1%80%EB%8C%80%ED%91%9C%20%EC%A0%95%EB%8B%B9%20%EC%A0%9C%EC%B6%9C%EC%9E%90%EB%A3%8C.pdf&requestedFullPath=20260603/PDF/PBINFO_PUB/4819/003_100_20260523_1.pdf,C:\Users\treyl\Documents\Obsidian\Second_Brain\output\nec_2026_local_election_opencrab\github_repo_nec_2026_local_election_opencrab\supplements\official_gap_recovery_2026\direct_nec_downloads\documents\920260603-4800-거창군-더불어민주당-1-1.pdf,downloaded,1140560,,C:\Users\treyl\Documents\Obsidian\Second_Brain\output\nec_2026_local_election_opencrab\github_repo_nec_2026_local_election_opencrab\supplements\official_gap_recovery_2026\direct_nec_downloads\markdown\920260603-4800-거창군-더불어민주당-1-1.md,ok,8,2975,,pymupdf,ok
920260603-4800-합천군-더불어민주당-1-1,경상남도,기초의원비례대표선거,합천군,,더불어민주당,비례대표 정당 제출자료,https://policy.nec.go.kr/plc/common/downloadFile.do?requestedFileName=20260603_%ED%95%A9%EC%B2%9C%EA%B5%B0_%EB%8D%94%EB%B6%88%EC%96%B4%EB%AF%BC%EC%A3%BC%EB%8B%B9_%EB%B9%84%EB%A1%80%EB%8C%80%ED%91%9C%20%EC%A0%95%EB%8B%B9%20%EC%A0%9C%EC%B6%9C%EC%9E%90%EB%A3%8C.pdf&requestedFullPath=20260603/PDF/PBINFO_PUB/4820/003_100_20260523_1.pdf,C:\Users\treyl\Documents\Obsidian\Second_Brain\output\nec_2026_local_election_opencrab\github_repo_nec_2026_local_election_opencrab\supplements\official_gap_recovery_2026\direct_nec_downloads\documents\920260603-4800-합천군-더불어민주당-1-1.pdf,downloaded,10841177,,C:\Users\treyl\Documents\Obsidian\Second_Brain\output\nec_2026_local_election_opencrab\github_repo_nec_2026_local_election_opencrab\supplements\official_gap_recovery_2026\direct_nec_downloads\markdown\920260603-4800-합천군-더불어민주당-1-1.md,ok,8,2809,,pymupdf,ok
920260603-4800-창원시-더불어민주당-1-1,경상남도,기초의원비례대표선거,창원시,,더불어민주당,비례대표 정당 제출자료,https://policy.nec.go.kr/plc/common/downloadFile.do?requestedFileName=20260603_%EC%B0%BD%EC%9B%90%EC%8B%9C_%EB%8D%94%EB%B6%88%EC%96%B4%EB%AF%BC%EC%A3%BC%EB%8B%B9_%EB%B9%84%EB%A1%80%EB%8C%80%ED%91%9C%20%EC%A0%95%EB%8B%B9%20%EC%A0%9C%EC%B6%9C%EC%9E%90%EB%A3%8C.pdf&requestedFullPath=20260603/PDF/PBINFO_PUB/4822/003_100_20260523_1.pdf,C:\Users\treyl\Documents\Obsidian\Second_Brain\output\nec_2026_local_election_opencrab\github_repo_nec_2026_local_election_opencrab\supplements\official_gap_recovery_2026\direct_nec_downloads\documents\920260603-4800-창원시-더불어민주당-1-1.pdf,downloaded,10845502,,C:\Users\treyl\Documents\Obsidian\Second_Brain\output\nec_2026_local_election_opencrab\github_repo_nec_2026_local_election_opencrab\supplements\official_gap_recovery_2026\direct_nec_downloads\markdown\920260603-4800-창원시-더불어민주당-1-1.md,ok,8,2817,,pymupdf,ok
920260603-4800-창녕군-국민의힘-1-1,경상남도,기초의원비례대표선거,창녕군,,국민의힘,비례대표 정당 제출자료,https://policy.nec.go.kr/plc/common/downloadFile.do?requestedFileName=20260603_%EC%B0%BD%EB%85%95%EA%B5%B0_%EA%B5%AD%EB%AF%BC%EC%9D%98%ED%9E%98_%EB%B9%84%EB%A1%80%EB%8C%80%ED%91%9C%20%EC%A0%95%EB%8B%B9%20%EC%A0%9C%EC%B6%9C%EC%9E%90%EB%A3%8C.pdf&requestedFullPath=20260603/PDF/PBINFO_PUB/4813/003_200_20260523_1.pdf,C:\Users\treyl\Documents\Obsidian\Second_Brain\output\nec_2026_local_election_opencrab\github_repo_nec_2026_local_election_opencrab\supplements\official_gap_recovery_2026\direct_nec_downloads\documents\920260603-4800-창녕군-국민의힘-1-1.pdf,downloaded,1586875,,C:\Users\treyl\Documents\Obsidian\Second_Brain\output\nec_2026_local_election_opencrab\github_repo_nec_2026_local_election_opencrab\supplements\official_gap_recovery_2026\direct_nec_downloads\markdown\920260603-4800-창녕군-국민의힘-1-1.md,ok,4,1106,,pymupdf,ok
920260603-4800-합천군-국민의힘-1-1,경상남도,기초의원비례대표선거,합천군,,국민의힘,비례대표 정당 제출자료,https://policy.nec.go.kr/plc/common/downloadFile.do?requestedFileName=20260603_%ED%95%A9%EC%B2%9C%EA%B5%B0_%EA%B5%AD%EB%AF%BC%EC%9D%98%ED%9E%98_%EB%B9%84%EB%A1%80%EB%8C%80%ED%91%9C%20%EC%A0%95%EB%8B%B9%20%EC%A0%9C%EC%B6%9C%EC%9E%90%EB%A3%8C.pdf&requestedFullPath=20260603/PDF/PBINFO_PUB/4820/003_200_20260523_1.pdf,C:\Users\treyl\Documents\Obsidian\Second_Brain\output\nec_2026_local_election_opencrab\github_repo_nec_2026_local_election_opencrab\supplements\official_gap_recovery_2026\direct_nec_downloads\documents\920260603-4800-합천군-국민의힘-1-1.pdf,downloaded,1629602,,C:\Users\treyl\Documents\Obsidian\Second_Brain\output\nec_2026_local_election_opencrab\github_repo_nec_2026_local_election_opencrab\supplements\official_gap_recovery_2026\direct_nec_downloads\markdown\920260603-4800-합천군-국민의힘-1-1.md,ok,4,1187,,pymupdf,ok
920260603-4800-함양군-국민의힘-1-1,경상남도,기초의원비례대표선거,함양군,,국민의힘,비례대표 정당 제출자료,https://policy.nec.go.kr/plc/common/downloadFile.do?requestedFileName=20260603_%ED%95%A8%EC%96%91%EA%B5%B0_%EA%B5%AD%EB%AF%BC%EC%9D%98%ED%9E%98_%EB%B9%84%EB%A1%80%EB%8C%80%ED%91%9C%20%EC%A0%95%EB%8B%B9%20%EC%A0%9C%EC%B6%9C%EC%9E%90%EB%A3%8C.pdf&requestedFullPath=20260603/PDF/PBINFO_PUB/4817/003_200_20260523_1.pdf,C:\Users\treyl\Documents\Obsidian\Second_Brain\output\nec_2026_local_election_opencrab\github_repo_nec_2026_local_election_opencrab\supplements\official_gap_recovery_2026\direct_nec_downloads\documents\920260603-4800-함양군-국민의힘-1-1.pdf,downloaded,1784151,,C:\Users\treyl\Documents\Obsidian\Second_Brain\output\nec_2026_local_election_opencrab\github_repo_nec_2026_local_election_opencrab\supplements\official_gap_recovery_2026\direct_nec_downloads\markdown\920260603-4800-함양군-국민의힘-1-1.md,ok,4,1091,,pymupdf,ok
920260603-4800-창원시-국민의힘-1-1,경상남도,기초의원비례대표선거,창원시,,국민의힘,비례대표 정당 제출자료,https://policy.nec.go.kr/plc/common/downloadFile.do?requestedFileName=20260603_%EC%B0%BD%EC%9B%90%EC%8B%9C_%EA%B5%AD%EB%AF%BC%EC%9D%98%ED%9E%98_%EB%B9%84%EB%A1%80%EB%8C%80%ED%91%9C%20%EC%A0%95%EB%8B%B9%20%EC%A0%9C%EC%B6%9C%EC%9E%90%EB%A3%8C.pdf&requestedFullPath=20260603/PDF/PBINFO_PUB/4822/003_200_20260523_1.pdf,C:\Users\treyl\Documents\Obsidian\Second_Brain\output\nec_2026_local_election_opencrab\github_repo_nec_2026_local_election_opencrab\supplements\official_gap_recovery_2026\direct_nec_downloads\documents\920260603-4800-창원시-국민의힘-1-1.pdf,downloaded,1841580,,C:\Users\treyl\Documents\Obsidian\Second_Brain\output\nec_2026_local_election_opencrab\github_repo_nec_2026_local_election_opencrab\supplements\official_gap_recovery_2026\direct_nec_downloads\markdown\920260603-4800-창원시-국민의힘-1-1.md,ok,4,1808,,pymupdf,ok
920260603-4800-통영시-국민의힘-1-1,경상남도,기초의원비례대표선거,통영시,,국민의힘,비례대표 정당 제출자료,https://policy.nec.go.kr/plc/common/downloadFile.do?requestedFileName=20260603_%ED%86%B5%EC%98%81%EC%8B%9C_%EA%B5%AD%EB%AF%BC%EC%9D%98%ED%9E%98_%EB%B9%84%EB%A1%80%EB%8C%80%ED%91%9C%20%EC%A0%95%EB%8B%B9%20%EC%A0%9C%EC%B6%9C%EC%9E%90%EB%A3%8C.pdf&requestedFullPath=20260603/PDF/PBINFO_PUB/4805/003_200_20260523_1.pdf,C:\Users\treyl\Documents\Obsidian\Second_Brain\output\nec_2026_local_election_opencrab\github_repo_nec_2026_local_election_opencrab\supplements\official_gap_recovery_2026\direct_nec_downloads\documents\920260603-4800-통영시-국민의힘-1-1.pdf,downloaded,1925184,,C:\Users\treyl\Documents\Obsidian\Second_Brain\output\nec_2026_local_election_opencrab\github_repo_nec_2026_local_election_opencrab\supplements\official_gap_recovery_2026\direct_nec_downloads\markdown\920260603-4800-통영시-국민의힘-1-1.md,ok,4,931,,pymupdf,ok
920260603-4800-양산시-국민의힘-1-1,경상남도,기초의원비례대표선거,양산시,,국민의힘,비례대표 정당 제출자료,https://policy.nec.go.kr/plc/common/downloadFile.do?requestedFileName=20260603_%EC%96%91%EC%82%B0%EC%8B%9C_%EA%B5%AD%EB%AF%BC%EC%9D%98%ED%9E%98_%EB%B9%84%EB%A1%80%EB%8C%80%ED%91%9C%20%EC%A0%95%EB%8B%B9%20%EC%A0%9C%EC%B6%9C%EC%9E%90%EB%A3%8C.pdf&requestedFullPath=20260603/PDF/PBINFO_PUB/4814/003_200_20260523_1.pdf,C:\Users\treyl\Documents\Obsidian\Second_Brain\output\nec_2026_local_election_opencrab\github_repo_nec_2026_local_election_opencrab\supplements\official_gap_recovery_2026\direct_nec_downloads\documents\920260603-4800-양산시-국민의힘-1-1.pdf,downloaded,775079,,C:\Users\treyl\Documents\Obsidian\Second_Brain\output\nec_2026_local_election_opencrab\github_repo_nec_2026_local_election_opencrab\supplements\official_gap_recovery_2026\direct_nec_downloads\markdown\920260603-4800-양산시-국민의힘-1-1.md,ok,4,955,,pymupdf,ok
920260603-4800-거제시-국민의힘-1-1,경상남도,기초의원비례대표선거,거제시,,국민의힘,비례대표 정당 제출자료,https://policy.nec.go.kr/plc/common/downloadFile.do?requestedFileName=20260603_%EA%B1%B0%EC%A0%9C%EC%8B%9C_%EA%B5%AD%EB%AF%BC%EC%9D%98%ED%9E%98_%EB%B9%84%EB%A1%80%EB%8C%80%ED%91%9C%20%EC%A0%95%EB%8B%B9%20%EC%A0%9C%EC%B6%9C%EC%9E%90%EB%A3%8C.pdf&requestedFullPath=20260603/PDF/PBINFO_PUB/4810/003_200_20260522_1.pdf,C:\Users\treyl\Documents\Obsidian\Second_Brain\output\nec_2026_local_election_opencrab\github_repo_nec_2026_local_election_opencrab\supplements\official_gap_recovery_2026\direct_nec_downloads\documents\920260603-4800-거제시-국민의힘-1-1.pdf,downloaded,1866139,,C:\Users\treyl\Documents\Obsidian\Second_Brain\output\nec_2026_local_election_opencrab\github_repo_nec_2026_local_election_opencrab\supplements\official_gap_recovery_2026\direct_nec_downloads\markdown\920260603-4800-거제시-국민의힘-1-1.md,ok,4,1186,,pymupdf,ok
920260603-4800-남해군-국민의힘-1-1,경상남도,기초의원비례대표선거,남해군,,국민의힘,비례대표 정당 제출자료,https://policy.nec.go.kr/plc/common/downloadFile.do?requestedFileName=20260603_%EB%82%A8%ED%95%B4%EA%B5%B0_%EA%B5%AD%EB%AF%BC%EC%9D%98%ED%9E%98_%EB%B9%84%EB%A1%80%EB%8C%80%ED%91%9C%20%EC%A0%95%EB%8B%B9%20%EC%A0%9C%EC%B6%9C%EC%9E%90%EB%A3%8C.pdf&requestedFullPath=20260603/PDF/PBINFO_PUB/4816/003_200_20260519_1.pdf,C:\Users\treyl\Documents\Obsidian\Second_Brain\output\nec_2026_local_election_opencrab\github_repo_nec_2026_local_election_opencrab\supplements\official_gap_recovery_2026\direct_nec_downloads\documents\920260603-4800-남해군-국민의힘-1-1.pdf,downloaded,1362851,,C:\Users\treyl\Documents\Obsidian\Second_Brain\output\nec_2026_local_election_opencrab\github_repo_nec_2026_local_election_opencrab\supplements\official_gap_recovery_2026\direct_nec_downloads\markdown\920260603-4800-남해군-국민의힘-1-1.md,ok,4,947,,pymupdf,ok
920260603-4800-사천시-국민의힘-1-1,경상남도,기초의원비례대표선거,사천시,,국민의힘,비례대표 정당 제출자료,https://policy.nec.go.kr/plc/common/downloadFile.do?requestedFileName=20260603_%EC%82%AC%EC%B2%9C%EC%8B%9C_%EA%B5%AD%EB%AF%BC%EC%9D%98%ED%9E%98_%EB%B9%84%EB%A1%80%EB%8C%80%ED%91%9C%20%EC%A0%95%EB%8B%B9%20%EC%A0%9C%EC%B6%9C%EC%9E%90%EB%A3%8C.pdf&requestedFullPath=20260603/PDF/PBINFO_PUB/4807/003_200_20260520_1.pdf,C:\Users\treyl\Documents\Obsidian\Second_Brain\output\nec_2026_local_election_opencrab\github_repo_nec_2026_local_election_opencrab\supplements\official_gap_recovery_2026\direct_nec_downloads\documents\920260603-4800-사천시-국민의힘-1-1.pdf,downloaded,1617479,,C:\Users\treyl\Documents\Obsidian\Second_Brain\output\nec_2026_local_election_opencrab\github_repo_nec_2026_local_election_opencrab\supplements\official_gap_recovery_2026\direct_nec_downloads\markdown\920260603-4800-사천시-국민의힘-1-1.md,ok,4,867,,pymupdf,ok
920260603-4800-함안군-국민의힘-1-1,경상남도,기초의원비례대표선거,함안군,,국민의힘,비례대표 정당 제출자료,https://policy.nec.go.kr/plc/common/downloadFile.do?requestedFileName=20260603_%ED%95%A8%EC%95%88%EA%B5%B0_%EA%B5%AD%EB%AF%BC%EC%9D%98%ED%9E%98_%EB%B9%84%EB%A1%80%EB%8C%80%ED%91%9C%20%EC%A0%95%EB%8B%B9%20%EC%A0%9C%EC%B6%9C%EC%9E%90%EB%A3%8C.pdf&requestedFullPath=20260603/PDF/PBINFO_PUB/4812/003_200_20260521_1.pdf,C:\Users\treyl\Documents\Obsidian\Second_Brain\output\nec_2026_local_election_opencrab\github_repo_nec_2026_local_election_opencrab\supplements\official_gap_recovery_2026\direct_nec_downloads\documents\920260603-4800-함안군-국민의힘-1-1.pdf,downloaded,2378518,,C:\Users\treyl\Documents\Obsidian\Second_Brain\output\nec_2026_local_election_opencrab\github_repo_nec_2026_local_election_opencrab\supplements\official_gap_recovery_2026\direct_nec_downloads\markdown\920260603-4800-함안군-국민의힘-1-1.md,ok,4,818,,pymupdf,ok
920260603-4800-김해시-국민의힘-1-1,경상남도,기초의원비례대표선거,김해시,,국민의힘,비례대표 정당 제출자료,https://policy.nec.go.kr/plc/common/downloadFile.do?requestedFileName=20260603_%EA%B9%80%ED%95%B4%EC%8B%9C_%EA%B5%AD%EB%AF%BC%EC%9D%98%ED%9E%98_%EB%B9%84%EB%A1%80%EB%8C%80%ED%91%9C%20%EC%A0%95%EB%8B%B9%20%EC%A0%9C%EC%B6%9C%EC%9E%90%EB%A3%8C.pdf&requestedFullPath=20260603/PDF/PBINFO_PUB/4808/003_200_20260523_1.pdf,C:\Users\treyl\Documents\Obsidian\Second_Brain\output\nec_2026_local_election_opencrab\github_repo_nec_2026_local_election_opencrab\supplements\official_gap_recovery_2026\direct_nec_downloads\documents\920260603-4800-김해시-국민의힘-1-1.pdf,downloaded,1711358,,C:\Users\treyl\Documents\Obsidian\Second_Brain\output\nec_2026_local_election_opencrab\github_repo_nec_2026_local_election_opencrab\supplements\official_gap_recovery_2026\direct_nec_downloads\markdown\920260603-4800-김해시-국민의힘-1-1.md,ok,4,1329,,pymupdf,ok
920260603-4800-거창군-국민의힘-1-1,경상남도,기초의원비례대표선거,거창군,,국민의힘,비례대표 정당 제출자료,https://policy.nec.go.kr/plc/common/downloadFile.do?requestedFileName=20260603_%EA%B1%B0%EC%B0%BD%EA%B5%B0_%EA%B5%AD%EB%AF%BC%EC%9D%98%ED%9E%98_%EB%B9%84%EB%A1%80%EB%8C%80%ED%91%9C%20%EC%A0%95%EB%8B%B9%20%EC%A0%9C%EC%B6%9C%EC%9E%90%EB%A3%8C.pdf&requestedFullPath=20260603/PDF/PBINFO_PUB/4819/003_200_20260523_1.pdf,C:\Users\treyl\Documents\Obsidian\Second_Brain\output\nec_2026_local_election_opencrab\github_repo_nec_2026_local_election_opencrab\supplements\official_gap_recovery_2026\direct_nec_downloads\documents\920260603-4800-거창군-국민의힘-1-1.pdf,downloaded,1781040,,C:\Users\treyl\Documents\Obsidian\Second_Brain\output\nec_2026_local_election_opencrab\github_repo_nec_2026_local_election_opencrab\supplements\official_gap_recovery_2026\direct_nec_downloads\markdown\920260603-4800-거창군-국민의힘-1-1.md,ok,4,1145,,pymupdf,ok
920260603-4800-고성군-국민의힘-1-1,경상남도,기초의원비례대표선거,고성군,,국민의힘,비례대표 정당 제출자료,https://policy.nec.go.kr/plc/common/downloadFile.do?requestedFileName=20260603_%EA%B3%A0%EC%84%B1%EA%B5%B0_%EA%B5%AD%EB%AF%BC%EC%9D%98%ED%9E%98_%EB%B9%84%EB%A1%80%EB%8C%80%ED%91%9C%20%EC%A0%95%EB%8B%B9%20%EC%A0%9C%EC%B6%9C%EC%9E%90%EB%A3%8C.pdf&requestedFullPath=20260603/PDF/PBINFO_PUB/4806/003_200_20260522_2.pdf,C:\Users\treyl\Documents\Obsidian\Second_Brain\output\nec_2026_local_election_opencrab\github_repo_nec_2026_local_election_opencrab\supplements\official_gap_recovery_2026\direct_nec_downloads\documents\920260603-4800-고성군-국민의힘-1-1.pdf,downloaded,1406388,,C:\Users\treyl\Documents\Obsidian\Second_Brain\output\nec_2026_local_election_opencrab\github_repo_nec_2026_local_election_opencrab\supplements\official_gap_recovery_2026\direct_nec_downloads\markdown\920260603-4800-고성군-국민의힘-1-1.md,ok,4,1024,,pymupdf,ok
920260603-4800-진주시-국민의힘-1-1,경상남도,기초의원비례대표선거,진주시,,국민의힘,비례대표 정당 제출자료,https://policy.nec.go.kr/plc/common/downloadFile.do?requestedFileName=20260603_%EC%A7%84%EC%A3%BC%EC%8B%9C_%EA%B5%AD%EB%AF%BC%EC%9D%98%ED%9E%98_%EB%B9%84%EB%A1%80%EB%8C%80%ED%91%9C%20%EC%A0%95%EB%8B%B9%20%EC%A0%9C%EC%B6%9C%EC%9E%90%EB%A3%8C.pdf&requestedFullPath=20260603/PDF/PBINFO_PUB/4803/003_200_20260523_1.pdf,C:\Users\treyl\Documents\Obsidian\Second_Brain\output\nec_2026_local_election_opencrab\github_repo_nec_2026_local_election_opencrab\supplements\official_gap_recovery_2026\direct_nec_downloads\documents\920260603-4800-진주시-국민의힘-1-1.pdf,downloaded,2466655,,C:\Users\treyl\Documents\Obsidian\Second_Brain\output\nec_2026_local_election_opencrab\github_repo_nec_2026_local_election_opencrab\supplements\official_gap_recovery_2026\direct_nec_downloads\markdown\920260603-4800-진주시-국민의힘-1-1.md,ok,4,984,,pymupdf,ok
920260603-4800-의령군-국민의힘-1-1,경상남도,기초의원비례대표선거,의령군,,국민의힘,비례대표 정당 제출자료,https://policy.nec.go.kr/plc/common/downloadFile.do?requestedFileName=20260603_%EC%9D%98%EB%A0%B9%EA%B5%B0_%EA%B5%AD%EB%AF%BC%EC%9D%98%ED%9E%98_%EB%B9%84%EB%A1%80%EB%8C%80%ED%91%9C%20%EC%A0%95%EB%8B%B9%20%EC%A0%9C%EC%B6%9C%EC%9E%90%EB%A3%8C.pdf&requestedFullPath=20260603/PDF/PBINFO_PUB/4811/003_200_20260522_1.pdf,C:\Users\treyl\Documents\Obsidian\Second_Brain\output\nec_2026_local_election_opencrab\github_repo_nec_2026_local_election_opencrab\supplements\official_gap_recovery_2026\direct_nec_downloads\documents\920260603-4800-의령군-국민의힘-1-1.pdf,downloaded,1927758,,C:\Users\treyl\Documents\Obsidian\Second_Brain\output\nec_2026_local_election_opencrab\github_repo_nec_2026_local_election_opencrab\supplements\official_gap_recovery_2026\direct_nec_downloads\markdown\920260603-4800-의령군-국민의힘-1-1.md,ok,4,946,,pymupdf,ok
920260603-4800-밀양시-국민의힘-1-1,경상남도,기초의원비례대표선거,밀양시,,국민의힘,비례대표 정당 제출자료,https://policy.nec.go.kr/plc/common/downloadFile.do?requestedFileName=20260603_%EB%B0%80%EC%96%91%EC%8B%9C_%EA%B5%AD%EB%AF%BC%EC%9D%98%ED%9E%98_%EB%B9%84%EB%A1%80%EB%8C%80%ED%91%9C%20%EC%A0%95%EB%8B%B9%20%EC%A0%9C%EC%B6%9C%EC%9E%90%EB%A3%8C.pdf&requestedFullPath=20260603/PDF/PBINFO_PUB/4809/003_200_20260524_1.pdf,C:\Users\treyl\Documents\Obsidian\Second_Brain\output\nec_2026_local_election_opencrab\github_repo_nec_2026_local_election_opencrab\supplements\official_gap_recovery_2026\direct_nec_downloads\documents\920260603-4800-밀양시-국민의힘-1-1.pdf,downloaded,2073372,,C:\Users\treyl\Documents\Obsidian\Second_Brain\output\nec_2026_local_election_opencrab\github_repo_nec_2026_local_election_opencrab\supplements\official_gap_recovery_2026\direct_nec_downloads\markdown\920260603-4800-밀양시-국민의힘-1-1.md,ok,4,1039,,pymupdf,ok
1120260603-1100-서울특별시-100161493-2-선거공약서,서울특별시,교육감선거,서울특별시,정근식,무소속,선거공약서,https://policy.nec.go.kr/plc/common/downloadFile.do?requestedFileName=20260603_%EC%84%9C%EC%9A%B8%ED%8A%B9%EB%B3%84%EC%8B%9C_%EC%A0%95%EA%B7%BC%EC%8B%9D_%EC%84%A0%EA%B1%B0%EA%B3%B5%EC%95%BD%EC%84%9C.pdf&requestedFullPath=20260603/PDF/PRMS_DOC_PUB/1100/004_100161493_20260525_1.pdf,C:\Users\treyl\Documents\Obsidian\Second_Brain\output\nec_2026_local_election_opencrab\github_repo_nec_2026_local_election_opencrab\supplements\official_gap_recovery_2026\direct_nec_downloads\documents\1120260603-1100-서울특별시-100161493-2-선거공약서.pdf,downloaded,3182261,,C:\Users\treyl\Documents\Obsidian\Second_Brain\output\nec_2026_local_election_opencrab\github_repo_nec_2026_local_election_opencrab\supplements\official_gap_recovery_2026\direct_nec_downloads\markdown\1120260603-1100-서울특별시-100161493-2-선거공약서.md,ok,2,3240,,pymupdf,ok
