dataset,region,main_category,middle_category,sub_category,keyword
SURVEY1,서울,도시/지역발전,주거,시설계획,그린서울
SURVEY1,서울,도시/지역발전,주거,시설계획,도심차량기지 이전
SURVEY1,서울,도시/지역발전,주거,시설계획,용산공원
SURVEY1,서울,도시/지역발전,주거,시설계획,전기자동차 충전인프라 확충
SURVEY1,서울,도시/지역발전,주거,주거재생,신규주택 공급
SURVEY1,서울,도시/지역발전,주거,주거재생,장기전세주택
SURVEY1,서울,도시/지역발전,주거,주거재생,저소득층 공공임대주택
SURVEY1,서울,도시/지역발전,주거,주거재생,청년맞춤형 주택
SURVEY1,서울,도시/지역발전,주거,주거재생,탄소제로공공임대주택
SURVEY1,서울,도시/지역발전,주거,토지관리,도시농업 활성화
SURVEY1,서울,도시/지역발전,주거,토지관리,도시재생뉴딜
SURVEY1,서울,도시/지역발전,주거,토지관리,부동산 투기 근절
SURVEY1,서울,도시/지역발전,주거,토지관리,임대료 상한제
SURVEY1,서울,도시/지역발전,주거,토지관리,재건축·재개발사업
SURVEY1,서울,도시/지역발전,도로/교통,대중교통,광역버스 확충
SURVEY1,서울,도시/지역발전,도로/교통,대중교통,마을버스 공영제
SURVEY1,서울,도시/지역발전,도로/교통,대중교통,전국대중교통 통합연계교통망
SURVEY1,서울,도시/지역발전,도로/교통,대중교통,택시 준대중교통 인정
SURVEY1,서울,도시/지역발전,도로/교통,대중교통,택시호출플랫폼 공정화
SURVEY1,서울,도시/지역발전,도로/교통,도로/건설,간선도로 상습정체 해결
SURVEY1,서울,도시/지역발전,도로/교통,도로/건설,강남순환로 요금인하
SURVEY1,서울,도시/지역발전,도로/교통,도로/건설,인접지역 접근성 향상
SURVEY1,서울,도시/지역발전,도로/교통,철도,경전철
SURVEY1,서울,도시/지역발전,도로/교통,철도,신분당선 연장
SURVEY1,서울,도시/지역발전,도로/교통,철도,열차 내 혼잡
SURVEY1,서울,도시/지역발전,도로/교통,철도,지하철 급행노선 확대
SURVEY1,서울,도시/지역발전,도로/교통,철도,철도도로 지하화·데크화
SURVEY1,서울,도시/지역발전,지역발전,국제협력,국제회의 개최
SURVEY1,서울,도시/지역발전,지역발전,국제협력,남북도시협력
SURVEY1,서울,도시/지역발전,지역발전,국제협력,도시외교
SURVEY1,서울,도시/지역발전,지역발전,지역균형,강북-강남 균형발전
SURVEY1,서울,도시/지역발전,지역발전,지역균형,수도권 과밀화
SURVEY1,서울,도시/지역발전,지역발전,지역균형,지역혁신성장 거점 설립
SURVEY1,서울,도시/지역발전,지역발전,지역정책,국제교류 복합지구
SURVEY1,서울,도시/지역발전,지역발전,지역정책,은평 서울혁신파크
SURVEY1,서울,도시/지역발전,지역발전,지역정책,초고층 랜드마크 건설
SURVEY1,서울,도시/지역발전,지역발전,지역정책,한강센트럴워터파크
SURVEY1,서울,정치/행정자치,자치,자치,자치단체역량 강화
SURVEY1,서울,정치/행정자치,자치,자치,자치분권 확대
SURVEY1,서울,정치/행정자치,자치,자치,자치입법권 확대
SURVEY1,서울,정치/행정자치,자치,주민,마을공동체법
SURVEY1,서울,정치/행정자치,자치,주민,시민입법플랫폼 도입
SURVEY1,서울,정치/행정자치,자치,주민,주민자치회 직선제
SURVEY1,서울,정치/행정자치,자치,주민,주민투표제
SURVEY1,서울,정치/행정자치,정치,지방의회,전문성 향상
SURVEY1,서울,정치/행정자치,정치,지방의회,정책역량 강화
SURVEY1,서울,정치/행정자치,정치,지방의회,지방의회 다양화
SURVEY1,서울,정치/행정자치,정치,지방정부,법제 개편
SURVEY1,서울,정치/행정자치,정치,지방정부,사무직 인사권 이양
SURVEY1,서울,정치/행정자치,정치,지방정부,입법역량 강화
SURVEY1,서울,정치/행정자치,정치,지방정부,재정독립성
SURVEY1,서울,정치/행정자치,정치,행정구역,광역통합
SURVEY1,서울,정치/행정자치,정치,행정구역,서울 분할
SURVEY1,서울,정치/행정자치,정치,행정구역,서울시 확장
SURVEY1,서울,정치/행정자치,정치,행정구역,시 이하 범위 서울 편입 허용
SURVEY1,서울,정치/행정자치,정치,행정구역,자치구 통폐합
SURVEY1,서울,정치/행정자치,행정,교육행정,공교육 강화
SURVEY1,서울,정치/행정자치,행정,교육행정,교육격차 해소
SURVEY1,서울,정치/행정자치,행정,교육행정,국가장학금 확대
SURVEY1,서울,정치/행정자치,행정,교육행정,산업별 인력교육 강화
SURVEY1,서울,정치/행정자치,행정,균형발전,국세 차등 배분
SURVEY1,서울,정치/행정자치,행정,균형발전,지방교부세율 현실화
SURVEY1,서울,정치/행정자치,행정,균형발전,행정수도 이전
SURVEY1,서울,정치/행정자치,행정,여성대표성확대,성별할당제
SURVEY1,서울,정치/행정자치,행정,여성대표성확대,양성평등 문화 확산
SURVEY1,서울,정치/행정자치,행정,여성대표성확대,여성정책 강화
SURVEY1,서울,환경/소방/재난안전,소방/시민안전,사회재난,부실공사방지
SURVEY1,서울,환경/소방/재난안전,소방/시민안전,사회재난,사회재난기금
SURVEY1,서울,환경/소방/재난안전,소방/시민안전,사회재난,산업재해대책
SURVEY1,서울,환경/소방/재난안전,소방/시민안전,안전/치안,범죄예방
SURVEY1,서울,환경/소방/재난안전,소방/시민안전,안전/치안,사이버안보
SURVEY1,서울,환경/소방/재난안전,소방/시민안전,안전/치안,안전한 먹거리
SURVEY1,서울,환경/소방/재난안전,소방/시민안전,안전/치안,주민밀착형 치안
SURVEY1,서울,환경/소방/재난안전,소방/시민안전,자연재난,산업재해대책
SURVEY1,서울,환경/소방/재난안전,소방/시민안전,자연재난,소방인력·장비 확충
SURVEY1,서울,환경/소방/재난안전,소방/시민안전,자연재난,재난신속대응
SURVEY1,서울,환경/소방/재난안전,환경보전,대기보전,그린뉴딜정책
SURVEY1,서울,환경/소방/재난안전,환경보전,대기보전,미세먼지 배출총량제
SURVEY1,서울,환경/소방/재난안전,환경보전,대기보전,저탄소 스마트산업단지 조성
SURVEY1,서울,환경/소방/재난안전,환경보전,대기보전,친환경자동차
SURVEY1,서울,환경/소방/재난안전,환경보전,대기보전,탄소중립
SURVEY1,서울,환경/소방/재난안전,환경보전,수질환경/하수,도심 물관리 시스템
SURVEY1,서울,환경/소방/재난안전,환경보전,수질환경/하수,도심하천 국가관리
SURVEY1,서울,환경/소방/재난안전,환경보전,수질환경/하수,상수원보전
SURVEY1,서울,환경/소방/재난안전,환경보전,자원순환/에너지,쓰레기매립지 확보
SURVEY1,서울,환경/소방/재난안전,환경보전,자원순환/에너지,음식물쓰레기 처리 간편화
SURVEY1,서울,환경/소방/재난안전,환경보전,자원순환/에너지,재생에너지
SURVEY1,서울,환경/소방/재난안전,환경보전,자원순환/에너지,재활용
SURVEY1,서울,환경/소방/재난안전,환경보전,자원순환/에너지,전기차보급
SURVEY1,서울,사회복지/문화/여성가족/건강/보건,복지,노인/장애인,1인가구복지
SURVEY1,서울,사회복지/문화/여성가족/건강/보건,복지,노인/장애인,공공 장기요양시설
SURVEY1,서울,사회복지/문화/여성가족/건강/보건,복지,노인/장애인,저상형 시내버스 확충
SURVEY1,서울,사회복지/문화/여성가족/건강/보건,복지,노인/장애인,첨단 기술활동 맞춤형 복지서비스
SURVEY1,서울,사회복지/문화/여성가족/건강/보건,복지,노인/장애인,특수학교 설립
SURVEY1,서울,사회복지/문화/여성가족/건강/보건,복지,다문화,다문화교육 강화
SURVEY1,서울,사회복지/문화/여성가족/건강/보건,복지,다문화,외국인 아동 보육 지원
SURVEY1,서울,사회복지/문화/여성가족/건강/보건,복지,다문화,이주노동자 생활지원
SURVEY1,서울,사회복지/문화/여성가족/건강/보건,복지,다문화,체류정책 개선
SURVEY1,서울,사회복지/문화/여성가족/건강/보건,복지,여성/아동/청소년,가정폭력
SURVEY1,서울,사회복지/문화/여성가족/건강/보건,복지,여성/아동/청소년,여성폭력
SURVEY1,서울,사회복지/문화/여성가족/건강/보건,복지,여성/아동/청소년,청소년 유해시설 관리
SURVEY1,서울,사회복지/문화/여성가족/건강/보건,복지,여성/아동/청소년,친환경급식
SURVEY1,서울,사회복지/문화/여성가족/건강/보건,복지,여성/아동/청소년,학교안전
SURVEY1,서울,사회복지/문화/여성가족/건강/보건,보건,감염병/동물 관리,감염병 전문병원 확충
SURVEY1,서울,사회복지/문화/여성가족/건강/보건,보건,감염병/동물 관리,반려동물 복지
SURVEY1,서울,사회복지/문화/여성가족/건강/보건,보건,감염병/동물 관리,반려동물 진료비 부담 완화
SURVEY1,서울,사회복지/문화/여성가족/건강/보건,보건,감염병/동물 관리,코로나19 피해지원
SURVEY1,서울,사회복지/문화/여성가족/건강/보건,보건,보건의료,보건의료인력 확대
SURVEY1,서울,사회복지/문화/여성가족/건강/보건,보건,보건의료,요양보호사 처우 개선
SURVEY1,서울,사회복지/문화/여성가족/건강/보건,보건,보건의료,장기요양서비스
SURVEY1,서울,사회복지/문화/여성가족/건강/보건,보건,보건의료,청소년 맞춤형 건강검진
SURVEY1,서울,사회복지/문화/여성가족/건강/보건,보건,보건의료,취약계층 의료접근성 강화
SURVEY1,서울,사회복지/문화/여성가족/건강/보건,보건,저출산,공공산후조리원 확대
SURVEY1,서울,사회복지/문화/여성가족/건강/보건,보건,저출산,국공립어린이집 확대
SURVEY1,서울,사회복지/문화/여성가족/건강/보건,보건,저출산,육아휴직
SURVEY1,서울,사회복지/문화/여성가족/건강/보건,문화관광체육,관광,관광 전문 인력 양성
SURVEY1,서울,사회복지/문화/여성가족/건강/보건,문화관광체육,관광,근로자 휴가지원제도 확대
SURVEY1,서울,사회복지/문화/여성가족/건강/보건,문화관광체육,관광,디지털 기반 관광 인프라 건설
SURVEY1,서울,사회복지/문화/여성가족/건강/보건,문화관광체육,관광,여가관광권리 보장
SURVEY1,서울,사회복지/문화/여성가족/건강/보건,문화관광체육,관광,콘텐츠·관광산업 경쟁력 강화
SURVEY1,서울,사회복지/문화/여성가족/건강/보건,문화관광체육,문화예술/유산,K-POP인프라
SURVEY1,서울,사회복지/문화/여성가족/건강/보건,문화관광체육,문화예술/유산,K-컬쳐허브
SURVEY1,서울,사회복지/문화/여성가족/건강/보건,문화관광체육,문화예술/유산,디자인서울
SURVEY1,서울,사회복지/문화/여성가족/건강/보건,문화관광체육,문화예술/유산,문화예술계 불공정 근절
SURVEY1,서울,사회복지/문화/여성가족/건강/보건,문화관광체육,문화예술/유산,미디어 공공성 향상
SURVEY1,서울,사회복지/문화/여성가족/건강/보건,문화관광체육,문화예술/유산,예술인 문화거리
SURVEY1,서울,사회복지/문화/여성가족/건강/보건,문화관광체육,체육,생활스포츠 인프라 확충
SURVEY1,서울,사회복지/문화/여성가족/건강/보건,문화관광체육,체육,지역체육 공동체화
SURVEY1,서울,사회복지/문화/여성가족/건강/보건,문화관광체육,체육,체육계 불공정 근절
SURVEY1,서울,산업/경제,노동,비정규직,비정규직 제로화
SURVEY1,서울,산업/경제,노동,비정규직,채용공정성
SURVEY1,서울,산업/경제,노동,비정규직,플랫폼노동자 노동권보장
SURVEY1,서울,산업/경제,노동,지역/노사,경제민주화
SURVEY1,서울,산업/경제,노동,지역/노사,공공기관 노동이사제
SURVEY1,서울,산업/경제,노동,지역/노사,노사동반성장
SURVEY1,서울,산업/경제,노동,지역/노사,채용공정성
SURVEY1,서울,산업/경제,노동,청년,중소기업 재직청년 지원
SURVEY1,서울,산업/경제,노동,청년,청년공공기숙사
SURVEY1,서울,산업/경제,노동,청년,청년의무 고용할당제
SURVEY1,서울,산업/경제,노동,청년,청년취업 중소기업 장려
SURVEY1,서울,산업/경제,경제,민생경제,골목상권 보호
SURVEY1,서울,산업/경제,경제,민생경제,소상공인·자영업자 생업안전망
SURVEY1,서울,산업/경제,경제,민생경제,지역화폐
SURVEY1,서울,산업/경제,경제,사회적경제,마을기업 육성
SURVEY1,서울,산업/경제,경제,사회적경제,사회적경제 공제조합 육성
SURVEY1,서울,산업/경제,경제,사회적경제,사회적경제 인적자원 육성
SURVEY1,서울,산업/경제,경제,일자리,국가 일자리보장제
SURVEY1,서울,산업/경제,경제,일자리,여성일자리 확대
SURVEY1,서울,산업/경제,경제,일자리,청년일자리 확대
SURVEY1,서울,산업/경제,경제,일자리,취약계층 취업지원
SURVEY1,서울,산업/경제,산업,미래산업,구로G밸리
SURVEY1,서울,산업/경제,산업,미래산업,마곡R&D
SURVEY1,서울,산업/경제,산업,미래산업,바이오AI산업
SURVEY1,서울,산업/경제,산업,미래산업,여의도금융특구
SURVEY1,서울,산업/경제,산업,산업진흥,K푸드 육성
SURVEY1,서울,산업/경제,산업,산업진흥,서울캠퍼스타운 활성화
SURVEY1,서울,산업/경제,산업,산업진흥,중소벤처기업 지원
SURVEY1,서울,산업/경제,산업,투자진흥,규제혁신
SURVEY1,서울,산업/경제,산업,투자진흥,법인세 인하
SURVEY1,서울,산업/경제,산업,투자진흥,스타트업도시(메카)
SURVEY1,부산,도시/지역발전,주택/건축/생활시설,건축,아파트 리모델링 지원
SURVEY1,부산,도시/지역발전,주택/건축/생활시설,건축,재개발 활성화
SURVEY1,부산,도시/지역발전,주택/건축/생활시설,건축,재건축 규제완화
SURVEY1,부산,도시/지역발전,주택/건축/생활시설,건축,재건축/재개발 기간 단축
SURVEY1,부산,도시/지역발전,주택/건축/생활시설,건축,조정지역 해제
SURVEY1,부산,도시/지역발전,주택/건축/생활시설,생활시설,도시가스 보급 확대
SURVEY1,부산,도시/지역발전,주택/건축/생활시설,생활시설,도심공항 터미널 확충
SURVEY1,부산,도시/지역발전,주택/건축/생활시설,생활시설,보행용 엘리베이터 확충
SURVEY1,부산,도시/지역발전,주택/건축/생활시설,생활시설,생활편의시설 확충
SURVEY1,부산,도시/지역발전,주택/건축/생활시설,생활시설,지하철 에스컬레이터 설치
SURVEY1,부산,도시/지역발전,주택/건축/생활시설,주택,부동산 가격 안정
SURVEY1,부산,도시/지역발전,주택/건축/생활시설,주택,부산형 청년임대주택
SURVEY1,부산,도시/지역발전,주택/건축/생활시설,주택,전월세 가격 안정
SURVEY1,부산,도시/지역발전,주택/건축/생활시설,주택,청년 주거 안정
SURVEY1,부산,도시/지역발전,주택/건축/생활시설,주택,청년주거기금
SURVEY1,부산,도시/지역발전,도로 및 교통,광역교통(공항/철도/시외버스),가덕신공항 공항공사
SURVEY1,부산,도시/지역발전,도로 및 교통,광역교통(공항/철도/시외버스),가덕신공항 조기 완공
SURVEY1,부산,도시/지역발전,도로 및 교통,광역교통(공항/철도/시외버스),김해공항 확장
SURVEY1,부산,도시/지역발전,도로 및 교통,광역교통(공항/철도/시외버스),에어시티
SURVEY1,부산,도시/지역발전,도로 및 교통,광역교통(공항/철도/시외버스),장거리 노선 취항
SURVEY1,부산,도시/지역발전,도로 및 교통,도로계획/정비,가락IC 무료화
SURVEY1,부산,도시/지역발전,도로 및 교통,도로계획/정비,대심도 건설
SURVEY1,부산,도시/지역발전,도로 및 교통,도로계획/정비,도심 터널
SURVEY1,부산,도시/지역발전,도로 및 교통,도로계획/정비,유료도료 무료화
SURVEY1,부산,도시/지역발전,도로 및 교통,도로계획/정비,을숙도대교 통행료 인하
SURVEY1,부산,도시/지역발전,도로 및 교통,도시대중교통(도시철도/시내버스/택시/트램),BRT 확대
SURVEY1,부산,도시/지역발전,도로 및 교통,도시대중교통(도시철도/시내버스/택시/트램),급행전철 도입
SURVEY1,부산,도시/지역발전,도로 및 교통,도시대중교통(도시철도/시내버스/택시/트램),도시철도 신규 건설
SURVEY1,부산,도시/지역발전,도로 및 교통,도시대중교통(도시철도/시내버스/택시/트램),도시철도 연장
SURVEY1,부산,도시/지역발전,도로 및 교통,도시대중교통(도시철도/시내버스/택시/트램),어반루프 건설
SURVEY1,부산,도시/지역발전,도시 계획 및 개발,도시개발,경부선 지하화
SURVEY1,부산,도시/지역발전,도시 계획 및 개발,도시개발,도심철도시설 이전
SURVEY1,부산,도시/지역발전,도시 계획 및 개발,도시개발,부전역 복합환승센터
SURVEY1,부산,도시/지역발전,도시 계획 및 개발,도시개발,북항재개발
SURVEY1,부산,도시/지역발전,도시 계획 및 개발,도시개발,원도심개발
SURVEY1,부산,도시/지역발전,도시 계획 및 개발,도시계획,55보급창 이전
SURVEY1,부산,도시/지역발전,도시 계획 및 개발,도시계획,8부두 군사시설 이전
SURVEY1,부산,도시/지역발전,도시 계획 및 개발,도시계획,도심 개조
SURVEY1,부산,도시/지역발전,도시 계획 및 개발,도시계획,북항 2단계 개발
SURVEY1,부산,도시/지역발전,도시 계획 및 개발,도시계획,북항 스마트마린시티
SURVEY1,부산,도시/지역발전,도시 계획 및 개발,지역발전,2030 부산 엑스포
SURVEY1,부산,도시/지역발전,도시 계획 및 개발,지역발전,동서부산 균형발전
SURVEY1,부산,도시/지역발전,도시 계획 및 개발,지역발전,부울경 메가시티
SURVEY1,부산,정치/행정자치,광역협력,광역공동사무,광역 BRT 확대
SURVEY1,부산,정치/행정자치,광역협력,광역공동사무,동해남부선 배차 확대
SURVEY1,부산,정치/행정자치,광역협력,광역공동사무,부울경 광역환승할인제 도입
SURVEY1,부산,정치/행정자치,광역협력,광역인프라,경전선 조기 개통
SURVEY1,부산,정치/행정자치,광역협력,광역인프라,광역교통망 구축
SURVEY1,부산,정치/행정자치,광역협력,광역인프라,광역전철화
SURVEY1,부산,정치/행정자치,광역협력,광역인프라,노포-양산 순환 전철
SURVEY1,부산,정치/행정자치,광역협력,광역인프라,부울경 GTX 건설
SURVEY1,부산,정치/행정자치,행정자치,자치분권,개방형 감사관제
SURVEY1,부산,정치/행정자치,행정자치,자치분권,단체장 자치회의 정례화
SURVEY1,부산,정치/행정자치,행정자치,자치분권,시민청원제
SURVEY1,부산,정치/행정자치,행정자치,자치분권,시민행복지수
SURVEY1,부산,정치/행정자치,행정자치,자치분권,행복영향평가제
SURVEY1,부산,정치/행정자치,행정자치,정부혁신/협치,고위직 여성 할당제
SURVEY1,부산,정치/행정자치,행정자치,정부혁신/협치,마을공동체 활성화
SURVEY1,부산,정치/행정자치,행정자치,정부혁신/협치,시민정책박람회 개최
SURVEY1,부산,정치/행정자치,행정자치,정부혁신/협치,여성 부시장 신설
SURVEY1,부산,정치/행정자치,행정자치,정부혁신/협치,주민자치위원회 활성화
SURVEY1,부산,환경/소방/재난안전,자원관리,공원,UN기념공원 유네스코 세계문화유산 등재
SURVEY1,부산,환경/소방/재난안전,자원관리,공원,반려동물 공원 확대
SURVEY1,부산,환경/소방/재난안전,자원관리,공원,반려동물 조례 제정
SURVEY1,부산,환경/소방/재난안전,자원관리,공원,삼락생태공원 국가정원화
SURVEY1,부산,환경/소방/재난안전,자원관리,산림녹지,공영도심농장 조성
SURVEY1,부산,환경/소방/재난안전,자원관리,산림녹지,금정산 국립공원 지정
SURVEY1,부산,환경/소방/재난안전,자원관리,산림녹지,동천생태계 관리
SURVEY1,부산,환경/소방/재난안전,자원관리,자원순환,신재생에너지 클러스터 구축
SURVEY1,부산,환경/소방/재난안전,자원관리,자원순환,재활용품 사용 확대
SURVEY1,부산,환경/소방/재난안전,자원관리,자원순환,해수담수화 시설 활용
SURVEY1,부산,환경/소방/재난안전,자원관리,자원순환,해양수소산업 육성
SURVEY1,부산,환경/소방/재난안전,소방안전,소방,노후소방차 교체
SURVEY1,부산,환경/소방/재난안전,소방안전,소방,소방인력 확충
SURVEY1,부산,환경/소방/재난안전,소방안전,소방,소방차 진입로 확보
SURVEY1,부산,환경/소방/재난안전,소방안전,안전,안전기준 강화
SURVEY1,부산,환경/소방/재난안전,소방안전,안전,원전안전 감시체계 강화
SURVEY1,부산,환경/소방/재난안전,소방안전,안전,지진방재대책 수립
SURVEY1,부산,환경/소방/재난안전,소방안전,재난,재난대책 강화
SURVEY1,부산,환경/소방/재난안전,소방안전,재난,재난물품 사전 비축
SURVEY1,부산,환경/소방/재난안전,소방안전,재난,재난안전기술센터 건립
SURVEY1,부산,환경/소방/재난안전,오염관리,기후대기,공공시설 공기청정기 보급
SURVEY1,부산,환경/소방/재난안전,오염관리,기후대기,대개오염물질 배출시설 규제
SURVEY1,부산,환경/소방/재난안전,오염관리,기후대기,선박오염 규제 강화
SURVEY1,부산,환경/소방/재난안전,오염관리,기후대기,초미세먼지 저감대책
SURVEY1,부산,환경/소방/재난안전,오염관리,기후대기,친환경 버스 확충
SURVEY1,부산,환경/소방/재난안전,오염관리,물관리,낙동강 TOC 총량제
SURVEY1,부산,환경/소방/재난안전,오염관리,물관리,낙동강 하굿둑 수문개방
SURVEY1,부산,환경/소방/재난안전,오염관리,물관리,수질유해물질 배출량 저감
SURVEY1,부산,환경/소방/재난안전,오염관리,물관리,취수원 다변화
SURVEY1,부산,환경/소방/재난안전,오염관리,폐기물 관리,사업장 쓰레기 감량
SURVEY1,부산,환경/소방/재난안전,오염관리,폐기물 관리,쓰레기 재활용 강화
SURVEY1,부산,환경/소방/재난안전,오염관리,폐기물 관리,쓰레기 종량제 개선
SURVEY1,부산,환경/소방/재난안전,오염관리,폐기물 관리,쓰레기 줄이기
SURVEY1,부산,환경/소방/재난안전,오염관리,폐기물 관리,일회용품 저감 대책
SURVEY1,부산,사회복지/문화/여성가족/건강/보건,문화예술체육,문화예술 인프라,국가 박물관 분원 유치
SURVEY1,부산,사회복지/문화/여성가족/건강/보건,문화예술체육,문화예술 인프라,부산문학관 건립
SURVEY1,부산,사회복지/문화/여성가족/건강/보건,문화예술체육,문화예술 인프라,유라시아 컬쳐플랫폼 조성
SURVEY1,부산,사회복지/문화/여성가족/건강/보건,문화예술체육,문화예술 인프라,해외미술관 분원 유치
SURVEY1,부산,사회복지/문화/여성가족/건강/보건,문화예술체육,문화예술 콘텐츠,국제영화제 개최 확대
SURVEY1,부산,사회복지/문화/여성가족/건강/보건,문화예술체육,문화예술 콘텐츠,글로벌 투자배급사 육성
SURVEY1,부산,사회복지/문화/여성가족/건강/보건,문화예술체육,문화예술 콘텐츠,부산시립오페라단 창단
SURVEY1,부산,사회복지/문화/여성가족/건강/보건,문화예술체육,문화예술 콘텐츠,오페라 페스티벌 개최
SURVEY1,부산,사회복지/문화/여성가족/건강/보건,문화예술체육,체육진흥,강서빙상장 건설
SURVEY1,부산,사회복지/문화/여성가족/건강/보건,문화예술체육,체육진흥,국민체육센터 설립
SURVEY1,부산,사회복지/문화/여성가족/건강/보건,문화예술체육,체육진흥,권역별 생활체육시설 
SURVEY1,부산,사회복지/문화/여성가족/건강/보건,문화예술체육,체육진흥,돔야구장 건설
SURVEY1,부산,사회복지/문화/여성가족/건강/보건,문화예술체육,체육진흥,생활체육기금 조성
SURVEY1,부산,사회복지/문화/여성가족/건강/보건,사회복지/보건의료,보건의료,24시간 아동전문병원 설립
SURVEY1,부산,사회복지/문화/여성가족/건강/보건,사회복지/보건의료,보건의료,대형 대학병원 유치
SURVEY1,부산,사회복지/문화/여성가족/건강/보건,사회복지/보건의료,보건의료,서부산의료원 조기 완공
SURVEY1,부산,사회복지/문화/여성가족/건강/보건,사회복지/보건의료,보건의료,침례병원 공공병원화
SURVEY1,부산,사회복지/문화/여성가족/건강/보건,사회복지/보건의료,일반생활복지,동맞춤형 생활복지 확대
SURVEY1,부산,사회복지/문화/여성가족/건강/보건,사회복지/보건의료,일반생활복지,복지사각지대 개선
SURVEY1,부산,사회복지/문화/여성가족/건강/보건,사회복지/보건의료,일반생활복지,생활복지 지원 확대
SURVEY1,부산,사회복지/문화/여성가족/건강/보건,사회복지/보건의료,일반생활복지,코로나19 회복 지원
SURVEY1,부산,사회복지/문화/여성가족/건강/보건,사회복지/보건의료,특수복지,공공요양시설 확대
SURVEY1,부산,사회복지/문화/여성가족/건강/보건,사회복지/보건의료,특수복지,노인복지관 확충
SURVEY1,부산,사회복지/문화/여성가족/건강/보건,사회복지/보건의료,특수복지,장애인 훈련센터 건립
SURVEY1,부산,사회복지/문화/여성가족/건강/보건,사회복지/보건의료,특수복지,장애인복지관 확충
SURVEY1,부산,사회복지/문화/여성가족/건강/보건,사회복지/보건의료,특수복지,휠체어 상시수리센터 설치
SURVEY1,부산,사회복지/문화/여성가족/건강/보건,여성가족/교육/다문화,교육/다문화,교육발전기금 조성
SURVEY1,부산,사회복지/문화/여성가족/건강/보건,여성가족/교육/다문화,교육/다문화,다문화 가족 지원프로그램 다양화
SURVEY1,부산,사회복지/문화/여성가족/건강/보건,여성가족/교육/다문화,교육/다문화,다문화 교육 확대
SURVEY1,부산,사회복지/문화/여성가족/건강/보건,여성가족/교육/다문화,교육/다문화,다행복 교육지원사업 확대
SURVEY1,부산,사회복지/문화/여성가족/건강/보건,여성가족/교육/다문화,교육/다문화,마을도서관 건립
SURVEY1,부산,사회복지/문화/여성가족/건강/보건,여성가족/교육/다문화,아동청소년,고교무상급식 활대
SURVEY1,부산,사회복지/문화/여성가족/건강/보건,여성가족/교육/다문화,아동청소년,놀이터) 확충
SURVEY1,부산,사회복지/문화/여성가족/건강/보건,여성가족/교육/다문화,아동청소년,신입생 교복지원 확대
SURVEY1,부산,사회복지/문화/여성가족/건강/보건,여성가족/교육/다문화,아동청소년,아동학대 케어센터 설치
SURVEY1,부산,사회복지/문화/여성가족/건강/보건,여성가족/교육/다문화,아동청소년,어린이 놀이시설(키즈카페
SURVEY1,부산,사회복지/문화/여성가족/건강/보건,여성가족/교육/다문화,아동청소년,어린이 전용도사관 조성
SURVEY1,부산,사회복지/문화/여성가족/건강/보건,여성가족/교육/다문화,여성가족/출산보육,경력단절여성 일자리 창출
SURVEY1,부산,사회복지/문화/여성가족/건강/보건,여성가족/교육/다문화,여성가족/출산보육,공공산후조리원 설립
SURVEY1,부산,사회복지/문화/여성가족/건강/보건,여성가족/교육/다문화,여성가족/출산보육,국공립 어린이집 확대
SURVEY1,부산,사회복지/문화/여성가족/건강/보건,여성가족/교육/다문화,여성가족/출산보육,디지털 성범죄 대응센터 설치
SURVEY1,부산,사회복지/문화/여성가족/건강/보건,여성가족/교육/다문화,여성가족/출산보육,육아종합지원센터 확충
SURVEY1,부산,사회복지/문화/여성가족/건강/보건,여성가족/교육/다문화,여성가족/출산보육,출산장려금 확대
SURVEY1,부산,산업/경제,경제일자리,4차 산업혁명 일자리,디지털 전문인력 양성
SURVEY1,부산,산업/경제,경제일자리,4차 산업혁명 일자리,스마트 일자리 정보제공
SURVEY1,부산,산업/경제,경제일자리,4차 산업혁명 일자리,스마트공장 보급
SURVEY1,부산,산업/경제,경제일자리,4차 산업혁명 일자리,스마트형 4차 산업 일자리
SURVEY1,부산,산업/경제,경제일자리,공공일자리,공공근로 확대
SURVEY1,부산,산업/경제,경제일자리,공공일자리,공공일자리 정보 제공
SURVEY1,부산,산업/경제,경제일자리,공공일자리,공공형 일자리 발굴
SURVEY1,부산,산업/경제,경제일자리,민간 일자리,귀촌귀농 지원
SURVEY1,부산,산업/경제,경제일자리,민간 일자리,신중년 재기 복합타운
SURVEY1,부산,산업/경제,경제일자리,민간 일자리,중년 일자리 확대
SURVEY1,부산,산업/경제,경제일자리,민간 일자리,청년 취업 사관학교
SURVEY1,부산,산업/경제,경제일자리,민간 일자리,청년 취창업 확대
SURVEY1,부산,산업/경제,산업,미래첨단산업,데이터센터 집적단지 조성
SURVEY1,부산,산업/경제,산업,미래첨단산업,동남권 파워반도체
SURVEY1,부산,산업/경제,산업,미래첨단산업,자율주행 시범운행지구
SURVEY1,부산,산업/경제,산업,미래첨단산업,제2센터 도시첨단산업단지
SURVEY1,부산,산업/경제,산업,미래첨단산업,지역특화 데이터댐
SURVEY1,부산,산업/경제,산업,일반산업(제조/서비스업),마린바이오 산업
SURVEY1,부산,산업/경제,산업,일반산업(제조/서비스업),의료 휴양 관광벨트
SURVEY1,부산,산업/경제,산업,일반산업(제조/서비스업),첨단지능 기계부품 산업단지
SURVEY1,부산,산업/경제,산업,일반산업(제조/서비스업),트라이포트 물류 복합단지
SURVEY1,부산,산업/경제,산업,일반산업(제조/서비스업),항공부품 MRO단지 조성
SURVEY1,부산,산업/경제,산업,해양농수산,BPA 지방공사화
SURVEY1,부산,산업/경제,산업,해양농수산,선박등록특구 지정
SURVEY1,부산,산업/경제,산업,해양농수산,한국해양진흥공사 강화
SURVEY1,부산,산업/경제,산업,해양농수산,해사법원 설립
SURVEY1,부산,산업/경제,산업,해양농수산,해양수산부 이전
SURVEY1,부산,산업/경제,기업/투자/금융,금융블록체인,금융 공공기관 유치
SURVEY1,부산,산업/경제,기업/투자/금융,금융블록체인,디지털 자산거래소
SURVEY1,부산,산업/경제,기업/투자/금융,금융블록체인,문현혁신지구 금융클러스터 확대
SURVEY1,부산,산업/경제,기업/투자/금융,금융블록체인,블록체인 특화 클러스터
SURVEY1,부산,산업/경제,기업/투자/금융,금융블록체인,핀테크 연구단지 조성
SURVEY1,부산,산업/경제,기업/투자/금융,민자유치,LCC 통합본사 유치
SURVEY1,부산,산업/경제,기업/투자/금융,민자유치,북항 경제자유구역 지정
SURVEY1,부산,산업/경제,기업/투자/금융,민자유치,산업은행 이전
SURVEY1,부산,산업/경제,기업/투자/금융,민자유치,해운기업 본사 유치
SURVEY1,부산,산업/경제,기업/투자/금융,투자활성화,국가스마트 사업
SURVEY1,부산,산업/경제,기업/투자/금융,투자활성화,부산테크노밸리 조성
SURVEY1,부산,산업/경제,기업/투자/금융,투자활성화,정부출연기관 분원 유치
SURVEY1,부산,산업/경제,기업/투자/금융,투자활성화,해운거래소 설립
SURVEY1,부산,산업/경제,기업/투자/금융,투자활성화,혁신강소기업 육성
SURVEY1,대구,도시/지역발전,지역,인구감소대비,생활인구확대
SURVEY1,대구,도시/지역발전,지역,인구감소대비,은퇴과학자타운 조성
SURVEY1,대구,도시/지역발전,지역,인구감소대비,일자리창출
SURVEY1,대구,도시/지역발전,지역,인구감소대비,청년인구유입
SURVEY1,대구,도시/지역발전,지역,지역발전,대구경북 신공항 추진
SURVEY1,대구,도시/지역발전,지역,지역발전,도심 군기지 이전
SURVEY1,대구,도시/지역발전,지역,지역발전,복합환승센터 건설
SURVEY1,대구,도시/지역발전,지역,지역정책,글로벌 비즈플랫폼 구축
SURVEY1,대구,도시/지역발전,지역,지역정책,노후산단 인프라 개선
SURVEY1,대구,도시/지역발전,지역,지역정책,디지털 데이터산업 거점도시 조성
SURVEY1,대구,도시/지역발전,지역,지역정책,예술문화도시 육성
SURVEY1,대구,도시/지역발전,교통,대중교통 ,대구도시철도공사 경영 개선
SURVEY1,대구,도시/지역발전,교통,대중교통 ,대구형 공유자전거 도입
SURVEY1,대구,도시/지역발전,교통,대중교통 ,대중교통요금체계 개선
SURVEY1,대구,도시/지역발전,교통,대중교통 ,도시철도 3호선 연장
SURVEY1,대구,도시/지역발전,교통,도로,대구 서부권 광역교통망 개선
SURVEY1,대구,도시/지역발전,교통,도로,자전거 전용도로 확대
SURVEY1,대구,도시/지역발전,교통,도로,중앙고속도로 확대
SURVEY1,대구,도시/지역발전,교통,철도,KTX 대구 도심구간 철도 지하화
SURVEY1,대구,도시/지역발전,교통,철도,대구-광주 달빛고속철도 착공
SURVEY1,대구,도시/지역발전,교통,철도,대구산업선 철도 복선화
SURVEY1,대구,도시/지역발전,도시정비/주택,도시재생,K-2 군공항 이전
SURVEY1,대구,도시/지역발전,도시정비/주택,도시재생,경북도청 후적지 개발
SURVEY1,대구,도시/지역발전,도시정비/주택,도시재생,구도심 재생
SURVEY1,대구,도시/지역발전,도시정비/주택,도시재생,성서산업단지 재생
SURVEY1,대구,도시/지역발전,도시정비/주택,도시재생,전통시장 정비
SURVEY1,대구,도시/지역발전,도시정비/주택,도시정비,경북대 제2캠퍼스
SURVEY1,대구,도시/지역발전,도시정비/주택,도시정비,도심 공동화 방지
SURVEY1,대구,도시/지역발전,도시정비/주택,도시정비,서대구역 역세권 개발
SURVEY1,대구,도시/지역발전,도시정비/주택,도시정비,"재개발,재건축 활성화"
SURVEY1,대구,도시/지역발전,도시정비/주택,주거 ,공공주택 건설
SURVEY1,대구,도시/지역발전,도시정비/주택,주거 ,임대주택 확충
SURVEY1,대구,도시/지역발전,도시정비/주택,주거 ,주거환경개선
SURVEY1,대구,정치/행정자치,정치,자치분권,대구경북 글로벌 메가시티 건설
SURVEY1,대구,정치/행정자치,정치,자치분권,청년특별시
SURVEY1,대구,정치/행정자치,정치,지방정부/의회,지방의회 역량강화
SURVEY1,대구,정치/행정자치,정치,지방정부/의회,지방정부 재정자립성
SURVEY1,대구,정치/행정자치,행정,균형발전,공공기관이전
SURVEY1,대구,정치/행정자치,행정,균형발전,대구경북 경제과학연구소 설립
SURVEY1,대구,정치/행정자치,행정,균형발전,지방대학 지원
SURVEY1,대구,정치/행정자치,행정,행정혁신,공공기관 지역인재 의무채용
SURVEY1,대구,정치/행정자치,행정,행정혁신,대구경북 행정통합
SURVEY1,대구,정치/행정자치,행정,행정혁신,대구시청 이전
SURVEY1,대구,환경/소방/재난안전,소방/재난안전,소방,소방공무원 근무여건 개선
SURVEY1,대구,환경/소방/재난안전,소방/재난안전,소방,소방인프라(소방헬기) 확대
SURVEY1,대구,환경/소방/재난안전,소방/재난안전,소방,소방청사 신개축
SURVEY1,대구,환경/소방/재난안전,소방/재난안전,안전/치안,CCTV 설치
SURVEY1,대구,환경/소방/재난안전,소방/재난안전,안전/치안,여성안심귀가서비스
SURVEY1,대구,환경/소방/재난안전,소방/재난안전,안전/치안,코로나19 관련 위법
SURVEY1,대구,환경/소방/재난안전,소방/재난안전,재난,빅데이터 기반 재난 정보시스템
SURVEY1,대구,환경/소방/재난안전,소방/재난안전,재난,재난피해 예방시설 확충
SURVEY1,대구,환경/소방/재난안전,소방/재난안전,재난,폭염 대응체계 구축
SURVEY1,대구,환경/소방/재난안전,오염관리,기후대기,미세먼지 저감
SURVEY1,대구,환경/소방/재난안전,오염관리,기후대기,섬유염색산업 탈탄소화
SURVEY1,대구,환경/소방/재난안전,오염관리,기후대기,저공해차 보급확대
SURVEY1,대구,환경/소방/재난안전,오염관리,물관리,낙동강통합물관리방안 이행
SURVEY1,대구,환경/소방/재난안전,오염관리,물관리,수질유해물질 배출량 저감
SURVEY1,대구,환경/소방/재난안전,오염관리,물관리,취수원 다변화
SURVEY1,대구,환경/소방/재난안전,오염관리,폐기물,설치폐기물 처리시설 확충
SURVEY1,대구,환경/소방/재난안전,오염관리,폐기물,폐기물 부담금 신설
SURVEY1,대구,환경/소방/재난안전,오염관리,폐기물,폐기물 재활용 활성화
SURVEY1,대구,환경/소방/재난안전,환경관리,공원,K-2 후적지 문화수변도시 조성
SURVEY1,대구,환경/소방/재난안전,환경관리,공원,금호강 수변문화공간 조성
SURVEY1,대구,환경/소방/재난안전,환경관리,공원,한국형 센트럴파크 조성
SURVEY1,대구,환경/소방/재난안전,환경관리,산림녹지,노후 산업단지 악취저감시설
SURVEY1,대구,환경/소방/재난안전,환경관리,산림녹지,달서천 생태 복원
SURVEY1,대구,환경/소방/재난안전,환경관리,산림녹지,지역하천 재자연화
SURVEY1,대구,환경/소방/재난안전,환경관리,자원순환,국가물산업클러스터 고도화
SURVEY1,대구,환경/소방/재난안전,환경관리,자원순환,미세플라스틱 저감
SURVEY1,대구,환경/소방/재난안전,환경관리,자원순환,업사이클 지원
SURVEY1,대구,환경/소방/재난안전,환경관리,자원순환,하폐수처리장 통합지하화
SURVEY1,대구,사회복지/문화/여성가족/건강/보건,복지,노인,경로당 개편
SURVEY1,대구,사회복지/문화/여성가족/건강/보건,복지,노인,노인생활체육
SURVEY1,대구,사회복지/문화/여성가족/건강/보건,복지,노인,노인전문병원 및 치매병원 설치
SURVEY1,대구,사회복지/문화/여성가족/건강/보건,복지,노인,평생교육
SURVEY1,대구,사회복지/문화/여성가족/건강/보건,복지,아동여성청소년,국공립어린이집 확대
SURVEY1,대구,사회복지/문화/여성가족/건강/보건,복지,아동여성청소년,무상아침급식
SURVEY1,대구,사회복지/문화/여성가족/건강/보건,복지,아동여성청소년,생리대지원
SURVEY1,대구,사회복지/문화/여성가족/건강/보건,복지,아동여성청소년,어린이생태놀이터 조성
SURVEY1,대구,사회복지/문화/여성가족/건강/보건,복지,장애인/이주민,장애인복지지설 확대
SURVEY1,대구,사회복지/문화/여성가족/건강/보건,복지,장애인/이주민,장애인일자리확대
SURVEY1,대구,사회복지/문화/여성가족/건강/보건,복지,장애인/이주민,저상버스 보급 확대
SURVEY1,대구,사회복지/문화/여성가족/건강/보건,보건,공공의료,감염병전문병원 개원
SURVEY1,대구,사회복지/문화/여성가족/건강/보건,보건,공공의료,공공의료 불균형 해소
SURVEY1,대구,사회복지/문화/여성가족/건강/보건,보건,공공의료,영남권 국가심장수술센터 설립
SURVEY1,대구,사회복지/문화/여성가족/건강/보건,보건,공공의료,제2 대구의료원 설립
SURVEY1,대구,사회복지/문화/여성가족/건강/보건,보건,보건위생/감염병,무료예방접종 도입
SURVEY1,대구,사회복지/문화/여성가족/건강/보건,보건,보건위생/감염병,소프트웨어 의료산업 중심도시 조성
SURVEY1,대구,사회복지/문화/여성가족/건강/보건,보건,보건위생/감염병,지역건강 돌봄시스템 구축
SURVEY1,대구,사회복지/문화/여성가족/건강/보건,보건,보건위생/감염병,지역의료보건체계 구축
SURVEY1,대구,사회복지/문화/여성가족/건강/보건,보건,저출산,공공산후조리원  설립
SURVEY1,대구,사회복지/문화/여성가족/건강/보건,보건,저출산,분만인프라 구축
SURVEY1,대구,사회복지/문화/여성가족/건강/보건,보건,저출산,육아 기본수당 확대
SURVEY1,대구,사회복지/문화/여성가족/건강/보건,문화관광체육,관광,K-관광컨텐츠 개발
SURVEY1,대구,사회복지/문화/여성가족/건강/보건,문화관광체육,관광,경상감영 복원
SURVEY1,대구,사회복지/문화/여성가족/건강/보건,문화관광체육,관광,달성토성 복원
SURVEY1,대구,사회복지/문화/여성가족/건강/보건,문화관광체육,문화예술/유산,K-컨텐츠산업 진흥
SURVEY1,대구,사회복지/문화/여성가족/건강/보건,문화관광체육,문화예술/유산,문화예술 허브 조성
SURVEY1,대구,사회복지/문화/여성가족/건강/보건,문화관광체육,문화예술/유산,전통문화 계승홍보
SURVEY1,대구,사회복지/문화/여성가족/건강/보건,문화관광체육,체육,2038 대구광주 하계 아사안게임 유치
SURVEY1,대구,사회복지/문화/여성가족/건강/보건,문화관광체육,체육,생활스포츠 인프라확충
SURVEY1,대구,사회복지/문화/여성가족/건강/보건,문화관광체육,체육,지역체육 공동체화
SURVEY1,대구,산업/경제,일자리경제,민생경제,중소기업 경영안정 지원
SURVEY1,대구,산업/경제,일자리경제,민생경제,중소영세 자영업자 생계 지원
SURVEY1,대구,산업/경제,일자리경제,민생경제,코로나 손실보상
SURVEY1,대구,산업/경제,일자리경제,사회적경제,ESG 도입
SURVEY1,대구,산업/경제,일자리경제,사회적경제,마을공동체 육성
SURVEY1,대구,산업/경제,일자리경제,사회적경제,사회적경제 공제조합 육성
SURVEY1,대구,산업/경제,일자리경제,일자리,고령친화적사업장구축
SURVEY1,대구,산업/경제,일자리경제,일자리,대구경북 미래형 혁신인재 플랫폼 구축
SURVEY1,대구,산업/경제,일자리경제,일자리,지역인재채용
SURVEY1,대구,산업/경제,일자리경제,일자리,청년고용할당
SURVEY1,대구,산업/경제,경제성장,경제활성화,부동산규제(조정대상지역) 완화
SURVEY1,대구,산업/경제,경제성장,경제활성화,사회적 경제 활성화
SURVEY1,대구,산업/경제,경제성장,경제활성화,섬유산업 경쟁력 제고
SURVEY1,대구,산업/경제,경제성장,기업지원,섬유 소재 국산화 지원
SURVEY1,대구,산업/경제,경제성장,기업지원,섬유 표준화 개발사업 지원
SURVEY1,대구,산업/경제,경제성장,기업지원,스마트 의류 수출 지원
SURVEY1,대구,산업/경제,경제성장,산업단지,대구국가 스마트 기술산업단지 건설
SURVEY1,대구,산업/경제,경제성장,산업단지,대구형 실리콘밸리 조성
SURVEY1,대구,산업/경제,경제성장,산업단지,소프트웨어 의료산업 중심도시 조성
SURVEY1,대구,산업/경제,산업,산업구조개편,국가 스마트 기술산단 건설
SURVEY1,대구,산업/경제,산업,산업구조개편,그린섬유소재산업 육성
SURVEY1,대구,산업/경제,산업,산업구조개편,섬유·염색산업 첨단화
SURVEY1,대구,산업/경제,산업,산업구조개편,자율주행차 테스트베드
SURVEY1,대구,산업/경제,산업,에너지산업,에너지 공유시설 설치
SURVEY1,대구,산업/경제,산업,에너지산업,에너지 신산업 창출
SURVEY1,대구,산업/경제,산업,에너지산업,탄소중립 첨단산업단지 조성
SURVEY1,대구,산업/경제,산업,혁신산업,5+1 신산업 육성
SURVEY1,대구,산업/경제,산업,혁신산업,서비스로봇 산업생태계 조성
SURVEY1,대구,산업/경제,산업,혁신산업,자율주행 모빌리티 복합단지 건설
SURVEY1,대구,산업/경제,산업,혁신산업,전기차 혁신산업 클러스터 구축
SURVEY1,인천,도시/지역발전,주거,시설계획,강화갯벌-마니산 국립공원 지정
SURVEY1,인천,도시/지역발전,주거,시설계획,군사시설 외곽 이전
SURVEY1,인천,도시/지역발전,주거,시설계획,소래 국가도시공원 지정
SURVEY1,인천,도시/지역발전,주거,시설계획,아라뱃길 수변-레져공간화
SURVEY1,인천,도시/지역발전,주거,시설계획,연평도 신항 건설
SURVEY1,인천,도시/지역발전,주거,주거재생,1~2인가구맞춤형 주거 공급
SURVEY1,인천,도시/지역발전,주거,주거재생,공적임대주택
SURVEY1,인천,도시/지역발전,주거,주거재생,부동산 규제완화
SURVEY1,인천,도시/지역발전,주거,주거재생,원도심 재생
SURVEY1,인천,도시/지역발전,주거,토지관리,3기 신도시 인프라 확충
SURVEY1,인천,도시/지역발전,주거,토지관리,미군 반환부지(캠프마켓) 활용
SURVEY1,인천,도시/지역발전,주거,토지관리,초과이익환수
SURVEY1,인천,도시/지역발전,도로/교통,대중교통,경인고속도로 통행료 폐지
SURVEY1,인천,도시/지역발전,도로/교통,대중교통,광역급행버스 확충
SURVEY1,인천,도시/지역발전,도로/교통,대중교통,광역알뜰교통카드
SURVEY1,인천,도시/지역발전,도로/교통,대중교통,버스준공영제
SURVEY1,인천,도시/지역발전,도로/교통,대중교통,여객선 준공영제
SURVEY1,인천,도시/지역발전,도로/교통,도로/건설,강화도~강원도 동서평화도로
SURVEY1,인천,도시/지역발전,도로/교통,도로/건설,경인선·경인고속도로 지하화
SURVEY1,인천,도시/지역발전,도로/교통,도로/건설,계양-서울 서북권 광역도로건설
SURVEY1,인천,도시/지역발전,도로/교통,도로/건설,서해남북평화도로
SURVEY1,인천,도시/지역발전,도로/교통,도로/건설,수도권 제2외곽순환도로 구간확대
SURVEY1,인천,도시/지역발전,도로/교통,철도,GTX 신설
SURVEY1,인천,도시/지역발전,도로/교통,철도,공항철도-9호선 직접 연결
SURVEY1,인천,도시/지역발전,도로/교통,철도,도시철도 연장 및 신설
SURVEY1,인천,도시/지역발전,도로/교통,철도,수인선 청학역 신설
SURVEY1,인천,도시/지역발전,도로/교통,철도,인천남부순환선 도시철도망
SURVEY1,인천,도시/지역발전,지역발전,섬발전지원,서해5도 종합발전계획 시행
SURVEY1,인천,도시/지역발전,지역발전,섬발전지원,해양관광벨트 구축
SURVEY1,인천,도시/지역발전,지역발전,섬발전지원,해양평화공원
SURVEY1,인천,도시/지역발전,지역발전,항공,도심 항공 모빌리티(UAM) 실증도시 조성
SURVEY1,인천,도시/지역발전,지역발전,항공,백령공항 건설
SURVEY1,인천,도시/지역발전,지역발전,항공,인천-김포공합 통합
SURVEY1,인천,도시/지역발전,지역발전,항만/해안,인천 내항 재생
SURVEY1,인천,도시/지역발전,지역발전,항만/해안,인천시 항만자치권 확보
SURVEY1,인천,도시/지역발전,지역발전,항만/해안,인천신항 철도인입선 구축
SURVEY1,인천,도시/지역발전,지역발전,항만/해안,해안선 개방
SURVEY1,인천,정치/행정자치,자치,자치,자치단체역량 강화
SURVEY1,인천,정치/행정자치,자치,자치,자치분권 확대
SURVEY1,인천,정치/행정자치,자치,자치,자치입법권 확대
SURVEY1,인천,정치/행정자치,자치,주민,마을공동체법
SURVEY1,인천,정치/행정자치,자치,주민,시민입법플랫폼 도입
SURVEY1,인천,정치/행정자치,자치,주민,주민자치회 직선제
SURVEY1,인천,정치/행정자치,자치,주민,주민투표제
SURVEY1,인천,정치/행정자치,정치,지방의회,전문성 향상
SURVEY1,인천,정치/행정자치,정치,지방의회,정책역량 강화
SURVEY1,인천,정치/행정자치,정치,지방의회,지방의회 다양화
SURVEY1,인천,정치/행정자치,정치,지방정부,법제 개편
SURVEY1,인천,정치/행정자치,정치,지방정부,사무직 인사권 이양
SURVEY1,인천,정치/행정자치,정치,지방정부,입법역량 강화
SURVEY1,인천,정치/행정자치,정치,지방정부,재정독립성
SURVEY1,인천,정치/행정자치,정치,행정/법원,법조단지 조성
SURVEY1,인천,정치/행정자치,정치,행정/법원,인천시청공간 확보
SURVEY1,인천,정치/행정자치,정치,행정/법원,인천지방법원
SURVEY1,인천,정치/행정자치,행정,교육행정,공교육 강화
SURVEY1,인천,정치/행정자치,행정,교육행정,교육격차 해소
SURVEY1,인천,정치/행정자치,행정,교육행정,국가장학금 확대
SURVEY1,인천,정치/행정자치,행정,교육행정,산업별 인력교육 강화
SURVEY1,인천,정치/행정자치,행정,교육행정,어린이집 급식 관리
SURVEY1,인천,정치/행정자치,행정,균형발전,국세 차등 배분
SURVEY1,인천,정치/행정자치,행정,균형발전,지방교부세율 현실화
SURVEY1,인천,정치/행정자치,행정,균형발전,행정수도 이전
SURVEY1,인천,정치/행정자치,행정,여성대표성확대,성별할당제
SURVEY1,인천,정치/행정자치,행정,여성대표성확대,양성평등 문화 확산
SURVEY1,인천,정치/행정자치,행정,여성대표성확대,여성정책 강화
SURVEY1,인천,환경/소방/재난안전,소방/시민안전,사회재난,부실공사방지
SURVEY1,인천,환경/소방/재난안전,소방/시민안전,사회재난,사회재난기금
SURVEY1,인천,환경/소방/재난안전,소방/시민안전,사회재난,산업재해대책
SURVEY1,인천,환경/소방/재난안전,소방/시민안전,안전/치안,빅데이터재난안전센터
SURVEY1,인천,환경/소방/재난안전,소방/시민안전,안전/치안,시민 안전보험제도
SURVEY1,인천,환경/소방/재난안전,소방/시민안전,안전/치안,재난트라우마센터
SURVEY1,인천,환경/소방/재난안전,소방/시민안전,안전/치안,특별사법경찰 확대
SURVEY1,인천,환경/소방/재난안전,소방/시민안전,안전/치안,해양안전시스템
SURVEY1,인천,환경/소방/재난안전,소방/시민안전,자연재난,산업재해대책
SURVEY1,인천,환경/소방/재난안전,소방/시민안전,자연재난,소방인력·장비 확충
SURVEY1,인천,환경/소방/재난안전,소방/시민안전,자연재난,재난신속대응
SURVEY1,인천,환경/소방/재난안전,환경보전,대기보전,그린뉴딜정책
SURVEY1,인천,환경/소방/재난안전,환경보전,대기보전,미세먼지 종합대책
SURVEY1,인천,환경/소방/재난안전,환경보전,대기보전,전기차 보급
SURVEY1,인천,환경/소방/재난안전,환경보전,대기보전,친환경자동차
SURVEY1,인천,환경/소방/재난안전,환경보전,대기보전,탄소중립
SURVEY1,인천,환경/소방/재난안전,환경보전,수질환경/쓰레기매립지,물관리 시스템
SURVEY1,인천,환경/소방/재난안전,환경보전,수질환경/쓰레기매립지,쓰레기매립지 확보
SURVEY1,인천,환경/소방/재난안전,환경보전,수질환경/쓰레기매립지,음식물쓰레기 처리 간편화
SURVEY1,인천,환경/소방/재난안전,환경보전,수질환경/쓰레기매립지,친환경랜드마크 조성
SURVEY1,인천,환경/소방/재난안전,환경보전,수질환경/쓰레기매립지,해양쓰레기 관리체제 도입
SURVEY1,인천,환경/소방/재난안전,환경보전,자원순환/에너지,재활용품 공공기관 의무구매
SURVEY1,인천,환경/소방/재난안전,환경보전,자원순환/에너지,전기차보급
SURVEY1,인천,환경/소방/재난안전,환경보전,자원순환/에너지,지역 재생에너지산업 육성
SURVEY1,인천,환경/소방/재난안전,환경보전,자원순환/에너지,폐기물 처리
SURVEY1,인천,환경/소방/재난안전,환경보전,자원순환/에너지,화력발전 한시적 셧다운제
SURVEY1,인천,사회복지/문화/여성가족/건강/보건,복지,노인/장애인,기술 기반 어르신 돌봄
SURVEY1,인천,사회복지/문화/여성가족/건강/보건,복지,노인/장애인,노인공공근로
SURVEY1,인천,사회복지/문화/여성가족/건강/보건,복지,노인/장애인,방문간호사
SURVEY1,인천,사회복지/문화/여성가족/건강/보건,복지,노인/장애인,저상형 시내버스 확충
SURVEY1,인천,사회복지/문화/여성가족/건강/보건,복지,노인/장애인,통합돌봄
SURVEY1,인천,사회복지/문화/여성가족/건강/보건,복지,다문화,다문화교육 강화
SURVEY1,인천,사회복지/문화/여성가족/건강/보건,복지,다문화,외국인 아동 보육 지원
SURVEY1,인천,사회복지/문화/여성가족/건강/보건,복지,다문화,이민법 개정
SURVEY1,인천,사회복지/문화/여성가족/건강/보건,복지,다문화,이주노동자 생활지원
SURVEY1,인천,사회복지/문화/여성가족/건강/보건,복지,다문화,체류정책 개선
SURVEY1,인천,사회복지/문화/여성가족/건강/보건,복지,여성/아동/청소년,무상교복 확대
SURVEY1,인천,사회복지/문화/여성가족/건강/보건,복지,여성/아동/청소년,무상교육
SURVEY1,인천,사회복지/문화/여성가족/건강/보건,복지,여성/아동/청소년,성별임금격차 해소
SURVEY1,인천,사회복지/문화/여성가족/건강/보건,복지,여성/아동/청소년,여성친화기업 인증제
SURVEY1,인천,사회복지/문화/여성가족/건강/보건,복지,여성/아동/청소년,친환경무상급식
SURVEY1,인천,사회복지/문화/여성가족/건강/보건,보건,감염병/동물 관리,감염병 전문병원 확충
SURVEY1,인천,사회복지/문화/여성가족/건강/보건,보건,감염병/동물 관리,감염병연구기관 설립
SURVEY1,인천,사회복지/문화/여성가족/건강/보건,보건,감염병/동물 관리,반려동물 복지
SURVEY1,인천,사회복지/문화/여성가족/건강/보건,보건,감염병/동물 관리,반려동물 진료비 부담 완화
SURVEY1,인천,사회복지/문화/여성가족/건강/보건,보건,감염병/동물 관리,코로나19 피해지원
SURVEY1,인천,사회복지/문화/여성가족/건강/보건,보건,보건의료,국립대학병원 유치
SURVEY1,인천,사회복지/문화/여성가족/건강/보건,보건,보건의료,맞춤형 헬스케어 시범도시
SURVEY1,인천,사회복지/문화/여성가족/건강/보건,보건,보건의료,시립 공공요양원
SURVEY1,인천,사회복지/문화/여성가족/건강/보건,보건,보건의료,제2의료원
SURVEY1,인천,사회복지/문화/여성가족/건강/보건,보건,저출산,공공산후조리원 확대
SURVEY1,인천,사회복지/문화/여성가족/건강/보건,보건,저출산,국공립어린이집 확대
SURVEY1,인천,사회복지/문화/여성가족/건강/보건,보건,저출산,아이돌봄서비스 확충
SURVEY1,인천,사회복지/문화/여성가족/건강/보건,보건,저출산,육아휴직
SURVEY1,인천,사회복지/문화/여성가족/건강/보건,문화관광체육,관광,관광 전문 인력 양성
SURVEY1,인천,사회복지/문화/여성가족/건강/보건,문화관광체육,관광,근로자 휴가지원제도 확대
SURVEY1,인천,사회복지/문화/여성가족/건강/보건,문화관광체육,관광,디지털 기반 관광 인프라 건설
SURVEY1,인천,사회복지/문화/여성가족/건강/보건,문화관광체육,관광,마이스(MICE)산업 활성화
SURVEY1,인천,사회복지/문화/여성가족/건강/보건,문화관광체육,관광,여가관광권리 보장
SURVEY1,인천,사회복지/문화/여성가족/건강/보건,문화관광체육,문화예술/유산,국립 한국대중음악자료원 조성
SURVEY1,인천,사회복지/문화/여성가족/건강/보건,문화관광체육,문화예술/유산,문화예술인 생산활동 지원
SURVEY1,인천,사회복지/문화/여성가족/건강/보건,문화관광체육,문화예술/유산,문화향유권 강화
SURVEY1,인천,사회복지/문화/여성가족/건강/보건,문화관광체육,문화예술/유산,실향민민속촌 건설
SURVEY1,인천,사회복지/문화/여성가족/건강/보건,문화관광체육,문화예술/유산,인천민주화운동 기념공간 조성
SURVEY1,인천,사회복지/문화/여성가족/건강/보건,문화관광체육,체육,생활스포츠 인프라 확충
SURVEY1,인천,사회복지/문화/여성가족/건강/보건,문화관광체육,체육,지역체육 공동체화
SURVEY1,인천,사회복지/문화/여성가족/건강/보건,문화관광체육,체육,체육계 불공정 근절
SURVEY1,인천,산업/경제,노동,비정규직,공공부문 비정규직 정규직 전환
SURVEY1,인천,산업/경제,노동,비정규직,비정규직센터 설립
SURVEY1,인천,산업/경제,노동,비정규직,플랫폼노동자 노동권보장
SURVEY1,인천,산업/경제,노동,지역/노사,GM문제 해결(인천자동차산업진흥원 설립)
SURVEY1,인천,산업/경제,노동,지역/노사,노사동반성장
SURVEY1,인천,산업/경제,노동,지역/노사,채용공정성
SURVEY1,인천,산업/경제,노동,청년,중소기업 재직청년 지원
SURVEY1,인천,산업/경제,노동,청년,청년의무 고용할당제
SURVEY1,인천,산업/경제,노동,청년,청년정책 전담기구 설치
SURVEY1,인천,산업/경제,노동,청년,청년취업 중소기업 장려
SURVEY1,인천,산업/경제,경제,민생경제,골목상권보호
SURVEY1,인천,산업/경제,경제,민생경제,미래형 스마트 전통시장
SURVEY1,인천,산업/경제,경제,민생경제,인천e음카드
SURVEY1,인천,산업/경제,경제,민생경제,자영업자고용보험지원
SURVEY1,인천,산업/경제,경제,민생경제,지역 공공은행 설립
SURVEY1,인천,산업/경제,경제,사회적경제,마을기업 육성
SURVEY1,인천,산업/경제,경제,사회적경제,사회적경제 공제조합 육성
SURVEY1,인천,산업/경제,경제,사회적경제,사회적경제 인적자원 육성
SURVEY1,인천,산업/경제,경제,일자리,여성일자리 확충
SURVEY1,인천,산업/경제,경제,일자리,인천 내 청년 창업공단 유치
SURVEY1,인천,산업/경제,경제,일자리,자동차산업 지원 및 일자리보호
SURVEY1,인천,산업/경제,경제,일자리,취약계층 취업지원
SURVEY1,인천,산업/경제,산업,미래산업,계양 테크노밸리
SURVEY1,인천,산업/경제,산업,미래산업,송도 바이오클러스터 조성
SURVEY1,인천,산업/경제,산업,미래산업,수소산업
SURVEY1,인천,산업/경제,산업,미래산업,스마트그린산업단지
SURVEY1,인천,산업/경제,산업,미래산업,항공정비산업
SURVEY1,인천,산업/경제,산업,산업진흥,법인세인하
SURVEY1,인천,산업/경제,산업,산업진흥,부평·남동·주안 국가산단
SURVEY1,인천,산업/경제,산업,산업진흥,인천경제자유구역
SURVEY1,인천,산업/경제,산업,산업진흥,중소기업 육성자금 지원
SURVEY1,인천,산업/경제,산업,산업진흥,지역발전기금 조성
SURVEY1,인천,산업/경제,산업,투자창업,국제기구 송도유치
SURVEY1,인천,산업/경제,산업,투자창업,남북 공동경제자유구역
SURVEY1,인천,산업/경제,산업,투자창업,인천창업기금 조성
SURVEY1,인천,산업/경제,산업,투자창업,혁신창업플랫폼 조성
SURVEY1,광주,도시/지역발전,도로/교통,대중교통 및 물류,광주전남트라이포트
SURVEY1,광주,도시/지역발전,도로/교통,대중교통 및 물류,그린수소트램
SURVEY1,광주,도시/지역발전,도로/교통,대중교통 및 물류,무안국제공항통합
SURVEY1,광주,도시/지역발전,도로/교통,대중교통 및 물류,복합환승센터구축
SURVEY1,광주,도시/지역발전,도로/교통,도로,광주-영암속도무제한고속도로
SURVEY1,광주,도시/지역발전,도로/교통,도로,교통혼잡개선
SURVEY1,광주,도시/지역발전,도로/교통,도로,달빛내륙도로
SURVEY1,광주,도시/지역발전,도로/교통,철도,광주-나주광역철도
SURVEY1,광주,도시/지역발전,도로/교통,철도,광주-화순도시철도확충
SURVEY1,광주,도시/지역발전,도로/교통,철도,달빛고속철도
SURVEY1,광주,도시/지역발전,도시정비/주거,도시경관,랜드마크 건설
SURVEY1,광주,도시/지역발전,도시정비/주거,도시경관,스카이라인 구축
SURVEY1,광주,도시/지역발전,도시정비/주거,도시경관,자연경관 보전
SURVEY1,광주,도시/지역발전,도시정비/주거,도시경관,지역특성에 맞는 경관형성
SURVEY1,광주,도시/지역발전,도시정비/주거,도시재생 및 정비,양동전통시장정비
SURVEY1,광주,도시/지역발전,도시정비/주거,도시재생 및 정비,재개발 및 재건축
SURVEY1,광주,도시/지역발전,도시정비/주거,도시재생 및 정비,주거환경개선
SURVEY1,광주,도시/지역발전,도시정비/주거,주거,광주형평생주택
SURVEY1,광주,도시/지역발전,도시정비/주거,주거,부동산투기엄단
SURVEY1,광주,도시/지역발전,도시정비/주거,주거,청년주택
SURVEY1,광주,도시/지역발전,지역개발,군공항,광주군공항이전
SURVEY1,광주,도시/지역발전,지역개발,군공항,군공항이전부지개발
SURVEY1,광주,도시/지역발전,지역개발,군공항,신군공항건설
SURVEY1,광주,도시/지역발전,지역개발,인구감소대비,생활인구확대
SURVEY1,광주,도시/지역발전,지역개발,인구감소대비,일자리창출
SURVEY1,광주,도시/지역발전,지역개발,인구감소대비,청년인구유입
SURVEY1,광주,도시/지역발전,지역개발,지역정책,마릉동공군탄약고이전
SURVEY1,광주,도시/지역발전,지역개발,지역정책,복합쇼핑몰건설
SURVEY1,광주,도시/지역발전,지역개발,지역정책,송정역개발
SURVEY1,광주,정치/행정자치,민주인권평화,5.18선양,5.18진상규명
SURVEY1,광주,정치/행정자치,민주인권평화,5.18선양,국립트라우마치유센터건립
SURVEY1,광주,정치/행정자치,민주인권평화,5.18선양,민주인권기념파크조성
SURVEY1,광주,정치/행정자치,민주인권평화,민주인권,민주인권연구원건립
SURVEY1,광주,정치/행정자치,민주인권평화,민주인권,세계인권도시포럼
SURVEY1,광주,정치/행정자치,민주인권평화,민주인권,인권교육활성화
SURVEY1,광주,정치/행정자치,행정자치,주민자치,시민사회단체지원
SURVEY1,광주,정치/행정자치,행정자치,주민자치,시민참여형 도시계획 수립
SURVEY1,광주,정치/행정자치,행정자치,주민자치,자원봉사센터 지원
SURVEY1,광주,정치/행정자치,행정자치,행정,광주-전남 통합
SURVEY1,광주,정치/행정자치,행정자치,행정,빛고을스마트메가시티
SURVEY1,광주,정치/행정자치,행정자치,행정,혁신도시 지원
SURVEY1,광주,환경/소방/재난안전,자연관리,공원조성,가로환경개선
SURVEY1,광주,환경/소방/재난안전,자연관리,공원조성,도심공원조성
SURVEY1,광주,환경/소방/재난안전,자연관리,공원조성,하천정비
SURVEY1,광주,환경/소방/재난안전,자연관리,산림녹지,무등산 난개발방지
SURVEY1,광주,환경/소방/재난안전,자연관리,산림녹지,생태숲조성
SURVEY1,광주,환경/소방/재난안전,자연관리,산림녹지,습지보전
SURVEY1,광주,환경/소방/재난안전,자연관리,자원순환,생활폐기물 저감
SURVEY1,광주,환경/소방/재난안전,자연관리,자원순환,재활용품 분리배출 및 수거 개선
SURVEY1,광주,환경/소방/재난안전,자연관리,자원순환,폐기물단속강화
SURVEY1,광주,환경/소방/재난안전,시민안전,사회재난,교통재난예방
SURVEY1,광주,환경/소방/재난안전,시민안전,사회재난,부실공사방지
SURVEY1,광주,환경/소방/재난안전,시민안전,사회재난,치안유지
SURVEY1,광주,환경/소방/재난안전,시민안전,안전정책,광주시민안전보험
SURVEY1,광주,환경/소방/재난안전,시민안전,안전정책,국제안전도시 재공인 추진
SURVEY1,광주,환경/소방/재난안전,시민안전,안전정책,스마트재난안전관리시스템구축
SURVEY1,광주,환경/소방/재난안전,시민안전,자연재난,급경사지 안전관리
SURVEY1,광주,환경/소방/재난안전,시민안전,자연재난,상습침수피해 예방
SURVEY1,광주,환경/소방/재난안전,시민안전,자연재난,한파 및 폭염 대응체계 구축
SURVEY1,광주,환경/소방/재난안전,오염관리,기후변화대응,신재생에너지보급확대
SURVEY1,광주,환경/소방/재난안전,오염관리,기후변화대응,친환경교통체계조성
SURVEY1,광주,환경/소방/재난안전,오염관리,기후변화대응,친환경자동차보급
SURVEY1,광주,환경/소방/재난안전,오염관리,물관리,마을하수도정비
SURVEY1,광주,환경/소방/재난안전,오염관리,물관리,상수원 수질관리
SURVEY1,광주,환경/소방/재난안전,오염관리,물관리,지하수보전 및 관리
SURVEY1,광주,환경/소방/재난안전,오염관리,지속가능발전,공공분야 환경제품 구매율 향상
SURVEY1,광주,환경/소방/재난안전,오염관리,지속가능발전,친환경 도시농업 활성화
SURVEY1,광주,환경/소방/재난안전,오염관리,지속가능발전,환경산업 생태계조성
SURVEY1,광주,사회복지/문화/여성가족/건강/보건,여성가족,여성가족,경력단절여성 지원
SURVEY1,광주,사회복지/문화/여성가족/건강/보건,여성가족,여성가족,다문화가족지원
SURVEY1,광주,사회복지/문화/여성가족/건강/보건,여성가족,여성가족,성인지 예산 및 교육 확충
SURVEY1,광주,사회복지/문화/여성가족/건강/보건,여성가족,여성가족,한부모가족지원
SURVEY1,광주,사회복지/문화/여성가족/건강/보건,여성가족,청소년,국립호남권청소년디딤센터건립
SURVEY1,광주,사회복지/문화/여성가족/건강/보건,여성가족,청소년,인공지능영재고건립
SURVEY1,광주,사회복지/문화/여성가족/건강/보건,여성가족,청소년,청소년시설확충
SURVEY1,광주,사회복지/문화/여성가족/건강/보건,여성가족,출산보육,국공립어린이집확충
SURVEY1,광주,사회복지/문화/여성가족/건강/보건,여성가족,출산보육,돌봄인프라구축
SURVEY1,광주,사회복지/문화/여성가족/건강/보건,여성가족,출산보육,아동수당
SURVEY1,광주,사회복지/문화/여성가족/건강/보건,여성가족,출산보육,첫만남이용권
SURVEY1,광주,사회복지/문화/여성가족/건강/보건,문화관광체육,관광,김대중컨벤션센터 확충
SURVEY1,광주,사회복지/문화/여성가족/건강/보건,문화관광체육,관광,스마트관광도시조성
SURVEY1,광주,사회복지/문화/여성가족/건강/보건,문화관광체육,관광,아시아음식문화지구 조성
SURVEY1,광주,사회복지/문화/여성가족/건강/보건,문화관광체육,관광,예술관광활성화
SURVEY1,광주,사회복지/문화/여성가족/건강/보건,문화관광체육,문화,광주비엔날레
SURVEY1,광주,사회복지/문화/여성가족/건강/보건,문화관광체육,문화,글로벌콘텐츠 육성
SURVEY1,광주,사회복지/문화/여성가족/건강/보건,문화관광체육,문화,디지털콘텐츠밸리 조성
SURVEY1,광주,사회복지/문화/여성가족/건강/보건,문화관광체육,문화,마한문화권 복원
SURVEY1,광주,사회복지/문화/여성가족/건강/보건,문화관광체육,문화,아시아문화중심도시사업
SURVEY1,광주,사회복지/문화/여성가족/건강/보건,문화관광체육,체육,2038 아시안게임유치
SURVEY1,광주,사회복지/문화/여성가족/건강/보건,문화관광체육,체육,생활체육 활성화
SURVEY1,광주,사회복지/문화/여성가족/건강/보건,문화관광체육,체육,생활체육시설 확충
SURVEY1,광주,사회복지/문화/여성가족/건강/보건,문화관광체육,체육,장애인체육진흥시설 확충
SURVEY1,광주,사회복지/문화/여성가족/건강/보건,문화관광체육,체육,한국수영진흥센터 건립
SURVEY1,광주,사회복지/문화/여성가족/건강/보건,복지건강,노인 및 장애인 복지,노인생활체육
SURVEY1,광주,사회복지/문화/여성가족/건강/보건,복지건강,노인 및 장애인 복지,노인전문병원 및 치매병원 설치
SURVEY1,광주,사회복지/문화/여성가족/건강/보건,복지건강,노인 및 장애인 복지,장애인시설 확충
SURVEY1,광주,사회복지/문화/여성가족/건강/보건,복지건강,노인 및 장애인 복지,장애인이동권보장
SURVEY1,광주,사회복지/문화/여성가족/건강/보건,복지건강,노인 및 장애인 복지,평생교육
SURVEY1,광주,사회복지/문화/여성가족/건강/보건,복지건강,보건,감염병전문병원 건립
SURVEY1,광주,사회복지/문화/여성가족/건강/보건,복지건강,보건,광주광역시의료원 건립
SURVEY1,광주,사회복지/문화/여성가족/건강/보건,복지건강,보건,방사선의학 기반 마련
SURVEY1,광주,사회복지/문화/여성가족/건강/보건,복지건강,보건,원자력의료원 건립
SURVEY1,광주,사회복지/문화/여성가족/건강/보건,복지건강,사회복지,노숙인 지원
SURVEY1,광주,사회복지/문화/여성가족/건강/보건,복지건강,사회복지,복지안전망 확대
SURVEY1,광주,사회복지/문화/여성가족/건강/보건,복지건강,사회복지,일상회복지원금
SURVEY1,광주,사회복지/문화/여성가족/건강/보건,복지건강,사회복지,코로나 취약계층 지원
SURVEY1,광주,산업/경제,일자리경제,기업육성,마을기업육성
SURVEY1,광주,산업/경제,일자리경제,기업육성,사회적경제지원
SURVEY1,광주,산업/경제,일자리경제,기업육성,창업기업지원
SURVEY1,광주,산업/경제,일자리경제,기업육성,협동조합활성화
SURVEY1,광주,산업/경제,일자리경제,일자리정책,노사동반성장
SURVEY1,광주,산업/경제,일자리경제,일자리정책,여성일자리확충
SURVEY1,광주,산업/경제,일자리경제,일자리정책,지역인재채용
SURVEY1,광주,산업/경제,일자리경제,일자리정책,청년일자리확대
SURVEY1,광주,산업/경제,일자리경제,일자리정책,코로나피해 소상공인지원
SURVEY1,광주,산업/경제,일자리경제,투자유치,광주자동차산업밸리조성
SURVEY1,광주,산업/경제,일자리경제,투자유치,대기업유치
SURVEY1,광주,산업/경제,일자리경제,투자유치,신규산업단지조성
SURVEY1,광주,산업/경제,일자리경제,투자유치,연구개발특구육성
SURVEY1,광주,산업/경제,일자리경제,투자유치,해외기업유치
SURVEY1,광주,산업/경제,자동차산업,광주형일자리,광주형일자리복지프로그램확충
SURVEY1,광주,산업/경제,자동차산업,광주형일자리,광주형일자리사업확대
SURVEY1,광주,산업/경제,자동차산업,광주형일자리,노사동반성장지원
SURVEY1,광주,산업/경제,자동차산업,미래모빌리티,그린카보급지원
SURVEY1,광주,산업/경제,자동차산업,미래모빌리티,미래모빌리티산업단지조성
SURVEY1,광주,산업/경제,자동차산업,미래모빌리티,미래차관련기업유치
SURVEY1,광주,산업/경제,자동차산업,부품산업,미래차전장부품산업육성
SURVEY1,광주,산업/경제,자동차산업,부품산업,미래차전환부품기업지원
SURVEY1,광주,산업/경제,자동차산업,부품산업,자동차소재부품장비산업육성
SURVEY1,광주,산업/경제,미래산업,미래산업,고자기장연구소건립
SURVEY1,광주,산업/경제,미래산업,미래산업,스타트업클러스터조성
SURVEY1,광주,산업/경제,미래산업,미래산업,의료산업클러스터조성
SURVEY1,광주,산업/경제,미래산업,미래산업,창업여건개선
SURVEY1,광주,산업/경제,미래산업,에너지산업,그린수소생산기지구축
SURVEY1,광주,산업/경제,미래산업,에너지산업,에너지고속도로건설
SURVEY1,광주,산업/경제,미래산업,에너지산업,에너지밸리조성
SURVEY1,광주,산업/경제,미래산업,인공지능산업,데이터센터유치
SURVEY1,광주,산업/경제,미래산업,인공지능산업,인공지능연구원건립
SURVEY1,광주,산업/경제,미래산업,인공지능산업,인공지능클러스터조성
SURVEY1,대전,도시/지역발전,지역,인구감소대비,생활인구확대
SURVEY1,대전,도시/지역발전,지역,인구감소대비,일자리창출
SURVEY1,대전,도시/지역발전,지역,인구감소대비,청년인구유입
SURVEY1,대전,도시/지역발전,지역,지역발전,바이오 헬스클러스터 구축
SURVEY1,대전,도시/지역발전,지역,지역발전,우주국방 혁신클러스터 구축
SURVEY1,대전,도시/지역발전,지역,지역발전,융복합 특수영상 콘텐츠 클러스터 구축
SURVEY1,대전,도시/지역발전,지역,지역정책,과학수도 지정
SURVEY1,대전,도시/지역발전,지역,지역정책,대전교도소 이전
SURVEY1,대전,도시/지역발전,지역,지역정책,도시발전 디딤돌 사업 추진
SURVEY1,대전,도시/지역발전,지역,지역정책,도심구간 철도 지하화
SURVEY1,대전,도시/지역발전,도시정비/주거,도시재생,대전 산업단지 재생사업 완료
SURVEY1,대전,도시/지역발전,도시정비/주거,도시재생,대전 역세권 개발
SURVEY1,대전,도시/지역발전,도시정비/주거,도시재생,대전 원도심 개발
SURVEY1,대전,도시/지역발전,도시정비/주거,도시재생,대전교도소 이전
SURVEY1,대전,도시/지역발전,도시정비/주거,도시재생,중리전통시장 시설물 보강
SURVEY1,대전,도시/지역발전,도시정비/주거,도시정비,대전조차장 부지 개발
SURVEY1,대전,도시/지역발전,도시정비/주거,도시정비,서대전역 상권 활성화
SURVEY1,대전,도시/지역발전,도시정비/주거,도시정비,월평동 화상경마장 부지 개발
SURVEY1,대전,도시/지역발전,도시정비/주거,도시정비,"재개발,재건축 활성화"
SURVEY1,대전,도시/지역발전,도시정비/주거,도시정비,전통시장 시설 현대화
SURVEY1,대전,도시/지역발전,도시정비/주거,주거 ,공공주택 건설
SURVEY1,대전,도시/지역발전,도시정비/주거,주거 ,임대주택 확충
SURVEY1,대전,도시/지역발전,도시정비/주거,주거 ,주거환경개선
SURVEY1,대전,도시/지역발전,교통,대중교통 ,대전교통공사 설립
SURVEY1,대전,도시/지역발전,교통,대중교통 ,도시철도 3호선 확충
SURVEY1,대전,도시/지역발전,교통,대중교통 ,도시철도2호선 건설
SURVEY1,대전,도시/지역발전,교통,대중교통 ,서대전네거리 복합 교통환승센터 구축
SURVEY1,대전,도시/지역발전,교통,도로,도로 연결망 구축
SURVEY1,대전,도시/지역발전,교통,도로,도수터널 건설
SURVEY1,대전,도시/지역발전,교통,도로,외곽순환도로 건설
SURVEY1,대전,도시/지역발전,교통,도로,호남고속도로 대전구간 확장
SURVEY1,대전,도시/지역발전,교통,철도,경부호남선 철도 지하화
SURVEY1,대전,도시/지역발전,교통,철도,초광역 철도 구축
SURVEY1,대전,도시/지역발전,교통,철도,충청 내륙철도 건설
SURVEY1,대전,정치/행정자치,정치,자치분권,대전 혁신도시 지정
SURVEY1,대전,정치/행정자치,정치,자치분권,대전세종 경제자유구역 지정
SURVEY1,대전,정치/행정자치,정치,자치분권,충청권 메가시티 형성
SURVEY1,대전,정치/행정자치,정치,지방정부/의회,시정혁신
SURVEY1,대전,정치/행정자치,정치,지방정부/의회,지방의회 역량강화
SURVEY1,대전,정치/행정자치,정치,지방정부/의회,지방정부 재정자립도 강화
SURVEY1,대전,정치/행정자치,행정,균형발전,메가시티 국가산단 조성
SURVEY1,대전,정치/행정자치,행정,균형발전,방위사업청 이전
SURVEY1,대전,정치/행정자치,행정,균형발전,제2 대덕연구단지 조성
SURVEY1,대전,정치/행정자치,행정,균형발전,지방대학 지원
SURVEY1,대전,정치/행정자치,행정,균형발전,항공우주청 유치
SURVEY1,대전,정치/행정자치,행정,행정혁신,공공기관 지역인재 의무채용
SURVEY1,대전,정치/행정자치,행정,행정혁신,복합청사 건립
SURVEY1,대전,정치/행정자치,행정,행정혁신,청 단위 중앙행정기관 대전 집적
SURVEY1,대전,환경/소방/재난안전,소방/재난안전,소방,소방공무원 근무여건 개선
SURVEY1,대전,환경/소방/재난안전,소방/재난안전,소방,소방인프라(소방헬기) 확대
SURVEY1,대전,환경/소방/재난안전,소방/재난안전,소방,소방청사 신개축
SURVEY1,대전,환경/소방/재난안전,소방/재난안전,안전/치안,CCTV 설치
SURVEY1,대전,환경/소방/재난안전,소방/재난안전,안전/치안,여성안심귀가서비스
SURVEY1,대전,환경/소방/재난안전,소방/재난안전,안전/치안,코로나19 관련 위법
SURVEY1,대전,환경/소방/재난안전,소방/재난안전,재난,대형산불 예방
SURVEY1,대전,환경/소방/재난안전,소방/재난안전,재난,빅데이터 기반 재난 정보시스템
SURVEY1,대전,환경/소방/재난안전,소방/재난안전,재난,재난피해 예방시설 확충
SURVEY1,대전,환경/소방/재난안전,오염관리,기후대기,미세먼지 저감
SURVEY1,대전,환경/소방/재난안전,오염관리,기후대기,저공해차 보급확대
SURVEY1,대전,환경/소방/재난안전,오염관리,기후대기,탄소중립 이행체계 구축
SURVEY1,대전,환경/소방/재난안전,오염관리,물관리,수질유해물질 배출량 저감
SURVEY1,대전,환경/소방/재난안전,오염관리,물관리,제2취수탑 건설
SURVEY1,대전,환경/소방/재난안전,오염관리,물관리,하수처리장 증설 및 개량
SURVEY1,대전,환경/소방/재난안전,오염관리,폐기물,폐기물 부담금 신설
SURVEY1,대전,환경/소방/재난안전,오염관리,폐기물,폐기물 재활용 활성화
SURVEY1,대전,환경/소방/재난안전,오염관리,폐기물,폐기물 처리시설 확충
SURVEY1,대전,환경/소방/재난안전,환경관리,공원,3대 하천 수변공원 조성
SURVEY1,대전,환경/소방/재난안전,환경관리,공원,노후 도심공원 개발
SURVEY1,대전,환경/소방/재난안전,환경관리,공원,도시숲 공원 조성
SURVEY1,대전,환경/소방/재난안전,환경관리,산림녹지,중부권 그린뉴딜 추진
SURVEY1,대전,환경/소방/재난안전,환경관리,산림녹지,회덕동 그린벨트 해제
SURVEY1,대전,환경/소방/재난안전,환경관리,산림녹지,힐링 숲 조성
SURVEY1,대전,환경/소방/재난안전,환경관리,자원순환,미세플라스틱 저감
SURVEY1,대전,환경/소방/재난안전,환경관리,자원순환,신재생 에너지 사용 확대
SURVEY1,대전,환경/소방/재난안전,환경관리,자원순환,업사이클 지원
SURVEY1,대전,사회복지/문화/여성가족/건강/보건,복지,노인,경로당 개편
SURVEY1,대전,사회복지/문화/여성가족/건강/보건,복지,노인,노인생활체육
SURVEY1,대전,사회복지/문화/여성가족/건강/보건,복지,노인,노인전문병원 및 치매병원 설치
SURVEY1,대전,사회복지/문화/여성가족/건강/보건,복지,노인,평생교육
SURVEY1,대전,사회복지/문화/여성가족/건강/보건,복지,아동여성청소년,국공립어린이집 확대
SURVEY1,대전,사회복지/문화/여성가족/건강/보건,복지,아동여성청소년,무상아침급식
SURVEY1,대전,사회복지/문화/여성가족/건강/보건,복지,아동여성청소년,생리대지원
SURVEY1,대전,사회복지/문화/여성가족/건강/보건,복지,장애인/이주민,장애인복지지설 확대
SURVEY1,대전,사회복지/문화/여성가족/건강/보건,복지,장애인/이주민,장애인일자리확대
SURVEY1,대전,사회복지/문화/여성가족/건강/보건,복지,장애인/이주민,저상버스 보급 확대
SURVEY1,대전,사회복지/문화/여성가족/건강/보건,보건,공공의료,공공 어린이재활병원 운영
SURVEY1,대전,사회복지/문화/여성가족/건강/보건,보건,공공의료,공공의료 불균형 해소
SURVEY1,대전,사회복지/문화/여성가족/건강/보건,보건,공공의료,대전의료원 건립
SURVEY1,대전,사회복지/문화/여성가족/건강/보건,보건,보건위생/감염병,무료예방접종 도입
SURVEY1,대전,사회복지/문화/여성가족/건강/보건,보건,보건위생/감염병,지역건강 돌봄시스템 구축
SURVEY1,대전,사회복지/문화/여성가족/건강/보건,보건,보건위생/감염병,지역의료보건체계 구축
SURVEY1,대전,사회복지/문화/여성가족/건강/보건,보건,저출산,공공산후조리원  설립
SURVEY1,대전,사회복지/문화/여성가족/건강/보건,보건,저출산,분만인프라 구축
SURVEY1,대전,사회복지/문화/여성가족/건강/보건,보건,저출산,육아 기본수당 확대
SURVEY1,대전,사회복지/문화/여성가족/건강/보건,문화관광체육,관광,K-관광컨텐츠 개발
SURVEY1,대전,사회복지/문화/여성가족/건강/보건,문화관광체육,관광,대청호 주변지역 활성화
SURVEY1,대전,사회복지/문화/여성가족/건강/보건,문화관광체육,관광,보문산 개발
SURVEY1,대전,사회복지/문화/여성가족/건강/보건,문화관광체육,문화예술/유산,국가 메모리얼 파크 조성
SURVEY1,대전,사회복지/문화/여성가족/건강/보건,문화관광체육,문화예술/유산,국립현대미술관 대전관 조성
SURVEY1,대전,사회복지/문화/여성가족/건강/보건,문화관광체육,문화예술/유산,융복합 특수영상 콘텐츠 클러스터 조성
SURVEY1,대전,사회복지/문화/여성가족/건강/보건,문화관광체육,문화예술/유산,전통문화 계승홍보
SURVEY1,대전,사회복지/문화/여성가족/건강/보건,문화관광체육,체육,국제스포츠대회 유치
SURVEY1,대전,사회복지/문화/여성가족/건강/보건,문화관광체육,체육,베이스볼 드림파크 조성
SURVEY1,대전,사회복지/문화/여성가족/건강/보건,문화관광체육,체육,서남부 종합스포츠타운 건설
SURVEY1,대전,사회복지/문화/여성가족/건강/보건,문화관광체육,체육,중부권 메가스포츠 콤플렉스 조성
SURVEY1,대전,사회복지/문화/여성가족/건강/보건,문화관광체육,체육,지역체육 공동체화
SURVEY1,대전,산업/경제,경제,민생경제,1인 가구 지원
SURVEY1,대전,산업/경제,경제,민생경제,공공형 천원택시 활성화
SURVEY1,대전,산업/경제,경제,민생경제,중소영세 자영업자 생계 지원
SURVEY1,대전,산업/경제,경제,민생경제,코로나 손실보상
SURVEY1,대전,산업/경제,경제,사회적경제,대전 지역화폐 온통대전 확대
SURVEY1,대전,산업/경제,경제,사회적경제,마을공동체 육성
SURVEY1,대전,산업/경제,경제,사회적경제,사회적경제 공제조합 육성
SURVEY1,대전,산업/경제,경제,사회적경제,사회적기업 제품 전시 및 공동판매장 설치
SURVEY1,대전,산업/경제,경제,일자리,고령친화적사업장구축
SURVEY1,대전,산업/경제,경제,일자리,대전산안 청년 창업 기지화
SURVEY1,대전,산업/경제,경제,일자리,지역인재채용
SURVEY1,대전,산업/경제,경제,일자리,청년고용할당
SURVEY1,대전,산업/경제,경제성장,경제활성화,온통대전(지역화폐) 활성화
SURVEY1,대전,산업/경제,경제성장,경제활성화,전문 벤처 투자은행 설립
SURVEY1,대전,산업/경제,경제성장,경제활성화,충청권 지역은행 설립
SURVEY1,대전,산업/경제,경제성장,기업지원,마중물 플라자 건설
SURVEY1,대전,산업/경제,경제성장,기업지원,소상공인 전문 연수원 건립
SURVEY1,대전,산업/경제,경제성장,기업지원,신기술판로개척 지원
SURVEY1,대전,산업/경제,경제성장,산업단지,대전산단 대개조 추진
SURVEY1,대전,산업/경제,경제성장,산업단지,중원 신산업벨트 구축
SURVEY1,대전,산업/경제,경제성장,산업단지,충청권 첨단 신기술단지 조성
SURVEY1,대전,산업/경제,미래산업,바이오산업,바이오 제조 혁신기반 조성
SURVEY1,대전,산업/경제,미래산업,바이오산업,바이오 창업 육성
SURVEY1,대전,산업/경제,미래산업,바이오산업,유전자 빅데이터
SURVEY1,대전,산업/경제,미래산업,산업구조개편,내륙첨단산업권발전계획 추진
SURVEY1,대전,산업/경제,미래산업,산업구조개편,대덕특구 재창조
SURVEY1,대전,산업/경제,미래산업,산업구조개편,대전산업단지 고도화
SURVEY1,대전,산업/경제,미래산업,우주국방산업,방산기술 사업화
SURVEY1,대전,산업/경제,미래산업,우주국방산업,방위산업 패러다임 전환
SURVEY1,대전,산업/경제,미래산업,우주국방산업,우주국방중소벤처진흥원 설립
SURVEY1,대전,산업/경제,미래산업,우주국방산업,항공우주청설립
SURVEY1,울산,도시/지역발전,주택/건축/생활시설,건축,개발제한구역 개편
SURVEY1,울산,도시/지역발전,주택/건축/생활시설,건축,노후 단독주택 리모델링 지원
SURVEY1,울산,도시/지역발전,주택/건축/생활시설,건축,재개발/재건축 규제 완화
SURVEY1,울산,도시/지역발전,주택/건축/생활시설,생활시설,가로등
SURVEY1,울산,도시/지역발전,주택/건축/생활시설,생활시설,공영주차장 설치/증축
SURVEY1,울산,도시/지역발전,주택/건축/생활시설,생활시설,도색 등)
SURVEY1,울산,도시/지역발전,주택/건축/생활시설,생활시설,도시가스 공급 확대
SURVEY1,울산,도시/지역발전,주택/건축/생활시설,생활시설,상습침수지역 하수관로 정비
SURVEY1,울산,도시/지역발전,주택/건축/생활시설,생활시설,생활 기반시설 정비/확충(아파트 단지 도로
SURVEY1,울산,도시/지역발전,주택/건축/생활시설,생활시설,주거환경 개선
SURVEY1,울산,도시/지역발전,주택/건축/생활시설,주택,사회초년생 행복임대주택
SURVEY1,울산,도시/지역발전,주택/건축/생활시설,주택,신혼부부 행복임대주택
SURVEY1,울산,도시/지역발전,주택/건축/생활시설,주택,어르신 공공임대주택
SURVEY1,울산,도시/지역발전,주택/건축/생활시설,주택,청년 공공임대주택
SURVEY1,울산,도시/지역발전,주택/건축/생활시설,주택,한센인 마을 환경 재정비/양로주택 건립
SURVEY1,울산,도시/지역발전,도로 및 교통,광역교통(공항/철도/시외버스),고속열차/광역철도 노선 신설
SURVEY1,울산,도시/지역발전,도로 및 교통,광역교통(공항/철도/시외버스),부울경 광역철도망 구축
SURVEY1,울산,도시/지역발전,도로 및 교통,광역교통(공항/철도/시외버스),북구 시외고속버스터미널 건설
SURVEY1,울산,도시/지역발전,도로 및 교통,광역교통(공항/철도/시외버스),울산공항 확장
SURVEY1,울산,도시/지역발전,도로 및 교통,광역교통(공항/철도/시외버스),항공노선 추가 신설
SURVEY1,울산,도시/지역발전,도로 및 교통,도로계획/정비,울산외곽순환고속도로 건설
SURVEY1,울산,도시/지역발전,도로 및 교통,도로계획/정비,유료도로 통행료 무료화
SURVEY1,울산,도시/지역발전,도로 및 교통,도로계획/정비,자율주행 지능형도로(스마트도로) 건설
SURVEY1,울산,도시/지역발전,도로 및 교통,도로계획/정비,자전거도로 정비
SURVEY1,울산,도시/지역발전,도로 및 교통,도로계획/정비,제2명촌교 건설
SURVEY1,울산,도시/지역발전,도로 및 교통,도시대중교통(도시철도/시내버스/택시/트램),수소 트램 건설
SURVEY1,울산,도시/지역발전,도로 및 교통,도시대중교통(도시철도/시내버스/택시/트램),시내버스 준공영제 실시
SURVEY1,울산,도시/지역발전,도로 및 교통,도시대중교통(도시철도/시내버스/택시/트램),직통버스 노선 확대
SURVEY1,울산,도시/지역발전,도로 및 교통,도시대중교통(도시철도/시내버스/택시/트램),택시요금 카드수수료 지원 확대
SURVEY1,울산,도시/지역발전,도로 및 교통,도시대중교통(도시철도/시내버스/택시/트램),혁신도시 순환버스 신설
SURVEY1,울산,도시/지역발전,도시 계획 및 개발,도시개발,온양ㆍ웅촌ㆍ온산 도시개발
SURVEY1,울산,도시/지역발전,도시 계획 및 개발,도시개발,울산역 복합환승센터 정비
SURVEY1,울산,도시/지역발전,도시 계획 및 개발,도시개발,율리ㆍ일원 신도시 개발
SURVEY1,울산,도시/지역발전,도시 계획 및 개발,도시개발,전선지중화 사업 확대
SURVEY1,울산,도시/지역발전,도시 계획 및 개발,도시계획,공공기관 추가 이전
SURVEY1,울산,도시/지역발전,도시 계획 및 개발,도시계획,복합행정타운 건설
SURVEY1,울산,도시/지역발전,도시 계획 및 개발,도시계획,옥동 군부대 이전
SURVEY1,울산,도시/지역발전,도시 계획 및 개발,도시계획,울산정부합동청사 건립
SURVEY1,울산,도시/지역발전,도시 계획 및 개발,도시계획,제2혁신도시 유치
SURVEY1,울산,도시/지역발전,도시 계획 및 개발,지역발전,2030년 수소타운 건설
SURVEY1,울산,도시/지역발전,도시 계획 및 개발,지역발전,4차 산업혁명 선도도시 구축
SURVEY1,울산,도시/지역발전,도시 계획 및 개발,지역발전,미래형 스마트시티
SURVEY1,울산,도시/지역발전,도시 계획 및 개발,지역발전,부울경 메가시티
SURVEY1,울산,정치/행정자치,광역협력,광역서비스,동해남부선 배차 시간 단축
SURVEY1,울산,정치/행정자치,광역협력,광역서비스,부울경 광역환승할인제 도입
SURVEY1,울산,정치/행정자치,광역협력,광역서비스,울산역 복합환승센터 정비
SURVEY1,울산,정치/행정자치,광역협력,광역인프라,광역전철 연장
SURVEY1,울산,정치/행정자치,광역협력,광역인프라,동남권 순환철도 조기 완공
SURVEY1,울산,정치/행정자치,광역협력,광역인프라,부울경 광역철도망 건설
SURVEY1,울산,정치/행정자치,광역협력,광역인프라,태화강 고속열차/광역철도 신설
SURVEY1,울산,정치/행정자치,행정자치,감사,공익제보자 보호/보상 강화
SURVEY1,울산,정치/행정자치,행정자치,감사,대형공사시민감시관제도
SURVEY1,울산,정치/행정자치,행정자치,감사,반부패 청렴방 운영
SURVEY1,울산,정치/행정자치,행정자치,감사,사전컨설팅감사제도
SURVEY1,울산,정치/행정자치,행정자치,감사,적극행정면책제도 활성화
SURVEY1,울산,정치/행정자치,행정자치,감사,주민감사청구제도
SURVEY1,울산,정치/행정자치,행정자치,행정지원/협치,신고센터 운영(규제개혁/청탁금지법/예산낭비 등)
SURVEY1,울산,정치/행정자치,행정자치,행정지원/협치,울산시민아카데미 운영
SURVEY1,울산,정치/행정자치,행정자치,행정지원/협치,정책실명제
SURVEY1,울산,정치/행정자치,행정자치,행정지원/협치,주민자치위원회 활성화
SURVEY1,울산,환경/소방/재난안전,자원관리,공원,도심속 산림욕장(황방상공원) 조성
SURVEY1,울산,환경/소방/재난안전,자원관리,공원,반려동물 운동장/편의시설 확대  
SURVEY1,울산,환경/소방/재난안전,자원관리,공원,태화강 국가정원 지정/확대
SURVEY1,울산,환경/소방/재난안전,자원관리,산림녹지,국간산단 완충녹지 조성
SURVEY1,울산,환경/소방/재난안전,자원관리,산림녹지,유아숲 체험관 건립
SURVEY1,울산,환경/소방/재난안전,자원관리,산림녹지,함월 도담숲 조성
SURVEY1,울산,환경/소방/재난안전,자원관리,자원순환,산업배열 활용 슬러지 에너지화 사업
SURVEY1,울산,환경/소방/재난안전,자원관리,자원순환,스마트 재생에너지 개발
SURVEY1,울산,환경/소방/재난안전,자원관리,자원순환,에너지 브릿지 사업
SURVEY1,울산,환경/소방/재난안전,자원관리,자원순환,해수담수화 플랜트 사업
SURVEY1,울산,환경/소방/재난안전,자원관리,자원순환,해수자원화시스템 개발
SURVEY1,울산,환경/소방/재난안전,소방안전,안전총괄/소방,국제안전도시 인증추진
SURVEY1,울산,환경/소방/재난안전,소방안전,안전총괄/소방,소방안전 인프라 구축
SURVEY1,울산,환경/소방/재난안전,소방안전,안전총괄/소방,소방인력 증원
SURVEY1,울산,환경/소방/재난안전,소방안전,안전총괄/소방,소방장비 현대화
SURVEY1,울산,환경/소방/재난안전,소방안전,안전총괄/소방,안전 스마트시티 구축
SURVEY1,울산,환경/소방/재난안전,소방안전,안전총괄/소방,안전시설 확충
SURVEY1,울산,환경/소방/재난안전,소방안전,안전총괄/소방,안전안심먹거리체계 구축
SURVEY1,울산,환경/소방/재난안전,소방안전,원자력/산업안전,공단 유해화학물질 관리 · 감독 강화
SURVEY1,울산,환경/소방/재난안전,소방안전,원자력/산업안전,방사선 비상계획구역 원전지원금 지급
SURVEY1,울산,환경/소방/재난안전,소방안전,원자력/산업안전,원자력시설 해체 종합연구센터 설립
SURVEY1,울산,환경/소방/재난안전,소방안전,원자력/산업안전,원자력안전기술단지 설립
SURVEY1,울산,환경/소방/재난안전,소방안전,재난 관리,국가산단 특수재난 안전훈련센터 건립
SURVEY1,울산,환경/소방/재난안전,소방안전,재난 관리,국립지진방재센터 설립
SURVEY1,울산,환경/소방/재난안전,소방안전,재난 관리,재난안전체험관 건립
SURVEY1,울산,환경/소방/재난안전,소방안전,재난 관리,재해/재난관리 클러스터 조성
SURVEY1,울산,환경/소방/재난안전,환경정책/오염관리,기후대기,공기정화도시 조성
SURVEY1,울산,환경/소방/재난안전,환경정책/오염관리,기후대기,동남대기환경청 건립
SURVEY1,울산,환경/소방/재난안전,환경정책/오염관리,기후대기,온실가스 감축 모니터링 시스템 구축
SURVEY1,울산,환경/소방/재난안전,환경정책/오염관리,기후대기,울산기상대 승격
SURVEY1,울산,환경/소방/재난안전,환경정책/오염관리,기후대기,유해 물질 측정소 확대
SURVEY1,울산,환경/소방/재난안전,환경정책/오염관리,기후대기,친환경 수소차 혜택 확대
SURVEY1,울산,환경/소방/재난안전,환경정책/오염관리,물관리,고품질 수돗물/맑은물 공급
SURVEY1,울산,환경/소방/재난안전,환경정책/오염관리,물관리,명정천 정비
SURVEY1,울산,환경/소방/재난안전,환경정책/오염관리,물관리,물순환 생태 선도도시 시범사업
SURVEY1,울산,환경/소방/재난안전,환경정책/오염관리,물관리,상수도시설 확충
SURVEY1,울산,환경/소방/재난안전,환경정책/오염관리,물관리,하수처리시설 인프라 확충
SURVEY1,울산,환경/소방/재난안전,환경정책/오염관리,환경정책,드론 이용 예찰활동 강화
SURVEY1,울산,환경/소방/재난안전,환경정책/오염관리,환경정책,수질 오염예방 모니터링
SURVEY1,울산,환경/소방/재난안전,환경정책/오염관리,환경정책,수질개선 사업
SURVEY1,울산,환경/소방/재난안전,환경정책/오염관리,환경정책,시민환경교육
SURVEY1,울산,환경/소방/재난안전,환경정책/오염관리,환경정책,울산지속가능발전협의회 설치
SURVEY1,울산,환경/소방/재난안전,환경정책/오염관리,환경정책,자동차 탄소포인트제 운영
SURVEY1,울산,환경/소방/재난안전,환경정책/오염관리,환경정책,환경 교육 전문가 양성교육
SURVEY1,울산,사회복지/문화/여성가족/건강/보건,문화예술체육,관광진흥,국내(국제) e스포츠/당구대회 유치
SURVEY1,울산,사회복지/문화/여성가족/건강/보건,문화예술체육,관광진흥,반구대암각화 세계문화유산 등재/보존
SURVEY1,울산,사회복지/문화/여성가족/건강/보건,문화예술체육,관광진흥,영남알프스 국제산악관광거점지구 조성
SURVEY1,울산,사회복지/문화/여성가족/건강/보건,문화예술체육,관광진흥,태화강 국가정원  관광상품 개발
SURVEY1,울산,사회복지/문화/여성가족/건강/보건,문화예술체육,관광진흥,테마관광벨트 구축
SURVEY1,울산,사회복지/문화/여성가족/건강/보건,문화예술체육,관광진흥,해양레포츠관광특별지구 추진
SURVEY1,울산,사회복지/문화/여성가족/건강/보건,문화예술체육,문화예술,문화예술인 지원 강화
SURVEY1,울산,사회복지/문화/여성가족/건강/보건,문화예술체육,문화예술,복합문화아트홀 건립
SURVEY1,울산,사회복지/문화/여성가족/건강/보건,문화예술체육,문화예술,울산 아트페스티벌 개최
SURVEY1,울산,사회복지/문화/여성가족/건강/보건,문화예술체육,문화예술,지역거점형 콘텐츠기업 육셍센터 건립
SURVEY1,울산,사회복지/문화/여성가족/건강/보건,문화예술체육,체육진흥,강동 운동장/입화산 인공암벽 체험장 건립
SURVEY1,울산,사회복지/문화/여성가족/건강/보건,문화예술체육,체육진흥,대형 다목적 실내체육관 건립
SURVEY1,울산,사회복지/문화/여성가족/건강/보건,문화예술체육,체육진흥,생활체육동호회 지원 확대
SURVEY1,울산,사회복지/문화/여성가족/건강/보건,문화예술체육,체육진흥,야구장 건립
SURVEY1,울산,사회복지/문화/여성가족/건강/보건,문화예술체육,체육진흥,지역 거점별 생활체육시설 확충
SURVEY1,울산,사회복지/문화/여성가족/건강/보건,사회복지/보건의료,건강도시/감염병 관리,감염병 공공전문병원 설립
SURVEY1,울산,사회복지/문화/여성가족/건강/보건,사회복지/보건의료,건강도시/감염병 관리,건강/위생/안전 상설교육센터 설치
SURVEY1,울산,사회복지/문화/여성가족/건강/보건,사회복지/보건의료,건강도시/감염병 관리,국민건강인센티브제 도입
SURVEY1,울산,사회복지/문화/여성가족/건강/보건,사회복지/보건의료,건강도시/감염병 관리,시민맞춤형 건강서비스 확대
SURVEY1,울산,사회복지/문화/여성가족/건강/보건,사회복지/보건의료,건강도시/감염병 관리,코로나19 회복 지원
SURVEY1,울산,사회복지/문화/여성가족/건강/보건,사회복지/보건의료,보건의료,감염병 전문병원 확충
SURVEY1,울산,사회복지/문화/여성가족/건강/보건,사회복지/보건의료,보건의료,남부권역 응급의료체계 구축
SURVEY1,울산,사회복지/문화/여성가족/건강/보건,사회복지/보건의료,보건의료,도심권 상급종합병원(제2울산대병원) 건립
SURVEY1,울산,사회복지/문화/여성가족/건강/보건,사회복지/보건의료,보건의료,울산의료원 조속 설립
SURVEY1,울산,사회복지/문화/여성가족/건강/보건,사회복지/보건의료,보건의료,의료복합타운 건설
SURVEY1,울산,사회복지/문화/여성가족/건강/보건,사회복지/보건의료,특수복지,노인복지관/공공실버하우스 건립
SURVEY1,울산,사회복지/문화/여성가족/건강/보건,사회복지/보건의료,특수복지,시니어 취업지원서비스
SURVEY1,울산,사회복지/문화/여성가족/건강/보건,사회복지/보건의료,특수복지,장애인 거주시설 확충
SURVEY1,울산,사회복지/문화/여성가족/건강/보건,사회복지/보건의료,특수복지,장애인 일자리 확대
SURVEY1,울산,사회복지/문화/여성가족/건강/보건,사회복지/보건의료,특수복지,장애인 특별교통수단 확충
SURVEY1,울산,사회복지/문화/여성가족/건강/보건,사회복지/보건의료,특수복지,장애인훈련센터 설립
SURVEY1,울산,사회복지/문화/여성가족/건강/보건,여성가족/교육/다문화,교육/다문화,공공도서관 건립
SURVEY1,울산,사회복지/문화/여성가족/건강/보건,여성가족/교육/다문화,교육/다문화,다문화 가정/외국인 이주가정 울타리 제공
SURVEY1,울산,사회복지/문화/여성가족/건강/보건,여성가족/교육/다문화,교육/다문화,다문화가족 일자리 교육프로그램 운영
SURVEY1,울산,사회복지/문화/여성가족/건강/보건,여성가족/교육/다문화,교육/다문화,종합대학 유치
SURVEY1,울산,사회복지/문화/여성가족/건강/보건,여성가족/교육/다문화,교육/다문화,혁신교육 지원센터 설립
SURVEY1,울산,사회복지/문화/여성가족/건강/보건,여성가족/교육/다문화,아동청소년,무료급식지원
SURVEY1,울산,사회복지/문화/여성가족/건강/보건,여성가족/교육/다문화,아동청소년,아동학대 예방시스템 운영
SURVEY1,울산,사회복지/문화/여성가족/건강/보건,여성가족/교육/다문화,아동청소년,울산어린이회관 건립
SURVEY1,울산,사회복지/문화/여성가족/건강/보건,여성가족/교육/다문화,아동청소년,중고교생 무상교복/고교무상급식
SURVEY1,울산,사회복지/문화/여성가족/건강/보건,여성가족/교육/다문화,아동청소년,청소년문화센터 건립
SURVEY1,울산,사회복지/문화/여성가족/건강/보건,여성가족/교육/다문화,아동청소년,학교밖청소년지원센터
SURVEY1,울산,사회복지/문화/여성가족/건강/보건,여성가족/교육/다문화,여성가족/출산보육,경력단절여성 지원
SURVEY1,울산,사회복지/문화/여성가족/건강/보건,여성가족/교육/다문화,여성가족/출산보육,공공산후조리원 설립
SURVEY1,울산,사회복지/문화/여성가족/건강/보건,여성가족/교육/다문화,여성가족/출산보육,국공립/공공형 어린이집 확충
SURVEY1,울산,사회복지/문화/여성가족/건강/보건,여성가족/교육/다문화,여성가족/출산보육,여성 일자리센터 설립
SURVEY1,울산,사회복지/문화/여성가족/건강/보건,여성가족/교육/다문화,여성가족/출산보육,여성폭력 근절
SURVEY1,울산,사회복지/문화/여성가족/건강/보건,여성가족/교육/다문화,여성가족/출산보육,육아종합지원센터 확대
SURVEY1,울산,사회복지/문화/여성가족/건강/보건,여성가족/교육/다문화,여성가족/출산보육,출산지원금/출산장려금 지원 확대
SURVEY1,울산,산업/경제,경제/일자리,공공일자리/사회적 경제,사회적기업/마을기업 창업 지원 확대
SURVEY1,울산,산업/경제,경제/일자리,공공일자리/사회적 경제,울산형 일자리 10만개 창출
SURVEY1,울산,산업/경제,경제/일자리,공공일자리/사회적 경제,일자리 정보 제공
SURVEY1,울산,산업/경제,경제/일자리,공공일자리/사회적 경제,장애인 일자리 확대
SURVEY1,울산,산업/경제,경제/일자리,공공일자리/사회적 경제,협동조합 설립 교육/지원
SURVEY1,울산,산업/경제,경제/일자리,소상공인/자영업자/노동자 지원,공동물류/마케팅 플랫폼 구축
SURVEY1,울산,산업/경제,경제/일자리,소상공인/자영업자/노동자 지원,노동/일자리 거버넌스 협치 구축
SURVEY1,울산,산업/경제,경제/일자리,소상공인/자영업자/노동자 지원,소상공인 적합 업종 발굴
SURVEY1,울산,산업/경제,경제/일자리,소상공인/자영업자/노동자 지원,특수고용 노동자 산재보험 적용대상 확대
SURVEY1,울산,산업/경제,경제/일자리,소상공인/자영업자/노동자 지원,하청노동자 노동3권 보장
SURVEY1,울산,산업/경제,경제/일자리,일자리/창업,기업지원종합비즈니스센터 육성
SURVEY1,울산,산업/경제,경제/일자리,일자리/창업,여성일자리공감센터 설치
SURVEY1,울산,산업/경제,경제/일자리,일자리/창업,중장년/퇴직자 일자리 지원센터 설치
SURVEY1,울산,산업/경제,경제/일자리,일자리/창업,창업센터/스타트업 지원센터 설립
SURVEY1,울산,산업/경제,경제/일자리,일자리/창업,청년 취창업 생태계 구축
SURVEY1,울산,산업/경제,산업,에너지산업,동북아 오일허브 인프라 구축
SURVEY1,울산,산업/경제,산업,에너지산업,부유식 해상풍력 제조연구단지 조성
SURVEY1,울산,산업/경제,산업,에너지산업,수소에너지 클러스터 조성
SURVEY1,울산,산업/경제,산업,에너지산업,스마트 재생에너지 메카 건설
SURVEY1,울산,산업/경제,산업,에너지산업,해수자원화시스템 개발
SURVEY1,울산,산업/경제,산업,해양농수산,농수산물도매시장 현대화
SURVEY1,울산,산업/경제,산업,해양농수산,농촌 6차산업 연구지원센터 건립
SURVEY1,울산,산업/경제,산업,해양농수산,스마트팜 및 귀촌/귀농 활성화
SURVEY1,울산,산업/경제,산업,해양농수산,조선/해양플랜트산업 육성
SURVEY1,울산,산업/경제,산업,해양농수산,지방어항/마을공동어항 정비
SURVEY1,울산,산업/경제,산업,혁신산업,인공지능센터/데이터센터 유치
SURVEY1,울산,산업/경제,산업,혁신산업,자율주행 자동차 시험장 구축
SURVEY1,울산,산업/경제,산업,혁신산업,지능형 미래자동차산업 육성
SURVEY1,울산,산업/경제,산업,혁신산업,첨단 스마트 시티/혁신도시/국가산업단지 조성
SURVEY1,울산,산업/경제,기업/투자/금융,미래기술,3D프린팅산업 허브도시 구축
SURVEY1,울산,산업/경제,기업/투자/금융,미래기술,국립산업기술박물관 건립/영남권 숙련기술원 유치
SURVEY1,울산,산업/경제,기업/투자/금융,미래기술,바이오메디컬 신산업 육성
SURVEY1,울산,산업/경제,기업/투자/금융,미래기술,수소에너지 클러스터 조성
SURVEY1,울산,산업/경제,기업/투자/금융,미래기술,울산 도심항공모빌리티(UAM) 클러스터 조성
SURVEY1,울산,산업/경제,기업/투자/금융,민자유치,신소재 화학산업 육성
SURVEY1,울산,산업/경제,기업/투자/금융,민자유치,울산경제자유구역 지정
SURVEY1,울산,산업/경제,기업/투자/금융,민자유치,원전해체 연관산업 육성
SURVEY1,울산,산업/경제,기업/투자/금융,민자유치,일레트로겐오토밸리/수소산업거점/R&D비즈니스밸리 경제자유구역 지정
SURVEY1,울산,산업/경제,기업/투자/금융,투자활성화,4차 산업혁명 선도도시 센서벨리 조성
SURVEY1,울산,산업/경제,기업/투자/금융,투자활성화,세계최대 수소타운 건설
SURVEY1,울산,산업/경제,기업/투자/금융,투자활성화,스마트 팩토리 시범도시 구축
SURVEY1,울산,산업/경제,기업/투자/금융,투자활성화,지능형 미래자동차 Hi-tech 밸리 조성
SURVEY1,울산,산업/경제,기업/투자/금융,투자활성화,첨단과학 중심의 U-valley 조성
SURVEY1,세종,도시/지역발전,주거,시설계획,대통령 세종집무실 설치
SURVEY1,세종,도시/지역발전,주거,시설계획,방사선 의과학융합산업 클러스터 구축
SURVEY1,세종,도시/지역발전,주거,시설계획,중입자가속기 암치료센터
SURVEY1,세종,도시/지역발전,주거,주거재생,1인가구 반값 임대주택
SURVEY1,세종,도시/지역발전,주거,주거재생,공동주택 민관관리
SURVEY1,세종,도시/지역발전,주거,주거재생,도시숲
SURVEY1,세종,도시/지역발전,주거,주거재생,조치원 원도심 활성화
SURVEY1,세종,도시/지역발전,주거,주거재생,청년기본주택
SURVEY1,세종,도시/지역발전,주거,토지관리,부동산 규제완화
SURVEY1,세종,도시/지역발전,주거,토지관리,부동산 투기 근절
SURVEY1,세종,도시/지역발전,주거,토지관리,초과이익환수
SURVEY1,세종,도시/지역발전,도로/교통,대중교통,간선급행버스(BRT) 요금할인
SURVEY1,세종,도시/지역발전,도로/교통,대중교통,버스공영제
SURVEY1,세종,도시/지역발전,도로/교통,대중교통,출퇴근 시간 광역버스 확충
SURVEY1,세종,도시/지역발전,도로/교통,대중교통,택시 증차
SURVEY1,세종,도시/지역발전,도로/교통,도로/건설,북세종 IC
SURVEY1,세종,도시/지역발전,도로/교통,도로/건설,세종·서울 고속도로 조기 완공
SURVEY1,세종,도시/지역발전,도로/교통,도로/건설,세종·안성구간 6차선
SURVEY1,세종,도시/지역발전,도로/교통,도로/건설,세종·청주 간 고속도로 조기 착공
SURVEY1,세종,도시/지역발전,도로/교통,도로/건설,첫마을 IC
SURVEY1,세종,도시/지역발전,도로/교통,철도/항공,KTX 세종역
SURVEY1,세종,도시/지역발전,도로/교통,철도/항공,수도권 전철 조치원 연장
SURVEY1,세종,도시/지역발전,도로/교통,철도/항공,충청권 광역철도망
SURVEY1,세종,도시/지역발전,도로/교통,철도/항공,취약지역 지선노선 확대
SURVEY1,세종,도시/지역발전,지역발전,국제협력,국제회의 개최
SURVEY1,세종,도시/지역발전,지역발전,국제협력,남북도시협력
SURVEY1,세종,도시/지역발전,지역발전,국제협력,도시외교
SURVEY1,세종,도시/지역발전,지역발전,지역균형,고향세법
SURVEY1,세종,도시/지역발전,지역발전,지역균형,지역균형발전 특별회계 확대
SURVEY1,세종,도시/지역발전,지역발전,지역균형,행복도시법 세종 전체 적용
SURVEY1,세종,도시/지역발전,지역발전,지역정책,공공빅데이터 산업도시
SURVEY1,세종,도시/지역발전,지역발전,지역정책,청춘조치원2(조치원대학로거리) 조성
SURVEY1,세종,도시/지역발전,지역발전,지역정책,충청권메가시티 스마트헬스시티
SURVEY1,세종,환경/소방/재난안전,소방/시민안전,사회재난,부실공사방지
SURVEY1,세종,환경/소방/재난안전,소방/시민안전,사회재난,사회재난기금
SURVEY1,세종,환경/소방/재난안전,소방/시민안전,사회재난,산업재해대책
SURVEY1,세종,환경/소방/재난안전,소방/시민안전,안전/치안,교통사고 안전 거리 조성
SURVEY1,세종,환경/소방/재난안전,소방/시민안전,안전/치안,범죄예방
SURVEY1,세종,환경/소방/재난안전,소방/시민안전,안전/치안,사이버안보
SURVEY1,세종,환경/소방/재난안전,소방/시민안전,안전/치안,안전한 먹거리
SURVEY1,세종,환경/소방/재난안전,소방/시민안전,안전/치안,치안
SURVEY1,세종,환경/소방/재난안전,소방/시민안전,안전/치안,학교안전
SURVEY1,세종,환경/소방/재난안전,소방/시민안전,자연재난,산업재해대책
SURVEY1,세종,환경/소방/재난안전,소방/시민안전,자연재난,소방인력·장비 확충
SURVEY1,세종,환경/소방/재난안전,소방/시민안전,자연재난,재난 대비 안심 보육
SURVEY1,세종,환경/소방/재난안전,소방/시민안전,자연재난,재난신속대응
SURVEY1,세종,환경/소방/재난안전,환경보전,대기보전,미세먼지대책
SURVEY1,세종,환경/소방/재난안전,환경보전,대기보전,자전거도시
SURVEY1,세종,환경/소방/재난안전,환경보전,대기보전,전기차보급
SURVEY1,세종,환경/소방/재난안전,환경보전,대기보전,친환경버스
SURVEY1,세종,환경/소방/재난안전,환경보전,대기보전,탄소중립
SURVEY1,세종,환경/소방/재난안전,환경보전,수질환경/하수,도심 물관리 시스템
SURVEY1,세종,환경/소방/재난안전,환경보전,수질환경/하수,도심하천 국가관리
SURVEY1,세종,환경/소방/재난안전,환경보전,수질환경/하수,상수원보전
SURVEY1,세종,환경/소방/재난안전,환경보전,자원순환/에너지,신재생에너지
SURVEY1,세종,환경/소방/재난안전,환경보전,자원순환/에너지,음식물 쓰레기처리 간편화
SURVEY1,세종,환경/소방/재난안전,환경보전,자원순환/에너지,재활용품 공공기관 의무구매
SURVEY1,세종,환경/소방/재난안전,환경보전,자원순환/에너지,저탄소 스마트산업단지 조성
SURVEY1,세종,환경/소방/재난안전,환경보전,자원순환/에너지,페기물 처리
SURVEY1,세종,사회복지/문화/여성가족/건강/보건,복지,노인/장애인,교통약자 이용권 확대
SURVEY1,세종,사회복지/문화/여성가족/건강/보건,복지,노인/장애인,노인공공근로
SURVEY1,세종,사회복지/문화/여성가족/건강/보건,복지,노인/장애인,장애인인권
SURVEY1,세종,사회복지/문화/여성가족/건강/보건,복지,노인/장애인,저상형 시내버스 확충
SURVEY1,세종,사회복지/문화/여성가족/건강/보건,복지,다문화,다문화교육 강화
SURVEY1,세종,사회복지/문화/여성가족/건강/보건,복지,다문화,외국인 아동 보육 지원
SURVEY1,세종,사회복지/문화/여성가족/건강/보건,복지,다문화,이주노동자 생활지원
SURVEY1,세종,사회복지/문화/여성가족/건강/보건,복지,다문화,체류정책 개선
SURVEY1,세종,사회복지/문화/여성가족/건강/보건,복지,여성/아동/청소년,금연
SURVEY1,세종,사회복지/문화/여성가족/건강/보건,복지,여성/아동/청소년,세종여성재단 설립
SURVEY1,세종,사회복지/문화/여성가족/건강/보건,복지,여성/아동/청소년,일-생활 균형
SURVEY1,세종,사회복지/문화/여성가족/건강/보건,복지,여성/아동/청소년,지역돌보미센터 강화
SURVEY1,세종,사회복지/문화/여성가족/건강/보건,보건,감염병/동물 관리,감염병 전문병원 확충
SURVEY1,세종,사회복지/문화/여성가족/건강/보건,보건,감염병/동물 관리,동물방역
SURVEY1,세종,사회복지/문화/여성가족/건강/보건,보건,감염병/동물 관리,반려동물 복지
SURVEY1,세종,사회복지/문화/여성가족/건강/보건,보건,감염병/동물 관리,반려동물 진료비 부담 완화
SURVEY1,세종,사회복지/문화/여성가족/건강/보건,보건,감염병/동물 관리,코로나19 피해지원
SURVEY1,세종,사회복지/문화/여성가족/건강/보건,보건,보건의료,건강보험료 개편
SURVEY1,세종,사회복지/문화/여성가족/건강/보건,보건,보건의료,어린이전문병원
SURVEY1,세종,사회복지/문화/여성가족/건강/보건,보건,보건의료,청소년 맞춤형 건강검진
SURVEY1,세종,사회복지/문화/여성가족/건강/보건,보건,저출산,공공산후조리원 확대
SURVEY1,세종,사회복지/문화/여성가족/건강/보건,보건,저출산,국공립어린이집 확대
SURVEY1,세종,사회복지/문화/여성가족/건강/보건,보건,저출산,아동무상의료
SURVEY1,세종,사회복지/문화/여성가족/건강/보건,보건,저출산,아이돌봄서비스 확충
SURVEY1,세종,사회복지/문화/여성가족/건강/보건,보건,저출산,육아휴직
SURVEY1,세종,사회복지/문화/여성가족/건강/보건,문화관광체육,관광,금강주변 관광
SURVEY1,세종,사회복지/문화/여성가족/건강/보건,문화관광체육,관광,수변공원 조성
SURVEY1,세종,사회복지/문화/여성가족/건강/보건,문화관광체육,관광,예술인 문화거리 조성
SURVEY1,세종,사회복지/문화/여성가족/건강/보건,문화관광체육,관광,콘텐츠·관광산업 경쟁력 강화
SURVEY1,세종,사회복지/문화/여성가족/건강/보건,문화관광체육,문화예술/유산,문화벨트조성
SURVEY1,세종,사회복지/문화/여성가족/건강/보건,문화관광체육,문화예술/유산,박물관단지
SURVEY1,세종,사회복지/문화/여성가족/건강/보건,문화관광체육,문화예술/유산,세종디지털미디어센터(DMC) 건립
SURVEY1,세종,사회복지/문화/여성가족/건강/보건,문화관광체육,문화예술/유산,현대미술관 유치
SURVEY1,세종,사회복지/문화/여성가족/건강/보건,문화관광체육,체육,돔구장 건설
SURVEY1,세종,사회복지/문화/여성가족/건강/보건,문화관광체육,체육,생활스포츠 인프라 확충
SURVEY1,세종,사회복지/문화/여성가족/건강/보건,문화관광체육,체육,지역체육 공동체화
SURVEY1,세종,사회복지/문화/여성가족/건강/보건,문화관광체육,체육,체육계 불공정 근절
SURVEY1,세종,산업/경제,노동,비정규직,공공부문 비정규직 정규직 전환
SURVEY1,세종,산업/경제,노동,비정규직,비정규직센터 설립
SURVEY1,세종,산업/경제,노동,비정규직,플랫폼노동자 노동권보장
SURVEY1,세종,산업/경제,노동,지방의회,전문성 향상
SURVEY1,세종,산업/경제,노동,지방의회,정책역량 강화
SURVEY1,세종,산업/경제,노동,지방의회,지방의회 다양화
SURVEY1,세종,산업/경제,노동,지방정부,독립적 감사위원회 설치
SURVEY1,세종,산업/경제,노동,지방정부,법제 개편
SURVEY1,세종,산업/경제,노동,지방정부,사무직 인사권 이양
SURVEY1,세종,산업/경제,노동,지방정부,입법역량 강화
SURVEY1,세종,산업/경제,노동,지방정부,재정독립성
SURVEY1,세종,산업/경제,노동,지역/노사,공공기관 노동이사제
SURVEY1,세종,산업/경제,노동,지역/노사,노사동반성장
SURVEY1,세종,산업/경제,노동,지역/노사,지역주민 의무고용
SURVEY1,세종,산업/경제,노동,지역/노사,채용공정성
SURVEY1,세종,산업/경제,노동,청년,중소기업 재직청년 지원
SURVEY1,세종,산업/경제,노동,청년,청년의무 고용할당제
SURVEY1,세종,산업/경제,노동,청년,청년취업 중소기업 장려
SURVEY1,세종,산업/경제,자치,자치,자치경찰제 도입
SURVEY1,세종,산업/경제,자치,자치,자치단체역량 강화
SURVEY1,세종,산업/경제,자치,자치,자치분권 확대
SURVEY1,세종,산업/경제,자치,자치,자치입법권 확대
SURVEY1,세종,산업/경제,자치,주민,마을공동체법
SURVEY1,세종,산업/경제,자치,주민,시민 시정 참여제
SURVEY1,세종,산업/경제,자치,주민,시민입법플랫폼 도입
SURVEY1,세종,산업/경제,자치,주민,주민자치회 직선제
SURVEY1,세종,산업/경제,자치,주민,주민투표제
SURVEY1,세종,산업/경제,행정,교육행정,국립행정대학원 설립
SURVEY1,세종,산업/경제,행정,교육행정,무상교육 확대
SURVEY1,세종,산업/경제,행정,교육행정,세종공동캠퍼스 조기 개원
SURVEY1,세종,산업/경제,행정,교육행정,유치원·어린이집 통합
SURVEY1,세종,산업/경제,행정,교육행정,자립형인문시립고교 설립
SURVEY1,세종,산업/경제,행정,균형발전,2단계 공공기관 이전
SURVEY1,세종,산업/경제,행정,균형발전,국세 차등 배분
SURVEY1,세종,산업/경제,행정,균형발전,세종의사당 조기 개원
SURVEY1,세종,산업/경제,행정,균형발전,수도권 규제 완화 즉각 중단
SURVEY1,세종,산업/경제,행정,균형발전,지방교부세율 현실화
SURVEY1,세종,산업/경제,행정,균형발전,행정수도 이전
SURVEY1,세종,산업/경제,행정,여성대표성확대,성별할당제
SURVEY1,세종,산업/경제,행정,여성대표성확대,양성평등 문화 확산
SURVEY1,세종,산업/경제,행정,여성대표성확대,여성정책 강화
SURVEY1,세종,산업/경제,경제,민생경제,상가공실
SURVEY1,세종,산업/경제,경제,민생경제,소상공인 보호
SURVEY1,세종,산업/경제,경제,민생경제,자영업자 고용보험지원
SURVEY1,세종,산업/경제,경제,민생경제,지역상권 보호
SURVEY1,세종,산업/경제,경제,민생경제,지역화폐
SURVEY1,세종,산업/경제,경제,사회적경제,마을기업 육성
SURVEY1,세종,산업/경제,경제,사회적경제,사회적경제 공제조합 육성
SURVEY1,세종,산업/경제,경제,사회적경제,사회적경제 인적자원 육성
SURVEY1,세종,산업/경제,경제,일자리,글로벌청년창업빌리지
SURVEY1,세종,산업/경제,경제,일자리,지역인재 할당제
SURVEY1,세종,산업/경제,경제,일자리,지역주민 의무고용
SURVEY1,세종,산업/경제,산업,농정,도농통합
SURVEY1,세종,산업/경제,산업,농정,도시농업 활성화
SURVEY1,세종,산업/경제,산업,농정,로컬푸드 확대
SURVEY1,세종,산업/경제,산업,산업진흥,국가혁신클러스터
SURVEY1,세종,산업/경제,산업,산업진흥,국제과학비즈니스벨트
SURVEY1,세종,산업/경제,산업,산업진흥,세종스마트국가산단
SURVEY1,세종,산업/경제,산업,투자진흥,규제완화
SURVEY1,세종,산업/경제,산업,투자진흥,대전-세종 경제자유구역 지정
SURVEY1,세종,산업/경제,산업,투자진흥,법인세 인하
SURVEY1,경기,도시/지역발전,주거,시설계획,미군 반환 공여지 개발
SURVEY1,경기,도시/지역발전,주거,시설계획,수원군공항 이전
SURVEY1,경기,도시/지역발전,주거,시설계획,전기자동차 충전인프라 확충
SURVEY1,경기,도시/지역발전,주거,주거재생,사회주택
SURVEY1,경기,도시/지역발전,주거,주거재생,신도시 인프라 확충
SURVEY1,경기,도시/지역발전,주거,주거재생,저소득층 공공임대주택
SURVEY1,경기,도시/지역발전,주거,주거재생,저소득층 전월세 보증지원
SURVEY1,경기,도시/지역발전,주거,주거재생,청년임대주택
SURVEY1,경기,도시/지역발전,주거,토지관리,부동산 규제완화
SURVEY1,경기,도시/지역발전,주거,토지관리,부동산 투기 근절
SURVEY1,경기,도시/지역발전,주거,토지관리,초과이익환수
SURVEY1,경기,도시/지역발전,도로/교통,대중교통,광역버스 준공영제
SURVEY1,경기,도시/지역발전,도로/교통,대중교통,마을버스 공영제
SURVEY1,경기,도시/지역발전,도로/교통,대중교통,전국대중교통 통합연계교통망
SURVEY1,경기,도시/지역발전,도로/교통,대중교통,택시 준대중교통 인정
SURVEY1,경기,도시/지역발전,도로/교통,대중교통,택시호출플랫폼 공정화
SURVEY1,경기,도시/지역발전,도로/교통,도로/건설,광역교통망 확충
SURVEY1,경기,도시/지역발전,도로/교통,도로/건설,접경지 간선 교통망 확충
SURVEY1,경기,도시/지역발전,도로/교통,도로/건설,제2외곽순환도로 구간확대
SURVEY1,경기,도시/지역발전,도로/교통,철도,GTX 연장
SURVEY1,경기,도시/지역발전,도로/교통,철도,GTX플러스 추가
SURVEY1,경기,도시/지역발전,도로/교통,철도,경전철 재구조화
SURVEY1,경기,도시/지역발전,도로/교통,철도,도심철도 지하화
SURVEY1,경기,도시/지역발전,도로/교통,철도,신분당선 연장
SURVEY1,경기,도시/지역발전,지역발전,국제협력,DMZ생태평화지구 조성
SURVEY1,경기,도시/지역발전,지역발전,국제협력,도시외교
SURVEY1,경기,도시/지역발전,지역발전,국제협력,통일경제특구
SURVEY1,경기,도시/지역발전,지역발전,지역균형,경기남북부 균형발전
SURVEY1,경기,도시/지역발전,지역발전,지역균형,경기북부 보상
SURVEY1,경기,도시/지역발전,지역발전,지역균형,접경지역 규제완화
SURVEY1,경기,도시/지역발전,지역발전,지역정책,고양파주 문화콘텐츠 클러스터
SURVEY1,경기,도시/지역발전,지역발전,지역정책,광명시흥 테크노밸리
SURVEY1,경기,도시/지역발전,지역발전,지역정책,구리남양주 테크노밸리
SURVEY1,경기,도시/지역발전,지역발전,지역정책,북부지역 친환경 에너지 산업
SURVEY1,경기,도시/지역발전,지역발전,지역정책,판교테크노밸리
SURVEY1,경기,정치/행정자치,자치,자치,자치단체역량 강화
SURVEY1,경기,정치/행정자치,자치,자치,자치분권 확대
SURVEY1,경기,정치/행정자치,자치,자치,자치입법권 확대
SURVEY1,경기,정치/행정자치,자치,주민,마을공동체법
SURVEY1,경기,정치/행정자치,자치,주민,시민입법플랫폼 도입
SURVEY1,경기,정치/행정자치,자치,주민,주민자치회 직선제
SURVEY1,경기,정치/행정자치,자치,주민,주민투표제
SURVEY1,경기,정치/행정자치,정치,지방의회,전문성 향상
SURVEY1,경기,정치/행정자치,정치,지방의회,정책역량 강화
SURVEY1,경기,정치/행정자치,정치,지방의회,지방의회 다양화
SURVEY1,경기,정치/행정자치,정치,지방정부,법제 개편
SURVEY1,경기,정치/행정자치,정치,지방정부,사무직 인사권 이양
SURVEY1,경기,정치/행정자치,정치,지방정부,입법역량 강화
SURVEY1,경기,정치/행정자치,정치,지방정부,재정독립성
SURVEY1,경기,정치/행정자치,정치,행정구역,경기남도-북도 분도
SURVEY1,경기,정치/행정자치,정치,행정구역,오산-수원-화성 상생생활권
SURVEY1,경기,정치/행정자치,정치,행정구역,행정구와 선거구 일치
SURVEY1,경기,정치/행정자치,행정,교육행정,공교육 강화
SURVEY1,경기,정치/행정자치,행정,교육행정,교육격차 해소
SURVEY1,경기,정치/행정자치,행정,교육행정,산업별 인력교육 강화
SURVEY1,경기,정치/행정자치,행정,교육행정,어린이집 급식 관리
SURVEY1,경기,정치/행정자치,행정,교육행정,중고등학교 신입생 무상교복
SURVEY1,경기,정치/행정자치,행정,균형발전,국세 차등 배분
SURVEY1,경기,정치/행정자치,행정,균형발전,지방교부세율 현실화
SURVEY1,경기,정치/행정자치,행정,균형발전,행정수도 이전
SURVEY1,경기,정치/행정자치,행정,여성대표성확대,성별할당제
SURVEY1,경기,정치/행정자치,행정,여성대표성확대,양성평등 문화 확산
SURVEY1,경기,정치/행정자치,행정,여성대표성확대,여성정책 강화
SURVEY1,경기,환경/소방/재난안전,소방/시민안전,사회재난,부실공사방지
SURVEY1,경기,환경/소방/재난안전,소방/시민안전,사회재난,사회재난기금
SURVEY1,경기,환경/소방/재난안전,소방/시민안전,사회재난,산업재해대책
SURVEY1,경기,환경/소방/재난안전,소방/시민안전,안전/치안,1인가구 밀접지역 범죄예방
SURVEY1,경기,환경/소방/재난안전,소방/시민안전,안전/치안,교통사고 안전 거리 조성
SURVEY1,경기,환경/소방/재난안전,소방/시민안전,안전/치안,안전한 먹거리
SURVEY1,경기,환경/소방/재난안전,소방/시민안전,안전/치안,주민밀착형 치안
SURVEY1,경기,환경/소방/재난안전,소방/시민안전,안전/치안,택시안전시스템 장착
SURVEY1,경기,환경/소방/재난안전,소방/시민안전,자연재난,산업재해대책
SURVEY1,경기,환경/소방/재난안전,소방/시민안전,자연재난,소방인력·장비 확충
SURVEY1,경기,환경/소방/재난안전,소방/시민안전,자연재난,재난신속대응
SURVEY1,경기,환경/소방/재난안전,환경보전,대기보전,그린뉴딜정책
SURVEY1,경기,환경/소방/재난안전,환경보전,대기보전,미세먼지 종합대책
SURVEY1,경기,환경/소방/재난안전,환경보전,대기보전,저탄소 스마트산업단지 조성
SURVEY1,경기,환경/소방/재난안전,환경보전,대기보전,친환경자동차
SURVEY1,경기,환경/소방/재난안전,환경보전,대기보전,탄소중립
SURVEY1,경기,환경/소방/재난안전,환경보전,수질환경/하수,도심 물관리 시스템
SURVEY1,경기,환경/소방/재난안전,환경보전,수질환경/하수,도심하천 국가관리
SURVEY1,경기,환경/소방/재난안전,환경보전,수질환경/하수,상수원보전
SURVEY1,경기,환경/소방/재난안전,환경보전,자원순환/에너지,쓰레기매립지 확보
SURVEY1,경기,환경/소방/재난안전,환경보전,자원순환/에너지,재생에너지
SURVEY1,경기,환경/소방/재난안전,환경보전,자원순환/에너지,재활용품 공공기관 의무구매
SURVEY1,경기,환경/소방/재난안전,환경보전,자원순환/에너지,전기차보급
SURVEY1,경기,환경/소방/재난안전,환경보전,자원순환/에너지,폐기물 처리
SURVEY1,경기,사회복지/문화/여성가족/건강/보건,복지,노인/장애인,공공실버복합타운 건설
SURVEY1,경기,사회복지/문화/여성가족/건강/보건,복지,노인/장애인,노인종합복지센터 확충
SURVEY1,경기,사회복지/문화/여성가족/건강/보건,복지,노인/장애인,어르신문화일자리
SURVEY1,경기,사회복지/문화/여성가족/건강/보건,복지,노인/장애인,장애인생활체육시설
SURVEY1,경기,사회복지/문화/여성가족/건강/보건,복지,노인/장애인,저상형 시내버스 시외고속버스 확대
SURVEY1,경기,사회복지/문화/여성가족/건강/보건,복지,다문화,다문화교육 강화
SURVEY1,경기,사회복지/문화/여성가족/건강/보건,복지,다문화,외국인 아동 보육 지원
SURVEY1,경기,사회복지/문화/여성가족/건강/보건,복지,다문화,이주노동자 생활지원
SURVEY1,경기,사회복지/문화/여성가족/건강/보건,복지,다문화,체류정책 개선
SURVEY1,경기,사회복지/문화/여성가족/건강/보건,복지,여성/아동/청소년,다자녀 장학금 확대
SURVEY1,경기,사회복지/문화/여성가족/건강/보건,복지,여성/아동/청소년,생애주기별 맞춤형 복지
SURVEY1,경기,사회복지/문화/여성가족/건강/보건,복지,여성/아동/청소년,중고등학교 신입생 무상교복
SURVEY1,경기,사회복지/문화/여성가족/건강/보건,복지,여성/아동/청소년,청년사회상속제
SURVEY1,경기,사회복지/문화/여성가족/건강/보건,복지,여성/아동/청소년,통신복지
SURVEY1,경기,사회복지/문화/여성가족/건강/보건,보건,감염병/동물 관리,감염병 전문병원 확충
SURVEY1,경기,사회복지/문화/여성가족/건강/보건,보건,감염병/동물 관리,반려동물 복지
SURVEY1,경기,사회복지/문화/여성가족/건강/보건,보건,감염병/동물 관리,반려동물 진료비 부담 완화
SURVEY1,경기,사회복지/문화/여성가족/건강/보건,보건,감염병/동물 관리,코로나19 피해지원
SURVEY1,경기,사회복지/문화/여성가족/건강/보건,보건,보건의료,건강주치의
SURVEY1,경기,사회복지/문화/여성가족/건강/보건,보건,보건의료,공공의료 지원
SURVEY1,경기,사회복지/문화/여성가족/건강/보건,보건,보건의료,보건의료인력 확대
SURVEY1,경기,사회복지/문화/여성가족/건강/보건,보건,보건의료,청소년 맞춤형 건강검진
SURVEY1,경기,사회복지/문화/여성가족/건강/보건,보건,보건의료,취약계층 의료접근성 강화
SURVEY1,경기,사회복지/문화/여성가족/건강/보건,보건,저출산,공공산후조리원 확대
SURVEY1,경기,사회복지/문화/여성가족/건강/보건,보건,저출산,국공립어린이집 확대
SURVEY1,경기,사회복지/문화/여성가족/건강/보건,보건,저출산,아이돌봄서비스 확충
SURVEY1,경기,사회복지/문화/여성가족/건강/보건,보건,저출산,육아휴직
SURVEY1,경기,사회복지/문화/여성가족/건강/보건,문화관광체육,관광,관광 전문 인력 양성
SURVEY1,경기,사회복지/문화/여성가족/건강/보건,문화관광체육,관광,근로자 휴가지원제도 확대
SURVEY1,경기,사회복지/문화/여성가족/건강/보건,문화관광체육,관광,디지털 기반 관광 인프라 건설
SURVEY1,경기,사회복지/문화/여성가족/건강/보건,문화관광체육,관광,여가관광권리 보장
SURVEY1,경기,사회복지/문화/여성가족/건강/보건,문화관광체육,관광,콘텐츠·관광산업 경쟁력 강화
SURVEY1,경기,사회복지/문화/여성가족/건강/보건,문화관광체육,문화예술/유산,문화예술계 불공정 근절
SURVEY1,경기,사회복지/문화/여성가족/건강/보건,문화관광체육,문화예술/유산,문화향유권 강화
SURVEY1,경기,사회복지/문화/여성가족/건강/보건,문화관광체육,문화예술/유산,제3국립현충원
SURVEY1,경기,사회복지/문화/여성가족/건강/보건,문화관광체육,문화예술/유산,참전유공자 명예수당 인상
SURVEY1,경기,사회복지/문화/여성가족/건강/보건,문화관광체육,체육,생활스포츠 인프라 확충
SURVEY1,경기,사회복지/문화/여성가족/건강/보건,문화관광체육,체육,지역체육 공동체화
SURVEY1,경기,사회복지/문화/여성가족/건강/보건,문화관광체육,체육,체육계 불공정 근절
SURVEY1,경기,산업/경제,노동,비정규직,공공기관 정규직 전환
SURVEY1,경기,산업/경제,노동,비정규직,비정규직 제로화
SURVEY1,경기,산업/경제,노동,비정규직,비정규직센터 설립
SURVEY1,경기,산업/경제,노동,지역/노사,경제민주화
SURVEY1,경기,산업/경제,노동,지역/노사,공공기관 노동이사제
SURVEY1,경기,산업/경제,노동,지역/노사,노사동반성장
SURVEY1,경기,산업/경제,노동,지역/노사,채용공정성
SURVEY1,경기,산업/경제,노동,청년,중소기업 재직청년 지원
SURVEY1,경기,산업/경제,노동,청년,청년공공기숙사
SURVEY1,경기,산업/경제,노동,청년,청년기본소득
SURVEY1,경기,산업/경제,노동,청년,청년의무 고용할당제
SURVEY1,경기,산업/경제,노동,청년,청년취업 중소기업 장려
SURVEY1,경기,산업/경제,경제,민생경제,골목상권보호
SURVEY1,경기,산업/경제,경제,민생경제,대형마트 입점총량제
SURVEY1,경기,산업/경제,경제,민생경제,자영업자 고용보험지원
SURVEY1,경기,산업/경제,경제,민생경제,조세정의 마련
SURVEY1,경기,산업/경제,경제,민생경제,지역화폐
SURVEY1,경기,산업/경제,경제,사회적경제,마을기업 육성
SURVEY1,경기,산업/경제,경제,사회적경제,사회적경제 공제조합 육성
SURVEY1,경기,산업/경제,경제,사회적경제,사회적경제 인적자원 육성
SURVEY1,경기,산업/경제,경제,일자리,스마트워크센터 설립
SURVEY1,경기,산업/경제,경제,일자리,여성일자리확충
SURVEY1,경기,산업/경제,경제,일자리,청년일자리 확대
SURVEY1,경기,산업/경제,산업,농정해양,농민소득 지원
SURVEY1,경기,산업/경제,산업,농정해양,농어촌공공병원
SURVEY1,경기,산업/경제,산업,농정해양,농업부문 조세감면 일몰기한 연장
SURVEY1,경기,산업/경제,산업,농정해양,농업재해보장법
SURVEY1,경기,산업/경제,산업,농정해양,스마트농업
SURVEY1,경기,산업/경제,산업,산업진흥,4차 산업기술 연구단지
SURVEY1,경기,산업/경제,산업,산업진흥,농식품 산업육성
SURVEY1,경기,산업/경제,산업,산업진흥,반도체허브
SURVEY1,경기,산업/경제,산업,산업진흥,주력산업 구조 고도화
SURVEY1,경기,산업/경제,산업,산업진흥,혁신클러스터
SURVEY1,경기,산업/경제,산업,투자진흥,경기디지털인재교육원
SURVEY1,경기,산업/경제,산업,투자진흥,규제완화
SURVEY1,경기,산업/경제,산업,투자진흥,법인세 인하
SURVEY1,강원,도시/지역발전,지역,인구감소대비,생활인구확대
SURVEY1,강원,도시/지역발전,지역,인구감소대비,일자리창출
SURVEY1,강원,도시/지역발전,지역,인구감소대비,청년인구유입
SURVEY1,강원,도시/지역발전,지역,지역발전,SOC 확충
SURVEY1,강원,도시/지역발전,지역,지역발전,군부대 통폐합
SURVEY1,강원,도시/지역발전,지역,지역발전,양양국제공항 활성화
SURVEY1,강원,도시/지역발전,지역,지역발전,접경지역 규제완화
SURVEY1,강원,도시/지역발전,지역,지역정책,개성공단 재개
SURVEY1,강원,도시/지역발전,지역,지역정책,국방클러스터 조성
SURVEY1,강원,도시/지역발전,지역,지역정책,남북경제협력
SURVEY1,강원,도시/지역발전,지역,지역정책,남북철도 연결
SURVEY1,강원,도시/지역발전,지역,지역정책,동해 평화관광특구
SURVEY1,강원,도시/지역발전,도로/교통,대중교통,공유 킥보드 및 자전거 도입
SURVEY1,강원,도시/지역발전,도로/교통,대중교통,농어촌 공영택시
SURVEY1,강원,도시/지역발전,도로/교통,대중교통,무상버스
SURVEY1,강원,도시/지역발전,도로/교통,도로,교통불균형 해소
SURVEY1,강원,도시/지역발전,도로/교통,도로,동서고속도로 건설
SURVEY1,강원,도시/지역발전,도로/교통,도로,한반도 평화도로 건설
SURVEY1,강원,도시/지역발전,도로/교통,철도,광역교통망 확충
SURVEY1,강원,도시/지역발전,도로/교통,철도,제2동서고속철도 건설
SURVEY1,강원,도시/지역발전,도로/교통,철도,철도 고속화 개량사업
SURVEY1,강원,도시/지역발전,도시정비/주거,도시재생,구도심 재생
SURVEY1,강원,도시/지역발전,도시정비/주거,도시재생,군 유휴부지 활용
SURVEY1,강원,도시/지역발전,도시정비/주거,도시재생,군납 생산기지 구축
SURVEY1,강원,도시/지역발전,도시정비/주거,도시재생,폐광지역 지원
SURVEY1,강원,도시/지역발전,도시정비/주거,도시정비,규제완화 및 철폐
SURVEY1,강원,도시/지역발전,도시정비/주거,도시정비,재개발/재건축 활성화
SURVEY1,강원,도시/지역발전,도시정비/주거,도시정비,전통시장 정비
SURVEY1,강원,도시/지역발전,도시정비/주거,주거 ,공공주택 건설
SURVEY1,강원,도시/지역발전,도시정비/주거,주거 ,임대주택 확충
SURVEY1,강원,도시/지역발전,도시정비/주거,주거 ,주거환경개선
SURVEY1,강원,정치/행정자치,정치,자치분권,강원평화특별자치도 지정
SURVEY1,강원,정치/행정자치,정치,자치분권,접경지역지원 특별법 제정
SURVEY1,강원,정치/행정자치,정치,자치분권,탄광지역특별법 제정
SURVEY1,강원,정치/행정자치,정치,지방정부/의회,도정혁신
SURVEY1,강원,정치/행정자치,정치,지방정부/의회,지방의회 역량 강화
SURVEY1,강원,정치/행정자치,정치,지방정부/의회,지방정부 재정자립도 강화
SURVEY1,강원,정치/행정자치,행정,균형발전,공공기관 추가이전
SURVEY1,강원,정치/행정자치,행정,균형발전,국방클러스터 조성
SURVEY1,강원,정치/행정자치,행정,균형발전,지방대학 지원
SURVEY1,강원,정치/행정자치,행정,균형발전,혁신도시 추가 지정
SURVEY1,강원,정치/행정자치,행정,행정혁신,공공기관 지역인재 의무채용
SURVEY1,강원,정치/행정자치,행정,행정혁신,미시령터널 공익처분
SURVEY1,강원,정치/행정자치,행정,행정혁신,지방정부 통합클라우드 플랫폼 구축
SURVEY1,강원,환경/소방/재난안전,소방안전,소방,동해안 산불방지시스템 운영
SURVEY1,강원,환경/소방/재난안전,소방안전,소방,소방공무원 근무여건 개선
SURVEY1,강원,환경/소방/재난안전,소방안전,소방,소방인프라(소방헬기) 확대
SURVEY1,강원,환경/소방/재난안전,소방안전,소방,소방청사 신개축
SURVEY1,강원,환경/소방/재난안전,소방안전,안전/치안,CCTV 설치
SURVEY1,강원,환경/소방/재난안전,소방안전,안전/치안,여성안심귀가서비스
SURVEY1,강원,환경/소방/재난안전,소방안전,안전/치안,코로나19 관련 위법
SURVEY1,강원,환경/소방/재난안전,소방안전,재난,빅데이터 기반 재난 정보시스템
SURVEY1,강원,환경/소방/재난안전,소방안전,재난,산불피해 보상
SURVEY1,강원,환경/소방/재난안전,소방안전,재난,환동해특수재난대응단 활성화
SURVEY1,강원,환경/소방/재난안전,오염관리,기후대기,강원도 탄소중립특구 조성
SURVEY1,강원,환경/소방/재난안전,오염관리,기후대기,미세먼지 저감
SURVEY1,강원,환경/소방/재난안전,오염관리,기후대기,저공해차 보급확대
SURVEY1,강원,환경/소방/재난안전,오염관리,물관리,수질개선
SURVEY1,강원,환경/소방/재난안전,오염관리,물관리,하수처리장 증설 및 개량
SURVEY1,강원,환경/소방/재난안전,오염관리,물관리,해양심층수 공공취수시설 설치
SURVEY1,강원,환경/소방/재난안전,오염관리,폐기물,폐기물 부담금 신설
SURVEY1,강원,환경/소방/재난안전,오염관리,폐기물,폐기물 재활용 활성화
SURVEY1,강원,환경/소방/재난안전,오염관리,폐기물,폐기물 처리시설 확충
SURVEY1,강원,환경/소방/재난안전,환경관리,공원,가리왕산 올림픽 국가정원 조성
SURVEY1,강원,환경/소방/재난안전,환경관리,공원,지속가능한 국립공원 관리체계 구축
SURVEY1,강원,환경/소방/재난안전,환경관리,공원,친환경 삭도 설치
SURVEY1,강원,환경/소방/재난안전,환경관리,산림녹지,대형산불 예방
SURVEY1,강원,환경/소방/재난안전,환경관리,산림녹지,사방사업 강화
SURVEY1,강원,환경/소방/재난안전,환경관리,산림녹지,산림유역관리사업 강화
SURVEY1,강원,환경/소방/재난안전,환경관리,산림녹지,산림휴양문화시설 확충
SURVEY1,강원,환경/소방/재난안전,환경관리,자원순환,동해안 부유식 해상풍력 발전단지 조성
SURVEY1,강원,환경/소방/재난안전,환경관리,자원순환,미세플라스틱 저감
SURVEY1,강원,환경/소방/재난안전,환경관리,자원순환,석탄화력발전소 폐쇄
SURVEY1,강원,환경/소방/재난안전,환경관리,자원순환,업사이클 지원
SURVEY1,강원,사회복지/문화/여성가족/건강/보건,복지,노인,경로당 개편
SURVEY1,강원,사회복지/문화/여성가족/건강/보건,복지,노인,노인생활체육
SURVEY1,강원,사회복지/문화/여성가족/건강/보건,복지,노인,노인전문병원 및 치매병원 설치
SURVEY1,강원,사회복지/문화/여성가족/건강/보건,복지,노인,평생교육
SURVEY1,강원,사회복지/문화/여성가족/건강/보건,복지,아동여성청소년,국공립어린이집 확대
SURVEY1,강원,사회복지/문화/여성가족/건강/보건,복지,아동여성청소년,무상아침급식
SURVEY1,강원,사회복지/문화/여성가족/건강/보건,복지,아동여성청소년,생리대지원
SURVEY1,강원,사회복지/문화/여성가족/건강/보건,복지,아동여성청소년,첨단 어린이 전용도서관 건립
SURVEY1,강원,사회복지/문화/여성가족/건강/보건,복지,장애인/이주민,장애인복지지설 확대
SURVEY1,강원,사회복지/문화/여성가족/건강/보건,복지,장애인/이주민,장애인일자리확대
SURVEY1,강원,사회복지/문화/여성가족/건강/보건,복지,장애인/이주민,저상버스 보급 확대
SURVEY1,강원,사회복지/문화/여성가족/건강/보건,보건,공공의료,마을 주치의 도입
SURVEY1,강원,사회복지/문화/여성가족/건강/보건,보건,공공의료,산부인과 및 소아과 유치
SURVEY1,강원,사회복지/문화/여성가족/건강/보건,보건,공공의료,이동형 방문진료 확대
SURVEY1,강원,사회복지/문화/여성가족/건강/보건,보건,공공의료,지방의료원 육성
SURVEY1,강원,사회복지/문화/여성가족/건강/보건,보건,공공의료,진폐환자 보상
SURVEY1,강원,사회복지/문화/여성가족/건강/보건,보건,보건위생/감염병,무료예방접종 도입
SURVEY1,강원,사회복지/문화/여성가족/건강/보건,보건,보건위생/감염병,지역건강 돌봄시스템 구축
SURVEY1,강원,사회복지/문화/여성가족/건강/보건,보건,보건위생/감염병,지역의료보건체계 구축
SURVEY1,강원,사회복지/문화/여성가족/건강/보건,보건,저출산,공공산후조리원 설립
SURVEY1,강원,사회복지/문화/여성가족/건강/보건,보건,저출산,분만인프라 구축
SURVEY1,강원,사회복지/문화/여성가족/건강/보건,보건,저출산,육아 기본수당 확대
SURVEY1,강원,사회복지/문화/여성가족/건강/보건,문화관광체육,관광,DMZ 생태관광 추진
SURVEY1,강원,사회복지/문화/여성가족/건강/보건,문화관광체육,관광,K-관광컨텐츠 개발
SURVEY1,강원,사회복지/문화/여성가족/건강/보건,문화관광체육,관광,강원랜드 활성화
SURVEY1,강원,사회복지/문화/여성가족/건강/보건,문화관광체육,관광,금강산관광 재개
SURVEY1,강원,사회복지/문화/여성가족/건강/보건,문화관광체육,관광,설악산 오색 케이블카 설치
SURVEY1,강원,사회복지/문화/여성가족/건강/보건,문화관광체육,문화예술/유산,K-컨텐츠산업 진흥
SURVEY1,강원,사회복지/문화/여성가족/건강/보건,문화관광체육,문화예술/유산,문화인프라 확충
SURVEY1,강원,사회복지/문화/여성가족/건강/보건,문화관광체육,문화예술/유산,사북항쟁 명예회복 추진
SURVEY1,강원,사회복지/문화/여성가족/건강/보건,문화관광체육,문화예술/유산,전통문화 계승홍보
SURVEY1,강원,사회복지/문화/여성가족/건강/보건,문화관광체육,체육,2024 강원 동계청소년올림픽 지원
SURVEY1,강원,사회복지/문화/여성가족/건강/보건,문화관광체육,체육,생활스포츠 인프라확충
SURVEY1,강원,사회복지/문화/여성가족/건강/보건,문화관광체육,체육,지역체육 공동체화
SURVEY1,강원,사회복지/문화/여성가족/건강/보건,문화관광체육,체육,평창동계올림필 시설 활용
SURVEY1,강원,산업/경제,경제,민생경제,농민수당 지원 확대
SURVEY1,강원,산업/경제,경제,민생경제,중소영세 자영업자 생계 지원
SURVEY1,강원,산업/경제,경제,민생경제,코로나 손실보상
SURVEY1,강원,산업/경제,경제,사회적경제,농어민 소득보장
SURVEY1,강원,산업/경제,경제,사회적경제,마을공동체 육성
SURVEY1,강원,산업/경제,경제,사회적경제,사회적경제 공제조합 육성
SURVEY1,강원,산업/경제,경제,사회적경제,접경지역 군납조달 체계 유지
SURVEY1,강원,산업/경제,경제,일자리,강원 상생형 일자리 사업
SURVEY1,강원,산업/경제,경제,일자리,고령친화적사업장구축
SURVEY1,강원,산업/경제,경제,일자리,지역인재채용
SURVEY1,강원,산업/경제,경제,일자리,청년고용할당
SURVEY1,강원,산업/경제,농정,가축전염병,가축방역
SURVEY1,강원,산업/경제,농정,가축전염병,가축백신지원
SURVEY1,강원,산업/경제,농정,가축전염병,동식물검역
SURVEY1,강원,산업/경제,농정,가축전염병,살처분보상
SURVEY1,강원,산업/경제,농정,농축산,GMO 완전표시제 시행
SURVEY1,강원,산업/경제,농정,농축산,농산물위생검사
SURVEY1,강원,산업/경제,농정,농축산,농어촌 스마트팜 사업
SURVEY1,강원,산업/경제,농정,농축산,동해안권 식품생명 산업단지 조성
SURVEY1,강원,산업/경제,농정,농축산,축산물이력관리
SURVEY1,강원,산업/경제,농정,소득보전,농가직불제
SURVEY1,강원,산업/경제,농정,소득보전,농산물 가격보존
SURVEY1,강원,산업/경제,농정,소득보전,농산물수급안정
SURVEY1,강원,산업/경제,농정,소득보전,자연재난시 농가구호
SURVEY1,강원,산업/경제,산업,산업단지,권역별 특화 신성장산업 육성
SURVEY1,강원,산업/경제,산업,산업단지,지역산업생태계 조성
SURVEY1,강원,산업/경제,산업,산업단지,평화산업단지(평화경제특구) 조성
SURVEY1,강원,산업/경제,산업,에너지산업,액화수소 융복합클러스터 조성
SURVEY1,강원,산업/경제,산업,에너지산업,인공태양클러스터조성
SURVEY1,강원,산업/경제,산업,에너지산업,초광역 국가 고자기장 연구소 유치
SURVEY1,강원,산업/경제,산업,에너지산업,해상풍력단지 개발
SURVEY1,강원,산업/경제,산업,혁신산업,강원 데이터 플랫폼 도시 구축
SURVEY1,강원,산업/경제,산업,혁신산업,바이오 기업 도시 구축
SURVEY1,강원,산업/경제,산업,혁신산업,바이오헬스 융복합벨트 조성
SURVEY1,강원,산업/경제,산업,혁신산업,첨단연어양식 기업 육성
SURVEY1,충북,도시/지역발전,주거,시설계획,대학 타운형 도시재생사업
SURVEY1,충북,도시/지역발전,주거,시설계획,방사광가속기
SURVEY1,충북,도시/지역발전,주거,시설계획,제천 천연물 종합단지 구성
SURVEY1,충북,도시/지역발전,주거,시설계획,청주교도소 이전
SURVEY1,충북,도시/지역발전,주거,주거재생,공공임대주택 공급 확대
SURVEY1,충북,도시/지역발전,주거,주거재생,부동산규제 완화
SURVEY1,충북,도시/지역발전,주거,주거재생,여성안심주택
SURVEY1,충북,도시/지역발전,주거,주거재생,원도심재생
SURVEY1,충북,도시/지역발전,주거,주거재생,청년공공기숙사
SURVEY1,충북,도시/지역발전,주거,토지관리,부동산 규제완화
SURVEY1,충북,도시/지역발전,주거,토지관리,부동산 투기 근절
SURVEY1,충북,도시/지역발전,주거,토지관리,임대료 상한제
SURVEY1,충북,도시/지역발전,주거,토지관리,초과이익환수
SURVEY1,충북,도시/지역발전,도로/교통,대중교통,KTX 오송역 발전
SURVEY1,충북,도시/지역발전,도로/교통,대중교통,농촌지역 마중버스 운행
SURVEY1,충북,도시/지역발전,도로/교통,대중교통,무상버스 도입
SURVEY1,충북,도시/지역발전,도로/교통,대중교통,버스노선 증차
SURVEY1,충북,도시/지역발전,도로/교통,대중교통,시내버스 준공영제
SURVEY1,충북,도시/지역발전,도로/교통,도로/건설,광역교통망 확충
SURVEY1,충북,도시/지역발전,도로/교통,도로/건설,중부고속도록 조기 확장
SURVEY1,충북,도시/지역발전,도로/교통,도로/건설,충청내륙고속화도로
SURVEY1,충북,도시/지역발전,도로/교통,철도/항공,강호축 고속철도망
SURVEY1,충북,도시/지역발전,도로/교통,철도/항공,청주국제공항 중부권 거점공항
SURVEY1,충북,도시/지역발전,도로/교통,철도/항공,청주도심 통과 광역철도
SURVEY1,충북,도시/지역발전,도로/교통,철도/항공,충북선 철도 고속화
SURVEY1,충북,도시/지역발전,지역발전,국제협력,국제회의 개최
SURVEY1,충북,도시/지역발전,지역발전,국제협력,남북도시협력
SURVEY1,충북,도시/지역발전,지역발전,국제협력,도시외교
SURVEY1,충북,도시/지역발전,지역발전,지역균형,고향세법
SURVEY1,충북,도시/지역발전,지역발전,지역균형,서청주 신도시 조성 지원
SURVEY1,충북,도시/지역발전,지역발전,지역균형,지역균형발전 특별회계 확대
SURVEY1,충북,도시/지역발전,지역발전,지역균형,충북 자치연수원 북부권 이전
SURVEY1,충북,도시/지역발전,지역발전,지역정책,제천생태농업단지 조성
SURVEY1,충북,도시/지역발전,지역발전,지역정책,진천혁신도시 개발
SURVEY1,충북,도시/지역발전,지역발전,지역정책,충청권메가시티
SURVEY1,충북,정치/행정자치,자치,자치,도권한 시군 이양 확대
SURVEY1,충북,정치/행정자치,자치,자치,자치경찰제 도입
SURVEY1,충북,정치/행정자치,자치,자치,자치단체역량 강화
SURVEY1,충북,정치/행정자치,자치,자치,자치입법권 확대
SURVEY1,충북,정치/행정자치,자치,주민,도민 도정 참여제
SURVEY1,충북,정치/행정자치,자치,주민,마을공동체법
SURVEY1,충북,정치/행정자치,자치,주민,시민입법플랫폼 도입
SURVEY1,충북,정치/행정자치,자치,주민,주민자치회 직선제
SURVEY1,충북,정치/행정자치,자치,주민,주민투표제
SURVEY1,충북,정치/행정자치,정치,지방의회,전문성 향상
SURVEY1,충북,정치/행정자치,정치,지방의회,정책역량 강화
SURVEY1,충북,정치/행정자치,정치,지방의회,지방의회 다양화
SURVEY1,충북,정치/행정자치,정치,지방정부,법제 개편
SURVEY1,충북,정치/행정자치,정치,지방정부,사무직 인사권 이양
SURVEY1,충북,정치/행정자치,정치,지방정부,입법역량 강화
SURVEY1,충북,정치/행정자치,정치,지방정부,재정독립성
SURVEY1,충북,정치/행정자치,정치,행정개편,청주시 광역시 승격
SURVEY1,충북,정치/행정자치,정치,행정개편,청주행정구와 선거구 일치
SURVEY1,충북,정치/행정자치,정치,행정개편,통합시
SURVEY1,충북,정치/행정자치,행정,교육행정,공교육 강화
SURVEY1,충북,정치/행정자치,행정,교육행정,교육격차 해소
SURVEY1,충북,정치/행정자치,행정,교육행정,국가장학금 확대
SURVEY1,충북,정치/행정자치,행정,교육행정,산업별 인력교육 강화
SURVEY1,충북,정치/행정자치,행정,교육행정,어린이집 급식 관리
SURVEY1,충북,정치/행정자치,행정,균형발전,2단계 공공기관 이전
SURVEY1,충북,정치/행정자치,행정,균형발전,국세 차등 배분
SURVEY1,충북,정치/행정자치,행정,균형발전,수도권 규제 완화 즉각 중단
SURVEY1,충북,정치/행정자치,행정,균형발전,지방교부세율 현실화
SURVEY1,충북,정치/행정자치,행정,균형발전,행정수도 이전
SURVEY1,충북,정치/행정자치,행정,여성대표성확대,성별할당제
SURVEY1,충북,정치/행정자치,행정,여성대표성확대,양성평등 문화 확산
SURVEY1,충북,정치/행정자치,행정,여성대표성확대,여성정책 강화
SURVEY1,충북,환경/소방/재난안전,소방/시민안전,사회재난,부실공사방지
SURVEY1,충북,환경/소방/재난안전,소방/시민안전,사회재난,사회재난기금
SURVEY1,충북,환경/소방/재난안전,소방/시민안전,사회재난,산업재해대책
SURVEY1,충북,환경/소방/재난안전,소방/시민안전,안전/치안,도민 안전보험 무상가입
SURVEY1,충북,환경/소방/재난안전,소방/시민안전,안전/치안,범죄예방
SURVEY1,충북,환경/소방/재난안전,소방/시민안전,안전/치안,안전한 먹거리
SURVEY1,충북,환경/소방/재난안전,소방/시민안전,안전/치안,충북형 재난안전시스템
SURVEY1,충북,환경/소방/재난안전,소방/시민안전,안전/치안,학교안전
SURVEY1,충북,환경/소방/재난안전,소방/시민안전,자연재난,산업재해대책
SURVEY1,충북,환경/소방/재난안전,소방/시민안전,자연재난,소방인력·장비 확충
SURVEY1,충북,환경/소방/재난안전,소방/시민안전,자연재난,소방종합청사
SURVEY1,충북,환경/소방/재난안전,소방/시민안전,자연재난,재난신속대응
SURVEY1,충북,환경/소방/재난안전,환경보전,대기보전,그린뉴딜정책
SURVEY1,충북,환경/소방/재난안전,환경보전,대기보전,미세먼지 배출총량제
SURVEY1,충북,환경/소방/재난안전,환경보전,대기보전,저탄소 스마트산업단지 조성
SURVEY1,충북,환경/소방/재난안전,환경보전,대기보전,친환경자동차
SURVEY1,충북,환경/소방/재난안전,환경보전,대기보전,탄소중립
SURVEY1,충북,환경/소방/재난안전,환경보전,수질환경/하수,국가생태·휴양벨트
SURVEY1,충북,환경/소방/재난안전,환경보전,수질환경/하수,도심 물관리 시스템
SURVEY1,충북,환경/소방/재난안전,환경보전,수질환경/하수,미호천 1급수
SURVEY1,충북,환경/소방/재난안전,환경보전,자원순환/에너지,신재생에너지
SURVEY1,충북,환경/소방/재난안전,환경보전,자원순환/에너지,재활용품 공공기관 의무구매
SURVEY1,충북,환경/소방/재난안전,환경보전,자원순환/에너지,저탄소 스마트산업단지 조성
SURVEY1,충북,환경/소방/재난안전,환경보전,자원순환/에너지,지자체 에너지 자립률 2등급 이상
SURVEY1,충북,환경/소방/재난안전,환경보전,자원순환/에너지,화석에너지발전소 허가 재검토
SURVEY1,충북,사회복지/문화/여성가족/건강/보건,복지,노인/청년/장애인,국가책임 평생교육
SURVEY1,충북,사회복지/문화/여성가족/건강/보건,복지,노인/청년/장애인,장애인생활체육시설
SURVEY1,충북,사회복지/문화/여성가족/건강/보건,복지,노인/청년/장애인,장애인이동권 보장
SURVEY1,충북,사회복지/문화/여성가족/건강/보건,복지,노인/청년/장애인,저상형 시내버스 확충
SURVEY1,충북,사회복지/문화/여성가족/건강/보건,복지,노인/청년/장애인,청년사회상속제
SURVEY1,충북,사회복지/문화/여성가족/건강/보건,복지,다문화,다문화교육 강화
SURVEY1,충북,사회복지/문화/여성가족/건강/보건,복지,다문화,외국인 아동 보육 지원
SURVEY1,충북,사회복지/문화/여성가족/건강/보건,복지,다문화,이주노동자 생활지원
SURVEY1,충북,사회복지/문화/여성가족/건강/보건,복지,다문화,체류정책 개선
SURVEY1,충북,사회복지/문화/여성가족/건강/보건,복지,여성/아동/청소년,AI영재고
SURVEY1,충북,사회복지/문화/여성가족/건강/보건,복지,여성/아동/청소년,고교 무상급식
SURVEY1,충북,사회복지/문화/여성가족/건강/보건,복지,여성/아동/청소년,무상교복
SURVEY1,충북,사회복지/문화/여성가족/건강/보건,복지,여성/아동/청소년,여성안심주택
SURVEY1,충북,사회복지/문화/여성가족/건강/보건,복지,여성/아동/청소년,지방국립대학 지원
SURVEY1,충북,사회복지/문화/여성가족/건강/보건,보건,감염병/동물 관리,감염병 전문병원 확충
SURVEY1,충북,사회복지/문화/여성가족/건강/보건,보건,감염병/동물 관리,동물방역
SURVEY1,충북,사회복지/문화/여성가족/건강/보건,보건,감염병/동물 관리,반려동물 복지
SURVEY1,충북,사회복지/문화/여성가족/건강/보건,보건,감염병/동물 관리,반려동물 진료비 부담 완화
SURVEY1,충북,사회복지/문화/여성가족/건강/보건,보건,감염병/동물 관리,코로나19 피해지원
SURVEY1,충북,사회복지/문화/여성가족/건강/보건,보건,보건의료,공공의료
SURVEY1,충북,사회복지/문화/여성가족/건강/보건,보건,보건의료,보건의료인력 확대
SURVEY1,충북,사회복지/문화/여성가족/건강/보건,보건,보건의료,요양보호사 처우 개선
SURVEY1,충북,사회복지/문화/여성가족/건강/보건,보건,보건의료,장기요양서비스
SURVEY1,충북,사회복지/문화/여성가족/건강/보건,보건,보건의료,충북대병원
SURVEY1,충북,사회복지/문화/여성가족/건강/보건,보건,저출산,공공산후조리원 확대
SURVEY1,충북,사회복지/문화/여성가족/건강/보건,보건,저출산,국공립어린이집 확대
SURVEY1,충북,사회복지/문화/여성가족/건강/보건,보건,저출산,다자녀국가장학금 확대
SURVEY1,충북,사회복지/문화/여성가족/건강/보건,보건,저출산,아이돌봄서비스 확충
SURVEY1,충북,사회복지/문화/여성가족/건강/보건,보건,저출산,육아휴직
SURVEY1,충북,사회복지/문화/여성가족/건강/보건,문화관광체육,관광,문화·관광·체육·휴양벨트 건설
SURVEY1,충북,사회복지/문화/여성가족/건강/보건,문화관광체육,관광,백두대간 관광거점
SURVEY1,충북,사회복지/문화/여성가족/건강/보건,문화관광체육,관광,청남대 개발
SURVEY1,충북,사회복지/문화/여성가족/건강/보건,문화관광체육,관광,충주 국가정원
SURVEY1,충북,사회복지/문화/여성가족/건강/보건,문화관광체육,관광,충주댐 권역 관광특구
SURVEY1,충북,사회복지/문화/여성가족/건강/보건,문화관광체육,문화예술/유산,문화예술 예산 확대
SURVEY1,충북,사회복지/문화/여성가족/건강/보건,문화관광체육,문화예술/유산,문화자치
SURVEY1,충북,사회복지/문화/여성가족/건강/보건,문화관광체육,문화예술/유산,전통무예 세계화(충주 국립무예진흥원 설립)
SURVEY1,충북,사회복지/문화/여성가족/건강/보건,문화관광체육,문화예술/유산,지역언론 육성
SURVEY1,충북,사회복지/문화/여성가족/건강/보건,문화관광체육,문화예술/유산,충북경제포럼
SURVEY1,충북,사회복지/문화/여성가족/건강/보건,문화관광체육,체육,생활스포츠 인프라 확충
SURVEY1,충북,사회복지/문화/여성가족/건강/보건,문화관광체육,체육,스포츠산업 육성
SURVEY1,충북,사회복지/문화/여성가족/건강/보건,문화관광체육,체육,지역체육 공동체화
SURVEY1,충북,사회복지/문화/여성가족/건강/보건,문화관광체육,체육,진천선수촌 연계 스포츠테마타운
SURVEY1,충북,사회복지/문화/여성가족/건강/보건,문화관광체육,체육,체육계 불공정 근절
SURVEY1,충북,산업/경제,노동,비정규직,공공부문 비정규직 정규직 전환
SURVEY1,충북,산업/경제,노동,비정규직,비정규직센터 설립
SURVEY1,충북,산업/경제,노동,비정규직,플랫폼노동자 노동권보장
SURVEY1,충북,산업/경제,노동,지역,공공기관 노동이사제
SURVEY1,충북,산업/경제,노동,지역,노사동반성장
SURVEY1,충북,산업/경제,노동,지역,지역주민 의무고용
SURVEY1,충북,산업/경제,노동,지역,채용공정성
SURVEY1,충북,산업/경제,노동,청년,중소기업 재직청년 지원
SURVEY1,충북,산업/경제,노동,청년,청년연구자역량강화 지원
SURVEY1,충북,산업/경제,노동,청년,청년의무 고용할당제
SURVEY1,충북,산업/경제,노동,청년,청년취업 중소기업 장려
SURVEY1,충북,산업/경제,경제,민생경제,소상공인 보호
SURVEY1,충북,산업/경제,경제,민생경제,자영업자 고용보험지원
SURVEY1,충북,산업/경제,경제,민생경제,조세정의
SURVEY1,충북,산업/경제,경제,민생경제,지역상권 보호
SURVEY1,충북,산업/경제,경제,민생경제,지역화폐
SURVEY1,충북,산업/경제,경제,사회적경제,마을기업 육성
SURVEY1,충북,산업/경제,경제,사회적경제,사회적경제 공제조합 육성
SURVEY1,충북,산업/경제,경제,사회적경제,사회적경제 인적자원 육성
SURVEY1,충북,산업/경제,경제,일자리,스마트워크센터 설립
SURVEY1,충북,산업/경제,경제,일자리,여성일자리확충
SURVEY1,충북,산업/경제,경제,일자리,지역인재할당제
SURVEY1,충북,산업/경제,경제,일자리,청년일자리 확대
SURVEY1,충북,산업/경제,산업,농정해양,농민기본소득보장제
SURVEY1,충북,산업/경제,산업,농정해양,로컬푸드 확대
SURVEY1,충북,산업/경제,산업,농정해양,미래첨단농업
SURVEY1,충북,산업/경제,산업,농정해양,스마트팜 조성
SURVEY1,충북,산업/경제,산업,농정해양,청년농업인 육성
SURVEY1,충북,산업/경제,산업,농정해양,친환경무상급식
SURVEY1,충북,산업/경제,산업,산업진흥,K-콘텐츠산업
SURVEY1,충북,산업/경제,산업,산업진흥,국가혁신클러스터
SURVEY1,충북,산업/경제,산업,산업진흥,신성장산업 육성
SURVEY1,충북,산업/경제,산업,산업진흥,주력산업 구조 고도화
SURVEY1,충북,산업/경제,산업,산업진흥,충주 당뇨바이오 특화 국가산업단지
SURVEY1,충북,산업/경제,산업,투자진흥,경제특구
SURVEY1,충북,산업/경제,산업,투자진흥,규제완화
SURVEY1,충북,산업/경제,산업,투자진흥,법인세 인하
SURVEY1,충북,산업/경제,산업,투자진흥,벤처기업 지원
SURVEY1,충북,산업/경제,산업,투자진흥,시멘트세법
SURVEY1,충남,도시/지역발전,지역,인구감소대비,생활인구확대
SURVEY1,충남,도시/지역발전,지역,인구감소대비,일자리창출
SURVEY1,충남,도시/지역발전,지역,인구감소대비,청년인구유입
SURVEY1,충남,도시/지역발전,지역,지역발전,가로림만 해상교량 건설
SURVEY1,충남,도시/지역발전,지역,지역발전,서남민항(충남공항) 건설
SURVEY1,충남,도시/지역발전,지역,지역발전,원산도 복합 마리나항 건설
SURVEY1,충남,도시/지역발전,지역,지역정책,깨끗한 해양환경 만들기 사업
SURVEY1,충남,도시/지역발전,지역,지역정책,시군 지역화폐 통합플랫폼 구축
SURVEY1,충남,도시/지역발전,지역,지역정책,환황해권 중심도시 육성 사업
SURVEY1,충남,도시/지역발전,교통,대중교통 ,공유 킥보드 및 자전거 도입
SURVEY1,충남,도시/지역발전,교통,대중교통 ,농어촌 공영택시
SURVEY1,충남,도시/지역발전,교통,대중교통 ,서해선 복선 전철화
SURVEY1,충남,도시/지역발전,교통,대중교통 ,천안아산역 복합환승센터 구축
SURVEY1,충남,도시/지역발전,교통,도로,교통불균형 해소
SURVEY1,충남,도시/지역발전,교통,도로,도로정비
SURVEY1,충남,도시/지역발전,교통,도로,지방도 603호 국도 승격
SURVEY1,충남,도시/지역발전,교통,철도,보령선 추진
SURVEY1,충남,도시/지역발전,교통,철도,중부권 동서횡단철도 건설
SURVEY1,충남,도시/지역발전,교통,철도,천안-청주공항 복선전철 건설
SURVEY1,충남,도시/지역발전,교통,철도,충남내륙철도 건설
SURVEY1,충남,도시/지역발전,도시정비/주택,도시재생,구도심 재생
SURVEY1,충남,도시/지역발전,도시정비/주택,도시재생,서남 전투비행장 이전
SURVEY1,충남,도시/지역발전,도시정비/주택,도시재생,육사 이전
SURVEY1,충남,도시/지역발전,도시정비/주택,도시정비,내포신도시 개발
SURVEY1,충남,도시/지역발전,도시정비/주택,도시정비,"재개발,재건축 활성화"
SURVEY1,충남,도시/지역발전,도시정비/주택,도시정비,전통시장 정비
SURVEY1,충남,도시/지역발전,도시정비/주택,도시정비,천안 축산자원개발부 이전 및 부지 개발
SURVEY1,충남,도시/지역발전,도시정비/주택,주거 ,공공주택 건설
SURVEY1,충남,도시/지역발전,도시정비/주택,주거 ,임대주택 확충
SURVEY1,충남,도시/지역발전,도시정비/주택,주거 ,주거환경개선
SURVEY1,충남,정치/행정자치,정치,자치분권,기후대응기금 적시 배정
SURVEY1,충남,정치/행정자치,정치,자치분권,충남혁신도시 활성화
SURVEY1,충남,정치/행정자치,정치,지방정부/의회,지방의회 역량강화
SURVEY1,충남,정치/행정자치,정치,지방정부/의회,지방정부 재정자립성
SURVEY1,충남,정치/행정자치,행정,균형발전,공공기관 이전
SURVEY1,충남,정치/행정자치,행정,균형발전,원도심 공동화 해결
SURVEY1,충남,정치/행정자치,행정,균형발전,지방대학 지원
SURVEY1,충남,정치/행정자치,행정,균형발전,천안역세권 활성화
SURVEY1,충남,정치/행정자치,행정,행정혁신,공공기관 지역인재 의무채용
SURVEY1,충남,정치/행정자치,행정,행정혁신,자치경찰 강화
SURVEY1,충남,환경/소방/재난안전,소방/재난안전,소방,소방공무원 근무여건 개선
SURVEY1,충남,환경/소방/재난안전,소방/재난안전,소방,소방인프라(소방헬기) 확대
SURVEY1,충남,환경/소방/재난안전,소방/재난안전,소방,소방청사 신개축
SURVEY1,충남,환경/소방/재난안전,소방/재난안전,안전/치안,CCTV 설치
SURVEY1,충남,환경/소방/재난안전,소방/재난안전,안전/치안,여성안심귀가서비스
SURVEY1,충남,환경/소방/재난안전,소방/재난안전,안전/치안,코로나19 관련 위법
SURVEY1,충남,환경/소방/재난안전,소방/재난안전,재난,빅데이터 기반 재난 정보시스템
SURVEY1,충남,환경/소방/재난안전,소방/재난안전,재난,재난전문 국립경찰병원 설립
SURVEY1,충남,환경/소방/재난안전,소방/재난안전,재난,재난피해 예방시설 확충
SURVEY1,충남,환경/소방/재난안전,오염관리,기후대기,미세먼지 저감대책
SURVEY1,충남,환경/소방/재난안전,오염관리,기후대기,저공해차 보급확대
SURVEY1,충남,환경/소방/재난안전,오염관리,기후대기,탄소중립시범도시
SURVEY1,충남,환경/소방/재난안전,오염관리,물관리,수질유해물질 배출량 저감
SURVEY1,충남,환경/소방/재난안전,오염관리,물관리,하수처리장 증설 및 개량
SURVEY1,충남,환경/소방/재난안전,오염관리,물관리,해양담수화 사업 지원
SURVEY1,충남,환경/소방/재난안전,오염관리,폐기물,장항제련소 오염토지 복원
SURVEY1,충남,환경/소방/재난안전,오염관리,폐기물,폐기물 부담금 신설
SURVEY1,충남,환경/소방/재난안전,오염관리,폐기물,폐기물 재활용 활성화
SURVEY1,충남,환경/소방/재난안전,오염관리,폐기물,폐기물 처리시설 확충
SURVEY1,충남,환경/소방/재난안전,환경관리,공원,금강하구 생태복원
SURVEY1,충남,환경/소방/재난안전,환경관리,공원,부남호 하구복원
SURVEY1,충남,환경/소방/재난안전,환경관리,공원,서천 브라운필드 재자연화
SURVEY1,충남,환경/소방/재난안전,환경관리,산림녹지,가로림만 해양정원 조성
SURVEY1,충남,환경/소방/재난안전,환경관리,산림녹지,서해안 해안림 복원 및 조성
SURVEY1,충남,환경/소방/재난안전,환경관리,산림녹지,힐링 숲 조성
SURVEY1,충남,환경/소방/재난안전,환경관리,자원순환,미세플라스틱 저감
SURVEY1,충남,환경/소방/재난안전,환경관리,자원순환,업사이클 지원
SURVEY1,충남,환경/소방/재난안전,환경관리,자원순환,재활용품 공공기관 의무구매
SURVEY1,충남,사회복지/문화/여성가족/건강/보건,복지,노인,경로당 개편
SURVEY1,충남,사회복지/문화/여성가족/건강/보건,복지,노인,노인생활체육
SURVEY1,충남,사회복지/문화/여성가족/건강/보건,복지,노인,노인전문병원 및 치매병원 설치
SURVEY1,충남,사회복지/문화/여성가족/건강/보건,복지,노인,평생교육
SURVEY1,충남,사회복지/문화/여성가족/건강/보건,복지,아동여성청소년,국공립어린이집 확대
SURVEY1,충남,사회복지/문화/여성가족/건강/보건,복지,아동여성청소년,무상아침급식
SURVEY1,충남,사회복지/문화/여성가족/건강/보건,복지,아동여성청소년,생리대지원
SURVEY1,충남,사회복지/문화/여성가족/건강/보건,복지,장애인/이주민,장애인복지지설 확대
SURVEY1,충남,사회복지/문화/여성가족/건강/보건,복지,장애인/이주민,장애인일자리확대
SURVEY1,충남,사회복지/문화/여성가족/건강/보건,복지,장애인/이주민,저상버스 보급 확대
SURVEY1,충남,사회복지/문화/여성가족/건강/보건,보건,공공의료,국립치의학연구원 설립
SURVEY1,충남,사회복지/문화/여성가족/건강/보건,보건,공공의료,도서지역 응급의료체계 구축
SURVEY1,충남,사회복지/문화/여성가족/건강/보건,보건,공공의료,서산의료원 개선
SURVEY1,충남,사회복지/문화/여성가족/건강/보건,보건,공공의료,의료광역통합시설 구축
SURVEY1,충남,사회복지/문화/여성가족/건강/보건,보건,공공의료,지역의사제 도입
SURVEY1,충남,사회복지/문화/여성가족/건강/보건,보건,보건위생/감염병,무료예방접종 도입
SURVEY1,충남,사회복지/문화/여성가족/건강/보건,보건,보건위생/감염병,지역건강 돌봄시스템 구축
SURVEY1,충남,사회복지/문화/여성가족/건강/보건,보건,보건위생/감염병,지역의료보건체계 구축
SURVEY1,충남,사회복지/문화/여성가족/건강/보건,보건,저출산,공공산후조리원  설립
SURVEY1,충남,사회복지/문화/여성가족/건강/보건,보건,저출산,분만인프라 구축
SURVEY1,충남,사회복지/문화/여성가족/건강/보건,보건,저출산,육아 기본수당 확대
SURVEY1,충남,사회복지/문화/여성가족/건강/보건,문화관광체육,관광,K-관광컨텐츠 개발
SURVEY1,충남,사회복지/문화/여성가족/건강/보건,문화관광체육,관광,갯벌식생조림
SURVEY1,충남,사회복지/문화/여성가족/건강/보건,문화관광체육,관광,삽시도 ART 아일랜드 조성
SURVEY1,충남,사회복지/문화/여성가족/건강/보건,문화관광체육,관광,해양관광케이블카 설치
SURVEY1,충남,사회복지/문화/여성가족/건강/보건,문화관광체육,관광,환황해권 해양관광벨트 구축
SURVEY1,충남,사회복지/문화/여성가족/건강/보건,문화관광체육,문화예술/유산,K-컨텐츠산업 진흥
SURVEY1,충남,사회복지/문화/여성가족/건강/보건,문화관광체육,문화예술/유산,도립 예술의 전당 건립
SURVEY1,충남,사회복지/문화/여성가족/건강/보건,문화관광체육,문화예술/유산,부여군 특별보존지구 발굴 및 정비
SURVEY1,충남,사회복지/문화/여성가족/건강/보건,문화관광체육,문화예술/유산,전통문화 계승홍보
SURVEY1,충남,사회복지/문화/여성가족/건강/보건,문화관광체육,체육,국제스포츠대회 유치
SURVEY1,충남,사회복지/문화/여성가족/건강/보건,문화관광체육,체육,생활스포츠 인프라 확충
SURVEY1,충남,사회복지/문화/여성가족/건강/보건,문화관광체육,체육,지역체육 공동체화
SURVEY1,충남,산업/경제,농림축산,가축전염병,가축방역
SURVEY1,충남,산업/경제,농림축산,가축전염병,가축백신지원
SURVEY1,충남,산업/경제,농림축산,가축전염병,동식물검역
SURVEY1,충남,산업/경제,농림축산,가축전염병,살처분보상
SURVEY1,충남,산업/경제,농림축산,농축산,GMO 완전표시제 실시
SURVEY1,충남,산업/경제,농림축산,농축산,농산물위생검사
SURVEY1,충남,산업/경제,농림축산,농축산,여성청년 농업인지원확대
SURVEY1,충남,산업/경제,농림축산,농축산,축산물이력관리
SURVEY1,충남,산업/경제,농림축산,소득보전,농가직불제
SURVEY1,충남,산업/경제,농림축산,소득보전,농산물 가격보존
SURVEY1,충남,산업/경제,농림축산,소득보전,농산물수급안정
SURVEY1,충남,산업/경제,농림축산,소득보전,자연재난시 농가구호
SURVEY1,충남,산업/경제,일자리경제,민생경제,농민수당 지원 확대
SURVEY1,충남,산업/경제,일자리경제,민생경제,중소영세 자영업자 생계 지원
SURVEY1,충남,산업/경제,일자리경제,민생경제,코로나 손실보상
SURVEY1,충남,산업/경제,일자리경제,사회적경제,ESG 도입
SURVEY1,충남,산업/경제,일자리경제,사회적경제,미을기업 육성
SURVEY1,충남,산업/경제,일자리경제,사회적경제,사회적경제 공제조합 육성
SURVEY1,충남,산업/경제,일자리경제,일자리,고령친화적사업장구축
SURVEY1,충남,산업/경제,일자리경제,일자리,지역인재채용
SURVEY1,충남,산업/경제,일자리경제,일자리,청년고용할당
SURVEY1,충남,산업/경제,산업,산업단지,내포 첨단국가산업단지 조성
SURVEY1,충남,산업/경제,산업,산업단지,유기농 산업 복합 서비스 지원단지 선정
SURVEY1,충남,산업/경제,산업,산업단지,천안 테크노파크 산단 조성
SURVEY1,충남,산업/경제,산업,에너지산업,국가 탄소중립 클러스터 구축
SURVEY1,충남,산업/경제,산업,에너지산업,석탄화력발전 전환 지원
SURVEY1,충남,산업/경제,산업,에너지산업,신재생에너지 전환 지원
SURVEY1,충남,산업/경제,산업,에너지산업,환항해 수소 특화단지 조성
SURVEY1,충남,산업/경제,산업,혁신산업,국방산업클러스터 조성
SURVEY1,충남,산업/경제,산업,혁신산업,디지털 헬스케어 융합 연구단지 조성
SURVEY1,전북,도시/지역발전,도로/교통,대중교통,대중교통체계개편
SURVEY1,전북,도시/지역발전,도로/교통,대중교통,버스터미널 현대화
SURVEY1,전북,도시/지역발전,도로/교통,대중교통,전북 내 광역교통망 체계 구축
SURVEY1,전북,도시/지역발전,도로/교통,도로,부안-고창 노을대교 조기 착공
SURVEY1,전북,도시/지역발전,도로/교통,도로,부여-익산 서부내륙고속도로 개통
SURVEY1,전북,도시/지역발전,도로/교통,도로,새만금-전주완주 연결망 구축
SURVEY1,전북,도시/지역발전,도로/교통,도로,전주-대구고속도로 조기착공
SURVEY1,전북,도시/지역발전,도로/교통,도로,혁신도시-전주연결 도로 개선
SURVEY1,전북,도시/지역발전,도로/교통,철도,군산-목포 고속화철도 건설
SURVEY1,전북,도시/지역발전,도로/교통,철도,대전-전주 복선전철사업
SURVEY1,전북,도시/지역발전,도로/교통,철도,익산-여수 전라선 고속철도 조기착공
SURVEY1,전북,도시/지역발전,도로/교통,철도,전주-김천 동서횡단철도 건설
SURVEY1,전북,도시/지역발전,도시정비/주거,도시재생,구도심 재생
SURVEY1,전북,도시/지역발전,도시정비/주거,도시재생,스마트시티조성
SURVEY1,전북,도시/지역발전,도시정비/주거,도시재생,전통시장 활성화
SURVEY1,전북,도시/지역발전,도시정비/주거,도시정비,구도심 주거환경 개선
SURVEY1,전북,도시/지역발전,도시정비/주거,도시정비,도시환경정비
SURVEY1,전북,도시/지역발전,도시정비/주거,도시정비,재개발 및 재건축
SURVEY1,전북,도시/지역발전,도시정비/주거,주거,공공임대주택공급
SURVEY1,전북,도시/지역발전,도시정비/주거,주거,부동산 가격 안정
SURVEY1,전북,도시/지역발전,도시정비/주거,주거,청년주택
SURVEY1,전북,도시/지역발전,지역발전,금융도시,금융 공기업 추가 이전
SURVEY1,전북,도시/지역발전,지역발전,금융도시,금융관련 특수학과 신설
SURVEY1,전북,도시/지역발전,지역발전,금융도시,전북금융타운조성
SURVEY1,전북,도시/지역발전,지역발전,새만금개발,국제투자진흥지구지정
SURVEY1,전북,도시/지역발전,지역발전,새만금개발,농업용지개발
SURVEY1,전북,도시/지역발전,지역발전,새만금개발,새만금공항건설
SURVEY1,전북,도시/지역발전,지역발전,새만금개발,새만금엑스포유치
SURVEY1,전북,도시/지역발전,지역발전,새만금개발,철도연결망구축
SURVEY1,전북,도시/지역발전,지역발전,인구감소 대비,농산어촌살리기
SURVEY1,전북,도시/지역발전,지역발전,인구감소 대비,생활인구확대
SURVEY1,전북,도시/지역발전,지역발전,인구감소 대비,일자리창출
SURVEY1,전북,도시/지역발전,지역발전,인구감소 대비,청년인구유입
SURVEY1,전북,정치/행정자치,자치,대외협력,공공외교
SURVEY1,전북,정치/행정자치,자치,대외협력,다문화가족 및 외국인주민 지역사회정착 지원
SURVEY1,전북,정치/행정자치,자치,대외협력,출향도민교류
SURVEY1,전북,정치/행정자치,자치,주민자치,주민자치 활성화
SURVEY1,전북,정치/행정자치,자치,주민자치,주민자치센터활성화
SURVEY1,전북,정치/행정자치,자치,주민자치,주민정책참여 활성화
SURVEY1,전북,정치/행정자치,행정,균형발전,공공기관추가이전
SURVEY1,전북,정치/행정자치,행정,균형발전,자치단체행정역량강화
SURVEY1,전북,정치/행정자치,행정,균형발전,지역인재채용확대
SURVEY1,전북,정치/행정자치,행정,행정구역 개편,새만금-전북특별자치도
SURVEY1,전북,정치/행정자치,행정,행정구역 개편,새만금메가시티(군산-김제-부안 통합)
SURVEY1,전북,정치/행정자치,행정,행정구역 개편,전주-완주 통합
SURVEY1,전북,환경/소방/재난안전,산림/폐기물관리,공원조성,도심공원확충
SURVEY1,전북,환경/소방/재난안전,산림/폐기물관리,공원조성,생태문명원 건립
SURVEY1,전북,환경/소방/재난안전,산림/폐기물관리,공원조성,한국정원산업지원센터 건립
SURVEY1,전북,환경/소방/재난안전,산림/폐기물관리,산림녹지,산불예방
SURVEY1,전북,환경/소방/재난안전,산림/폐기물관리,산림녹지,생태관광지발굴
SURVEY1,전북,환경/소방/재난안전,산림/폐기물관리,산림녹지,섬진강 수변공간 조성
SURVEY1,전북,환경/소방/재난안전,산림/폐기물관리,산림녹지,야생동물보호
SURVEY1,전북,환경/소방/재난안전,산림/폐기물관리,산림녹지,임업직불제
SURVEY1,전북,환경/소방/재난안전,산림/폐기물관리,폐기물처리,생활폐기물 발생 저감
SURVEY1,전북,환경/소방/재난안전,산림/폐기물관리,폐기물처리,악취사업장 관리 강화
SURVEY1,전북,환경/소방/재난안전,산림/폐기물관리,폐기물처리,유해화학물질 안전관리
SURVEY1,전북,환경/소방/재난안전,산림/폐기물관리,폐기물처리,폐기물단속강화
SURVEY1,전북,환경/소방/재난안전,산림/폐기물관리,폐기물처리,폐기물처리시설 확충
SURVEY1,전북,환경/소방/재난안전,대기/수질관리,대기관리,대기오염총량제
SURVEY1,전북,환경/소방/재난안전,대기/수질관리,대기관리,미세먼지저감
SURVEY1,전북,환경/소방/재난안전,대기/수질관리,대기관리,신재생에너지보급
SURVEY1,전북,환경/소방/재난안전,대기/수질관리,대기관리,친환경자동차보급
SURVEY1,전북,환경/소방/재난안전,대기/수질관리,물관리,갯벌생태보전
SURVEY1,전북,환경/소방/재난안전,대기/수질관리,물관리,농축산오염물질 관리 강화
SURVEY1,전북,환경/소방/재난안전,대기/수질관리,물관리,상수도현대화사업
SURVEY1,전북,환경/소방/재난안전,대기/수질관리,물관리,친환경부표
SURVEY1,전북,환경/소방/재난안전,대기/수질관리,새만금수질개선,만경-동진강 생태 복원
SURVEY1,전북,환경/소방/재난안전,대기/수질관리,새만금수질개선,새만금유역 가축분뇨 오염관리
SURVEY1,전북,환경/소방/재난안전,대기/수질관리,새만금수질개선,새만금유역 공공하수처리장 확충
SURVEY1,전북,환경/소방/재난안전,시민안전,사회재난,산사태 방지
SURVEY1,전북,환경/소방/재난안전,시민안전,사회재난,섬진강 홍수통제소 재설치
SURVEY1,전북,환경/소방/재난안전,시민안전,사회재난,풍수해피해 보조
SURVEY1,전북,환경/소방/재난안전,시민안전,안전정책,드론기반 안전망 구축
SURVEY1,전북,환경/소방/재난안전,시민안전,안전정책,소방인프라 확대
SURVEY1,전북,환경/소방/재난안전,시민안전,안전정책,여성 및 사회적 약자 안전 증진
SURVEY1,전북,환경/소방/재난안전,시민안전,자연재난,교통사고 예방
SURVEY1,전북,환경/소방/재난안전,시민안전,자연재난,부실공사방지
SURVEY1,전북,환경/소방/재난안전,시민안전,자연재난,육상 및 해양오염 피해 방지
SURVEY1,전북,환경/소방/재난안전,시민안전,자연재난,치안유지
SURVEY1,전북,사회복지/문화/여성가족/건강/보건,문화체육관광,관광,전주-익산-군산 역사문화 관광벨트
SURVEY1,전북,사회복지/문화/여성가족/건강/보건,문화체육관광,관광,지리산·무진장 산악관광특구 조성
SURVEY1,전북,사회복지/문화/여성가족/건강/보건,문화체육관광,관광,지리산권관광 활성화
SURVEY1,전북,사회복지/문화/여성가족/건강/보건,문화체육관광,관광,해양관광벨트 조성
SURVEY1,전북,사회복지/문화/여성가족/건강/보건,문화체육관광,문화예술,역사문화융합 콘텐츠 개발
SURVEY1,전북,사회복지/문화/여성가족/건강/보건,문화체육관광,문화예술,영화산업 육성
SURVEY1,전북,사회복지/문화/여성가족/건강/보건,문화체육관광,문화예술,전통문화놀이진흥원 건립
SURVEY1,전북,사회복지/문화/여성가족/건강/보건,문화체육관광,문화예술,조선역사박물관 건립
SURVEY1,전북,사회복지/문화/여성가족/건강/보건,문화체육관광,문화예술,창극전용공연장 건립
SURVEY1,전북,사회복지/문화/여성가족/건강/보건,문화체육관광,체육,e-스포츠 경기장 건립
SURVEY1,전북,사회복지/문화/여성가족/건강/보건,문화체육관광,체육,국립스포츠종합훈련원 유치 및 건설
SURVEY1,전북,사회복지/문화/여성가족/건강/보건,문화체육관광,체육,국제태권도사관학교 건립
SURVEY1,전북,사회복지/문화/여성가족/건강/보건,문화체육관광,체육,생활체육시설 확충
SURVEY1,전북,사회복지/문화/여성가족/건강/보건,문화체육관광,체육,전북스포츠콤플렉스 건설
SURVEY1,전북,사회복지/문화/여성가족/건강/보건,보건,감염병관리,국가 감염병 연구복합단지 조성
SURVEY1,전북,사회복지/문화/여성가족/건강/보건,보건,감염병관리,무료예방접종
SURVEY1,전북,사회복지/문화/여성가족/건강/보건,보건,감염병관리,인수공통 전염병 연구소 강화
SURVEY1,전북,사회복지/문화/여성가족/건강/보건,보건,보건의료,스마트 의료 서비스 강화
SURVEY1,전북,사회복지/문화/여성가족/건강/보건,보건,보건의료,지역건강 돌봄시스템 구축
SURVEY1,전북,사회복지/문화/여성가족/건강/보건,보건,보건의료,지역의료보건체계구축
SURVEY1,전북,사회복지/문화/여성가족/건강/보건,보건,보건의료,취약계층 의료서비스 접근성 확대
SURVEY1,전북,사회복지/문화/여성가족/건강/보건,보건,의료인프라확충,공공의대 설립
SURVEY1,전북,사회복지/문화/여성가족/건강/보건,보건,의료인프라확충,공공의료 불균형 해소
SURVEY1,전북,사회복지/문화/여성가족/건강/보건,보건,의료인프라확충,국립노화연구소 설립
SURVEY1,전북,사회복지/문화/여성가족/건강/보건,보건,의료인프라확충,국립의료원 설립
SURVEY1,전북,사회복지/문화/여성가족/건강/보건,보건,의료인프라확충,국립희귀질환 의료원 건립
SURVEY1,전북,사회복지/문화/여성가족/건강/보건,보건,의료인프라확충,재활병원 건립
SURVEY1,전북,사회복지/문화/여성가족/건강/보건,사회복지,노인복지,경로당 신설 및 개선
SURVEY1,전북,사회복지/문화/여성가족/건강/보건,사회복지,노인복지,기초연금 지급
SURVEY1,전북,사회복지/문화/여성가족/건강/보건,사회복지,노인복지,노인맞춤돌봄서비스 강화
SURVEY1,전북,사회복지/문화/여성가족/건강/보건,사회복지,노인복지,노인일자리 확대
SURVEY1,전북,사회복지/문화/여성가족/건강/보건,사회복지,여성가족,경력단절여성 구직 지원
SURVEY1,전북,사회복지/문화/여성가족/건강/보건,사회복지,여성가족,국공립어린이집 확충
SURVEY1,전북,사회복지/문화/여성가족/건강/보건,사회복지,여성가족,맞벌이부부 안심보육센터
SURVEY1,전북,사회복지/문화/여성가족/건강/보건,사회복지,여성가족,영아수당 및 보육료 지원
SURVEY1,전북,사회복지/문화/여성가족/건강/보건,사회복지,여성가족,첫만남이용권(출산지원금)
SURVEY1,전북,사회복지/문화/여성가족/건강/보건,사회복지,취약계층 및 장애인,장애인복지시설확충
SURVEY1,전북,사회복지/문화/여성가족/건강/보건,사회복지,취약계층 및 장애인,장애인이동권보장
SURVEY1,전북,사회복지/문화/여성가족/건강/보건,사회복지,취약계층 및 장애인,장애인일자리 확대
SURVEY1,전북,사회복지/문화/여성가족/건강/보건,사회복지,취약계층 및 장애인,코로나 피해 취약계층 지원
SURVEY1,전북,사회복지/문화/여성가족/건강/보건,사회복지,취약계층 및 장애인,한부모 가구 지원
SURVEY1,전북,산업/경제,농축수산,농축산,가축질병 연구센터 구축
SURVEY1,전북,산업/경제,농축수산,농축산,곤충산업 육성
SURVEY1,전북,산업/경제,농축수산,농축산,반려동물클러스터 조성
SURVEY1,전북,산업/경제,농축수산,농축산,스마트팜 확대 지원
SURVEY1,전북,산업/경제,농축수산,농축산,육종연구 활성화
SURVEY1,전북,산업/경제,농축수산,수산,수산가공종합단지 건설
SURVEY1,전북,산업/경제,농축수산,수산,수출주도형 수산식품산업육성
SURVEY1,전북,산업/경제,농축수산,수산,스마트 양식기술 개발 촉진
SURVEY1,전북,산업/경제,농축수산,식품,국가식품클러스터 확장
SURVEY1,전북,산업/경제,농축수산,식품,농산업벤처창업밸리 조성
SURVEY1,전북,산업/경제,농축수산,식품,종자-식품산업혁신
SURVEY1,전북,산업/경제,농축수산,식품,치즈산업 육성
SURVEY1,전북,산업/경제,농축수산,식품,푸드파크 조성
SURVEY1,전북,산업/경제,일자리경제,기업지원,국내 판로 확충 지원
SURVEY1,전북,산업/경제,일자리경제,기업지원,규제자유특구
SURVEY1,전북,산업/경제,일자리경제,기업지원,중소기업 육성
SURVEY1,전북,산업/경제,일자리경제,기업지원,창업 지원
SURVEY1,전북,산업/경제,일자리경제,기업지원,해외 진출 지원
SURVEY1,전북,산업/경제,일자리경제,사회적 경제,마을 기업 육성
SURVEY1,전북,산업/경제,일자리경제,사회적 경제,사회적 경제 특별지구 지정
SURVEY1,전북,산업/경제,일자리경제,사회적 경제,사회적경제 성장기업 육성
SURVEY1,전북,산업/경제,일자리경제,사회적 경제,사회적기업 성장지원센터 활성화
SURVEY1,전북,산업/경제,일자리경제,일자리경제,대기업 유치
SURVEY1,전북,산업/경제,일자리경제,일자리경제,디지털교육밸리 건설
SURVEY1,전북,산업/경제,일자리경제,일자리경제,청년일자리 확충
SURVEY1,전북,산업/경제,일자리경제,일자리경제,캠퍼스 혁신타운 육성
SURVEY1,전북,산업/경제,일자리경제,일자리경제,코로나 극복 소상공인 지원
SURVEY1,전북,산업/경제,산업,성장산업,그린수소산업 클러스터 구축
SURVEY1,전북,산업/경제,산업,성장산업,미래자동차 특화산업단지 조성
SURVEY1,전북,산업/경제,산업,성장산업,전기차 스케이트보드 개발단지 조성
SURVEY1,전북,산업/경제,산업,성장산업,홀로그램산업 육성
SURVEY1,전북,산업/경제,산업,주력산업,상용차산업 고도화
SURVEY1,전북,산업/경제,산업,주력산업,지능형농기계산업 육성
SURVEY1,전북,산업/경제,산업,주력산업,첨단 선박 산업 육성
SURVEY1,전북,산업/경제,산업,탄소 및 신재생에너지,산림바이오에너지 거점 육성
SURVEY1,전북,산업/경제,산업,탄소 및 신재생에너지,탄소소재산업 육성
SURVEY1,전북,산업/경제,산업,탄소 및 신재생에너지,풍력발전 소재 및 부품 산업 육성
SURVEY1,전북,산업/경제,산업,탄소 및 신재생에너지,해상풍력단지 건설
SURVEY1,전남,도시/지역발전,지역발전,인구정책,광주근교권 인구유입촉진
SURVEY1,전남,도시/지역발전,지역발전,인구정책,귀농어귀촌지원
SURVEY1,전남,도시/지역발전,지역발전,인구정책,은퇴자유입촉진
SURVEY1,전남,도시/지역발전,지역발전,인구정책,인구취약 지역 대응
SURVEY1,전남,도시/지역발전,지역발전,지역정책,무안 신도심 정주여건 개선
SURVEY1,전남,도시/지역발전,지역발전,지역정책,스마트시티조성
SURVEY1,전남,도시/지역발전,지역발전,지역정책,신산업특화단지 조성
SURVEY1,전남,도시/지역발전,지역발전,지역정책,지역간 격차 해소
SURVEY1,전남,도시/지역발전,지역발전,지역정책,화순캠퍼스타운조성
SURVEY1,전남,도시/지역발전,지역발전,청년지원,청년자립기반지원
SURVEY1,전남,도시/지역발전,지역발전,청년지원,청년주거
SURVEY1,전남,도시/지역발전,지역발전,청년지원,청년주식회사
SURVEY1,전남,도시/지역발전,지역발전,청년지원,청년창업지원
SURVEY1,전남,도시/지역발전,도로/교통,공항 및 항만,도서지역여객선공영제
SURVEY1,전남,도시/지역발전,도로/교통,공항 및 항만,무안공항 기능확대
SURVEY1,전남,도시/지역발전,도로/교통,공항 및 항만,여수광양항 스마트복합항만 조성
SURVEY1,전남,도시/지역발전,도로/교통,공항 및 항만,해운항만기반시설확충
SURVEY1,전남,도시/지역발전,도로/교통,공항 및 항만,흑산공항 조기착공
SURVEY1,전남,도시/지역발전,도로/교통,도로,광주-고흥 고속도로
SURVEY1,전남,도시/지역발전,도로/교통,도로,다도해해양관광도로조성
SURVEY1,전남,도시/지역발전,도로/교통,도로,여수-남해해저터널
SURVEY1,전남,도시/지역발전,도로/교통,도로,영암-진도 고속도로
SURVEY1,전남,도시/지역발전,도로/교통,철도,경전선 보성-순천 개통
SURVEY1,전남,도시/지역발전,도로/교통,철도,광주-나주광역철도
SURVEY1,전남,도시/지역발전,도로/교통,철도,광주-화순지하철 연장
SURVEY1,전남,도시/지역발전,도로/교통,철도,전라선고속철도
SURVEY1,전남,도시/지역발전,도로/교통,철도,호남고속철도 조기완공
SURVEY1,전남,도시/지역발전,도시정비/주거,도시재생,도시재생사업
SURVEY1,전남,도시/지역발전,도시정비/주거,도시재생,스마트시티 조성
SURVEY1,전남,도시/지역발전,도시정비/주거,도시재생,전통시장 정비
SURVEY1,전남,도시/지역발전,도시정비/주거,도시정비,구도심 주거환경 개선
SURVEY1,전남,도시/지역발전,도시정비/주거,도시정비,도시환경정비
SURVEY1,전남,도시/지역발전,도시정비/주거,도시정비,재개발 및 재건축
SURVEY1,전남,도시/지역발전,도시정비/주거,주거,노후주택개보수
SURVEY1,전남,도시/지역발전,도시정비/주거,주거,산업단지내 쾌적한 근로 및 정주환경 조성
SURVEY1,전남,도시/지역발전,도시정비/주거,주거,실버주택공급
SURVEY1,전남,도시/지역발전,도시정비/주거,주거,전남형 공공임대주택공급
SURVEY1,전남,도시/지역발전,도시정비/주거,주거,취약계층 주거환경 개선
SURVEY1,전남,정치/행정자치,자치,대외협력,남해안상생발전
SURVEY1,전남,정치/행정자치,자치,대외협력,전남-광주협력
SURVEY1,전남,정치/행정자치,자치,대외협력,전남-수도권 협력
SURVEY1,전남,정치/행정자치,자치,주민자치,마을활동가 양성
SURVEY1,전남,정치/행정자치,자치,주민자치,주민정책참여활성화
SURVEY1,전남,정치/행정자치,자치,주민자치,주민참여마을공동체육성
SURVEY1,전남,정치/행정자치,행정,균형발전,공공기관추가이전
SURVEY1,전남,정치/행정자치,행정,균형발전,자치단체행정역량강화
SURVEY1,전남,정치/행정자치,행정,균형발전,지역인재채용확대
SURVEY1,전남,정치/행정자치,행정,행정구역개편,광주-전남 통합
SURVEY1,전남,정치/행정자치,행정,행정구역개편,목포-신안 통합
SURVEY1,전남,정치/행정자치,행정,행정구역개편,무안군 시승격
SURVEY1,전남,환경/소방/재난안전,자연관리,공원조성,국가갯벌습지정원 조성
SURVEY1,전남,환경/소방/재난안전,자연관리,공원조성,세계자연유산센터 건립
SURVEY1,전남,환경/소방/재난안전,자연관리,공원조성,영산강국가정원조성
SURVEY1,전남,환경/소방/재난안전,자연관리,산림녹지,국립난대수목원 건립
SURVEY1,전남,환경/소방/재난안전,자연관리,산림녹지,국립산림기술교육원 건립
SURVEY1,전남,환경/소방/재난안전,자연관리,산림녹지,산림환경보전
SURVEY1,전남,환경/소방/재난안전,자연관리,산림녹지,산불예방
SURVEY1,전남,환경/소방/재난안전,자연관리,자원순환,생활폐기물 재활용 촉진
SURVEY1,전남,환경/소방/재난안전,자연관리,자원순환,이차전지 재자원화
SURVEY1,전남,환경/소방/재난안전,자연관리,자원순환,해양 폐기물 재활용
SURVEY1,전남,환경/소방/재난안전,시민안전,사회재난,교통사고 줄이기
SURVEY1,전남,환경/소방/재난안전,시민안전,사회재난,민간사업장 재난 대비
SURVEY1,전남,환경/소방/재난안전,시민안전,사회재난,부실공사방지
SURVEY1,전남,환경/소방/재난안전,시민안전,사회재난,치안유지
SURVEY1,전남,환경/소방/재난안전,시민안전,안전정책,국립해양안전관 건립
SURVEY1,전남,환경/소방/재난안전,시민안전,안전정책,소방안전 인프라 확충
SURVEY1,전남,환경/소방/재난안전,시민안전,안전정책,여성 및 사회적 약자 안전 증진
SURVEY1,전남,환경/소방/재난안전,시민안전,자연재난,섬진강재해예방
SURVEY1,전남,환경/소방/재난안전,시민안전,자연재난,재난피해 예방시설 확충
SURVEY1,전남,환경/소방/재난안전,시민안전,자연재난,해양재난피해 예방
SURVEY1,전남,환경/소방/재난안전,오염관리,대기오염,친환경에너지보급
SURVEY1,전남,환경/소방/재난안전,오염관리,대기오염,친환경자동차보급
SURVEY1,전남,환경/소방/재난안전,오염관리,대기오염,탄소중립도시
SURVEY1,전남,환경/소방/재난안전,오염관리,물관리,갯벌생태보전
SURVEY1,전남,환경/소방/재난안전,오염관리,물관리,영산강수질관리
SURVEY1,전남,환경/소방/재난안전,오염관리,물관리,하수도정비
SURVEY1,전남,환경/소방/재난안전,오염관리,폐기물처리,생활폐기물 발생 저감
SURVEY1,전남,환경/소방/재난안전,오염관리,폐기물처리,영광원전 고준위폐기물
SURVEY1,전남,환경/소방/재난안전,오염관리,폐기물처리,영농폐기물 발생 저감
SURVEY1,전남,사회복지/문화/여성가족/건강/보건,여성가족정책,다문화,다문화가정 지원
SURVEY1,전남,사회복지/문화/여성가족/건강/보건,여성가족정책,다문화,이주노동자 생활 지원
SURVEY1,전남,사회복지/문화/여성가족/건강/보건,여성가족정책,다문화,이주노동자 확보 지원
SURVEY1,전남,사회복지/문화/여성가족/건강/보건,여성가족정책,여성,경력단절여성 지원
SURVEY1,전남,사회복지/문화/여성가족/건강/보건,여성가족정책,여성,여성 창업능력개발 지원
SURVEY1,전남,사회복지/문화/여성가족/건강/보건,여성가족정책,여성,여성농업인 복지서비스 강화
SURVEY1,전남,사회복지/문화/여성가족/건강/보건,여성가족정책,여성,여성일자리 창출
SURVEY1,전남,사회복지/문화/여성가족/건강/보건,여성가족정책,출산보육아동,공공산후조리원확충
SURVEY1,전남,사회복지/문화/여성가족/건강/보건,여성가족정책,출산보육아동,국공립어린이집확충
SURVEY1,전남,사회복지/문화/여성가족/건강/보건,여성가족정책,출산보육아동,난임부부지원
SURVEY1,전남,사회복지/문화/여성가족/건강/보건,여성가족정책,출산보육아동,아동급식지원
SURVEY1,전남,사회복지/문화/여성가족/건강/보건,여성가족정책,출산보육아동,첫만남이용권
SURVEY1,전남,사회복지/문화/여성가족/건강/보건,문화체육관광,관광,국립정원문화원건립
SURVEY1,전남,사회복지/문화/여성가족/건강/보건,문화체육관광,관광,남해안해양관광벨트조성
SURVEY1,전남,사회복지/문화/여성가족/건강/보건,문화체육관광,관광,여수세계박람회장개발
SURVEY1,전남,사회복지/문화/여성가족/건강/보건,문화체육관광,관광,해양관광공사설립
SURVEY1,전남,사회복지/문화/여성가족/건강/보건,문화체육관광,관광,해양수산박물관건립
SURVEY1,전남,사회복지/문화/여성가족/건강/보건,문화체육관광,문화,국립기와박물관 건립
SURVEY1,전남,사회복지/문화/여성가족/건강/보건,문화체육관광,문화,마한문화권 복원
SURVEY1,전남,사회복지/문화/여성가족/건강/보건,문화체육관광,문화,문화-예술 행사 개최
SURVEY1,전남,사회복지/문화/여성가족/건강/보건,문화체육관광,문화,역사-인문자원 발굴
SURVEY1,전남,사회복지/문화/여성가족/건강/보건,문화체육관광,문화,한국화미술관 건립
SURVEY1,전남,사회복지/문화/여성가족/건강/보건,문화체육관광,체육,2023년 전국체전 지원
SURVEY1,전남,사회복지/문화/여성가족/건강/보건,문화체육관광,체육,생활체육시설 확충
SURVEY1,전남,사회복지/문화/여성가족/건강/보건,문화체육관광,체육,장애인체육시설 확충
SURVEY1,전남,사회복지/문화/여성가족/건강/보건,문화체육관광,체육,체육인재개발원 건립
SURVEY1,전남,사회복지/문화/여성가족/건강/보건,보건복지,노인 및 장애인,노인 일자리 확충
SURVEY1,전남,사회복지/문화/여성가족/건강/보건,보건복지,노인 및 장애인,노인맞춤돌봄서비스
SURVEY1,전남,사회복지/문화/여성가족/건강/보건,보건복지,노인 및 장애인,마을경로당 공동작업장 확충
SURVEY1,전남,사회복지/문화/여성가족/건강/보건,보건복지,노인 및 장애인,장애인이동권 보장
SURVEY1,전남,사회복지/문화/여성가족/건강/보건,보건복지,보건,국가첨단의료복합단지 조성
SURVEY1,전남,사회복지/문화/여성가족/건강/보건,보건복지,보건,국립심뇌혈관센터 건립
SURVEY1,전남,사회복지/문화/여성가족/건강/보건,보건복지,보건,국립의과대학 설립
SURVEY1,전남,사회복지/문화/여성가족/건강/보건,보건복지,보건,남부권역종합의료센터 건립
SURVEY1,전남,사회복지/문화/여성가족/건강/보건,보건복지,보건,지역의료보건체계구축
SURVEY1,전남,사회복지/문화/여성가족/건강/보건,보건복지,사회복지,관광취약계층 여행지원금
SURVEY1,전남,사회복지/문화/여성가족/건강/보건,보건복지,사회복지,취약계층 복지서비스확충
SURVEY1,전남,사회복지/문화/여성가족/건강/보건,보건복지,사회복지,코로나 피해 취약계층지원
SURVEY1,전남,산업/경제,농축수산,농축산업,종자전문단지조성
SURVEY1,전남,산업/경제,농축수산,농축산업,첨단농산업융복합단지 조성
SURVEY1,전남,산업/경제,농축수산,농축산업,친환경축산육성
SURVEY1,전남,산업/경제,농축수산,식품,남도음식진흥원건립
SURVEY1,전남,산업/경제,농축수산,식품,발효식초단지건립
SURVEY1,전남,산업/경제,농축수산,식품,차전문단지건립
SURVEY1,전남,산업/경제,농축수산,식품,친환경농산물유통지원
SURVEY1,전남,산업/경제,농축수산,식품,푸드바이오산업육성
SURVEY1,전남,산업/경제,농축수산,해양수산,김산업혁신클러스터 조성
SURVEY1,전남,산업/경제,농축수산,해양수산,섬발전진흥연구원건립
SURVEY1,전남,산업/경제,농축수산,해양수산,수산물혁신클러스터 조성
SURVEY1,전남,산업/경제,농축수산,해양수산,스마트양식클러스터 구축
SURVEY1,전남,산업/경제,일자리경제,사회적경제,사회적경제 기반조성
SURVEY1,전남,산업/경제,일자리경제,사회적경제,사회적경제 인적자원 발굴 및 육성
SURVEY1,전남,산업/경제,일자리경제,사회적경제,사회적경제기업 지원
SURVEY1,전남,산업/경제,일자리경제,일자리경제,상생형지역일자리
SURVEY1,전남,산업/경제,일자리경제,일자리경제,신성장일자리
SURVEY1,전남,산업/경제,일자리경제,일자리경제,코로나 피해 소상공인지원
SURVEY1,전남,산업/경제,일자리경제,일자리경제,해상풍력관련일자리
SURVEY1,전남,산업/경제,일자리경제,투자유치,솔라시도 기업도시
SURVEY1,전남,산업/경제,일자리경제,투자유치,수도권기업 지방투자 촉진
SURVEY1,전남,산업/경제,일자리경제,투자유치,해외기업 유치
SURVEY1,전남,산업/경제,산업,기반산업,친환경선박클러스터 조성
SURVEY1,전남,산업/경제,산업,기반산업,탄소중립산단 조성
SURVEY1,전남,산업/경제,산업,기반산업,해양풍력발전산업육성
SURVEY1,전남,산업/경제,산업,미래산업,글로벌 데이터 클러스터 조성
SURVEY1,전남,산업/경제,산업,미래산업,드론산업클러스터 조성
SURVEY1,전남,산업/경제,산업,미래산업,바이오헬스 산업 육성
SURVEY1,전남,산업/경제,산업,미래산업,우주개발산업 육성
SURVEY1,전남,산업/경제,산업,미래산업,탄성소재벨트산업 육성
SURVEY1,전남,산업/경제,산업,에너지산업,그린수소단지 건립
SURVEY1,전남,산업/경제,산업,에너지산업,방사광가속기 유치
SURVEY1,전남,산업/경제,산업,에너지산업,에너지고속도로 구축
SURVEY1,전남,산업/경제,산업,에너지산업,한국에너지공대 지원
SURVEY1,전남,산업/경제,산업,에너지산업,해상풍력단지 조성
SURVEY1,경북,도시/지역발전,지역,인구감소대비,생활인구확대
SURVEY1,경북,도시/지역발전,지역,인구감소대비,일자리창출
SURVEY1,경북,도시/지역발전,지역,인구감소대비,청년인구유입
SURVEY1,경북,도시/지역발전,지역,지역발전,국립 노화연구소 건립
SURVEY1,경북,도시/지역발전,지역,지역발전,대구경북신공항 건설
SURVEY1,경북,도시/지역발전,지역,지역발전,"신한울 3,4호기 건설재개"
SURVEY1,경북,도시/지역발전,지역,지역발전,영일만대교 건설
SURVEY1,경북,도시/지역발전,지역,지역정책,2025 APEC 정상회의 경주 개최
SURVEY1,경북,도시/지역발전,지역,지역정책,새마을운동 세계화
SURVEY1,경북,도시/지역발전,지역,지역정책,지역소멸 대책
SURVEY1,경북,도시/지역발전,교통,대중교통 ,공유 킥보드 및 자전거 도입
SURVEY1,경북,도시/지역발전,교통,대중교통 ,수요응답형 통합교동체계 구축
SURVEY1,경북,도시/지역발전,교통,대중교통 ,중앙선 복선전철화
SURVEY1,경북,도시/지역발전,교통,도로,교통불균형 해소
SURVEY1,경북,도시/지역발전,교통,도로,대구경북신공항 연계교통망 구축
SURVEY1,경북,도시/지역발전,교통,도로,영일만 횡단 고속도로
SURVEY1,경북,도시/지역발전,교통,철도,KTX 구미역 신설
SURVEY1,경북,도시/지역발전,교통,철도,대구경북선 광역철도 건설
SURVEY1,경북,도시/지역발전,교통,철도,동해선 철도 복선전철화
SURVEY1,경북,도시/지역발전,교통,철도,중부권 동서횡단철도
SURVEY1,경북,도시/지역발전,도시정비/주택,도시재생,구도심 재생
SURVEY1,경북,도시/지역발전,도시정비/주택,도시재생,탈원전 정책 피해지역 개발
SURVEY1,경북,도시/지역발전,도시정비/주택,도시재생,폐교 및 폐역사 등 유휴자원 활용
SURVEY1,경북,도시/지역발전,도시정비/주택,도시정비,육군사관학교 안동 이전
SURVEY1,경북,도시/지역발전,도시정비/주택,도시정비,"재개발,재건축 활성화"
SURVEY1,경북,도시/지역발전,도시정비/주택,도시정비,전통시장 정비
SURVEY1,경북,도시/지역발전,도시정비/주택,주거 ,공공주택 건설
SURVEY1,경북,도시/지역발전,도시정비/주택,주거 ,임대주택 확충
SURVEY1,경북,도시/지역발전,도시정비/주택,주거 ,주거환경개선
SURVEY1,경북,정치/행정자치,정치,자치분권,경상북도 교육혁신 시범도시 조성
SURVEY1,경북,정치/행정자치,정치,자치분권,대구특별광역시 설치
SURVEY1,경북,정치/행정자치,정치,자치분권,원전건설중단 피해지원 및 보상 특별볍 제정
SURVEY1,경북,정치/행정자치,정치,지방정부/의회,지방의회 역량강화
SURVEY1,경북,정치/행정자치,정치,지방정부/의회,지방정부 재정자립성
SURVEY1,경북,정치/행정자치,행정,균형발전,DGIST 경북캠퍼스 설치
SURVEY1,경북,정치/행정자치,행정,균형발전,공공기관이전
SURVEY1,경북,정치/행정자치,행정,균형발전,의과대학 설립
SURVEY1,경북,정치/행정자치,행정,균형발전,지방대학 지원
SURVEY1,경북,정치/행정자치,행정,행정혁신,공공기관 지역인재 의무채용
SURVEY1,경북,정치/행정자치,행정,행정혁신,대구경북 행정통합
SURVEY1,경북,환경/소방/재난안전,소방/재난안전,소방,경북 산불특수진화대 설치
SURVEY1,경북,환경/소방/재난안전,소방/재난안전,소방,경북지역 초대형 산불진화 헬기보강
SURVEY1,경북,환경/소방/재난안전,소방/재난안전,소방,소방공무원 근무여건 개선
SURVEY1,경북,환경/소방/재난안전,소방/재난안전,소방,소방청사 신개축
SURVEY1,경북,환경/소방/재난안전,소방/재난안전,안전/치안,CCTV 설치
SURVEY1,경북,환경/소방/재난안전,소방/재난안전,안전/치안,여성안심귀가서비스
SURVEY1,경북,환경/소방/재난안전,소방/재난안전,안전/치안,코로나19 관련 위법
SURVEY1,경북,환경/소방/재난안전,소방/재난안전,재난,국립 지진방재연구원 설립
SURVEY1,경북,환경/소방/재난안전,소방/재난안전,재난,빅데이터 기반 재난 정보시스템
SURVEY1,경북,환경/소방/재난안전,소방/재난안전,재난,울산산불피해 복구 및 지원
SURVEY1,경북,환경/소방/재난안전,오염관리,기후대기,독도 기후변화 지표섬 프로젝트
SURVEY1,경북,환경/소방/재난안전,오염관리,기후대기,미세먼지 저감
SURVEY1,경북,환경/소방/재난안전,오염관리,기후대기,탄소중립 에너지 미래관 건립
SURVEY1,경북,환경/소방/재난안전,오염관리,물관리,낙동강 수질 개선
SURVEY1,경북,환경/소방/재난안전,오염관리,물관리,수질유해물질 배출량 저감
SURVEY1,경북,환경/소방/재난안전,오염관리,물관리,하수처리장 증설 및 개량
SURVEY1,경북,환경/소방/재난안전,오염관리,폐기물,폐기물 부담금 신설
SURVEY1,경북,환경/소방/재난안전,오염관리,폐기물,폐기물 재활용 활성화
SURVEY1,경북,환경/소방/재난안전,오염관리,폐기물,폐기물 처리시설 확충
SURVEY1,경북,환경/소방/재난안전,환경관리,공원,가로환경개선
SURVEY1,경북,환경/소방/재난안전,환경관리,공원,국립 백두대간 생추어리 조성
SURVEY1,경북,환경/소방/재난안전,환경관리,공원,호미곶 국가해양정원 조성
SURVEY1,경북,환경/소방/재난안전,환경관리,산림녹지,국립 산림레포츠진흥센터 조성
SURVEY1,경북,환경/소방/재난안전,환경관리,산림녹지,낙동강 생태복원
SURVEY1,경북,환경/소방/재난안전,환경관리,산림녹지,환동해 역사문화 생태계 조성
SURVEY1,경북,환경/소방/재난안전,환경관리,자원순환,미세플라스틱 저감
SURVEY1,경북,환경/소방/재난안전,환경관리,자원순환,업사이클 지원
SURVEY1,경북,환경/소방/재난안전,환경관리,자원순환,재활용품 공공기관 의무구매
SURVEY1,경북,사회복지/문화/여성가족/건강/보건,복지,노인,경로당 개편
SURVEY1,경북,사회복지/문화/여성가족/건강/보건,복지,노인,노인생활체육
SURVEY1,경북,사회복지/문화/여성가족/건강/보건,복지,노인,노인전문병원 및 치매병원 설치
SURVEY1,경북,사회복지/문화/여성가족/건강/보건,복지,노인,평생교육
SURVEY1,경북,사회복지/문화/여성가족/건강/보건,복지,아동여성청소년,국공립어린이집 확대
SURVEY1,경북,사회복지/문화/여성가족/건강/보건,복지,아동여성청소년,무상아침급식
SURVEY1,경북,사회복지/문화/여성가족/건강/보건,복지,아동여성청소년,생리대지원
SURVEY1,경북,사회복지/문화/여성가족/건강/보건,복지,장애인/이주민,국립 이민사회통합교육원 설립
SURVEY1,경북,사회복지/문화/여성가족/건강/보건,복지,장애인/이주민,이민사회통합교육법 제정
SURVEY1,경북,사회복지/문화/여성가족/건강/보건,복지,장애인/이주민,장애인복지지설 확대
SURVEY1,경북,사회복지/문화/여성가족/건강/보건,복지,장애인/이주민,장애인일자리확대
SURVEY1,경북,사회복지/문화/여성가족/건강/보건,복지,장애인/이주민,저상버스 보급 확대
SURVEY1,경북,사회복지/문화/여성가족/건강/보건,보건,공공의료,공공의료 불균형 해소
SURVEY1,경북,사회복지/문화/여성가족/건강/보건,보건,공공의료,국립공공보건의료대학 유치
SURVEY1,경북,사회복지/문화/여성가족/건강/보건,보건,공공의료,종합병원 설립
SURVEY1,경북,사회복지/문화/여성가족/건강/보건,보건,보건위생/감염병,무료예방접종 도입
SURVEY1,경북,사회복지/문화/여성가족/건강/보건,보건,보건위생/감염병,지역건강 돌봄시스템 구축
SURVEY1,경북,사회복지/문화/여성가족/건강/보건,보건,보건위생/감염병,지역의료보건체계 구축
SURVEY1,경북,사회복지/문화/여성가족/건강/보건,보건,저출산,공공산후조리원  설립
SURVEY1,경북,사회복지/문화/여성가족/건강/보건,보건,저출산,분만인프라 구축
SURVEY1,경북,사회복지/문화/여성가족/건강/보건,보건,저출산,육아 기본수당 확대
SURVEY1,경북,사회복지/문화/여성가족/건강/보건,문화관광체육,관광,K-관광컨텐츠 개발
SURVEY1,경북,사회복지/문화/여성가족/건강/보건,문화관광체육,관광,낙동 문화탐방 플랫폼 조성
SURVEY1,경북,사회복지/문화/여성가족/건강/보건,문화관광체육,관광,낙동강 철기로드 조성
SURVEY1,경북,사회복지/문화/여성가족/건강/보건,문화관광체육,관광,해양레저복합지구 조성
SURVEY1,경북,사회복지/문화/여성가족/건강/보건,문화관광체육,문화예술/유산,K-컨텐츠산업 진흥
SURVEY1,경북,사회복지/문화/여성가족/건강/보건,문화관광체육,문화예술/유산,낙동문화권 에코뮤지엄 조성
SURVEY1,경북,사회복지/문화/여성가족/건강/보건,문화관광체육,문화예술/유산,전통문화 계승홍보
SURVEY1,경북,사회복지/문화/여성가족/건강/보건,문화관광체육,체육,국제스포츠대회 유치
SURVEY1,경북,사회복지/문화/여성가족/건강/보건,문화관광체육,체육,생활스포츠 인프라확충
SURVEY1,경북,사회복지/문화/여성가족/건강/보건,문화관광체육,체육,지역체육 공동체화
SURVEY1,경북,산업/경제,농림축산,가축전염병,가축방역
SURVEY1,경북,산업/경제,농림축산,가축전염병,가축백신지원
SURVEY1,경북,산업/경제,농림축산,가축전염병,동식물검역
SURVEY1,경북,산업/경제,농림축산,가축전염병,살처분보상
SURVEY1,경북,산업/경제,농림축산,농축산,경북농업과학기술연구원 건립
SURVEY1,경북,산업/경제,농림축산,농축산,경북스마트 농업클러스터 구축
SURVEY1,경북,산업/경제,농림축산,농축산,농산물위생검사
SURVEY1,경북,산업/경제,농림축산,농축산,주민참여돌볼농장 조성
SURVEY1,경북,산업/경제,농림축산,농축산,축산물이력관리
SURVEY1,경북,산업/경제,농림축산,소득보전,농가직불제
SURVEY1,경북,산업/경제,농림축산,소득보전,농산물 가격보존
SURVEY1,경북,산업/경제,농림축산,소득보전,농산물수급안정
SURVEY1,경북,산업/경제,농림축산,소득보전,자연재난시 농가구호
SURVEY1,경북,산업/경제,일자리경제,민생경제,농민수당 지원 확대
SURVEY1,경북,산업/경제,일자리경제,민생경제,중소영세 자영업자 생계 지원
SURVEY1,경북,산업/경제,일자리경제,민생경제,코로나 손실보상
SURVEY1,경북,산업/경제,일자리경제,사회적경제,ESG 도입
SURVEY1,경북,산업/경제,일자리경제,사회적경제,사회적경제 공제조합 육성
SURVEY1,경북,산업/경제,일자리경제,사회적경제,이웃사촌 청년마을 조성
SURVEY1,경북,산업/경제,일자리경제,일자리,고령친화적사업장구축
SURVEY1,경북,산업/경제,일자리경제,일자리,지역인재채용
SURVEY1,경북,산업/경제,일자리경제,일자리,청년고용할당
SURVEY1,경북,산업/경제,산업,산업단지,SMR 특화 국가산업단지 조성
SURVEY1,경북,산업/경제,산업,산업단지,구미하이테크밸리 임대전용 산업단지 조성
SURVEY1,경북,산업/경제,산업,산업단지,대구경북신공항 첨단 특화단지 조성
SURVEY1,경북,산업/경제,산업,산업단지,백신첨단 투자지구 지정
SURVEY1,경북,산업/경제,산업,에너지산업,경북에너지공사 설립
SURVEY1,경북,산업/경제,산업,에너지산업,"그린수소 생산, 실증단지 구축"
SURVEY1,경북,산업/경제,산업,에너지산업,첨단원자력연구센터 설립
SURVEY1,경북,산업/경제,산업,에너지산업,포항 신항 수소 복합터미널 구축
SURVEY1,경북,산업/경제,산업,혁신산업,국립 해양생물 종복원센터 건립
SURVEY1,경북,산업/경제,산업,혁신산업,미래자동차 디지털 핵심 전장시스템 기반육성
SURVEY1,경북,산업/경제,산업,혁신산업,백신산업클러스터 조성
SURVEY1,경북,산업/경제,산업,혁신산업,혁신형 벤처타운 조성
SURVEY1,경남,도시/지역발전,지역균형발전,부울경 메가시티,부울경 혁신도시 네트워크 구축
SURVEY1,경남,도시/지역발전,지역균형발전,부울경 메가시티,영호남 1시간 생활권 구축
SURVEY1,경남,도시/지역발전,지역균형발전,부울경 메가시티,지역산업 생태계 강화
SURVEY1,경남,도시/지역발전,지역균형발전,부울경 메가시티,항노화 산업
SURVEY1,경남,도시/지역발전,지역균형발전,서부경남발전,G-시티(경남형 첨단산업연구개발단지) 구축
SURVEY1,경남,도시/지역발전,지역균형발전,서부경남발전,미래인재양성
SURVEY1,경남,도시/지역발전,지역균형발전,서부경남발전,항공우주 혁신타운 조성
SURVEY1,경남,도시/지역발전,지역균형발전,서부경남발전,항공우주청 유치
SURVEY1,경남,도시/지역발전,지역균형발전,혁신도시,LH 지역인재 채용
SURVEY1,경남,도시/지역발전,지역균형발전,혁신도시,진주혁신도시 확대
SURVEY1,경남,도시/지역발전,지역균형발전,혁신도시,쿠팡 물류센터 협약 이행
SURVEY1,경남,도시/지역발전,지역균형발전,혁신도시,혁신도시 정주여건 강화
SURVEY1,경남,도시/지역발전,도시계획/주택건축,건축,난개발 방지
SURVEY1,경남,도시/지역발전,도시계획/주택건축,건축,토지거래허가구역 투기지역 지정
SURVEY1,경남,도시/지역발전,도시계획/주택건축,도시계획,군사보호구역 축소
SURVEY1,경남,도시/지역발전,도시계획/주택건축,도시계획,비행안전 고도 제한 완화
SURVEY1,경남,도시/지역발전,도시계획/주택건축,주택,공공임대주택 확충
SURVEY1,경남,도시/지역발전,도시계획/주택건축,주택,부동산 가격 안정
SURVEY1,경남,도시/지역발전,도시계획/주택건축,주택,청년내일주택
SURVEY1,경남,도시/지역발전,도시계획/주택건축,주택,취약계층 주거지원
SURVEY1,경남,도시/지역발전,도로/교통,교통인프라,거가대교 통행료 인하
SURVEY1,경남,도시/지역발전,도로/교통,교통인프라,남해-여수 해저터널 건설
SURVEY1,경남,도시/지역발전,도로/교통,교통인프라,마창대교 통행료 인하
SURVEY1,경남,도시/지역발전,도로/교통,대중교통,100원 택시 확대
SURVEY1,경남,도시/지역발전,도로/교통,대중교통,관역간선 급행버스(BRT) 도입
SURVEY1,경남,도시/지역발전,도로/교통,대중교통,광역대중교통
SURVEY1,경남,도시/지역발전,도로/교통,대중교통,환승 할인
SURVEY1,경남,도시/지역발전,도로/교통,철도,고속철도(KTX) 노선 확충
SURVEY1,경남,도시/지역발전,도로/교통,철도,광역급행열차 도입
SURVEY1,경남,도시/지역발전,도로/교통,철도,광역철도 추진
SURVEY1,경남,도시/지역발전,도로/교통,철도,전철 확대
SURVEY1,경남,도시/지역발전,도로/교통,철도,창원수소트램 지원
SURVEY1,경남,정치/행정자치,광역협력,광역공동사무,남부권 광역관광개발 
SURVEY1,경남,정치/행정자치,광역협력,광역공동사무,부울경 광역공동사무 발굴
SURVEY1,경남,정치/행정자치,광역협력,광역공동사무,부울경 통합환승체계 도입
SURVEY1,경남,정치/행정자치,광역협력,광역인프라,광역 급해열차 도입
SURVEY1,경남,정치/행정자치,광역협력,광역인프라,광역BRT 도입
SURVEY1,경남,정치/행정자치,광역협력,광역인프라,광역도로망 구축
SURVEY1,경남,정치/행정자치,광역협력,광역인프라,광역철도망 구축
SURVEY1,경남,정치/행정자치,광역협력,광역인프라,진주-울산 준고속열차 연장 운행
SURVEY1,경남,정치/행정자치,행정자치,자치분권,마을공동체 육성
SURVEY1,경남,정치/행정자치,행정자치,자치분권,자치경찰제 강화
SURVEY1,경남,정치/행정자치,행정자치,자치분권,자치입법권 확대
SURVEY1,경남,정치/행정자치,행정자치,자치분권,주민자치위원회 활성화
SURVEY1,경남,정치/행정자치,행정자치,자치분권,지방의회 입법역량 강화
SURVEY1,경남,정치/행정자치,행정자치,정부혁신/협치, 주민참여 확대
SURVEY1,경남,정치/행정자치,행정자치,정부혁신/협치,민관협치 기본계획 수립
SURVEY1,경남,정치/행정자치,행정자치,정부혁신/협치,위원회 정비
SURVEY1,경남,환경/소방/재난안전,산림녹지,공원,지리산 국립공원 관리
SURVEY1,경남,환경/소방/재난안전,산림녹지,공원,하천정비
SURVEY1,경남,환경/소방/재난안전,산림녹지,공원,한-아세안 국가정원 조성
SURVEY1,경남,환경/소방/재난안전,산림녹지,녹지,그린벨트 관리
SURVEY1,경남,환경/소방/재난안전,산림녹지,녹지,도시숲/마을숲 조성
SURVEY1,경남,환경/소방/재난안전,산림녹지,녹지,습지 보전
SURVEY1,경남,환경/소방/재난안전,산림녹지,녹지,야생동물보호
SURVEY1,경남,환경/소방/재난안전,산림녹지,산림,산불예방
SURVEY1,경남,환경/소방/재난안전,산림녹지,산림,생태관광 활성화
SURVEY1,경남,환경/소방/재난안전,산림녹지,산림,임업직불제 도입
SURVEY1,경남,환경/소방/재난안전,소방안전,방재,대형산불 예방
SURVEY1,경남,환경/소방/재난안전,소방안전,방재,산업재해 대책
SURVEY1,경남,환경/소방/재난안전,소방안전,방재,상습침수피해 예방
SURVEY1,경남,환경/소방/재난안전,소방안전,소방,소방인력 확보
SURVEY1,경남,환경/소방/재난안전,소방안전,소방,소방장비 현대화
SURVEY1,경남,환경/소방/재난안전,소방안전,소방,응급의료체계 확충
SURVEY1,경남,환경/소방/재난안전,소방안전,안전,고령자 교통안전
SURVEY1,경남,환경/소방/재난안전,소방안전,안전,국가기록원 안전기록관 설립
SURVEY1,경남,환경/소방/재난안전,소방안전,안전,부실공사 예방
SURVEY1,경남,환경/소방/재난안전,소방안전,안전,사회적 약자 안전 증진
SURVEY1,경남,환경/소방/재난안전,소방안전,안전,어린이 통학로 안전
SURVEY1,경남,환경/소방/재난안전,환경보전,기후대기,공기청정기 설치 보급
SURVEY1,경남,환경/소방/재난안전,환경보전,기후대기,미세먼지 저감
SURVEY1,경남,환경/소방/재난안전,환경보전,기후대기,신재생 에너지 확대
SURVEY1,경남,환경/소방/재난안전,환경보전,기후대기,전기수소버스 도입
SURVEY1,경남,환경/소방/재난안전,환경보전,기후대기,친환경 자동차 보급 확대
SURVEY1,경남,환경/소방/재난안전,환경보전,수질관리,상수원 수질 관리
SURVEY1,경남,환경/소방/재난안전,환경보전,수질관리,지하수 보호
SURVEY1,경남,환경/소방/재난안전,환경보전,수질관리,하수처리 능력 극대화
SURVEY1,경남,환경/소방/재난안전,환경보전,수질관리,함양댐 건설
SURVEY1,경남,환경/소방/재난안전,환경보전,폐기물관리,쓰레기 종량제
SURVEY1,경남,환경/소방/재난안전,환경보전,폐기물관리,일회용품 저감
SURVEY1,경남,환경/소방/재난안전,환경보전,폐기물관리,친환경 건축 지원
SURVEY1,경남,환경/소방/재난안전,환경보전,폐기물관리,해양쓰레기 수거
SURVEY1,경남,사회복지/문화/여성가족/건강/보건,문화관광체육,가야문화유산,국가 문화재 지정 및 승격
SURVEY1,경남,사회복지/문화/여성가족/건강/보건,문화관광체육,가야문화유산,문화관광권 조성
SURVEY1,경남,사회복지/문화/여성가족/건강/보건,문화관광체육,가야문화유산,박물관 고도화
SURVEY1,경남,사회복지/문화/여성가족/건강/보건,문화관광체육,관광진흥,MICE산업 육성
SURVEY1,경남,사회복지/문화/여성가족/건강/보건,문화관광체육,관광진흥,설산습지 생태환경 조성
SURVEY1,경남,사회복지/문화/여성가족/건강/보건,문화관광체육,관광진흥,지리산권 힐링관광휴양벨트 조성
SURVEY1,경남,사회복지/문화/여성가족/건강/보건,문화관광체육,관광진흥,진주박물관 이전
SURVEY1,경남,사회복지/문화/여성가족/건강/보건,문화관광체육,관광진흥,해양관광 활성화
SURVEY1,경남,사회복지/문화/여성가족/건강/보건,문화관광체육,문화예술체육,섬 문화예술 행사 활성화
SURVEY1,경남,사회복지/문화/여성가족/건강/보건,문화관광체육,문화예술체육,섬진강문화예술벨트 조성
SURVEY1,경남,사회복지/문화/여성가족/건강/보건,문화관광체육,문화예술체육,해양스포츠 선수촌 유치
SURVEY1,경남,사회복지/문화/여성가족/건강/보건,보건복지,노인복지,경로당 시설 개선
SURVEY1,경남,사회복지/문화/여성가족/건강/보건,보건복지,노인복지,노인 맞춤돌봄 서비스
SURVEY1,경남,사회복지/문화/여성가족/건강/보건,보건복지,노인복지,노인 일자리 수당
SURVEY1,경남,사회복지/문화/여성가족/건강/보건,보건복지,노인복지,노인 일자리 확충
SURVEY1,경남,사회복지/문화/여성가족/건강/보건,보건복지,보건행정,국립트라우마 치유복합단지 조성
SURVEY1,경남,사회복지/문화/여성가족/건강/보건,보건복지,보건행정,서부경남 의료복지타운 조성
SURVEY1,경남,사회복지/문화/여성가족/건강/보건,보건복지,보건행정,의대 유치
SURVEY1,경남,사회복지/문화/여성가족/건강/보건,보건복지,보건행정,지역응급의료센터 확충
SURVEY1,경남,사회복지/문화/여성가족/건강/보건,보건복지,보건행정,진주 공공의료원 설립
SURVEY1,경남,사회복지/문화/여성가족/건강/보건,보건복지,장애인복지,교육지원센터 기능전환
SURVEY1,경남,사회복지/문화/여성가족/건강/보건,보건복지,장애인복지,복지문화관 확충
SURVEY1,경남,사회복지/문화/여성가족/건강/보건,보건복지,장애인복지,재활병원 및 건강검진기관 유치
SURVEY1,경남,사회복지/문화/여성가족/건강/보건,보건복지,장애인복지,특수학교 설립
SURVEY1,경남,사회복지/문화/여성가족/건강/보건,여성가족아동,가족/다문화 지원,공공산후조리원 설치
SURVEY1,경남,사회복지/문화/여성가족/건강/보건,여성가족아동,가족/다문화 지원,국공립 및 공공형 어린이집 확대
SURVEY1,경남,사회복지/문화/여성가족/건강/보건,여성가족아동,가족/다문화 지원,다문화교육 강화
SURVEY1,경남,사회복지/문화/여성가족/건강/보건,여성가족아동,가족/다문화 지원,어린이안전보험 가입
SURVEY1,경남,사회복지/문화/여성가족/건강/보건,여성가족아동,가족/다문화 지원,유니세프 아동친화도시 인증 추진
SURVEY1,경남,사회복지/문화/여성가족/건강/보건,여성가족아동,가족/다문화 지원,찾아가는 산부인과
SURVEY1,경남,사회복지/문화/여성가족/건강/보건,여성가족아동,아동청소년/교육,DGIST 분원 유치
SURVEY1,경남,사회복지/문화/여성가족/건강/보건,여성가족아동,아동청소년/교육,교복 무상 지원
SURVEY1,경남,사회복지/문화/여성가족/건강/보건,여성가족아동,아동청소년/교육,등하교 안심알리미
SURVEY1,경남,사회복지/문화/여성가족/건강/보건,여성가족아동,아동청소년/교육,전면 무상 급식
SURVEY1,경남,사회복지/문화/여성가족/건강/보건,여성가족아동,아동청소년/교육,초등돌봄안전교실 책임 운영
SURVEY1,경남,사회복지/문화/여성가족/건강/보건,여성가족아동,여성정책,여성능력개발센터 기능 강화
SURVEY1,경남,사회복지/문화/여성가족/건강/보건,여성가족아동,여성정책,여성안전망 구축
SURVEY1,경남,사회복지/문화/여성가족/건강/보건,여성가족아동,여성정책,중장년 여성 희망 일자리 창출 지원
SURVEY1,경남,산업/경제,해양농수축산,농업정책,공익형 직불제
SURVEY1,경남,산업/경제,해양농수축산,농업정책,농기계 지원
SURVEY1,경남,산업/경제,해양농수축산,농업정책,시설 현대화
SURVEY1,경남,산업/경제,해양농수축산,농업정책,재해보조비율 확대
SURVEY1,경남,산업/경제,해양농수축산,농업정책,청년농업인 지원
SURVEY1,경남,산업/경제,해양농수축산,축산/동물방역,농수축산위원회 설치
SURVEY1,경남,산업/경제,해양농수축산,축산/동물방역,농축산 브랜드 육성/명품화
SURVEY1,경남,산업/경제,해양농수축산,축산/동물방역,반려동물 테마공원 설치
SURVEY1,경남,산업/경제,해양농수축산,해양수산,경남항만공사 설립
SURVEY1,경남,산업/경제,해양농수축산,해양수산,경제자유구역청 관리권 이양
SURVEY1,경남,산업/경제,해양농수축산,해양수산,제2신항 조기착공
SURVEY1,경남,산업/경제,해양농수축산,해양수산,하역능력 향상
SURVEY1,경남,산업/경제,경제/일자리,일자리,내일공제 확대
SURVEY1,경남,산업/경제,경제/일자리,일자리,재취업자 직업전환 프로그램
SURVEY1,경남,산업/경제,경제/일자리,일자리,지역인재 채용할당제 확대
SURVEY1,경남,산업/경제,경제/일자리,일자리,청년일거리플러스 플랫폼
SURVEY1,경남,산업/경제,경제/일자리,일자리,행복일자리 적금
SURVEY1,경남,산업/경제,경제/일자리,일자리,협력사 임금격차 해소
SURVEY1,경남,산업/경제,경제/일자리,중소벤처,경제혁신특별회계 도입
SURVEY1,경남,산업/경제,경제/일자리,중소벤처,스타트업 지원
SURVEY1,경남,산업/경제,경제/일자리,중소벤처,시제품 제작 지원
SURVEY1,경남,산업/경제,경제/일자리,중소상공인,상권빅데이터 모바일 플랫폼 구축
SURVEY1,경남,산업/경제,경제/일자리,중소상공인,중소상공인 신용보증 확대
SURVEY1,경남,산업/경제,경제/일자리,중소상공인,카드 수수료 제로화
SURVEY1,경남,산업/경제,산업혁신,신산업,5G국가선도사업 유치
SURVEY1,경남,산업/경제,산업혁신,신산업,IOT 산업 육성
SURVEY1,경남,산업/경제,산업혁신,신산업,마산로봇랜드 활성화
SURVEY1,경남,산업/경제,산업혁신,신산업,소프트웨어산업진흥원 설립
SURVEY1,경남,산업/경제,산업혁신,에너지산업,SMR 기술 개발
SURVEY1,경남,산업/경제,산업혁신,에너지산업,수소경제플랫폼 구축
SURVEY1,경남,산업/경제,산업혁신,에너지산업,파워모듈 기술고도화
SURVEY1,경남,산업/경제,산업혁신,에너지산업,한국형 원전산업 복원
SURVEY1,경남,산업/경제,산업혁신,에너지산업,해상풍력설비 특화단지 구축
SURVEY1,경남,산업/경제,산업혁신,제조업 혁신,R&D특구
SURVEY1,경남,산업/경제,산업혁신,제조업 혁신,미래 자동차 클러스터
SURVEY1,경남,산업/경제,산업혁신,제조업 혁신,첨단소재부품산업
SURVEY1,경남,산업/경제,산업혁신,제조업 혁신,친환경 선박클러스터
SURVEY1,경남,산업/경제,산업혁신,제조업 혁신,해양플랜트 국가산단
SURVEY1,제주,도시/지역발전,교통항공,공항확충,제2공항 건립
SURVEY1,제주,도시/지역발전,교통항공,공항확충,제주공항공사 설립
SURVEY1,제주,도시/지역발전,교통항공,공항확충,허브공항 육성
SURVEY1,제주,도시/지역발전,교통항공,대중교통,공영버스 확대
SURVEY1,제주,도시/지역발전,교통항공,대중교통,대중교통 이용자 지원 확대
SURVEY1,제주,도시/지역발전,교통항공,대중교통,대중교통급행버스 확대
SURVEY1,제주,도시/지역발전,교통항공,대중교통,제주 일주 경전철설치
SURVEY1,제주,도시/지역발전,교통항공,도로교통,도심주차난 해소
SURVEY1,제주,도시/지역발전,교통항공,도로교통,제주순환도로체계 수립
SURVEY1,제주,도시/지역발전,교통항공,도로교통,친환경 물류체계구축
SURVEY1,제주,도시/지역발전,교통항공,도로교통,호남-제주해저터널
SURVEY1,제주,도시/지역발전,해운항만,해상교통,국제카페리 활성화
SURVEY1,제주,도시/지역발전,해운항만,해상교통,도서지역 해상교통
SURVEY1,제주,도시/지역발전,해운항만,해상교통,해상교통안전
SURVEY1,제주,도시/지역발전,해운항만,해상운송,도내외 광역물류서비스 개선
SURVEY1,제주,도시/지역발전,해운항만,해상운송,지능형 물류연계체계구성
SURVEY1,제주,도시/지역발전,해운항만,해상운송,혁신물류배후단지 조성
SURVEY1,제주,도시/지역발전,해운항만,해운항만,강정마을 공동체회복
SURVEY1,제주,도시/지역발전,해운항만,해운항만,어촌어항특화개발
SURVEY1,제주,도시/지역발전,해운항만,해운항만,제주국가항만 인프라확충
SURVEY1,제주,도시/지역발전,해운항만,해운항만,크루즈항만조성
SURVEY1,제주,도시/지역발전,해운항만,해운항만,해양레저복합단지
SURVEY1,제주,도시/지역발전,도시/지역개발,도시계획재생,구도심 주거환경 개선
SURVEY1,제주,도시/지역발전,도시/지역개발,도시계획재생,구도심재생사업
SURVEY1,제주,도시/지역발전,도시/지역개발,도시계획재생,여성-아동친화적 도시공간 조성
SURVEY1,제주,도시/지역발전,도시/지역개발,도시계획재생,재개발 및 재건축
SURVEY1,제주,도시/지역발전,도시/지역개발,도시계획재생,전통시장 정비
SURVEY1,제주,도시/지역발전,도시/지역개발,주거,공공임대주택확충
SURVEY1,제주,도시/지역발전,도시/지역개발,주거,노후주택재개발
SURVEY1,제주,도시/지역발전,도시/지역개발,주거,빈집활용방안 마련
SURVEY1,제주,도시/지역발전,도시/지역개발,주거,주택시장 안정화
SURVEY1,제주,도시/지역발전,도시/지역개발,주거,청년주거정책확대
SURVEY1,제주,도시/지역발전,도시/지역개발,지역개발,공항복합도시 건설
SURVEY1,제주,도시/지역발전,도시/지역개발,지역개발,국제자유도시 확대
SURVEY1,제주,도시/지역발전,도시/지역개발,지역개발,난개발방지
SURVEY1,제주,도시/지역발전,도시/지역개발,지역개발,지역균형개발
SURVEY1,제주,정치/행정자치,자치,대외협력,제주국제교류센터 설립
SURVEY1,제주,정치/행정자치,자치,대외협력,제주포럼 경쟁력 강화
SURVEY1,제주,정치/행정자치,자치,대외협력,해외 도시와 교류강화
SURVEY1,제주,정치/행정자치,자치,주민자치,주민자치센터활성화
SURVEY1,제주,정치/행정자치,자치,주민자치,주민자치회 활성화
SURVEY1,제주,정치/행정자치,자치,주민자치,주민정책참여활성화
SURVEY1,제주,정치/행정자치,행정자치,4.3지원,4.3진상조사
SURVEY1,제주,정치/행정자치,행정자치,4.3지원,4.3추모제
SURVEY1,제주,정치/행정자치,행정자치,4.3지원,4.3희생자지원
SURVEY1,제주,정치/행정자치,행정자치,행정자치,제주지방법원서귀포지원설치
SURVEY1,제주,정치/행정자치,행정자치,행정자치,제주특별행정지원청설치
SURVEY1,제주,정치/행정자치,행정자치,행정자치,행정시장러닝메이트제
SURVEY1,제주,환경/소방/재난안전,자연관리,국립공원관리,생태관광활성화
SURVEY1,제주,환경/소방/재난안전,자연관리,국립공원관리,습지보호
SURVEY1,제주,환경/소방/재난안전,자연관리,국립공원관리,제주국립공원확대지정
SURVEY1,제주,환경/소방/재난안전,자연관리,산림녹지,경관자원 관리
SURVEY1,제주,환경/소방/재난안전,자연관리,산림녹지,산림치유 공간 확대
SURVEY1,제주,환경/소방/재난안전,자연관리,산림녹지,우수 자연자원 보전지역 확대
SURVEY1,제주,환경/소방/재난안전,자연관리,자원순환,순환자원혁신클러스터 조성
SURVEY1,제주,환경/소방/재난안전,자연관리,자원순환,재활용산업 활성화
SURVEY1,제주,환경/소방/재난안전,자연관리,자원순환,환경보전기여금
SURVEY1,제주,환경/소방/재난안전,시민안전,사회재난,교통사고 예방
SURVEY1,제주,환경/소방/재난안전,시민안전,사회재난,부실공사방지
SURVEY1,제주,환경/소방/재난안전,시민안전,사회재난,육상 및 해양오염 피해 방지
SURVEY1,제주,환경/소방/재난안전,시민안전,사회재난,치안유지
SURVEY1,제주,환경/소방/재난안전,시민안전,안전정책,신속한 재난대응체계구축
SURVEY1,제주,환경/소방/재난안전,시민안전,안전정책,안전망 강화
SURVEY1,제주,환경/소방/재난안전,시민안전,안전정책,안전취약계층 교육 확대
SURVEY1,제주,환경/소방/재난안전,시민안전,안전정책,응급의료시스템 개선
SURVEY1,제주,환경/소방/재난안전,시민안전,안전정책,주민참여형 안전 정책
SURVEY1,제주,환경/소방/재난안전,시민안전,자연재난,독립적방재태세구축
SURVEY1,제주,환경/소방/재난안전,시민안전,자연재난,생활밀착형재해관리
SURVEY1,제주,환경/소방/재난안전,시민안전,자연재난,재난대응체계고도화
SURVEY1,제주,환경/소방/재난안전,오염관리,대기오염,미세먼지저감
SURVEY1,제주,환경/소방/재난안전,오염관리,대기오염,재생에너지 사용확대
SURVEY1,제주,환경/소방/재난안전,오염관리,대기오염,전기차배터리관리
SURVEY1,제주,환경/소방/재난안전,오염관리,대기오염,전기차충전인프라구축
SURVEY1,제주,환경/소방/재난안전,오염관리,물관리,지하수보호
SURVEY1,제주,환경/소방/재난안전,오염관리,물관리,하수처리개선
SURVEY1,제주,환경/소방/재난안전,오염관리,물관리,해양쓰레기감소
SURVEY1,제주,환경/소방/재난안전,오염관리,폐기물관리,친환경건축활성화
SURVEY1,제주,환경/소방/재난안전,오염관리,폐기물관리,폐기물발전 보급사업
SURVEY1,제주,환경/소방/재난안전,오염관리,폐기물관리,해양쓰레기수거처리시설확충
SURVEY1,제주,사회복지/문화/여성가족/건강/보건,문화체육관광,관광정책,관광사업체 회생지원
SURVEY1,제주,사회복지/문화/여성가족/건강/보건,문화체육관광,관광정책,관광청 설립
SURVEY1,제주,사회복지/문화/여성가족/건강/보건,문화체육관광,관광정책,지역공존형 관광개발
SURVEY1,제주,사회복지/문화/여성가족/건강/보건,문화체육관광,관광정책,카지노산업 경쟁력 강화
SURVEY1,제주,사회복지/문화/여성가족/건강/보건,문화체육관광,관광정책,해양레저 활성화
SURVEY1,제주,사회복지/문화/여성가족/건강/보건,문화체육관광,문화정책,세계지질공원센터 건립
SURVEY1,제주,사회복지/문화/여성가족/건강/보건,문화체육관광,문화정책,예술인회관 건립
SURVEY1,제주,사회복지/문화/여성가족/건강/보건,문화체육관광,문화정책,제주문화자원 발굴
SURVEY1,제주,사회복지/문화/여성가족/건강/보건,문화체육관광,문화정책,탐라문화권
SURVEY1,제주,사회복지/문화/여성가족/건강/보건,문화체육관광,문화정책,해녀의전당 건립
SURVEY1,제주,사회복지/문화/여성가족/건강/보건,문화체육관광,체육진흥,공공체육시설 확충
SURVEY1,제주,사회복지/문화/여성가족/건강/보건,문화체육관광,체육진흥,대한체육회선수촌 분원 유치
SURVEY1,제주,사회복지/문화/여성가족/건강/보건,문화체육관광,체육진흥,스포츠전지훈련팀 유치확대
SURVEY1,제주,사회복지/문화/여성가족/건강/보건,보건,감염병관리,감염병 대응역량 강화
SURVEY1,제주,사회복지/문화/여성가족/건강/보건,보건,감염병관리,감염병전문병원 건립
SURVEY1,제주,사회복지/문화/여성가족/건강/보건,보건,감염병관리,무료예방접종도입
SURVEY1,제주,사회복지/문화/여성가족/건강/보건,보건,보건의료,지역의료보건체계 구축
SURVEY1,제주,사회복지/문화/여성가족/건강/보건,보건,보건의료,취약계층 의료접근성 강화
SURVEY1,제주,사회복지/문화/여성가족/건강/보건,보건,보건의료,취약지역보건인프라 확충
SURVEY1,제주,사회복지/문화/여성가족/건강/보건,보건,의료인프라확충,제주대학병원 상급종합병원 지정
SURVEY1,제주,사회복지/문화/여성가족/건강/보건,보건,의료인프라확충,제주첨단의료복합단지 조성
SURVEY1,제주,사회복지/문화/여성가족/건강/보건,보건,의료인프라확충,중증환자 치료인프라 확충
SURVEY1,제주,사회복지/문화/여성가족/건강/보건,사회복지,노인 및 장애인복지,노인 관련 인프라확충
SURVEY1,제주,사회복지/문화/여성가족/건강/보건,사회복지,노인 및 장애인복지,노인 이동편의성 확대
SURVEY1,제주,사회복지/문화/여성가족/건강/보건,사회복지,노인 및 장애인복지,장애인이동권보장
SURVEY1,제주,사회복지/문화/여성가족/건강/보건,사회복지,사회복지일반,제주형기본소득 실시
SURVEY1,제주,사회복지/문화/여성가족/건강/보건,사회복지,사회복지일반,취약계층 복지접근성 강화
SURVEY1,제주,사회복지/문화/여성가족/건강/보건,사회복지,사회복지일반,코로나피해 취약계층 지원
SURVEY1,제주,사회복지/문화/여성가족/건강/보건,사회복지,여성가족다문화,공공돌봄기능 강화
SURVEY1,제주,사회복지/문화/여성가족/건강/보건,사회복지,여성가족다문화,다문화 교육 강화
SURVEY1,제주,사회복지/문화/여성가족/건강/보건,사회복지,여성가족다문화,외국인 노동인력 고용 지원
SURVEY1,제주,사회복지/문화/여성가족/건강/보건,사회복지,여성가족다문화,외국인 청소년 적응지원
SURVEY1,제주,사회복지/문화/여성가족/건강/보건,사회복지,여성가족다문화,육아지원금
SURVEY1,제주,산업/경제,일자리경제,소상공인 및 기업,디지털분야창업촉진
SURVEY1,제주,산업/경제,일자리경제,소상공인 및 기업,중소기업 경쟁력 강화
SURVEY1,제주,산업/경제,일자리경제,소상공인 및 기업,코로나피해소상공인지원
SURVEY1,제주,산업/경제,일자리경제,소상공인 및 기업,탐나는전(지역화폐)
SURVEY1,제주,산업/경제,일자리경제,인력양성,산-학-연 연계 청년인재 교육체계 구축
SURVEY1,제주,산업/경제,일자리경제,인력양성,산업별 인력교육 강화
SURVEY1,제주,산업/경제,일자리경제,인력양성,수요중심 인력양성
SURVEY1,제주,산업/경제,일자리경제,일자리,공공기관통합채용
SURVEY1,제주,산업/경제,일자리경제,일자리,불안정고용계층 지원
SURVEY1,제주,산업/경제,일자리경제,일자리,원격근무지원
SURVEY1,제주,산업/경제,일자리경제,일자리,재난긴급생활지원
SURVEY1,제주,산업/경제,일자리경제,일자리,청년일자리창출
SURVEY1,제주,산업/경제,산업,미래산업,드론산업육성
SURVEY1,제주,산업/경제,산업,미래산업,미래모빌리티 거점도시육성
SURVEY1,제주,산업/경제,산업,미래산업,바이오헬스산업 육성
SURVEY1,제주,산업/경제,산업,미래산업,스마트뷰티산업육성
SURVEY1,제주,산업/경제,산업,미래산업,에너지신산업 육성
SURVEY1,제주,산업/경제,산업,정보통신,디지털격차 감소
SURVEY1,제주,산업/경제,산업,정보통신,블록체인특구 지정
SURVEY1,제주,산업/경제,산업,정보통신,창업인프라 구축
SURVEY1,제주,산업/경제,산업,정보통신,항공우주연구원데이터센터 건립
SURVEY1,제주,산업/경제,산업,통상물류,수출기업 마케팅 지원
SURVEY1,제주,산업/경제,산업,통상물류,중소기업 해외진출 지원
SURVEY1,제주,산업/경제,산업,통상물류,해양물류운송비지원
SURVEY1,제주,산업/경제,농축산식품,농업,농산물가격안정
SURVEY1,제주,산업/경제,농축산식품,농업,농산물통합물류센터 건립
SURVEY1,제주,산업/경제,농축산식품,농업,로컬푸드식재료유통센터 건립
SURVEY1,제주,산업/경제,농축산식품,농업,스마트농수산 활성화
SURVEY1,제주,산업/경제,농축산식품,농업,임산물산업 육성
SURVEY1,제주,산업/경제,농축산식품,수산정책,수산물 유통체계 구축
SURVEY1,제주,산업/경제,농축산식품,수산정책,수산자원보존
SURVEY1,제주,산업/경제,농축산식품,수산정책,한중일 어업자원관리 협력 강화
SURVEY1,제주,산업/경제,농축산식품,수산정책,해녀문화세계화
SURVEY1,제주,산업/경제,농축산식품,수산정책,해녀소득안정
SURVEY1,제주,산업/경제,농축산식품,축산,말산업활성화
SURVEY1,제주,산업/경제,농축산식품,축산,방역체계구축
SURVEY1,제주,산업/경제,농축산식품,축산,우수 유전자원보존
SURVEY1,제주,산업/경제,농축산식품,축산,축산물 수출지원사업
SURVEY1,제주,산업/경제,농축산식품,축산,축산환경 및 생산-가공시절 개선
