record_id,source_id,safe_id,province_id,province_name,subSgId,subSgName,sggname,huboid,hbjname,jdname,doc_index,doc_type,new_current_download_url,new_current_pdf_path,local_pdf,download_status,bytes,pdf_sha256,error,markdown_path,extract_status,pages,chars,extract_error,extraction_method,quality_flag
320260603-2600-부산광역시-100162954-2-선거공약서,candidate-doc:100162954:2,candidate-doc_100162954_2,2600,부산광역시,320260603,시·도지사선거,부산광역시,100162954,박형준,국민의힘,2,선거공약서,https://policy.nec.go.kr/plc/common/downloadFile.do?requestedFileName=20260603_%EB%B6%80%EC%82%B0%EA%B4%91%EC%97%AD%EC%8B%9C_%EB%B0%95%ED%98%95%EC%A4%80_%EC%84%A0%EA%B1%B0%EA%B3%B5%EC%95%BD%EC%84%9C.pdf&requestedFullPath=20260603/PDF/PRMS_DOC_PUB/2600/004_100162954_20260528_1.pdf,20260603/PDF/PRMS_DOC_PUB/2600/004_100162954_20260528_1.pdf,C:\Users\treyl\Documents\Obsidian\Second_Brain\output\nec_2026_local_election_opencrab\github_repo_nec_2026_local_election_opencrab\supplements\official_gap_recovery_2026\recheck_2026-05-29\direct_nec_downloads\documents\candidate-doc_100162954_2.pdf,downloaded,1763730,02689e19e45c620f3d2d890ae1ae40aadc532567b0b3efff39acb583f0a68355,,C:\Users\treyl\Documents\Obsidian\Second_Brain\output\nec_2026_local_election_opencrab\github_repo_nec_2026_local_election_opencrab\supplements\official_gap_recovery_2026\recheck_2026-05-29\direct_nec_downloads\markdown\candidate-doc_100162954_2.md,ok,6,3719,,pymupdf,ok
320260603-2700-대구광역시-100163199-2-선거공약서,candidate-doc:100163199:2,candidate-doc_100163199_2,2700,대구광역시,320260603,시·도지사선거,대구광역시,100163199,추경호,국민의힘,2,선거공약서,https://policy.nec.go.kr/plc/common/downloadFile.do?requestedFileName=20260603_%EB%8C%80%EA%B5%AC%EA%B4%91%EC%97%AD%EC%8B%9C_%EC%B6%94%EA%B2%BD%ED%98%B8_%EC%84%A0%EA%B1%B0%EA%B3%B5%EC%95%BD%EC%84%9C.pdf&requestedFullPath=20260603/PDF/PRMS_DOC_PUB/2700/004_100163199_20260526_1.pdf,20260603/PDF/PRMS_DOC_PUB/2700/004_100163199_20260526_1.pdf,C:\Users\treyl\Documents\Obsidian\Second_Brain\output\nec_2026_local_election_opencrab\github_repo_nec_2026_local_election_opencrab\supplements\official_gap_recovery_2026\recheck_2026-05-29\direct_nec_downloads\documents\candidate-doc_100163199_2.pdf,downloaded,6408664,0f858c9b785765349e04ff8a48d671fab7d740fd87224b75151e84e89a90a43b,,C:\Users\treyl\Documents\Obsidian\Second_Brain\output\nec_2026_local_election_opencrab\github_repo_nec_2026_local_election_opencrab\supplements\official_gap_recovery_2026\recheck_2026-05-29\direct_nec_downloads\markdown\candidate-doc_100163199_2.md,ok,16,15717,,pymupdf,ok
320260603-2800-인천광역시-100163128-2-선거공약서,candidate-doc:100163128:2,candidate-doc_100163128_2,2800,인천광역시,320260603,시·도지사선거,인천광역시,100163128,박찬대,더불어민주당,2,선거공약서,https://policy.nec.go.kr/plc/common/downloadFile.do?requestedFileName=20260603_%EC%9D%B8%EC%B2%9C%EA%B4%91%EC%97%AD%EC%8B%9C_%EB%B0%95%EC%B0%AC%EB%8C%80_%EC%84%A0%EA%B1%B0%EA%B3%B5%EC%95%BD%EC%84%9C.pdf&requestedFullPath=20260603/PDF/PRMS_DOC_PUB/2800/004_100163128_20260521_1.pdf,20260603/PDF/PRMS_DOC_PUB/2800/004_100163128_20260521_1.pdf,C:\Users\treyl\Documents\Obsidian\Second_Brain\output\nec_2026_local_election_opencrab\github_repo_nec_2026_local_election_opencrab\supplements\official_gap_recovery_2026\recheck_2026-05-29\direct_nec_downloads\documents\candidate-doc_100163128_2.pdf,downloaded,8344842,554d4f7a803bdad8fcd0ff26f007721f7151bb944c47ab08ff599f28284a0a66,,C:\Users\treyl\Documents\Obsidian\Second_Brain\output\nec_2026_local_election_opencrab\github_repo_nec_2026_local_election_opencrab\supplements\official_gap_recovery_2026\recheck_2026-05-29\direct_nec_downloads\markdown\candidate-doc_100163128_2.md,ok,12,8893,,pymupdf,ok
320260603-4400-충청남도-100163640-2-선거공약서,candidate-doc:100163640:2,candidate-doc_100163640_2,4400,충청남도,320260603,시·도지사선거,충청남도,100163640,김태흠,국민의힘,2,선거공약서,https://policy.nec.go.kr/plc/common/downloadFile.do?requestedFileName=20260603_%EC%B6%A9%EC%B2%AD%EB%82%A8%EB%8F%84_%EA%B9%80%ED%83%9C%ED%9D%A0_%EC%84%A0%EA%B1%B0%EA%B3%B5%EC%95%BD%EC%84%9C.pdf&requestedFullPath=20260603/PDF/PRMS_DOC_PUB/4400/004_100163640_20260528_1.pdf,20260603/PDF/PRMS_DOC_PUB/4400/004_100163640_20260528_1.pdf,C:\Users\treyl\Documents\Obsidian\Second_Brain\output\nec_2026_local_election_opencrab\github_repo_nec_2026_local_election_opencrab\supplements\official_gap_recovery_2026\recheck_2026-05-29\direct_nec_downloads\documents\candidate-doc_100163640_2.pdf,downloaded,16668752,c2d2205846a3895e17c703b6b683f11cef3597e3b39be317fe261cf82338ec50,,C:\Users\treyl\Documents\Obsidian\Second_Brain\output\nec_2026_local_election_opencrab\github_repo_nec_2026_local_election_opencrab\supplements\official_gap_recovery_2026\recheck_2026-05-29\direct_nec_downloads\markdown\candidate-doc_100163640_2.md,ok,12,11484,,pymupdf,ok
420260603-1100-성동구-100154364-1-선거공보,candidate-doc:100154364:1,candidate-doc_100154364_1,1100,서울특별시,420260603,구·시·군의 장선거,성동구,100154364,유보화,더불어민주당,1,선거공보,https://policy.nec.go.kr/plc/common/downloadFile.do?requestedFileName=20260603_%EC%84%B1%EB%8F%99%EA%B5%AC_%EC%9C%A0%EB%B3%B4%ED%99%94_%EC%84%A0%EA%B1%B0%EA%B3%B5%EB%B3%B4.pdf&requestedFullPath=20260603/PDF/PBINFO/1104/003_100154364_20260528_2.pdf,20260603/PDF/PBINFO/1104/003_100154364_20260528_2.pdf,C:\Users\treyl\Documents\Obsidian\Second_Brain\output\nec_2026_local_election_opencrab\github_repo_nec_2026_local_election_opencrab\supplements\official_gap_recovery_2026\recheck_2026-05-29\direct_nec_downloads\documents\candidate-doc_100154364_1.pdf,downloaded,8640420,692ef033fdb4ce00feb35e45ee1587ed2924bda904c2cae9731f91ebf702427c,,C:\Users\treyl\Documents\Obsidian\Second_Brain\output\nec_2026_local_election_opencrab\github_repo_nec_2026_local_election_opencrab\supplements\official_gap_recovery_2026\recheck_2026-05-29\direct_nec_downloads\markdown\candidate-doc_100154364_1.md,ok,12,9195,,pymupdf,ok
420260603-1100-성동구-100158996-1-선거공보,candidate-doc:100158996:1,candidate-doc_100158996_1,1100,서울특별시,420260603,구·시·군의 장선거,성동구,100158996,고재현,국민의힘,1,선거공보,https://policy.nec.go.kr/plc/common/downloadFile.do?requestedFileName=20260603_%EC%84%B1%EB%8F%99%EA%B5%AC_%EA%B3%A0%EC%9E%AC%ED%98%84_%EC%84%A0%EA%B1%B0%EA%B3%B5%EB%B3%B4.pdf&requestedFullPath=20260603/PDF/PBINFO/1104/003_100158996_20260528_1.pdf,20260603/PDF/PBINFO/1104/003_100158996_20260528_1.pdf,C:\Users\treyl\Documents\Obsidian\Second_Brain\output\nec_2026_local_election_opencrab\github_repo_nec_2026_local_election_opencrab\supplements\official_gap_recovery_2026\recheck_2026-05-29\direct_nec_downloads\documents\candidate-doc_100158996_1.pdf,downloaded,1861812,fd870c12857bb16d5ce0773674e0c13d8011ac5107515019072d2f1d5b0344ff,,C:\Users\treyl\Documents\Obsidian\Second_Brain\output\nec_2026_local_election_opencrab\github_repo_nec_2026_local_election_opencrab\supplements\official_gap_recovery_2026\recheck_2026-05-29\direct_nec_downloads\markdown\candidate-doc_100158996_1.md,ok,12,7301,,windows_media_ocr_ko,ocr_recovered
420260603-1100-성동구-100165564-1-선거공보,candidate-doc:100165564:1,candidate-doc_100165564_1,1100,서울특별시,420260603,구·시·군의 장선거,성동구,100165564,정찬옥,개혁신당,1,선거공보,https://policy.nec.go.kr/plc/common/downloadFile.do?requestedFileName=20260603_%EC%84%B1%EB%8F%99%EA%B5%AC_%EC%A0%95%EC%B0%AC%EC%98%A5_%EC%84%A0%EA%B1%B0%EA%B3%B5%EB%B3%B4.pdf&requestedFullPath=20260603/PDF/PBINFO/1104/003_100165564_20260528_1.pdf,20260603/PDF/PBINFO/1104/003_100165564_20260528_1.pdf,C:\Users\treyl\Documents\Obsidian\Second_Brain\output\nec_2026_local_election_opencrab\github_repo_nec_2026_local_election_opencrab\supplements\official_gap_recovery_2026\recheck_2026-05-29\direct_nec_downloads\documents\candidate-doc_100165564_1.pdf,downloaded,2258828,f25916a22643e755d610297aad95085b0e6c143ff48f8d5992a5035238120cbd,,C:\Users\treyl\Documents\Obsidian\Second_Brain\output\nec_2026_local_election_opencrab\github_repo_nec_2026_local_election_opencrab\supplements\official_gap_recovery_2026\recheck_2026-05-29\direct_nec_downloads\markdown\candidate-doc_100165564_1.md,ok,2,4236,,pymupdf,ok
420260603-1100-동작구-100156792-1-선거공보,candidate-doc:100156792:1,candidate-doc_100156792_1,1100,서울특별시,420260603,구·시·군의 장선거,동작구,100156792,김정태,국민의힘,1,선거공보,https://policy.nec.go.kr/plc/common/downloadFile.do?requestedFileName=20260603_%EB%8F%99%EC%9E%91%EA%B5%AC_%EA%B9%80%EC%A0%95%ED%83%9C_%EC%84%A0%EA%B1%B0%EA%B3%B5%EB%B3%B4.pdf&requestedFullPath=20260603/PDF/PBINFO/1120/003_100156792_20260527_1.pdf,20260603/PDF/PBINFO/1120/003_100156792_20260527_1.pdf,C:\Users\treyl\Documents\Obsidian\Second_Brain\output\nec_2026_local_election_opencrab\github_repo_nec_2026_local_election_opencrab\supplements\official_gap_recovery_2026\recheck_2026-05-29\direct_nec_downloads\documents\candidate-doc_100156792_1.pdf,downloaded,17915803,5185ccd7218e32bd2c383f4834b89ae49ee1c4560ab8d9f229b34fc0afd8c132,,C:\Users\treyl\Documents\Obsidian\Second_Brain\output\nec_2026_local_election_opencrab\github_repo_nec_2026_local_election_opencrab\supplements\official_gap_recovery_2026\recheck_2026-05-29\direct_nec_downloads\markdown\candidate-doc_100156792_1.md,ok,12,7513,,pymupdf,ok
420260603-2600-중구-100162254-1-선거공보,candidate-doc:100162254:1,candidate-doc_100162254_1,2600,부산광역시,420260603,구·시·군의 장선거,중구,100162254,최진봉,국민의힘,1,선거공보,https://policy.nec.go.kr/plc/common/downloadFile.do?requestedFileName=20260603_%EC%A4%91%EA%B5%AC_%EC%B5%9C%EC%A7%84%EB%B4%89_%EC%84%A0%EA%B1%B0%EA%B3%B5%EB%B3%B4.pdf&requestedFullPath=20260603/PDF/PBINFO/2601/003_100162254_20260529_1.pdf,20260603/PDF/PBINFO/2601/003_100162254_20260529_1.pdf,C:\Users\treyl\Documents\Obsidian\Second_Brain\output\nec_2026_local_election_opencrab\github_repo_nec_2026_local_election_opencrab\supplements\official_gap_recovery_2026\recheck_2026-05-29\direct_nec_downloads\documents\candidate-doc_100162254_1.pdf,downloaded,11721265,aa110a18fb790d2f701d5eabc75525af25baea816ba33210321f4f82cc56f6f0,,C:\Users\treyl\Documents\Obsidian\Second_Brain\output\nec_2026_local_election_opencrab\github_repo_nec_2026_local_election_opencrab\supplements\official_gap_recovery_2026\recheck_2026-05-29\direct_nec_downloads\markdown\candidate-doc_100162254_1.md,ok,12,5229,,pymupdf,ok
420260603-4100-안양시-100161957-2-선거공약서,candidate-doc:100161957:2,candidate-doc_100161957_2,4100,경기도,420260603,구·시·군의 장선거,안양시,100161957,최대호,더불어민주당,2,선거공약서,https://policy.nec.go.kr/plc/common/downloadFile.do?requestedFileName=20260603_%EC%95%88%EC%96%91%EC%8B%9C_%EC%B5%9C%EB%8C%80%ED%98%B8_%EC%84%A0%EA%B1%B0%EA%B3%B5%EC%95%BD%EC%84%9C.pdf&requestedFullPath=20260603/PDF/PRMS_DOC_PUB/4110/004_100161957_20260528_1.pdf,20260603/PDF/PRMS_DOC_PUB/4110/004_100161957_20260528_1.pdf,C:\Users\treyl\Documents\Obsidian\Second_Brain\output\nec_2026_local_election_opencrab\github_repo_nec_2026_local_election_opencrab\supplements\official_gap_recovery_2026\recheck_2026-05-29\direct_nec_downloads\documents\candidate-doc_100161957_2.pdf,downloaded,796380,001a577a58c9a1613d83f2dd08cd00952b15f853f75d339bd9267616aa40a5e4,,C:\Users\treyl\Documents\Obsidian\Second_Brain\output\nec_2026_local_election_opencrab\github_repo_nec_2026_local_election_opencrab\supplements\official_gap_recovery_2026\recheck_2026-05-29\direct_nec_downloads\markdown\candidate-doc_100161957_2.md,ok,4,4665,,pymupdf,ok
420260603-4100-파주시-100154507-1-선거공보,candidate-doc:100154507:1,candidate-doc_100154507_1,4100,경기도,420260603,구·시·군의 장선거,파주시,100154507,손배찬,더불어민주당,1,선거공보,https://policy.nec.go.kr/plc/common/downloadFile.do?requestedFileName=20260603_%ED%8C%8C%EC%A3%BC%EC%8B%9C_%EC%86%90%EB%B0%B0%EC%B0%AC_%EC%84%A0%EA%B1%B0%EA%B3%B5%EB%B3%B4.pdf&requestedFullPath=20260603/PDF/PBINFO/4132/003_100154507_20260522_1.pdf,20260603/PDF/PBINFO/4132/003_100154507_20260522_1.pdf,C:\Users\treyl\Documents\Obsidian\Second_Brain\output\nec_2026_local_election_opencrab\github_repo_nec_2026_local_election_opencrab\supplements\official_gap_recovery_2026\recheck_2026-05-29\direct_nec_downloads\documents\candidate-doc_100154507_1.pdf,downloaded,5621429,ca83d0e2e4c3973ac4788fedd4db00eb429ac45aad1f4fdb6a8ebb5612585ea3,,C:\Users\treyl\Documents\Obsidian\Second_Brain\output\nec_2026_local_election_opencrab\github_repo_nec_2026_local_election_opencrab\supplements\official_gap_recovery_2026\recheck_2026-05-29\direct_nec_downloads\markdown\candidate-doc_100154507_1.md,ok,12,4734,,pymupdf,ok
420260603-4100-파주시-100156661-1-선거공보,candidate-doc:100156661:1,candidate-doc_100156661_1,4100,경기도,420260603,구·시·군의 장선거,파주시,100156661,박용호,국민의힘,1,선거공보,https://policy.nec.go.kr/plc/common/downloadFile.do?requestedFileName=20260603_%ED%8C%8C%EC%A3%BC%EC%8B%9C_%EB%B0%95%EC%9A%A9%ED%98%B8_%EC%84%A0%EA%B1%B0%EA%B3%B5%EB%B3%B4.pdf&requestedFullPath=20260603/PDF/PBINFO/4132/003_100156661_20260522_1.pdf,20260603/PDF/PBINFO/4132/003_100156661_20260522_1.pdf,C:\Users\treyl\Documents\Obsidian\Second_Brain\output\nec_2026_local_election_opencrab\github_repo_nec_2026_local_election_opencrab\supplements\official_gap_recovery_2026\recheck_2026-05-29\direct_nec_downloads\documents\candidate-doc_100156661_1.pdf,downloaded,19290411,85fd3e63899a71323fe5cf2238031ced29236d7bc82d248012e10882e9630472,,C:\Users\treyl\Documents\Obsidian\Second_Brain\output\nec_2026_local_election_opencrab\github_repo_nec_2026_local_election_opencrab\supplements\official_gap_recovery_2026\recheck_2026-05-29\direct_nec_downloads\markdown\candidate-doc_100156661_1.md,ok,12,1010,,pymupdf,ok
420260603-4100-광명시-100161445-2-선거공약서,candidate-doc:100161445:2,candidate-doc_100161445_2,4100,경기도,420260603,구·시·군의 장선거,광명시,100161445,박승원,더불어민주당,2,선거공약서,https://policy.nec.go.kr/plc/common/downloadFile.do?requestedFileName=20260603_%EA%B4%91%EB%AA%85%EC%8B%9C_%EB%B0%95%EC%8A%B9%EC%9B%90_%EC%84%A0%EA%B1%B0%EA%B3%B5%EC%95%BD%EC%84%9C.pdf&requestedFullPath=20260603/PDF/PRMS_DOC_PUB/4114/004_100161445_20260528_1.pdf,20260603/PDF/PRMS_DOC_PUB/4114/004_100161445_20260528_1.pdf,C:\Users\treyl\Documents\Obsidian\Second_Brain\output\nec_2026_local_election_opencrab\github_repo_nec_2026_local_election_opencrab\supplements\official_gap_recovery_2026\recheck_2026-05-29\direct_nec_downloads\documents\candidate-doc_100161445_2.pdf,downloaded,11385140,1346fb7d4ad600b08f50012a11bda8cd25926d4d588eaa04a0a511452a865a75,,C:\Users\treyl\Documents\Obsidian\Second_Brain\output\nec_2026_local_election_opencrab\github_repo_nec_2026_local_election_opencrab\supplements\official_gap_recovery_2026\recheck_2026-05-29\direct_nec_downloads\markdown\candidate-doc_100161445_2.md,ok,12,5377,,pymupdf,ok
420260603-4100-안성시-100154958-2-선거공약서,candidate-doc:100154958:2,candidate-doc_100154958_2,4100,경기도,420260603,구·시·군의 장선거,안성시,100154958,김장연,국민의힘,2,선거공약서,https://policy.nec.go.kr/plc/common/downloadFile.do?requestedFileName=20260603_%EC%95%88%EC%84%B1%EC%8B%9C_%EA%B9%80%EC%9E%A5%EC%97%B0_%EC%84%A0%EA%B1%B0%EA%B3%B5%EC%95%BD%EC%84%9C.pdf&requestedFullPath=20260603/PDF/PRMS_DOC_PUB/4138/004_100154958_20260527_1.pdf,20260603/PDF/PRMS_DOC_PUB/4138/004_100154958_20260527_1.pdf,C:\Users\treyl\Documents\Obsidian\Second_Brain\output\nec_2026_local_election_opencrab\github_repo_nec_2026_local_election_opencrab\supplements\official_gap_recovery_2026\recheck_2026-05-29\direct_nec_downloads\documents\candidate-doc_100154958_2.pdf,downloaded,550586,b8d1a9b39ea02ca3896cd5dc765f1881873384cb94509afc2d0b6e52edacd925,,C:\Users\treyl\Documents\Obsidian\Second_Brain\output\nec_2026_local_election_opencrab\github_repo_nec_2026_local_election_opencrab\supplements\official_gap_recovery_2026\recheck_2026-05-29\direct_nec_downloads\markdown\candidate-doc_100154958_2.md,ok,4,2577,,pymupdf,ok
420260603-5200-강릉시-100154117-2-선거공약서,candidate-doc:100154117:2,candidate-doc_100154117_2,5200,강원특별자치도,420260603,구·시·군의 장선거,강릉시,100154117,김동기,무소속,2,선거공약서,https://policy.nec.go.kr/plc/common/downloadFile.do?requestedFileName=20260603_%EA%B0%95%EB%A6%89%EC%8B%9C_%EA%B9%80%EB%8F%99%EA%B8%B0_%EC%84%A0%EA%B1%B0%EA%B3%B5%EC%95%BD%EC%84%9C.pdf&requestedFullPath=20260603/PDF/PRMS_DOC_PUB/5203/004_100154117_20260528_1.pdf,20260603/PDF/PRMS_DOC_PUB/5203/004_100154117_20260528_1.pdf,C:\Users\treyl\Documents\Obsidian\Second_Brain\output\nec_2026_local_election_opencrab\github_repo_nec_2026_local_election_opencrab\supplements\official_gap_recovery_2026\recheck_2026-05-29\direct_nec_downloads\documents\candidate-doc_100154117_2.pdf,downloaded,2721430,539c5c1e91280ddb99d6b38897d786874016c4f5cd8dddb95a5540c9096c3ec8,,C:\Users\treyl\Documents\Obsidian\Second_Brain\output\nec_2026_local_election_opencrab\github_repo_nec_2026_local_election_opencrab\supplements\official_gap_recovery_2026\recheck_2026-05-29\direct_nec_downloads\markdown\candidate-doc_100154117_2.md,ok,2,1342,,windows_media_ocr_ko,ocr_recovered
420260603-4300-제천시-100158725-1-선거공보,candidate-doc:100158725:1,candidate-doc_100158725_1,4300,충청북도,420260603,구·시·군의 장선거,제천시,100158725,김창규,국민의힘,1,선거공보,https://policy.nec.go.kr/plc/common/downloadFile.do?requestedFileName=20260603_%EC%A0%9C%EC%B2%9C%EC%8B%9C_%EA%B9%80%EC%B0%BD%EA%B7%9C_%EC%84%A0%EA%B1%B0%EA%B3%B5%EB%B3%B4.pdf&requestedFullPath=20260603/PDF/PBINFO/4304/003_100158725_20260526_1.pdf,20260603/PDF/PBINFO/4304/003_100158725_20260526_1.pdf,C:\Users\treyl\Documents\Obsidian\Second_Brain\output\nec_2026_local_election_opencrab\github_repo_nec_2026_local_election_opencrab\supplements\official_gap_recovery_2026\recheck_2026-05-29\direct_nec_downloads\documents\candidate-doc_100158725_1.pdf,downloaded,4144429,0239a23d49e474e94feec4f53f9455e9447e55acba667d6472c35283e9c8c701,,C:\Users\treyl\Documents\Obsidian\Second_Brain\output\nec_2026_local_election_opencrab\github_repo_nec_2026_local_election_opencrab\supplements\official_gap_recovery_2026\recheck_2026-05-29\direct_nec_downloads\markdown\candidate-doc_100158725_1.md,ok,12,3525,,pymupdf,ok
420260603-5300-김제시-100163513-1-선거공보,candidate-doc:100163513:1,candidate-doc_100163513_1,5300,전북특별자치도,420260603,구·시·군의 장선거,김제시,100163513,정성주,더불어민주당,1,선거공보,https://policy.nec.go.kr/plc/common/downloadFile.do?requestedFileName=20260603_%EA%B9%80%EC%A0%9C%EC%8B%9C_%EC%A0%95%EC%84%B1%EC%A3%BC_%EC%84%A0%EA%B1%B0%EA%B3%B5%EB%B3%B4.pdf&requestedFullPath=20260603/PDF/PBINFO/5309/003_100163513_20260523_1.pdf,20260603/PDF/PBINFO/5309/003_100163513_20260523_1.pdf,C:\Users\treyl\Documents\Obsidian\Second_Brain\output\nec_2026_local_election_opencrab\github_repo_nec_2026_local_election_opencrab\supplements\official_gap_recovery_2026\recheck_2026-05-29\direct_nec_downloads\documents\candidate-doc_100163513_1.pdf,downloaded,19563320,5143556734d9d4fa86f456c3ae9dfd915f9d5594f3ba65322354236fc2e9b0b1,,C:\Users\treyl\Documents\Obsidian\Second_Brain\output\nec_2026_local_election_opencrab\github_repo_nec_2026_local_election_opencrab\supplements\official_gap_recovery_2026\recheck_2026-05-29\direct_nec_downloads\markdown\candidate-doc_100163513_1.md,ok,8,6053,,pymupdf,ok
420260603-5300-김제시-100165590-1-선거공보,candidate-doc:100165590:1,candidate-doc_100165590_1,5300,전북특별자치도,420260603,구·시·군의 장선거,김제시,100165590,이병철,무소속,1,선거공보,https://policy.nec.go.kr/plc/common/downloadFile.do?requestedFileName=20260603_%EA%B9%80%EC%A0%9C%EC%8B%9C_%EC%9D%B4%EB%B3%91%EC%B2%A0_%EC%84%A0%EA%B1%B0%EA%B3%B5%EB%B3%B4.pdf&requestedFullPath=20260603/PDF/PBINFO/5309/003_100165590_20260523_1.pdf,20260603/PDF/PBINFO/5309/003_100165590_20260523_1.pdf,C:\Users\treyl\Documents\Obsidian\Second_Brain\output\nec_2026_local_election_opencrab\github_repo_nec_2026_local_election_opencrab\supplements\official_gap_recovery_2026\recheck_2026-05-29\direct_nec_downloads\documents\candidate-doc_100165590_1.pdf,downloaded,1226713,aa090f477cc2e38c3635cfc7c3526b5572475b2e48672cdf484a919ff7e4117a,,C:\Users\treyl\Documents\Obsidian\Second_Brain\output\nec_2026_local_election_opencrab\github_repo_nec_2026_local_election_opencrab\supplements\official_gap_recovery_2026\recheck_2026-05-29\direct_nec_downloads\markdown\candidate-doc_100165590_1.md,ok,8,2054,,windows_media_ocr_ko,ocr_recovered
420260603-5300-순창군-100161080-2-선거공약서,candidate-doc:100161080:2,candidate-doc_100161080_2,5300,전북특별자치도,420260603,구·시·군의 장선거,순창군,100161080,오은미,진보당,2,선거공약서,https://policy.nec.go.kr/plc/common/downloadFile.do?requestedFileName=20260603_%EC%88%9C%EC%B0%BD%EA%B5%B0_%EC%98%A4%EC%9D%80%EB%AF%B8_%EC%84%A0%EA%B1%B0%EA%B3%B5%EC%95%BD%EC%84%9C.pdf&requestedFullPath=20260603/PDF/PRMS_DOC_PUB/5315/004_100161080_20260529_1.pdf,20260603/PDF/PRMS_DOC_PUB/5315/004_100161080_20260529_1.pdf,C:\Users\treyl\Documents\Obsidian\Second_Brain\output\nec_2026_local_election_opencrab\github_repo_nec_2026_local_election_opencrab\supplements\official_gap_recovery_2026\recheck_2026-05-29\direct_nec_downloads\documents\candidate-doc_100161080_2.pdf,downloaded,2472961,2c79044ecf4584f46d9d7f26f2f976e8599ae9971855db16e6608621d1651bd3,,C:\Users\treyl\Documents\Obsidian\Second_Brain\output\nec_2026_local_election_opencrab\github_repo_nec_2026_local_election_opencrab\supplements\official_gap_recovery_2026\recheck_2026-05-29\direct_nec_downloads\markdown\candidate-doc_100161080_2.md,ok,2,1259,,pymupdf,ok
420260603-4600-강진군-100162004-2-선거공약서,candidate-doc:100162004:2,candidate-doc_100162004_2,4600,전라남도,420260603,구·시·군의 장선거,강진군,100162004,강진원,무소속,2,선거공약서,https://policy.nec.go.kr/plc/common/downloadFile.do?requestedFileName=20260603_%EA%B0%95%EC%A7%84%EA%B5%B0_%EA%B0%95%EC%A7%84%EC%9B%90_%EC%84%A0%EA%B1%B0%EA%B3%B5%EC%95%BD%EC%84%9C.pdf&requestedFullPath=20260603/PDF/PRMS_DOC_PUB/4616/004_100162004_20260526_1.pdf,20260603/PDF/PRMS_DOC_PUB/4616/004_100162004_20260526_1.pdf,C:\Users\treyl\Documents\Obsidian\Second_Brain\output\nec_2026_local_election_opencrab\github_repo_nec_2026_local_election_opencrab\supplements\official_gap_recovery_2026\recheck_2026-05-29\direct_nec_downloads\documents\candidate-doc_100162004_2.pdf,downloaded,11770094,23448a1a5d2287c38b697dc5ffa085fe2a6a91be27bc145ae18c2b51ebc9d096,,C:\Users\treyl\Documents\Obsidian\Second_Brain\output\nec_2026_local_election_opencrab\github_repo_nec_2026_local_election_opencrab\supplements\official_gap_recovery_2026\recheck_2026-05-29\direct_nec_downloads\markdown\candidate-doc_100162004_2.md,ok,12,2321,,pymupdf,ok
420260603-4800-거제시-100156086-2-선거공약서,candidate-doc:100156086:2,candidate-doc_100156086_2,4800,경상남도,420260603,구·시·군의 장선거,거제시,100156086,김선민,국민의힘,2,선거공약서,https://policy.nec.go.kr/plc/common/downloadFile.do?requestedFileName=20260603_%EA%B1%B0%EC%A0%9C%EC%8B%9C_%EA%B9%80%EC%84%A0%EB%AF%BC_%EC%84%A0%EA%B1%B0%EA%B3%B5%EC%95%BD%EC%84%9C.pdf&requestedFullPath=20260603/PDF/PRMS_DOC_PUB/4810/004_100156086_20260529_1.pdf,20260603/PDF/PRMS_DOC_PUB/4810/004_100156086_20260529_1.pdf,C:\Users\treyl\Documents\Obsidian\Second_Brain\output\nec_2026_local_election_opencrab\github_repo_nec_2026_local_election_opencrab\supplements\official_gap_recovery_2026\recheck_2026-05-29\direct_nec_downloads\documents\candidate-doc_100156086_2.pdf,downloaded,577731,e35845e231dc69bd85af774dd4bf0a65d78b8b5edf9f148e4540733400a4755d,,C:\Users\treyl\Documents\Obsidian\Second_Brain\output\nec_2026_local_election_opencrab\github_repo_nec_2026_local_election_opencrab\supplements\official_gap_recovery_2026\recheck_2026-05-29\direct_nec_downloads\markdown\candidate-doc_100156086_2.md,ok,2,3386,,pymupdf,ok
420260603-4800-함안군-100159788-2-선거공약서,candidate-doc:100159788:2,candidate-doc_100159788_2,4800,경상남도,420260603,구·시·군의 장선거,함안군,100159788,정금효,더불어민주당,2,선거공약서,https://policy.nec.go.kr/plc/common/downloadFile.do?requestedFileName=20260603_%ED%95%A8%EC%95%88%EA%B5%B0_%EC%A0%95%EA%B8%88%ED%9A%A8_%EC%84%A0%EA%B1%B0%EA%B3%B5%EC%95%BD%EC%84%9C.pdf&requestedFullPath=20260603/PDF/PRMS_DOC_PUB/4812/004_100159788_20260528_1.pdf,20260603/PDF/PRMS_DOC_PUB/4812/004_100159788_20260528_1.pdf,C:\Users\treyl\Documents\Obsidian\Second_Brain\output\nec_2026_local_election_opencrab\github_repo_nec_2026_local_election_opencrab\supplements\official_gap_recovery_2026\recheck_2026-05-29\direct_nec_downloads\documents\candidate-doc_100159788_2.pdf,downloaded,1225552,6a6ad9a92a6aed273afc851f62349e4226446d3a404f78b89bf7ddaaf88bd17d,,C:\Users\treyl\Documents\Obsidian\Second_Brain\output\nec_2026_local_election_opencrab\github_repo_nec_2026_local_election_opencrab\supplements\official_gap_recovery_2026\recheck_2026-05-29\direct_nec_downloads\markdown\candidate-doc_100159788_2.md,ok,12,5261,,pymupdf,ok
520260603-1100-강서구제2선거구-100161000-1-선거공보,candidate-doc:100161000:1,candidate-doc_100161000_1,1100,서울특별시,520260603,시·도의회의원선거,강서구제2선거구,100161000,장상기,더불어민주당,1,선거공보,https://policy.nec.go.kr/plc/common/downloadFile.do?requestedFileName=20260603_%EA%B0%95%EC%84%9C%EA%B5%AC%EC%A0%9C2%EC%84%A0%EA%B1%B0%EA%B5%AC_%EC%9E%A5%EC%83%81%EA%B8%B0_%EC%84%A0%EA%B1%B0%EA%B3%B5%EB%B3%B4.pdf&requestedFullPath=20260603/PDF/PBINFO/1116/003_100161000_20260527_1.pdf,20260603/PDF/PBINFO/1116/003_100161000_20260527_1.pdf,C:\Users\treyl\Documents\Obsidian\Second_Brain\output\nec_2026_local_election_opencrab\github_repo_nec_2026_local_election_opencrab\supplements\official_gap_recovery_2026\recheck_2026-05-29\direct_nec_downloads\documents\candidate-doc_100161000_1.pdf,downloaded,8975721,22842253d1b60b3aa2da2a383cc5d25bead06566a195b6ec37ee21513e37bbe6,,C:\Users\treyl\Documents\Obsidian\Second_Brain\output\nec_2026_local_election_opencrab\github_repo_nec_2026_local_election_opencrab\supplements\official_gap_recovery_2026\recheck_2026-05-29\direct_nec_downloads\markdown\candidate-doc_100161000_1.md,ok,8,4472,,pymupdf,ok
520260603-1100-강서구제4선거구-100155813-1-선거공보,candidate-doc:100155813:1,candidate-doc_100155813_1,1100,서울특별시,520260603,시·도의회의원선거,강서구제4선거구,100155813,송순효,더불어민주당,1,선거공보,https://policy.nec.go.kr/plc/common/downloadFile.do?requestedFileName=20260603_%EA%B0%95%EC%84%9C%EA%B5%AC%EC%A0%9C4%EC%84%A0%EA%B1%B0%EA%B5%AC_%EC%86%A1%EC%88%9C%ED%9A%A8_%EC%84%A0%EA%B1%B0%EA%B3%B5%EB%B3%B4.pdf&requestedFullPath=20260603/PDF/PBINFO/1116/003_100155813_20260526_1.pdf,20260603/PDF/PBINFO/1116/003_100155813_20260526_1.pdf,C:\Users\treyl\Documents\Obsidian\Second_Brain\output\nec_2026_local_election_opencrab\github_repo_nec_2026_local_election_opencrab\supplements\official_gap_recovery_2026\recheck_2026-05-29\direct_nec_downloads\documents\candidate-doc_100155813_1.pdf,downloaded,16239829,e2c36631dda5cebdd7fce1366c39dd7d92cb4333f9bde926f1902c470b485489,,C:\Users\treyl\Documents\Obsidian\Second_Brain\output\nec_2026_local_election_opencrab\github_repo_nec_2026_local_election_opencrab\supplements\official_gap_recovery_2026\recheck_2026-05-29\direct_nec_downloads\markdown\candidate-doc_100155813_1.md,ok,8,3858,,pymupdf,ok
520260603-1100-동작구제3선거구-100162539-1-선거공보,candidate-doc:100162539:1,candidate-doc_100162539_1,1100,서울특별시,520260603,시·도의회의원선거,동작구제3선거구,100162539,노성철,더불어민주당,1,선거공보,https://policy.nec.go.kr/plc/common/downloadFile.do?requestedFileName=20260603_%EB%8F%99%EC%9E%91%EA%B5%AC%EC%A0%9C3%EC%84%A0%EA%B1%B0%EA%B5%AC_%EB%85%B8%EC%84%B1%EC%B2%A0_%EC%84%A0%EA%B1%B0%EA%B3%B5%EB%B3%B4.pdf&requestedFullPath=20260603/PDF/PBINFO/1120/003_100162539_20260528_1.pdf,20260603/PDF/PBINFO/1120/003_100162539_20260528_1.pdf,C:\Users\treyl\Documents\Obsidian\Second_Brain\output\nec_2026_local_election_opencrab\github_repo_nec_2026_local_election_opencrab\supplements\official_gap_recovery_2026\recheck_2026-05-29\direct_nec_downloads\documents\candidate-doc_100162539_1.pdf,downloaded,4330596,3b17ecba0dc86614ca0aad9c129a4a5102ca2d3161729029f1270efecdebf448,,C:\Users\treyl\Documents\Obsidian\Second_Brain\output\nec_2026_local_election_opencrab\github_repo_nec_2026_local_election_opencrab\supplements\official_gap_recovery_2026\recheck_2026-05-29\direct_nec_downloads\markdown\candidate-doc_100162539_1.md,ok,8,4776,,pymupdf,ok
520260603-1100-동작구제4선거구-100159976-1-선거공보,candidate-doc:100159976:1,candidate-doc_100159976_1,1100,서울특별시,520260603,시·도의회의원선거,동작구제4선거구,100159976,이희원,국민의힘,1,선거공보,https://policy.nec.go.kr/plc/common/downloadFile.do?requestedFileName=20260603_%EB%8F%99%EC%9E%91%EA%B5%AC%EC%A0%9C4%EC%84%A0%EA%B1%B0%EA%B5%AC_%EC%9D%B4%ED%9D%AC%EC%9B%90_%EC%84%A0%EA%B1%B0%EA%B3%B5%EB%B3%B4.pdf&requestedFullPath=20260603/PDF/PBINFO/1120/003_100159976_20260527_1.pdf,20260603/PDF/PBINFO/1120/003_100159976_20260527_1.pdf,C:\Users\treyl\Documents\Obsidian\Second_Brain\output\nec_2026_local_election_opencrab\github_repo_nec_2026_local_election_opencrab\supplements\official_gap_recovery_2026\recheck_2026-05-29\direct_nec_downloads\documents\candidate-doc_100159976_1.pdf,downloaded,4188029,b3ff9fa2d1831f19cdd3f8f71feb3fea81636f8a4c9d3dd77bba3af0dd86c196,,C:\Users\treyl\Documents\Obsidian\Second_Brain\output\nec_2026_local_election_opencrab\github_repo_nec_2026_local_election_opencrab\supplements\official_gap_recovery_2026\recheck_2026-05-29\direct_nec_downloads\markdown\candidate-doc_100159976_1.md,ok,8,5797,,pymupdf,ok
520260603-2900-서구제2선거구-100160569-1-선거공보,candidate-doc:100160569:1,candidate-doc_100160569_1,2900,전남광주통합특별시,520260603,시·도의회의원선거,서구제2선거구,100160569,오미섭,더불어민주당,1,선거공보,https://policy.nec.go.kr/plc/common/downloadFile.do?requestedFileName=20260603_%EC%84%9C%EA%B5%AC%EC%A0%9C2%EC%84%A0%EA%B1%B0%EA%B5%AC_%EC%98%A4%EB%AF%B8%EC%84%AD_%EC%84%A0%EA%B1%B0%EA%B3%B5%EB%B3%B4.pdf&requestedFullPath=20260603/PDF/PBINFO/2902/003_100160569_20260524_1.pdf,20260603/PDF/PBINFO/2902/003_100160569_20260524_1.pdf,C:\Users\treyl\Documents\Obsidian\Second_Brain\output\nec_2026_local_election_opencrab\github_repo_nec_2026_local_election_opencrab\supplements\official_gap_recovery_2026\recheck_2026-05-29\direct_nec_downloads\documents\candidate-doc_100160569_1.pdf,downloaded,6192204,4b15d0d0cc69e48d733898aa0bcb2654fd8e5938573c966310715e1879cbb6a0,,C:\Users\treyl\Documents\Obsidian\Second_Brain\output\nec_2026_local_election_opencrab\github_repo_nec_2026_local_election_opencrab\supplements\official_gap_recovery_2026\recheck_2026-05-29\direct_nec_downloads\markdown\candidate-doc_100160569_1.md,ok,8,3298,,pymupdf,ok
520260603-2900-서구제2선거구-100158819-1-선거공보,candidate-doc:100158819:1,candidate-doc_100158819_1,2900,전남광주통합특별시,520260603,시·도의회의원선거,서구제2선거구,100158819,김태진,진보당,1,선거공보,https://policy.nec.go.kr/plc/common/downloadFile.do?requestedFileName=20260603_%EC%84%9C%EA%B5%AC%EC%A0%9C2%EC%84%A0%EA%B1%B0%EA%B5%AC_%EA%B9%80%ED%83%9C%EC%A7%84_%EC%84%A0%EA%B1%B0%EA%B3%B5%EB%B3%B4.pdf&requestedFullPath=20260603/PDF/PBINFO/2902/003_100158819_20260524_1.pdf,20260603/PDF/PBINFO/2902/003_100158819_20260524_1.pdf,C:\Users\treyl\Documents\Obsidian\Second_Brain\output\nec_2026_local_election_opencrab\github_repo_nec_2026_local_election_opencrab\supplements\official_gap_recovery_2026\recheck_2026-05-29\direct_nec_downloads\documents\candidate-doc_100158819_1.pdf,downloaded,10666482,9ecf134c2da123545573ec2eb2a2f1690dbb0a6a05f104e2e98d1a1100ce2684,,C:\Users\treyl\Documents\Obsidian\Second_Brain\output\nec_2026_local_election_opencrab\github_repo_nec_2026_local_election_opencrab\supplements\official_gap_recovery_2026\recheck_2026-05-29\direct_nec_downloads\markdown\candidate-doc_100158819_1.md,ok,8,3031,,pymupdf,ok
520260603-2900-서구제3선거구-100163973-1-선거공보,candidate-doc:100163973:1,candidate-doc_100163973_1,2900,전남광주통합특별시,520260603,시·도의회의원선거,서구제3선거구,100163973,고경애,더불어민주당,1,선거공보,https://policy.nec.go.kr/plc/common/downloadFile.do?requestedFileName=20260603_%EC%84%9C%EA%B5%AC%EC%A0%9C3%EC%84%A0%EA%B1%B0%EA%B5%AC_%EA%B3%A0%EA%B2%BD%EC%95%A0_%EC%84%A0%EA%B1%B0%EA%B3%B5%EB%B3%B4.pdf&requestedFullPath=20260603/PDF/PBINFO/2902/003_100163973_20260524_1.pdf,20260603/PDF/PBINFO/2902/003_100163973_20260524_1.pdf,C:\Users\treyl\Documents\Obsidian\Second_Brain\output\nec_2026_local_election_opencrab\github_repo_nec_2026_local_election_opencrab\supplements\official_gap_recovery_2026\recheck_2026-05-29\direct_nec_downloads\documents\candidate-doc_100163973_1.pdf,downloaded,1241168,ef7243877a69254d264f1b7ee76e0882f62d31fbb7edfcc248233b3e6c456568,,C:\Users\treyl\Documents\Obsidian\Second_Brain\output\nec_2026_local_election_opencrab\github_repo_nec_2026_local_election_opencrab\supplements\official_gap_recovery_2026\recheck_2026-05-29\direct_nec_downloads\markdown\candidate-doc_100163973_1.md,ok,8,2746,,pymupdf,ok
520260603-2900-서구제3선거구-100164071-1-선거공보,candidate-doc:100164071:1,candidate-doc_100164071_1,2900,전남광주통합특별시,520260603,시·도의회의원선거,서구제3선거구,100164071,김형남,무소속,1,선거공보,https://policy.nec.go.kr/plc/common/downloadFile.do?requestedFileName=20260603_%EC%84%9C%EA%B5%AC%EC%A0%9C3%EC%84%A0%EA%B1%B0%EA%B5%AC_%EA%B9%80%ED%98%95%EB%82%A8_%EC%84%A0%EA%B1%B0%EA%B3%B5%EB%B3%B4.pdf&requestedFullPath=20260603/PDF/PBINFO/2902/003_100164071_20260525_1.pdf,20260603/PDF/PBINFO/2902/003_100164071_20260525_1.pdf,C:\Users\treyl\Documents\Obsidian\Second_Brain\output\nec_2026_local_election_opencrab\github_repo_nec_2026_local_election_opencrab\supplements\official_gap_recovery_2026\recheck_2026-05-29\direct_nec_downloads\documents\candidate-doc_100164071_1.pdf,downloaded,4218978,d346c741b510364b65d36c99d528b064a17cdc051e48e8a071c2cf9a6003d109,,C:\Users\treyl\Documents\Obsidian\Second_Brain\output\nec_2026_local_election_opencrab\github_repo_nec_2026_local_election_opencrab\supplements\official_gap_recovery_2026\recheck_2026-05-29\direct_nec_downloads\markdown\candidate-doc_100164071_1.md,ok,2,993,,windows_media_ocr_ko,ocr_recovered
520260603-2600-중구선거구-100163508-1-선거공보,candidate-doc:100163508:1,candidate-doc_100163508_1,2600,부산광역시,520260603,시·도의회의원선거,중구선거구,100163508,오경석,무소속,1,선거공보,https://policy.nec.go.kr/plc/common/downloadFile.do?requestedFileName=20260603_%EC%A4%91%EA%B5%AC%EC%84%A0%EA%B1%B0%EA%B5%AC_%EC%98%A4%EA%B2%BD%EC%84%9D_%EC%84%A0%EA%B1%B0%EA%B3%B5%EB%B3%B4.pdf&requestedFullPath=20260603/PDF/PBINFO/2601/003_100163508_20260526_1.pdf,20260603/PDF/PBINFO/2601/003_100163508_20260526_1.pdf,C:\Users\treyl\Documents\Obsidian\Second_Brain\output\nec_2026_local_election_opencrab\github_repo_nec_2026_local_election_opencrab\supplements\official_gap_recovery_2026\recheck_2026-05-29\direct_nec_downloads\documents\candidate-doc_100163508_1.pdf,downloaded,6204223,57919d1f14ac82f14d58a829586f95c2cd6afe1a55eb8fde1a468e5b87d3c947,,C:\Users\treyl\Documents\Obsidian\Second_Brain\output\nec_2026_local_election_opencrab\github_repo_nec_2026_local_election_opencrab\supplements\official_gap_recovery_2026\recheck_2026-05-29\direct_nec_downloads\markdown\candidate-doc_100163508_1.md,ok,8,3891,,pymupdf,ok
520260603-4100-파주시제2선거구-100155476-1-선거공보,candidate-doc:100155476:1,candidate-doc_100155476_1,4100,경기도,520260603,시·도의회의원선거,파주시제2선거구,100155476,손희정,더불어민주당,1,선거공보,https://policy.nec.go.kr/plc/common/downloadFile.do?requestedFileName=20260603_%ED%8C%8C%EC%A3%BC%EC%8B%9C%EC%A0%9C2%EC%84%A0%EA%B1%B0%EA%B5%AC_%EC%86%90%ED%9D%AC%EC%A0%95_%EC%84%A0%EA%B1%B0%EA%B3%B5%EB%B3%B4.pdf&requestedFullPath=20260603/PDF/PBINFO/4132/003_100155476_20260522_1.pdf,20260603/PDF/PBINFO/4132/003_100155476_20260522_1.pdf,C:\Users\treyl\Documents\Obsidian\Second_Brain\output\nec_2026_local_election_opencrab\github_repo_nec_2026_local_election_opencrab\supplements\official_gap_recovery_2026\recheck_2026-05-29\direct_nec_downloads\documents\candidate-doc_100155476_1.pdf,downloaded,634140,8d5e0f27cff9e5b0b95f6f16552c8fce56821680b23fac521b7dcbe321378d9e,,C:\Users\treyl\Documents\Obsidian\Second_Brain\output\nec_2026_local_election_opencrab\github_repo_nec_2026_local_election_opencrab\supplements\official_gap_recovery_2026\recheck_2026-05-29\direct_nec_downloads\markdown\candidate-doc_100155476_1.md,ok,8,3734,,windows_media_ocr_ko,ocr_recovered
520260603-4100-파주시제2선거구-100157123-1-선거공보,candidate-doc:100157123:1,candidate-doc_100157123_1,4100,경기도,520260603,시·도의회의원선거,파주시제2선거구,100157123,김광선,국민의힘,1,선거공보,https://policy.nec.go.kr/plc/common/downloadFile.do?requestedFileName=20260603_%ED%8C%8C%EC%A3%BC%EC%8B%9C%EC%A0%9C2%EC%84%A0%EA%B1%B0%EA%B5%AC_%EA%B9%80%EA%B4%91%EC%84%A0_%EC%84%A0%EA%B1%B0%EA%B3%B5%EB%B3%B4.pdf&requestedFullPath=20260603/PDF/PBINFO/4132/003_100157123_20260522_2.pdf,20260603/PDF/PBINFO/4132/003_100157123_20260522_2.pdf,C:\Users\treyl\Documents\Obsidian\Second_Brain\output\nec_2026_local_election_opencrab\github_repo_nec_2026_local_election_opencrab\supplements\official_gap_recovery_2026\recheck_2026-05-29\direct_nec_downloads\documents\candidate-doc_100157123_1.pdf,downloaded,2589741,82b8e767285e2098eaabb8f3e57db1908a209e526fba50f055edf887c2d13435,,C:\Users\treyl\Documents\Obsidian\Second_Brain\output\nec_2026_local_election_opencrab\github_repo_nec_2026_local_election_opencrab\supplements\official_gap_recovery_2026\recheck_2026-05-29\direct_nec_downloads\markdown\candidate-doc_100157123_1.md,ok,4,2229,,pymupdf,ok
520260603-4100-파주시제3선거구-100162744-1-선거공보,candidate-doc:100162744:1,candidate-doc_100162744_1,4100,경기도,520260603,시·도의회의원선거,파주시제3선거구,100162744,손성익,더불어민주당,1,선거공보,https://policy.nec.go.kr/plc/common/downloadFile.do?requestedFileName=20260603_%ED%8C%8C%EC%A3%BC%EC%8B%9C%EC%A0%9C3%EC%84%A0%EA%B1%B0%EA%B5%AC_%EC%86%90%EC%84%B1%EC%9D%B5_%EC%84%A0%EA%B1%B0%EA%B3%B5%EB%B3%B4.pdf&requestedFullPath=20260603/PDF/PBINFO/4132/003_100162744_20260522_1.pdf,20260603/PDF/PBINFO/4132/003_100162744_20260522_1.pdf,C:\Users\treyl\Documents\Obsidian\Second_Brain\output\nec_2026_local_election_opencrab\github_repo_nec_2026_local_election_opencrab\supplements\official_gap_recovery_2026\recheck_2026-05-29\direct_nec_downloads\documents\candidate-doc_100162744_1.pdf,downloaded,2043285,a2597f3f8fbb8754670bc19a95154e3765e7a02644e147167e72d9732cf42347,,C:\Users\treyl\Documents\Obsidian\Second_Brain\output\nec_2026_local_election_opencrab\github_repo_nec_2026_local_election_opencrab\supplements\official_gap_recovery_2026\recheck_2026-05-29\direct_nec_downloads\markdown\candidate-doc_100162744_1.md,ok,8,3798,,windows_media_ocr_ko,ocr_recovered
520260603-4100-파주시제3선거구-100165675-1-선거공보,candidate-doc:100165675:1,candidate-doc_100165675_1,4100,경기도,520260603,시·도의회의원선거,파주시제3선거구,100165675,정국진,국민의힘,1,선거공보,https://policy.nec.go.kr/plc/common/downloadFile.do?requestedFileName=20260603_%ED%8C%8C%EC%A3%BC%EC%8B%9C%EC%A0%9C3%EC%84%A0%EA%B1%B0%EA%B5%AC_%EC%A0%95%EA%B5%AD%EC%A7%84_%EC%84%A0%EA%B1%B0%EA%B3%B5%EB%B3%B4.pdf&requestedFullPath=20260603/PDF/PBINFO/4132/003_100165675_20260522_1.pdf,20260603/PDF/PBINFO/4132/003_100165675_20260522_1.pdf,C:\Users\treyl\Documents\Obsidian\Second_Brain\output\nec_2026_local_election_opencrab\github_repo_nec_2026_local_election_opencrab\supplements\official_gap_recovery_2026\recheck_2026-05-29\direct_nec_downloads\documents\candidate-doc_100165675_1.pdf,downloaded,7679807,8a9de560e7416b6c5900665611450c7061804b911d8c1bbc79066165a668524a,,C:\Users\treyl\Documents\Obsidian\Second_Brain\output\nec_2026_local_election_opencrab\github_repo_nec_2026_local_election_opencrab\supplements\official_gap_recovery_2026\recheck_2026-05-29\direct_nec_downloads\markdown\candidate-doc_100165675_1.md,ok,8,2690,,pymupdf,ok
520260603-4100-파주시제4선거구-100158168-1-선거공보,candidate-doc:100158168:1,candidate-doc_100158168_1,4100,경기도,520260603,시·도의회의원선거,파주시제4선거구,100158168,김순현,더불어민주당,1,선거공보,https://policy.nec.go.kr/plc/common/downloadFile.do?requestedFileName=20260603_%ED%8C%8C%EC%A3%BC%EC%8B%9C%EC%A0%9C4%EC%84%A0%EA%B1%B0%EA%B5%AC_%EA%B9%80%EC%88%9C%ED%98%84_%EC%84%A0%EA%B1%B0%EA%B3%B5%EB%B3%B4.pdf&requestedFullPath=20260603/PDF/PBINFO/4132/003_100158168_20260522_1.pdf,20260603/PDF/PBINFO/4132/003_100158168_20260522_1.pdf,C:\Users\treyl\Documents\Obsidian\Second_Brain\output\nec_2026_local_election_opencrab\github_repo_nec_2026_local_election_opencrab\supplements\official_gap_recovery_2026\recheck_2026-05-29\direct_nec_downloads\documents\candidate-doc_100158168_1.pdf,downloaded,9737198,d4046f6b0994c153b40e6b0ea2bb6dc1c80a2fbadd77547e1ea70d419e47d11e,,C:\Users\treyl\Documents\Obsidian\Second_Brain\output\nec_2026_local_election_opencrab\github_repo_nec_2026_local_election_opencrab\supplements\official_gap_recovery_2026\recheck_2026-05-29\direct_nec_downloads\markdown\candidate-doc_100158168_1.md,ok,8,3496,,pymupdf,ok
520260603-4100-파주시제4선거구-100158339-1-선거공보,candidate-doc:100158339:1,candidate-doc_100158339_1,4100,경기도,520260603,시·도의회의원선거,파주시제4선거구,100158339,이한국,국민의힘,1,선거공보,https://policy.nec.go.kr/plc/common/downloadFile.do?requestedFileName=20260603_%ED%8C%8C%EC%A3%BC%EC%8B%9C%EC%A0%9C4%EC%84%A0%EA%B1%B0%EA%B5%AC_%EC%9D%B4%ED%95%9C%EA%B5%AD_%EC%84%A0%EA%B1%B0%EA%B3%B5%EB%B3%B4.pdf&requestedFullPath=20260603/PDF/PBINFO/4132/003_100158339_20260522_1.pdf,20260603/PDF/PBINFO/4132/003_100158339_20260522_1.pdf,C:\Users\treyl\Documents\Obsidian\Second_Brain\output\nec_2026_local_election_opencrab\github_repo_nec_2026_local_election_opencrab\supplements\official_gap_recovery_2026\recheck_2026-05-29\direct_nec_downloads\documents\candidate-doc_100158339_1.pdf,downloaded,1966600,816fa42048efc2d70795dabd246adb6beecdb0af61c8229c067099ae64d1158a,,C:\Users\treyl\Documents\Obsidian\Second_Brain\output\nec_2026_local_election_opencrab\github_repo_nec_2026_local_election_opencrab\supplements\official_gap_recovery_2026\recheck_2026-05-29\direct_nec_downloads\markdown\candidate-doc_100158339_1.md,ok,8,3505,,pymupdf,ok
520260603-4100-파주시제5선거구-100160436-1-선거공보,candidate-doc:100160436:1,candidate-doc_100160436_1,4100,경기도,520260603,시·도의회의원선거,파주시제5선거구,100160436,이종춘,더불어민주당,1,선거공보,https://policy.nec.go.kr/plc/common/downloadFile.do?requestedFileName=20260603_%ED%8C%8C%EC%A3%BC%EC%8B%9C%EC%A0%9C5%EC%84%A0%EA%B1%B0%EA%B5%AC_%EC%9D%B4%EC%A2%85%EC%B6%98_%EC%84%A0%EA%B1%B0%EA%B3%B5%EB%B3%B4.pdf&requestedFullPath=20260603/PDF/PBINFO/4132/003_100160436_20260522_1.pdf,20260603/PDF/PBINFO/4132/003_100160436_20260522_1.pdf,C:\Users\treyl\Documents\Obsidian\Second_Brain\output\nec_2026_local_election_opencrab\github_repo_nec_2026_local_election_opencrab\supplements\official_gap_recovery_2026\recheck_2026-05-29\direct_nec_downloads\documents\candidate-doc_100160436_1.pdf,downloaded,1096664,ba0007140507eef815a87c466d11e5669b51a6266c98f6c188e01d5ae004155b,,C:\Users\treyl\Documents\Obsidian\Second_Brain\output\nec_2026_local_election_opencrab\github_repo_nec_2026_local_election_opencrab\supplements\official_gap_recovery_2026\recheck_2026-05-29\direct_nec_downloads\markdown\candidate-doc_100160436_1.md,ok,8,4188,,pymupdf,ok
520260603-4100-파주시제5선거구-100155791-1-선거공보,candidate-doc:100155791:1,candidate-doc_100155791_1,4100,경기도,520260603,시·도의회의원선거,파주시제5선거구,100155791,한규민,국민의힘,1,선거공보,https://policy.nec.go.kr/plc/common/downloadFile.do?requestedFileName=20260603_%ED%8C%8C%EC%A3%BC%EC%8B%9C%EC%A0%9C5%EC%84%A0%EA%B1%B0%EA%B5%AC_%ED%95%9C%EA%B7%9C%EB%AF%BC_%EC%84%A0%EA%B1%B0%EA%B3%B5%EB%B3%B4.pdf&requestedFullPath=20260603/PDF/PBINFO/4132/003_100155791_20260522_1.pdf,20260603/PDF/PBINFO/4132/003_100155791_20260522_1.pdf,C:\Users\treyl\Documents\Obsidian\Second_Brain\output\nec_2026_local_election_opencrab\github_repo_nec_2026_local_election_opencrab\supplements\official_gap_recovery_2026\recheck_2026-05-29\direct_nec_downloads\documents\candidate-doc_100155791_1.pdf,downloaded,3022183,b5ef86c96b14b8855c5dcfe0f7bf9cd4752185680a6797b5a3f510db6f424d8d,,C:\Users\treyl\Documents\Obsidian\Second_Brain\output\nec_2026_local_election_opencrab\github_repo_nec_2026_local_election_opencrab\supplements\official_gap_recovery_2026\recheck_2026-05-29\direct_nec_downloads\markdown\candidate-doc_100155791_1.md,ok,8,3245,,pymupdf,ok
520260603-5200-춘천시제2선거구-100153893-1-선거공보,candidate-doc:100153893:1,candidate-doc_100153893_1,5200,강원특별자치도,520260603,시·도의회의원선거,춘천시제2선거구,100153893,이교선,더불어민주당,1,선거공보,https://policy.nec.go.kr/plc/common/downloadFile.do?requestedFileName=20260603_%EC%B6%98%EC%B2%9C%EC%8B%9C%EC%A0%9C2%EC%84%A0%EA%B1%B0%EA%B5%AC_%EC%9D%B4%EA%B5%90%EC%84%A0_%EC%84%A0%EA%B1%B0%EA%B3%B5%EB%B3%B4.pdf&requestedFullPath=20260603/PDF/PBINFO/5201/003_100153893_20260529_1.pdf,20260603/PDF/PBINFO/5201/003_100153893_20260529_1.pdf,C:\Users\treyl\Documents\Obsidian\Second_Brain\output\nec_2026_local_election_opencrab\github_repo_nec_2026_local_election_opencrab\supplements\official_gap_recovery_2026\recheck_2026-05-29\direct_nec_downloads\documents\candidate-doc_100153893_1.pdf,downloaded,8785821,1745b3b1b62f920494e6fef3a3d191d02080807ebb1497b0817c3e3a8eb3db85,,C:\Users\treyl\Documents\Obsidian\Second_Brain\output\nec_2026_local_election_opencrab\github_repo_nec_2026_local_election_opencrab\supplements\official_gap_recovery_2026\recheck_2026-05-29\direct_nec_downloads\markdown\candidate-doc_100153893_1.md,ok,8,716,,pymupdf,ok
520260603-4400-천안시제5선거구-100163622-1-선거공보,candidate-doc:100163622:1,candidate-doc_100163622_1,4400,충청남도,520260603,시·도의회의원선거,천안시제5선거구,100163622,김재호,더불어민주당,1,선거공보,https://policy.nec.go.kr/plc/common/downloadFile.do?requestedFileName=20260603_%EC%B2%9C%EC%95%88%EC%8B%9C%EC%A0%9C5%EC%84%A0%EA%B1%B0%EA%B5%AC_%EA%B9%80%EC%9E%AC%ED%98%B8_%EC%84%A0%EA%B1%B0%EA%B3%B5%EB%B3%B4.pdf&requestedFullPath=20260603/PDF/PBINFO/4417/003_100163622_20260528_1.pdf,20260603/PDF/PBINFO/4417/003_100163622_20260528_1.pdf,C:\Users\treyl\Documents\Obsidian\Second_Brain\output\nec_2026_local_election_opencrab\github_repo_nec_2026_local_election_opencrab\supplements\official_gap_recovery_2026\recheck_2026-05-29\direct_nec_downloads\documents\candidate-doc_100163622_1.pdf,downloaded,3677110,60cc3c13d4ad384606123553d25b5be049a76b0003740b2ad9fb1af2e25adaa4,,C:\Users\treyl\Documents\Obsidian\Second_Brain\output\nec_2026_local_election_opencrab\github_repo_nec_2026_local_election_opencrab\supplements\official_gap_recovery_2026\recheck_2026-05-29\direct_nec_downloads\markdown\candidate-doc_100163622_1.md,ok,4,1483,,pymupdf,ok
520260603-5300-김제시제2선거구-100158070-1-선거공보,candidate-doc:100158070:1,candidate-doc_100158070_1,5300,전북특별자치도,520260603,시·도의회의원선거,김제시제2선거구,100158070,김영자,더불어민주당,1,선거공보,https://policy.nec.go.kr/plc/common/downloadFile.do?requestedFileName=20260603_%EA%B9%80%EC%A0%9C%EC%8B%9C%EC%A0%9C2%EC%84%A0%EA%B1%B0%EA%B5%AC_%EA%B9%80%EC%98%81%EC%9E%90_%EC%84%A0%EA%B1%B0%EA%B3%B5%EB%B3%B4.pdf&requestedFullPath=20260603/PDF/PBINFO/5309/003_100158070_20260523_1.pdf,20260603/PDF/PBINFO/5309/003_100158070_20260523_1.pdf,C:\Users\treyl\Documents\Obsidian\Second_Brain\output\nec_2026_local_election_opencrab\github_repo_nec_2026_local_election_opencrab\supplements\official_gap_recovery_2026\recheck_2026-05-29\direct_nec_downloads\documents\candidate-doc_100158070_1.pdf,downloaded,701099,605fdac6c1175cbd2397fce000652f107ff352b83a10114913e388a58d09f6dc,,C:\Users\treyl\Documents\Obsidian\Second_Brain\output\nec_2026_local_election_opencrab\github_repo_nec_2026_local_election_opencrab\supplements\official_gap_recovery_2026\recheck_2026-05-29\direct_nec_downloads\markdown\candidate-doc_100158070_1.md,ok,8,2142,,pymupdf,ok
520260603-5300-장수군선거구-100160395-1-선거공보,candidate-doc:100160395:1,candidate-doc_100160395_1,5300,전북특별자치도,520260603,시·도의회의원선거,장수군선거구,100160395,장정복,더불어민주당,1,선거공보,https://policy.nec.go.kr/plc/common/downloadFile.do?requestedFileName=20260603_%EC%9E%A5%EC%88%98%EA%B5%B0%EC%84%A0%EA%B1%B0%EA%B5%AC_%EC%9E%A5%EC%A0%95%EB%B3%B5_%EC%84%A0%EA%B1%B0%EA%B3%B5%EB%B3%B4.pdf&requestedFullPath=20260603/PDF/PBINFO/5313/003_100160395_20260527_1.pdf,20260603/PDF/PBINFO/5313/003_100160395_20260527_1.pdf,C:\Users\treyl\Documents\Obsidian\Second_Brain\output\nec_2026_local_election_opencrab\github_repo_nec_2026_local_election_opencrab\supplements\official_gap_recovery_2026\recheck_2026-05-29\direct_nec_downloads\documents\candidate-doc_100160395_1.pdf,downloaded,7808068,32c9f1d779519c630dc7fef318c0752aa001a389904dec3afd2a83e97fb81507,,C:\Users\treyl\Documents\Obsidian\Second_Brain\output\nec_2026_local_election_opencrab\github_repo_nec_2026_local_election_opencrab\supplements\official_gap_recovery_2026\recheck_2026-05-29\direct_nec_downloads\markdown\candidate-doc_100160395_1.md,ok,8,5018,,pymupdf,ok
520260603-5300-장수군선거구-100158310-1-선거공보,candidate-doc:100158310:1,candidate-doc_100158310_1,5300,전북특별자치도,520260603,시·도의회의원선거,장수군선거구,100158310,박용근,무소속,1,선거공보,https://policy.nec.go.kr/plc/common/downloadFile.do?requestedFileName=20260603_%EC%9E%A5%EC%88%98%EA%B5%B0%EC%84%A0%EA%B1%B0%EA%B5%AC_%EB%B0%95%EC%9A%A9%EA%B7%BC_%EC%84%A0%EA%B1%B0%EA%B3%B5%EB%B3%B4.pdf&requestedFullPath=20260603/PDF/PBINFO/5313/003_100158310_20260527_1.pdf,20260603/PDF/PBINFO/5313/003_100158310_20260527_1.pdf,C:\Users\treyl\Documents\Obsidian\Second_Brain\output\nec_2026_local_election_opencrab\github_repo_nec_2026_local_election_opencrab\supplements\official_gap_recovery_2026\recheck_2026-05-29\direct_nec_downloads\documents\candidate-doc_100158310_1.pdf,downloaded,17084328,f6969574f001a74f75b044a7e065011f23cdee59019656cbf0a2148a2894c35f,,C:\Users\treyl\Documents\Obsidian\Second_Brain\output\nec_2026_local_election_opencrab\github_repo_nec_2026_local_election_opencrab\supplements\official_gap_recovery_2026\recheck_2026-05-29\direct_nec_downloads\markdown\candidate-doc_100158310_1.md,ok,8,3505,,pymupdf,ok
620260603-1100-강서구가선거구-100156578-1-선거공보,candidate-doc:100156578:1,candidate-doc_100156578_1,1100,서울특별시,620260603,구·시·군의회의원선거,강서구가선거구,100156578,김영회,더불어민주당,1,선거공보,https://policy.nec.go.kr/plc/common/downloadFile.do?requestedFileName=20260603_%EA%B0%95%EC%84%9C%EA%B5%AC%EA%B0%80%EC%84%A0%EA%B1%B0%EA%B5%AC_%EA%B9%80%EC%98%81%ED%9A%8C_%EC%84%A0%EA%B1%B0%EA%B3%B5%EB%B3%B4.pdf&requestedFullPath=20260603/PDF/PBINFO/1116/003_100156578_20260526_1.pdf,20260603/PDF/PBINFO/1116/003_100156578_20260526_1.pdf,C:\Users\treyl\Documents\Obsidian\Second_Brain\output\nec_2026_local_election_opencrab\github_repo_nec_2026_local_election_opencrab\supplements\official_gap_recovery_2026\recheck_2026-05-29\direct_nec_downloads\documents\candidate-doc_100156578_1.pdf,downloaded,3720961,f96d152aa84a4f45ee9ae54ca414ec5c9c67e64b8cdc82c7a8d7a01d529596e7,,C:\Users\treyl\Documents\Obsidian\Second_Brain\output\nec_2026_local_election_opencrab\github_repo_nec_2026_local_election_opencrab\supplements\official_gap_recovery_2026\recheck_2026-05-29\direct_nec_downloads\markdown\candidate-doc_100156578_1.md,ok,8,759,,pymupdf,ok
620260603-1100-강서구가선거구-100163905-1-선거공보,candidate-doc:100163905:1,candidate-doc_100163905_1,1100,서울특별시,620260603,구·시·군의회의원선거,강서구가선거구,100163905,신은숙,무소속,1,선거공보,https://policy.nec.go.kr/plc/common/downloadFile.do?requestedFileName=20260603_%EA%B0%95%EC%84%9C%EA%B5%AC%EA%B0%80%EC%84%A0%EA%B1%B0%EA%B5%AC_%EC%8B%A0%EC%9D%80%EC%88%99_%EC%84%A0%EA%B1%B0%EA%B3%B5%EB%B3%B4.pdf&requestedFullPath=20260603/PDF/PBINFO/1116/003_100163905_20260527_1.pdf,20260603/PDF/PBINFO/1116/003_100163905_20260527_1.pdf,C:\Users\treyl\Documents\Obsidian\Second_Brain\output\nec_2026_local_election_opencrab\github_repo_nec_2026_local_election_opencrab\supplements\official_gap_recovery_2026\recheck_2026-05-29\direct_nec_downloads\documents\candidate-doc_100163905_1.pdf,downloaded,1928195,234b6ce313128a807ae75b3f53e9b20fecc63fb5c425e40459145089adc64caa,,C:\Users\treyl\Documents\Obsidian\Second_Brain\output\nec_2026_local_election_opencrab\github_repo_nec_2026_local_election_opencrab\supplements\official_gap_recovery_2026\recheck_2026-05-29\direct_nec_downloads\markdown\candidate-doc_100163905_1.md,ok,4,1918,,pymupdf,ok
620260603-1100-강서구나선거구-100162184-1-선거공보,candidate-doc:100162184:1,candidate-doc_100162184_1,1100,서울특별시,620260603,구·시·군의회의원선거,강서구나선거구,100162184,조기만,더불어민주당,1,선거공보,https://policy.nec.go.kr/plc/common/downloadFile.do?requestedFileName=20260603_%EA%B0%95%EC%84%9C%EA%B5%AC%EB%82%98%EC%84%A0%EA%B1%B0%EA%B5%AC_%EC%A1%B0%EA%B8%B0%EB%A7%8C_%EC%84%A0%EA%B1%B0%EA%B3%B5%EB%B3%B4.pdf&requestedFullPath=20260603/PDF/PBINFO/1116/003_100162184_20260527_1.pdf,20260603/PDF/PBINFO/1116/003_100162184_20260527_1.pdf,C:\Users\treyl\Documents\Obsidian\Second_Brain\output\nec_2026_local_election_opencrab\github_repo_nec_2026_local_election_opencrab\supplements\official_gap_recovery_2026\recheck_2026-05-29\direct_nec_downloads\documents\candidate-doc_100162184_1.pdf,downloaded,8732381,b1947958a07d30f690dd5098db3a2feb45c495dbcbbd88edd5b26bbbe3056332,,C:\Users\treyl\Documents\Obsidian\Second_Brain\output\nec_2026_local_election_opencrab\github_repo_nec_2026_local_election_opencrab\supplements\official_gap_recovery_2026\recheck_2026-05-29\direct_nec_downloads\markdown\candidate-doc_100162184_1.md,ok,8,3242,,pymupdf,ok
620260603-1100-강서구라선거구-100157043-1-선거공보,candidate-doc:100157043:1,candidate-doc_100157043_1,1100,서울특별시,620260603,구·시·군의회의원선거,강서구라선거구,100157043,김현희,더불어민주당,1,선거공보,https://policy.nec.go.kr/plc/common/downloadFile.do?requestedFileName=20260603_%EA%B0%95%EC%84%9C%EA%B5%AC%EB%9D%BC%EC%84%A0%EA%B1%B0%EA%B5%AC_%EA%B9%80%ED%98%84%ED%9D%AC_%EC%84%A0%EA%B1%B0%EA%B3%B5%EB%B3%B4.pdf&requestedFullPath=20260603/PDF/PBINFO/1116/003_100157043_20260526_1.pdf,20260603/PDF/PBINFO/1116/003_100157043_20260526_1.pdf,C:\Users\treyl\Documents\Obsidian\Second_Brain\output\nec_2026_local_election_opencrab\github_repo_nec_2026_local_election_opencrab\supplements\official_gap_recovery_2026\recheck_2026-05-29\direct_nec_downloads\documents\candidate-doc_100157043_1.pdf,downloaded,15957072,038e881aed882b3d30cb19600bc4b42eb9cdf13531acc15c6785b8798af0ccd3,,C:\Users\treyl\Documents\Obsidian\Second_Brain\output\nec_2026_local_election_opencrab\github_repo_nec_2026_local_election_opencrab\supplements\official_gap_recovery_2026\recheck_2026-05-29\direct_nec_downloads\markdown\candidate-doc_100157043_1.md,ok,8,3800,,pymupdf,ok
620260603-1100-강서구아선거구-100161820-1-선거공보,candidate-doc:100161820:1,candidate-doc_100161820_1,1100,서울특별시,620260603,구·시·군의회의원선거,강서구아선거구,100161820,강선영,더불어민주당,1,선거공보,https://policy.nec.go.kr/plc/common/downloadFile.do?requestedFileName=20260603_%EA%B0%95%EC%84%9C%EA%B5%AC%EC%95%84%EC%84%A0%EA%B1%B0%EA%B5%AC_%EA%B0%95%EC%84%A0%EC%98%81_%EC%84%A0%EA%B1%B0%EA%B3%B5%EB%B3%B4.pdf&requestedFullPath=20260603/PDF/PBINFO/1116/003_100161820_20260526_1.pdf,20260603/PDF/PBINFO/1116/003_100161820_20260526_1.pdf,C:\Users\treyl\Documents\Obsidian\Second_Brain\output\nec_2026_local_election_opencrab\github_repo_nec_2026_local_election_opencrab\supplements\official_gap_recovery_2026\recheck_2026-05-29\direct_nec_downloads\documents\candidate-doc_100161820_1.pdf,downloaded,18688679,ba0a2e98eddf2632fed7974f002975513e5db61d87ae6f7620ee0395c7003569,,C:\Users\treyl\Documents\Obsidian\Second_Brain\output\nec_2026_local_election_opencrab\github_repo_nec_2026_local_election_opencrab\supplements\official_gap_recovery_2026\recheck_2026-05-29\direct_nec_downloads\markdown\candidate-doc_100161820_1.md,ok,8,3818,,pymupdf,ok
620260603-1100-강동구바선거구-100159252-1-선거공보,candidate-doc:100159252:1,candidate-doc_100159252_1,1100,서울특별시,620260603,구·시·군의회의원선거,강동구바선거구,100159252,최찬호,자유와혁신,1,선거공보,https://policy.nec.go.kr/plc/common/downloadFile.do?requestedFileName=20260603_%EA%B0%95%EB%8F%99%EA%B5%AC%EB%B0%94%EC%84%A0%EA%B1%B0%EA%B5%AC_%EC%B5%9C%EC%B0%AC%ED%98%B8_%EC%84%A0%EA%B1%B0%EA%B3%B5%EB%B3%B4.pdf&requestedFullPath=20260603/PDF/PBINFO/1125/003_100159252_20260526_1.pdf,20260603/PDF/PBINFO/1125/003_100159252_20260526_1.pdf,C:\Users\treyl\Documents\Obsidian\Second_Brain\output\nec_2026_local_election_opencrab\github_repo_nec_2026_local_election_opencrab\supplements\official_gap_recovery_2026\recheck_2026-05-29\direct_nec_downloads\documents\candidate-doc_100159252_1.pdf,downloaded,5693450,7061cad552d554a72f4d2201cac1121adcfaac450913ffc20cabaf910bd9ad0c,,C:\Users\treyl\Documents\Obsidian\Second_Brain\output\nec_2026_local_election_opencrab\github_repo_nec_2026_local_election_opencrab\supplements\official_gap_recovery_2026\recheck_2026-05-29\direct_nec_downloads\markdown\candidate-doc_100159252_1.md,ok,8,4742,,pymupdf,ok
620260603-2900-서구가선거구-100154163-1-선거공보,candidate-doc:100154163:1,candidate-doc_100154163_1,2900,광주광역시,620260603,구·시·군의회의원선거,서구가선거구,100154163,이기성,더불어민주당,1,선거공보,https://policy.nec.go.kr/plc/common/downloadFile.do?requestedFileName=20260603_%EC%84%9C%EA%B5%AC%EA%B0%80%EC%84%A0%EA%B1%B0%EA%B5%AC_%EC%9D%B4%EA%B8%B0%EC%84%B1_%EC%84%A0%EA%B1%B0%EA%B3%B5%EB%B3%B4.pdf&requestedFullPath=20260603/PDF/PBINFO/2902/003_100154163_20260524_1.pdf,20260603/PDF/PBINFO/2902/003_100154163_20260524_1.pdf,C:\Users\treyl\Documents\Obsidian\Second_Brain\output\nec_2026_local_election_opencrab\github_repo_nec_2026_local_election_opencrab\supplements\official_gap_recovery_2026\recheck_2026-05-29\direct_nec_downloads\documents\candidate-doc_100154163_1.pdf,downloaded,11282758,38994551b35eff5042f7be39a25dc8e04c2ff618e23134d4f8f1a29b1fd230a0,,C:\Users\treyl\Documents\Obsidian\Second_Brain\output\nec_2026_local_election_opencrab\github_repo_nec_2026_local_election_opencrab\supplements\official_gap_recovery_2026\recheck_2026-05-29\direct_nec_downloads\markdown\candidate-doc_100154163_1.md,ok,8,3307,,windows_media_ocr_ko,ocr_recovered
620260603-2900-서구가선거구-100157532-1-선거공보,candidate-doc:100157532:1,candidate-doc_100157532_1,2900,광주광역시,620260603,구·시·군의회의원선거,서구가선거구,100157532,김수영,더불어민주당,1,선거공보,https://policy.nec.go.kr/plc/common/downloadFile.do?requestedFileName=20260603_%EC%84%9C%EA%B5%AC%EA%B0%80%EC%84%A0%EA%B1%B0%EA%B5%AC_%EA%B9%80%EC%88%98%EC%98%81_%EC%84%A0%EA%B1%B0%EA%B3%B5%EB%B3%B4.pdf&requestedFullPath=20260603/PDF/PBINFO/2902/003_100157532_20260525_1.pdf,20260603/PDF/PBINFO/2902/003_100157532_20260525_1.pdf,C:\Users\treyl\Documents\Obsidian\Second_Brain\output\nec_2026_local_election_opencrab\github_repo_nec_2026_local_election_opencrab\supplements\official_gap_recovery_2026\recheck_2026-05-29\direct_nec_downloads\documents\candidate-doc_100157532_1.pdf,downloaded,951085,9e9f2f2b63c7968a5127fe10392bb1d3eac60ed674055ce3822bb78ca9440122,,C:\Users\treyl\Documents\Obsidian\Second_Brain\output\nec_2026_local_election_opencrab\github_repo_nec_2026_local_election_opencrab\supplements\official_gap_recovery_2026\recheck_2026-05-29\direct_nec_downloads\markdown\candidate-doc_100157532_1.md,ok,4,3710,,windows_media_ocr_ko,ocr_recovered
620260603-2900-서구가선거구-100156698-1-선거공보,candidate-doc:100156698:1,candidate-doc_100156698_1,2900,광주광역시,620260603,구·시·군의회의원선거,서구가선거구,100156698,양하길,더불어민주당,1,선거공보,https://policy.nec.go.kr/plc/common/downloadFile.do?requestedFileName=20260603_%EC%84%9C%EA%B5%AC%EA%B0%80%EC%84%A0%EA%B1%B0%EA%B5%AC_%EC%96%91%ED%95%98%EA%B8%B8_%EC%84%A0%EA%B1%B0%EA%B3%B5%EB%B3%B4.pdf&requestedFullPath=20260603/PDF/PBINFO/2902/003_100156698_20260525_1.pdf,20260603/PDF/PBINFO/2902/003_100156698_20260525_1.pdf,C:\Users\treyl\Documents\Obsidian\Second_Brain\output\nec_2026_local_election_opencrab\github_repo_nec_2026_local_election_opencrab\supplements\official_gap_recovery_2026\recheck_2026-05-29\direct_nec_downloads\documents\candidate-doc_100156698_1.pdf,downloaded,526616,f4d8364c981149fb295a630ae315a54b30e85fa507f2854ddc0da18de617301c,,C:\Users\treyl\Documents\Obsidian\Second_Brain\output\nec_2026_local_election_opencrab\github_repo_nec_2026_local_election_opencrab\supplements\official_gap_recovery_2026\recheck_2026-05-29\direct_nec_downloads\markdown\candidate-doc_100156698_1.md,ok,3,2288,,windows_media_ocr_ko,ocr_recovered
620260603-2900-서구가선거구-100157381-1-선거공보,candidate-doc:100157381:1,candidate-doc_100157381_1,2900,광주광역시,620260603,구·시·군의회의원선거,서구가선거구,100157381,노윤섭,조국혁신당,1,선거공보,https://policy.nec.go.kr/plc/common/downloadFile.do?requestedFileName=20260603_%EC%84%9C%EA%B5%AC%EA%B0%80%EC%84%A0%EA%B1%B0%EA%B5%AC_%EB%85%B8%EC%9C%A4%EC%84%AD_%EC%84%A0%EA%B1%B0%EA%B3%B5%EB%B3%B4.pdf&requestedFullPath=20260603/PDF/PBINFO/2902/003_100157381_20260524_1.pdf,20260603/PDF/PBINFO/2902/003_100157381_20260524_1.pdf,C:\Users\treyl\Documents\Obsidian\Second_Brain\output\nec_2026_local_election_opencrab\github_repo_nec_2026_local_election_opencrab\supplements\official_gap_recovery_2026\recheck_2026-05-29\direct_nec_downloads\documents\candidate-doc_100157381_1.pdf,downloaded,1707142,4900fad12929364c6336ff934e2f675f88d89298056fe830e5db372a5bfe4301,,C:\Users\treyl\Documents\Obsidian\Second_Brain\output\nec_2026_local_election_opencrab\github_repo_nec_2026_local_election_opencrab\supplements\official_gap_recovery_2026\recheck_2026-05-29\direct_nec_downloads\markdown\candidate-doc_100157381_1.md,ok,4,1895,,pymupdf,ok
620260603-2900-서구가선거구-100154287-1-선거공보,candidate-doc:100154287:1,candidate-doc_100154287_1,2900,광주광역시,620260603,구·시·군의회의원선거,서구가선거구,100154287,기춘희,진보당,1,선거공보,https://policy.nec.go.kr/plc/common/downloadFile.do?requestedFileName=20260603_%EC%84%9C%EA%B5%AC%EA%B0%80%EC%84%A0%EA%B1%B0%EA%B5%AC_%EA%B8%B0%EC%B6%98%ED%9D%AC_%EC%84%A0%EA%B1%B0%EA%B3%B5%EB%B3%B4.pdf&requestedFullPath=20260603/PDF/PBINFO/2902/003_100154287_20260524_1.pdf,20260603/PDF/PBINFO/2902/003_100154287_20260524_1.pdf,C:\Users\treyl\Documents\Obsidian\Second_Brain\output\nec_2026_local_election_opencrab\github_repo_nec_2026_local_election_opencrab\supplements\official_gap_recovery_2026\recheck_2026-05-29\direct_nec_downloads\documents\candidate-doc_100154287_1.pdf,downloaded,6476885,04ce9a12dffd1dad5e824b20ddf92b51f3fb148a52ac1854034e901c29ccc460,,C:\Users\treyl\Documents\Obsidian\Second_Brain\output\nec_2026_local_election_opencrab\github_repo_nec_2026_local_election_opencrab\supplements\official_gap_recovery_2026\recheck_2026-05-29\direct_nec_downloads\markdown\candidate-doc_100154287_1.md,ok,5,2410,,pymupdf,ok
620260603-2900-서구나선거구-100156324-1-선거공보,candidate-doc:100156324:1,candidate-doc_100156324_1,2900,광주광역시,620260603,구·시·군의회의원선거,서구나선거구,100156324,양인기,더불어민주당,1,선거공보,https://policy.nec.go.kr/plc/common/downloadFile.do?requestedFileName=20260603_%EC%84%9C%EA%B5%AC%EB%82%98%EC%84%A0%EA%B1%B0%EA%B5%AC_%EC%96%91%EC%9D%B8%EA%B8%B0_%EC%84%A0%EA%B1%B0%EA%B3%B5%EB%B3%B4.pdf&requestedFullPath=20260603/PDF/PBINFO/2902/003_100156324_20260524_1.pdf,20260603/PDF/PBINFO/2902/003_100156324_20260524_1.pdf,C:\Users\treyl\Documents\Obsidian\Second_Brain\output\nec_2026_local_election_opencrab\github_repo_nec_2026_local_election_opencrab\supplements\official_gap_recovery_2026\recheck_2026-05-29\direct_nec_downloads\documents\candidate-doc_100156324_1.pdf,downloaded,2113664,72faf83231fca5c857a2bedfd81cdfae38d7285bd90159eb961a72a132d3bf7f,,C:\Users\treyl\Documents\Obsidian\Second_Brain\output\nec_2026_local_election_opencrab\github_repo_nec_2026_local_election_opencrab\supplements\official_gap_recovery_2026\recheck_2026-05-29\direct_nec_downloads\markdown\candidate-doc_100156324_1.md,ok,2,2019,,pymupdf,ok
620260603-2900-서구나선거구-100156851-1-선거공보,candidate-doc:100156851:1,candidate-doc_100156851_1,2900,광주광역시,620260603,구·시·군의회의원선거,서구나선거구,100156851,오병관,더불어민주당,1,선거공보,https://policy.nec.go.kr/plc/common/downloadFile.do?requestedFileName=20260603_%EC%84%9C%EA%B5%AC%EB%82%98%EC%84%A0%EA%B1%B0%EA%B5%AC_%EC%98%A4%EB%B3%91%EA%B4%80_%EC%84%A0%EA%B1%B0%EA%B3%B5%EB%B3%B4.pdf&requestedFullPath=20260603/PDF/PBINFO/2902/003_100156851_20260525_1.pdf,20260603/PDF/PBINFO/2902/003_100156851_20260525_1.pdf,C:\Users\treyl\Documents\Obsidian\Second_Brain\output\nec_2026_local_election_opencrab\github_repo_nec_2026_local_election_opencrab\supplements\official_gap_recovery_2026\recheck_2026-05-29\direct_nec_downloads\documents\candidate-doc_100156851_1.pdf,downloaded,305968,56b1cee47dc31a4e3b8b5154dedf4492aa2b21e490ed065eff1385712154f573,,C:\Users\treyl\Documents\Obsidian\Second_Brain\output\nec_2026_local_election_opencrab\github_repo_nec_2026_local_election_opencrab\supplements\official_gap_recovery_2026\recheck_2026-05-29\direct_nec_downloads\markdown\candidate-doc_100156851_1.md,ok,2,1752,,windows_media_ocr_ko,ocr_recovered
620260603-2900-서구나선거구-100158479-1-선거공보,candidate-doc:100158479:1,candidate-doc_100158479_1,2900,광주광역시,620260603,구·시·군의회의원선거,서구나선거구,100158479,임성화,더불어민주당,1,선거공보,https://policy.nec.go.kr/plc/common/downloadFile.do?requestedFileName=20260603_%EC%84%9C%EA%B5%AC%EB%82%98%EC%84%A0%EA%B1%B0%EA%B5%AC_%EC%9E%84%EC%84%B1%ED%99%94_%EC%84%A0%EA%B1%B0%EA%B3%B5%EB%B3%B4.pdf&requestedFullPath=20260603/PDF/PBINFO/2902/003_100158479_20260524_1.pdf,20260603/PDF/PBINFO/2902/003_100158479_20260524_1.pdf,C:\Users\treyl\Documents\Obsidian\Second_Brain\output\nec_2026_local_election_opencrab\github_repo_nec_2026_local_election_opencrab\supplements\official_gap_recovery_2026\recheck_2026-05-29\direct_nec_downloads\documents\candidate-doc_100158479_1.pdf,downloaded,10133745,a71b2595c238a1b78afceef3378c46e5ee920c0002ea3f15e8e237acb3589bc0,,C:\Users\treyl\Documents\Obsidian\Second_Brain\output\nec_2026_local_election_opencrab\github_repo_nec_2026_local_election_opencrab\supplements\official_gap_recovery_2026\recheck_2026-05-29\direct_nec_downloads\markdown\candidate-doc_100158479_1.md,ok,8,6394,,windows_media_ocr_ko,ocr_recovered
620260603-2900-서구나선거구-100154196-1-선거공보,candidate-doc:100154196:1,candidate-doc_100154196_1,2900,광주광역시,620260603,구·시·군의회의원선거,서구나선거구,100154196,이은주,진보당,1,선거공보,https://policy.nec.go.kr/plc/common/downloadFile.do?requestedFileName=20260603_%EC%84%9C%EA%B5%AC%EB%82%98%EC%84%A0%EA%B1%B0%EA%B5%AC_%EC%9D%B4%EC%9D%80%EC%A3%BC_%EC%84%A0%EA%B1%B0%EA%B3%B5%EB%B3%B4.pdf&requestedFullPath=20260603/PDF/PBINFO/2902/003_100154196_20260524_1.pdf,20260603/PDF/PBINFO/2902/003_100154196_20260524_1.pdf,C:\Users\treyl\Documents\Obsidian\Second_Brain\output\nec_2026_local_election_opencrab\github_repo_nec_2026_local_election_opencrab\supplements\official_gap_recovery_2026\recheck_2026-05-29\direct_nec_downloads\documents\candidate-doc_100154196_1.pdf,downloaded,8792440,0d21afcc97f221ab2535ad13fa1741e7071524e23838f5d49e5249eaa8c88cdf,,C:\Users\treyl\Documents\Obsidian\Second_Brain\output\nec_2026_local_election_opencrab\github_repo_nec_2026_local_election_opencrab\supplements\official_gap_recovery_2026\recheck_2026-05-29\direct_nec_downloads\markdown\candidate-doc_100154196_1.md,ok,5,2623,,pymupdf,ok
620260603-2900-서구나선거구-100161381-1-선거공보,candidate-doc:100161381:1,candidate-doc_100161381_1,2900,광주광역시,620260603,구·시·군의회의원선거,서구나선거구,100161381,오광록,무소속,1,선거공보,https://policy.nec.go.kr/plc/common/downloadFile.do?requestedFileName=20260603_%EC%84%9C%EA%B5%AC%EB%82%98%EC%84%A0%EA%B1%B0%EA%B5%AC_%EC%98%A4%EA%B4%91%EB%A1%9D_%EC%84%A0%EA%B1%B0%EA%B3%B5%EB%B3%B4.pdf&requestedFullPath=20260603/PDF/PBINFO/2902/003_100161381_20260524_1.pdf,20260603/PDF/PBINFO/2902/003_100161381_20260524_1.pdf,C:\Users\treyl\Documents\Obsidian\Second_Brain\output\nec_2026_local_election_opencrab\github_repo_nec_2026_local_election_opencrab\supplements\official_gap_recovery_2026\recheck_2026-05-29\direct_nec_downloads\documents\candidate-doc_100161381_1.pdf,downloaded,14889362,7ec9bd22e6c152ffcd0160980b01bb6234635e93b3e766e79646e32d5a960a3a,,C:\Users\treyl\Documents\Obsidian\Second_Brain\output\nec_2026_local_election_opencrab\github_repo_nec_2026_local_election_opencrab\supplements\official_gap_recovery_2026\recheck_2026-05-29\direct_nec_downloads\markdown\candidate-doc_100161381_1.md,ok,8,4316,,pymupdf,ok
620260603-2900-서구다선거구-100162877-1-선거공보,candidate-doc:100162877:1,candidate-doc_100162877_1,2900,광주광역시,620260603,구·시·군의회의원선거,서구다선거구,100162877,김인성,더불어민주당,1,선거공보,https://policy.nec.go.kr/plc/common/downloadFile.do?requestedFileName=20260603_%EC%84%9C%EA%B5%AC%EB%8B%A4%EC%84%A0%EA%B1%B0%EA%B5%AC_%EA%B9%80%EC%9D%B8%EC%84%B1_%EC%84%A0%EA%B1%B0%EA%B3%B5%EB%B3%B4.pdf&requestedFullPath=20260603/PDF/PBINFO/2902/003_100162877_20260524_1.pdf,20260603/PDF/PBINFO/2902/003_100162877_20260524_1.pdf,C:\Users\treyl\Documents\Obsidian\Second_Brain\output\nec_2026_local_election_opencrab\github_repo_nec_2026_local_election_opencrab\supplements\official_gap_recovery_2026\recheck_2026-05-29\direct_nec_downloads\documents\candidate-doc_100162877_1.pdf,downloaded,9289959,0401da60ca3d01aa6c09a1829d53c82b5e8c7834885d4e9aee351a34a64ad299,,C:\Users\treyl\Documents\Obsidian\Second_Brain\output\nec_2026_local_election_opencrab\github_repo_nec_2026_local_election_opencrab\supplements\official_gap_recovery_2026\recheck_2026-05-29\direct_nec_downloads\markdown\candidate-doc_100162877_1.md,ok,2,2581,,windows_media_ocr_ko,ocr_recovered
620260603-2900-서구다선거구-100157609-1-선거공보,candidate-doc:100157609:1,candidate-doc_100157609_1,2900,광주광역시,620260603,구·시·군의회의원선거,서구다선거구,100157609,백종한,더불어민주당,1,선거공보,https://policy.nec.go.kr/plc/common/downloadFile.do?requestedFileName=20260603_%EC%84%9C%EA%B5%AC%EB%8B%A4%EC%84%A0%EA%B1%B0%EA%B5%AC_%EB%B0%B1%EC%A2%85%ED%95%9C_%EC%84%A0%EA%B1%B0%EA%B3%B5%EB%B3%B4.pdf&requestedFullPath=20260603/PDF/PBINFO/2902/003_100157609_20260524_1.pdf,20260603/PDF/PBINFO/2902/003_100157609_20260524_1.pdf,C:\Users\treyl\Documents\Obsidian\Second_Brain\output\nec_2026_local_election_opencrab\github_repo_nec_2026_local_election_opencrab\supplements\official_gap_recovery_2026\recheck_2026-05-29\direct_nec_downloads\documents\candidate-doc_100157609_1.pdf,downloaded,11106252,65ba501b6ced5c35efa14fa7212c487c141706a5e3d395f52e258c832df01de2,,C:\Users\treyl\Documents\Obsidian\Second_Brain\output\nec_2026_local_election_opencrab\github_repo_nec_2026_local_election_opencrab\supplements\official_gap_recovery_2026\recheck_2026-05-29\direct_nec_downloads\markdown\candidate-doc_100157609_1.md,ok,8,6863,,windows_media_ocr_ko,ocr_recovered
620260603-2900-서구다선거구-100163358-1-선거공보,candidate-doc:100163358:1,candidate-doc_100163358_1,2900,광주광역시,620260603,구·시·군의회의원선거,서구다선거구,100163358,최정애,더불어민주당,1,선거공보,https://policy.nec.go.kr/plc/common/downloadFile.do?requestedFileName=20260603_%EC%84%9C%EA%B5%AC%EB%8B%A4%EC%84%A0%EA%B1%B0%EA%B5%AC_%EC%B5%9C%EC%A0%95%EC%95%A0_%EC%84%A0%EA%B1%B0%EA%B3%B5%EB%B3%B4.pdf&requestedFullPath=20260603/PDF/PBINFO/2902/003_100163358_20260524_1.pdf,20260603/PDF/PBINFO/2902/003_100163358_20260524_1.pdf,C:\Users\treyl\Documents\Obsidian\Second_Brain\output\nec_2026_local_election_opencrab\github_repo_nec_2026_local_election_opencrab\supplements\official_gap_recovery_2026\recheck_2026-05-29\direct_nec_downloads\documents\candidate-doc_100163358_1.pdf,downloaded,8629591,044341c759a3e22c8913fa14e9b73ea357c6a0c7f22dbeefea4bf53def5c9845,,C:\Users\treyl\Documents\Obsidian\Second_Brain\output\nec_2026_local_election_opencrab\github_repo_nec_2026_local_election_opencrab\supplements\official_gap_recovery_2026\recheck_2026-05-29\direct_nec_downloads\markdown\candidate-doc_100163358_1.md,ok,6,2408,,pymupdf,ok
620260603-2900-서구다선거구-100163903-1-선거공보,candidate-doc:100163903:1,candidate-doc_100163903_1,2900,광주광역시,620260603,구·시·군의회의원선거,서구다선거구,100163903,이동춘,무소속,1,선거공보,https://policy.nec.go.kr/plc/common/downloadFile.do?requestedFileName=20260603_%EC%84%9C%EA%B5%AC%EB%8B%A4%EC%84%A0%EA%B1%B0%EA%B5%AC_%EC%9D%B4%EB%8F%99%EC%B6%98_%EC%84%A0%EA%B1%B0%EA%B3%B5%EB%B3%B4.pdf&requestedFullPath=20260603/PDF/PBINFO/2902/003_100163903_20260525_1.pdf,20260603/PDF/PBINFO/2902/003_100163903_20260525_1.pdf,C:\Users\treyl\Documents\Obsidian\Second_Brain\output\nec_2026_local_election_opencrab\github_repo_nec_2026_local_election_opencrab\supplements\official_gap_recovery_2026\recheck_2026-05-29\direct_nec_downloads\documents\candidate-doc_100163903_1.pdf,downloaded,688201,47ec623bc7bad758848dc515490152896b56f8320e1198b99d4bf0cfc41b74b3,,C:\Users\treyl\Documents\Obsidian\Second_Brain\output\nec_2026_local_election_opencrab\github_repo_nec_2026_local_election_opencrab\supplements\official_gap_recovery_2026\recheck_2026-05-29\direct_nec_downloads\markdown\candidate-doc_100163903_1.md,ok,4,5083,,windows_media_ocr_ko,ocr_recovered
620260603-2900-서구라선거구-100155782-1-선거공보,candidate-doc:100155782:1,candidate-doc_100155782_1,2900,광주광역시,620260603,구·시·군의회의원선거,서구라선거구,100155782,오지은,더불어민주당,1,선거공보,https://policy.nec.go.kr/plc/common/downloadFile.do?requestedFileName=20260603_%EC%84%9C%EA%B5%AC%EB%9D%BC%EC%84%A0%EA%B1%B0%EA%B5%AC_%EC%98%A4%EC%A7%80%EC%9D%80_%EC%84%A0%EA%B1%B0%EA%B3%B5%EB%B3%B4.pdf&requestedFullPath=20260603/PDF/PBINFO/2902/003_100155782_20260525_1.pdf,20260603/PDF/PBINFO/2902/003_100155782_20260525_1.pdf,C:\Users\treyl\Documents\Obsidian\Second_Brain\output\nec_2026_local_election_opencrab\github_repo_nec_2026_local_election_opencrab\supplements\official_gap_recovery_2026\recheck_2026-05-29\direct_nec_downloads\documents\candidate-doc_100155782_1.pdf,downloaded,662985,8cc2fd104d41cef9769473e33958f0afd5bb9293d2f90630e9e46904fc9873df,,C:\Users\treyl\Documents\Obsidian\Second_Brain\output\nec_2026_local_election_opencrab\github_repo_nec_2026_local_election_opencrab\supplements\official_gap_recovery_2026\recheck_2026-05-29\direct_nec_downloads\markdown\candidate-doc_100155782_1.md,ok,4,4226,,windows_media_ocr_ko,ocr_recovered
620260603-2900-서구라선거구-100154579-1-선거공보,candidate-doc:100154579:1,candidate-doc_100154579_1,2900,광주광역시,620260603,구·시·군의회의원선거,서구라선거구,100154579,김유안,더불어민주당,1,선거공보,https://policy.nec.go.kr/plc/common/downloadFile.do?requestedFileName=20260603_%EC%84%9C%EA%B5%AC%EB%9D%BC%EC%84%A0%EA%B1%B0%EA%B5%AC_%EA%B9%80%EC%9C%A0%EC%95%88_%EC%84%A0%EA%B1%B0%EA%B3%B5%EB%B3%B4.pdf&requestedFullPath=20260603/PDF/PBINFO/2902/003_100154579_20260524_1.pdf,20260603/PDF/PBINFO/2902/003_100154579_20260524_1.pdf,C:\Users\treyl\Documents\Obsidian\Second_Brain\output\nec_2026_local_election_opencrab\github_repo_nec_2026_local_election_opencrab\supplements\official_gap_recovery_2026\recheck_2026-05-29\direct_nec_downloads\documents\candidate-doc_100154579_1.pdf,downloaded,15889273,475e49378434247ead60cbb8760431787c1ed9ad37e957fb6032883f64aae22c,,C:\Users\treyl\Documents\Obsidian\Second_Brain\output\nec_2026_local_election_opencrab\github_repo_nec_2026_local_election_opencrab\supplements\official_gap_recovery_2026\recheck_2026-05-29\direct_nec_downloads\markdown\candidate-doc_100154579_1.md,ok,8,2743,,windows_media_ocr_ko,ocr_recovered
620260603-2900-서구라선거구-100157080-1-선거공보,candidate-doc:100157080:1,candidate-doc_100157080_1,2900,광주광역시,620260603,구·시·군의회의원선거,서구라선거구,100157080,박영숙,더불어민주당,1,선거공보,https://policy.nec.go.kr/plc/common/downloadFile.do?requestedFileName=20260603_%EC%84%9C%EA%B5%AC%EB%9D%BC%EC%84%A0%EA%B1%B0%EA%B5%AC_%EB%B0%95%EC%98%81%EC%88%99_%EC%84%A0%EA%B1%B0%EA%B3%B5%EB%B3%B4.pdf&requestedFullPath=20260603/PDF/PBINFO/2902/003_100157080_20260524_1.pdf,20260603/PDF/PBINFO/2902/003_100157080_20260524_1.pdf,C:\Users\treyl\Documents\Obsidian\Second_Brain\output\nec_2026_local_election_opencrab\github_repo_nec_2026_local_election_opencrab\supplements\official_gap_recovery_2026\recheck_2026-05-29\direct_nec_downloads\documents\candidate-doc_100157080_1.pdf,downloaded,18347901,4a539c59ec691d5e427a1c4217ed0d22fcec493a13c82167c57608d7f211f84a,,C:\Users\treyl\Documents\Obsidian\Second_Brain\output\nec_2026_local_election_opencrab\github_repo_nec_2026_local_election_opencrab\supplements\official_gap_recovery_2026\recheck_2026-05-29\direct_nec_downloads\markdown\candidate-doc_100157080_1.md,ok,8,3577,,windows_media_ocr_ko,ocr_recovered
620260603-2900-서구라선거구-100157500-1-선거공보,candidate-doc:100157500:1,candidate-doc_100157500_1,2900,광주광역시,620260603,구·시·군의회의원선거,서구라선거구,100157500,김훈중,조국혁신당,1,선거공보,https://policy.nec.go.kr/plc/common/downloadFile.do?requestedFileName=20260603_%EC%84%9C%EA%B5%AC%EB%9D%BC%EC%84%A0%EA%B1%B0%EA%B5%AC_%EA%B9%80%ED%9B%88%EC%A4%91_%EC%84%A0%EA%B1%B0%EA%B3%B5%EB%B3%B4.pdf&requestedFullPath=20260603/PDF/PBINFO/2902/003_100157500_20260524_1.pdf,20260603/PDF/PBINFO/2902/003_100157500_20260524_1.pdf,C:\Users\treyl\Documents\Obsidian\Second_Brain\output\nec_2026_local_election_opencrab\github_repo_nec_2026_local_election_opencrab\supplements\official_gap_recovery_2026\recheck_2026-05-29\direct_nec_downloads\documents\candidate-doc_100157500_1.pdf,downloaded,1397438,d9f055b7ef1d392b51b4189134f258f5993f146cd0966e5c549304fd4e484bfc,,C:\Users\treyl\Documents\Obsidian\Second_Brain\output\nec_2026_local_election_opencrab\github_repo_nec_2026_local_election_opencrab\supplements\official_gap_recovery_2026\recheck_2026-05-29\direct_nec_downloads\markdown\candidate-doc_100157500_1.md,ok,4,1997,,pymupdf,ok
620260603-2900-서구라선거구-100154285-1-선거공보,candidate-doc:100154285:1,candidate-doc_100154285_1,2900,광주광역시,620260603,구·시·군의회의원선거,서구라선거구,100154285,고기담,진보당,1,선거공보,https://policy.nec.go.kr/plc/common/downloadFile.do?requestedFileName=20260603_%EC%84%9C%EA%B5%AC%EB%9D%BC%EC%84%A0%EA%B1%B0%EA%B5%AC_%EA%B3%A0%EA%B8%B0%EB%8B%B4_%EC%84%A0%EA%B1%B0%EA%B3%B5%EB%B3%B4.pdf&requestedFullPath=20260603/PDF/PBINFO/2902/003_100154285_20260524_1.pdf,20260603/PDF/PBINFO/2902/003_100154285_20260524_1.pdf,C:\Users\treyl\Documents\Obsidian\Second_Brain\output\nec_2026_local_election_opencrab\github_repo_nec_2026_local_election_opencrab\supplements\official_gap_recovery_2026\recheck_2026-05-29\direct_nec_downloads\documents\candidate-doc_100154285_1.pdf,downloaded,8994319,9c13bea69cd50ffdd637c6dbb198f7a9093471c823178a2d0cee9f45f08ccf8a,,C:\Users\treyl\Documents\Obsidian\Second_Brain\output\nec_2026_local_election_opencrab\github_repo_nec_2026_local_election_opencrab\supplements\official_gap_recovery_2026\recheck_2026-05-29\direct_nec_downloads\markdown\candidate-doc_100154285_1.md,ok,5,2681,,pymupdf,ok
620260603-2900-서구라선거구-100157333-1-선거공보,candidate-doc:100157333:1,candidate-doc_100157333_1,2900,광주광역시,620260603,구·시·군의회의원선거,서구라선거구,100157333,김옥수,무소속,1,선거공보,https://policy.nec.go.kr/plc/common/downloadFile.do?requestedFileName=20260603_%EC%84%9C%EA%B5%AC%EB%9D%BC%EC%84%A0%EA%B1%B0%EA%B5%AC_%EA%B9%80%EC%98%A5%EC%88%98_%EC%84%A0%EA%B1%B0%EA%B3%B5%EB%B3%B4.pdf&requestedFullPath=20260603/PDF/PBINFO/2902/003_100157333_20260525_1.pdf,20260603/PDF/PBINFO/2902/003_100157333_20260525_1.pdf,C:\Users\treyl\Documents\Obsidian\Second_Brain\output\nec_2026_local_election_opencrab\github_repo_nec_2026_local_election_opencrab\supplements\official_gap_recovery_2026\recheck_2026-05-29\direct_nec_downloads\documents\candidate-doc_100157333_1.pdf,downloaded,1081692,7df600c7da4cec379395017afeacb5c6fd4c71956cd69294153675f75ae0f724,,C:\Users\treyl\Documents\Obsidian\Second_Brain\output\nec_2026_local_election_opencrab\github_repo_nec_2026_local_election_opencrab\supplements\official_gap_recovery_2026\recheck_2026-05-29\direct_nec_downloads\markdown\candidate-doc_100157333_1.md,ok,4,9987,,windows_media_ocr_ko,ocr_recovered
620260603-4100-용인시사선거구-100154933-1-선거공보,candidate-doc:100154933:1,candidate-doc_100154933_1,4100,경기도,620260603,구·시·군의회의원선거,용인시사선거구,100154933,박해규,더불어민주당,1,선거공보,https://policy.nec.go.kr/plc/common/downloadFile.do?requestedFileName=20260603_%EC%9A%A9%EC%9D%B8%EC%8B%9C%EC%82%AC%EC%84%A0%EA%B1%B0%EA%B5%AC_%EB%B0%95%ED%95%B4%EA%B7%9C_%EC%84%A0%EA%B1%B0%EA%B3%B5%EB%B3%B4.pdf&requestedFullPath=20260603/PDF/PBINFO/4136/003_100154933_20260528_1.pdf,20260603/PDF/PBINFO/4136/003_100154933_20260528_1.pdf,C:\Users\treyl\Documents\Obsidian\Second_Brain\output\nec_2026_local_election_opencrab\github_repo_nec_2026_local_election_opencrab\supplements\official_gap_recovery_2026\recheck_2026-05-29\direct_nec_downloads\documents\candidate-doc_100154933_1.pdf,downloaded,2017723,558bef7a862977040500a9705e49001a6c1a9c612fb15782bc1710e3474a5011,,C:\Users\treyl\Documents\Obsidian\Second_Brain\output\nec_2026_local_election_opencrab\github_repo_nec_2026_local_election_opencrab\supplements\official_gap_recovery_2026\recheck_2026-05-29\direct_nec_downloads\markdown\candidate-doc_100154933_1.md,ok,8,3336,,windows_media_ocr_ko,ocr_recovered
620260603-4100-용인시사선거구-100161277-1-선거공보,candidate-doc:100161277:1,candidate-doc_100161277_1,4100,경기도,620260603,구·시·군의회의원선거,용인시사선거구,100161277,이승도,개혁신당,1,선거공보,https://policy.nec.go.kr/plc/common/downloadFile.do?requestedFileName=20260603_%EC%9A%A9%EC%9D%B8%EC%8B%9C%EC%82%AC%EC%84%A0%EA%B1%B0%EA%B5%AC_%EC%9D%B4%EC%8A%B9%EB%8F%84_%EC%84%A0%EA%B1%B0%EA%B3%B5%EB%B3%B4.pdf&requestedFullPath=20260603/PDF/PBINFO/4136/003_100161277_20260528_1.pdf,20260603/PDF/PBINFO/4136/003_100161277_20260528_1.pdf,C:\Users\treyl\Documents\Obsidian\Second_Brain\output\nec_2026_local_election_opencrab\github_repo_nec_2026_local_election_opencrab\supplements\official_gap_recovery_2026\recheck_2026-05-29\direct_nec_downloads\documents\candidate-doc_100161277_1.pdf,downloaded,4063593,bbe78244534512b46f333ca060b3a4d4fb089b8b1f3fb2a5a8ff1be391f2fed9,,C:\Users\treyl\Documents\Obsidian\Second_Brain\output\nec_2026_local_election_opencrab\github_repo_nec_2026_local_election_opencrab\supplements\official_gap_recovery_2026\recheck_2026-05-29\direct_nec_downloads\markdown\candidate-doc_100161277_1.md,ok,4,2673,,windows_media_ocr_ko,ocr_recovered
620260603-4100-용인시자선거구-100160966-1-선거공보,candidate-doc:100160966:1,candidate-doc_100160966_1,4100,경기도,620260603,구·시·군의회의원선거,용인시자선거구,100160966,정선일,자유와혁신,1,선거공보,https://policy.nec.go.kr/plc/common/downloadFile.do?requestedFileName=20260603_%EC%9A%A9%EC%9D%B8%EC%8B%9C%EC%9E%90%EC%84%A0%EA%B1%B0%EA%B5%AC_%EC%A0%95%EC%84%A0%EC%9D%BC_%EC%84%A0%EA%B1%B0%EA%B3%B5%EB%B3%B4.pdf&requestedFullPath=20260603/PDF/PBINFO/4136/003_100160966_20260528_1.pdf,20260603/PDF/PBINFO/4136/003_100160966_20260528_1.pdf,C:\Users\treyl\Documents\Obsidian\Second_Brain\output\nec_2026_local_election_opencrab\github_repo_nec_2026_local_election_opencrab\supplements\official_gap_recovery_2026\recheck_2026-05-29\direct_nec_downloads\documents\candidate-doc_100160966_1.pdf,downloaded,679085,3ced02f794df35db3e6f6b12f99ce2e1da1480caaa40cc76d7cc6e2f3017c356,,C:\Users\treyl\Documents\Obsidian\Second_Brain\output\nec_2026_local_election_opencrab\github_repo_nec_2026_local_election_opencrab\supplements\official_gap_recovery_2026\recheck_2026-05-29\direct_nec_downloads\markdown\candidate-doc_100160966_1.md,ok,4,497,,pymupdf,ok
620260603-4100-고양시사선거구-100163883-1-선거공보,candidate-doc:100163883:1,candidate-doc_100163883_1,4100,경기도,620260603,구·시·군의회의원선거,고양시사선거구,100163883,공소자,더불어민주당,1,선거공보,https://policy.nec.go.kr/plc/common/downloadFile.do?requestedFileName=20260603_%EA%B3%A0%EC%96%91%EC%8B%9C%EC%82%AC%EC%84%A0%EA%B1%B0%EA%B5%AC_%EA%B3%B5%EC%86%8C%EC%9E%90_%EC%84%A0%EA%B1%B0%EA%B3%B5%EB%B3%B4.pdf&requestedFullPath=20260603/PDF/PBINFO/4121/003_100163883_20260526_1.pdf,20260603/PDF/PBINFO/4121/003_100163883_20260526_1.pdf,C:\Users\treyl\Documents\Obsidian\Second_Brain\output\nec_2026_local_election_opencrab\github_repo_nec_2026_local_election_opencrab\supplements\official_gap_recovery_2026\recheck_2026-05-29\direct_nec_downloads\documents\candidate-doc_100163883_1.pdf,downloaded,2730511,155229af3177dea0ec805841d6eee1e9a5a7529ff043a63bd487be9816326003,,C:\Users\treyl\Documents\Obsidian\Second_Brain\output\nec_2026_local_election_opencrab\github_repo_nec_2026_local_election_opencrab\supplements\official_gap_recovery_2026\recheck_2026-05-29\direct_nec_downloads\markdown\candidate-doc_100163883_1.md,ok,8,3441,,pymupdf,ok
620260603-4100-고양시아선거구-100155441-1-선거공보,candidate-doc:100155441:1,candidate-doc_100155441_1,4100,경기도,620260603,구·시·군의회의원선거,고양시아선거구,100155441,장윤정,더불어민주당,1,선거공보,https://policy.nec.go.kr/plc/common/downloadFile.do?requestedFileName=20260603_%EA%B3%A0%EC%96%91%EC%8B%9C%EC%95%84%EC%84%A0%EA%B1%B0%EA%B5%AC_%EC%9E%A5%EC%9C%A4%EC%A0%95_%EC%84%A0%EA%B1%B0%EA%B3%B5%EB%B3%B4.pdf&requestedFullPath=20260603/PDF/PBINFO/4121/003_100155441_20260527_1.pdf,20260603/PDF/PBINFO/4121/003_100155441_20260527_1.pdf,C:\Users\treyl\Documents\Obsidian\Second_Brain\output\nec_2026_local_election_opencrab\github_repo_nec_2026_local_election_opencrab\supplements\official_gap_recovery_2026\recheck_2026-05-29\direct_nec_downloads\documents\candidate-doc_100155441_1.pdf,downloaded,4903425,da7f1fdfb1b2cb29955cafbe53a2d3e88974cbe9df5a6b65c608a314098519f0,,C:\Users\treyl\Documents\Obsidian\Second_Brain\output\nec_2026_local_election_opencrab\github_repo_nec_2026_local_election_opencrab\supplements\official_gap_recovery_2026\recheck_2026-05-29\direct_nec_downloads\markdown\candidate-doc_100155441_1.md,ok,8,4512,,pymupdf,ok
620260603-4100-파주시가선거구-100156045-1-선거공보,candidate-doc:100156045:1,candidate-doc_100156045_1,4100,경기도,620260603,구·시·군의회의원선거,파주시가선거구,100156045,방인혜,더불어민주당,1,선거공보,https://policy.nec.go.kr/plc/common/downloadFile.do?requestedFileName=20260603_%ED%8C%8C%EC%A3%BC%EC%8B%9C%EA%B0%80%EC%84%A0%EA%B1%B0%EA%B5%AC_%EB%B0%A9%EC%9D%B8%ED%98%9C_%EC%84%A0%EA%B1%B0%EA%B3%B5%EB%B3%B4.pdf&requestedFullPath=20260603/PDF/PBINFO/4132/003_100156045_20260522_1.pdf,20260603/PDF/PBINFO/4132/003_100156045_20260522_1.pdf,C:\Users\treyl\Documents\Obsidian\Second_Brain\output\nec_2026_local_election_opencrab\github_repo_nec_2026_local_election_opencrab\supplements\official_gap_recovery_2026\recheck_2026-05-29\direct_nec_downloads\documents\candidate-doc_100156045_1.pdf,downloaded,6077173,9b7d0b1ee7cbc9dd7193bd0641ddeabf320934c596fa1e889beab9a3c1428c2d,,C:\Users\treyl\Documents\Obsidian\Second_Brain\output\nec_2026_local_election_opencrab\github_repo_nec_2026_local_election_opencrab\supplements\official_gap_recovery_2026\recheck_2026-05-29\direct_nec_downloads\markdown\candidate-doc_100156045_1.md,ok,8,4435,,windows_media_ocr_ko,ocr_recovered
620260603-4100-파주시가선거구-100154509-1-선거공보,candidate-doc:100154509:1,candidate-doc_100154509_1,4100,경기도,620260603,구·시·군의회의원선거,파주시가선거구,100154509,윤석일,더불어민주당,1,선거공보,https://policy.nec.go.kr/plc/common/downloadFile.do?requestedFileName=20260603_%ED%8C%8C%EC%A3%BC%EC%8B%9C%EA%B0%80%EC%84%A0%EA%B1%B0%EA%B5%AC_%EC%9C%A4%EC%84%9D%EC%9D%BC_%EC%84%A0%EA%B1%B0%EA%B3%B5%EB%B3%B4.pdf&requestedFullPath=20260603/PDF/PBINFO/4132/003_100154509_20260522_1.pdf,20260603/PDF/PBINFO/4132/003_100154509_20260522_1.pdf,C:\Users\treyl\Documents\Obsidian\Second_Brain\output\nec_2026_local_election_opencrab\github_repo_nec_2026_local_election_opencrab\supplements\official_gap_recovery_2026\recheck_2026-05-29\direct_nec_downloads\documents\candidate-doc_100154509_1.pdf,downloaded,2525302,588efa0db1b65984c7317c8931df315db810d5a46215cf8265a7789fe4a22769,,C:\Users\treyl\Documents\Obsidian\Second_Brain\output\nec_2026_local_election_opencrab\github_repo_nec_2026_local_election_opencrab\supplements\official_gap_recovery_2026\recheck_2026-05-29\direct_nec_downloads\markdown\candidate-doc_100154509_1.md,ok,8,3719,,pymupdf,ok
620260603-4100-파주시가선거구-100161878-1-선거공보,candidate-doc:100161878:1,candidate-doc_100161878_1,4100,경기도,620260603,구·시·군의회의원선거,파주시가선거구,100161878,정경민,국민의힘,1,선거공보,https://policy.nec.go.kr/plc/common/downloadFile.do?requestedFileName=20260603_%ED%8C%8C%EC%A3%BC%EC%8B%9C%EA%B0%80%EC%84%A0%EA%B1%B0%EA%B5%AC_%EC%A0%95%EA%B2%BD%EB%AF%BC_%EC%84%A0%EA%B1%B0%EA%B3%B5%EB%B3%B4.pdf&requestedFullPath=20260603/PDF/PBINFO/4132/003_100161878_20260522_1.pdf,20260603/PDF/PBINFO/4132/003_100161878_20260522_1.pdf,C:\Users\treyl\Documents\Obsidian\Second_Brain\output\nec_2026_local_election_opencrab\github_repo_nec_2026_local_election_opencrab\supplements\official_gap_recovery_2026\recheck_2026-05-29\direct_nec_downloads\documents\candidate-doc_100161878_1.pdf,downloaded,16349958,4719f8f4df5bf574439457e8fa3ef15c1aa0ff57e35c13d30c875aa809ad09b9,,C:\Users\treyl\Documents\Obsidian\Second_Brain\output\nec_2026_local_election_opencrab\github_repo_nec_2026_local_election_opencrab\supplements\official_gap_recovery_2026\recheck_2026-05-29\direct_nec_downloads\markdown\candidate-doc_100161878_1.md,ok,4,2069,,pymupdf,ok
620260603-4100-파주시가선거구-100154533-1-선거공보,candidate-doc:100154533:1,candidate-doc_100154533_1,4100,경기도,620260603,구·시·군의회의원선거,파주시가선거구,100154533,김찬우,정의당,1,선거공보,https://policy.nec.go.kr/plc/common/downloadFile.do?requestedFileName=20260603_%ED%8C%8C%EC%A3%BC%EC%8B%9C%EA%B0%80%EC%84%A0%EA%B1%B0%EA%B5%AC_%EA%B9%80%EC%B0%AC%EC%9A%B0_%EC%84%A0%EA%B1%B0%EA%B3%B5%EB%B3%B4.pdf&requestedFullPath=20260603/PDF/PBINFO/4132/003_100154533_20260522_1.pdf,20260603/PDF/PBINFO/4132/003_100154533_20260522_1.pdf,C:\Users\treyl\Documents\Obsidian\Second_Brain\output\nec_2026_local_election_opencrab\github_repo_nec_2026_local_election_opencrab\supplements\official_gap_recovery_2026\recheck_2026-05-29\direct_nec_downloads\documents\candidate-doc_100154533_1.pdf,downloaded,15322807,8551e1e1333ec30eb01ea2131e20864ba17ebcdd459623e45bcf64f404cf759a,,C:\Users\treyl\Documents\Obsidian\Second_Brain\output\nec_2026_local_election_opencrab\github_repo_nec_2026_local_election_opencrab\supplements\official_gap_recovery_2026\recheck_2026-05-29\direct_nec_downloads\markdown\candidate-doc_100154533_1.md,ok,8,2930,,pymupdf,ok
620260603-4100-파주시나선거구-100163103-1-선거공보,candidate-doc:100163103:1,candidate-doc_100163103_1,4100,경기도,620260603,구·시·군의회의원선거,파주시나선거구,100163103,김경옥,더불어민주당,1,선거공보,https://policy.nec.go.kr/plc/common/downloadFile.do?requestedFileName=20260603_%ED%8C%8C%EC%A3%BC%EC%8B%9C%EB%82%98%EC%84%A0%EA%B1%B0%EA%B5%AC_%EA%B9%80%EA%B2%BD%EC%98%A5_%EC%84%A0%EA%B1%B0%EA%B3%B5%EB%B3%B4.pdf&requestedFullPath=20260603/PDF/PBINFO/4132/003_100163103_20260522_1.pdf,20260603/PDF/PBINFO/4132/003_100163103_20260522_1.pdf,C:\Users\treyl\Documents\Obsidian\Second_Brain\output\nec_2026_local_election_opencrab\github_repo_nec_2026_local_election_opencrab\supplements\official_gap_recovery_2026\recheck_2026-05-29\direct_nec_downloads\documents\candidate-doc_100163103_1.pdf,downloaded,1255386,8dcf71b72ac01bdbdc15dca6658cecadc4b7e93782e6e9f728be5fbce4eb86d9,,C:\Users\treyl\Documents\Obsidian\Second_Brain\output\nec_2026_local_election_opencrab\github_repo_nec_2026_local_election_opencrab\supplements\official_gap_recovery_2026\recheck_2026-05-29\direct_nec_downloads\markdown\candidate-doc_100163103_1.md,ok,8,3305,,pymupdf,ok
620260603-4100-파주시나선거구-100165144-1-선거공보,candidate-doc:100165144:1,candidate-doc_100165144_1,4100,경기도,620260603,구·시·군의회의원선거,파주시나선거구,100165144,이정은,더불어민주당,1,선거공보,https://policy.nec.go.kr/plc/common/downloadFile.do?requestedFileName=20260603_%ED%8C%8C%EC%A3%BC%EC%8B%9C%EB%82%98%EC%84%A0%EA%B1%B0%EA%B5%AC_%EC%9D%B4%EC%A0%95%EC%9D%80_%EC%84%A0%EA%B1%B0%EA%B3%B5%EB%B3%B4.pdf&requestedFullPath=20260603/PDF/PBINFO/4132/003_100165144_20260522_1.pdf,20260603/PDF/PBINFO/4132/003_100165144_20260522_1.pdf,C:\Users\treyl\Documents\Obsidian\Second_Brain\output\nec_2026_local_election_opencrab\github_repo_nec_2026_local_election_opencrab\supplements\official_gap_recovery_2026\recheck_2026-05-29\direct_nec_downloads\documents\candidate-doc_100165144_1.pdf,downloaded,7583641,864c78e3997986adcb4a9516c6945cd5050aa4249c30299d3bdd318affbd6dd0,,C:\Users\treyl\Documents\Obsidian\Second_Brain\output\nec_2026_local_election_opencrab\github_repo_nec_2026_local_election_opencrab\supplements\official_gap_recovery_2026\recheck_2026-05-29\direct_nec_downloads\markdown\candidate-doc_100165144_1.md,ok,8,3878,,pymupdf,ok
620260603-4100-파주시나선거구-100162227-1-선거공보,candidate-doc:100162227:1,candidate-doc_100162227_1,4100,경기도,620260603,구·시·군의회의원선거,파주시나선거구,100162227,옥승철,국민의힘,1,선거공보,https://policy.nec.go.kr/plc/common/downloadFile.do?requestedFileName=20260603_%ED%8C%8C%EC%A3%BC%EC%8B%9C%EB%82%98%EC%84%A0%EA%B1%B0%EA%B5%AC_%EC%98%A5%EC%8A%B9%EC%B2%A0_%EC%84%A0%EA%B1%B0%EA%B3%B5%EB%B3%B4.pdf&requestedFullPath=20260603/PDF/PBINFO/4132/003_100162227_20260522_1.pdf,20260603/PDF/PBINFO/4132/003_100162227_20260522_1.pdf,C:\Users\treyl\Documents\Obsidian\Second_Brain\output\nec_2026_local_election_opencrab\github_repo_nec_2026_local_election_opencrab\supplements\official_gap_recovery_2026\recheck_2026-05-29\direct_nec_downloads\documents\candidate-doc_100162227_1.pdf,downloaded,4863180,b3488e305860db03e2580e8d2de324e3335f09b66ffe8f6ef67d208be8cd867f,,C:\Users\treyl\Documents\Obsidian\Second_Brain\output\nec_2026_local_election_opencrab\github_repo_nec_2026_local_election_opencrab\supplements\official_gap_recovery_2026\recheck_2026-05-29\direct_nec_downloads\markdown\candidate-doc_100162227_1.md,ok,4,610,,pymupdf,ok
620260603-4100-파주시나선거구-100161952-1-선거공보,candidate-doc:100161952:1,candidate-doc_100161952_1,4100,경기도,620260603,구·시·군의회의원선거,파주시나선거구,100161952,최창호,국민의힘,1,선거공보,https://policy.nec.go.kr/plc/common/downloadFile.do?requestedFileName=20260603_%ED%8C%8C%EC%A3%BC%EC%8B%9C%EB%82%98%EC%84%A0%EA%B1%B0%EA%B5%AC_%EC%B5%9C%EC%B0%BD%ED%98%B8_%EC%84%A0%EA%B1%B0%EA%B3%B5%EB%B3%B4.pdf&requestedFullPath=20260603/PDF/PBINFO/4132/003_100161952_20260522_1.pdf,20260603/PDF/PBINFO/4132/003_100161952_20260522_1.pdf,C:\Users\treyl\Documents\Obsidian\Second_Brain\output\nec_2026_local_election_opencrab\github_repo_nec_2026_local_election_opencrab\supplements\official_gap_recovery_2026\recheck_2026-05-29\direct_nec_downloads\documents\candidate-doc_100161952_1.pdf,downloaded,7493186,282939a3bb0b7570684586c7ffaa48ce876c7da7820cf4313bbe791f06c5cb1d,,C:\Users\treyl\Documents\Obsidian\Second_Brain\output\nec_2026_local_election_opencrab\github_repo_nec_2026_local_election_opencrab\supplements\official_gap_recovery_2026\recheck_2026-05-29\direct_nec_downloads\markdown\candidate-doc_100161952_1.md,ok,8,3169,,pymupdf,ok
620260603-4100-파주시나선거구-100156597-1-선거공보,candidate-doc:100156597:1,candidate-doc_100156597_1,4100,경기도,620260603,구·시·군의회의원선거,파주시나선거구,100156597,소경준,노동당,1,선거공보,https://policy.nec.go.kr/plc/common/downloadFile.do?requestedFileName=20260603_%ED%8C%8C%EC%A3%BC%EC%8B%9C%EB%82%98%EC%84%A0%EA%B1%B0%EA%B5%AC_%EC%86%8C%EA%B2%BD%EC%A4%80_%EC%84%A0%EA%B1%B0%EA%B3%B5%EB%B3%B4.pdf&requestedFullPath=20260603/PDF/PBINFO/4132/003_100156597_20260522_1.pdf,20260603/PDF/PBINFO/4132/003_100156597_20260522_1.pdf,C:\Users\treyl\Documents\Obsidian\Second_Brain\output\nec_2026_local_election_opencrab\github_repo_nec_2026_local_election_opencrab\supplements\official_gap_recovery_2026\recheck_2026-05-29\direct_nec_downloads\documents\candidate-doc_100156597_1.pdf,downloaded,2684692,ba50df536ff0676d386fb02ad56e9a1d017a4bad292ea71bcb25a798eb7e6023,,C:\Users\treyl\Documents\Obsidian\Second_Brain\output\nec_2026_local_election_opencrab\github_repo_nec_2026_local_election_opencrab\supplements\official_gap_recovery_2026\recheck_2026-05-29\direct_nec_downloads\markdown\candidate-doc_100156597_1.md,ok,4,1474,,windows_media_ocr_ko,ocr_recovered
620260603-4100-파주시다선거구-100154491-1-선거공보,candidate-doc:100154491:1,candidate-doc_100154491_1,4100,경기도,620260603,구·시·군의회의원선거,파주시다선거구,100154491,유장무,더불어민주당,1,선거공보,https://policy.nec.go.kr/plc/common/downloadFile.do?requestedFileName=20260603_%ED%8C%8C%EC%A3%BC%EC%8B%9C%EB%8B%A4%EC%84%A0%EA%B1%B0%EA%B5%AC_%EC%9C%A0%EC%9E%A5%EB%AC%B4_%EC%84%A0%EA%B1%B0%EA%B3%B5%EB%B3%B4.pdf&requestedFullPath=20260603/PDF/PBINFO/4132/003_100154491_20260522_1.pdf,20260603/PDF/PBINFO/4132/003_100154491_20260522_1.pdf,C:\Users\treyl\Documents\Obsidian\Second_Brain\output\nec_2026_local_election_opencrab\github_repo_nec_2026_local_election_opencrab\supplements\official_gap_recovery_2026\recheck_2026-05-29\direct_nec_downloads\documents\candidate-doc_100154491_1.pdf,downloaded,8365917,75aab99c9c0722d0698fc47f804d866e80fe40f36d2074b34585f490d3cb62d7,,C:\Users\treyl\Documents\Obsidian\Second_Brain\output\nec_2026_local_election_opencrab\github_repo_nec_2026_local_election_opencrab\supplements\official_gap_recovery_2026\recheck_2026-05-29\direct_nec_downloads\markdown\candidate-doc_100154491_1.md,ok,8,3108,,windows_media_ocr_ko,ocr_recovered
620260603-4100-파주시다선거구-100155478-1-선거공보,candidate-doc:100155478:1,candidate-doc_100155478_1,4100,경기도,620260603,구·시·군의회의원선거,파주시다선거구,100155478,김환중,더불어민주당,1,선거공보,https://policy.nec.go.kr/plc/common/downloadFile.do?requestedFileName=20260603_%ED%8C%8C%EC%A3%BC%EC%8B%9C%EB%8B%A4%EC%84%A0%EA%B1%B0%EA%B5%AC_%EA%B9%80%ED%99%98%EC%A4%91_%EC%84%A0%EA%B1%B0%EA%B3%B5%EB%B3%B4.pdf&requestedFullPath=20260603/PDF/PBINFO/4132/003_100155478_20260522_1.pdf,20260603/PDF/PBINFO/4132/003_100155478_20260522_1.pdf,C:\Users\treyl\Documents\Obsidian\Second_Brain\output\nec_2026_local_election_opencrab\github_repo_nec_2026_local_election_opencrab\supplements\official_gap_recovery_2026\recheck_2026-05-29\direct_nec_downloads\documents\candidate-doc_100155478_1.pdf,downloaded,1568687,1231371474aaefd347af2163aa7e97a85cac2976e8d9654a95173d1e62553021,,C:\Users\treyl\Documents\Obsidian\Second_Brain\output\nec_2026_local_election_opencrab\github_repo_nec_2026_local_election_opencrab\supplements\official_gap_recovery_2026\recheck_2026-05-29\direct_nec_downloads\markdown\candidate-doc_100155478_1.md,ok,8,3403,,pymupdf,ok
620260603-4100-파주시다선거구-100161924-1-선거공보,candidate-doc:100161924:1,candidate-doc_100161924_1,4100,경기도,620260603,구·시·군의회의원선거,파주시다선거구,100161924,이진아,국민의힘,1,선거공보,https://policy.nec.go.kr/plc/common/downloadFile.do?requestedFileName=20260603_%ED%8C%8C%EC%A3%BC%EC%8B%9C%EB%8B%A4%EC%84%A0%EA%B1%B0%EA%B5%AC_%EC%9D%B4%EC%A7%84%EC%95%84_%EC%84%A0%EA%B1%B0%EA%B3%B5%EB%B3%B4.pdf&requestedFullPath=20260603/PDF/PBINFO/4132/003_100161924_20260522_1.pdf,20260603/PDF/PBINFO/4132/003_100161924_20260522_1.pdf,C:\Users\treyl\Documents\Obsidian\Second_Brain\output\nec_2026_local_election_opencrab\github_repo_nec_2026_local_election_opencrab\supplements\official_gap_recovery_2026\recheck_2026-05-29\direct_nec_downloads\documents\candidate-doc_100161924_1.pdf,downloaded,1203632,24ccf8fcedf810577b7ed0b79735f3eb2d39740f28bef60e538bb64f4b12227c,,C:\Users\treyl\Documents\Obsidian\Second_Brain\output\nec_2026_local_election_opencrab\github_repo_nec_2026_local_election_opencrab\supplements\official_gap_recovery_2026\recheck_2026-05-29\direct_nec_downloads\markdown\candidate-doc_100161924_1.md,ok,4,2797,,pymupdf,ok
620260603-4100-파주시다선거구-100164800-1-선거공보,candidate-doc:100164800:1,candidate-doc_100164800_1,4100,경기도,620260603,구·시·군의회의원선거,파주시다선거구,100164800,한종갑,조국혁신당,1,선거공보,https://policy.nec.go.kr/plc/common/downloadFile.do?requestedFileName=20260603_%ED%8C%8C%EC%A3%BC%EC%8B%9C%EB%8B%A4%EC%84%A0%EA%B1%B0%EA%B5%AC_%ED%95%9C%EC%A2%85%EA%B0%91_%EC%84%A0%EA%B1%B0%EA%B3%B5%EB%B3%B4.pdf&requestedFullPath=20260603/PDF/PBINFO/4132/003_100164800_20260522_1.pdf,20260603/PDF/PBINFO/4132/003_100164800_20260522_1.pdf,C:\Users\treyl\Documents\Obsidian\Second_Brain\output\nec_2026_local_election_opencrab\github_repo_nec_2026_local_election_opencrab\supplements\official_gap_recovery_2026\recheck_2026-05-29\direct_nec_downloads\documents\candidate-doc_100164800_1.pdf,downloaded,9179083,20a370c375776cd1795a803d226f5673819195a94fb8844518b42c485dbbc9bd,,C:\Users\treyl\Documents\Obsidian\Second_Brain\output\nec_2026_local_election_opencrab\github_repo_nec_2026_local_election_opencrab\supplements\official_gap_recovery_2026\recheck_2026-05-29\direct_nec_downloads\markdown\candidate-doc_100164800_1.md,ok,6,1545,,pymupdf,ok
620260603-4100-파주시다선거구-100157056-1-선거공보,candidate-doc:100157056:1,candidate-doc_100157056_1,4100,경기도,620260603,구·시·군의회의원선거,파주시다선거구,100157056,안소희,진보당,1,선거공보,https://policy.nec.go.kr/plc/common/downloadFile.do?requestedFileName=20260603_%ED%8C%8C%EC%A3%BC%EC%8B%9C%EB%8B%A4%EC%84%A0%EA%B1%B0%EA%B5%AC_%EC%95%88%EC%86%8C%ED%9D%AC_%EC%84%A0%EA%B1%B0%EA%B3%B5%EB%B3%B4.pdf&requestedFullPath=20260603/PDF/PBINFO/4132/003_100157056_20260522_1.pdf,20260603/PDF/PBINFO/4132/003_100157056_20260522_1.pdf,C:\Users\treyl\Documents\Obsidian\Second_Brain\output\nec_2026_local_election_opencrab\github_repo_nec_2026_local_election_opencrab\supplements\official_gap_recovery_2026\recheck_2026-05-29\direct_nec_downloads\documents\candidate-doc_100157056_1.pdf,downloaded,9181086,0b36f500cefe3bc0567f973c46c95ff9a14d6f8f05e1af74c3aa1d0eaf52a74c,,C:\Users\treyl\Documents\Obsidian\Second_Brain\output\nec_2026_local_election_opencrab\github_repo_nec_2026_local_election_opencrab\supplements\official_gap_recovery_2026\recheck_2026-05-29\direct_nec_downloads\markdown\candidate-doc_100157056_1.md,ok,8,4415,,windows_media_ocr_ko,ocr_recovered
620260603-4100-파주시라선거구-100155692-1-선거공보,candidate-doc:100155692:1,candidate-doc_100155692_1,4100,경기도,620260603,구·시·군의회의원선거,파주시라선거구,100155692,지은영,더불어민주당,1,선거공보,https://policy.nec.go.kr/plc/common/downloadFile.do?requestedFileName=20260603_%ED%8C%8C%EC%A3%BC%EC%8B%9C%EB%9D%BC%EC%84%A0%EA%B1%B0%EA%B5%AC_%EC%A7%80%EC%9D%80%EC%98%81_%EC%84%A0%EA%B1%B0%EA%B3%B5%EB%B3%B4.pdf&requestedFullPath=20260603/PDF/PBINFO/4132/003_100155692_20260522_1.pdf,20260603/PDF/PBINFO/4132/003_100155692_20260522_1.pdf,C:\Users\treyl\Documents\Obsidian\Second_Brain\output\nec_2026_local_election_opencrab\github_repo_nec_2026_local_election_opencrab\supplements\official_gap_recovery_2026\recheck_2026-05-29\direct_nec_downloads\documents\candidate-doc_100155692_1.pdf,downloaded,11270741,f6fef5075f63b07fa06b07e468bed1fb93408870ecdcc07d50485c55287e7ef3,,C:\Users\treyl\Documents\Obsidian\Second_Brain\output\nec_2026_local_election_opencrab\github_repo_nec_2026_local_election_opencrab\supplements\official_gap_recovery_2026\recheck_2026-05-29\direct_nec_downloads\markdown\candidate-doc_100155692_1.md,ok,8,2745,,pymupdf,ok
620260603-4100-파주시라선거구-100157286-1-선거공보,candidate-doc:100157286:1,candidate-doc_100157286_1,4100,경기도,620260603,구·시·군의회의원선거,파주시라선거구,100157286,최유각,더불어민주당,1,선거공보,https://policy.nec.go.kr/plc/common/downloadFile.do?requestedFileName=20260603_%ED%8C%8C%EC%A3%BC%EC%8B%9C%EB%9D%BC%EC%84%A0%EA%B1%B0%EA%B5%AC_%EC%B5%9C%EC%9C%A0%EA%B0%81_%EC%84%A0%EA%B1%B0%EA%B3%B5%EB%B3%B4.pdf&requestedFullPath=20260603/PDF/PBINFO/4132/003_100157286_20260522_1.pdf,20260603/PDF/PBINFO/4132/003_100157286_20260522_1.pdf,C:\Users\treyl\Documents\Obsidian\Second_Brain\output\nec_2026_local_election_opencrab\github_repo_nec_2026_local_election_opencrab\supplements\official_gap_recovery_2026\recheck_2026-05-29\direct_nec_downloads\documents\candidate-doc_100157286_1.pdf,downloaded,9576345,466d06c86db747267ee51dbb5d07d4a5c8229a9a005d143f0488fe5f3ea432d3,,C:\Users\treyl\Documents\Obsidian\Second_Brain\output\nec_2026_local_election_opencrab\github_repo_nec_2026_local_election_opencrab\supplements\official_gap_recovery_2026\recheck_2026-05-29\direct_nec_downloads\markdown\candidate-doc_100157286_1.md,ok,8,2295,,pymupdf,ok
620260603-4100-파주시라선거구-100158336-1-선거공보,candidate-doc:100158336:1,candidate-doc_100158336_1,4100,경기도,620260603,구·시·군의회의원선거,파주시라선거구,100158336,손형배,국민의힘,1,선거공보,https://policy.nec.go.kr/plc/common/downloadFile.do?requestedFileName=20260603_%ED%8C%8C%EC%A3%BC%EC%8B%9C%EB%9D%BC%EC%84%A0%EA%B1%B0%EA%B5%AC_%EC%86%90%ED%98%95%EB%B0%B0_%EC%84%A0%EA%B1%B0%EA%B3%B5%EB%B3%B4.pdf&requestedFullPath=20260603/PDF/PBINFO/4132/003_100158336_20260522_1.pdf,20260603/PDF/PBINFO/4132/003_100158336_20260522_1.pdf,C:\Users\treyl\Documents\Obsidian\Second_Brain\output\nec_2026_local_election_opencrab\github_repo_nec_2026_local_election_opencrab\supplements\official_gap_recovery_2026\recheck_2026-05-29\direct_nec_downloads\documents\candidate-doc_100158336_1.pdf,downloaded,1327591,df9336a8166cda8da15250cd3accaa2541a3d851fb0360085bf8d0fc6956b9fd,,C:\Users\treyl\Documents\Obsidian\Second_Brain\output\nec_2026_local_election_opencrab\github_repo_nec_2026_local_election_opencrab\supplements\official_gap_recovery_2026\recheck_2026-05-29\direct_nec_downloads\markdown\candidate-doc_100158336_1.md,ok,8,2004,,pymupdf,ok
620260603-4100-파주시라선거구-100155013-1-선거공보,candidate-doc:100155013:1,candidate-doc_100155013_1,4100,경기도,620260603,구·시·군의회의원선거,파주시라선거구,100155013,홍윤기,무소속,1,선거공보,https://policy.nec.go.kr/plc/common/downloadFile.do?requestedFileName=20260603_%ED%8C%8C%EC%A3%BC%EC%8B%9C%EB%9D%BC%EC%84%A0%EA%B1%B0%EA%B5%AC_%ED%99%8D%EC%9C%A4%EA%B8%B0_%EC%84%A0%EA%B1%B0%EA%B3%B5%EB%B3%B4.pdf&requestedFullPath=20260603/PDF/PBINFO/4132/003_100155013_20260522_1.pdf,20260603/PDF/PBINFO/4132/003_100155013_20260522_1.pdf,C:\Users\treyl\Documents\Obsidian\Second_Brain\output\nec_2026_local_election_opencrab\github_repo_nec_2026_local_election_opencrab\supplements\official_gap_recovery_2026\recheck_2026-05-29\direct_nec_downloads\documents\candidate-doc_100155013_1.pdf,downloaded,1299339,cd208735e03a4e5ff0e331965e55daecc8b46c199516019a053156031c77d283,,C:\Users\treyl\Documents\Obsidian\Second_Brain\output\nec_2026_local_election_opencrab\github_repo_nec_2026_local_election_opencrab\supplements\official_gap_recovery_2026\recheck_2026-05-29\direct_nec_downloads\markdown\candidate-doc_100155013_1.md,ok,4,2418,,pymupdf,ok
620260603-4100-파주시마선거구-100157013-1-선거공보,candidate-doc:100157013:1,candidate-doc_100157013_1,4100,경기도,620260603,구·시·군의회의원선거,파주시마선거구,100157013,이금옥,더불어민주당,1,선거공보,https://policy.nec.go.kr/plc/common/downloadFile.do?requestedFileName=20260603_%ED%8C%8C%EC%A3%BC%EC%8B%9C%EB%A7%88%EC%84%A0%EA%B1%B0%EA%B5%AC_%EC%9D%B4%EA%B8%88%EC%98%A5_%EC%84%A0%EA%B1%B0%EA%B3%B5%EB%B3%B4.pdf&requestedFullPath=20260603/PDF/PBINFO/4132/003_100157013_20260522_1.pdf,20260603/PDF/PBINFO/4132/003_100157013_20260522_1.pdf,C:\Users\treyl\Documents\Obsidian\Second_Brain\output\nec_2026_local_election_opencrab\github_repo_nec_2026_local_election_opencrab\supplements\official_gap_recovery_2026\recheck_2026-05-29\direct_nec_downloads\documents\candidate-doc_100157013_1.pdf,downloaded,4102409,2d1e2ccc65a611bebb26bb682beee151c6e065d4f6e74133d0e8bf3023e6f8a9,,C:\Users\treyl\Documents\Obsidian\Second_Brain\output\nec_2026_local_election_opencrab\github_repo_nec_2026_local_election_opencrab\supplements\official_gap_recovery_2026\recheck_2026-05-29\direct_nec_downloads\markdown\candidate-doc_100157013_1.md,ok,6,2592,,pymupdf,ok
620260603-4100-파주시마선거구-100158126-1-선거공보,candidate-doc:100158126:1,candidate-doc_100158126_1,4100,경기도,620260603,구·시·군의회의원선거,파주시마선거구,100158126,이혜정,더불어민주당,1,선거공보,https://policy.nec.go.kr/plc/common/downloadFile.do?requestedFileName=20260603_%ED%8C%8C%EC%A3%BC%EC%8B%9C%EB%A7%88%EC%84%A0%EA%B1%B0%EA%B5%AC_%EC%9D%B4%ED%98%9C%EC%A0%95_%EC%84%A0%EA%B1%B0%EA%B3%B5%EB%B3%B4.pdf&requestedFullPath=20260603/PDF/PBINFO/4132/003_100158126_20260522_1.pdf,20260603/PDF/PBINFO/4132/003_100158126_20260522_1.pdf,C:\Users\treyl\Documents\Obsidian\Second_Brain\output\nec_2026_local_election_opencrab\github_repo_nec_2026_local_election_opencrab\supplements\official_gap_recovery_2026\recheck_2026-05-29\direct_nec_downloads\documents\candidate-doc_100158126_1.pdf,downloaded,1993397,43c8e083a2d266ef1185b510d29493a2c1f8c2b617642dcc723176d08b3bb8c2,,C:\Users\treyl\Documents\Obsidian\Second_Brain\output\nec_2026_local_election_opencrab\github_repo_nec_2026_local_election_opencrab\supplements\official_gap_recovery_2026\recheck_2026-05-29\direct_nec_downloads\markdown\candidate-doc_100158126_1.md,ok,8,3029,,windows_media_ocr_ko,ocr_recovered
620260603-4100-파주시마선거구-100161656-1-선거공보,candidate-doc:100161656:1,candidate-doc_100161656_1,4100,경기도,620260603,구·시·군의회의원선거,파주시마선거구,100161656,이익선,국민의힘,1,선거공보,https://policy.nec.go.kr/plc/common/downloadFile.do?requestedFileName=20260603_%ED%8C%8C%EC%A3%BC%EC%8B%9C%EB%A7%88%EC%84%A0%EA%B1%B0%EA%B5%AC_%EC%9D%B4%EC%9D%B5%EC%84%A0_%EC%84%A0%EA%B1%B0%EA%B3%B5%EB%B3%B4.pdf&requestedFullPath=20260603/PDF/PBINFO/4132/003_100161656_20260522_1.pdf,20260603/PDF/PBINFO/4132/003_100161656_20260522_1.pdf,C:\Users\treyl\Documents\Obsidian\Second_Brain\output\nec_2026_local_election_opencrab\github_repo_nec_2026_local_election_opencrab\supplements\official_gap_recovery_2026\recheck_2026-05-29\direct_nec_downloads\documents\candidate-doc_100161656_1.pdf,downloaded,1285498,4f2b18cec8761ed87a1c212dcc4b37e0ba3cd1b7daf2bb10bec102dcca6f372b,,C:\Users\treyl\Documents\Obsidian\Second_Brain\output\nec_2026_local_election_opencrab\github_repo_nec_2026_local_election_opencrab\supplements\official_gap_recovery_2026\recheck_2026-05-29\direct_nec_downloads\markdown\candidate-doc_100161656_1.md,ok,8,5467,,pymupdf,ok
620260603-4100-파주시마선거구-100155039-1-선거공보,candidate-doc:100155039:1,candidate-doc_100155039_1,4100,경기도,620260603,구·시·군의회의원선거,파주시마선거구,100155039,김일철,국민의힘,1,선거공보,https://policy.nec.go.kr/plc/common/downloadFile.do?requestedFileName=20260603_%ED%8C%8C%EC%A3%BC%EC%8B%9C%EB%A7%88%EC%84%A0%EA%B1%B0%EA%B5%AC_%EA%B9%80%EC%9D%BC%EC%B2%A0_%EC%84%A0%EA%B1%B0%EA%B3%B5%EB%B3%B4.pdf&requestedFullPath=20260603/PDF/PBINFO/4132/003_100155039_20260522_1.pdf,20260603/PDF/PBINFO/4132/003_100155039_20260522_1.pdf,C:\Users\treyl\Documents\Obsidian\Second_Brain\output\nec_2026_local_election_opencrab\github_repo_nec_2026_local_election_opencrab\supplements\official_gap_recovery_2026\recheck_2026-05-29\direct_nec_downloads\documents\candidate-doc_100155039_1.pdf,downloaded,2118688,4d3f93370391c9e3a7b04dfe754314d74fe215fe8c6ba0a64de8f8107fabdde3,,C:\Users\treyl\Documents\Obsidian\Second_Brain\output\nec_2026_local_election_opencrab\github_repo_nec_2026_local_election_opencrab\supplements\official_gap_recovery_2026\recheck_2026-05-29\direct_nec_downloads\markdown\candidate-doc_100155039_1.md,ok,8,2299,,pymupdf,ok
620260603-4100-파주시마선거구-100155645-1-선거공보,candidate-doc:100155645:1,candidate-doc_100155645_1,4100,경기도,620260603,구·시·군의회의원선거,파주시마선거구,100155645,양준모,개혁신당,1,선거공보,https://policy.nec.go.kr/plc/common/downloadFile.do?requestedFileName=20260603_%ED%8C%8C%EC%A3%BC%EC%8B%9C%EB%A7%88%EC%84%A0%EA%B1%B0%EA%B5%AC_%EC%96%91%EC%A4%80%EB%AA%A8_%EC%84%A0%EA%B1%B0%EA%B3%B5%EB%B3%B4.pdf&requestedFullPath=20260603/PDF/PBINFO/4132/003_100155645_20260522_1.pdf,20260603/PDF/PBINFO/4132/003_100155645_20260522_1.pdf,C:\Users\treyl\Documents\Obsidian\Second_Brain\output\nec_2026_local_election_opencrab\github_repo_nec_2026_local_election_opencrab\supplements\official_gap_recovery_2026\recheck_2026-05-29\direct_nec_downloads\documents\candidate-doc_100155645_1.pdf,downloaded,2779089,b2c977a73178e7463d2b76bed0fc503e0cfcfbdd49e1c92ccccf6b3ec99c8f48,,C:\Users\treyl\Documents\Obsidian\Second_Brain\output\nec_2026_local_election_opencrab\github_repo_nec_2026_local_election_opencrab\supplements\official_gap_recovery_2026\recheck_2026-05-29\direct_nec_downloads\markdown\candidate-doc_100155645_1.md,ok,4,1750,,windows_media_ocr_ko,ocr_recovered
620260603-5200-삼척시나선거구-100154212-1-선거공보,candidate-doc:100154212:1,candidate-doc_100154212_1,5200,강원특별자치도,620260603,구·시·군의회의원선거,삼척시나선거구,100154212,서종협,더불어민주당,1,선거공보,https://policy.nec.go.kr/plc/common/downloadFile.do?requestedFileName=20260603_%EC%82%BC%EC%B2%99%EC%8B%9C%EB%82%98%EC%84%A0%EA%B1%B0%EA%B5%AC_%EC%84%9C%EC%A2%85%ED%98%91_%EC%84%A0%EA%B1%B0%EA%B3%B5%EB%B3%B4.pdf&requestedFullPath=20260603/PDF/PBINFO/5205/003_100154212_20260527_1.pdf,20260603/PDF/PBINFO/5205/003_100154212_20260527_1.pdf,C:\Users\treyl\Documents\Obsidian\Second_Brain\output\nec_2026_local_election_opencrab\github_repo_nec_2026_local_election_opencrab\supplements\official_gap_recovery_2026\recheck_2026-05-29\direct_nec_downloads\documents\candidate-doc_100154212_1.pdf,downloaded,675553,bef2c981de1320529e7792250554c8ff69998de4b5babfe10cf6172a3d737139,,C:\Users\treyl\Documents\Obsidian\Second_Brain\output\nec_2026_local_election_opencrab\github_repo_nec_2026_local_election_opencrab\supplements\official_gap_recovery_2026\recheck_2026-05-29\direct_nec_downloads\markdown\candidate-doc_100154212_1.md,ok,8,3256,,pymupdf,ok
620260603-4400-천안시마선거구-100157338-1-선거공보,candidate-doc:100157338:1,candidate-doc_100157338_1,4400,충청남도,620260603,구·시·군의회의원선거,천안시마선거구,100157338,윤철상,더불어민주당,1,선거공보,https://policy.nec.go.kr/plc/common/downloadFile.do?requestedFileName=20260603_%EC%B2%9C%EC%95%88%EC%8B%9C%EB%A7%88%EC%84%A0%EA%B1%B0%EA%B5%AC_%EC%9C%A4%EC%B2%A0%EC%83%81_%EC%84%A0%EA%B1%B0%EA%B3%B5%EB%B3%B4.pdf&requestedFullPath=20260603/PDF/PBINFO/4417/003_100157338_20260528_1.pdf,20260603/PDF/PBINFO/4417/003_100157338_20260528_1.pdf,C:\Users\treyl\Documents\Obsidian\Second_Brain\output\nec_2026_local_election_opencrab\github_repo_nec_2026_local_election_opencrab\supplements\official_gap_recovery_2026\recheck_2026-05-29\direct_nec_downloads\documents\candidate-doc_100157338_1.pdf,downloaded,4809056,90bac27ee2a251250233f08d41bf14e0ca8b44eec322a5d50505773bd0b0a489,,C:\Users\treyl\Documents\Obsidian\Second_Brain\output\nec_2026_local_election_opencrab\github_repo_nec_2026_local_election_opencrab\supplements\official_gap_recovery_2026\recheck_2026-05-29\direct_nec_downloads\markdown\candidate-doc_100157338_1.md,ok,4,1425,,pymupdf,ok
620260603-4400-천안시바선거구-100163016-1-선거공보,candidate-doc:100163016:1,candidate-doc_100163016_1,4400,충청남도,620260603,구·시·군의회의원선거,천안시바선거구,100163016,전용길,조국혁신당,1,선거공보,https://policy.nec.go.kr/plc/common/downloadFile.do?requestedFileName=20260603_%EC%B2%9C%EC%95%88%EC%8B%9C%EB%B0%94%EC%84%A0%EA%B1%B0%EA%B5%AC_%EC%A0%84%EC%9A%A9%EA%B8%B8_%EC%84%A0%EA%B1%B0%EA%B3%B5%EB%B3%B4.pdf&requestedFullPath=20260603/PDF/PBINFO/4417/003_100163016_20260528_1.pdf,20260603/PDF/PBINFO/4417/003_100163016_20260528_1.pdf,C:\Users\treyl\Documents\Obsidian\Second_Brain\output\nec_2026_local_election_opencrab\github_repo_nec_2026_local_election_opencrab\supplements\official_gap_recovery_2026\recheck_2026-05-29\direct_nec_downloads\documents\candidate-doc_100163016_1.pdf,downloaded,12290697,89dc68664ad54d95b23f2051de39e7c9deb5bcf21ad60cf488ecda0b31cae418,,C:\Users\treyl\Documents\Obsidian\Second_Brain\output\nec_2026_local_election_opencrab\github_repo_nec_2026_local_election_opencrab\supplements\official_gap_recovery_2026\recheck_2026-05-29\direct_nec_downloads\markdown\candidate-doc_100163016_1.md,ok,6,2351,,pymupdf,ok
620260603-4400-홍성군가선거구-100160944-1-선거공보,candidate-doc:100160944:1,candidate-doc_100160944_1,4400,충청남도,620260603,구·시·군의회의원선거,홍성군가선거구,100160944,최선경,더불어민주당,1,선거공보,https://policy.nec.go.kr/plc/common/downloadFile.do?requestedFileName=20260603_%ED%99%8D%EC%84%B1%EA%B5%B0%EA%B0%80%EC%84%A0%EA%B1%B0%EA%B5%AC_%EC%B5%9C%EC%84%A0%EA%B2%BD_%EC%84%A0%EA%B1%B0%EA%B3%B5%EB%B3%B4.pdf&requestedFullPath=20260603/PDF/PBINFO/4413/003_100160944_20260527_1.pdf,20260603/PDF/PBINFO/4413/003_100160944_20260527_1.pdf,C:\Users\treyl\Documents\Obsidian\Second_Brain\output\nec_2026_local_election_opencrab\github_repo_nec_2026_local_election_opencrab\supplements\official_gap_recovery_2026\recheck_2026-05-29\direct_nec_downloads\documents\candidate-doc_100160944_1.pdf,downloaded,6679302,7dd0adfa29f37c32ceae9ebe66ba46ce93c08b285897dd91c1017760c998d9ee,,C:\Users\treyl\Documents\Obsidian\Second_Brain\output\nec_2026_local_election_opencrab\github_repo_nec_2026_local_election_opencrab\supplements\official_gap_recovery_2026\recheck_2026-05-29\direct_nec_downloads\markdown\candidate-doc_100160944_1.md,ok,8,3594,,pymupdf,ok
620260603-5300-김제시가선거구-100155176-1-선거공보,candidate-doc:100155176:1,candidate-doc_100155176_1,5300,전북특별자치도,620260603,구·시·군의회의원선거,김제시가선거구,100155176,주상현,더불어민주당,1,선거공보,https://policy.nec.go.kr/plc/common/downloadFile.do?requestedFileName=20260603_%EA%B9%80%EC%A0%9C%EC%8B%9C%EA%B0%80%EC%84%A0%EA%B1%B0%EA%B5%AC_%EC%A3%BC%EC%83%81%ED%98%84_%EC%84%A0%EA%B1%B0%EA%B3%B5%EB%B3%B4.pdf&requestedFullPath=20260603/PDF/PBINFO/5309/003_100155176_20260523_1.pdf,20260603/PDF/PBINFO/5309/003_100155176_20260523_1.pdf,C:\Users\treyl\Documents\Obsidian\Second_Brain\output\nec_2026_local_election_opencrab\github_repo_nec_2026_local_election_opencrab\supplements\official_gap_recovery_2026\recheck_2026-05-29\direct_nec_downloads\documents\candidate-doc_100155176_1.pdf,downloaded,1537049,cd8310f01af22bdd8a4abfbab8b49c04a1634c7395a582f9b7f561a662da7e6c,,C:\Users\treyl\Documents\Obsidian\Second_Brain\output\nec_2026_local_election_opencrab\github_repo_nec_2026_local_election_opencrab\supplements\official_gap_recovery_2026\recheck_2026-05-29\direct_nec_downloads\markdown\candidate-doc_100155176_1.md,ok,8,2385,,pymupdf,ok
620260603-5300-김제시가선거구-100157560-1-선거공보,candidate-doc:100157560:1,candidate-doc_100157560_1,5300,전북특별자치도,620260603,구·시·군의회의원선거,김제시가선거구,100157560,남궁윤,더불어민주당,1,선거공보,https://policy.nec.go.kr/plc/common/downloadFile.do?requestedFileName=20260603_%EA%B9%80%EC%A0%9C%EC%8B%9C%EA%B0%80%EC%84%A0%EA%B1%B0%EA%B5%AC_%EB%82%A8%EA%B6%81%EC%9C%A4_%EC%84%A0%EA%B1%B0%EA%B3%B5%EB%B3%B4.pdf&requestedFullPath=20260603/PDF/PBINFO/5309/003_100157560_20260523_1.pdf,20260603/PDF/PBINFO/5309/003_100157560_20260523_1.pdf,C:\Users\treyl\Documents\Obsidian\Second_Brain\output\nec_2026_local_election_opencrab\github_repo_nec_2026_local_election_opencrab\supplements\official_gap_recovery_2026\recheck_2026-05-29\direct_nec_downloads\documents\candidate-doc_100157560_1.pdf,downloaded,1331215,55c951ac002a2a1c72340f479af8f7674e2bc897c169ec9626fa251669d4183c,,C:\Users\treyl\Documents\Obsidian\Second_Brain\output\nec_2026_local_election_opencrab\github_repo_nec_2026_local_election_opencrab\supplements\official_gap_recovery_2026\recheck_2026-05-29\direct_nec_downloads\markdown\candidate-doc_100157560_1.md,ok,8,3031,,pymupdf,ok
620260603-5300-김제시나선거구-100156260-1-선거공보,candidate-doc:100156260:1,candidate-doc_100156260_1,5300,전북특별자치도,620260603,구·시·군의회의원선거,김제시나선거구,100156260,오승경,더불어민주당,1,선거공보,https://policy.nec.go.kr/plc/common/downloadFile.do?requestedFileName=20260603_%EA%B9%80%EC%A0%9C%EC%8B%9C%EB%82%98%EC%84%A0%EA%B1%B0%EA%B5%AC_%EC%98%A4%EC%8A%B9%EA%B2%BD_%EC%84%A0%EA%B1%B0%EA%B3%B5%EB%B3%B4.pdf&requestedFullPath=20260603/PDF/PBINFO/5309/003_100156260_20260523_1.pdf,20260603/PDF/PBINFO/5309/003_100156260_20260523_1.pdf,C:\Users\treyl\Documents\Obsidian\Second_Brain\output\nec_2026_local_election_opencrab\github_repo_nec_2026_local_election_opencrab\supplements\official_gap_recovery_2026\recheck_2026-05-29\direct_nec_downloads\documents\candidate-doc_100156260_1.pdf,downloaded,10723504,e8725b9881c177200b75260f2a85eace38a58ccd50f8872b979785ada6e1ac1d,,C:\Users\treyl\Documents\Obsidian\Second_Brain\output\nec_2026_local_election_opencrab\github_repo_nec_2026_local_election_opencrab\supplements\official_gap_recovery_2026\recheck_2026-05-29\direct_nec_downloads\markdown\candidate-doc_100156260_1.md,ok,8,2051,,pymupdf,ok
620260603-5300-김제시나선거구-100160387-1-선거공보,candidate-doc:100160387:1,candidate-doc_100160387_1,5300,전북특별자치도,620260603,구·시·군의회의원선거,김제시나선거구,100160387,김영자,더불어민주당,1,선거공보,https://policy.nec.go.kr/plc/common/downloadFile.do?requestedFileName=20260603_%EA%B9%80%EC%A0%9C%EC%8B%9C%EB%82%98%EC%84%A0%EA%B1%B0%EA%B5%AC_%EA%B9%80%EC%98%81%EC%9E%90_%EC%84%A0%EA%B1%B0%EA%B3%B5%EB%B3%B4.pdf&requestedFullPath=20260603/PDF/PBINFO/5309/003_100160387_20260523_1.pdf,20260603/PDF/PBINFO/5309/003_100160387_20260523_1.pdf,C:\Users\treyl\Documents\Obsidian\Second_Brain\output\nec_2026_local_election_opencrab\github_repo_nec_2026_local_election_opencrab\supplements\official_gap_recovery_2026\recheck_2026-05-29\direct_nec_downloads\documents\candidate-doc_100160387_1.pdf,downloaded,2681276,9e557ad5bb04ffcd65283bd62e49fd1a4dc13962143ad519270d6e63d2d69422,,C:\Users\treyl\Documents\Obsidian\Second_Brain\output\nec_2026_local_election_opencrab\github_repo_nec_2026_local_election_opencrab\supplements\official_gap_recovery_2026\recheck_2026-05-29\direct_nec_downloads\markdown\candidate-doc_100160387_1.md,ok,8,2493,,pymupdf,ok
620260603-5300-김제시나선거구-100163659-1-선거공보,candidate-doc:100163659:1,candidate-doc_100163659_1,5300,전북특별자치도,620260603,구·시·군의회의원선거,김제시나선거구,100163659,박성운,조국혁신당,1,선거공보,https://policy.nec.go.kr/plc/common/downloadFile.do?requestedFileName=20260603_%EA%B9%80%EC%A0%9C%EC%8B%9C%EB%82%98%EC%84%A0%EA%B1%B0%EA%B5%AC_%EB%B0%95%EC%84%B1%EC%9A%B4_%EC%84%A0%EA%B1%B0%EA%B3%B5%EB%B3%B4.pdf&requestedFullPath=20260603/PDF/PBINFO/5309/003_100163659_20260523_1.pdf,20260603/PDF/PBINFO/5309/003_100163659_20260523_1.pdf,C:\Users\treyl\Documents\Obsidian\Second_Brain\output\nec_2026_local_election_opencrab\github_repo_nec_2026_local_election_opencrab\supplements\official_gap_recovery_2026\recheck_2026-05-29\direct_nec_downloads\documents\candidate-doc_100163659_1.pdf,downloaded,458081,4fd285900a4bf9021f65455cb57eece7583eec573cf51ae3fee1ea1f3a88e778,,C:\Users\treyl\Documents\Obsidian\Second_Brain\output\nec_2026_local_election_opencrab\github_repo_nec_2026_local_election_opencrab\supplements\official_gap_recovery_2026\recheck_2026-05-29\direct_nec_downloads\markdown\candidate-doc_100163659_1.md,ok,2,1515,,windows_media_ocr_ko,ocr_recovered
620260603-5300-김제시나선거구-100165246-1-선거공보,candidate-doc:100165246:1,candidate-doc_100165246_1,5300,전북특별자치도,620260603,구·시·군의회의원선거,김제시나선거구,100165246,조성원,무소속,1,선거공보,https://policy.nec.go.kr/plc/common/downloadFile.do?requestedFileName=20260603_%EA%B9%80%EC%A0%9C%EC%8B%9C%EB%82%98%EC%84%A0%EA%B1%B0%EA%B5%AC_%EC%A1%B0%EC%84%B1%EC%9B%90_%EC%84%A0%EA%B1%B0%EA%B3%B5%EB%B3%B4.pdf&requestedFullPath=20260603/PDF/PBINFO/5309/003_100165246_20260523_1.pdf,20260603/PDF/PBINFO/5309/003_100165246_20260523_1.pdf,C:\Users\treyl\Documents\Obsidian\Second_Brain\output\nec_2026_local_election_opencrab\github_repo_nec_2026_local_election_opencrab\supplements\official_gap_recovery_2026\recheck_2026-05-29\direct_nec_downloads\documents\candidate-doc_100165246_1.pdf,downloaded,10762141,10fac4c63d74c6a3b7907d932700b5f40dd0b913614fe8401228755160d90a86,,C:\Users\treyl\Documents\Obsidian\Second_Brain\output\nec_2026_local_election_opencrab\github_repo_nec_2026_local_election_opencrab\supplements\official_gap_recovery_2026\recheck_2026-05-29\direct_nec_downloads\markdown\candidate-doc_100165246_1.md,ok,1,1637,,windows_media_ocr_ko,ocr_recovered
620260603-5300-김제시라선거구-100154872-1-선거공보,candidate-doc:100154872:1,candidate-doc_100154872_1,5300,전북특별자치도,620260603,구·시·군의회의원선거,김제시라선거구,100154872,김진수,더불어민주당,1,선거공보,https://policy.nec.go.kr/plc/common/downloadFile.do?requestedFileName=20260603_%EA%B9%80%EC%A0%9C%EC%8B%9C%EB%9D%BC%EC%84%A0%EA%B1%B0%EA%B5%AC_%EA%B9%80%EC%A7%84%EC%88%98_%EC%84%A0%EA%B1%B0%EA%B3%B5%EB%B3%B4.pdf&requestedFullPath=20260603/PDF/PBINFO/5309/003_100154872_20260523_1.pdf,20260603/PDF/PBINFO/5309/003_100154872_20260523_1.pdf,C:\Users\treyl\Documents\Obsidian\Second_Brain\output\nec_2026_local_election_opencrab\github_repo_nec_2026_local_election_opencrab\supplements\official_gap_recovery_2026\recheck_2026-05-29\direct_nec_downloads\documents\candidate-doc_100154872_1.pdf,downloaded,1316216,1a31ba2c2f920aa97b850560b30b8ee0201864b40192be478cfff0f67e27addc,,C:\Users\treyl\Documents\Obsidian\Second_Brain\output\nec_2026_local_election_opencrab\github_repo_nec_2026_local_election_opencrab\supplements\official_gap_recovery_2026\recheck_2026-05-29\direct_nec_downloads\markdown\candidate-doc_100154872_1.md,ok,8,6455,,pymupdf,ok
620260603-5300-김제시라선거구-100157339-1-선거공보,candidate-doc:100157339:1,candidate-doc_100157339_1,5300,전북특별자치도,620260603,구·시·군의회의원선거,김제시라선거구,100157339,김승일,더불어민주당,1,선거공보,https://policy.nec.go.kr/plc/common/downloadFile.do?requestedFileName=20260603_%EA%B9%80%EC%A0%9C%EC%8B%9C%EB%9D%BC%EC%84%A0%EA%B1%B0%EA%B5%AC_%EA%B9%80%EC%8A%B9%EC%9D%BC_%EC%84%A0%EA%B1%B0%EA%B3%B5%EB%B3%B4.pdf&requestedFullPath=20260603/PDF/PBINFO/5309/003_100157339_20260523_1.pdf,20260603/PDF/PBINFO/5309/003_100157339_20260523_1.pdf,C:\Users\treyl\Documents\Obsidian\Second_Brain\output\nec_2026_local_election_opencrab\github_repo_nec_2026_local_election_opencrab\supplements\official_gap_recovery_2026\recheck_2026-05-29\direct_nec_downloads\documents\candidate-doc_100157339_1.pdf,downloaded,1877716,3d33c617b874d80a873ef88aaa576efb6a2cd5e9ddd2129d092ac6c5855be126,,C:\Users\treyl\Documents\Obsidian\Second_Brain\output\nec_2026_local_election_opencrab\github_repo_nec_2026_local_election_opencrab\supplements\official_gap_recovery_2026\recheck_2026-05-29\direct_nec_downloads\markdown\candidate-doc_100157339_1.md,ok,8,2445,,pymupdf,ok
620260603-5300-김제시라선거구-100157002-1-선거공보,candidate-doc:100157002:1,candidate-doc_100157002_1,5300,전북특별자치도,620260603,구·시·군의회의원선거,김제시라선거구,100157002,문순자,더불어민주당,1,선거공보,https://policy.nec.go.kr/plc/common/downloadFile.do?requestedFileName=20260603_%EA%B9%80%EC%A0%9C%EC%8B%9C%EB%9D%BC%EC%84%A0%EA%B1%B0%EA%B5%AC_%EB%AC%B8%EC%88%9C%EC%9E%90_%EC%84%A0%EA%B1%B0%EA%B3%B5%EB%B3%B4.pdf&requestedFullPath=20260603/PDF/PBINFO/5309/003_100157002_20260523_1.pdf,20260603/PDF/PBINFO/5309/003_100157002_20260523_1.pdf,C:\Users\treyl\Documents\Obsidian\Second_Brain\output\nec_2026_local_election_opencrab\github_repo_nec_2026_local_election_opencrab\supplements\official_gap_recovery_2026\recheck_2026-05-29\direct_nec_downloads\documents\candidate-doc_100157002_1.pdf,downloaded,6709185,624ed16767343dd7059c34db60b4425776a1f25ed05811158a085bf4d1a62f24,,C:\Users\treyl\Documents\Obsidian\Second_Brain\output\nec_2026_local_election_opencrab\github_repo_nec_2026_local_election_opencrab\supplements\official_gap_recovery_2026\recheck_2026-05-29\direct_nec_downloads\markdown\candidate-doc_100157002_1.md,ok,8,2445,,windows_media_ocr_ko,ocr_recovered
620260603-5300-김제시라선거구-100162295-1-선거공보,candidate-doc:100162295:1,candidate-doc_100162295_1,5300,전북특별자치도,620260603,구·시·군의회의원선거,김제시라선거구,100162295,최훈,무소속,1,선거공보,https://policy.nec.go.kr/plc/common/downloadFile.do?requestedFileName=20260603_%EA%B9%80%EC%A0%9C%EC%8B%9C%EB%9D%BC%EC%84%A0%EA%B1%B0%EA%B5%AC_%EC%B5%9C%ED%9B%88_%EC%84%A0%EA%B1%B0%EA%B3%B5%EB%B3%B4.pdf&requestedFullPath=20260603/PDF/PBINFO/5309/003_100162295_20260523_1.pdf,20260603/PDF/PBINFO/5309/003_100162295_20260523_1.pdf,C:\Users\treyl\Documents\Obsidian\Second_Brain\output\nec_2026_local_election_opencrab\github_repo_nec_2026_local_election_opencrab\supplements\official_gap_recovery_2026\recheck_2026-05-29\direct_nec_downloads\documents\candidate-doc_100162295_1.pdf,downloaded,16541893,d335b101399922e7428a8e212d8c80c214968259c51f4bf22d48903b34d2a570,,C:\Users\treyl\Documents\Obsidian\Second_Brain\output\nec_2026_local_election_opencrab\github_repo_nec_2026_local_election_opencrab\supplements\official_gap_recovery_2026\recheck_2026-05-29\direct_nec_downloads\markdown\candidate-doc_100162295_1.md,ok,1,819,,pymupdf,ok
620260603-5300-완주군나선거구-100159635-1-선거공보,candidate-doc:100159635:1,candidate-doc_100159635_1,5300,전북특별자치도,620260603,구·시·군의회의원선거,완주군나선거구,100159635,최광호,더불어민주당,1,선거공보,https://policy.nec.go.kr/plc/common/downloadFile.do?requestedFileName=20260603_%EC%99%84%EC%A3%BC%EA%B5%B0%EB%82%98%EC%84%A0%EA%B1%B0%EA%B5%AC_%EC%B5%9C%EA%B4%91%ED%98%B8_%EC%84%A0%EA%B1%B0%EA%B3%B5%EB%B3%B4.pdf&requestedFullPath=20260603/PDF/PBINFO/5310/003_100159635_20260527_1.pdf,20260603/PDF/PBINFO/5310/003_100159635_20260527_1.pdf,C:\Users\treyl\Documents\Obsidian\Second_Brain\output\nec_2026_local_election_opencrab\github_repo_nec_2026_local_election_opencrab\supplements\official_gap_recovery_2026\recheck_2026-05-29\direct_nec_downloads\documents\candidate-doc_100159635_1.pdf,downloaded,868127,9342c3c87a355d56b415e3477ef08d519a49b20557731d0a65b66adf34fd2867,,C:\Users\treyl\Documents\Obsidian\Second_Brain\output\nec_2026_local_election_opencrab\github_repo_nec_2026_local_election_opencrab\supplements\official_gap_recovery_2026\recheck_2026-05-29\direct_nec_downloads\markdown\candidate-doc_100159635_1.md,ok,8,4908,,pymupdf,ok
620260603-5300-완주군나선거구-100159533-1-선거공보,candidate-doc:100159533:1,candidate-doc_100159533_1,5300,전북특별자치도,620260603,구·시·군의회의원선거,완주군나선거구,100159533,성중기,더불어민주당,1,선거공보,https://policy.nec.go.kr/plc/common/downloadFile.do?requestedFileName=20260603_%EC%99%84%EC%A3%BC%EA%B5%B0%EB%82%98%EC%84%A0%EA%B1%B0%EA%B5%AC_%EC%84%B1%EC%A4%91%EA%B8%B0_%EC%84%A0%EA%B1%B0%EA%B3%B5%EB%B3%B4.pdf&requestedFullPath=20260603/PDF/PBINFO/5310/003_100159533_20260526_1.pdf,20260603/PDF/PBINFO/5310/003_100159533_20260526_1.pdf,C:\Users\treyl\Documents\Obsidian\Second_Brain\output\nec_2026_local_election_opencrab\github_repo_nec_2026_local_election_opencrab\supplements\official_gap_recovery_2026\recheck_2026-05-29\direct_nec_downloads\documents\candidate-doc_100159533_1.pdf,downloaded,8242629,78c1d08c8cc425374dc03473ff6a718339306e44087a0a9a62ab8dc3bf572c0f,,C:\Users\treyl\Documents\Obsidian\Second_Brain\output\nec_2026_local_election_opencrab\github_repo_nec_2026_local_election_opencrab\supplements\official_gap_recovery_2026\recheck_2026-05-29\direct_nec_downloads\markdown\candidate-doc_100159533_1.md,ok,8,8031,,windows_media_ocr_ko,ocr_recovered
620260603-5300-완주군나선거구-100163602-1-선거공보,candidate-doc:100163602:1,candidate-doc_100163602_1,5300,전북특별자치도,620260603,구·시·군의회의원선거,완주군나선거구,100163602,권오석,무소속,1,선거공보,https://policy.nec.go.kr/plc/common/downloadFile.do?requestedFileName=20260603_%EC%99%84%EC%A3%BC%EA%B5%B0%EB%82%98%EC%84%A0%EA%B1%B0%EA%B5%AC_%EA%B6%8C%EC%98%A4%EC%84%9D_%EC%84%A0%EA%B1%B0%EA%B3%B5%EB%B3%B4.pdf&requestedFullPath=20260603/PDF/PBINFO/5310/003_100163602_20260526_1.pdf,20260603/PDF/PBINFO/5310/003_100163602_20260526_1.pdf,C:\Users\treyl\Documents\Obsidian\Second_Brain\output\nec_2026_local_election_opencrab\github_repo_nec_2026_local_election_opencrab\supplements\official_gap_recovery_2026\recheck_2026-05-29\direct_nec_downloads\documents\candidate-doc_100163602_1.pdf,downloaded,5412144,b5e044346415fe030351660962c43acbf754ab75f9e7616054e4426f1552bc28,,C:\Users\treyl\Documents\Obsidian\Second_Brain\output\nec_2026_local_election_opencrab\github_repo_nec_2026_local_election_opencrab\supplements\official_gap_recovery_2026\recheck_2026-05-29\direct_nec_downloads\markdown\candidate-doc_100163602_1.md,ok,8,3695,,pymupdf,ok
620260603-5300-장수군가선거구-100159451-1-선거공보,candidate-doc:100159451:1,candidate-doc_100159451_1,5300,전북특별자치도,620260603,구·시·군의회의원선거,장수군가선거구,100159451,김광훈,더불어민주당,1,선거공보,https://policy.nec.go.kr/plc/common/downloadFile.do?requestedFileName=20260603_%EC%9E%A5%EC%88%98%EA%B5%B0%EA%B0%80%EC%84%A0%EA%B1%B0%EA%B5%AC_%EA%B9%80%EA%B4%91%ED%9B%88_%EC%84%A0%EA%B1%B0%EA%B3%B5%EB%B3%B4.pdf&requestedFullPath=20260603/PDF/PBINFO/5313/003_100159451_20260527_1.pdf,20260603/PDF/PBINFO/5313/003_100159451_20260527_1.pdf,C:\Users\treyl\Documents\Obsidian\Second_Brain\output\nec_2026_local_election_opencrab\github_repo_nec_2026_local_election_opencrab\supplements\official_gap_recovery_2026\recheck_2026-05-29\direct_nec_downloads\documents\candidate-doc_100159451_1.pdf,downloaded,842563,c8034c50aed29749202523eb698649a5be34bec843dd36652bb344b9f4ffbf95,,C:\Users\treyl\Documents\Obsidian\Second_Brain\output\nec_2026_local_election_opencrab\github_repo_nec_2026_local_election_opencrab\supplements\official_gap_recovery_2026\recheck_2026-05-29\direct_nec_downloads\markdown\candidate-doc_100159451_1.md,ok,6,3857,,windows_media_ocr_ko,ocr_recovered
620260603-5300-장수군가선거구-100159734-1-선거공보,candidate-doc:100159734:1,candidate-doc_100159734_1,5300,전북특별자치도,620260603,구·시·군의회의원선거,장수군가선거구,100159734,정상득,더불어민주당,1,선거공보,https://policy.nec.go.kr/plc/common/downloadFile.do?requestedFileName=20260603_%EC%9E%A5%EC%88%98%EA%B5%B0%EA%B0%80%EC%84%A0%EA%B1%B0%EA%B5%AC_%EC%A0%95%EC%83%81%EB%93%9D_%EC%84%A0%EA%B1%B0%EA%B3%B5%EB%B3%B4.pdf&requestedFullPath=20260603/PDF/PBINFO/5313/003_100159734_20260527_1.pdf,20260603/PDF/PBINFO/5313/003_100159734_20260527_1.pdf,C:\Users\treyl\Documents\Obsidian\Second_Brain\output\nec_2026_local_election_opencrab\github_repo_nec_2026_local_election_opencrab\supplements\official_gap_recovery_2026\recheck_2026-05-29\direct_nec_downloads\documents\candidate-doc_100159734_1.pdf,downloaded,1690919,7c8e834c1fe7139c91306eb33e8b876b03ae259d58ca29befb9a64a5f259948b,,C:\Users\treyl\Documents\Obsidian\Second_Brain\output\nec_2026_local_election_opencrab\github_repo_nec_2026_local_election_opencrab\supplements\official_gap_recovery_2026\recheck_2026-05-29\direct_nec_downloads\markdown\candidate-doc_100159734_1.md,ok,8,4302,,pymupdf,ok
620260603-5300-장수군가선거구-100160326-1-선거공보,candidate-doc:100160326:1,candidate-doc_100160326_1,5300,전북특별자치도,620260603,구·시·군의회의원선거,장수군가선거구,100160326,임정권,더불어민주당,1,선거공보,https://policy.nec.go.kr/plc/common/downloadFile.do?requestedFileName=20260603_%EC%9E%A5%EC%88%98%EA%B5%B0%EA%B0%80%EC%84%A0%EA%B1%B0%EA%B5%AC_%EC%9E%84%EC%A0%95%EA%B6%8C_%EC%84%A0%EA%B1%B0%EA%B3%B5%EB%B3%B4.pdf&requestedFullPath=20260603/PDF/PBINFO/5313/003_100160326_20260527_1.pdf,20260603/PDF/PBINFO/5313/003_100160326_20260527_1.pdf,C:\Users\treyl\Documents\Obsidian\Second_Brain\output\nec_2026_local_election_opencrab\github_repo_nec_2026_local_election_opencrab\supplements\official_gap_recovery_2026\recheck_2026-05-29\direct_nec_downloads\documents\candidate-doc_100160326_1.pdf,downloaded,645141,b1384ae61819cf1198c4ffb0ae729bd61975211891339451371ae66b53003cc2,,C:\Users\treyl\Documents\Obsidian\Second_Brain\output\nec_2026_local_election_opencrab\github_repo_nec_2026_local_election_opencrab\supplements\official_gap_recovery_2026\recheck_2026-05-29\direct_nec_downloads\markdown\candidate-doc_100160326_1.md,ok,8,2989,,windows_media_ocr_ko,ocr_recovered
620260603-5300-장수군가선거구-100159763-1-선거공보,candidate-doc:100159763:1,candidate-doc_100159763_1,5300,전북특별자치도,620260603,구·시·군의회의원선거,장수군가선거구,100159763,장종태,무소속,1,선거공보,https://policy.nec.go.kr/plc/common/downloadFile.do?requestedFileName=20260603_%EC%9E%A5%EC%88%98%EA%B5%B0%EA%B0%80%EC%84%A0%EA%B1%B0%EA%B5%AC_%EC%9E%A5%EC%A2%85%ED%83%9C_%EC%84%A0%EA%B1%B0%EA%B3%B5%EB%B3%B4.pdf&requestedFullPath=20260603/PDF/PBINFO/5313/003_100159763_20260527_1.pdf,20260603/PDF/PBINFO/5313/003_100159763_20260527_1.pdf,C:\Users\treyl\Documents\Obsidian\Second_Brain\output\nec_2026_local_election_opencrab\github_repo_nec_2026_local_election_opencrab\supplements\official_gap_recovery_2026\recheck_2026-05-29\direct_nec_downloads\documents\candidate-doc_100159763_1.pdf,downloaded,662504,602c4f1c602f8b1c3ca4c0af3b42506dbb634ea3772347d1243590575096e638,,C:\Users\treyl\Documents\Obsidian\Second_Brain\output\nec_2026_local_election_opencrab\github_repo_nec_2026_local_election_opencrab\supplements\official_gap_recovery_2026\recheck_2026-05-29\direct_nec_downloads\markdown\candidate-doc_100159763_1.md,ok,8,3073,,windows_media_ocr_ko,ocr_recovered
620260603-5300-장수군나선거구-100160162-1-선거공보,candidate-doc:100160162:1,candidate-doc_100160162_1,5300,전북특별자치도,620260603,구·시·군의회의원선거,장수군나선거구,100160162,문재표,더불어민주당,1,선거공보,https://policy.nec.go.kr/plc/common/downloadFile.do?requestedFileName=20260603_%EC%9E%A5%EC%88%98%EA%B5%B0%EB%82%98%EC%84%A0%EA%B1%B0%EA%B5%AC_%EB%AC%B8%EC%9E%AC%ED%91%9C_%EC%84%A0%EA%B1%B0%EA%B3%B5%EB%B3%B4.pdf&requestedFullPath=20260603/PDF/PBINFO/5313/003_100160162_20260527_1.pdf,20260603/PDF/PBINFO/5313/003_100160162_20260527_1.pdf,C:\Users\treyl\Documents\Obsidian\Second_Brain\output\nec_2026_local_election_opencrab\github_repo_nec_2026_local_election_opencrab\supplements\official_gap_recovery_2026\recheck_2026-05-29\direct_nec_downloads\documents\candidate-doc_100160162_1.pdf,downloaded,514925,21e8aa5dcea12e6b10b86b72ee25253ea10b4cea081a67402eaae8e068eda6ba,,C:\Users\treyl\Documents\Obsidian\Second_Brain\output\nec_2026_local_election_opencrab\github_repo_nec_2026_local_election_opencrab\supplements\official_gap_recovery_2026\recheck_2026-05-29\direct_nec_downloads\markdown\candidate-doc_100160162_1.md,ok,4,1308,,windows_media_ocr_ko,ocr_recovered
620260603-5300-장수군나선거구-100159880-1-선거공보,candidate-doc:100159880:1,candidate-doc_100159880_1,5300,전북특별자치도,620260603,구·시·군의회의원선거,장수군나선거구,100159880,채수권,더불어민주당,1,선거공보,https://policy.nec.go.kr/plc/common/downloadFile.do?requestedFileName=20260603_%EC%9E%A5%EC%88%98%EA%B5%B0%EB%82%98%EC%84%A0%EA%B1%B0%EA%B5%AC_%EC%B1%84%EC%88%98%EA%B6%8C_%EC%84%A0%EA%B1%B0%EA%B3%B5%EB%B3%B4.pdf&requestedFullPath=20260603/PDF/PBINFO/5313/003_100159880_20260527_1.pdf,20260603/PDF/PBINFO/5313/003_100159880_20260527_1.pdf,C:\Users\treyl\Documents\Obsidian\Second_Brain\output\nec_2026_local_election_opencrab\github_repo_nec_2026_local_election_opencrab\supplements\official_gap_recovery_2026\recheck_2026-05-29\direct_nec_downloads\documents\candidate-doc_100159880_1.pdf,downloaded,15782111,73103a1d5ad47115fc2dd0f68c41bb9cea19ec4741f754cd56fecdd596c9bb09,,C:\Users\treyl\Documents\Obsidian\Second_Brain\output\nec_2026_local_election_opencrab\github_repo_nec_2026_local_election_opencrab\supplements\official_gap_recovery_2026\recheck_2026-05-29\direct_nec_downloads\markdown\candidate-doc_100159880_1.md,ok,8,2790,,windows_media_ocr_ko,ocr_recovered
620260603-5300-장수군나선거구-100159674-1-선거공보,candidate-doc:100159674:1,candidate-doc_100159674_1,5300,전북특별자치도,620260603,구·시·군의회의원선거,장수군나선거구,100159674,김남수,더불어민주당,1,선거공보,https://policy.nec.go.kr/plc/common/downloadFile.do?requestedFileName=20260603_%EC%9E%A5%EC%88%98%EA%B5%B0%EB%82%98%EC%84%A0%EA%B1%B0%EA%B5%AC_%EA%B9%80%EB%82%A8%EC%88%98_%EC%84%A0%EA%B1%B0%EA%B3%B5%EB%B3%B4.pdf&requestedFullPath=20260603/PDF/PBINFO/5313/003_100159674_20260527_1.pdf,20260603/PDF/PBINFO/5313/003_100159674_20260527_1.pdf,C:\Users\treyl\Documents\Obsidian\Second_Brain\output\nec_2026_local_election_opencrab\github_repo_nec_2026_local_election_opencrab\supplements\official_gap_recovery_2026\recheck_2026-05-29\direct_nec_downloads\documents\candidate-doc_100159674_1.pdf,downloaded,7493173,81a5f406a2c47e959493fd8488feae4306ca10455ff94735ca0706270fe7fae7,,C:\Users\treyl\Documents\Obsidian\Second_Brain\output\nec_2026_local_election_opencrab\github_repo_nec_2026_local_election_opencrab\supplements\official_gap_recovery_2026\recheck_2026-05-29\direct_nec_downloads\markdown\candidate-doc_100159674_1.md,ok,8,3060,,windows_media_ocr_ko,ocr_recovered
620260603-5300-장수군나선거구-100160483-1-선거공보,candidate-doc:100160483:1,candidate-doc_100160483_1,5300,전북특별자치도,620260603,구·시·군의회의원선거,장수군나선거구,100160483,임재성,무소속,1,선거공보,https://policy.nec.go.kr/plc/common/downloadFile.do?requestedFileName=20260603_%EC%9E%A5%EC%88%98%EA%B5%B0%EB%82%98%EC%84%A0%EA%B1%B0%EA%B5%AC_%EC%9E%84%EC%9E%AC%EC%84%B1_%EC%84%A0%EA%B1%B0%EA%B3%B5%EB%B3%B4.pdf&requestedFullPath=20260603/PDF/PBINFO/5313/003_100160483_20260527_1.pdf,20260603/PDF/PBINFO/5313/003_100160483_20260527_1.pdf,C:\Users\treyl\Documents\Obsidian\Second_Brain\output\nec_2026_local_election_opencrab\github_repo_nec_2026_local_election_opencrab\supplements\official_gap_recovery_2026\recheck_2026-05-29\direct_nec_downloads\documents\candidate-doc_100160483_1.pdf,downloaded,622205,597d518ab42532e566e4d345ae1fe50719773fd15702a6e811e5568f572cca3e,,C:\Users\treyl\Documents\Obsidian\Second_Brain\output\nec_2026_local_election_opencrab\github_repo_nec_2026_local_election_opencrab\supplements\official_gap_recovery_2026\recheck_2026-05-29\direct_nec_downloads\markdown\candidate-doc_100160483_1.md,ok,8,6582,,windows_media_ocr_ko,ocr_recovered
620260603-5300-장수군나선거구-100163843-1-선거공보,candidate-doc:100163843:1,candidate-doc_100163843_1,5300,전북특별자치도,620260603,구·시·군의회의원선거,장수군나선거구,100163843,곽한옥,무소속,1,선거공보,https://policy.nec.go.kr/plc/common/downloadFile.do?requestedFileName=20260603_%EC%9E%A5%EC%88%98%EA%B5%B0%EB%82%98%EC%84%A0%EA%B1%B0%EA%B5%AC_%EA%B3%BD%ED%95%9C%EC%98%A5_%EC%84%A0%EA%B1%B0%EA%B3%B5%EB%B3%B4.pdf&requestedFullPath=20260603/PDF/PBINFO/5313/003_100163843_20260527_1.pdf,20260603/PDF/PBINFO/5313/003_100163843_20260527_1.pdf,C:\Users\treyl\Documents\Obsidian\Second_Brain\output\nec_2026_local_election_opencrab\github_repo_nec_2026_local_election_opencrab\supplements\official_gap_recovery_2026\recheck_2026-05-29\direct_nec_downloads\documents\candidate-doc_100163843_1.pdf,downloaded,279866,4fdfb0134e98892908d866247e3bf059b55aa96f8b47f7cf544ccc3163e7b0f2,,C:\Users\treyl\Documents\Obsidian\Second_Brain\output\nec_2026_local_election_opencrab\github_repo_nec_2026_local_election_opencrab\supplements\official_gap_recovery_2026\recheck_2026-05-29\direct_nec_downloads\markdown\candidate-doc_100163843_1.md,ok,4,1604,,windows_media_ocr_ko,ocr_recovered
620260603-4600-완도군가선거구-100160253-1-선거공보,candidate-doc:100160253:1,candidate-doc_100160253_1,4600,전라남도,620260603,구·시·군의회의원선거,완도군가선거구,100160253,최정욱,더불어민주당,1,선거공보,https://policy.nec.go.kr/plc/common/downloadFile.do?requestedFileName=20260603_%EC%99%84%EB%8F%84%EA%B5%B0%EA%B0%80%EC%84%A0%EA%B1%B0%EA%B5%AC_%EC%B5%9C%EC%A0%95%EC%9A%B1_%EC%84%A0%EA%B1%B0%EA%B3%B5%EB%B3%B4.pdf&requestedFullPath=20260603/PDF/PBINFO/4617/003_100160253_20260526_1.pdf,20260603/PDF/PBINFO/4617/003_100160253_20260526_1.pdf,C:\Users\treyl\Documents\Obsidian\Second_Brain\output\nec_2026_local_election_opencrab\github_repo_nec_2026_local_election_opencrab\supplements\official_gap_recovery_2026\recheck_2026-05-29\direct_nec_downloads\documents\candidate-doc_100160253_1.pdf,downloaded,5360926,0b77367878b2a56d5250fb75358a10c85dbace2fd1fdcb339ea98d6ac563f3fc,,C:\Users\treyl\Documents\Obsidian\Second_Brain\output\nec_2026_local_election_opencrab\github_repo_nec_2026_local_election_opencrab\supplements\official_gap_recovery_2026\recheck_2026-05-29\direct_nec_downloads\markdown\candidate-doc_100160253_1.md,ok,8,3569,,windows_media_ocr_ko,ocr_recovered
620260603-4600-완도군가선거구-100160616-1-선거공보,candidate-doc:100160616:1,candidate-doc_100160616_1,4600,전라남도,620260603,구·시·군의회의원선거,완도군가선거구,100160616,박성규,무소속,1,선거공보,https://policy.nec.go.kr/plc/common/downloadFile.do?requestedFileName=20260603_%EC%99%84%EB%8F%84%EA%B5%B0%EA%B0%80%EC%84%A0%EA%B1%B0%EA%B5%AC_%EB%B0%95%EC%84%B1%EA%B7%9C_%EC%84%A0%EA%B1%B0%EA%B3%B5%EB%B3%B4.pdf&requestedFullPath=20260603/PDF/PBINFO/4617/003_100160616_20260526_1.pdf,20260603/PDF/PBINFO/4617/003_100160616_20260526_1.pdf,C:\Users\treyl\Documents\Obsidian\Second_Brain\output\nec_2026_local_election_opencrab\github_repo_nec_2026_local_election_opencrab\supplements\official_gap_recovery_2026\recheck_2026-05-29\direct_nec_downloads\documents\candidate-doc_100160616_1.pdf,downloaded,5619250,5a68e995eac903366262c305b06461aed75f7e12c5b41e5a501d52a333815b27,,C:\Users\treyl\Documents\Obsidian\Second_Brain\output\nec_2026_local_election_opencrab\github_repo_nec_2026_local_election_opencrab\supplements\official_gap_recovery_2026\recheck_2026-05-29\direct_nec_downloads\markdown\candidate-doc_100160616_1.md,ok,8,3461,,windows_media_ocr_ko,ocr_recovered
620260603-4600-완도군가선거구-100161683-1-선거공보,candidate-doc:100161683:1,candidate-doc_100161683_1,4600,전라남도,620260603,구·시·군의회의원선거,완도군가선거구,100161683,조영식,무소속,1,선거공보,https://policy.nec.go.kr/plc/common/downloadFile.do?requestedFileName=20260603_%EC%99%84%EB%8F%84%EA%B5%B0%EA%B0%80%EC%84%A0%EA%B1%B0%EA%B5%AC_%EC%A1%B0%EC%98%81%EC%8B%9D_%EC%84%A0%EA%B1%B0%EA%B3%B5%EB%B3%B4.pdf&requestedFullPath=20260603/PDF/PBINFO/4617/003_100161683_20260526_1.pdf,20260603/PDF/PBINFO/4617/003_100161683_20260526_1.pdf,C:\Users\treyl\Documents\Obsidian\Second_Brain\output\nec_2026_local_election_opencrab\github_repo_nec_2026_local_election_opencrab\supplements\official_gap_recovery_2026\recheck_2026-05-29\direct_nec_downloads\documents\candidate-doc_100161683_1.pdf,downloaded,9766252,968630984a1b8881a1a61fda1e2c8718712324e0dc606d257c442ec0a55a8efc,,C:\Users\treyl\Documents\Obsidian\Second_Brain\output\nec_2026_local_election_opencrab\github_repo_nec_2026_local_election_opencrab\supplements\official_gap_recovery_2026\recheck_2026-05-29\direct_nec_downloads\markdown\candidate-doc_100161683_1.md,ok,8,4494,,windows_media_ocr_ko,ocr_recovered
620260603-4600-완도군가선거구-100160384-1-선거공보,candidate-doc:100160384:1,candidate-doc_100160384_1,4600,전라남도,620260603,구·시·군의회의원선거,완도군가선거구,100160384,유전종,무소속,1,선거공보,https://policy.nec.go.kr/plc/common/downloadFile.do?requestedFileName=20260603_%EC%99%84%EB%8F%84%EA%B5%B0%EA%B0%80%EC%84%A0%EA%B1%B0%EA%B5%AC_%EC%9C%A0%EC%A0%84%EC%A2%85_%EC%84%A0%EA%B1%B0%EA%B3%B5%EB%B3%B4.pdf&requestedFullPath=20260603/PDF/PBINFO/4617/003_100160384_20260526_1.pdf,20260603/PDF/PBINFO/4617/003_100160384_20260526_1.pdf,C:\Users\treyl\Documents\Obsidian\Second_Brain\output\nec_2026_local_election_opencrab\github_repo_nec_2026_local_election_opencrab\supplements\official_gap_recovery_2026\recheck_2026-05-29\direct_nec_downloads\documents\candidate-doc_100160384_1.pdf,downloaded,5131259,22f5e6ba1849074c539a5dece04698791cff64e18edd432c281e90d8359b630c,,C:\Users\treyl\Documents\Obsidian\Second_Brain\output\nec_2026_local_election_opencrab\github_repo_nec_2026_local_election_opencrab\supplements\official_gap_recovery_2026\recheck_2026-05-29\direct_nec_downloads\markdown\candidate-doc_100160384_1.md,ok,6,4042,,pymupdf,ok
620260603-4700-경산시다선거구-100157254-1-선거공보,candidate-doc:100157254:1,candidate-doc_100157254_1,4700,경상북도,620260603,구·시·군의회의원선거,경산시다선거구,100157254,강수명,무소속,1,선거공보,https://policy.nec.go.kr/plc/common/downloadFile.do?requestedFileName=20260603_%EA%B2%BD%EC%82%B0%EC%8B%9C%EB%8B%A4%EC%84%A0%EA%B1%B0%EA%B5%AC_%EA%B0%95%EC%88%98%EB%AA%85_%EC%84%A0%EA%B1%B0%EA%B3%B5%EB%B3%B4.pdf&requestedFullPath=20260603/PDF/PBINFO/4713/003_100157254_20260528_1.pdf,20260603/PDF/PBINFO/4713/003_100157254_20260528_1.pdf,C:\Users\treyl\Documents\Obsidian\Second_Brain\output\nec_2026_local_election_opencrab\github_repo_nec_2026_local_election_opencrab\supplements\official_gap_recovery_2026\recheck_2026-05-29\direct_nec_downloads\documents\candidate-doc_100157254_1.pdf,downloaded,940319,8302afc5136c82ff1e9762b4189028ce1fdadfbcfc2f8940319ba9a642aed9a7,,C:\Users\treyl\Documents\Obsidian\Second_Brain\output\nec_2026_local_election_opencrab\github_repo_nec_2026_local_election_opencrab\supplements\official_gap_recovery_2026\recheck_2026-05-29\direct_nec_downloads\markdown\candidate-doc_100157254_1.md,ok,2,1372,,windows_media_ocr_ko,ocr_recovered
920260603-2600-남구-더불어민주당-1-0,party-doc:920260603:남구:더불어민주당:1,party-doc_920260603_1,2600,부산광역시,920260603,기초의원비례대표선거,남구,,,더불어민주당,1,비례대표 정당 제출자료,https://policy.nec.go.kr/plc/common/downloadFile.do?requestedFileName=20260603_%EB%82%A8%EA%B5%AC_%EB%8D%94%EB%B6%88%EC%96%B4%EB%AF%BC%EC%A3%BC%EB%8B%B9_%EB%B9%84%EB%A1%80%EB%8C%80%ED%91%9C%20%EC%A0%95%EB%8B%B9%20%EC%A0%9C%EC%B6%9C%EC%9E%90%EB%A3%8C.pdf&requestedFullPath=20260603/PDF/PBINFO_PUB/3102/003_100_20260522_1.pdf,20260603/PDF/PBINFO_PUB/3102/003_100_20260522_1.pdf,C:\Users\treyl\Documents\Obsidian\Second_Brain\output\nec_2026_local_election_opencrab\github_repo_nec_2026_local_election_opencrab\supplements\official_gap_recovery_2026\recheck_2026-05-29\direct_nec_downloads\documents\party-doc_920260603_1.pdf,downloaded,2481037,d1fbbcdfdde250e48f15a9e46c9bad816b120c36ad11b8453b72b3596f1ec9c0,,C:\Users\treyl\Documents\Obsidian\Second_Brain\output\nec_2026_local_election_opencrab\github_repo_nec_2026_local_election_opencrab\supplements\official_gap_recovery_2026\recheck_2026-05-29\direct_nec_downloads\markdown\party-doc_920260603_1.md,ok,4,888,,pymupdf,ok
920260603-2600-북구-더불어민주당-1-0,party-doc:920260603:북구:더불어민주당:1,party-doc_920260603_1,2600,부산광역시,920260603,기초의원비례대표선거,북구,,,더불어민주당,1,비례대표 정당 제출자료,https://policy.nec.go.kr/plc/common/downloadFile.do?requestedFileName=20260603_%EB%B6%81%EA%B5%AC_%EB%8D%94%EB%B6%88%EC%96%B4%EB%AF%BC%EC%A3%BC%EB%8B%B9_%EB%B9%84%EB%A1%80%EB%8C%80%ED%91%9C%20%EC%A0%95%EB%8B%B9%20%EC%A0%9C%EC%B6%9C%EC%9E%90%EB%A3%8C.pdf&requestedFullPath=20260603/PDF/PBINFO_PUB/3104/003_100_20260522_1.pdf,20260603/PDF/PBINFO_PUB/3104/003_100_20260522_1.pdf,C:\Users\treyl\Documents\Obsidian\Second_Brain\output\nec_2026_local_election_opencrab\github_repo_nec_2026_local_election_opencrab\supplements\official_gap_recovery_2026\recheck_2026-05-29\direct_nec_downloads\documents\party-doc_920260603_1.pdf,downloaded,1570697,54c08dae2308fe47425047fe7b3fe30c00f666942915c73ddf6596f6c81aef94,,C:\Users\treyl\Documents\Obsidian\Second_Brain\output\nec_2026_local_election_opencrab\github_repo_nec_2026_local_election_opencrab\supplements\official_gap_recovery_2026\recheck_2026-05-29\direct_nec_downloads\markdown\party-doc_920260603_1.md,ok,4,888,,pymupdf,ok
920260603-2600-남구-국민의힘-1-0,party-doc:920260603:남구:국민의힘:1,party-doc_920260603_1,2600,부산광역시,920260603,기초의원비례대표선거,남구,,,국민의힘,1,비례대표 정당 제출자료,https://policy.nec.go.kr/plc/common/downloadFile.do?requestedFileName=20260603_%EB%82%A8%EA%B5%AC_%EA%B5%AD%EB%AF%BC%EC%9D%98%ED%9E%98_%EB%B9%84%EB%A1%80%EB%8C%80%ED%91%9C%20%EC%A0%95%EB%8B%B9%20%EC%A0%9C%EC%B6%9C%EC%9E%90%EB%A3%8C.pdf&requestedFullPath=20260603/PDF/PBINFO_PUB/3102/003_200_20260522_1.pdf,20260603/PDF/PBINFO_PUB/3102/003_200_20260522_1.pdf,C:\Users\treyl\Documents\Obsidian\Second_Brain\output\nec_2026_local_election_opencrab\github_repo_nec_2026_local_election_opencrab\supplements\official_gap_recovery_2026\recheck_2026-05-29\direct_nec_downloads\documents\party-doc_920260603_1.pdf,downloaded,18583953,af56c60c5c7112c0d59a5681c7e23374e81fb1220af3425fc8d1680f7f53a97a,,C:\Users\treyl\Documents\Obsidian\Second_Brain\output\nec_2026_local_election_opencrab\github_repo_nec_2026_local_election_opencrab\supplements\official_gap_recovery_2026\recheck_2026-05-29\direct_nec_downloads\markdown\party-doc_920260603_1.md,ok,4,888,,pymupdf,ok
920260603-2600-북구-국민의힘-1-0,party-doc:920260603:북구:국민의힘:1,party-doc_920260603_1,2600,부산광역시,920260603,기초의원비례대표선거,북구,,,국민의힘,1,비례대표 정당 제출자료,https://policy.nec.go.kr/plc/common/downloadFile.do?requestedFileName=20260603_%EB%B6%81%EA%B5%AC_%EA%B5%AD%EB%AF%BC%EC%9D%98%ED%9E%98_%EB%B9%84%EB%A1%80%EB%8C%80%ED%91%9C%20%EC%A0%95%EB%8B%B9%20%EC%A0%9C%EC%B6%9C%EC%9E%90%EB%A3%8C.pdf&requestedFullPath=20260603/PDF/PBINFO_PUB/3104/003_200_20260522_1.pdf,20260603/PDF/PBINFO_PUB/3104/003_200_20260522_1.pdf,C:\Users\treyl\Documents\Obsidian\Second_Brain\output\nec_2026_local_election_opencrab\github_repo_nec_2026_local_election_opencrab\supplements\official_gap_recovery_2026\recheck_2026-05-29\direct_nec_downloads\documents\party-doc_920260603_1.pdf,downloaded,19750565,f1538f3e6c5d69fb2119e0ae80ad54bf0bb9c826f7f6181150c60533f18789d1,,C:\Users\treyl\Documents\Obsidian\Second_Brain\output\nec_2026_local_election_opencrab\github_repo_nec_2026_local_election_opencrab\supplements\official_gap_recovery_2026\recheck_2026-05-29\direct_nec_downloads\markdown\party-doc_920260603_1.md,ok,4,888,,pymupdf,ok
920260603-2600-서구-국민의힘-1-0,party-doc:920260603:서구:국민의힘:1,party-doc_920260603_1,2600,부산광역시,920260603,기초의원비례대표선거,서구,,,국민의힘,1,비례대표 정당 제출자료,https://policy.nec.go.kr/plc/common/downloadFile.do?requestedFileName=20260603_%EC%84%9C%EA%B5%AC_%EA%B5%AD%EB%AF%BC%EC%9D%98%ED%9E%98_%EB%B9%84%EB%A1%80%EB%8C%80%ED%91%9C%20%EC%A0%95%EB%8B%B9%20%EC%A0%9C%EC%B6%9C%EC%9E%90%EB%A3%8C.pdf&requestedFullPath=20260603/PDF/PBINFO_PUB/3003/003_200_20260522_1.pdf,20260603/PDF/PBINFO_PUB/3003/003_200_20260522_1.pdf,C:\Users\treyl\Documents\Obsidian\Second_Brain\output\nec_2026_local_election_opencrab\github_repo_nec_2026_local_election_opencrab\supplements\official_gap_recovery_2026\recheck_2026-05-29\direct_nec_downloads\documents\party-doc_920260603_1.pdf,downloaded,10043894,24e76e592c4369d938a2263317a13609b20d7145b5d5fff29e3d40f8076adea0,,C:\Users\treyl\Documents\Obsidian\Second_Brain\output\nec_2026_local_election_opencrab\github_repo_nec_2026_local_election_opencrab\supplements\official_gap_recovery_2026\recheck_2026-05-29\direct_nec_downloads\markdown\party-doc_920260603_1.md,ok,4,888,,pymupdf,ok
920260603-2700-북구-더불어민주당-1-0,party-doc:920260603:북구:더불어민주당:1,party-doc_920260603_1,2700,대구광역시,920260603,기초의원비례대표선거,북구,,,더불어민주당,1,비례대표 정당 제출자료,https://policy.nec.go.kr/plc/common/downloadFile.do?requestedFileName=20260603_%EB%B6%81%EA%B5%AC_%EB%8D%94%EB%B6%88%EC%96%B4%EB%AF%BC%EC%A3%BC%EB%8B%B9_%EB%B9%84%EB%A1%80%EB%8C%80%ED%91%9C%20%EC%A0%95%EB%8B%B9%20%EC%A0%9C%EC%B6%9C%EC%9E%90%EB%A3%8C.pdf&requestedFullPath=20260603/PDF/PBINFO_PUB/3104/003_100_20260522_1.pdf,20260603/PDF/PBINFO_PUB/3104/003_100_20260522_1.pdf,C:\Users\treyl\Documents\Obsidian\Second_Brain\output\nec_2026_local_election_opencrab\github_repo_nec_2026_local_election_opencrab\supplements\official_gap_recovery_2026\recheck_2026-05-29\direct_nec_downloads\documents\party-doc_920260603_1.pdf,exists,2481037,d1fbbcdfdde250e48f15a9e46c9bad816b120c36ad11b8453b72b3596f1ec9c0,,C:\Users\treyl\Documents\Obsidian\Second_Brain\output\nec_2026_local_election_opencrab\github_repo_nec_2026_local_election_opencrab\supplements\official_gap_recovery_2026\recheck_2026-05-29\direct_nec_downloads\markdown\party-doc_920260603_1.md,ok,4,888,,pymupdf,ok
920260603-2700-남구-국민의힘-1-0,party-doc:920260603:남구:국민의힘:1,party-doc_920260603_1,2700,대구광역시,920260603,기초의원비례대표선거,남구,,,국민의힘,1,비례대표 정당 제출자료,https://policy.nec.go.kr/plc/common/downloadFile.do?requestedFileName=20260603_%EB%82%A8%EA%B5%AC_%EA%B5%AD%EB%AF%BC%EC%9D%98%ED%9E%98_%EB%B9%84%EB%A1%80%EB%8C%80%ED%91%9C%20%EC%A0%95%EB%8B%B9%20%EC%A0%9C%EC%B6%9C%EC%9E%90%EB%A3%8C.pdf&requestedFullPath=20260603/PDF/PBINFO_PUB/3102/003_200_20260522_1.pdf,20260603/PDF/PBINFO_PUB/3102/003_200_20260522_1.pdf,C:\Users\treyl\Documents\Obsidian\Second_Brain\output\nec_2026_local_election_opencrab\github_repo_nec_2026_local_election_opencrab\supplements\official_gap_recovery_2026\recheck_2026-05-29\direct_nec_downloads\documents\party-doc_920260603_1.pdf,exists,2481037,d1fbbcdfdde250e48f15a9e46c9bad816b120c36ad11b8453b72b3596f1ec9c0,,C:\Users\treyl\Documents\Obsidian\Second_Brain\output\nec_2026_local_election_opencrab\github_repo_nec_2026_local_election_opencrab\supplements\official_gap_recovery_2026\recheck_2026-05-29\direct_nec_downloads\markdown\party-doc_920260603_1.md,ok,4,888,,pymupdf,ok
920260603-2700-서구-국민의힘-1-0,party-doc:920260603:서구:국민의힘:1,party-doc_920260603_1,2700,대구광역시,920260603,기초의원비례대표선거,서구,,,국민의힘,1,비례대표 정당 제출자료,https://policy.nec.go.kr/plc/common/downloadFile.do?requestedFileName=20260603_%EC%84%9C%EA%B5%AC_%EA%B5%AD%EB%AF%BC%EC%9D%98%ED%9E%98_%EB%B9%84%EB%A1%80%EB%8C%80%ED%91%9C%20%EC%A0%95%EB%8B%B9%20%EC%A0%9C%EC%B6%9C%EC%9E%90%EB%A3%8C.pdf&requestedFullPath=20260603/PDF/PBINFO_PUB/3003/003_200_20260522_1.pdf,20260603/PDF/PBINFO_PUB/3003/003_200_20260522_1.pdf,C:\Users\treyl\Documents\Obsidian\Second_Brain\output\nec_2026_local_election_opencrab\github_repo_nec_2026_local_election_opencrab\supplements\official_gap_recovery_2026\recheck_2026-05-29\direct_nec_downloads\documents\party-doc_920260603_1.pdf,exists,2481037,d1fbbcdfdde250e48f15a9e46c9bad816b120c36ad11b8453b72b3596f1ec9c0,,C:\Users\treyl\Documents\Obsidian\Second_Brain\output\nec_2026_local_election_opencrab\github_repo_nec_2026_local_election_opencrab\supplements\official_gap_recovery_2026\recheck_2026-05-29\direct_nec_downloads\markdown\party-doc_920260603_1.md,ok,4,888,,pymupdf,ok
920260603-2700-동구-국민의힘-1-0,party-doc:920260603:동구:국민의힘:1,party-doc_920260603_1,2700,대구광역시,920260603,기초의원비례대표선거,동구,,,국민의힘,1,비례대표 정당 제출자료,https://policy.nec.go.kr/plc/common/downloadFile.do?requestedFileName=20260603_%EB%8F%99%EA%B5%AC_%EA%B5%AD%EB%AF%BC%EC%9D%98%ED%9E%98_%EB%B9%84%EB%A1%80%EB%8C%80%ED%91%9C%20%EC%A0%95%EB%8B%B9%20%EC%A0%9C%EC%B6%9C%EC%9E%90%EB%A3%8C.pdf&requestedFullPath=20260603/PDF/PBINFO_PUB/3103/003_200_20260522_1.pdf,20260603/PDF/PBINFO_PUB/3103/003_200_20260522_1.pdf,C:\Users\treyl\Documents\Obsidian\Second_Brain\output\nec_2026_local_election_opencrab\github_repo_nec_2026_local_election_opencrab\supplements\official_gap_recovery_2026\recheck_2026-05-29\direct_nec_downloads\documents\party-doc_920260603_1.pdf,exists,2481037,d1fbbcdfdde250e48f15a9e46c9bad816b120c36ad11b8453b72b3596f1ec9c0,,C:\Users\treyl\Documents\Obsidian\Second_Brain\output\nec_2026_local_election_opencrab\github_repo_nec_2026_local_election_opencrab\supplements\official_gap_recovery_2026\recheck_2026-05-29\direct_nec_downloads\markdown\party-doc_920260603_1.md,ok,4,888,,pymupdf,ok
920260603-2700-중구-국민의힘-1-0,party-doc:920260603:중구:국민의힘:1,party-doc_920260603_1,2700,대구광역시,920260603,기초의원비례대표선거,중구,,,국민의힘,1,비례대표 정당 제출자료,https://policy.nec.go.kr/plc/common/downloadFile.do?requestedFileName=20260603_%EC%A4%91%EA%B5%AC_%EA%B5%AD%EB%AF%BC%EC%9D%98%ED%9E%98_%EB%B9%84%EB%A1%80%EB%8C%80%ED%91%9C%20%EC%A0%95%EB%8B%B9%20%EC%A0%9C%EC%B6%9C%EC%9E%90%EB%A3%8C.pdf&requestedFullPath=20260603/PDF/PBINFO_PUB/3101/003_200_20260522_1.pdf,20260603/PDF/PBINFO_PUB/3101/003_200_20260522_1.pdf,C:\Users\treyl\Documents\Obsidian\Second_Brain\output\nec_2026_local_election_opencrab\github_repo_nec_2026_local_election_opencrab\supplements\official_gap_recovery_2026\recheck_2026-05-29\direct_nec_downloads\documents\party-doc_920260603_1.pdf,exists,2481037,d1fbbcdfdde250e48f15a9e46c9bad816b120c36ad11b8453b72b3596f1ec9c0,,C:\Users\treyl\Documents\Obsidian\Second_Brain\output\nec_2026_local_election_opencrab\github_repo_nec_2026_local_election_opencrab\supplements\official_gap_recovery_2026\recheck_2026-05-29\direct_nec_downloads\markdown\party-doc_920260603_1.md,ok,4,888,,pymupdf,ok
920260603-2700-북구-국민의힘-1-0,party-doc:920260603:북구:국민의힘:1,party-doc_920260603_1,2700,대구광역시,920260603,기초의원비례대표선거,북구,,,국민의힘,1,비례대표 정당 제출자료,https://policy.nec.go.kr/plc/common/downloadFile.do?requestedFileName=20260603_%EB%B6%81%EA%B5%AC_%EA%B5%AD%EB%AF%BC%EC%9D%98%ED%9E%98_%EB%B9%84%EB%A1%80%EB%8C%80%ED%91%9C%20%EC%A0%95%EB%8B%B9%20%EC%A0%9C%EC%B6%9C%EC%9E%90%EB%A3%8C.pdf&requestedFullPath=20260603/PDF/PBINFO_PUB/3104/003_200_20260522_1.pdf,20260603/PDF/PBINFO_PUB/3104/003_200_20260522_1.pdf,C:\Users\treyl\Documents\Obsidian\Second_Brain\output\nec_2026_local_election_opencrab\github_repo_nec_2026_local_election_opencrab\supplements\official_gap_recovery_2026\recheck_2026-05-29\direct_nec_downloads\documents\party-doc_920260603_1.pdf,exists,2481037,d1fbbcdfdde250e48f15a9e46c9bad816b120c36ad11b8453b72b3596f1ec9c0,,C:\Users\treyl\Documents\Obsidian\Second_Brain\output\nec_2026_local_election_opencrab\github_repo_nec_2026_local_election_opencrab\supplements\official_gap_recovery_2026\recheck_2026-05-29\direct_nec_downloads\markdown\party-doc_920260603_1.md,ok,4,888,,pymupdf,ok
920260603-2800-서구-더불어민주당-1-0,party-doc:920260603:서구:더불어민주당:1,party-doc_920260603_1,2800,인천광역시,920260603,기초의원비례대표선거,서구,,,더불어민주당,1,비례대표 정당 제출자료,https://policy.nec.go.kr/plc/common/downloadFile.do?requestedFileName=20260603_%EC%84%9C%EA%B5%AC_%EB%8D%94%EB%B6%88%EC%96%B4%EB%AF%BC%EC%A3%BC%EB%8B%B9_%EB%B9%84%EB%A1%80%EB%8C%80%ED%91%9C%20%EC%A0%95%EB%8B%B9%20%EC%A0%9C%EC%B6%9C%EC%9E%90%EB%A3%8C.pdf&requestedFullPath=20260603/PDF/PBINFO_PUB/3003/003_100_20260522_1.pdf,20260603/PDF/PBINFO_PUB/3003/003_100_20260522_1.pdf,C:\Users\treyl\Documents\Obsidian\Second_Brain\output\nec_2026_local_election_opencrab\github_repo_nec_2026_local_election_opencrab\supplements\official_gap_recovery_2026\recheck_2026-05-29\direct_nec_downloads\documents\party-doc_920260603_1.pdf,exists,2481037,d1fbbcdfdde250e48f15a9e46c9bad816b120c36ad11b8453b72b3596f1ec9c0,,C:\Users\treyl\Documents\Obsidian\Second_Brain\output\nec_2026_local_election_opencrab\github_repo_nec_2026_local_election_opencrab\supplements\official_gap_recovery_2026\recheck_2026-05-29\direct_nec_downloads\markdown\party-doc_920260603_1.md,ok,4,888,,pymupdf,ok
920260603-2800-서구-국민의힘-1-0,party-doc:920260603:서구:국민의힘:1,party-doc_920260603_1,2800,인천광역시,920260603,기초의원비례대표선거,서구,,,국민의힘,1,비례대표 정당 제출자료,https://policy.nec.go.kr/plc/common/downloadFile.do?requestedFileName=20260603_%EC%84%9C%EA%B5%AC_%EA%B5%AD%EB%AF%BC%EC%9D%98%ED%9E%98_%EB%B9%84%EB%A1%80%EB%8C%80%ED%91%9C%20%EC%A0%95%EB%8B%B9%20%EC%A0%9C%EC%B6%9C%EC%9E%90%EB%A3%8C.pdf&requestedFullPath=20260603/PDF/PBINFO_PUB/3003/003_200_20260522_1.pdf,20260603/PDF/PBINFO_PUB/3003/003_200_20260522_1.pdf,C:\Users\treyl\Documents\Obsidian\Second_Brain\output\nec_2026_local_election_opencrab\github_repo_nec_2026_local_election_opencrab\supplements\official_gap_recovery_2026\recheck_2026-05-29\direct_nec_downloads\documents\party-doc_920260603_1.pdf,exists,2481037,d1fbbcdfdde250e48f15a9e46c9bad816b120c36ad11b8453b72b3596f1ec9c0,,C:\Users\treyl\Documents\Obsidian\Second_Brain\output\nec_2026_local_election_opencrab\github_repo_nec_2026_local_election_opencrab\supplements\official_gap_recovery_2026\recheck_2026-05-29\direct_nec_downloads\markdown\party-doc_920260603_1.md,ok,4,888,,pymupdf,ok
920260603-2900-동구-더불어민주당-1-0,party-doc:920260603:동구:더불어민주당:1,party-doc_920260603_1,2900,광주광역시,920260603,기초의원비례대표선거,동구,,,더불어민주당,1,비례대표 정당 제출자료,https://policy.nec.go.kr/plc/common/downloadFile.do?requestedFileName=20260603_%EB%8F%99%EA%B5%AC_%EB%8D%94%EB%B6%88%EC%96%B4%EB%AF%BC%EC%A3%BC%EB%8B%B9_%EB%B9%84%EB%A1%80%EB%8C%80%ED%91%9C%20%EC%A0%95%EB%8B%B9%20%EC%A0%9C%EC%B6%9C%EC%9E%90%EB%A3%8C.pdf&requestedFullPath=20260603/PDF/PBINFO_PUB/3103/003_100_20260522_1.pdf,20260603/PDF/PBINFO_PUB/3103/003_100_20260522_1.pdf,C:\Users\treyl\Documents\Obsidian\Second_Brain\output\nec_2026_local_election_opencrab\github_repo_nec_2026_local_election_opencrab\supplements\official_gap_recovery_2026\recheck_2026-05-29\direct_nec_downloads\documents\party-doc_920260603_1.pdf,exists,2481037,d1fbbcdfdde250e48f15a9e46c9bad816b120c36ad11b8453b72b3596f1ec9c0,,C:\Users\treyl\Documents\Obsidian\Second_Brain\output\nec_2026_local_election_opencrab\github_repo_nec_2026_local_election_opencrab\supplements\official_gap_recovery_2026\recheck_2026-05-29\direct_nec_downloads\markdown\party-doc_920260603_1.md,ok,4,888,,pymupdf,ok
1120260603-1100-서울특별시-100163258-2-선거공약서,candidate-doc:100163258:2,candidate-doc_100163258_2,1100,서울특별시,1120260603,교육감선거,서울특별시,100163258,조전혁,무소속,2,선거공약서,https://policy.nec.go.kr/plc/common/downloadFile.do?requestedFileName=20260603_%EC%84%9C%EC%9A%B8%ED%8A%B9%EB%B3%84%EC%8B%9C_%EC%A1%B0%EC%A0%84%ED%98%81_%EC%84%A0%EA%B1%B0%EA%B3%B5%EC%95%BD%EC%84%9C.pdf&requestedFullPath=20260603/PDF/PRMS_DOC_PUB/1100/004_100163258_20260527_1.pdf,20260603/PDF/PRMS_DOC_PUB/1100/004_100163258_20260527_1.pdf,C:\Users\treyl\Documents\Obsidian\Second_Brain\output\nec_2026_local_election_opencrab\github_repo_nec_2026_local_election_opencrab\supplements\official_gap_recovery_2026\recheck_2026-05-29\direct_nec_downloads\documents\candidate-doc_100163258_2.pdf,downloaded,2213086,4e551b68525ac5d81e2d1a1e534b1c49b3ace42abbdb3a4648b647507499c3a6,,C:\Users\treyl\Documents\Obsidian\Second_Brain\output\nec_2026_local_election_opencrab\github_repo_nec_2026_local_election_opencrab\supplements\official_gap_recovery_2026\recheck_2026-05-29\direct_nec_downloads\markdown\candidate-doc_100163258_2.md,ok,8,8143,,pymupdf,ok
1120260603-2900-전남광주통합특별시-100153771-2-선거공약서,candidate-doc:100153771:2,candidate-doc_100153771_2,2900,전남광주통합특별시,1120260603,교육감선거,전남광주통합특별시,100153771,장관호,무소속,2,선거공약서,https://policy.nec.go.kr/plc/common/downloadFile.do?requestedFileName=20260603_%EC%A0%84%EB%82%A8%EA%B4%91%EC%A3%BC%ED%86%B5%ED%95%A9%ED%8A%B9%EB%B3%84%EC%8B%9C_%EC%9E%A5%EA%B4%80%ED%98%B8_%EC%84%A0%EA%B1%B0%EA%B3%B5%EC%95%BD%EC%84%9C.pdf&requestedFullPath=20260603/PDF/PRMS_DOC_PUB/2900/004_100153771_20260526_1.pdf,20260603/PDF/PRMS_DOC_PUB/2900/004_100153771_20260526_1.pdf,C:\Users\treyl\Documents\Obsidian\Second_Brain\output\nec_2026_local_election_opencrab\github_repo_nec_2026_local_election_opencrab\supplements\official_gap_recovery_2026\recheck_2026-05-29\direct_nec_downloads\documents\candidate-doc_100153771_2.pdf,downloaded,215016,797f619150e6f36a11a4f9fcaa614c21e726b9d048360a35480765ec4f0c96c3,,C:\Users\treyl\Documents\Obsidian\Second_Brain\output\nec_2026_local_election_opencrab\github_repo_nec_2026_local_election_opencrab\supplements\official_gap_recovery_2026\recheck_2026-05-29\direct_nec_downloads\markdown\candidate-doc_100153771_2.md,ok,2,1138,,pymupdf,ok
1120260603-3100-울산광역시-100156317-2-선거공약서,candidate-doc:100156317:2,candidate-doc_100156317_2,3100,울산광역시,1120260603,교육감선거,울산광역시,100156317,김주홍,무소속,2,선거공약서,https://policy.nec.go.kr/plc/common/downloadFile.do?requestedFileName=20260603_%EC%9A%B8%EC%82%B0%EA%B4%91%EC%97%AD%EC%8B%9C_%EA%B9%80%EC%A3%BC%ED%99%8D_%EC%84%A0%EA%B1%B0%EA%B3%B5%EC%95%BD%EC%84%9C.pdf&requestedFullPath=20260603/PDF/PRMS_DOC_PUB/3100/004_100156317_20260527_1.pdf,20260603/PDF/PRMS_DOC_PUB/3100/004_100156317_20260527_1.pdf,C:\Users\treyl\Documents\Obsidian\Second_Brain\output\nec_2026_local_election_opencrab\github_repo_nec_2026_local_election_opencrab\supplements\official_gap_recovery_2026\recheck_2026-05-29\direct_nec_downloads\documents\candidate-doc_100156317_2.pdf,downloaded,252039,ea75ebe17afe4c5e2cfd2e78bd7142959e2aea506f5397a063a463e01ac12894,,C:\Users\treyl\Documents\Obsidian\Second_Brain\output\nec_2026_local_election_opencrab\github_repo_nec_2026_local_election_opencrab\supplements\official_gap_recovery_2026\recheck_2026-05-29\direct_nec_downloads\markdown\candidate-doc_100156317_2.md,ok,4,2273,,pymupdf,ok
