record_id,election_name,subSgId,subSgName,sgTypecode,sggname,hbjname,huboid,jdname,jdid,hbjgiho,hbjjikup,hbjhakruk,doc_index,doc_type,doc_type_raw,source_id,original_available,original_url,current_available,current_pdf_path,current_download_url,classification,raw_fileinfo,collection_note
"320260603-서울특별시-100157144-2-선거공약서","제9회 전국동시지방선거","320260603","시·도지사선거","3","서울특별시","정원오","100157144","더불어민주당","100","1","정당인","한양대학교 도시대학원 도시개발경영전공 박사 수료","2","선거공약서","선거공약서","candidate-doc:100157144:2","false","","false","","","current_unavailable_official_source","선거공약서||||||0||HEIGHT||Y||||00","Current official API returned no downloadable PDF path."
"320260603-서울특별시-100162984-2-선거공약서","제9회 전국동시지방선거","320260603","시·도지사선거","3","서울특별시","오세훈","100162984","국민의힘","200","2","서울특별시장","고려대학교 대학원 법학과 졸업(법학박사)","2","선거공약서","선거공약서","candidate-doc:100162984:2","false","","false","","","current_unavailable_official_source","선거공약서||||||0||HEIGHT||Y||||00","Current official API returned no downloadable PDF path."
"320260603-서울특별시-100158541-2-선거공약서","제9회 전국동시지방선거","320260603","시·도지사선거","3","서울특별시","김정철","100158541","개혁신당","5070","4","변호사","고려대학교 대학원 졸업(법학박사)","2","선거공약서","선거공약서","candidate-doc:100158541:2","false","","false","","","current_unavailable_official_source","선거공약서||||||0||HEIGHT||Y||||00","Current official API returned no downloadable PDF path."
"320260603-서울특별시-100162632-2-선거공약서","제9회 전국동시지방선거","320260603","시·도지사선거","3","서울특별시","유지혜","100162632","여성의당","5046","5","정당인","원광디지털대학교 한국문화학부 한국복식과학학과 졸업","2","선거공약서","선거공약서","candidate-doc:100162632:2","false","","false","","","current_unavailable_official_source","선거공약서||||||0||HEIGHT||Y||||00","Current official API returned no downloadable PDF path."
"320260603-서울특별시-100162642-2-선거공약서","제9회 전국동시지방선거","320260603","시·도지사선거","3","서울특별시","이강산","100162642","자유통일당","3040","6","정당인","서울대학교 경영전문대학원 경영학과(SNU MBA) 졸업(석사)","2","선거공약서","선거공약서","candidate-doc:100162642:2","false","","false","","","current_unavailable_official_source","선거공약서||||||0||HEIGHT||Y||||00","Current official API returned no downloadable PDF path."
"320260603-서울특별시-100162720-2-선거공약서","제9회 전국동시지방선거","320260603","시·도지사선거","3","서울특별시","권영국","100162720","정의당","730","7","정당인","서울대학교 공과대학 금속공과 졸업","2","선거공약서","선거공약서","candidate-doc:100162720:2","false","","false","","","current_unavailable_official_source","선거공약서||||||0||HEIGHT||Y||||00","Current official API returned no downloadable PDF path."
"320260603-전남광주통합특별시-100163198-2-선거공약서","제9회 전국동시지방선거","320260603","시·도지사선거","3","전남광주통합특별시","민형배","100163198","더불어민주당","100","1","정당인","전남대학교 일반대학원 사회학과 졸업(사회학 박사)","2","선거공약서","선거공약서","candidate-doc:100163198:2","false","","false","","","current_unavailable_official_source","선거공약서||||||0||HEIGHT||Y||||00","Current official API returned no downloadable PDF path."
"320260603-전남광주통합특별시-100163089-2-선거공약서","제9회 전국동시지방선거","320260603","시·도지사선거","3","전남광주통합특별시","이정현","100163089","국민의힘","200","2","정당인","동국대학교 정치외교학(정치학사) 졸업","2","선거공약서","선거공약서","candidate-doc:100163089:2","false","","false","","","current_unavailable_official_source","선거공약서||||||0||HEIGHT||Y||||00","Current official API returned no downloadable PDF path."
"320260603-전남광주통합특별시-100153775-2-선거공약서","제9회 전국동시지방선거","320260603","시·도지사선거","3","전남광주통합특별시","이종욱","100153775","진보당","5010","5","정당인","목포해양전문대학(현 국립목포해양대학교) 항해과 졸업","2","선거공약서","선거공약서","candidate-doc:100153775:2","false","","false","","","current_unavailable_official_source","선거공약서||||||0||HEIGHT||Y||||00","Current official API returned no downloadable PDF path."
"320260603-전남광주통합특별시-100159061-2-선거공약서","제9회 전국동시지방선거","320260603","시·도지사선거","3","전남광주통합특별시","강은미","100159061","정의당","730","6","정당인","전남대학교 해양학과 졸업","2","선거공약서","선거공약서","candidate-doc:100159061:2","false","","false","","","current_unavailable_official_source","선거공약서||||||0||HEIGHT||Y||||00","Current official API returned no downloadable PDF path."
"320260603-전남광주통합특별시-100162728-2-선거공약서","제9회 전국동시지방선거","320260603","시·도지사선거","3","전남광주통합특별시","김광만","100162728","무소속","9999","7","정치인","고려대학교 경영정보대학원 석사과정(조직관리전공) 졸업","2","선거공약서","선거공약서","candidate-doc:100162728:2","false","","false","","","current_unavailable_official_source","선거공약서||||||0||HEIGHT||Y||||00","Current official API returned no downloadable PDF path."
"320260603-부산광역시-100163192-2-선거공약서","제9회 전국동시지방선거","320260603","시·도지사선거","3","부산광역시","전재수","100163192","더불어민주당","100","1","정당인","동국대학교 대학원 정치학과 졸업","2","선거공약서","선거공약서","candidate-doc:100163192:2","false","","false","","","current_unavailable_official_source","선거공약서||||||0||HEIGHT||Y||||00","Current official API returned no downloadable PDF path."
"320260603-부산광역시-100162954-2-선거공약서","제9회 전국동시지방선거","320260603","시·도지사선거","3","부산광역시","박형준","100162954","국민의힘","200","2","부산광역시장","고려대학교 대학원 사회학과 박사과정 졸업(문학박사)","2","선거공약서","선거공약서","candidate-doc:100162954:2","false","","false","","","current_unavailable_official_source","선거공약서||||||0||HEIGHT||Y||||00","Current official API returned no downloadable PDF path."
"320260603-부산광역시-100155833-2-선거공약서","제9회 전국동시지방선거","320260603","시·도지사선거","3","부산광역시","정이한","100155833","개혁신당","5070","4","개혁신당 대변인","부산대학교 행정대학원 행정학과 석사과정 재학","2","선거공약서","선거공약서","candidate-doc:100155833:2","false","","false","","","current_unavailable_official_source","선거공약서||||||0||HEIGHT||Y||||00","Current official API returned no downloadable PDF path."
"320260603-대구광역시-100163199-2-선거공약서","제9회 전국동시지방선거","320260603","시·도지사선거","3","대구광역시","추경호","100163199","국민의힘","200","2","정당인","고려대학교 경영대학 경영학과 졸업","2","선거공약서","선거공약서","candidate-doc:100163199:2","false","","false","","","current_unavailable_official_source","선거공약서||||||0||HEIGHT||Y||||00","Current official API returned no downloadable PDF path."
"320260603-대구광역시-100156890-2-선거공약서","제9회 전국동시지방선거","320260603","시·도지사선거","3","대구광역시","이수찬","100156890","개혁신당","5070","4","정당인","경북대학교 인문대학 사학과 졸업","2","선거공약서","선거공약서","candidate-doc:100156890:2","false","","false","","","current_unavailable_official_source","선거공약서||||||0||HEIGHT||Y||||00","Current official API returned no downloadable PDF path."
"320260603-인천광역시-100163128-2-선거공약서","제9회 전국동시지방선거","320260603","시·도지사선거","3","인천광역시","박찬대","100163128","더불어민주당","100","1","정당인","서울대학교 대학원 경영학석사 졸업","2","선거공약서","선거공약서","candidate-doc:100163128:2","false","","false","","","current_unavailable_official_source","선거공약서||||||0||HEIGHT||Y||||00","Current official API returned no downloadable PDF path."
"320260603-인천광역시-100153769-2-선거공약서","제9회 전국동시지방선거","320260603","시·도지사선거","3","인천광역시","이기붕","100153769","개혁신당","5070","4","정당인","고려대학교 대학원 생명공학과 박사과정 수료","2","선거공약서","선거공약서","candidate-doc:100153769:2","false","","false","","","current_unavailable_official_source","선거공약서||||||0||HEIGHT||Y||||00","Current official API returned no downloadable PDF path."
"320260603-대전광역시-100163200-2-선거공약서","제9회 전국동시지방선거","320260603","시·도지사선거","3","대전광역시","이장우","100163200","국민의힘","200","2","대전광역시장","대전대학교 대학원 행정학과 졸업(행정학 박사)","2","선거공약서","선거공약서","candidate-doc:100163200:2","false","","false","","","current_unavailable_official_source","선거공약서||||||0||HEIGHT||Y||||00","Current official API returned no downloadable PDF path."
"320260603-대전광역시-100153978-2-선거공약서","제9회 전국동시지방선거","320260603","시·도지사선거","3","대전광역시","강희린","100153978","개혁신당","5070","4","정당인","한국과학기술원(KAIST) 물리학과 석사과정 수료","2","선거공약서","선거공약서","candidate-doc:100153978:2","false","","false","","","current_unavailable_official_source","선거공약서||||||0||HEIGHT||Y||||00","Current official API returned no downloadable PDF path."
"320260603-울산광역시-100162996-2-선거공약서","제9회 전국동시지방선거","320260603","시·도지사선거","3","울산광역시","김상욱","100162996","더불어민주당","100","1","정당인","고려대학교 법학과 졸업","2","선거공약서","선거공약서","candidate-doc:100162996:2","false","","false","","","current_unavailable_official_source","선거공약서||||||0||HEIGHT||Y||||00","Current official API returned no downloadable PDF path."
"320260603-울산광역시-100163070-2-선거공약서","제9회 전국동시지방선거","320260603","시·도지사선거","3","울산광역시","김두겸","100163070","국민의힘","200","2","울산광역시장","울산대학교 일반대학원 졸업(행정학박사)","2","선거공약서","선거공약서","candidate-doc:100163070:2","false","","false","","","current_unavailable_official_source","선거공약서||||||0||HEIGHT||Y||||00","Current official API returned no downloadable PDF path."
"320260603-울산광역시-100153854-2-선거공약서","제9회 전국동시지방선거","320260603","시·도지사선거","3","울산광역시","김종훈","100153854","진보당","5010","5","정당인","울산대학교 국어국문학과 졸업","2","선거공약서","선거공약서","candidate-doc:100153854:2","false","","false","","","current_unavailable_official_source","선거공약서||||||0||HEIGHT||Y||||00","Current official API returned no downloadable PDF path."
"320260603-울산광역시-100157730-2-선거공약서","제9회 전국동시지방선거","320260603","시·도지사선거","3","울산광역시","박맹우","100157730","무소속","9999","6","무직","동의대학교대학원 졸업(행정학박사)","2","선거공약서","선거공약서","candidate-doc:100157730:2","false","","false","","","current_unavailable_official_source","선거공약서||||||0||HEIGHT||Y||||00","Current official API returned no downloadable PDF path."
"320260603-세종특별자치시-100161690-2-선거공약서","제9회 전국동시지방선거","320260603","시·도지사선거","3","세종특별자치시","최민호","100161690","국민의힘","200","2","세종특별자치시장","단국대학교 대학원 졸업(행정학 박사)","2","선거공약서","선거공약서","candidate-doc:100161690:2","false","","false","","","current_unavailable_official_source","선거공약서||||||0||HEIGHT||Y||||00","Current official API returned no downloadable PDF path."
"320260603-세종특별자치시-100158883-2-선거공약서","제9회 전국동시지방선거","320260603","시·도지사선거","3","세종특별자치시","하헌휘","100158883","개혁신당","5070","4","변호사","서울대학교 법과대학 법학부 졸업","2","선거공약서","선거공약서","candidate-doc:100158883:2","false","","false","","","current_unavailable_official_source","선거공약서||||||0||HEIGHT||Y||||00","Current official API returned no downloadable PDF path."
"320260603-경기도-100163148-2-선거공약서","제9회 전국동시지방선거","320260603","시·도지사선거","3","경기도","추미애","100163148","더불어민주당","100","1","정당인","한양대학교 법학과 졸업","2","선거공약서","선거공약서","candidate-doc:100163148:2","false","","false","","","current_unavailable_official_source","선거공약서||||||0||HEIGHT||Y||||00","Current official API returned no downloadable PDF path."
"320260603-경기도-100163471-2-선거공약서","제9회 전국동시지방선거","320260603","시·도지사선거","3","경기도","조응천","100163471","개혁신당","5070","4","정당인","서울대학교 법과대학 공법학과 졸업(법학사)","2","선거공약서","선거공약서","candidate-doc:100163471:2","false","","false","","","current_unavailable_official_source","선거공약서||||||0||HEIGHT||Y||||00","Current official API returned no downloadable PDF path."
"320260603-경기도-100153796-2-선거공약서","제9회 전국동시지방선거","320260603","시·도지사선거","3","경기도","홍성규","100153796","진보당","5010","5","정당인","서울대학교 대학원 정치학과 졸업(정치학 석사)","2","선거공약서","선거공약서","candidate-doc:100153796:2","false","","false","","","current_unavailable_official_source","선거공약서||||||0||HEIGHT||Y||||00","Current official API returned no downloadable PDF path."
"320260603-경기도-100158402-2-선거공약서","제9회 전국동시지방선거","320260603","시·도지사선거","3","경기도","김현욱","100158402","국민연합","4080","6","주식회사 서현건설 대표이사","경기대학교 정치전문대학원 정치법학과 졸업(정치학박사)","2","선거공약서","선거공약서","candidate-doc:100158402:2","false","","false","","","current_unavailable_official_source","선거공약서||||||0||HEIGHT||Y||||00","Current official API returned no downloadable PDF path."
"320260603-강원특별자치도-100157160-2-선거공약서","제9회 전국동시지방선거","320260603","시·도지사선거","3","강원특별자치도","우상호","100157160","더불어민주당","100","1","정당인","연세대학교 행정대학원 공공정책전공졸업(행정학석사)","2","선거공약서","선거공약서","candidate-doc:100157160:2","false","","false","","","current_unavailable_official_source","선거공약서||||||0||HEIGHT||Y||||00","Current official API returned no downloadable PDF path."
"320260603-강원특별자치도-100162343-2-선거공약서","제9회 전국동시지방선거","320260603","시·도지사선거","3","강원특별자치도","김진태","100162343","국민의힘","200","2","광역단체장","서울대학교 법과대학 공법학과 졸업","2","선거공약서","선거공약서","candidate-doc:100162343:2","false","","false","","","current_unavailable_official_source","선거공약서||||||0||HEIGHT||Y||||00","Current official API returned no downloadable PDF path."
"320260603-충청북도-100153742-2-선거공약서","제9회 전국동시지방선거","320260603","시·도지사선거","3","충청북도","신용한","100153742","더불어민주당","100","1","정당인","성균관대학교 국정전문대학원 졸업(행정학박사)","2","선거공약서","선거공약서","candidate-doc:100153742:2","false","","false","","","current_unavailable_official_source","선거공약서||||||0||HEIGHT||Y||||00","Current official API returned no downloadable PDF path."
"320260603-충청북도-100163211-2-선거공약서","제9회 전국동시지방선거","320260603","시·도지사선거","3","충청북도","김영환","100163211","국민의힘","200","2","충청북도지사","연세대학교 경제대학원 졸업(경제학 석사)","2","선거공약서","선거공약서","candidate-doc:100163211:2","false","","false","","","current_unavailable_official_source","선거공약서||||||0||HEIGHT||Y||||00","Current official API returned no downloadable PDF path."
"320260603-충청남도-100163640-2-선거공약서","제9회 전국동시지방선거","320260603","시·도지사선거","3","충청남도","김태흠","100163640","국민의힘","200","2","충청남도지사","서강대학교 공공정책대학원 사회복지정책학과 졸업(행정학석사)","2","선거공약서","선거공약서","candidate-doc:100163640:2","false","","false","","","current_unavailable_official_source","선거공약서||||||0||HEIGHT||Y||||00","Current official API returned no downloadable PDF path."
"320260603-전북특별자치도-100163170-2-선거공약서","제9회 전국동시지방선거","320260603","시·도지사선거","3","전북특별자치도","이원택","100163170","더불어민주당","100","1","정당인","전북대학교 화학공업공학과 졸업","2","선거공약서","선거공약서","candidate-doc:100163170:2","false","","false","","","current_unavailable_official_source","선거공약서||||||0||HEIGHT||Y||||00","Current official API returned no downloadable PDF path."
"320260603-전북특별자치도-100163202-2-선거공약서","제9회 전국동시지방선거","320260603","시·도지사선거","3","전북특별자치도","양정무","100163202","국민의힘","200","2","기업인","전주대학교 일반대학원 법학과 졸업(법학석사)","2","선거공약서","선거공약서","candidate-doc:100163202:2","false","","false","","","current_unavailable_official_source","선거공약서||||||0||HEIGHT||Y||||00","Current official API returned no downloadable PDF path."
"320260603-전북특별자치도-100162052-2-선거공약서","제9회 전국동시지방선거","320260603","시·도지사선거","3","전북특별자치도","백승재","100162052","진보당","5010","5","노동자","경희대학교 건축공학과 3년 수료(1994년3월~2001년2월)","2","선거공약서","선거공약서","candidate-doc:100162052:2","false","","false","","","current_unavailable_official_source","선거공약서||||||0||HEIGHT||Y||||00","Current official API returned no downloadable PDF path."
"320260603-전북특별자치도-100153829-2-선거공약서","제9회 전국동시지방선거","320260603","시·도지사선거","3","전북특별자치도","김성수","100153829","무소속","9999","6","세무사 김성수사무소 대표","원광대학교 회계학과 졸업","2","선거공약서","선거공약서","candidate-doc:100153829:2","false","","false","","","current_unavailable_official_source","선거공약서||||||0||HEIGHT||Y||||00","Current official API returned no downloadable PDF path."
"320260603-전북특별자치도-100163514-2-선거공약서","제9회 전국동시지방선거","320260603","시·도지사선거","3","전북특별자치도","김관영","100163514","무소속","9999","7","전북특별자치도지사","서울대학교 행정대학원 졸업(행정학 석사)","2","선거공약서","선거공약서","candidate-doc:100163514:2","false","","false","","","current_unavailable_official_source","선거공약서||||||0||HEIGHT||Y||||00","Current official API returned no downloadable PDF path."
"320260603-경상북도-100161413-2-선거공약서","제9회 전국동시지방선거","320260603","시·도지사선거","3","경상북도","오중기","100161413","더불어민주당","100","1","정당인","영남대학교 문과대학 철학과 졸업","2","선거공약서","선거공약서","candidate-doc:100161413:2","false","","false","","","current_unavailable_official_source","선거공약서||||||0||HEIGHT||Y||||00","Current official API returned no downloadable PDF path."
"320260603-경상북도-100159249-2-선거공약서","제9회 전국동시지방선거","320260603","시·도지사선거","3","경상북도","이철우","100159249","국민의힘","200","2","경상북도지사","연세대학교 행정대학원 졸업(정치학 석사)","2","선거공약서","선거공약서","candidate-doc:100159249:2","false","","false","","","current_unavailable_official_source","선거공약서||||||0||HEIGHT||Y||||00","Current official API returned no downloadable PDF path."
"320260603-경상남도-100158507-2-선거공약서","제9회 전국동시지방선거","320260603","시·도지사선거","3","경상남도","김경수","100158507","더불어민주당","100","1","정당인","서울대학교 인류학과 졸업","2","선거공약서","선거공약서","candidate-doc:100158507:2","false","","false","","","current_unavailable_official_source","선거공약서||||||0||HEIGHT||Y||||00","Current official API returned no downloadable PDF path."
"320260603-경상남도-100162958-2-선거공약서","제9회 전국동시지방선거","320260603","시·도지사선거","3","경상남도","박완수","100162958","국민의힘","200","2","정당인","경남대학교 대학원 졸업(행정학 박사)","2","선거공약서","선거공약서","candidate-doc:100162958:2","false","","false","","","current_unavailable_official_source","선거공약서||||||0||HEIGHT||Y||||00","Current official API returned no downloadable PDF path."
"320260603-경상남도-100153781-2-선거공약서","제9회 전국동시지방선거","320260603","시·도지사선거","3","경상남도","전희영","100153781","진보당","5010","5","정당인","부산대학교 사범대학 수학교육과 졸업","2","선거공약서","선거공약서","candidate-doc:100153781:2","false","","false","","","current_unavailable_official_source","선거공약서||||||0||HEIGHT||Y||||00","Current official API returned no downloadable PDF path."
"320260603-제주특별자치도-100163197-2-선거공약서","제9회 전국동시지방선거","320260603","시·도지사선거","3","제주특별자치도","위성곤","100163197","더불어민주당","100","1","정당인","제주대학교 행정대학원 정치외교학과 정치학전공 석사과정 수료","2","선거공약서","선거공약서","candidate-doc:100163197:2","false","","false","","","current_unavailable_official_source","선거공약서||||||0||HEIGHT||Y||||00","Current official API returned no downloadable PDF path."
"320260603-제주특별자치도-100157851-2-선거공약서","제9회 전국동시지방선거","320260603","시·도지사선거","3","제주특별자치도","문성유","100157851","국민의힘","200","2","정당인","맨체스터대학교 경제사회학(개발경제학 전공) 석사(1997.09~1998.12)","2","선거공약서","선거공약서","candidate-doc:100157851:2","false","","false","","","current_unavailable_official_source","선거공약서||||||0||HEIGHT||Y||||00","Current official API returned no downloadable PDF path."
"320260603-제주특별자치도-100153886-2-선거공약서","제9회 전국동시지방선거","320260603","시·도지사선거","3","제주특별자치도","양윤녕","100153886","무소속","9999","5","정치인","단국대학교 경영대학원 경영학과 국제경영학 전공(석사)졸업","2","선거공약서","선거공약서","candidate-doc:100153886:2","false","","false","","","current_unavailable_official_source","선거공약서||||||0||HEIGHT||Y||||00","Current official API returned no downloadable PDF path."
"420260603-종로구-100154016-2-선거공약서","제9회 전국동시지방선거","420260603","구·시·군의 장선거","4","종로구","유찬종","100154016","더불어민주당","100","1","정당인","연세대학교 경법대학 법학 졸업","2","선거공약서","선거공약서","candidate-doc:100154016:2","false","","false","","","current_unavailable_official_source","선거공약서||||||0||HEIGHT||Y||||00","Current official API returned no downloadable PDF path."
"420260603-종로구-100163635-2-선거공약서","제9회 전국동시지방선거","420260603","구·시·군의 장선거","4","종로구","정문헌","100163635","국민의힘","200","2","종로구청장","고려대학교 대학원 정치외교학과 졸업(정치학 박사)","2","선거공약서","선거공약서","candidate-doc:100163635:2","false","","false","","","current_unavailable_official_source","선거공약서||||||0||HEIGHT||Y||||00","Current official API returned no downloadable PDF path."
"420260603-중구-100154189-2-선거공약서","제9회 전국동시지방선거","420260603","구·시·군의 장선거","4","중구","이동현","100154189","더불어민주당","100","1","정당인","서울시립대학교 도시과학대학원 졸업(행정학석사)","2","선거공약서","선거공약서","candidate-doc:100154189:2","false","","false","","","current_unavailable_official_source","선거공약서||||||0||HEIGHT||Y||||00","Current official API returned no downloadable PDF path."
"420260603-중구-100163124-2-선거공약서","제9회 전국동시지방선거","420260603","구·시·군의 장선거","4","중구","김길성","100163124","국민의힘","200","2","중구청장","연세대학교 행정대학원 졸업 (행정학 석사)","2","선거공약서","선거공약서","candidate-doc:100163124:2","false","","false","","","current_unavailable_official_source","선거공약서||||||0||HEIGHT||Y||||00","Current official API returned no downloadable PDF path."
"420260603-중구-100157792-2-선거공약서","제9회 전국동시지방선거","420260603","구·시·군의 장선거","4","중구","길기영","100157792","개혁신당","5070","4","지방의회의원","동국대학교 대학원 정치학과 졸업(정치학석사)","2","선거공약서","선거공약서","candidate-doc:100157792:2","false","","false","","","current_unavailable_official_source","선거공약서||||||0||HEIGHT||Y||||00","Current official API returned no downloadable PDF path."
"420260603-용산구-100155683-2-선거공약서","제9회 전국동시지방선거","420260603","구·시·군의 장선거","4","용산구","강태웅","100155683","더불어민주당","100","1","정당인","서울대학교 행정대학원 졸업(행정학 석사)","2","선거공약서","선거공약서","candidate-doc:100155683:2","false","","false","","","current_unavailable_official_source","선거공약서||||||0||HEIGHT||Y||||00","Current official API returned no downloadable PDF path."
"420260603-용산구-100154458-2-선거공약서","제9회 전국동시지방선거","420260603","구·시·군의 장선거","4","용산구","김경대","100154458","국민의힘","200","2","정당인","중앙대학교 대학원 졸업(행정학박사)","2","선거공약서","선거공약서","candidate-doc:100154458:2","false","","false","","","current_unavailable_official_source","선거공약서||||||0||HEIGHT||Y||||00","Current official API returned no downloadable PDF path."
"420260603-성동구-100154364-1-선거공보","제9회 전국동시지방선거","420260603","구·시·군의 장선거","4","성동구","유보화","100154364","더불어민주당","100","1","정당인","서울시립대학교 도시과학대학원 졸업(도시행정학 석사)","1","선거공보","선거공보","candidate-doc:100154364:1","false","","false","","","current_unavailable_official_source","선거공보||||||0||HEIGHT||Y||||00","Current official API returned no downloadable PDF path."
"420260603-성동구-100154364-2-선거공약서","제9회 전국동시지방선거","420260603","구·시·군의 장선거","4","성동구","유보화","100154364","더불어민주당","100","1","정당인","서울시립대학교 도시과학대학원 졸업(도시행정학 석사)","2","선거공약서","선거공약서","candidate-doc:100154364:2","false","","false","","","current_unavailable_official_source","선거공약서||||||0||HEIGHT||Y||||00","Current official API returned no downloadable PDF path."
"420260603-성동구-100158996-1-선거공보","제9회 전국동시지방선거","420260603","구·시·군의 장선거","4","성동구","고재현","100158996","국민의힘","200","2","정당인","서강대학교 공공정책대학원 중국학과 졸업(중국학석사)","1","선거공보","선거공보","candidate-doc:100158996:1","false","","false","","","current_unavailable_official_source","선거공보||||||0||HEIGHT||Y||||00","Current official API returned no downloadable PDF path."
"420260603-성동구-100158996-2-선거공약서","제9회 전국동시지방선거","420260603","구·시·군의 장선거","4","성동구","고재현","100158996","국민의힘","200","2","정당인","서강대학교 공공정책대학원 중국학과 졸업(중국학석사)","2","선거공약서","선거공약서","candidate-doc:100158996:2","false","","false","","","current_unavailable_official_source","선거공약서||||||0||HEIGHT||Y||||00","Current official API returned no downloadable PDF path."
"420260603-성동구-100165564-1-선거공보","제9회 전국동시지방선거","420260603","구·시·군의 장선거","4","성동구","정찬옥","100165564","개혁신당","5070","4","정당인","호원대학교 비즈니스학부 경영학전공 졸업","1","선거공보","선거공보","candidate-doc:100165564:1","false","","false","","","current_unavailable_official_source","선거공보||||||0||HEIGHT||Y||||00","Current official API returned no downloadable PDF path."
"420260603-성동구-100165564-2-선거공약서","제9회 전국동시지방선거","420260603","구·시·군의 장선거","4","성동구","정찬옥","100165564","개혁신당","5070","4","정당인","호원대학교 비즈니스학부 경영학전공 졸업","2","선거공약서","선거공약서","candidate-doc:100165564:2","false","","false","","","current_unavailable_official_source","선거공약서||||||0||HEIGHT||Y||||00","Current official API returned no downloadable PDF path."
"420260603-광진구-100155529-2-선거공약서","제9회 전국동시지방선거","420260603","구·시·군의 장선거","4","광진구","문종철","100155529","더불어민주당","100","1","건국대학교 대학원 겸임교수","건국대학교 일반대학원 안보 재난관리학과 졸업(정책학 박사)","2","선거공약서","선거공약서","candidate-doc:100155529:2","false","","false","","","current_unavailable_official_source","선거공약서||||||0||HEIGHT||Y||||00","Current official API returned no downloadable PDF path."
"420260603-광진구-100162595-2-선거공약서","제9회 전국동시지방선거","420260603","구·시·군의 장선거","4","광진구","김경호","100162595","국민의힘","200","2","광진구청장","미국 오리건대학교 행정학석사(2001. 09. ~ 2003. 06.)","2","선거공약서","선거공약서","candidate-doc:100162595:2","false","","false","","","current_unavailable_official_source","선거공약서||||||0||HEIGHT||Y||||00","Current official API returned no downloadable PDF path."
"420260603-동대문구-100154237-2-선거공약서","제9회 전국동시지방선거","420260603","구·시·군의 장선거","4","동대문구","최동민","100154237","더불어민주당","100","1","정당인","서울시립대학교 법학과 졸업","2","선거공약서","선거공약서","candidate-doc:100154237:2","false","","false","","","current_unavailable_official_source","선거공약서||||||0||HEIGHT||Y||||00","Current official API returned no downloadable PDF path."
"420260603-동대문구-100162700-2-선거공약서","제9회 전국동시지방선거","420260603","구·시·군의 장선거","4","동대문구","이필형","100162700","국민의힘","200","2","선출직 공무원(동대문구청장)","고려대학교 정책과학대학원 정치학 석사","2","선거공약서","선거공약서","candidate-doc:100162700:2","false","","false","","","current_unavailable_official_source","선거공약서||||||0||HEIGHT||Y||||00","Current official API returned no downloadable PDF path."
"420260603-중랑구-100163845-2-선거공약서","제9회 전국동시지방선거","420260603","구·시·군의 장선거","4","중랑구","류경기","100163845","더불어민주당","100","1","중랑구청장","서울대학교 정치학과 졸업","2","선거공약서","선거공약서","candidate-doc:100163845:2","false","","false","","","current_unavailable_official_source","선거공약서||||||0||HEIGHT||Y||||00","Current official API returned no downloadable PDF path."
"420260603-성북구-100161486-2-선거공약서","제9회 전국동시지방선거","420260603","구·시·군의 장선거","4","성북구","이승로","100161486","더불어민주당","100","1","성북구청장","고려대학교 정책대학원 졸업(행정학석사)","2","선거공약서","선거공약서","candidate-doc:100161486:2","false","","false","","","current_unavailable_official_source","선거공약서||||||0||HEIGHT||Y||||00","Current official API returned no downloadable PDF path."
"420260603-성북구-100161480-2-선거공약서","제9회 전국동시지방선거","420260603","구·시·군의 장선거","4","성북구","민병웅","100161480","국민의힘","200","2","정당인","국민대학교 일반대학원 법학과 졸업(법학박사)","2","선거공약서","선거공약서","candidate-doc:100161480:2","false","","false","","","current_unavailable_official_source","선거공약서||||||0||HEIGHT||Y||||00","Current official API returned no downloadable PDF path."
"420260603-성북구-100158480-2-선거공약서","제9회 전국동시지방선거","420260603","구·시·군의 장선거","4","성북구","홍희진","100158480","진보당","5010","5","정당인","성신여자대학교 미디어커뮤니케이션학과 졸업","2","선거공약서","선거공약서","candidate-doc:100158480:2","false","","false","","","current_unavailable_official_source","선거공약서||||||0||HEIGHT||Y||||00","Current official API returned no downloadable PDF path."
"420260603-강북구-100165736-2-선거공약서","제9회 전국동시지방선거","420260603","구·시·군의 장선거","4","강북구","정창수","100165736","더불어민주당","100","1","나라살림연구소 소장","경희대학교 대학원 행정학과(행정학박사) 졸업","2","선거공약서","선거공약서","candidate-doc:100165736:2","false","","false","","","current_unavailable_official_source","선거공약서||||||0||HEIGHT||Y||||00","Current official API returned no downloadable PDF path."
"420260603-강북구-100156415-2-선거공약서","제9회 전국동시지방선거","420260603","구·시·군의 장선거","4","강북구","장지호","100156415","국민의힘","200","2","국민의힘 부대변인","성균관대학교 국정전문대학원 행정학과 석사학위과정 수료","2","선거공약서","선거공약서","candidate-doc:100156415:2","false","","false","","","current_unavailable_official_source","선거공약서||||||0||HEIGHT||Y||||00","Current official API returned no downloadable PDF path."
"420260603-강북구-100157120-2-선거공약서","제9회 전국동시지방선거","420260603","구·시·군의 장선거","4","강북구","윤정현","100157120","노동당","1988","5","IT노동자 (프로젝트 품질관리 컨설턴트)","미기재","2","선거공약서","선거공약서","candidate-doc:100157120:2","false","","false","","","current_unavailable_official_source","선거공약서||||||0||HEIGHT||Y||||00","Current official API returned no downloadable PDF path."
"420260603-강북구-100157755-2-선거공약서","제9회 전국동시지방선거","420260603","구·시·군의 장선거","4","강북구","한덕희","100157755","무소속","9999","6","더키(The Key)사관학교 원장(대입수능영어강사)","고려대학교 법무대학원 지방자치법학과 석사과정 수료","2","선거공약서","선거공약서","candidate-doc:100157755:2","false","","false","","","current_unavailable_official_source","선거공약서||||||0||HEIGHT||Y||||00","Current official API returned no downloadable PDF path."
"420260603-도봉구-100154007-2-선거공약서","제9회 전국동시지방선거","420260603","구·시·군의 장선거","4","도봉구","김동욱","100154007","더불어민주당","100","1","정당인","서울시립대학교 도시과학대학원 졸업(도시행정학 석사)","2","선거공약서","선거공약서","candidate-doc:100154007:2","false","","false","","","current_unavailable_official_source","선거공약서||||||0||HEIGHT||Y||||00","Current official API returned no downloadable PDF path."
"420260603-도봉구-100162870-2-선거공약서","제9회 전국동시지방선거","420260603","구·시·군의 장선거","4","도봉구","오언석","100162870","국민의힘","200","2","도봉구청장","성균관대학교 국정전문대학원 행정학과 졸업 (행정학석사)","2","선거공약서","선거공약서","candidate-doc:100162870:2","false","","false","","","current_unavailable_official_source","선거공약서||||||0||HEIGHT||Y||||00","Current official API returned no downloadable PDF path."
"420260603-노원구-100155624-2-선거공약서","제9회 전국동시지방선거","420260603","구·시·군의 장선거","4","노원구","서준오","100155624","더불어민주당","100","1","정당인","연세대학교 공학대학원 졸업(환경공학전공, 공학석사)","2","선거공약서","선거공약서","candidate-doc:100155624:2","false","","false","","","current_unavailable_official_source","선거공약서||||||0||HEIGHT||Y||||00","Current official API returned no downloadable PDF path."
"420260603-노원구-100163127-2-선거공약서","제9회 전국동시지방선거","420260603","구·시·군의 장선거","4","노원구","김광수","100163127","국민의힘","200","2","바른소리주민연대 공동대표","한양대학교 지방자치대학원 지방자치학석사 졸업","2","선거공약서","선거공약서","candidate-doc:100163127:2","false","","false","","","current_unavailable_official_source","선거공약서||||||0||HEIGHT||Y||||00","Current official API returned no downloadable PDF path."
"420260603-은평구-100163092-2-선거공약서","제9회 전국동시지방선거","420260603","구·시·군의 장선거","4","은평구","김미경","100163092","더불어민주당","100","1","정치인","고려대학교 정책대학원 졸업(행정학 석사)","2","선거공약서","선거공약서","candidate-doc:100163092:2","false","","false","","","current_unavailable_official_source","선거공약서||||||0||HEIGHT||Y||||00","Current official API returned no downloadable PDF path."
"420260603-은평구-100156220-2-선거공약서","제9회 전국동시지방선거","420260603","구·시·군의 장선거","4","은평구","남기정","100156220","국민의힘","200","2","정당인","고려대학교 정책대학원 졸업 (행정학석사)","2","선거공약서","선거공약서","candidate-doc:100156220:2","false","","false","","","current_unavailable_official_source","선거공약서||||||0||HEIGHT||Y||||00","Current official API returned no downloadable PDF path."
"420260603-서대문구-100154445-2-선거공약서","제9회 전국동시지방선거","420260603","구·시·군의 장선거","4","서대문구","박운기","100154445","더불어민주당","100","1","정당인","서울시립대학교 도시과학대학원 도시행정학과 석사","2","선거공약서","선거공약서","candidate-doc:100154445:2","false","","false","","","current_unavailable_official_source","선거공약서||||||0||HEIGHT||Y||||00","Current official API returned no downloadable PDF path."
"420260603-서대문구-100163662-2-선거공약서","제9회 전국동시지방선거","420260603","구·시·군의 장선거","4","서대문구","이성헌","100163662","국민의힘","200","2","서대문구청장","성균관대학교 대학원 신문방송학과 졸업(언론학박사)","2","선거공약서","선거공약서","candidate-doc:100163662:2","false","","false","","","current_unavailable_official_source","선거공약서||||||0||HEIGHT||Y||||00","Current official API returned no downloadable PDF path."
"420260603-마포구-100154576-2-선거공약서","제9회 전국동시지방선거","420260603","구·시·군의 장선거","4","마포구","유동균","100154576","더불어민주당","100","1","정치인","연세대학교 행정대학원 정치행정리더십전공 졸업(정치학 석사)","2","선거공약서","선거공약서","candidate-doc:100154576:2","false","","false","","","current_unavailable_official_source","선거공약서||||||0||HEIGHT||Y||||00","Current official API returned no downloadable PDF path."
"420260603-마포구-100162253-2-선거공약서","제9회 전국동시지방선거","420260603","구·시·군의 장선거","4","마포구","박강수","100162253","국민의힘","200","2","마포구청장","건국대학교 행정대학원 행정학과 정책학전공 졸업(행정학 석사)","2","선거공약서","선거공약서","candidate-doc:100162253:2","false","","false","","","current_unavailable_official_source","선거공약서||||||0||HEIGHT||Y||||00","Current official API returned no downloadable PDF path."
"420260603-양천구-100158135-2-선거공약서","제9회 전국동시지방선거","420260603","구·시·군의 장선거","4","양천구","우형찬","100158135","더불어민주당","100","1","서울시의회의원","한국외국어대학교 서양어대학 프랑스어과 졸업(문학사)","2","선거공약서","선거공약서","candidate-doc:100158135:2","false","","false","","","current_unavailable_official_source","선거공약서||||||0||HEIGHT||Y||||00","Current official API returned no downloadable PDF path."
"420260603-강서구-100162985-2-선거공약서","제9회 전국동시지방선거","420260603","구·시·군의 장선거","4","강서구","진교훈","100162985","더불어민주당","100","1","강서구청장","연세대학교 행정대학원 경찰.사법행정전공(행정학 석사)","2","선거공약서","선거공약서","candidate-doc:100162985:2","false","","false","","","current_unavailable_official_source","선거공약서||||||0||HEIGHT||Y||||00","Current official API returned no downloadable PDF path."
"420260603-강서구-100157541-2-선거공약서","제9회 전국동시지방선거","420260603","구·시·군의 장선거","4","강서구","김진선","100157541","국민의힘","200","2","정당인","건국대학교대학원 박사과정 도시재생학과 수료","2","선거공약서","선거공약서","candidate-doc:100157541:2","false","","false","","","current_unavailable_official_source","선거공약서||||||0||HEIGHT||Y||||00","Current official API returned no downloadable PDF path."
"420260603-강서구-100154493-2-선거공약서","제9회 전국동시지방선거","420260603","구·시·군의 장선거","4","강서구","이미선","100154493","진보당","5010","5","정당인","한양대학교 공학대학 화학공학전공 공학사 졸업","2","선거공약서","선거공약서","candidate-doc:100154493:2","false","","false","","","current_unavailable_official_source","선거공약서||||||0||HEIGHT||Y||||00","Current official API returned no downloadable PDF path."
"420260603-강서구-100154808-2-선거공약서","제9회 전국동시지방선거","420260603","구·시·군의 장선거","4","강서구","백철","100154808","무소속","9999","6","무직","경희대학교 법과대학 법학과 졸업","2","선거공약서","선거공약서","candidate-doc:100154808:2","false","","false","","","current_unavailable_official_source","선거공약서||||||0||HEIGHT||Y||||00","Current official API returned no downloadable PDF path."
"420260603-구로구-100163864-2-선거공약서","제9회 전국동시지방선거","420260603","구·시·군의 장선거","4","구로구","장인홍","100163864","더불어민주당","100","1","구로구청장","서강대학교 경영학과 졸업","2","선거공약서","선거공약서","candidate-doc:100163864:2","false","","false","","","current_unavailable_official_source","선거공약서||||||0||HEIGHT||Y||||00","Current official API returned no downloadable PDF path."
"420260603-구로구-100162222-2-선거공약서","제9회 전국동시지방선거","420260603","구·시·군의 장선거","4","구로구","홍덕희","100162222","국민의힘","200","2","변호사","경북대학교 수사과학대학원 졸업 [수사과학석사(법정의학)]","2","선거공약서","선거공약서","candidate-doc:100162222:2","false","","false","","","current_unavailable_official_source","선거공약서||||||0||HEIGHT||Y||||00","Current official API returned no downloadable PDF path."
"420260603-금천구-100160192-2-선거공약서","제9회 전국동시지방선거","420260603","구·시·군의 장선거","4","금천구","최기찬","100160192","더불어민주당","100","1","서울특별시의회의원","서울시립대학교 일반대학원 행정학과 행정학 전공 재학(박사과정)","2","선거공약서","선거공약서","candidate-doc:100160192:2","false","","false","","","current_unavailable_official_source","선거공약서||||||0||HEIGHT||Y||||00","Current official API returned no downloadable PDF path."
"420260603-금천구-100161473-2-선거공약서","제9회 전국동시지방선거","420260603","구·시·군의 장선거","4","금천구","이희권","100161473","국민의힘","200","2","(유)광성주류 대표이사","중앙대학교 행정대학원 행정학석사","2","선거공약서","선거공약서","candidate-doc:100161473:2","false","","false","","","current_unavailable_official_source","선거공약서||||||0||HEIGHT||Y||||00","Current official API returned no downloadable PDF path."
"420260603-영등포구-100155777-2-선거공약서","제9회 전국동시지방선거","420260603","구·시·군의 장선거","4","영등포구","조유진","100155777","더불어민주당","100","1","전문연구직","서울대학교 법과대학 졸업","2","선거공약서","선거공약서","candidate-doc:100155777:2","false","","false","","","current_unavailable_official_source","선거공약서||||||0||HEIGHT||Y||||00","Current official API returned no downloadable PDF path."
"420260603-영등포구-100156463-2-선거공약서","제9회 전국동시지방선거","420260603","구·시·군의 장선거","4","영등포구","최웅식","100156463","국민의힘","200","2","정당인","한국외국어대학교 글로벌공공리더십대학원 졸업(행정학 석사)","2","선거공약서","선거공약서","candidate-doc:100156463:2","false","","false","","","current_unavailable_official_source","선거공약서||||||0||HEIGHT||Y||||00","Current official API returned no downloadable PDF path."
"420260603-동작구-100155877-2-선거공약서","제9회 전국동시지방선거","420260603","구·시·군의 장선거","4","동작구","류삼영","100155877","더불어민주당","100","1","정당인","동아대학교 대학원 법학과 졸업(법학박사)","2","선거공약서","선거공약서","candidate-doc:100155877:2","false","","false","","","current_unavailable_official_source","선거공약서||||||0||HEIGHT||Y||||00","Current official API returned no downloadable PDF path."
"420260603-동작구-100156792-1-선거공보","제9회 전국동시지방선거","420260603","구·시·군의 장선거","4","동작구","김정태","100156792","국민의힘","200","2","정당인","고려대학교 대학원 행정학과 박사과정 수료","1","선거공보","선거공보","candidate-doc:100156792:1","false","","false","","","current_unavailable_official_source","선거공보||||||0||HEIGHT||Y||||00","Current official API returned no downloadable PDF path."
"420260603-동작구-100156792-2-선거공약서","제9회 전국동시지방선거","420260603","구·시·군의 장선거","4","동작구","김정태","100156792","국민의힘","200","2","정당인","고려대학교 대학원 행정학과 박사과정 수료","2","선거공약서","선거공약서","candidate-doc:100156792:2","false","","false","","","current_unavailable_official_source","선거공약서||||||0||HEIGHT||Y||||00","Current official API returned no downloadable PDF path."
"420260603-동작구-100163677-1-선거공보","제9회 전국동시지방선거","420260603","구·시·군의 장선거","4","동작구","박일하","100163677","개혁신당","5070","4","동작구청장","서울과학기술대학교 철도전문대학원 철도건설공학과 졸업(공학박사)","1","선거공보","선거공보","candidate-doc:100163677:1","false","","false","","","current_unavailable_official_source","선거공보||||||0||HEIGHT||Y||||00","Current official API returned no downloadable PDF path."
"420260603-동작구-100163677-2-선거공약서","제9회 전국동시지방선거","420260603","구·시·군의 장선거","4","동작구","박일하","100163677","개혁신당","5070","4","동작구청장","서울과학기술대학교 철도전문대학원 철도건설공학과 졸업(공학박사)","2","선거공약서","선거공약서","candidate-doc:100163677:2","false","","false","","","current_unavailable_official_source","선거공약서||||||0||HEIGHT||Y||||00","Current official API returned no downloadable PDF path."
"420260603-관악구-100162020-2-선거공약서","제9회 전국동시지방선거","420260603","구·시·군의 장선거","4","관악구","이혜숙","100162020","개혁신당","5070","4","정치컨설팅 공론 대표","광운대학교 대학원 행정학과졸업(행정학 박사)","2","선거공약서","선거공약서","candidate-doc:100162020:2","false","","false","","","current_unavailable_official_source","선거공약서||||||0||HEIGHT||Y||||00","Current official API returned no downloadable PDF path."
"420260603-서초구-100161489-2-선거공약서","제9회 전국동시지방선거","420260603","구·시·군의 장선거","4","서초구","황인식","100161489","더불어민주당","100","1","한경국립대학교 특임교수","연세대학교 대학원 졸업 (사회복지학 박사)","2","선거공약서","선거공약서","candidate-doc:100161489:2","false","","false","","","current_unavailable_official_source","선거공약서||||||0||HEIGHT||Y||||00","Current official API returned no downloadable PDF path."
"420260603-서초구-100162496-2-선거공약서","제9회 전국동시지방선거","420260603","구·시·군의 장선거","4","서초구","전성수","100162496","국민의힘","200","2","서초구청장","서울시립대학교 일반대학원 행정학박사","2","선거공약서","선거공약서","candidate-doc:100162496:2","false","","false","","","current_unavailable_official_source","선거공약서||||||0||HEIGHT||Y||||00","Current official API returned no downloadable PDF path."
"420260603-강남구-100157718-2-선거공약서","제9회 전국동시지방선거","420260603","구·시·군의 장선거","4","강남구","김형곤","100157718","더불어민주당","100","1","강남구의회의원","연세대학교 영어영문학 졸업(국어국문학 복수전공)","2","선거공약서","선거공약서","candidate-doc:100157718:2","false","","false","","","current_unavailable_official_source","선거공약서||||||0||HEIGHT||Y||||00","Current official API returned no downloadable PDF path."
"420260603-강남구-100158841-2-선거공약서","제9회 전국동시지방선거","420260603","구·시·군의 장선거","4","강남구","김현기","100158841","국민의힘","200","2","서울특별시의회의원 (4선 의원)","동국대학교 대학원 행정학과 졸업 (행정학 박사)","2","선거공약서","선거공약서","candidate-doc:100158841:2","false","","false","","","current_unavailable_official_source","선거공약서||||||0||HEIGHT||Y||||00","Current official API returned no downloadable PDF path."
"420260603-송파구-100155375-2-선거공약서","제9회 전국동시지방선거","420260603","구·시·군의 장선거","4","송파구","조재희","100155375","더불어민주당","100","1","정당인","고려대학교 대학원 정치외교학과 졸업(정치학박사)","2","선거공약서","선거공약서","candidate-doc:100155375:2","false","","false","","","current_unavailable_official_source","선거공약서||||||0||HEIGHT||Y||||00","Current official API returned no downloadable PDF path."
"420260603-송파구-100160360-2-선거공약서","제9회 전국동시지방선거","420260603","구·시·군의 장선거","4","송파구","서강석","100160360","국민의힘","200","2","송파구청장","서울시립대학교 일반대학원 행정학과 졸업(행정학박사)","2","선거공약서","선거공약서","candidate-doc:100160360:2","false","","false","","","current_unavailable_official_source","선거공약서||||||0||HEIGHT||Y||||00","Current official API returned no downloadable PDF path."
"420260603-강동구-100154374-2-선거공약서","제9회 전국동시지방선거","420260603","구·시·군의 장선거","4","강동구","김종무","100154374","더불어민주당","100","1","정당인","서울시립대학교대학원 도시행정학과 졸업(행정학 박사)","2","선거공약서","선거공약서","candidate-doc:100154374:2","false","","false","","","current_unavailable_official_source","선거공약서||||||0||HEIGHT||Y||||00","Current official API returned no downloadable PDF path."
"420260603-강동구-100163194-2-선거공약서","제9회 전국동시지방선거","420260603","구·시·군의 장선거","4","강동구","이수희","100163194","국민의힘","200","2","강동구청장","이화여자대학교 정책과학대학원 졸업(정책학석사)","2","선거공약서","선거공약서","candidate-doc:100163194:2","false","","false","","","current_unavailable_official_source","선거공약서||||||0||HEIGHT||Y||||00","Current official API returned no downloadable PDF path."
"420260603-강동구-100157173-2-선거공약서","제9회 전국동시지방선거","420260603","구·시·군의 장선거","4","강동구","이용우","100157173","개혁신당","5070","4","정당인","서울과학기술대학교 환경공학과 졸업","2","선거공약서","선거공약서","candidate-doc:100157173:2","false","","false","","","current_unavailable_official_source","선거공약서||||||0||HEIGHT||Y||||00","Current official API returned no downloadable PDF path."
"420260603-중구-100158114-2-선거공약서","제9회 전국동시지방선거","420260603","구·시·군의 장선거","4","중구","강희은","100158114","더불어민주당","100","1","중구의회 의원","동아대학교 일반대학원 정치학과 석사과정 수료","2","선거공약서","선거공약서","candidate-doc:100158114:2","false","","false","","","current_unavailable_official_source","선거공약서||||||0||HEIGHT||Y||||00","Current official API returned no downloadable PDF path."
"420260603-중구-100162254-1-선거공보","제9회 전국동시지방선거","420260603","구·시·군의 장선거","4","중구","최진봉","100162254","국민의힘","200","2","중구청장","동의대학교 대학원 정치외교학과 박사과정 수료","1","선거공보","선거공보","candidate-doc:100162254:1","false","","false","","","current_unavailable_official_source","선거공보||||||0||HEIGHT||Y||||00","Current official API returned no downloadable PDF path."
"420260603-중구-100162254-2-선거공약서","제9회 전국동시지방선거","420260603","구·시·군의 장선거","4","중구","최진봉","100162254","국민의힘","200","2","중구청장","동의대학교 대학원 정치외교학과 박사과정 수료","2","선거공약서","선거공약서","candidate-doc:100162254:2","false","","false","","","current_unavailable_official_source","선거공약서||||||0||HEIGHT||Y||||00","Current official API returned no downloadable PDF path."
"420260603-서구-100157569-2-선거공약서","제9회 전국동시지방선거","420260603","구·시·군의 장선거","4","서구","황정재","100157569","더불어민주당","100","1","서구의회 부의장","동아대학교 경영대학원 경영학 석사","2","선거공약서","선거공약서","candidate-doc:100157569:2","false","","false","","","current_unavailable_official_source","선거공약서||||||0||HEIGHT||Y||||00","Current official API returned no downloadable PDF path."
"420260603-서구-100160476-2-선거공약서","제9회 전국동시지방선거","420260603","구·시·군의 장선거","4","서구","공한수","100160476","국민의힘","200","2","서구청장","동아대학교 대학원 정치학과 정치학석사","2","선거공약서","선거공약서","candidate-doc:100160476:2","false","","false","","","current_unavailable_official_source","선거공약서||||||0||HEIGHT||Y||||00","Current official API returned no downloadable PDF path."
"420260603-동구-100154786-2-선거공약서","제9회 전국동시지방선거","420260603","구·시·군의 장선거","4","동구","김종우","100154786","더불어민주당","100","1","정당인","대구대학교 사회과학대학 사회복지학과 졸업","2","선거공약서","선거공약서","candidate-doc:100154786:2","false","","false","","","current_unavailable_official_source","선거공약서||||||0||HEIGHT||Y||||00","Current official API returned no downloadable PDF path."
"420260603-동구-100161624-2-선거공약서","제9회 전국동시지방선거","420260603","구·시·군의 장선거","4","동구","강철호","100161624","국민의힘","200","2","부산광역시의회의원","한국해양대학교 해운항만물류학과 항만물류관리전공 졸업(물류학석사)","2","선거공약서","선거공약서","candidate-doc:100161624:2","false","","false","","","current_unavailable_official_source","선거공약서||||||0||HEIGHT||Y||||00","Current official API returned no downloadable PDF path."
"420260603-영도구-100154799-2-선거공약서","제9회 전국동시지방선거","420260603","구·시·군의 장선거","4","영도구","김철훈","100154799","더불어민주당","100","1","정당인","한국해양대학교 대학원 해양문화콘텐츠융복합과정 박사과정 수료","2","선거공약서","선거공약서","candidate-doc:100154799:2","false","","false","","","current_unavailable_official_source","선거공약서||||||0||HEIGHT||Y||||00","Current official API returned no downloadable PDF path."
"420260603-영도구-100161385-2-선거공약서","제9회 전국동시지방선거","420260603","구·시·군의 장선거","4","영도구","안성민","100161385","국민의힘","200","2","정당인","부산대학교 법학과 졸업","2","선거공약서","선거공약서","candidate-doc:100161385:2","false","","false","","","current_unavailable_official_source","선거공약서||||||0||HEIGHT||Y||||00","Current official API returned no downloadable PDF path."
"420260603-영도구-100162974-2-선거공약서","제9회 전국동시지방선거","420260603","구·시·군의 장선거","4","영도구","김기재","100162974","무소속","9999","5","영도구청장","신라대학교 경영학과 졸업","2","선거공약서","선거공약서","candidate-doc:100162974:2","false","","false","","","current_unavailable_official_source","선거공약서||||||0||HEIGHT||Y||||00","Current official API returned no downloadable PDF path."
"420260603-부산진구-100154165-2-선거공약서","제9회 전국동시지방선거","420260603","구·시·군의 장선거","4","부산진구","서은숙","100154165","더불어민주당","100","1","정당인","부산대학교 국민윤리학과 박사과정 수료","2","선거공약서","선거공약서","candidate-doc:100154165:2","false","","false","","","current_unavailable_official_source","선거공약서||||||0||HEIGHT||Y||||00","Current official API returned no downloadable PDF path."
"420260603-부산진구-100162205-2-선거공약서","제9회 전국동시지방선거","420260603","구·시·군의 장선거","4","부산진구","김영욱","100162205","국민의힘","200","2","정당인","한국해양대학교 대학원 통상행정학과 박사과정 수료","2","선거공약서","선거공약서","candidate-doc:100162205:2","false","","false","","","current_unavailable_official_source","선거공약서||||||0||HEIGHT||Y||||00","Current official API returned no downloadable PDF path."
"420260603-동래구-100160999-2-선거공약서","제9회 전국동시지방선거","420260603","구·시·군의 장선거","4","동래구","탁영일","100160999","더불어민주당","100","1","동래구의회의원","부경대학교 글로벌정책대학원 신문방송학 석사 졸업","2","선거공약서","선거공약서","candidate-doc:100160999:2","false","","false","","","current_unavailable_official_source","선거공약서||||||0||HEIGHT||Y||||00","Current official API returned no downloadable PDF path."
"420260603-남구-100154429-2-선거공약서","제9회 전국동시지방선거","420260603","구·시·군의 장선거","4","남구","박재범","100154429","더불어민주당","100","1","정당인","부경대학교 기계조선융합공학과 졸업","2","선거공약서","선거공약서","candidate-doc:100154429:2","false","","false","","","current_unavailable_official_source","선거공약서||||||0||HEIGHT||Y||||00","Current official API returned no downloadable PDF path."
"420260603-남구-100156672-2-선거공약서","제9회 전국동시지방선거","420260603","구·시·군의 장선거","4","남구","김광명","100156672","국민의힘","200","2","정당인","부경대학교 국제대학원 정치언론학과 졸업(정치학석사)","2","선거공약서","선거공약서","candidate-doc:100156672:2","false","","false","","","current_unavailable_official_source","선거공약서||||||0||HEIGHT||Y||||00","Current official API returned no downloadable PDF path."
"420260603-북구-100156818-2-선거공약서","제9회 전국동시지방선거","420260603","구·시·군의 장선거","4","북구","정명희","100156818","더불어민주당","100","1","정당인","부산대학교 약학대학 제약학과 졸업","2","선거공약서","선거공약서","candidate-doc:100156818:2","false","","false","","","current_unavailable_official_source","선거공약서||||||0||HEIGHT||Y||||00","Current official API returned no downloadable PDF path."
"420260603-북구-100162619-2-선거공약서","제9회 전국동시지방선거","420260603","구·시·군의 장선거","4","북구","오태원","100162619","국민의힘","200","2","북구청장","동아대학교 대학원 건축공학과 졸업(공학석사)","2","선거공약서","선거공약서","candidate-doc:100162619:2","false","","false","","","current_unavailable_official_source","선거공약서||||||0||HEIGHT||Y||||00","Current official API returned no downloadable PDF path."
"420260603-해운대구-100158453-2-선거공약서","제9회 전국동시지방선거","420260603","구·시·군의 장선거","4","해운대구","홍순헌","100158453","더불어민주당","100","1","정당인","동아대학교 대학원 토목공학과 박사과정 졸업(공학박사)","2","선거공약서","선거공약서","candidate-doc:100158453:2","false","","false","","","current_unavailable_official_source","선거공약서||||||0||HEIGHT||Y||||00","Current official API returned no downloadable PDF path."
"420260603-해운대구-100161620-2-선거공약서","제9회 전국동시지방선거","420260603","구·시·군의 장선거","4","해운대구","김성수","100161620","국민의힘","200","2","해운대구청장","부산대학교 행정대학원 졸업(행정학 석사)","2","선거공약서","선거공약서","candidate-doc:100161620:2","false","","false","","","current_unavailable_official_source","선거공약서||||||0||HEIGHT||Y||||00","Current official API returned no downloadable PDF path."
"420260603-사하구-100154670-2-선거공약서","제9회 전국동시지방선거","420260603","구·시·군의 장선거","4","사하구","김태석","100154670","더불어민주당","100","1","정당인","미국 위스콘신주립대학교 공공정책·행정석사졸업(1990.9~1992.5)","2","선거공약서","선거공약서","candidate-doc:100154670:2","false","","false","","","current_unavailable_official_source","선거공약서||||||0||HEIGHT||Y||||00","Current official API returned no downloadable PDF path."
"420260603-사하구-100157797-2-선거공약서","제9회 전국동시지방선거","420260603","구·시·군의 장선거","4","사하구","김척수","100157797","국민의힘","200","2","(주)부산선박 전무이사","동아대학교 대학원 행정학과 졸업(행정학박사)","2","선거공약서","선거공약서","candidate-doc:100157797:2","false","","false","","","current_unavailable_official_source","선거공약서||||||0||HEIGHT||Y||||00","Current official API returned no downloadable PDF path."
"420260603-금정구-100155373-2-선거공약서","제9회 전국동시지방선거","420260603","구·시·군의 장선거","4","금정구","김경지","100155373","더불어민주당","100","1","변호사","한국개발연구원 국제정책대학원 졸업 (정책학석사)","2","선거공약서","선거공약서","candidate-doc:100155373:2","false","","false","","","current_unavailable_official_source","선거공약서||||||0||HEIGHT||Y||||00","Current official API returned no downloadable PDF path."
"420260603-금정구-100162407-2-선거공약서","제9회 전국동시지방선거","420260603","구·시·군의 장선거","4","금정구","박용찬","100162407","조국혁신당","5077","3","정당인","서강대학교 법학 박사(헌법전공)","2","선거공약서","선거공약서","candidate-doc:100162407:2","false","","false","","","current_unavailable_official_source","선거공약서||||||0||HEIGHT||Y||||00","Current official API returned no downloadable PDF path."
"420260603-금정구-100158700-2-선거공약서","제9회 전국동시지방선거","420260603","구·시·군의 장선거","4","금정구","최봉환","100158700","개혁신당","5070","4","금정구의회의원","국립한국해양대학교 경제산업학부 졸업","2","선거공약서","선거공약서","candidate-doc:100158700:2","false","","false","","","current_unavailable_official_source","선거공약서||||||0||HEIGHT||Y||||00","Current official API returned no downloadable PDF path."
"420260603-강서구-100156803-2-선거공약서","제9회 전국동시지방선거","420260603","구·시·군의 장선거","4","강서구","박상준","100156803","더불어민주당","100","1","제9대 부산광역시 강서구의회의원","부산대학교 대학원 법학과 박사과정 재학중","2","선거공약서","선거공약서","candidate-doc:100156803:2","false","","false","","","current_unavailable_official_source","선거공약서||||||0||HEIGHT||Y||||00","Current official API returned no downloadable PDF path."
"420260603-강서구-100161550-2-선거공약서","제9회 전국동시지방선거","420260603","구·시·군의 장선거","4","강서구","김형찬","100161550","국민의힘","200","2","강서구청장","한양대학교 공과대학 건축학과 졸업","2","선거공약서","선거공약서","candidate-doc:100161550:2","false","","false","","","current_unavailable_official_source","선거공약서||||||0||HEIGHT||Y||||00","Current official API returned no downloadable PDF path."
"420260603-연제구-100161507-2-선거공약서","제9회 전국동시지방선거","420260603","구·시·군의 장선거","4","연제구","주석수","100161507","국민의힘","200","2","연제구청장","부산대학교 행정대학원 행정학 석사","2","선거공약서","선거공약서","candidate-doc:100161507:2","false","","false","","","current_unavailable_official_source","선거공약서||||||0||HEIGHT||Y||||00","Current official API returned no downloadable PDF path."
"420260603-연제구-100154415-2-선거공약서","제9회 전국동시지방선거","420260603","구·시·군의 장선거","4","연제구","노정현","100154415","진보당","5010","5","정당인","부산대학교 상과대학 경영학부 졸업","2","선거공약서","선거공약서","candidate-doc:100154415:2","false","","false","","","current_unavailable_official_source","선거공약서||||||0||HEIGHT||Y||||00","Current official API returned no downloadable PDF path."
"420260603-수영구-100154466-2-선거공약서","제9회 전국동시지방선거","420260603","구·시·군의 장선거","4","수영구","김진","100154466","더불어민주당","100","1","구의원","부산대학교 대학원 심리학과 졸업(문학석사)","2","선거공약서","선거공약서","candidate-doc:100154466:2","false","","false","","","current_unavailable_official_source","선거공약서||||||0||HEIGHT||Y||||00","Current official API returned no downloadable PDF path."
"420260603-수영구-100160995-2-선거공약서","제9회 전국동시지방선거","420260603","구·시·군의 장선거","4","수영구","강성태","100160995","국민의힘","200","2","수영구청장","한양대학교 행정대학원 졸업(행정학석사)","2","선거공약서","선거공약서","candidate-doc:100160995:2","false","","false","","","current_unavailable_official_source","선거공약서||||||0||HEIGHT||Y||||00","Current official API returned no downloadable PDF path."
"420260603-수영구-100154671-2-선거공약서","제9회 전국동시지방선거","420260603","구·시·군의 장선거","4","수영구","황진수","100154671","무소속","9999","5","사단법인 수영발전협의회 회장","부경대학교 국제대학원 정치언론학과 졸업(정치학 석사)","2","선거공약서","선거공약서","candidate-doc:100154671:2","false","","false","","","current_unavailable_official_source","선거공약서||||||0||HEIGHT||Y||||00","Current official API returned no downloadable PDF path."
"420260603-사상구-100154522-2-선거공약서","제9회 전국동시지방선거","420260603","구·시·군의 장선거","4","사상구","서태경","100154522","더불어민주당","100","1","정당인","중앙대학교 사회과학대학 상경학부 졸업(경영학전공)","2","선거공약서","선거공약서","candidate-doc:100154522:2","false","","false","","","current_unavailable_official_source","선거공약서||||||0||HEIGHT||Y||||00","Current official API returned no downloadable PDF path."
"420260603-사상구-100157758-2-선거공약서","제9회 전국동시지방선거","420260603","구·시·군의 장선거","4","사상구","이대훈","100157758","국민의힘","200","2","정당인","고려대학교 정책대학원 글로벌정치학과 졸업(정치학석사)","2","선거공약서","선거공약서","candidate-doc:100157758:2","false","","false","","","current_unavailable_official_source","선거공약서||||||0||HEIGHT||Y||||00","Current official API returned no downloadable PDF path."
"420260603-사상구-100163162-2-선거공약서","제9회 전국동시지방선거","420260603","구·시·군의 장선거","4","사상구","조병길","100163162","무소속","9999","5","사상구청장","부산개방대학 건축공학과 졸업(현 부경대학교)","2","선거공약서","선거공약서","candidate-doc:100163162:2","false","","false","","","current_unavailable_official_source","선거공약서||||||0||HEIGHT||Y||||00","Current official API returned no downloadable PDF path."
"420260603-기장군-100159468-2-선거공약서","제9회 전국동시지방선거","420260603","구·시·군의 장선거","4","기장군","우성빈","100159468","더불어민주당","100","1","정당인","부산대학교 행정대학원 행정학석사","2","선거공약서","선거공약서","candidate-doc:100159468:2","false","","false","","","current_unavailable_official_source","선거공약서||||||0||HEIGHT||Y||||00","Current official API returned no downloadable PDF path."
"420260603-기장군-100159508-2-선거공약서","제9회 전국동시지방선거","420260603","구·시·군의 장선거","4","기장군","정명시","100159508","국민의힘","200","2","학교법인동래학원 이사","영산대학교대학원 졸업(부동산학박사)","2","선거공약서","선거공약서","candidate-doc:100159508:2","false","","false","","","current_unavailable_official_source","선거공약서||||||0||HEIGHT||Y||||00","Current official API returned no downloadable PDF path."
"420260603-기장군-100159959-2-선거공약서","제9회 전국동시지방선거","420260603","구·시·군의 장선거","4","기장군","정진백","100159959","조국혁신당","5077","3","정당인","부산대학교대학원 법학박사","2","선거공약서","선거공약서","candidate-doc:100159959:2","false","","false","","","current_unavailable_official_source","선거공약서||||||0||HEIGHT||Y||||00","Current official API returned no downloadable PDF path."
"420260603-기장군-100161285-2-선거공약서","제9회 전국동시지방선거","420260603","구·시·군의 장선거","4","기장군","김쌍우","100161285","무소속","9999","5","정치인","부산대학교 국어국문학과 졸업","2","선거공약서","선거공약서","candidate-doc:100161285:2","false","","false","","","current_unavailable_official_source","선거공약서||||||0||HEIGHT||Y||||00","Current official API returned no downloadable PDF path."
"420260603-중구-100161033-2-선거공약서","제9회 전국동시지방선거","420260603","구·시·군의 장선거","4","중구","오영준","100161033","더불어민주당","100","1","정당인","경북대학교 사회과학대학 신문방송학과 졸업","2","선거공약서","선거공약서","candidate-doc:100161033:2","false","","false","","","current_unavailable_official_source","선거공약서||||||0||HEIGHT||Y||||00","Current official API returned no downloadable PDF path."
"420260603-중구-100160346-2-선거공약서","제9회 전국동시지방선거","420260603","구·시·군의 장선거","4","중구","류규하","100160346","국민의힘","200","2","중구청장","영남대학교 약학대학 제약학과 졸업","2","선거공약서","선거공약서","candidate-doc:100160346:2","false","","false","","","current_unavailable_official_source","선거공약서||||||0||HEIGHT||Y||||00","Current official API returned no downloadable PDF path."
"420260603-동구-100157119-2-선거공약서","제9회 전국동시지방선거","420260603","구·시·군의 장선거","4","동구","신효철","100157119","더불어민주당","100","1","정당인","경북대학교 행정대학원 정책.도시전공 졸업(행정학석사)","2","선거공약서","선거공약서","candidate-doc:100157119:2","false","","false","","","current_unavailable_official_source","선거공약서||||||0||HEIGHT||Y||||00","Current official API returned no downloadable PDF path."
"420260603-동구-100155802-2-선거공약서","제9회 전국동시지방선거","420260603","구·시·군의 장선거","4","동구","우성진","100155802","국민의힘","200","2","세부상사 대표","영남대학교 대학원 사회학과 졸업(사회학박사)","2","선거공약서","선거공약서","candidate-doc:100155802:2","false","","false","","","current_unavailable_official_source","선거공약서||||||0||HEIGHT||Y||||00","Current official API returned no downloadable PDF path."
"420260603-동구-100162027-2-선거공약서","제9회 전국동시지방선거","420260603","구·시·군의 장선거","4","동구","양희","100162027","정의당","730","5","정당인","대구대학교 사회과학대학 산업복지학과 졸업","2","선거공약서","선거공약서","candidate-doc:100162027:2","false","","false","","","current_unavailable_official_source","선거공약서||||||0||HEIGHT||Y||||00","Current official API returned no downloadable PDF path."
"420260603-서구-100156133-2-선거공약서","제9회 전국동시지방선거","420260603","구·시·군의 장선거","4","서구","최규식","100156133","더불어민주당","100","1","정당인","영남대학교 화학공학과 졸업","2","선거공약서","선거공약서","candidate-doc:100156133:2","false","","false","","","current_unavailable_official_source","선거공약서||||||0||HEIGHT||Y||||00","Current official API returned no downloadable PDF path."
"420260603-서구-100154194-2-선거공약서","제9회 전국동시지방선거","420260603","구·시·군의 장선거","4","서구","권오상","100154194","국민의힘","200","2","정당인","영남대학교 경영행정대학원 졸업(사회복지학석사)","2","선거공약서","선거공약서","candidate-doc:100154194:2","false","","false","","","current_unavailable_official_source","선거공약서||||||0||HEIGHT||Y||||00","Current official API returned no downloadable PDF path."
"420260603-남구-100157868-2-선거공약서","제9회 전국동시지방선거","420260603","구·시·군의 장선거","4","남구","정연우","100157868","더불어민주당","100","1","정당인","서울대학교 사회학과 졸업","2","선거공약서","선거공약서","candidate-doc:100157868:2","false","","false","","","current_unavailable_official_source","선거공약서||||||0||HEIGHT||Y||||00","Current official API returned no downloadable PDF path."
"420260603-남구-100163053-2-선거공약서","제9회 전국동시지방선거","420260603","구·시·군의 장선거","4","남구","조재구","100163053","국민의힘","200","2","대구광역시 남구청장","영남대학교 경영대학원 졸업 (경영학석사)","2","선거공약서","선거공약서","candidate-doc:100163053:2","false","","false","","","current_unavailable_official_source","선거공약서||||||0||HEIGHT||Y||||00","Current official API returned no downloadable PDF path."
"420260603-북구-100157985-2-선거공약서","제9회 전국동시지방선거","420260603","구·시·군의 장선거","4","북구","최우영","100157985","더불어민주당","100","1","북구의원","계명대학교 정책대학원 졸업 (행정학석사)","2","선거공약서","선거공약서","candidate-doc:100157985:2","false","","false","","","current_unavailable_official_source","선거공약서||||||0||HEIGHT||Y||||00","Current official API returned no downloadable PDF path."
"420260603-북구-100154405-2-선거공약서","제9회 전국동시지방선거","420260603","구·시·군의 장선거","4","북구","이근수","100154405","국민의힘","200","2","무직","영남대학교 정치행정대학 행정학과 졸업","2","선거공약서","선거공약서","candidate-doc:100154405:2","false","","false","","","current_unavailable_official_source","선거공약서||||||0||HEIGHT||Y||||00","Current official API returned no downloadable PDF path."
"420260603-수성구-100155160-2-선거공약서","제9회 전국동시지방선거","420260603","구·시·군의 장선거","4","수성구","박정권","100155160","더불어민주당","100","1","정당인","계명대학교 경영대학원 경영학석사 (관광경영학전공)","2","선거공약서","선거공약서","candidate-doc:100155160:2","false","","false","","","current_unavailable_official_source","선거공약서||||||0||HEIGHT||Y||||00","Current official API returned no downloadable PDF path."
"420260603-수성구-100160089-2-선거공약서","제9회 전국동시지방선거","420260603","구·시·군의 장선거","4","수성구","김대권","100160089","국민의힘","200","2","수성구청장","캘리포니아웨스턴로스쿨 비교법학 석사과정 졸업(비교법 법학석사)(2002.01-2002.08)","2","선거공약서","선거공약서","candidate-doc:100160089:2","false","","false","","","current_unavailable_official_source","선거공약서||||||0||HEIGHT||Y||||00","Current official API returned no downloadable PDF path."
"420260603-달서구-100154833-2-선거공약서","제9회 전국동시지방선거","420260603","구·시·군의 장선거","4","달서구","김성태","100154833","더불어민주당","100","1","정당인","계명대학교 일반대학원 행정학과 박사과정 수료","2","선거공약서","선거공약서","candidate-doc:100154833:2","false","","false","","","current_unavailable_official_source","선거공약서||||||0||HEIGHT||Y||||00","Current official API returned no downloadable PDF path."
"420260603-달서구-100155317-2-선거공약서","제9회 전국동시지방선거","420260603","구·시·군의 장선거","4","달서구","김용판","100155317","국민의힘","200","2","정당인","한양대학교 행정대학원 졸업(법학석사)","2","선거공약서","선거공약서","candidate-doc:100155317:2","false","","false","","","current_unavailable_official_source","선거공약서||||||0||HEIGHT||Y||||00","Current official API returned no downloadable PDF path."
"420260603-달서구-100163927-2-선거공약서","제9회 전국동시지방선거","420260603","구·시·군의 장선거","4","달서구","김재흥","100163927","무소속","9999","5","할랄코리아 대표","도쿄대학교 응용생명화학전공 박사 93.4~96.3","2","선거공약서","선거공약서","candidate-doc:100163927:2","false","","false","","","current_unavailable_official_source","선거공약서||||||0||HEIGHT||Y||||00","Current official API returned no downloadable PDF path."
"420260603-달성군-100160034-2-선거공약서","제9회 전국동시지방선거","420260603","구·시·군의 장선거","4","달성군","김보경","100160034","더불어민주당","100","1","정당인","영남대학교행정대학원사회복지학과졸업","2","선거공약서","선거공약서","candidate-doc:100160034:2","false","","false","","","current_unavailable_official_source","선거공약서||||||0||HEIGHT||Y||||00","Current official API returned no downloadable PDF path."
"420260603-달성군-100163666-2-선거공약서","제9회 전국동시지방선거","420260603","구·시·군의 장선거","4","달성군","최재훈","100163666","국민의힘","200","2","달성군수","서울대학교 사회복지학과 졸업","2","선거공약서","선거공약서","candidate-doc:100163666:2","false","","false","","","current_unavailable_official_source","선거공약서||||||0||HEIGHT||Y||||00","Current official API returned no downloadable PDF path."
"420260603-군위군-100163558-2-선거공약서","제9회 전국동시지방선거","420260603","구·시·군의 장선거","4","군위군","이기만","100163558","더불어민주당","100","1","정당인","위덕대학교 경영학과 재학중","2","선거공약서","선거공약서","candidate-doc:100163558:2","false","","false","","","current_unavailable_official_source","선거공약서||||||0||HEIGHT||Y||||00","Current official API returned no downloadable PDF path."
"420260603-군위군-100162112-2-선거공약서","제9회 전국동시지방선거","420260603","구·시·군의 장선거","4","군위군","김진열","100162112","국민의힘","200","2","군위군수","진주산업대학교(현 경상국립대학교) 산업대학원 동물생명과학과 졸업(농학석사)","2","선거공약서","선거공약서","candidate-doc:100162112:2","false","","false","","","current_unavailable_official_source","선거공약서||||||0||HEIGHT||Y||||00","Current official API returned no downloadable PDF path."
"420260603-강화군-100159384-2-선거공약서","제9회 전국동시지방선거","420260603","구·시·군의 장선거","4","강화군","한연희","100159384","더불어민주당","100","1","행정사","경기대학교 행정대학원 졸업(행정학석사)","2","선거공약서","선거공약서","candidate-doc:100159384:2","false","","false","","","current_unavailable_official_source","선거공약서||||||0||HEIGHT||Y||||00","Current official API returned no downloadable PDF path."
"420260603-강화군-100163321-2-선거공약서","제9회 전국동시지방선거","420260603","구·시·군의 장선거","4","강화군","문경신","100163321","무소속","9999","5","회사원","인하대학교대학원 졸업(도시계획학석사)","2","선거공약서","선거공약서","candidate-doc:100163321:2","false","","false","","","current_unavailable_official_source","선거공약서||||||0||HEIGHT||Y||||00","Current official API returned no downloadable PDF path."
"420260603-옹진군-100160566-2-선거공약서","제9회 전국동시지방선거","420260603","구·시·군의 장선거","4","옹진군","장정민","100160566","더불어민주당","100","1","정당인","연세대학교 행정대학원 졸업(정책학석사)","2","선거공약서","선거공약서","candidate-doc:100160566:2","false","","false","","","current_unavailable_official_source","선거공약서||||||0||HEIGHT||Y||||00","Current official API returned no downloadable PDF path."
"420260603-옹진군-100162743-2-선거공약서","제9회 전국동시지방선거","420260603","구·시·군의 장선거","4","옹진군","문경복","100162743","국민의힘","200","2","공무원(옹진군수)","인하대학교 대학원졸업(도시계획학석사)","2","선거공약서","선거공약서","candidate-doc:100162743:2","false","","false","","","current_unavailable_official_source","선거공약서||||||0||HEIGHT||Y||||00","Current official API returned no downloadable PDF path."
"420260603-제물포구-100157497-2-선거공약서","제9회 전국동시지방선거","420260603","구·시·군의 장선거","4","제물포구","남궁형","100157497","더불어민주당","100","1","단국대학교 초빙교수","인천대학교 행정대학원 졸업","2","선거공약서","선거공약서","candidate-doc:100157497:2","false","","false","","","current_unavailable_official_source","선거공약서||||||0||HEIGHT||Y||||00","Current official API returned no downloadable PDF path."
"420260603-제물포구-100162900-2-선거공약서","제9회 전국동시지방선거","420260603","구·시·군의 장선거","4","제물포구","김찬진","100162900","국민의힘","200","2","인천광역시 동구청장","조선대학교 대학원 졸업(치의학 박사)","2","선거공약서","선거공약서","candidate-doc:100162900:2","false","","false","","","current_unavailable_official_source","선거공약서||||||0||HEIGHT||Y||||00","Current official API returned no downloadable PDF path."
"420260603-영종구-100157153-2-선거공약서","제9회 전국동시지방선거","420260603","구·시·군의 장선거","4","영종구","손화정","100157153","더불어민주당","100","1","정당인","연세대학교 법과대학 법학과 졸업","2","선거공약서","선거공약서","candidate-doc:100157153:2","false","","false","","","current_unavailable_official_source","선거공약서||||||0||HEIGHT||Y||||00","Current official API returned no downloadable PDF path."
"420260603-영종구-100162238-2-선거공약서","제9회 전국동시지방선거","420260603","구·시·군의 장선거","4","영종구","김정헌","100162238","국민의힘","200","2","정치인","인하대학교 법정대학 정치외교학과 졸업(정치학사)","2","선거공약서","선거공약서","candidate-doc:100162238:2","false","","false","","","current_unavailable_official_source","선거공약서||||||0||HEIGHT||Y||||00","Current official API returned no downloadable PDF path."
"420260603-영종구-100158290-2-선거공약서","제9회 전국동시지방선거","420260603","구·시·군의 장선거","4","영종구","안광호","100158290","조국혁신당","5077","3","정당인","인천고등학교 졸업","2","선거공약서","선거공약서","candidate-doc:100158290:2","false","","false","","","current_unavailable_official_source","선거공약서||||||0||HEIGHT||Y||||00","Current official API returned no downloadable PDF path."
"420260603-미추홀구-100156594-2-선거공약서","제9회 전국동시지방선거","420260603","구·시·군의 장선거","4","미추홀구","김정식","100156594","더불어민주당","100","1","정당인","인하대학교 정책대학원 행정학과 졸업(행정학석사)","2","선거공약서","선거공약서","candidate-doc:100156594:2","false","","false","","","current_unavailable_official_source","선거공약서||||||0||HEIGHT||Y||||00","Current official API returned no downloadable PDF path."
"420260603-미추홀구-100163246-2-선거공약서","제9회 전국동시지방선거","420260603","구·시·군의 장선거","4","미추홀구","이영훈","100163246","국민의힘","200","2","미추홀구청장","인하대학교 정책대학원 행정학과 졸업(행정학석사)","2","선거공약서","선거공약서","candidate-doc:100163246:2","false","","false","","","current_unavailable_official_source","선거공약서||||||0||HEIGHT||Y||||00","Current official API returned no downloadable PDF path."
"420260603-연수구-100156526-2-선거공약서","제9회 전국동시지방선거","420260603","구·시·군의 장선거","4","연수구","정지열","100156526","더불어민주당","100","1","정당인","한양대학교 공과대학 기계공학과 졸업","2","선거공약서","선거공약서","candidate-doc:100156526:2","false","","false","","","current_unavailable_official_source","선거공약서||||||0||HEIGHT||Y||||00","Current official API returned no downloadable PDF path."
"420260603-연수구-100163000-2-선거공약서","제9회 전국동시지방선거","420260603","구·시·군의 장선거","4","연수구","이재호","100163000","국민의힘","200","2","인천광역시 연수구청장","인천대학교 건설환경관리공학과 졸업","2","선거공약서","선거공약서","candidate-doc:100163000:2","false","","false","","","current_unavailable_official_source","선거공약서||||||0||HEIGHT||Y||||00","Current official API returned no downloadable PDF path."
"420260603-남동구-100154310-2-선거공약서","제9회 전국동시지방선거","420260603","구·시·군의 장선거","4","남동구","이병래","100154310","더불어민주당","100","1","정당인","서울대학교 농공학과 졸업","2","선거공약서","선거공약서","candidate-doc:100154310:2","false","","false","","","current_unavailable_official_source","선거공약서||||||0||HEIGHT||Y||||00","Current official API returned no downloadable PDF path."
"420260603-남동구-100163027-2-선거공약서","제9회 전국동시지방선거","420260603","구·시·군의 장선거","4","남동구","박종효","100163027","국민의힘","200","2","남동구청장","인하대학교 행정학과 졸업","2","선거공약서","선거공약서","candidate-doc:100163027:2","false","","false","","","current_unavailable_official_source","선거공약서||||||0||HEIGHT||Y||||00","Current official API returned no downloadable PDF path."
"420260603-부평구-100161436-2-선거공약서","제9회 전국동시지방선거","420260603","구·시·군의 장선거","4","부평구","차준택","100161436","더불어민주당","100","1","부평구청장","고려대학교 불어불문학과 졸업","2","선거공약서","선거공약서","candidate-doc:100161436:2","false","","false","","","current_unavailable_official_source","선거공약서||||||0||HEIGHT||Y||||00","Current official API returned no downloadable PDF path."
"420260603-부평구-100162615-2-선거공약서","제9회 전국동시지방선거","420260603","구·시·군의 장선거","4","부평구","이단비","100162615","국민의힘","200","2","인천광역시의회 의원","성균관대학교 법학전문대학원 법학과 졸업 [법학석사 (J.D.)]","2","선거공약서","선거공약서","candidate-doc:100162615:2","false","","false","","","current_unavailable_official_source","선거공약서||||||0||HEIGHT||Y||||00","Current official API returned no downloadable PDF path."
"420260603-계양구-100157457-2-선거공약서","제9회 전국동시지방선거","420260603","구·시·군의 장선거","4","계양구","박형우","100157457","더불어민주당","100","1","정당인","동양공업전문대학(현 동양미래대학교) 건축과 졸업","2","선거공약서","선거공약서","candidate-doc:100157457:2","false","","false","","","current_unavailable_official_source","선거공약서||||||0||HEIGHT||Y||||00","Current official API returned no downloadable PDF path."
"420260603-계양구-100157587-2-선거공약서","제9회 전국동시지방선거","420260603","구·시·군의 장선거","4","계양구","이병택","100157587","국민의힘","200","2","정당인","인천대학교 대학원 도시계획·정책학과(협동과정) 2년 제적","2","선거공약서","선거공약서","candidate-doc:100157587:2","false","","false","","","current_unavailable_official_source","선거공약서||||||0||HEIGHT||Y||||00","Current official API returned no downloadable PDF path."
"420260603-서구-100158205-2-선거공약서","제9회 전국동시지방선거","420260603","구·시·군의 장선거","4","서구","구재용","100158205","더불어민주당","100","1","정당인","인천대학교대학원 무역학과 박사과정 수료","2","선거공약서","선거공약서","candidate-doc:100158205:2","false","","false","","","current_unavailable_official_source","선거공약서||||||0||HEIGHT||Y||||00","Current official API returned no downloadable PDF path."
"420260603-서구-100163349-2-선거공약서","제9회 전국동시지방선거","420260603","구·시·군의 장선거","4","서구","강범석","100163349","국민의힘","200","2","인천서구청장","인천대학교 동북아물류대학원 졸업(물류학 박사)","2","선거공약서","선거공약서","candidate-doc:100163349:2","false","","false","","","current_unavailable_official_source","선거공약서||||||0||HEIGHT||Y||||00","Current official API returned no downloadable PDF path."
"420260603-서구-100154173-2-선거공약서","제9회 전국동시지방선거","420260603","구·시·군의 장선거","4","서구","김용섭","100154173","무소속","9999","5","시민사회활동가","국민대학교 사회과학대학 사회과학부 정치외교학전공 3학년 제적(2001.3.~2006.5.)","2","선거공약서","선거공약서","candidate-doc:100154173:2","false","","false","","","current_unavailable_official_source","선거공약서||||||0||HEIGHT||Y||||00","Current official API returned no downloadable PDF path."
"420260603-검단구-100154634-2-선거공약서","제9회 전국동시지방선거","420260603","구·시·군의 장선거","4","검단구","김진규","100154634","더불어민주당","100","1","정당인","인하대학교 정책대학원 행정학석사","2","선거공약서","선거공약서","candidate-doc:100154634:2","false","","false","","","current_unavailable_official_source","선거공약서||||||0||HEIGHT||Y||||00","Current official API returned no downloadable PDF path."
"420260603-검단구-100160467-2-선거공약서","제9회 전국동시지방선거","420260603","구·시·군의 장선거","4","검단구","박세훈","100160467","국민의힘","200","2","정치인","경희대학교 언론정보대학원 정치학석사","2","선거공약서","선거공약서","candidate-doc:100160467:2","false","","false","","","current_unavailable_official_source","선거공약서||||||0||HEIGHT||Y||||00","Current official API returned no downloadable PDF path."
"420260603-동구-100158729-2-선거공약서","제9회 전국동시지방선거","420260603","구·시·군의 장선거","4","동구","임택","100158729","더불어민주당","100","1","정무직 공무원","전남대학교 일반대학원 정치학과 박사과정 수료","2","선거공약서","선거공약서","candidate-doc:100158729:2","false","","false","","","current_unavailable_official_source","선거공약서||||||0||HEIGHT||Y||||00","Current official API returned no downloadable PDF path."
"420260603-동구-100162102-2-선거공약서","제9회 전국동시지방선거","420260603","구·시·군의 장선거","4","동구","김성환","100162102","조국혁신당","5077","3","정당인","영국 셰필드대학교 정치학과 졸업(정치학박사) (2000.1.1.~2008.4.9)","2","선거공약서","선거공약서","candidate-doc:100162102:2","false","","false","","","current_unavailable_official_source","선거공약서||||||0||HEIGHT||Y||||00","Current official API returned no downloadable PDF path."
"420260603-서구-100163972-1-선거공보","제9회 전국동시지방선거","420260603","구·시·군의 장선거","4","서구","김이강","100163972","더불어민주당","100","1","서구청장","전남대학교 경영대학원 경영학과 졸업(경영학 석사)","1","선거공보","선거공보","candidate-doc:100163972:1","false","","false","","","current_unavailable_official_source","선거공보||||||0||HEIGHT||Y||||00","Current official API returned no downloadable PDF path."
"420260603-서구-100163972-2-선거공약서","제9회 전국동시지방선거","420260603","구·시·군의 장선거","4","서구","김이강","100163972","더불어민주당","100","1","서구청장","전남대학교 경영대학원 경영학과 졸업(경영학 석사)","2","선거공약서","선거공약서","candidate-doc:100163972:2","false","","false","","","current_unavailable_official_source","선거공약서||||||0||HEIGHT||Y||||00","Current official API returned no downloadable PDF path."
"420260603-서구-100163972-3-5대공약","제9회 전국동시지방선거","420260603","구·시·군의 장선거","4","서구","김이강","100163972","더불어민주당","100","1","서구청장","전남대학교 경영대학원 경영학과 졸업(경영학 석사)","3","5대공약","5대공약","candidate-doc:100163972:3","false","","false","","","current_unavailable_official_source","5대공약||||||0||HEIGHT||Y||||00","Current official API returned no downloadable PDF path."
"420260603-남구-100158111-1-선거공보","제9회 전국동시지방선거","420260603","구·시·군의 장선거","4","남구","김병내","100158111","더불어민주당","100","1","(현) 남구청장","고려대학교 대학원 북한학과 박사과정 수료","1","선거공보","선거공보","candidate-doc:100158111:1","false","","false","","","current_unavailable_official_source","선거공보||||||0||HEIGHT||Y||||00","Current official API returned no downloadable PDF path."
"420260603-남구-100158111-2-선거공약서","제9회 전국동시지방선거","420260603","구·시·군의 장선거","4","남구","김병내","100158111","더불어민주당","100","1","(현) 남구청장","고려대학교 대학원 북한학과 박사과정 수료","2","선거공약서","선거공약서","candidate-doc:100158111:2","false","","false","","","current_unavailable_official_source","선거공약서||||||0||HEIGHT||Y||||00","Current official API returned no downloadable PDF path."
"420260603-남구-100158111-3-5대공약","제9회 전국동시지방선거","420260603","구·시·군의 장선거","4","남구","김병내","100158111","더불어민주당","100","1","(현) 남구청장","고려대학교 대학원 북한학과 박사과정 수료","3","5대공약","5대공약","candidate-doc:100158111:3","false","","false","","","current_unavailable_official_source","5대공약||||||0||HEIGHT||Y||||00","Current official API returned no downloadable PDF path."
"420260603-북구-100158994-2-선거공약서","제9회 전국동시지방선거","420260603","구·시·군의 장선거","4","북구","신수정","100158994","더불어민주당","100","1","정당인","전남대학교 정책대학원 졸업(정책학석사)","2","선거공약서","선거공약서","candidate-doc:100158994:2","false","","false","","","current_unavailable_official_source","선거공약서||||||0||HEIGHT||Y||||00","Current official API returned no downloadable PDF path."
"420260603-북구-100154186-2-선거공약서","제9회 전국동시지방선거","420260603","구·시·군의 장선거","4","북구","김주업","100154186","진보당","5010","5","정당인","전남대학교 행정학과 졸업","2","선거공약서","선거공약서","candidate-doc:100154186:2","false","","false","","","current_unavailable_official_source","선거공약서||||||0||HEIGHT||Y||||00","Current official API returned no downloadable PDF path."
"420260603-북구-100154186-3-5대공약","제9회 전국동시지방선거","420260603","구·시·군의 장선거","4","북구","김주업","100154186","진보당","5010","5","정당인","전남대학교 행정학과 졸업","3","5대공약","5대공약","candidate-doc:100154186:3","false","","false","","","current_unavailable_official_source","5대공약||||||0||HEIGHT||Y||||00","Current official API returned no downloadable PDF path."
"420260603-북구-100164186-2-선거공약서","제9회 전국동시지방선거","420260603","구·시·군의 장선거","4","북구","김성현","100164186","무소속","9999","6","행정사","조선대학교 대학원 행정학과 졸업(행정학박사)","2","선거공약서","선거공약서","candidate-doc:100164186:2","false","","false","","","current_unavailable_official_source","선거공약서||||||0||HEIGHT||Y||||00","Current official API returned no downloadable PDF path."
"420260603-북구-100163450-2-선거공약서","제9회 전국동시지방선거","420260603","구·시·군의 장선거","4","북구","노남수","100163450","무소속","9999","7","광주전남 A.I. 혁신원 대표","전남대학교 정책대학원 졸업(행정학석사)","2","선거공약서","선거공약서","candidate-doc:100163450:2","false","","false","","","current_unavailable_official_source","선거공약서||||||0||HEIGHT||Y||||00","Current official API returned no downloadable PDF path."
"420260603-광산구-100158654-2-선거공약서","제9회 전국동시지방선거","420260603","구·시·군의 장선거","4","광산구","박병규","100158654","더불어민주당","100","1","광산구청장","송원대학 (현 송원대학교) 사회복지과 졸업","2","선거공약서","선거공약서","candidate-doc:100158654:2","false","","false","","","current_unavailable_official_source","선거공약서||||||0||HEIGHT||Y||||00","Current official API returned no downloadable PDF path."
"420260603-광산구-100157865-2-선거공약서","제9회 전국동시지방선거","420260603","구·시·군의 장선거","4","광산구","정희성","100157865","진보당","5010","5","정당인","조선대학교 공과대학 기계공학과 졸업","2","선거공약서","선거공약서","candidate-doc:100157865:2","false","","false","","","current_unavailable_official_source","선거공약서||||||0||HEIGHT||Y||||00","Current official API returned no downloadable PDF path."
"420260603-동구-100154226-2-선거공약서","제9회 전국동시지방선거","420260603","구·시·군의 장선거","4","동구","황인호","100154226","더불어민주당","100","1","정치인","배재대학교 대학원 관광축제문화유산경영학과 졸업(관광축제문화유산경영학 박사)","2","선거공약서","선거공약서","candidate-doc:100154226:2","false","","false","","","current_unavailable_official_source","선거공약서||||||0||HEIGHT||Y||||00","Current official API returned no downloadable PDF path."
"420260603-동구-100162951-2-선거공약서","제9회 전국동시지방선거","420260603","구·시·군의 장선거","4","동구","박희조","100162951","국민의힘","200","2","대전광역시 동구청장","충남대학교 정치외교학과 졸업","2","선거공약서","선거공약서","candidate-doc:100162951:2","false","","false","","","current_unavailable_official_source","선거공약서||||||0||HEIGHT||Y||||00","Current official API returned no downloadable PDF path."
"420260603-동구-100154139-2-선거공약서","제9회 전국동시지방선거","420260603","구·시·군의 장선거","4","동구","한현택","100154139","무소속","9999","5","정치인","대전대학교 행정학과 박사과정 수료","2","선거공약서","선거공약서","candidate-doc:100154139:2","false","","false","","","current_unavailable_official_source","선거공약서||||||0||HEIGHT||Y||||00","Current official API returned no downloadable PDF path."
"420260603-서구-100154033-2-선거공약서","제9회 전국동시지방선거","420260603","구·시·군의 장선거","4","서구","전문학","100154033","더불어민주당","100","1","정당인","충남대학교 평화안보대학원 졸업(국제학석사)","2","선거공약서","선거공약서","candidate-doc:100154033:2","false","","false","","","current_unavailable_official_source","선거공약서||||||0||HEIGHT||Y||||00","Current official API returned no downloadable PDF path."
"420260603-서구-100154367-2-선거공약서","제9회 전국동시지방선거","420260603","구·시·군의 장선거","4","서구","유지곤","100154367","조국혁신당","5077","3","대전미래전략연구소 대표","카이스트 미래전략대학원프로그램 석사 재학","2","선거공약서","선거공약서","candidate-doc:100154367:2","false","","false","","","current_unavailable_official_source","선거공약서||||||0||HEIGHT||Y||||00","Current official API returned no downloadable PDF path."
"420260603-유성구-100162041-2-선거공약서","제9회 전국동시지방선거","420260603","구·시·군의 장선거","4","유성구","조원휘","100162041","국민의힘","200","2","대전광역시의회 의원","대전대학교 일반대학원 사회복지학과 졸업(박사과정)","2","선거공약서","선거공약서","candidate-doc:100162041:2","false","","false","","","current_unavailable_official_source","선거공약서||||||0||HEIGHT||Y||||00","Current official API returned no downloadable PDF path."
"420260603-대덕구-100154870-2-선거공약서","제9회 전국동시지방선거","420260603","구·시·군의 장선거","4","대덕구","김찬술","100154870","더불어민주당","100","1","정당인","대전대학교 경영행정·사회복지대학원 졸업(경영학석사) ","2","선거공약서","선거공약서","candidate-doc:100154870:2","false","","false","","","current_unavailable_official_source","선거공약서||||||0||HEIGHT||Y||||00","Current official API returned no downloadable PDF path."
"420260603-대덕구-100163481-2-선거공약서","제9회 전국동시지방선거","420260603","구·시·군의 장선거","4","대덕구","최충규","100163481","국민의힘","200","2","대덕구청장","성균관대학교 경영대학원 졸업(경영학석사)","2","선거공약서","선거공약서","candidate-doc:100163481:2","false","","false","","","current_unavailable_official_source","선거공약서||||||0||HEIGHT||Y||||00","Current official API returned no downloadable PDF path."
"420260603-대덕구-100163481-3-5대공약","제9회 전국동시지방선거","420260603","구·시·군의 장선거","4","대덕구","최충규","100163481","국민의힘","200","2","대덕구청장","성균관대학교 경영대학원 졸업(경영학석사)","3","5대공약","5대공약","candidate-doc:100163481:3","false","","false","","","current_unavailable_official_source","5대공약||||||0||HEIGHT||Y||||00","Current official API returned no downloadable PDF path."
"420260603-중구-100154185-2-선거공약서","제9회 전국동시지방선거","420260603","구·시·군의 장선거","4","중구","박태완","100154185","더불어민주당","100","1","정치인","영산대학교 경영대학원 경영학 석사","2","선거공약서","선거공약서","candidate-doc:100154185:2","false","","false","","","current_unavailable_official_source","선거공약서||||||0||HEIGHT||Y||||00","Current official API returned no downloadable PDF path."
"420260603-중구-100164128-2-선거공약서","제9회 전국동시지방선거","420260603","구·시·군의 장선거","4","중구","고호근","100164128","무소속","9999","5","정치인","울산대학교 행정학과 졸업","2","선거공약서","선거공약서","candidate-doc:100164128:2","false","","false","","","current_unavailable_official_source","선거공약서||||||0||HEIGHT||Y||||00","Current official API returned no downloadable PDF path."
"420260603-남구-100157140-2-선거공약서","제9회 전국동시지방선거","420260603","구·시·군의 장선거","4","남구","최덕종","100157140","더불어민주당","100","1","남구의회의원","부산대학교 경영학과 졸업","2","선거공약서","선거공약서","candidate-doc:100157140:2","false","","false","","","current_unavailable_official_source","선거공약서||||||0||HEIGHT||Y||||00","Current official API returned no downloadable PDF path."
"420260603-남구-100154806-2-선거공약서","제9회 전국동시지방선거","420260603","구·시·군의 장선거","4","남구","임현철","100154806","국민의힘","200","2","정당인","울산대학교 정책대학원 졸업(행정학 석사)","2","선거공약서","선거공약서","candidate-doc:100154806:2","false","","false","","","current_unavailable_official_source","선거공약서||||||0||HEIGHT||Y||||00","Current official API returned no downloadable PDF path."
"420260603-남구-100162763-2-선거공약서","제9회 전국동시지방선거","420260603","구·시·군의 장선거","4","남구","방인섭","100162763","개혁신당","5070","4","울산광역시의회의원","동국대학교 사회과학대학원 행정학 석사","2","선거공약서","선거공약서","candidate-doc:100162763:2","false","","false","","","current_unavailable_official_source","선거공약서||||||0||HEIGHT||Y||||00","Current official API returned no downloadable PDF path."
"420260603-동구-100158728-2-선거공약서","제9회 전국동시지방선거","420260603","구·시·군의 장선거","4","동구","천기옥","100158728","국민의힘","200","2","정당인","울산대학교 지역개발학과 졸업","2","선거공약서","선거공약서","candidate-doc:100158728:2","false","","false","","","current_unavailable_official_source","선거공약서||||||0||HEIGHT||Y||||00","Current official API returned no downloadable PDF path."
"420260603-동구-100155421-2-선거공약서","제9회 전국동시지방선거","420260603","구·시·군의 장선거","4","동구","박문옥","100155421","진보당","5010","5","울산동구의회의원","울산대학교 사회과학대학 사회학과 졸업","2","선거공약서","선거공약서","candidate-doc:100155421:2","false","","false","","","current_unavailable_official_source","선거공약서||||||0||HEIGHT||Y||||00","Current official API returned no downloadable PDF path."
"420260603-동구-100156531-2-선거공약서","제9회 전국동시지방선거","420260603","구·시·군의 장선거","4","동구","이장우","100156531","노동당","1988","6","울산대학교병원 진단검사의학과 재직중","대구보건전문대학(현 대구보건대학교) 임상병리과 졸업","2","선거공약서","선거공약서","candidate-doc:100156531:2","false","","false","","","current_unavailable_official_source","선거공약서||||||0||HEIGHT||Y||||00","Current official API returned no downloadable PDF path."
"420260603-북구-100154368-2-선거공약서","제9회 전국동시지방선거","420260603","구·시·군의 장선거","4","북구","이동권","100154368","더불어민주당","100","1","행정사","고려대학교 대학원 졸업(법학박사)","2","선거공약서","선거공약서","candidate-doc:100154368:2","false","","false","","","current_unavailable_official_source","선거공약서||||||0||HEIGHT||Y||||00","Current official API returned no downloadable PDF path."
"420260603-북구-100163315-2-선거공약서","제9회 전국동시지방선거","420260603","구·시·군의 장선거","4","북구","박천동","100163315","국민의힘","200","2","울산광역시 북구청장","동의대학교 대학원졸업(경제학 박사)","2","선거공약서","선거공약서","candidate-doc:100163315:2","false","","false","","","current_unavailable_official_source","선거공약서||||||0||HEIGHT||Y||||00","Current official API returned no downloadable PDF path."
"420260603-울주군-100159494-2-선거공약서","제9회 전국동시지방선거","420260603","구·시·군의 장선거","4","울주군","김시욱","100159494","더불어민주당","100","1","울주군의회의원","울산대학교 지구환경시스템공학부 (토목환경공학) 졸업","2","선거공약서","선거공약서","candidate-doc:100159494:2","false","","false","","","current_unavailable_official_source","선거공약서||||||0||HEIGHT||Y||||00","Current official API returned no downloadable PDF path."
"420260603-울주군-100163313-2-선거공약서","제9회 전국동시지방선거","420260603","구·시·군의 장선거","4","울주군","이순걸","100163313","국민의힘","200","2","울주군수","울산대학교 정책대학원 사회복지학석사","2","선거공약서","선거공약서","candidate-doc:100163313:2","false","","false","","","current_unavailable_official_source","선거공약서||||||0||HEIGHT||Y||||00","Current official API returned no downloadable PDF path."
"420260603-수원시-100163860-2-선거공약서","제9회 전국동시지방선거","420260603","구·시·군의 장선거","4","수원시","이재준","100163860","더불어민주당","100","1","수원시장","서울대학교대학원 협동과정 조경학과 졸업(공학박사)","2","선거공약서","선거공약서","candidate-doc:100163860:2","false","","false","","","current_unavailable_official_source","선거공약서||||||0||HEIGHT||Y||||00","Current official API returned no downloadable PDF path."
"420260603-수원시-100162275-2-선거공약서","제9회 전국동시지방선거","420260603","구·시·군의 장선거","4","수원시","정희윤","100162275","개혁신당","5070","4","정당인","광운대학교대학원 건설법무학과 박사과정 휴학","2","선거공약서","선거공약서","candidate-doc:100162275:2","false","","false","","","current_unavailable_official_source","선거공약서||||||0||HEIGHT||Y||||00","Current official API returned no downloadable PDF path."
"420260603-용인시-100156754-2-선거공약서","제9회 전국동시지방선거","420260603","구·시·군의 장선거","4","용인시","현근택","100156754","더불어민주당","100","1","변호사","서울대학교 행정대학원 수료(정책학 석사과정)","2","선거공약서","선거공약서","candidate-doc:100156754:2","false","","false","","","current_unavailable_official_source","선거공약서||||||0||HEIGHT||Y||||00","Current official API returned no downloadable PDF path."
"420260603-용인시-100163609-2-선거공약서","제9회 전국동시지방선거","420260603","구·시·군의 장선거","4","용인시","송창훈","100163609","개혁신당","5070","4","정당인","가천대학교 설비소방공학과 졸업","2","선거공약서","선거공약서","candidate-doc:100163609:2","false","","false","","","current_unavailable_official_source","선거공약서||||||0||HEIGHT||Y||||00","Current official API returned no downloadable PDF path."
"420260603-고양시-100155611-2-선거공약서","제9회 전국동시지방선거","420260603","구·시·군의 장선거","4","고양시","민경선","100155611","더불어민주당","100","1","정당인","서강대학교 경제대학원 졸업(경제학 석사)","2","선거공약서","선거공약서","candidate-doc:100155611:2","false","","false","","","current_unavailable_official_source","선거공약서||||||0||HEIGHT||Y||||00","Current official API returned no downloadable PDF path."
"420260603-고양시-100163639-2-선거공약서","제9회 전국동시지방선거","420260603","구·시·군의 장선거","4","고양시","이동환","100163639","국민의힘","200","2","고양시장","연세대학교 대학원 졸업(공학박사)","2","선거공약서","선거공약서","candidate-doc:100163639:2","false","","false","","","current_unavailable_official_source","선거공약서||||||0||HEIGHT||Y||||00","Current official API returned no downloadable PDF path."
"420260603-고양시-100163143-2-선거공약서","제9회 전국동시지방선거","420260603","구·시·군의 장선거","4","고양시","신현철","100163143","개혁신당","5070","4","제9대고양시의회의원","연세대학교 언론홍보대학원 방송영상전공 졸업(문학석사)","2","선거공약서","선거공약서","candidate-doc:100163143:2","false","","false","","","current_unavailable_official_source","선거공약서||||||0||HEIGHT||Y||||00","Current official API returned no downloadable PDF path."
"420260603-고양시-100156944-2-선거공약서","제9회 전국동시지방선거","420260603","구·시·군의 장선거","4","고양시","송영주","100156944","진보당","5010","5","정당인","성공회대학교 시민사회복지대학원 졸업(사회복지학 석사)","2","선거공약서","선거공약서","candidate-doc:100156944:2","false","","false","","","current_unavailable_official_source","선거공약서||||||0||HEIGHT||Y||||00","Current official API returned no downloadable PDF path."
"420260603-화성시-100160956-2-선거공약서","제9회 전국동시지방선거","420260603","구·시·군의 장선거","4","화성시","정명근","100160956","더불어민주당","100","1","화성특례시장","중국사회과학원 대학원 졸업(국제정치학전공, 2003.09~2005.07 법학석사)","2","선거공약서","선거공약서","candidate-doc:100160956:2","false","","false","","","current_unavailable_official_source","선거공약서||||||0||HEIGHT||Y||||00","Current official API returned no downloadable PDF path."
"420260603-화성시-100156226-2-선거공약서","제9회 전국동시지방선거","420260603","구·시·군의 장선거","4","화성시","박태경","100156226","국민의힘","200","2","정당인","장안전문대학(현 장안대학교)세무회계과 졸업","2","선거공약서","선거공약서","candidate-doc:100156226:2","false","","false","","","current_unavailable_official_source","선거공약서||||||0||HEIGHT||Y||||00","Current official API returned no downloadable PDF path."
"420260603-화성시-100158769-2-선거공약서","제9회 전국동시지방선거","420260603","구·시·군의 장선거","4","화성시","전성균","100158769","개혁신당","5070","4","정당인","한국체육대학교 사회체육학과 졸업","2","선거공약서","선거공약서","candidate-doc:100158769:2","false","","false","","","current_unavailable_official_source","선거공약서||||||0||HEIGHT||Y||||00","Current official API returned no downloadable PDF path."
"420260603-성남시-100157116-2-선거공약서","제9회 전국동시지방선거","420260603","구·시·군의 장선거","4","성남시","장지화","100157116","진보당","5010","5","정당인","성공회대학교 시민평화대학원 졸업 (여성학 석사)","2","선거공약서","선거공약서","candidate-doc:100157116:2","false","","false","","","current_unavailable_official_source","선거공약서||||||0||HEIGHT||Y||||00","Current official API returned no downloadable PDF path."
"420260603-성남시-100157116-3-5대공약","제9회 전국동시지방선거","420260603","구·시·군의 장선거","4","성남시","장지화","100157116","진보당","5010","5","정당인","성공회대학교 시민평화대학원 졸업 (여성학 석사)","3","5대공약","5대공약","candidate-doc:100157116:3","false","","false","","","current_unavailable_official_source","5대공약||||||0||HEIGHT||Y||||00","Current official API returned no downloadable PDF path."
"420260603-부천시-100161476-2-선거공약서","제9회 전국동시지방선거","420260603","구·시·군의 장선거","4","부천시","조용익","100161476","더불어민주당","100","1","부천시장","성균관대학교 법학과 졸업","2","선거공약서","선거공약서","candidate-doc:100161476:2","false","","false","","","current_unavailable_official_source","선거공약서||||||0||HEIGHT||Y||||00","Current official API returned no downloadable PDF path."
"420260603-부천시-100162201-2-선거공약서","제9회 전국동시지방선거","420260603","구·시·군의 장선거","4","부천시","곽내경","100162201","국민의힘","200","2","국민의힘 부천시갑 당협위원장","중앙대학교 교육대학원 석사과정 수료 (평생교육전공)","2","선거공약서","선거공약서","candidate-doc:100162201:2","false","","false","","","current_unavailable_official_source","선거공약서||||||0||HEIGHT||Y||||00","Current official API returned no downloadable PDF path."
"420260603-남양주시-100154668-2-선거공약서","제9회 전국동시지방선거","420260603","구·시·군의 장선거","4","남양주시","최현덕","100154668","더불어민주당","100","1","정당인","고려대학교 행정학과 졸업","2","선거공약서","선거공약서","candidate-doc:100154668:2","false","","false","","","current_unavailable_official_source","선거공약서||||||0||HEIGHT||Y||||00","Current official API returned no downloadable PDF path."
"420260603-남양주시-100163188-2-선거공약서","제9회 전국동시지방선거","420260603","구·시·군의 장선거","4","남양주시","주광덕","100163188","국민의힘","200","2","남양주시장","고려대학교 법학과 졸업","2","선거공약서","선거공약서","candidate-doc:100163188:2","false","","false","","","current_unavailable_official_source","선거공약서||||||0||HEIGHT||Y||||00","Current official API returned no downloadable PDF path."
"420260603-안산시-100154386-2-선거공약서","제9회 전국동시지방선거","420260603","구·시·군의 장선거","4","안산시","천영미","100154386","더불어민주당","100","1","정당인","강남대학교 사회복지전문대학원 사회복지학과 졸업(사회복지학석사)","2","선거공약서","선거공약서","candidate-doc:100154386:2","false","","false","","","current_unavailable_official_source","선거공약서||||||0||HEIGHT||Y||||00","Current official API returned no downloadable PDF path."
"420260603-평택시-100162688-1-선거공보","제9회 전국동시지방선거","420260603","구·시·군의 장선거","4","평택시","차화열","100162688","국민의힘","200","2","정당인","아주대학교 공공정책대학원 졸업(행정학석사)","1","선거공보","선거공보","candidate-doc:100162688:1","false","","false","","","current_unavailable_official_source","선거공보||||||0||HEIGHT||Y||||00","Current official API returned no downloadable PDF path."
"420260603-평택시-100162688-2-선거공약서","제9회 전국동시지방선거","420260603","구·시·군의 장선거","4","평택시","차화열","100162688","국민의힘","200","2","정당인","아주대학교 공공정책대학원 졸업(행정학석사)","2","선거공약서","선거공약서","candidate-doc:100162688:2","false","","false","","","current_unavailable_official_source","선거공약서||||||0||HEIGHT||Y||||00","Current official API returned no downloadable PDF path."
"420260603-안양시-100161957-2-선거공약서","제9회 전국동시지방선거","420260603","구·시·군의 장선거","4","안양시","최대호","100161957","더불어민주당","100","1","안양시장","고려대학교 대학원 졸업(교육학박사)","2","선거공약서","선거공약서","candidate-doc:100161957:2","false","","false","","","current_unavailable_official_source","선거공약서||||||0||HEIGHT||Y||||00","Current official API returned no downloadable PDF path."
"420260603-안양시-100155153-2-선거공약서","제9회 전국동시지방선거","420260603","구·시·군의 장선거","4","안양시","김대영","100155153","국민의힘","200","2","기업인","한양대학교 공공정책대학원 졸업(행정학석사(지역거버넌스))","2","선거공약서","선거공약서","candidate-doc:100155153:2","false","","false","","","current_unavailable_official_source","선거공약서||||||0||HEIGHT||Y||||00","Current official API returned no downloadable PDF path."
"420260603-시흥시-100161693-1-선거공보","제9회 전국동시지방선거","420260603","구·시·군의 장선거","4","시흥시","임병택","100161693","더불어민주당","100","1","시흥시장","전남대학교 법학과 졸업","1","선거공보","선거공보","candidate-doc:100161693:1","false","","false","","","current_unavailable_official_source","선거공보||||||0||HEIGHT||Y||||00","Current official API returned no downloadable PDF path."
"420260603-시흥시-100161693-2-선거공약서","제9회 전국동시지방선거","420260603","구·시·군의 장선거","4","시흥시","임병택","100161693","더불어민주당","100","1","시흥시장","전남대학교 법학과 졸업","2","선거공약서","선거공약서","candidate-doc:100161693:2","false","","false","","","current_unavailable_official_source","선거공약서||||||0||HEIGHT||Y||||00","Current official API returned no downloadable PDF path."
"420260603-시흥시-100161693-3-5대공약","제9회 전국동시지방선거","420260603","구·시·군의 장선거","4","시흥시","임병택","100161693","더불어민주당","100","1","시흥시장","전남대학교 법학과 졸업","3","5대공약","5대공약","candidate-doc:100161693:3","false","","false","","","current_unavailable_official_source","5대공약||||||0||HEIGHT||Y||||00","Current official API returned no downloadable PDF path."
"420260603-파주시-100154507-1-선거공보","제9회 전국동시지방선거","420260603","구·시·군의 장선거","4","파주시","손배찬","100154507","더불어민주당","100","1","정당인","동국대학교 행정대학원 졸업(행정학석사)","1","선거공보","선거공보","candidate-doc:100154507:1","false","","false","","","current_unavailable_official_source","선거공보||||||0||HEIGHT||Y||||00","Current official API returned no downloadable PDF path."
"420260603-파주시-100154507-2-선거공약서","제9회 전국동시지방선거","420260603","구·시·군의 장선거","4","파주시","손배찬","100154507","더불어민주당","100","1","정당인","동국대학교 행정대학원 졸업(행정학석사)","2","선거공약서","선거공약서","candidate-doc:100154507:2","false","","false","","","current_unavailable_official_source","선거공약서||||||0||HEIGHT||Y||||00","Current official API returned no downloadable PDF path."
"420260603-파주시-100156661-1-선거공보","제9회 전국동시지방선거","420260603","구·시·군의 장선거","4","파주시","박용호","100156661","국민의힘","200","2","4차산업혁명 인공지능 연구원 대표","서울대학교 대학원 전기공학전공 졸업(공학석사)","1","선거공보","선거공보","candidate-doc:100156661:1","false","","false","","","current_unavailable_official_source","선거공보||||||0||HEIGHT||Y||||00","Current official API returned no downloadable PDF path."
"420260603-파주시-100156661-2-선거공약서","제9회 전국동시지방선거","420260603","구·시·군의 장선거","4","파주시","박용호","100156661","국민의힘","200","2","4차산업혁명 인공지능 연구원 대표","서울대학교 대학원 전기공학전공 졸업(공학석사)","2","선거공약서","선거공약서","candidate-doc:100156661:2","false","","false","","","current_unavailable_official_source","선거공약서||||||0||HEIGHT||Y||||00","Current official API returned no downloadable PDF path."
"420260603-김포시-100156825-2-선거공약서","제9회 전국동시지방선거","420260603","구·시·군의 장선거","4","김포시","이기형","100156825","더불어민주당","100","1","정당인","중앙대학교 행정대학원 졸업(행정학석사)","2","선거공약서","선거공약서","candidate-doc:100156825:2","false","","false","","","current_unavailable_official_source","선거공약서||||||0||HEIGHT||Y||||00","Current official API returned no downloadable PDF path."
"420260603-김포시-100163179-2-선거공약서","제9회 전국동시지방선거","420260603","구·시·군의 장선거","4","김포시","김병수","100163179","국민의힘","200","2","김포시장","연세대학교 사회과학대학 정치외교학과 졸업","2","선거공약서","선거공약서","candidate-doc:100163179:2","false","","false","","","current_unavailable_official_source","선거공약서||||||0||HEIGHT||Y||||00","Current official API returned no downloadable PDF path."
"420260603-의정부시-100156125-2-선거공약서","제9회 전국동시지방선거","420260603","구·시·군의 장선거","4","의정부시","김원기","100156125","더불어민주당","100","1","정당인","건양대학교 일반대학원 졸업(행정학박사)","2","선거공약서","선거공약서","candidate-doc:100156125:2","false","","false","","","current_unavailable_official_source","선거공약서||||||0||HEIGHT||Y||||00","Current official API returned no downloadable PDF path."
"420260603-의정부시-100162555-2-선거공약서","제9회 전국동시지방선거","420260603","구·시·군의 장선거","4","의정부시","김동근","100162555","국민의힘","200","2","의정부시장","아주대학교대학원 응용사회학과 졸업(행정학박사)","2","선거공약서","선거공약서","candidate-doc:100162555:2","false","","false","","","current_unavailable_official_source","선거공약서||||||0||HEIGHT||Y||||00","Current official API returned no downloadable PDF path."
"420260603-광주시-100153835-2-선거공약서","제9회 전국동시지방선거","420260603","구·시·군의 장선거","4","광주시","박관열","100153835","더불어민주당","100","1","정당인","고려대학교 정책대학원 아태지역연구학과 졸업(정치학석사)","2","선거공약서","선거공약서","candidate-doc:100153835:2","false","","false","","","current_unavailable_official_source","선거공약서||||||0||HEIGHT||Y||||00","Current official API returned no downloadable PDF path."
"420260603-광주시-100162864-2-선거공약서","제9회 전국동시지방선거","420260603","구·시·군의 장선거","4","광주시","방세환","100162864","국민의힘","200","2","광주시장","단국대학교 대학원 정치외교학과 한국정치 석사과정 재학중","2","선거공약서","선거공약서","candidate-doc:100162864:2","false","","false","","","current_unavailable_official_source","선거공약서||||||0||HEIGHT||Y||||00","Current official API returned no downloadable PDF path."
"420260603-하남시-100155214-2-선거공약서","제9회 전국동시지방선거","420260603","구·시·군의 장선거","4","하남시","강병덕","100155214","더불어민주당","100","1","정당인","한양대학교 행정·자치대학원 졸업(행정학석사)","2","선거공약서","선거공약서","candidate-doc:100155214:2","false","","false","","","current_unavailable_official_source","선거공약서||||||0||HEIGHT||Y||||00","Current official API returned no downloadable PDF path."
"420260603-하남시-100163196-2-선거공약서","제9회 전국동시지방선거","420260603","구·시·군의 장선거","4","하남시","이현재","100163196","국민의힘","200","2","하남시장","건국대학교 대학원 졸업(경영학 박사)","2","선거공약서","선거공약서","candidate-doc:100163196:2","false","","false","","","current_unavailable_official_source","선거공약서||||||0||HEIGHT||Y||||00","Current official API returned no downloadable PDF path."
"420260603-양주시-100154479-2-선거공약서","제9회 전국동시지방선거","420260603","구·시·군의 장선거","4","양주시","정덕영","100154479","더불어민주당","100","1","정당인","고려대학교 정책대학원 도시및지방행정학과 석사과정 수료","2","선거공약서","선거공약서","candidate-doc:100154479:2","false","","false","","","current_unavailable_official_source","선거공약서||||||0||HEIGHT||Y||||00","Current official API returned no downloadable PDF path."
"420260603-광명시-100161445-2-선거공약서","제9회 전국동시지방선거","420260603","구·시·군의 장선거","4","광명시","박승원","100161445","더불어민주당","100","1","광명시장","한양대학교 국어국문학과 졸업","2","선거공약서","선거공약서","candidate-doc:100161445:2","false","","false","","","current_unavailable_official_source","선거공약서||||||0||HEIGHT||Y||||00","Current official API returned no downloadable PDF path."
"420260603-광명시-100159184-2-선거공약서","제9회 전국동시지방선거","420260603","구·시·군의 장선거","4","광명시","김정호","100159184","국민의힘","200","2","경기도의회의원","광운대학교 대학원 행정학과 박사 학위과정 수료","2","선거공약서","선거공약서","candidate-doc:100159184:2","false","","false","","","current_unavailable_official_source","선거공약서||||||0||HEIGHT||Y||||00","Current official API returned no downloadable PDF path."
"420260603-군포시-100154482-2-선거공약서","제9회 전국동시지방선거","420260603","구·시·군의 장선거","4","군포시","한대희","100154482","더불어민주당","100","1","정당인","한국외국어대학교 독일어과 3년 중퇴(1981.3.~1991.4.)","2","선거공약서","선거공약서","candidate-doc:100154482:2","false","","false","","","current_unavailable_official_source","선거공약서||||||0||HEIGHT||Y||||00","Current official API returned no downloadable PDF path."
"420260603-군포시-100163069-2-선거공약서","제9회 전국동시지방선거","420260603","구·시·군의 장선거","4","군포시","하은호","100163069","국민의힘","200","2","군포시장","인하대학교 대학원 행정학과 졸업(행정학박사)","2","선거공약서","선거공약서","candidate-doc:100163069:2","false","","false","","","current_unavailable_official_source","선거공약서||||||0||HEIGHT||Y||||00","Current official API returned no downloadable PDF path."
"420260603-오산시-100158921-2-선거공약서","제9회 전국동시지방선거","420260603","구·시·군의 장선거","4","오산시","조용호","100158921","더불어민주당","100","1","경기도의회의원","단국대학교 행정법무대학원 행정학과 석사과정 재학 중","2","선거공약서","선거공약서","candidate-doc:100158921:2","false","","false","","","current_unavailable_official_source","선거공약서||||||0||HEIGHT||Y||||00","Current official API returned no downloadable PDF path."
"420260603-오산시-100162963-2-선거공약서","제9회 전국동시지방선거","420260603","구·시·군의 장선거","4","오산시","이권재","100162963","국민의힘","200","2","오산시장","연세대학교 행정대학원 졸업(행정학석사)","2","선거공약서","선거공약서","candidate-doc:100162963:2","false","","false","","","current_unavailable_official_source","선거공약서||||||0||HEIGHT||Y||||00","Current official API returned no downloadable PDF path."
"420260603-오산시-100158949-2-선거공약서","제9회 전국동시지방선거","420260603","구·시·군의 장선거","4","오산시","송진영","100158949","개혁신당","5070","4","오산시의회의원","총신대학교 대학원 졸업(철학박사)","2","선거공약서","선거공약서","candidate-doc:100158949:2","false","","false","","","current_unavailable_official_source","선거공약서||||||0||HEIGHT||Y||||00","Current official API returned no downloadable PDF path."
"420260603-이천시-100154893-2-선거공약서","제9회 전국동시지방선거","420260603","구·시·군의 장선거","4","이천시","성수석","100154893","더불어민주당","100","1","정당인","고려사이버대학교 경영학과 졸업","2","선거공약서","선거공약서","candidate-doc:100154893:2","false","","false","","","current_unavailable_official_source","선거공약서||||||0||HEIGHT||Y||||00","Current official API returned no downloadable PDF path."
"420260603-이천시-100163215-2-선거공약서","제9회 전국동시지방선거","420260603","구·시·군의 장선거","4","이천시","김경희","100163215","국민의힘","200","2","이천시장","이화여자대학교 정책과학대학원졸업(정책학석사)","2","선거공약서","선거공약서","candidate-doc:100163215:2","false","","false","","","current_unavailable_official_source","선거공약서||||||0||HEIGHT||Y||||00","Current official API returned no downloadable PDF path."
"420260603-안성시-100154958-2-선거공약서","제9회 전국동시지방선거","420260603","구·시·군의 장선거","4","안성시","김장연","100154958","국민의힘","200","2","축산업","호서대학 경영학과 졸업","2","선거공약서","선거공약서","candidate-doc:100154958:2","false","","false","","","current_unavailable_official_source","선거공약서||||||0||HEIGHT||Y||||00","Current official API returned no downloadable PDF path."
"420260603-안성시-100156147-2-선거공약서","제9회 전국동시지방선거","420260603","구·시·군의 장선거","4","안성시","신원주","100156147","무소속","9999","5","농업인","한경대학교 융합레포츠학과 졸업","2","선거공약서","선거공약서","candidate-doc:100156147:2","false","","false","","","current_unavailable_official_source","선거공약서||||||0||HEIGHT||Y||||00","Current official API returned no downloadable PDF path."
"420260603-구리시-100154423-2-선거공약서","제9회 전국동시지방선거","420260603","구·시·군의 장선거","4","구리시","신동화","100154423","더불어민주당","100","1","구리시의회 의장","서울시립대학교 도시과학대학원 도시행정학과 졸업 (도시행정학 석사)","2","선거공약서","선거공약서","candidate-doc:100154423:2","false","","false","","","current_unavailable_official_source","선거공약서||||||0||HEIGHT||Y||||00","Current official API returned no downloadable PDF path."
"420260603-포천시-100157687-2-선거공약서","제9회 전국동시지방선거","420260603","구·시·군의 장선거","4","포천시","박윤국","100157687","더불어민주당","100","1","정당인","명지대학(현 명지대학교) 토목공학과 졸업","2","선거공약서","선거공약서","candidate-doc:100157687:2","false","","false","","","current_unavailable_official_source","선거공약서||||||0||HEIGHT||Y||||00","Current official API returned no downloadable PDF path."
"420260603-포천시-100162868-2-선거공약서","제9회 전국동시지방선거","420260603","구·시·군의 장선거","4","포천시","백영현","100162868","국민의힘","200","2","포천시장","단국대학교 토목공학과 졸업","2","선거공약서","선거공약서","candidate-doc:100162868:2","false","","false","","","current_unavailable_official_source","선거공약서||||||0||HEIGHT||Y||||00","Current official API returned no downloadable PDF path."
"420260603-포천시-100163362-2-선거공약서","제9회 전국동시지방선거","420260603","구·시·군의 장선거","4","포천시","이재수","100163362","무소속","9999","5","농업","서울사이버대학교 법무행정학과 졸업","2","선거공약서","선거공약서","candidate-doc:100163362:2","false","","false","","","current_unavailable_official_source","선거공약서||||||0||HEIGHT||Y||||00","Current official API returned no downloadable PDF path."
"420260603-의왕시-100154487-2-선거공약서","제9회 전국동시지방선거","420260603","구·시·군의 장선거","4","의왕시","정순욱","100154487","더불어민주당","100","1","정당인","아주대학교 공공정책대학원 행정학과 졸업 (사회복지학석사)","2","선거공약서","선거공약서","candidate-doc:100154487:2","false","","false","","","current_unavailable_official_source","선거공약서||||||0||HEIGHT||Y||||00","Current official API returned no downloadable PDF path."
"420260603-의왕시-100162723-2-선거공약서","제9회 전국동시지방선거","420260603","구·시·군의 장선거","4","의왕시","김성제","100162723","국민의힘","200","2","의왕시장","서울대학교 대학원 졸업 (행정학 박사)","2","선거공약서","선거공약서","candidate-doc:100162723:2","false","","false","","","current_unavailable_official_source","선거공약서||||||0||HEIGHT||Y||||00","Current official API returned no downloadable PDF path."
"420260603-양평군-100158297-2-선거공약서","제9회 전국동시지방선거","420260603","구·시·군의 장선거","4","양평군","박은미","100158297","더불어민주당","100","1","기본사회 양평본부 상임대표","동국대학교 대학원 북한학과 수료(석사과정)","2","선거공약서","선거공약서","candidate-doc:100158297:2","false","","false","","","current_unavailable_official_source","선거공약서||||||0||HEIGHT||Y||||00","Current official API returned no downloadable PDF path."
"420260603-양평군-100162432-2-선거공약서","제9회 전국동시지방선거","420260603","구·시·군의 장선거","4","양평군","전진선","100162432","국민의힘","200","2","정당인","동국대학교 대학원 경찰행정학과 박사과정 수료","2","선거공약서","선거공약서","candidate-doc:100162432:2","false","","false","","","current_unavailable_official_source","선거공약서||||||0||HEIGHT||Y||||00","Current official API returned no downloadable PDF path."
"420260603-여주시-100162573-2-선거공약서","제9회 전국동시지방선거","420260603","구·시·군의 장선거","4","여주시","이충우","100162573","국민의힘","200","2","여주시장","한경대학교 토목공학과 졸업(현 한경국립대학교)","2","선거공약서","선거공약서","candidate-doc:100162573:2","false","","false","","","current_unavailable_official_source","선거공약서||||||0||HEIGHT||Y||||00","Current official API returned no downloadable PDF path."
"420260603-동두천시-100157198-2-선거공약서","제9회 전국동시지방선거","420260603","구·시·군의 장선거","4","동두천시","이인규","100157198","더불어민주당","100","1","정치인","건국대학교 지리학과 졸업","2","선거공약서","선거공약서","candidate-doc:100157198:2","false","","false","","","current_unavailable_official_source","선거공약서||||||0||HEIGHT||Y||||00","Current official API returned no downloadable PDF path."
"420260603-동두천시-100162748-2-선거공약서","제9회 전국동시지방선거","420260603","구·시·군의 장선거","4","동두천시","박형덕","100162748","국민의힘","200","2","동두천시장","국립한경대학교 국제개발협력대학원 졸업(현 한경국립대학교)","2","선거공약서","선거공약서","candidate-doc:100162748:2","false","","false","","","current_unavailable_official_source","선거공약서||||||0||HEIGHT||Y||||00","Current official API returned no downloadable PDF path."
"420260603-과천시-100157110-2-선거공약서","제9회 전국동시지방선거","420260603","구·시·군의 장선거","4","과천시","김종천","100157110","더불어민주당","100","1","변호사","서울대학교 조선해양공학과 졸업","2","선거공약서","선거공약서","candidate-doc:100157110:2","false","","false","","","current_unavailable_official_source","선거공약서||||||0||HEIGHT||Y||||00","Current official API returned no downloadable PDF path."
"420260603-과천시-100162856-2-선거공약서","제9회 전국동시지방선거","420260603","구·시·군의 장선거","4","과천시","신계용","100162856","국민의힘","200","2","과천시장","서울대학교 행정대학원 졸업(행정학 석사)","2","선거공약서","선거공약서","candidate-doc:100162856:2","false","","false","","","current_unavailable_official_source","선거공약서||||||0||HEIGHT||Y||||00","Current official API returned no downloadable PDF path."
"420260603-과천시-100162975-2-선거공약서","제9회 전국동시지방선거","420260603","구·시·군의 장선거","4","과천시","고금란","100162975","개혁신당","5070","4","개혁신당대변인","경희대학교 대학원 환경조경학과 박사과정 재학중","2","선거공약서","선거공약서","candidate-doc:100162975:2","false","","false","","","current_unavailable_official_source","선거공약서||||||0||HEIGHT||Y||||00","Current official API returned no downloadable PDF path."
"420260603-가평군-100159216-2-선거공약서","제9회 전국동시지방선거","420260603","구·시·군의 장선거","4","가평군","김경호","100159216","더불어민주당","100","1","정당인","강원대학교 일반대학원 사회학과 박사과정 수료","2","선거공약서","선거공약서","candidate-doc:100159216:2","false","","false","","","current_unavailable_official_source","선거공약서||||||0||HEIGHT||Y||||00","Current official API returned no downloadable PDF path."
"420260603-가평군-100163623-2-선거공약서","제9회 전국동시지방선거","420260603","구·시·군의 장선거","4","가평군","서태원","100163623","국민의힘","200","2","가평군수","강원대학교 공과대학 건축공학과 졸업","2","선거공약서","선거공약서","candidate-doc:100163623:2","false","","false","","","current_unavailable_official_source","선거공약서||||||0||HEIGHT||Y||||00","Current official API returned no downloadable PDF path."
"420260603-가평군-100159460-2-선거공약서","제9회 전국동시지방선거","420260603","구·시·군의 장선거","4","가평군","이충선","100159460","무소속","9999","5","정치인","경기대학교 경영학과 졸업","2","선거공약서","선거공약서","candidate-doc:100159460:2","false","","false","","","current_unavailable_official_source","선거공약서||||||0||HEIGHT||Y||||00","Current official API returned no downloadable PDF path."
"420260603-가평군-100160960-2-선거공약서","제9회 전국동시지방선거","420260603","구·시·군의 장선거","4","가평군","이진용","100160960","무소속","9999","6","정치인","고려대학교 문과대학 사회학과 졸업(문학사)","2","선거공약서","선거공약서","candidate-doc:100160960:2","false","","false","","","current_unavailable_official_source","선거공약서||||||0||HEIGHT||Y||||00","Current official API returned no downloadable PDF path."
"420260603-가평군-100159806-2-선거공약서","제9회 전국동시지방선거","420260603","구·시·군의 장선거","4","가평군","신동진","100159806","무소속","9999","7","직접민주지역자치당 창당준비위원장","서울대학교 인문대학 철학과 졸업","2","선거공약서","선거공약서","candidate-doc:100159806:2","false","","false","","","current_unavailable_official_source","선거공약서||||||0||HEIGHT||Y||||00","Current official API returned no downloadable PDF path."
"420260603-연천군-100161054-2-선거공약서","제9회 전국동시지방선거","420260603","구·시·군의 장선거","4","연천군","박충식","100161054","더불어민주당","100","1","정당인","서강대학교 사회학과 졸업","2","선거공약서","선거공약서","candidate-doc:100161054:2","false","","false","","","current_unavailable_official_source","선거공약서||||||0||HEIGHT||Y||||00","Current official API returned no downloadable PDF path."
"420260603-연천군-100161733-2-선거공약서","제9회 전국동시지방선거","420260603","구·시·군의 장선거","4","연천군","김덕현","100161733","국민의힘","200","2","연천군수","신한대학교 대학원 남북협력복지행정학과 졸업(행정학석사)","2","선거공약서","선거공약서","candidate-doc:100161733:2","false","","false","","","current_unavailable_official_source","선거공약서||||||0||HEIGHT||Y||||00","Current official API returned no downloadable PDF path."
"420260603-연천군-100161966-2-선거공약서","제9회 전국동시지방선거","420260603","구·시·군의 장선거","4","연천군","송병서","100161966","무소속","9999","5","경기측량이엔씨 대표","경희대학교 경영대학원 경영학과 졸업(경영학석사)","2","선거공약서","선거공약서","candidate-doc:100161966:2","false","","false","","","current_unavailable_official_source","선거공약서||||||0||HEIGHT||Y||||00","Current official API returned no downloadable PDF path."
"420260603-춘천시-100161433-2-선거공약서","제9회 전국동시지방선거","420260603","구·시·군의 장선거","4","춘천시","육동한","100161433","더불어민주당","100","1","정당인","한양대학교 경제학과 졸업","2","선거공약서","선거공약서","candidate-doc:100161433:2","false","","false","","","current_unavailable_official_source","선거공약서||||||0||HEIGHT||Y||||00","Current official API returned no downloadable PDF path."
"420260603-춘천시-100156336-2-선거공약서","제9회 전국동시지방선거","420260603","구·시·군의 장선거","4","춘천시","정광열","100156336","국민의힘","200","2","정당인","연세대학교 경영전문대학원 졸업(경영학 석사)","2","선거공약서","선거공약서","candidate-doc:100156336:2","false","","false","","","current_unavailable_official_source","선거공약서||||||0||HEIGHT||Y||||00","Current official API returned no downloadable PDF path."
"420260603-원주시-100153887-2-선거공약서","제9회 전국동시지방선거","420260603","구·시·군의 장선거","4","원주시","구자열","100153887","더불어민주당","100","1","정치인","강원대학교 일반대학원 정치외교학과 박사과정 수료","2","선거공약서","선거공약서","candidate-doc:100153887:2","false","","false","","","current_unavailable_official_source","선거공약서||||||0||HEIGHT||Y||||00","Current official API returned no downloadable PDF path."
"420260603-원주시-100162269-2-선거공약서","제9회 전국동시지방선거","420260603","구·시·군의 장선거","4","원주시","원강수","100162269","국민의힘","200","2","원주시장","강원대학교 일반대학원 법학과 수료(석사과정)","2","선거공약서","선거공약서","candidate-doc:100162269:2","false","","false","","","current_unavailable_official_source","선거공약서||||||0||HEIGHT||Y||||00","Current official API returned no downloadable PDF path."
"420260603-강릉시-100154106-2-선거공약서","제9회 전국동시지방선거","420260603","구·시·군의 장선거","4","강릉시","김중남","100154106","더불어민주당","100","1","정당인","강릉원주대학교 일반대학원 박사과정 행정학과 수료","2","선거공약서","선거공약서","candidate-doc:100154106:2","false","","false","","","current_unavailable_official_source","선거공약서||||||0||HEIGHT||Y||||00","Current official API returned no downloadable PDF path."
"420260603-강릉시-100161983-2-선거공약서","제9회 전국동시지방선거","420260603","구·시·군의 장선거","4","강릉시","김홍규","100161983","국민의힘","200","2","강릉시장","관동대학교 일반대학원 무역학과 박사과정 수료","2","선거공약서","선거공약서","candidate-doc:100161983:2","false","","false","","","current_unavailable_official_source","선거공약서||||||0||HEIGHT||Y||||00","Current official API returned no downloadable PDF path."
"420260603-강릉시-100154117-2-선거공약서","제9회 전국동시지방선거","420260603","구·시·군의 장선거","4","강릉시","김동기","100154117","무소속","9999","5","무직","미국 워싱턴대학교 법학석사 (1993.06.~1993.08./1993.09.~1994.06.)","2","선거공약서","선거공약서","candidate-doc:100154117:2","false","","false","","","current_unavailable_official_source","선거공약서||||||0||HEIGHT||Y||||00","Current official API returned no downloadable PDF path."
"420260603-동해시-100155866-2-선거공약서","제9회 전국동시지방선거","420260603","구·시·군의 장선거","4","동해시","이정학","100155866","더불어민주당","100","1","현대자동차 초록대리점 대표","연세대학교 정경대학원 정치학전공 석사 과정 졸업","2","선거공약서","선거공약서","candidate-doc:100155866:2","false","","false","","","current_unavailable_official_source","선거공약서||||||0||HEIGHT||Y||||00","Current official API returned no downloadable PDF path."
"420260603-동해시-100159313-2-선거공약서","제9회 전국동시지방선거","420260603","구·시·군의 장선거","4","동해시","김기하","100159313","국민의힘","200","2","강원특별자치도의회의원","삼척공업전문대학 화공과 졸업(현, 강원대학교)","2","선거공약서","선거공약서","candidate-doc:100159313:2","false","","false","","","current_unavailable_official_source","선거공약서||||||0||HEIGHT||Y||||00","Current official API returned no downloadable PDF path."
"420260603-동해시-100155938-2-선거공약서","제9회 전국동시지방선거","420260603","구·시·군의 장선거","4","동해시","김홍수","100155938","개혁신당","5070","4","월드상가 대표","경동대학교 행정학과 졸업","2","선거공약서","선거공약서","candidate-doc:100155938:2","false","","false","","","current_unavailable_official_source","선거공약서||||||0||HEIGHT||Y||||00","Current official API returned no downloadable PDF path."
"420260603-태백시-100154401-2-선거공약서","제9회 전국동시지방선거","420260603","구·시·군의 장선거","4","태백시","김동구","100154401","더불어민주당","100","1","준흥기업 대표","강릉대학교 통계학과 졸업(현 강원대학교)","2","선거공약서","선거공약서","candidate-doc:100154401:2","false","","false","","","current_unavailable_official_source","선거공약서||||||0||HEIGHT||Y||||00","Current official API returned no downloadable PDF path."
"420260603-태백시-100162480-2-선거공약서","제9회 전국동시지방선거","420260603","구·시·군의 장선거","4","태백시","이상호","100162480","국민의힘","200","2","정무직 공무원","한양대학교 행정·자치대학원 지방자치학과 졸업(지방자치학석사)","2","선거공약서","선거공약서","candidate-doc:100162480:2","false","","false","","","current_unavailable_official_source","선거공약서||||||0||HEIGHT||Y||||00","Current official API returned no downloadable PDF path."
"420260603-속초시-100154183-2-선거공약서","제9회 전국동시지방선거","420260603","구·시·군의 장선거","4","속초시","김철수","100154183","더불어민주당","100","1","정당인","경동대학교 경영학부 졸업","2","선거공약서","선거공약서","candidate-doc:100154183:2","false","","false","","","current_unavailable_official_source","선거공약서||||||0||HEIGHT||Y||||00","Current official API returned no downloadable PDF path."
"420260603-속초시-100162392-2-선거공약서","제9회 전국동시지방선거","420260603","구·시·군의 장선거","4","속초시","이병선","100162392","국민의힘","200","2","속초시장","동국대학교 교육대학원 교과교육학과 졸업(교육학 석사)","2","선거공약서","선거공약서","candidate-doc:100162392:2","false","","false","","","current_unavailable_official_source","선거공약서||||||0||HEIGHT||Y||||00","Current official API returned no downloadable PDF path."
"420260603-속초시-100156821-2-선거공약서","제9회 전국동시지방선거","420260603","구·시·군의 장선거","4","속초시","염하나","100156821","무소속","9999","5","속초시의원","경희대학교 교육대학원 졸업(교육학석사)","2","선거공약서","선거공약서","candidate-doc:100156821:2","false","","false","","","current_unavailable_official_source","선거공약서||||||0||HEIGHT||Y||||00","Current official API returned no downloadable PDF path."
"420260603-삼척시-100161949-2-선거공약서","제9회 전국동시지방선거","420260603","구·시·군의 장선거","4","삼척시","박상수","100161949","국민의힘","200","2","삼척시장","관동대학교 행정대학원 졸업(행정학석사)","2","선거공약서","선거공약서","candidate-doc:100161949:2","false","","false","","","current_unavailable_official_source","선거공약서||||||0||HEIGHT||Y||||00","Current official API returned no downloadable PDF path."
"420260603-삼척시-100155103-2-선거공약서","제9회 전국동시지방선거","420260603","구·시·군의 장선거","4","삼척시","김형우","100155103","개혁신당","5070","4","정당인","한양대학교 자원공학과 졸업","2","선거공약서","선거공약서","candidate-doc:100155103:2","false","","false","","","current_unavailable_official_source","선거공약서||||||0||HEIGHT||Y||||00","Current official API returned no downloadable PDF path."
"420260603-홍천군-100159348-1-선거공보","제9회 전국동시지방선거","420260603","구·시·군의 장선거","4","홍천군","박승영","100159348","더불어민주당","100","1","정당인","강원대학교 일반대학원 사회학과 석사과정 수료","1","선거공보","선거공보","candidate-doc:100159348:1","false","","false","","","current_unavailable_official_source","선거공보||||||0||HEIGHT||Y||||00","Current official API returned no downloadable PDF path."
"420260603-홍천군-100159348-2-선거공약서","제9회 전국동시지방선거","420260603","구·시·군의 장선거","4","홍천군","박승영","100159348","더불어민주당","100","1","정당인","강원대학교 일반대학원 사회학과 석사과정 수료","2","선거공약서","선거공약서","candidate-doc:100159348:2","false","","false","","","current_unavailable_official_source","선거공약서||||||0||HEIGHT||Y||||00","Current official API returned no downloadable PDF path."
"420260603-홍천군-100162136-1-선거공보","제9회 전국동시지방선거","420260603","구·시·군의 장선거","4","홍천군","신영재","100162136","국민의힘","200","2","홍천군수","강원대학교 정보과학·행정대학원 행정학과 석사과정 수료","1","선거공보","선거공보","candidate-doc:100162136:1","false","","false","","","current_unavailable_official_source","선거공보||||||0||HEIGHT||Y||||00","Current official API returned no downloadable PDF path."
"420260603-홍천군-100162136-2-선거공약서","제9회 전국동시지방선거","420260603","구·시·군의 장선거","4","홍천군","신영재","100162136","국민의힘","200","2","홍천군수","강원대학교 정보과학·행정대학원 행정학과 석사과정 수료","2","선거공약서","선거공약서","candidate-doc:100162136:2","false","","false","","","current_unavailable_official_source","선거공약서||||||0||HEIGHT||Y||||00","Current official API returned no downloadable PDF path."
"420260603-횡성군-100159399-2-선거공약서","제9회 전국동시지방선거","420260603","구·시·군의 장선거","4","횡성군","장신상","100159399","더불어민주당","100","1","농ㆍ축산업","한림대학교 글로벌협력대학원 글로벌협력학과 졸업(국제학석사)","2","선거공약서","선거공약서","candidate-doc:100159399:2","false","","false","","","current_unavailable_official_source","선거공약서||||||0||HEIGHT||Y||||00","Current official API returned no downloadable PDF path."
"420260603-횡성군-100159397-2-선거공약서","제9회 전국동시지방선거","420260603","구·시·군의 장선거","4","횡성군","임광식","100159397","국민의힘","200","2","무직","강원대학교 사범대학 윤리교육과 졸업","2","선거공약서","선거공약서","candidate-doc:100159397:2","false","","false","","","current_unavailable_official_source","선거공약서||||||0||HEIGHT||Y||||00","Current official API returned no downloadable PDF path."
"420260603-횡성군-100163032-2-선거공약서","제9회 전국동시지방선거","420260603","구·시·군의 장선거","4","횡성군","김명기","100163032","무소속","9999","5","횡성군수","강원대학교 일반대학원 농업자원경제학과 졸업(경제학박사)","2","선거공약서","선거공약서","candidate-doc:100163032:2","false","","false","","","current_unavailable_official_source","선거공약서||||||0||HEIGHT||Y||||00","Current official API returned no downloadable PDF path."
"420260603-영월군-100159281-2-선거공약서","제9회 전국동시지방선거","420260603","구·시·군의 장선거","4","영월군","박선규","100159281","더불어민주당","100","1","정당인","세경대학(현 세경대학교) 사회복지학과 졸업","2","선거공약서","선거공약서","candidate-doc:100159281:2","false","","false","","","current_unavailable_official_source","선거공약서||||||0||HEIGHT||Y||||00","Current official API returned no downloadable PDF path."
"420260603-영월군-100159127-2-선거공약서","제9회 전국동시지방선거","420260603","구·시·군의 장선거","4","영월군","김길수","100159127","국민의힘","200","2","강원특별자치도의회의원","강원대학교 경영행정대학원 졸업 (행정학석사)","2","선거공약서","선거공약서","candidate-doc:100159127:2","false","","false","","","current_unavailable_official_source","선거공약서||||||0||HEIGHT||Y||||00","Current official API returned no downloadable PDF path."
"420260603-영월군-100159124-2-선거공약서","제9회 전국동시지방선거","420260603","구·시·군의 장선거","4","영월군","엄삼용","100159124","조국혁신당","5077","3","환경운동가","아주대학교 산업공학과 졸업","2","선거공약서","선거공약서","candidate-doc:100159124:2","false","","false","","","current_unavailable_official_source","선거공약서||||||0||HEIGHT||Y||||00","Current official API returned no downloadable PDF path."
"420260603-영월군-100162025-2-선거공약서","제9회 전국동시지방선거","420260603","구·시·군의 장선거","4","영월군","최명서","100162025","무소속","9999","5","영월군수","강원대학교 경영행정대학원 졸업(행정학석사)","2","선거공약서","선거공약서","candidate-doc:100162025:2","false","","false","","","current_unavailable_official_source","선거공약서||||||0||HEIGHT||Y||||00","Current official API returned no downloadable PDF path."
"420260603-평창군-100159646-2-선거공약서","제9회 전국동시지방선거","420260603","구·시·군의 장선거","4","평창군","한왕기","100159646","더불어민주당","100","1","무직","신흥보건전문대학 임상병리과 졸업","2","선거공약서","선거공약서","candidate-doc:100159646:2","false","","false","","","current_unavailable_official_source","선거공약서||||||0||HEIGHT||Y||||00","Current official API returned no downloadable PDF path."
"420260603-평창군-100161176-2-선거공약서","제9회 전국동시지방선거","420260603","구·시·군의 장선거","4","평창군","심재국","100161176","국민의힘","200","2","평창군수","관동대학교 무역학과 석사과정 졸업(경영학 석사)","2","선거공약서","선거공약서","candidate-doc:100161176:2","false","","false","","","current_unavailable_official_source","선거공약서||||||0||HEIGHT||Y||||00","Current official API returned no downloadable PDF path."
"420260603-정선군-100162887-2-선거공약서","제9회 전국동시지방선거","420260603","구·시·군의 장선거","4","정선군","최승준","100162887","더불어민주당","100","1","정치인","대원과학대학 (현 대원대학교) 사회복지과 졸업","2","선거공약서","선거공약서","candidate-doc:100162887:2","false","","false","","","current_unavailable_official_source","선거공약서||||||0||HEIGHT||Y||||00","Current official API returned no downloadable PDF path."
"420260603-정선군-100159163-2-선거공약서","제9회 전국동시지방선거","420260603","구·시·군의 장선거","4","정선군","최철규","100159163","국민의힘","200","2","정당인","고려대학교 언론대학원 졸업(문학석사)","2","선거공약서","선거공약서","candidate-doc:100159163:2","false","","false","","","current_unavailable_official_source","선거공약서||||||0||HEIGHT||Y||||00","Current official API returned no downloadable PDF path."
"420260603-철원군-100158521-2-선거공약서","제9회 전국동시지방선거","420260603","구·시·군의 장선거","4","철원군","한금석","100158521","더불어민주당","100","1","정당인","근남초등학교 졸업","2","선거공약서","선거공약서","candidate-doc:100158521:2","false","","false","","","current_unavailable_official_source","선거공약서||||||0||HEIGHT||Y||||00","Current official API returned no downloadable PDF path."
"420260603-철원군-100158762-2-선거공약서","제9회 전국동시지방선거","420260603","구·시·군의 장선거","4","철원군","김동일","100158762","국민의힘","200","2","농업","세종 사이버대학교 유통물류학과 졸업","2","선거공약서","선거공약서","candidate-doc:100158762:2","false","","false","","","current_unavailable_official_source","선거공약서||||||0||HEIGHT||Y||||00","Current official API returned no downloadable PDF path."
"420260603-철원군-100159147-2-선거공약서","제9회 전국동시지방선거","420260603","구·시·군의 장선거","4","철원군","고기영","100159147","무소속","9999","5","정치인","연세대학교 행정대학원 졸업(행정학 석사)","2","선거공약서","선거공약서","candidate-doc:100159147:2","false","","false","","","current_unavailable_official_source","선거공약서||||||0||HEIGHT||Y||||00","Current official API returned no downloadable PDF path."
"420260603-화천군-100158943-2-선거공약서","제9회 전국동시지방선거","420260603","구·시·군의 장선거","4","화천군","김세훈","100158943","더불어민주당","100","1","농업","강원대학교 임과대학 임학과 졸업","2","선거공약서","선거공약서","candidate-doc:100158943:2","false","","false","","","current_unavailable_official_source","선거공약서||||||0||HEIGHT||Y||||00","Current official API returned no downloadable PDF path."
"420260603-화천군-100159013-2-선거공약서","제9회 전국동시지방선거","420260603","구·시·군의 장선거","4","화천군","최명수","100159013","국민의힘","200","2","국민의힘 화천군 당협 부위원장","강원대학교사범대학부속고등학교 졸업(현 강원대학교사범대학부설고등학교)","2","선거공약서","선거공약서","candidate-doc:100159013:2","false","","false","","","current_unavailable_official_source","선거공약서||||||0||HEIGHT||Y||||00","Current official API returned no downloadable PDF path."
"420260603-양구군-100160581-2-선거공약서","제9회 전국동시지방선거","420260603","구·시·군의 장선거","4","양구군","김왕규","100160581","더불어민주당","100","1","강원특별자치도의회 의원","중국 청도대학 인구.자원과 환경경제학 졸업(경제학석사)(2005.9.~2007.12.)","2","선거공약서","선거공약서","candidate-doc:100160581:2","false","","false","","","current_unavailable_official_source","선거공약서||||||0||HEIGHT||Y||||00","Current official API returned no downloadable PDF path."
"420260603-양구군-100162724-2-선거공약서","제9회 전국동시지방선거","420260603","구·시·군의 장선거","4","양구군","서흥원","100162724","국민의힘","200","2","양구군수","한림대학교 경영대학원졸업(경영학석사)","2","선거공약서","선거공약서","candidate-doc:100162724:2","false","","false","","","current_unavailable_official_source","선거공약서||||||0||HEIGHT||Y||||00","Current official API returned no downloadable PDF path."
"420260603-인제군-100160490-2-선거공약서","제9회 전국동시지방선거","420260603","구·시·군의 장선거","4","인제군","엄윤순","100160490","국민의힘","200","2","깅원특별자치도의회의원","강원대학교 경영대학원 졸업(경영학석사)","2","선거공약서","선거공약서","candidate-doc:100160490:2","false","","false","","","current_unavailable_official_source","선거공약서||||||0||HEIGHT||Y||||00","Current official API returned no downloadable PDF path."
"420260603-인제군-100159265-2-선거공약서","제9회 전국동시지방선거","420260603","구·시·군의 장선거","4","인제군","한상철","100159265","무소속","9999","5","시민운동가","서울디지털대학교 사회복지학과 제적(2021.03~2022.03)","2","선거공약서","선거공약서","candidate-doc:100159265:2","false","","false","","","current_unavailable_official_source","선거공약서||||||0||HEIGHT||Y||||00","Current official API returned no downloadable PDF path."
"420260603-고성군-100160161-2-선거공약서","제9회 전국동시지방선거","420260603","구·시·군의 장선거","4","고성군","함명준","100160161","더불어민주당","100","1","고성군수","울산전문대학교 조선과 졸업 (현 울산과학대학교)","2","선거공약서","선거공약서","candidate-doc:100160161:2","false","","false","","","current_unavailable_official_source","선거공약서||||||0||HEIGHT||Y||||00","Current official API returned no downloadable PDF path."
"420260603-고성군-100159861-2-선거공약서","제9회 전국동시지방선거","420260603","구·시·군의 장선거","4","고성군","박효동","100159861","국민의힘","200","2","정당인","관동대학교 법정대학 행정학과 졸업","2","선거공약서","선거공약서","candidate-doc:100159861:2","false","","false","","","current_unavailable_official_source","선거공약서||||||0||HEIGHT||Y||||00","Current official API returned no downloadable PDF path."
"420260603-양양군-100158374-2-선거공약서","제9회 전국동시지방선거","420260603","구·시·군의 장선거","4","양양군","김정중","100158374","더불어민주당","100","1","정당인","경기대학교 사학과 졸업","2","선거공약서","선거공약서","candidate-doc:100158374:2","false","","false","","","current_unavailable_official_source","선거공약서||||||0||HEIGHT||Y||||00","Current official API returned no downloadable PDF path."
"420260603-양양군-100158565-2-선거공약서","제9회 전국동시지방선거","420260603","구·시·군의 장선거","4","양양군","고제철","100158565","무소속","9999","5","무","관동대학교대학원 관광경영학과 박사과정 수료","2","선거공약서","선거공약서","candidate-doc:100158565:2","false","","false","","","current_unavailable_official_source","선거공약서||||||0||HEIGHT||Y||||00","Current official API returned no downloadable PDF path."
"420260603-청주시-100154752-2-선거공약서","제9회 전국동시지방선거","420260603","구·시·군의 장선거","4","청주시","이장섭","100154752","더불어민주당","100","1","정당인","충북대학교 국어국문학과 졸업","2","선거공약서","선거공약서","candidate-doc:100154752:2","false","","false","","","current_unavailable_official_source","선거공약서||||||0||HEIGHT||Y||||00","Current official API returned no downloadable PDF path."
"420260603-청주시-100162973-2-선거공약서","제9회 전국동시지방선거","420260603","구·시·군의 장선거","4","청주시","이범석","100162973","국민의힘","200","2","청주시장","충북대학교 행정대학원(석사) 행정학과 졸업","2","선거공약서","선거공약서","candidate-doc:100162973:2","false","","false","","","current_unavailable_official_source","선거공약서||||||0||HEIGHT||Y||||00","Current official API returned no downloadable PDF path."
"420260603-청주시-100163217-2-선거공약서","제9회 전국동시지방선거","420260603","구·시·군의 장선거","4","청주시","한현구","100163217","무소속","9999","5","교육공무직(당직전담사)","글로벌사이버대학교 뇌교육학과 졸업","2","선거공약서","선거공약서","candidate-doc:100163217:2","false","","false","","","current_unavailable_official_source","선거공약서||||||0||HEIGHT||Y||||00","Current official API returned no downloadable PDF path."
"420260603-충주시-100159899-2-선거공약서","제9회 전국동시지방선거","420260603","구·시·군의 장선거","4","충주시","맹정섭","100159899","더불어민주당","100","1","정당인","성균관대학교대학원 정치외교학과 박사과정 수료","2","선거공약서","선거공약서","candidate-doc:100159899:2","false","","false","","","current_unavailable_official_source","선거공약서||||||0||HEIGHT||Y||||00","Current official API returned no downloadable PDF path."
"420260603-충주시-100154335-2-선거공약서","제9회 전국동시지방선거","420260603","구·시·군의 장선거","4","충주시","이동석","100154335","국민의힘","200","2","정당인","미국 뉴욕대학교 문리대학원 졸업(문학석사)(2009. 9. ~ 2011. 5.)","2","선거공약서","선거공약서","candidate-doc:100154335:2","false","","false","","","current_unavailable_official_source","선거공약서||||||0||HEIGHT||Y||||00","Current official API returned no downloadable PDF path."
"420260603-제천시-100153952-2-선거공약서","제9회 전국동시지방선거","420260603","구·시·군의 장선거","4","제천시","이상천","100153952","더불어민주당","100","1","정당인","한양대학교 독어독문학과 졸업","2","선거공약서","선거공약서","candidate-doc:100153952:2","false","","false","","","current_unavailable_official_source","선거공약서||||||0||HEIGHT||Y||||00","Current official API returned no downloadable PDF path."
"420260603-제천시-100158725-1-선거공보","제9회 전국동시지방선거","420260603","구·시·군의 장선거","4","제천시","김창규","100158725","국민의힘","200","2","제천시장","고려대학교 행정학과 졸업","1","선거공보","선거공보","candidate-doc:100158725:1","false","","false","","","current_unavailable_official_source","선거공보||||||0||HEIGHT||Y||||00","Current official API returned no downloadable PDF path."
"420260603-제천시-100158725-2-선거공약서","제9회 전국동시지방선거","420260603","구·시·군의 장선거","4","제천시","김창규","100158725","국민의힘","200","2","제천시장","고려대학교 행정학과 졸업","2","선거공약서","선거공약서","candidate-doc:100158725:2","false","","false","","","current_unavailable_official_source","선거공약서||||||0||HEIGHT||Y||||00","Current official API returned no downloadable PDF path."
"420260603-제천시-100163653-2-선거공약서","제9회 전국동시지방선거","420260603","구·시·군의 장선거","4","제천시","송수연","100163653","무소속","9999","5","제천시의회의원","고려대학교 정책대학원 경제정책학과 석사과정 3년 제적(2020.9.~2023.9.)","2","선거공약서","선거공약서","candidate-doc:100163653:2","false","","false","","","current_unavailable_official_source","선거공약서||||||0||HEIGHT||Y||||00","Current official API returned no downloadable PDF path."
"420260603-보은군-100158573-2-선거공약서","제9회 전국동시지방선거","420260603","구·시·군의 장선거","4","보은군","하유정","100158573","더불어민주당","100","1","영재음악학원장","이탈리아 파가니니 국립음악원 졸업(성악)(DIPLOMA)(1993년 10월~1995년 6월)","2","선거공약서","선거공약서","candidate-doc:100158573:2","false","","false","","","current_unavailable_official_source","선거공약서||||||0||HEIGHT||Y||||00","Current official API returned no downloadable PDF path."
"420260603-보은군-100162213-2-선거공약서","제9회 전국동시지방선거","420260603","구·시·군의 장선거","4","보은군","최재형","100162213","국민의힘","200","2","보은군수","충청대학(현 충청대학교) 사회복지학부 아동복지전공 졸업(2년제)","2","선거공약서","선거공약서","candidate-doc:100162213:2","false","","false","","","current_unavailable_official_source","선거공약서||||||0||HEIGHT||Y||||00","Current official API returned no downloadable PDF path."
"420260603-옥천군-100158951-2-선거공약서","제9회 전국동시지방선거","420260603","구·시·군의 장선거","4","옥천군","황규철","100158951","더불어민주당","100","1","옥천군수","대전대학교 행정학부 행정학전공 졸업","2","선거공약서","선거공약서","candidate-doc:100158951:2","false","","false","","","current_unavailable_official_source","선거공약서||||||0||HEIGHT||Y||||00","Current official API returned no downloadable PDF path."
"420260603-옥천군-100158946-2-선거공약서","제9회 전국동시지방선거","420260603","구·시·군의 장선거","4","옥천군","전상인","100158946","국민의힘","200","2","국회사무처 박덕흠 의원실 보좌관","한남대학교 경영학과 졸업","2","선거공약서","선거공약서","candidate-doc:100158946:2","false","","false","","","current_unavailable_official_source","선거공약서||||||0||HEIGHT||Y||||00","Current official API returned no downloadable PDF path."
"420260603-영동군-100159343-2-선거공약서","제9회 전국동시지방선거","420260603","구·시·군의 장선거","4","영동군","이수동","100159343","더불어민주당","100","1","영동군의회의원","전남대학교 행정대학원 졸업(행정학석사)","2","선거공약서","선거공약서","candidate-doc:100159343:2","false","","false","","","current_unavailable_official_source","선거공약서||||||0||HEIGHT||Y||||00","Current official API returned no downloadable PDF path."
"420260603-영동군-100161763-2-선거공약서","제9회 전국동시지방선거","420260603","구·시·군의 장선거","4","영동군","정영철","100161763","국민의힘","200","2","영동군수","연암축산원예전문대학 축산과 졸업(현 연암대학교)","2","선거공약서","선거공약서","candidate-doc:100161763:2","false","","false","","","current_unavailable_official_source","선거공약서||||||0||HEIGHT||Y||||00","Current official API returned no downloadable PDF path."
"420260603-증평군-100158717-2-선거공약서","제9회 전국동시지방선거","420260603","구·시·군의 장선거","4","증평군","이민표","100158717","국민의힘","200","2","정당인","청주대학교 지적학과 졸업","2","선거공약서","선거공약서","candidate-doc:100158717:2","false","","false","","","current_unavailable_official_source","선거공약서||||||0||HEIGHT||Y||||00","Current official API returned no downloadable PDF path."
"420260603-진천군-100158298-2-선거공약서","제9회 전국동시지방선거","420260603","구·시·군의 장선거","4","진천군","김명식","100158298","더불어민주당","100","1","농업회사법인 주식회사 디와이푸드 이사","서울대학교 지리학과 졸업","2","선거공약서","선거공약서","candidate-doc:100158298:2","false","","false","","","current_unavailable_official_source","선거공약서||||||0||HEIGHT||Y||||00","Current official API returned no downloadable PDF path."
"420260603-진천군-100158594-2-선거공약서","제9회 전국동시지방선거","420260603","구·시·군의 장선거","4","진천군","이양섭","100158594","국민의힘","200","2","충청북도의회의원","충북대학교 대학원 지역건설공학과 석사과정 수료","2","선거공약서","선거공약서","candidate-doc:100158594:2","false","","false","","","current_unavailable_official_source","선거공약서||||||0||HEIGHT||Y||||00","Current official API returned no downloadable PDF path."
"420260603-괴산군-100158742-2-선거공약서","제9회 전국동시지방선거","420260603","구·시·군의 장선거","4","괴산군","이차영","100158742","더불어민주당","100","1","정당인","충북대학교 행정대학원 행정학과 졸업(행정학석사)","2","선거공약서","선거공약서","candidate-doc:100158742:2","false","","false","","","current_unavailable_official_source","선거공약서||||||0||HEIGHT||Y||||00","Current official API returned no downloadable PDF path."
"420260603-괴산군-100163201-2-선거공약서","제9회 전국동시지방선거","420260603","구·시·군의 장선거","4","괴산군","송인헌","100163201","국민의힘","200","2","괴산군수","건국대학교 창의융합대학원(사회복지학) 석사과정 휴학중","2","선거공약서","선거공약서","candidate-doc:100163201:2","false","","false","","","current_unavailable_official_source","선거공약서||||||0||HEIGHT||Y||||00","Current official API returned no downloadable PDF path."
"420260603-음성군-100162677-2-선거공약서","제9회 전국동시지방선거","420260603","구·시·군의 장선거","4","음성군","조병옥","100162677","더불어민주당","100","1","음성군수","충북대학교 행정대학원 졸업(행정학석사)","2","선거공약서","선거공약서","candidate-doc:100162677:2","false","","false","","","current_unavailable_official_source","선거공약서||||||0||HEIGHT||Y||||00","Current official API returned no downloadable PDF path."
"420260603-음성군-100159438-2-선거공약서","제9회 전국동시지방선거","420260603","구·시·군의 장선거","4","음성군","임택수","100159438","국민의힘","200","2","정당인","충북대학교 행정대학원 졸업(행정학석사)","2","선거공약서","선거공약서","candidate-doc:100159438:2","false","","false","","","current_unavailable_official_source","선거공약서||||||0||HEIGHT||Y||||00","Current official API returned no downloadable PDF path."
"420260603-단양군-100159212-2-선거공약서","제9회 전국동시지방선거","420260603","구·시·군의 장선거","4","단양군","김광직","100159212","더불어민주당","100","1","정당인","연세대학교 정경·창업대학원 국제복지전공 석사과정 졸업(사회복지학석사)","2","선거공약서","선거공약서","candidate-doc:100159212:2","false","","false","","","current_unavailable_official_source","선거공약서||||||0||HEIGHT||Y||||00","Current official API returned no downloadable PDF path."
"420260603-단양군-100161025-2-선거공약서","제9회 전국동시지방선거","420260603","구·시·군의 장선거","4","단양군","김문근","100161025","국민의힘","200","2","단양군수","충북대학교 행정대학원 졸업(행정학석사)","2","선거공약서","선거공약서","candidate-doc:100161025:2","false","","false","","","current_unavailable_official_source","선거공약서||||||0||HEIGHT||Y||||00","Current official API returned no downloadable PDF path."
"420260603-천안시-100155038-2-선거공약서","제9회 전국동시지방선거","420260603","구·시·군의 장선거","4","천안시","장기수","100155038","더불어민주당","100","1","정당인","단국대학교 경영학과 졸업","2","선거공약서","선거공약서","candidate-doc:100155038:2","false","","false","","","current_unavailable_official_source","선거공약서||||||0||HEIGHT||Y||||00","Current official API returned no downloadable PDF path."
"420260603-천안시-100155104-2-선거공약서","제9회 전국동시지방선거","420260603","구·시·군의 장선거","4","천안시","박찬우","100155104","국민의힘","200","2","정당인","성균관대학교 대학원 행정학과 졸업(행정학박사)","2","선거공약서","선거공약서","candidate-doc:100155104:2","false","","false","","","current_unavailable_official_source","선거공약서||||||0||HEIGHT||Y||||00","Current official API returned no downloadable PDF path."
"420260603-천안시-100163395-2-선거공약서","제9회 전국동시지방선거","420260603","구·시·군의 장선거","4","천안시","이성진","100163395","개혁신당","5070","4","기업인","문학사(심리학 전공)","2","선거공약서","선거공약서","candidate-doc:100163395:2","false","","false","","","current_unavailable_official_source","선거공약서||||||0||HEIGHT||Y||||00","Current official API returned no downloadable PDF path."
"420260603-공주시-100154547-2-선거공약서","제9회 전국동시지방선거","420260603","구·시·군의 장선거","4","공주시","김정섭","100154547","더불어민주당","100","1","정당인","고려대학교 정치외교학과 졸업","2","선거공약서","선거공약서","candidate-doc:100154547:2","false","","false","","","current_unavailable_official_source","선거공약서||||||0||HEIGHT||Y||||00","Current official API returned no downloadable PDF path."
"420260603-공주시-100161314-2-선거공약서","제9회 전국동시지방선거","420260603","구·시·군의 장선거","4","공주시","최원철","100161314","국민의힘","200","2","공주시장","인천대학교 건축공학과 졸업","2","선거공약서","선거공약서","candidate-doc:100161314:2","false","","false","","","current_unavailable_official_source","선거공약서||||||0||HEIGHT||Y||||00","Current official API returned no downloadable PDF path."
"420260603-보령시-100153989-2-선거공약서","제9회 전국동시지방선거","420260603","구·시·군의 장선거","4","보령시","이영우","100153989","더불어민주당","100","1","정당인","공주대학교 식물자원학과 졸업(농학사)","2","선거공약서","선거공약서","candidate-doc:100153989:2","false","","false","","","current_unavailable_official_source","선거공약서||||||0||HEIGHT||Y||||00","Current official API returned no downloadable PDF path."
"420260603-보령시-100156967-2-선거공약서","제9회 전국동시지방선거","420260603","구·시·군의 장선거","4","보령시","엄승용","100156967","국민의힘","200","2","보령시 발전협의회 회장","영국 뉴캐슬대학교 정치학 박사(2000.01. - 2010.08.)","2","선거공약서","선거공약서","candidate-doc:100156967:2","false","","false","","","current_unavailable_official_source","선거공약서||||||0||HEIGHT||Y||||00","Current official API returned no downloadable PDF path."
"420260603-보령시-100157659-2-선거공약서","제9회 전국동시지방선거","420260603","구·시·군의 장선거","4","보령시","김흥식","100157659","무소속","9999","5","보령 해양도시 전략연구소 이사장","경기대학교 관광전문대학원 졸업(관광학박사)","2","선거공약서","선거공약서","candidate-doc:100157659:2","false","","false","","","current_unavailable_official_source","선거공약서||||||0||HEIGHT||Y||||00","Current official API returned no downloadable PDF path."
"420260603-아산시-100160751-2-선거공약서","제9회 전국동시지방선거","420260603","구·시·군의 장선거","4","아산시","한태국","100160751","무소속","9999","5","아산천호교회 JEBS (정철영어성경학교) 디렉터","고든-콘웰 신학대학원 졸업(신학석사) (2002. 9- 2003. 5)","2","선거공약서","선거공약서","candidate-doc:100160751:2","false","","false","","","current_unavailable_official_source","선거공약서||||||0||HEIGHT||Y||||00","Current official API returned no downloadable PDF path."
"420260603-서산시-100154484-2-선거공약서","제9회 전국동시지방선거","420260603","구·시·군의 장선거","4","서산시","맹정호","100154484","더불어민주당","100","1","정당인","충남대학교 국어국문학과 졸업","2","선거공약서","선거공약서","candidate-doc:100154484:2","false","","false","","","current_unavailable_official_source","선거공약서||||||0||HEIGHT||Y||||00","Current official API returned no downloadable PDF path."
"420260603-서산시-100162794-2-선거공약서","제9회 전국동시지방선거","420260603","구·시·군의 장선거","4","서산시","이완섭","100162794","국민의힘","200","2","서산시장","숭실대학교 대학원 IT 정책경영학과 졸업 (공학박사)","2","선거공약서","선거공약서","candidate-doc:100162794:2","false","","false","","","current_unavailable_official_source","선거공약서||||||0||HEIGHT||Y||||00","Current official API returned no downloadable PDF path."
"420260603-서산시-100158737-2-선거공약서","제9회 전국동시지방선거","420260603","구·시·군의 장선거","4","서산시","유관곤","100158737","개혁신당","5070","4","정당인","진주농림전문대학 농업과 졸업 (현 경상국립대학교)","2","선거공약서","선거공약서","candidate-doc:100158737:2","false","","false","","","current_unavailable_official_source","선거공약서||||||0||HEIGHT||Y||||00","Current official API returned no downloadable PDF path."
"420260603-논산시-100159108-2-선거공약서","제9회 전국동시지방선거","420260603","구·시·군의 장선거","4","논산시","오인환","100159108","더불어민주당","100","1","충청남도의회의원","충남대학교 졸업","2","선거공약서","선거공약서","candidate-doc:100159108:2","false","","false","","","current_unavailable_official_source","선거공약서||||||0||HEIGHT||Y||||00","Current official API returned no downloadable PDF path."
"420260603-논산시-100162268-2-선거공약서","제9회 전국동시지방선거","420260603","구·시·군의 장선거","4","논산시","백성현","100162268","국민의힘","200","2","논산시장","건국대학교 행정대학원 졸업(행정학석사)","2","선거공약서","선거공약서","candidate-doc:100162268:2","false","","false","","","current_unavailable_official_source","선거공약서||||||0||HEIGHT||Y||||00","Current official API returned no downloadable PDF path."
"420260603-논산시-100161551-2-선거공약서","제9회 전국동시지방선거","420260603","구·시·군의 장선거","4","논산시","이창원","100161551","개혁신당","5070","4","세무사이창원사무소 대표","고려대학교 정책대학원 졸업(경제학석사)","2","선거공약서","선거공약서","candidate-doc:100161551:2","false","","false","","","current_unavailable_official_source","선거공약서||||||0||HEIGHT||Y||||00","Current official API returned no downloadable PDF path."
"420260603-계룡시-100153959-2-선거공약서","제9회 전국동시지방선거","420260603","구·시·군의 장선거","4","계룡시","정준영","100153959","더불어민주당","100","1","정당인","배재대학교 평생교육융합학부 지역소상공비즈니스 재학중","2","선거공약서","선거공약서","candidate-doc:100153959:2","false","","false","","","current_unavailable_official_source","선거공약서||||||0||HEIGHT||Y||||00","Current official API returned no downloadable PDF path."
"420260603-계룡시-100163636-2-선거공약서","제9회 전국동시지방선거","420260603","구·시·군의 장선거","4","계룡시","이응우","100163636","국민의힘","200","2","계룡시장","배재대학교 대학원 졸업(행정학박사)","2","선거공약서","선거공약서","candidate-doc:100163636:2","false","","false","","","current_unavailable_official_source","선거공약서||||||0||HEIGHT||Y||||00","Current official API returned no downloadable PDF path."
"420260603-당진시-100154262-2-선거공약서","제9회 전국동시지방선거","420260603","구·시·군의 장선거","4","당진시","김기재","100154262","더불어민주당","100","1","정당인","한양대학교 공공정책대학원 지방자치학과 졸업(행정학석사)","2","선거공약서","선거공약서","candidate-doc:100154262:2","false","","false","","","current_unavailable_official_source","선거공약서||||||0||HEIGHT||Y||||00","Current official API returned no downloadable PDF path."
"420260603-당진시-100157962-2-선거공약서","제9회 전국동시지방선거","420260603","구·시·군의 장선거","4","당진시","오성환","100157962","국민의힘","200","2","당진시장","고려대학교 행정대학원 졸업(행정학 석사)","2","선거공약서","선거공약서","candidate-doc:100157962:2","false","","false","","","current_unavailable_official_source","선거공약서||||||0||HEIGHT||Y||||00","Current official API returned no downloadable PDF path."
"420260603-금산군-100159379-2-선거공약서","제9회 전국동시지방선거","420260603","구·시·군의 장선거","4","금산군","문정우","100159379","더불어민주당","100","1","정치인","건국대학교 일반대학원 동물자원과학과 동물영양자원학전공 졸업(농학 박사)","2","선거공약서","선거공약서","candidate-doc:100159379:2","false","","false","","","current_unavailable_official_source","선거공약서||||||0||HEIGHT||Y||||00","Current official API returned no downloadable PDF path."
"420260603-금산군-100162209-2-선거공약서","제9회 전국동시지방선거","420260603","구·시·군의 장선거","4","금산군","박범인","100162209","국민의힘","200","2","금산군수","배재대학교 일반대학원 박사과정 수료(관광경영학 전공)","2","선거공약서","선거공약서","candidate-doc:100162209:2","false","","false","","","current_unavailable_official_source","선거공약서||||||0||HEIGHT||Y||||00","Current official API returned no downloadable PDF path."
"420260603-금산군-100159392-2-선거공약서","제9회 전국동시지방선거","420260603","구·시·군의 장선거","4","금산군","안찬","100159392","조국혁신당","5077","3","정당인","성균관대학교경영대학원 경영정보전공 졸업(경영학석사)","2","선거공약서","선거공약서","candidate-doc:100159392:2","false","","false","","","current_unavailable_official_source","선거공약서||||||0||HEIGHT||Y||||00","Current official API returned no downloadable PDF path."
"420260603-부여군-100159359-2-선거공약서","제9회 전국동시지방선거","420260603","구·시·군의 장선거","4","부여군","김민수","100159359","더불어민주당","100","1","충청남도의회의원","공주대학교 일반대학원 졸업(농학석사)","2","선거공약서","선거공약서","candidate-doc:100159359:2","false","","false","","","current_unavailable_official_source","선거공약서||||||0||HEIGHT||Y||||00","Current official API returned no downloadable PDF path."
"420260603-부여군-100158308-2-선거공약서","제9회 전국동시지방선거","420260603","구·시·군의 장선거","4","부여군","이용우","100158308","국민의힘","200","2","정당인","동국대학교 대학원 정치학과 박사과정 수료","2","선거공약서","선거공약서","candidate-doc:100158308:2","false","","false","","","current_unavailable_official_source","선거공약서||||||0||HEIGHT||Y||||00","Current official API returned no downloadable PDF path."
"420260603-부여군-100160810-2-선거공약서","제9회 전국동시지방선거","420260603","구·시·군의 장선거","4","부여군","김기서","100160810","무소속","9999","5","충청남도의회의원","고려대학교 경영정보대학원 졸업(경영학 석사)","2","선거공약서","선거공약서","candidate-doc:100160810:2","false","","false","","","current_unavailable_official_source","선거공약서||||||0||HEIGHT||Y||||00","Current official API returned no downloadable PDF path."
"420260603-서천군-100159444-2-선거공약서","제9회 전국동시지방선거","420260603","구·시·군의 장선거","4","서천군","유승광","100159444","더불어민주당","100","1","정당인","공주대학교 대학원 역사교육학과 졸업(교육학박사)","2","선거공약서","선거공약서","candidate-doc:100159444:2","false","","false","","","current_unavailable_official_source","선거공약서||||||0||HEIGHT||Y||||00","Current official API returned no downloadable PDF path."
"420260603-서천군-100163271-2-선거공약서","제9회 전국동시지방선거","420260603","구·시·군의 장선거","4","서천군","조중연","100163271","개혁신당","5070","4","정당인","성균관대학교 국정관리대학원 국정관리학과(석사과정 수료)","2","선거공약서","선거공약서","candidate-doc:100163271:2","false","","false","","","current_unavailable_official_source","선거공약서||||||0||HEIGHT||Y||||00","Current official API returned no downloadable PDF path."
"420260603-서천군-100163271-3-5대공약","제9회 전국동시지방선거","420260603","구·시·군의 장선거","4","서천군","조중연","100163271","개혁신당","5070","4","정당인","성균관대학교 국정관리대학원 국정관리학과(석사과정 수료)","3","5대공약","5대공약","candidate-doc:100163271:3","false","","false","","","current_unavailable_official_source","5대공약||||||0||HEIGHT||Y||||00","Current official API returned no downloadable PDF path."
"420260603-청양군-100162513-2-선거공약서","제9회 전국동시지방선거","420260603","구·시·군의 장선거","4","청양군","김돈곤","100162513","더불어민주당","100","1","공무원","충남대학교 행정대학원 졸업(행정학석사)","2","선거공약서","선거공약서","candidate-doc:100162513:2","false","","false","","","current_unavailable_official_source","선거공약서||||||0||HEIGHT||Y||||00","Current official API returned no downloadable PDF path."
"420260603-청양군-100158459-2-선거공약서","제9회 전국동시지방선거","420260603","구·시·군의 장선거","4","청양군","김홍열","100158459","국민의힘","200","2","호서대학교 부교수","공주대학교대학원 졸업(경영학석사)","2","선거공약서","선거공약서","candidate-doc:100158459:2","false","","false","","","current_unavailable_official_source","선거공약서||||||0||HEIGHT||Y||||00","Current official API returned no downloadable PDF path."
"420260603-홍성군-100157966-2-선거공약서","제9회 전국동시지방선거","420260603","구·시·군의 장선거","4","홍성군","손세희","100157966","더불어민주당","100","1","기업인","충남대학교 축산학과 졸업","2","선거공약서","선거공약서","candidate-doc:100157966:2","false","","false","","","current_unavailable_official_source","선거공약서||||||0||HEIGHT||Y||||00","Current official API returned no downloadable PDF path."
"420260603-홍성군-100158881-2-선거공약서","제9회 전국동시지방선거","420260603","구·시·군의 장선거","4","홍성군","박정주","100158881","국민의힘","200","2","정당인","서울대학교 농경제학과 졸업","2","선거공약서","선거공약서","candidate-doc:100158881:2","false","","false","","","current_unavailable_official_source","선거공약서||||||0||HEIGHT||Y||||00","Current official API returned no downloadable PDF path."
"420260603-홍성군-100159999-2-선거공약서","제9회 전국동시지방선거","420260603","구·시·군의 장선거","4","홍성군","이두원","100159999","무소속","9999","5","농업","충남대학교 낙농학과 졸업","2","선거공약서","선거공약서","candidate-doc:100159999:2","false","","false","","","current_unavailable_official_source","선거공약서||||||0||HEIGHT||Y||||00","Current official API returned no downloadable PDF path."
"420260603-예산군-100159246-2-선거공약서","제9회 전국동시지방선거","420260603","구·시·군의 장선거","4","예산군","조한영","100159246","더불어민주당","100","1","정당인","한남대학교 사회문화대학원 지역발전정책학과 졸업","2","선거공약서","선거공약서","candidate-doc:100159246:2","false","","false","","","current_unavailable_official_source","선거공약서||||||0||HEIGHT||Y||||00","Current official API returned no downloadable PDF path."
"420260603-예산군-100162827-2-선거공약서","제9회 전국동시지방선거","420260603","구·시·군의 장선거","4","예산군","최재구","100162827","국민의힘","200","2","예산군수","공주대학교 산업과학대학원 농학석사(축산학전공) 졸업","2","선거공약서","선거공약서","candidate-doc:100162827:2","false","","false","","","current_unavailable_official_source","선거공약서||||||0||HEIGHT||Y||||00","Current official API returned no downloadable PDF path."
"420260603-태안군-100159472-2-선거공약서","제9회 전국동시지방선거","420260603","구·시·군의 장선거","4","태안군","강철민","100159472","더불어민주당","100","1","정당인","청운대학교 대학원 소셜e-비즈니스창업학과 2학기 재학중","2","선거공약서","선거공약서","candidate-doc:100159472:2","false","","false","","","current_unavailable_official_source","선거공약서||||||0||HEIGHT||Y||||00","Current official API returned no downloadable PDF path."
"420260603-태안군-100159430-2-선거공약서","제9회 전국동시지방선거","420260603","구·시·군의 장선거","4","태안군","윤희신","100159430","국민의힘","200","2","정당인","고려대학교 정책대학원 졸업(경제학 석사)","2","선거공약서","선거공약서","candidate-doc:100159430:2","false","","false","","","current_unavailable_official_source","선거공약서||||||0||HEIGHT||Y||||00","Current official API returned no downloadable PDF path."
"420260603-전주시-100154441-2-선거공약서","제9회 전국동시지방선거","420260603","구·시·군의 장선거","4","전주시","조지훈","100154441","더불어민주당","100","1","정당인","전북대학교 대학원 행정학과 박사과정 수료","2","선거공약서","선거공약서","candidate-doc:100154441:2","false","","false","","","current_unavailable_official_source","선거공약서||||||0||HEIGHT||Y||||00","Current official API returned no downloadable PDF path."
"420260603-전주시-100154492-2-선거공약서","제9회 전국동시지방선거","420260603","구·시·군의 장선거","4","전주시","강성희","100154492","진보당","5010","5","정당인","한국외국어대학교 언어인지과학과 졸업","2","선거공약서","선거공약서","candidate-doc:100154492:2","false","","false","","","current_unavailable_official_source","선거공약서||||||0||HEIGHT||Y||||00","Current official API returned no downloadable PDF path."
"420260603-전주시-100163701-2-선거공약서","제9회 전국동시지방선거","420260603","구·시·군의 장선거","4","전주시","김광종","100163701","무소속","9999","6","정치인","서울대학교 외교학과 졸업","2","선거공약서","선거공약서","candidate-doc:100163701:2","false","","false","","","current_unavailable_official_source","선거공약서||||||0||HEIGHT||Y||||00","Current official API returned no downloadable PDF path."
"420260603-군산시-100153863-2-선거공약서","제9회 전국동시지방선거","420260603","구·시·군의 장선거","4","군산시","김재준","100153863","더불어민주당","100","1","정당인","전북대학교 대학원 경제학과 졸업(경제학석사)","2","선거공약서","선거공약서","candidate-doc:100153863:2","false","","false","","","current_unavailable_official_source","선거공약서||||||0||HEIGHT||Y||||00","Current official API returned no downloadable PDF path."
"420260603-군산시-100155581-2-선거공약서","제9회 전국동시지방선거","420260603","구·시·군의 장선거","4","군산시","이주현","100155581","조국혁신당","5077","3","정당인","연세대학교 행정대학원 행정학 석사","2","선거공약서","선거공약서","candidate-doc:100155581:2","false","","false","","","current_unavailable_official_source","선거공약서||||||0||HEIGHT||Y||||00","Current official API returned no downloadable PDF path."
"420260603-군산시-100161913-2-선거공약서","제9회 전국동시지방선거","420260603","구·시·군의 장선거","4","군산시","고영섭","100161913","무소속","9999","5","(주)서광경영 대표","원광대학교 경영대학원 경영학과 졸업(경영학박사)","2","선거공약서","선거공약서","candidate-doc:100161913:2","false","","false","","","current_unavailable_official_source","선거공약서||||||0||HEIGHT||Y||||00","Current official API returned no downloadable PDF path."
"420260603-익산시-100154556-2-선거공약서","제9회 전국동시지방선거","420260603","구·시·군의 장선거","4","익산시","최정호","100154556","더불어민주당","100","1","정당인","광운대학교 대학원 부동산학과 박사 과정 졸업","2","선거공약서","선거공약서","candidate-doc:100154556:2","false","","false","","","current_unavailable_official_source","선거공약서||||||0||HEIGHT||Y||||00","Current official API returned no downloadable PDF path."
"420260603-익산시-100155689-2-선거공약서","제9회 전국동시지방선거","420260603","구·시·군의 장선거","4","익산시","임형택","100155689","조국혁신당","5077","3","Like익산포럼 대표","원광대학교 대학원 사회적경제학과 졸업(사회학박사)","2","선거공약서","선거공약서","candidate-doc:100155689:2","false","","false","","","current_unavailable_official_source","선거공약서||||||0||HEIGHT||Y||||00","Current official API returned no downloadable PDF path."
"420260603-익산시-100153831-2-선거공약서","제9회 전국동시지방선거","420260603","구·시·군의 장선거","4","익산시","박경철","100153831","무소속","9999","5","정치인","원광대학교 대학원 졸업(정치학석사)","2","선거공약서","선거공약서","candidate-doc:100153831:2","false","","false","","","current_unavailable_official_source","선거공약서||||||0||HEIGHT||Y||||00","Current official API returned no downloadable PDF path."
"420260603-익산시-100163020-2-선거공약서","제9회 전국동시지방선거","420260603","구·시·군의 장선거","4","익산시","황세연","100163020","무소속","9999","6","출판업","성균관대학교 철학과 졸업예정","2","선거공약서","선거공약서","candidate-doc:100163020:2","false","","false","","","current_unavailable_official_source","선거공약서||||||0||HEIGHT||Y||||00","Current official API returned no downloadable PDF path."
"420260603-정읍시-100163655-2-선거공약서","제9회 전국동시지방선거","420260603","구·시·군의 장선거","4","정읍시","이학수","100163655","더불어민주당","100","1","정읍시장","전주대학교 대학원 졸업(금융보험학석사)","2","선거공약서","선거공약서","candidate-doc:100163655:2","false","","false","","","current_unavailable_official_source","선거공약서||||||0||HEIGHT||Y||||00","Current official API returned no downloadable PDF path."
"420260603-정읍시-100156163-2-선거공약서","제9회 전국동시지방선거","420260603","구·시·군의 장선거","4","정읍시","김민영","100156163","조국혁신당","5077","3","정치인","조선대학교 경영대학원 졸업(경영학석사)","2","선거공약서","선거공약서","candidate-doc:100156163:2","false","","false","","","current_unavailable_official_source","선거공약서||||||0||HEIGHT||Y||||00","Current official API returned no downloadable PDF path."
"420260603-정읍시-100154602-2-선거공약서","제9회 전국동시지방선거","420260603","구·시·군의 장선거","4","정읍시","김재선","100154602","무소속","9999","5","덕산그룹 회장","전북과학대학교 경영세무회계과 졸업","2","선거공약서","선거공약서","candidate-doc:100154602:2","false","","false","","","current_unavailable_official_source","선거공약서||||||0||HEIGHT||Y||||00","Current official API returned no downloadable PDF path."
"420260603-남원시-100154499-2-선거공약서","제9회 전국동시지방선거","420260603","구·시·군의 장선거","4","남원시","양충모","100154499","더불어민주당","100","1","전북대학교 교수","가천대학교 대학원 경영학 박사(회계, 세무학과/회계학 전공)","2","선거공약서","선거공약서","candidate-doc:100154499:2","false","","false","","","current_unavailable_official_source","선거공약서||||||0||HEIGHT||Y||||00","Current official API returned no downloadable PDF path."
"420260603-남원시-100158759-2-선거공약서","제9회 전국동시지방선거","420260603","구·시·군의 장선거","4","남원시","강동원","100158759","조국혁신당","5077","3","정당인","경기대학교 정치전문대학원 졸업(정치학박사)","2","선거공약서","선거공약서","candidate-doc:100158759:2","false","","false","","","current_unavailable_official_source","선거공약서||||||0||HEIGHT||Y||||00","Current official API returned no downloadable PDF path."
"420260603-남원시-100162400-2-선거공약서","제9회 전국동시지방선거","420260603","구·시·군의 장선거","4","남원시","황의돈","100162400","무소속","9999","5","농업","미기재","2","선거공약서","선거공약서","candidate-doc:100162400:2","false","","false","","","current_unavailable_official_source","선거공약서||||||0||HEIGHT||Y||||00","Current official API returned no downloadable PDF path."
"420260603-김제시-100163513-1-선거공보","제9회 전국동시지방선거","420260603","구·시·군의 장선거","4","김제시","정성주","100163513","더불어민주당","100","1","김제시장","전북대학교 행정대학원 졸업(행정학 석사)","1","선거공보","선거공보","candidate-doc:100163513:1","false","","false","","","current_unavailable_official_source","선거공보||||||0||HEIGHT||Y||||00","Current official API returned no downloadable PDF path."
"420260603-김제시-100163513-2-선거공약서","제9회 전국동시지방선거","420260603","구·시·군의 장선거","4","김제시","정성주","100163513","더불어민주당","100","1","김제시장","전북대학교 행정대학원 졸업(행정학 석사)","2","선거공약서","선거공약서","candidate-doc:100163513:2","false","","false","","","current_unavailable_official_source","선거공약서||||||0||HEIGHT||Y||||00","Current official API returned no downloadable PDF path."
"420260603-김제시-100165590-1-선거공보","제9회 전국동시지방선거","420260603","구·시·군의 장선거","4","김제시","이병철","100165590","무소속","9999","5","김제시의회의원","호원대학교 행정·사회복지학부(행정학 전공,사회복지학 복수전공)졸업","1","선거공보","선거공보","candidate-doc:100165590:1","false","","false","","","current_unavailable_official_source","선거공보||||||0||HEIGHT||Y||||00","Current official API returned no downloadable PDF path."
"420260603-김제시-100165590-2-선거공약서","제9회 전국동시지방선거","420260603","구·시·군의 장선거","4","김제시","이병철","100165590","무소속","9999","5","김제시의회의원","호원대학교 행정·사회복지학부(행정학 전공,사회복지학 복수전공)졸업","2","선거공약서","선거공약서","candidate-doc:100165590:2","false","","false","","","current_unavailable_official_source","선거공약서||||||0||HEIGHT||Y||||00","Current official API returned no downloadable PDF path."
"420260603-완주군-100161540-2-선거공약서","제9회 전국동시지방선거","420260603","구·시·군의 장선거","4","완주군","유희태","100161540","더불어민주당","100","1","전북특별자치도 완주군수","전주대학교 경영학과 박사 학위과정 수료","2","선거공약서","선거공약서","candidate-doc:100161540:2","false","","false","","","current_unavailable_official_source","선거공약서||||||0||HEIGHT||Y||||00","Current official API returned no downloadable PDF path."
"420260603-완주군-100165284-2-선거공약서","제9회 전국동시지방선거","420260603","구·시·군의 장선거","4","완주군","국영석","100165284","무소속","9999","5","농업인","우석대학교 유통통상학부 졸업","2","선거공약서","선거공약서","candidate-doc:100165284:2","false","","false","","","current_unavailable_official_source","선거공약서||||||0||HEIGHT||Y||||00","Current official API returned no downloadable PDF path."
"420260603-진안군-100159517-2-선거공약서","제9회 전국동시지방선거","420260603","구·시·군의 장선거","4","진안군","전춘성","100159517","더불어민주당","100","1","진안군수","군산실업전문대학 관광과 졸업","2","선거공약서","선거공약서","candidate-doc:100159517:2","false","","false","","","current_unavailable_official_source","선거공약서||||||0||HEIGHT||Y||||00","Current official API returned no downloadable PDF path."
"420260603-진안군-100159503-2-선거공약서","제9회 전국동시지방선거","420260603","구·시·군의 장선거","4","진안군","천춘진","100159503","무소속","9999","5","농업","도쿄농업대학 농업대학원 농학박사(1999.4.-2002.3.)","2","선거공약서","선거공약서","candidate-doc:100159503:2","false","","false","","","current_unavailable_official_source","선거공약서||||||0||HEIGHT||Y||||00","Current official API returned no downloadable PDF path."
"420260603-진안군-100161906-2-선거공약서","제9회 전국동시지방선거","420260603","구·시·군의 장선거","4","진안군","고준식","100161906","무소속","9999","6","롱맨학원원장","고려대학교 영어영문학과 졸업","2","선거공약서","선거공약서","candidate-doc:100161906:2","false","","false","","","current_unavailable_official_source","선거공약서||||||0||HEIGHT||Y||||00","Current official API returned no downloadable PDF path."
"420260603-무주군-100161544-2-선거공약서","제9회 전국동시지방선거","420260603","구·시·군의 장선거","4","무주군","황인홍","100161544","더불어민주당","100","1","자치단체장","전주기전대학 사회복지상담과 졸업","2","선거공약서","선거공약서","candidate-doc:100161544:2","false","","false","","","current_unavailable_official_source","선거공약서||||||0||HEIGHT||Y||||00","Current official API returned no downloadable PDF path."
"420260603-무주군-100162825-2-선거공약서","제9회 전국동시지방선거","420260603","구·시·군의 장선거","4","무주군","한송희","100162825","무소속","9999","5","마케팅업","미기재","2","선거공약서","선거공약서","candidate-doc:100162825:2","false","","false","","","current_unavailable_official_source","선거공약서||||||0||HEIGHT||Y||||00","Current official API returned no downloadable PDF path."
"420260603-장수군-100160494-2-선거공약서","제9회 전국동시지방선거","420260603","구·시·군의 장선거","4","장수군","최훈식","100160494","더불어민주당","100","1","장수군수","전북대학교 행정대학원 행정학과 졸업(행정학 석사)","2","선거공약서","선거공약서","candidate-doc:100160494:2","false","","false","","","current_unavailable_official_source","선거공약서||||||0||HEIGHT||Y||||00","Current official API returned no downloadable PDF path."
"420260603-장수군-100159912-2-선거공약서","제9회 전국동시지방선거","420260603","구·시·군의 장선거","4","장수군","장영수","100159912","조국혁신당","5077","3","농업인","전북대학교 행정대학원 지방자치학과 졸업(정치학석사)","2","선거공약서","선거공약서","candidate-doc:100159912:2","false","","false","","","current_unavailable_official_source","선거공약서||||||0||HEIGHT||Y||||00","Current official API returned no downloadable PDF path."
"420260603-임실군-100160282-2-선거공약서","제9회 전국동시지방선거","420260603","구·시·군의 장선거","4","임실군","한득수","100160282","더불어민주당","100","1","축산업","벽성대학 사회복지경영과 졸업","2","선거공약서","선거공약서","candidate-doc:100160282:2","false","","false","","","current_unavailable_official_source","선거공약서||||||0||HEIGHT||Y||||00","Current official API returned no downloadable PDF path."
"420260603-임실군-100159563-2-선거공약서","제9회 전국동시지방선거","420260603","구·시·군의 장선거","4","임실군","정인준","100159563","무소속","9999","5","무직","호원대학교 건축토목공학부 졸업","2","선거공약서","선거공약서","candidate-doc:100159563:2","false","","false","","","current_unavailable_official_source","선거공약서||||||0||HEIGHT||Y||||00","Current official API returned no downloadable PDF path."
"420260603-임실군-100159965-2-선거공약서","제9회 전국동시지방선거","420260603","구·시·군의 장선거","4","임실군","한병락","100159965","무소속","9999","6","무직","서울대학교 행정대학원 졸업(행정학석사)","2","선거공약서","선거공약서","candidate-doc:100159965:2","false","","false","","","current_unavailable_official_source","선거공약서||||||0||HEIGHT||Y||||00","Current official API returned no downloadable PDF path."
"420260603-순창군-100163638-2-선거공약서","제9회 전국동시지방선거","420260603","구·시·군의 장선거","4","순창군","최영일","100163638","더불어민주당","100","1","공무원","전주대학교 경영학부(경영학사)졸업","2","선거공약서","선거공약서","candidate-doc:100163638:2","false","","false","","","current_unavailable_official_source","선거공약서||||||0||HEIGHT||Y||||00","Current official API returned no downloadable PDF path."
"420260603-순창군-100161080-2-선거공약서","제9회 전국동시지방선거","420260603","구·시·군의 장선거","4","순창군","오은미","100161080","진보당","5010","5","전북특별자치도의회 의원","전주한일신학교 신학부(현 한일장신대학교 신학과)졸업","2","선거공약서","선거공약서","candidate-doc:100161080:2","false","","false","","","current_unavailable_official_source","선거공약서||||||0||HEIGHT||Y||||00","Current official API returned no downloadable PDF path."
"420260603-고창군-100159173-2-선거공약서","제9회 전국동시지방선거","420260603","구·시·군의 장선거","4","고창군","장명식","100159173","무소속","9999","5","무직","전북대학교 행정대학원 정치학석사(지방자치학)","2","선거공약서","선거공약서","candidate-doc:100159173:2","false","","false","","","current_unavailable_official_source","선거공약서||||||0||HEIGHT||Y||||00","Current official API returned no downloadable PDF path."
"420260603-고창군-100159173-3-5대공약","제9회 전국동시지방선거","420260603","구·시·군의 장선거","4","고창군","장명식","100159173","무소속","9999","5","무직","전북대학교 행정대학원 정치학석사(지방자치학)","3","5대공약","5대공약","candidate-doc:100159173:3","false","","false","","","current_unavailable_official_source","5대공약||||||0||HEIGHT||Y||||00","Current official API returned no downloadable PDF path."
"420260603-고창군-100164732-2-선거공약서","제9회 전국동시지방선거","420260603","구·시·군의 장선거","4","고창군","정원환","100164732","무소속","9999","6","정치인","우석대학교 예체능대학 4학년 수료","2","선거공약서","선거공약서","candidate-doc:100164732:2","false","","false","","","current_unavailable_official_source","선거공약서||||||0||HEIGHT||Y||||00","Current official API returned no downloadable PDF path."
"420260603-고창군-100164732-3-5대공약","제9회 전국동시지방선거","420260603","구·시·군의 장선거","4","고창군","정원환","100164732","무소속","9999","6","정치인","우석대학교 예체능대학 4학년 수료","3","5대공약","5대공약","candidate-doc:100164732:3","false","","false","","","current_unavailable_official_source","5대공약||||||0||HEIGHT||Y||||00","Current official API returned no downloadable PDF path."
"420260603-부안군-100159616-2-선거공약서","제9회 전국동시지방선거","420260603","구·시·군의 장선거","4","부안군","권익현","100159616","더불어민주당","100","1","선출직공무원","전북대학교 대학원 행정학과 박사과정 수료","2","선거공약서","선거공약서","candidate-doc:100159616:2","false","","false","","","current_unavailable_official_source","선거공약서||||||0||HEIGHT||Y||||00","Current official API returned no downloadable PDF path."
"420260603-부안군-100159745-2-선거공약서","제9회 전국동시지방선거","420260603","구·시·군의 장선거","4","부안군","김성태","100159745","국민의힘","200","2","정당인","전주비전대학교 사회복지경영학과 졸업","2","선거공약서","선거공약서","candidate-doc:100159745:2","false","","false","","","current_unavailable_official_source","선거공약서||||||0||HEIGHT||Y||||00","Current official API returned no downloadable PDF path."
"420260603-부안군-100159592-2-선거공약서","제9회 전국동시지방선거","420260603","구·시·군의 장선거","4","부안군","김성수","100159592","조국혁신당","5077","3","등용 RPC 대표이사","전북대학교 생명자원과학대학원 농업개발학과 졸업(농학석사)","2","선거공약서","선거공약서","candidate-doc:100159592:2","false","","false","","","current_unavailable_official_source","선거공약서||||||0||HEIGHT||Y||||00","Current official API returned no downloadable PDF path."
"420260603-부안군-100163535-2-선거공약서","제9회 전국동시지방선거","420260603","구·시·군의 장선거","4","부안군","김종규","100163535","무소속","9999","5","무직","전주대학교 일반대학원 법학과 박사 학위과정 수료","2","선거공약서","선거공약서","candidate-doc:100163535:2","false","","false","","","current_unavailable_official_source","선거공약서||||||0||HEIGHT||Y||||00","Current official API returned no downloadable PDF path."
"420260603-목포시-100154453-2-선거공약서","제9회 전국동시지방선거","420260603","구·시·군의 장선거","4","목포시","강성휘","100154453","더불어민주당","100","1","정당인","목포대학교 일반대학원 행정학 박사","2","선거공약서","선거공약서","candidate-doc:100154453:2","false","","false","","","current_unavailable_official_source","선거공약서||||||0||HEIGHT||Y||||00","Current official API returned no downloadable PDF path."
"420260603-목포시-100163944-2-선거공약서","제9회 전국동시지방선거","420260603","구·시·군의 장선거","4","목포시","윤선웅","100163944","국민의힘","200","2","기업인","건국대학교 일반대학원 박사과정 도시재생학과 도시 및 지역계획 전공 수료","2","선거공약서","선거공약서","candidate-doc:100163944:2","false","","false","","","current_unavailable_official_source","선거공약서||||||0||HEIGHT||Y||||00","Current official API returned no downloadable PDF path."
"420260603-목포시-100155357-2-선거공약서","제9회 전국동시지방선거","420260603","구·시·군의 장선거","4","목포시","박홍률","100155357","조국혁신당","5077","3","정치인","한양대학교 행정대학원 사법경찰행정학과 졸업(석사)","2","선거공약서","선거공약서","candidate-doc:100155357:2","false","","false","","","current_unavailable_official_source","선거공약서||||||0||HEIGHT||Y||||00","Current official API returned no downloadable PDF path."
"420260603-목포시-100156171-2-선거공약서","제9회 전국동시지방선거","420260603","구·시·군의 장선거","4","목포시","여인두","100156171","정의당","730","5","정당인","목포대학교 사회과학대학 행정학과 졸업","2","선거공약서","선거공약서","candidate-doc:100156171:2","false","","false","","","current_unavailable_official_source","선거공약서||||||0||HEIGHT||Y||||00","Current official API returned no downloadable PDF path."
"420260603-여수시-100155926-2-선거공약서","제9회 전국동시지방선거","420260603","구·시·군의 장선거","4","여수시","서영학","100155926","더불어민주당","100","1","행정사","전남대학교 일반대학원 임학과 석사과정 수료","2","선거공약서","선거공약서","candidate-doc:100155926:2","false","","false","","","current_unavailable_official_source","선거공약서||||||0||HEIGHT||Y||||00","Current official API returned no downloadable PDF path."
"420260603-여수시-100154344-2-선거공약서","제9회 전국동시지방선거","420260603","구·시·군의 장선거","4","여수시","명창환","100154344","조국혁신당","5077","3","정당인","전남대학교 법과대학 행정학과 졸업","2","선거공약서","선거공약서","candidate-doc:100154344:2","false","","false","","","current_unavailable_official_source","선거공약서||||||0||HEIGHT||Y||||00","Current official API returned no downloadable PDF path."
"420260603-여수시-100154700-2-선거공약서","제9회 전국동시지방선거","420260603","구·시·군의 장선거","4","여수시","원용규","100154700","무소속","9999","5","무직","가톨릭대학교 영어영미문화과 졸업","2","선거공약서","선거공약서","candidate-doc:100154700:2","false","","false","","","current_unavailable_official_source","선거공약서||||||0||HEIGHT||Y||||00","Current official API returned no downloadable PDF path."
"420260603-여수시-100156517-2-선거공약서","제9회 전국동시지방선거","420260603","구·시·군의 장선거","4","여수시","김창주","100156517","무소속","9999","6","주식회사 휴엔텍 대표","연세대학교 법과대학 법학과 졸업","2","선거공약서","선거공약서","candidate-doc:100156517:2","false","","false","","","current_unavailable_official_source","선거공약서||||||0||HEIGHT||Y||||00","Current official API returned no downloadable PDF path."
"420260603-순천시-100154578-2-선거공약서","제9회 전국동시지방선거","420260603","구·시·군의 장선거","4","순천시","손훈모","100154578","더불어민주당","100","1","법률사무소 순천 대표변호사","고려대학교 법학과 졸업","2","선거공약서","선거공약서","candidate-doc:100154578:2","false","","false","","","current_unavailable_official_source","선거공약서||||||0||HEIGHT||Y||||00","Current official API returned no downloadable PDF path."
"420260603-순천시-100155728-2-선거공약서","제9회 전국동시지방선거","420260603","구·시·군의 장선거","4","순천시","이성수","100155728","진보당","5010","5","정당인","중앙대학교 정경대학 정치외교학과 졸업","2","선거공약서","선거공약서","candidate-doc:100155728:2","false","","false","","","current_unavailable_official_source","선거공약서||||||0||HEIGHT||Y||||00","Current official API returned no downloadable PDF path."
"420260603-순천시-100163478-2-선거공약서","제9회 전국동시지방선거","420260603","구·시·군의 장선거","4","순천시","노관규","100163478","무소속","9999","6","순천시장","한국방송통신대학교 경영학과 1학년 제적(1986.03.01~1991.12.19)","2","선거공약서","선거공약서","candidate-doc:100163478:2","false","","false","","","current_unavailable_official_source","선거공약서||||||0||HEIGHT||Y||||00","Current official API returned no downloadable PDF path."
"420260603-나주시-100159254-2-선거공약서","제9회 전국동시지방선거","420260603","구·시·군의 장선거","4","나주시","윤병태","100159254","더불어민주당","100","1","나주시장","미국미주리대학교-컬럼비아경제학대학원(경제학박사) [2004.1~2006.12]","2","선거공약서","선거공약서","candidate-doc:100159254:2","false","","false","","","current_unavailable_official_source","선거공약서||||||0||HEIGHT||Y||||00","Current official API returned no downloadable PDF path."
"420260603-나주시-100154407-2-선거공약서","제9회 전국동시지방선거","420260603","구·시·군의 장선거","4","나주시","김덕수","100154407","조국혁신당","5077","3","정당인","전남대학교 경영대학 경제학과 졸업","2","선거공약서","선거공약서","candidate-doc:100154407:2","false","","false","","","current_unavailable_official_source","선거공약서||||||0||HEIGHT||Y||||00","Current official API returned no downloadable PDF path."
"420260603-광양시-100158508-2-선거공약서","제9회 전국동시지방선거","420260603","구·시·군의 장선거","4","광양시","정인화","100158508","더불어민주당","100","1","광양시장","한양대학교 국제관광대학원졸업(국제관광학석사)","2","선거공약서","선거공약서","candidate-doc:100158508:2","false","","false","","","current_unavailable_official_source","선거공약서||||||0||HEIGHT||Y||||00","Current official API returned no downloadable PDF path."
"420260603-광양시-100154755-2-선거공약서","제9회 전국동시지방선거","420260603","구·시·군의 장선거","4","광양시","박성현","100154755","무소속","9999","5","국립목포해양대학교 교수","한국해양대학 항해학과 졸업((현)국립한국해양대학교)","2","선거공약서","선거공약서","candidate-doc:100154755:2","false","","false","","","current_unavailable_official_source","선거공약서||||||0||HEIGHT||Y||||00","Current official API returned no downloadable PDF path."
"420260603-광양시-100162955-2-선거공약서","제9회 전국동시지방선거","420260603","구·시·군의 장선거","4","광양시","박필순","100162955","무소속","9999","6","무직","한양대학교 행정대학원 일반행정전공 졸업(행정학석사)","2","선거공약서","선거공약서","candidate-doc:100162955:2","false","","false","","","current_unavailable_official_source","선거공약서||||||0||HEIGHT||Y||||00","Current official API returned no downloadable PDF path."
"420260603-담양군-100159766-2-선거공약서","제9회 전국동시지방선거","420260603","구·시·군의 장선거","4","담양군","박종원","100159766","더불어민주당","100","1","전라남도의회의원","전남대학교 정책대학원 졸업(행정학석사)","2","선거공약서","선거공약서","candidate-doc:100159766:2","false","","false","","","current_unavailable_official_source","선거공약서||||||0||HEIGHT||Y||||00","Current official API returned no downloadable PDF path."
"420260603-담양군-100161597-2-선거공약서","제9회 전국동시지방선거","420260603","구·시·군의 장선거","4","담양군","정철원","100161597","조국혁신당","5077","3","담양군수","담양대학(현 국립목포대학교)토목과 졸업","2","선거공약서","선거공약서","candidate-doc:100161597:2","false","","false","","","current_unavailable_official_source","선거공약서||||||0||HEIGHT||Y||||00","Current official API returned no downloadable PDF path."
"420260603-담양군-100159811-2-선거공약서","제9회 전국동시지방선거","420260603","구·시·군의 장선거","4","담양군","최화삼","100159811","무소속","9999","5","무직","호남대학교 경제학과 졸업","2","선거공약서","선거공약서","candidate-doc:100159811:2","false","","false","","","current_unavailable_official_source","선거공약서||||||0||HEIGHT||Y||||00","Current official API returned no downloadable PDF path."
"420260603-곡성군-100162127-2-선거공약서","제9회 전국동시지방선거","420260603","구·시·군의 장선거","4","곡성군","조상래","100162127","더불어민주당","100","1","곡성군수","성균관대학교 사회학과 졸업","2","선거공약서","선거공약서","candidate-doc:100162127:2","false","","false","","","current_unavailable_official_source","선거공약서||||||0||HEIGHT||Y||||00","Current official API returned no downloadable PDF path."
"420260603-곡성군-100159406-2-선거공약서","제9회 전국동시지방선거","420260603","구·시·군의 장선거","4","곡성군","박웅두","100159406","조국혁신당","5077","3","농업","전남대학교 농학과 졸업","2","선거공약서","선거공약서","candidate-doc:100159406:2","false","","false","","","current_unavailable_official_source","선거공약서||||||0||HEIGHT||Y||||00","Current official API returned no downloadable PDF path."
"420260603-구례군-100158337-2-선거공약서","제9회 전국동시지방선거","420260603","구·시·군의 장선거","4","구례군","장길선","100158337","더불어민주당","100","1","구례군의회의원","전남대학교 사범대학 체육교육과 졸업","2","선거공약서","선거공약서","candidate-doc:100158337:2","false","","false","","","current_unavailable_official_source","선거공약서||||||0||HEIGHT||Y||||00","Current official API returned no downloadable PDF path."
"420260603-구례군-100159577-2-선거공약서","제9회 전국동시지방선거","420260603","구·시·군의 장선거","4","구례군","이창호","100159577","조국혁신당","5077","3","구례군의회 의원","전남대학교 농과대학 농학과 졸업(농학사)","2","선거공약서","선거공약서","candidate-doc:100159577:2","false","","false","","","current_unavailable_official_source","선거공약서||||||0||HEIGHT||Y||||00","Current official API returned no downloadable PDF path."
"420260603-구례군-100162855-2-선거공약서","제9회 전국동시지방선거","420260603","구·시·군의 장선거","4","구례군","이현창","100162855","무소속","9999","5","전라남도의회의원","한영대학(사회사업전공)졸업(현 한영대학교)","2","선거공약서","선거공약서","candidate-doc:100162855:2","false","","false","","","current_unavailable_official_source","선거공약서||||||0||HEIGHT||Y||||00","Current official API returned no downloadable PDF path."
"420260603-구례군-100163552-2-선거공약서","제9회 전국동시지방선거","420260603","구·시·군의 장선거","4","구례군","전경태","100163552","무소속","9999","6","정치인","순천청암대학 경영정보과 졸업(현 청암대학교)","2","선거공약서","선거공약서","candidate-doc:100163552:2","false","","false","","","current_unavailable_official_source","선거공약서||||||0||HEIGHT||Y||||00","Current official API returned no downloadable PDF path."
"420260603-구례군-100158655-2-선거공약서","제9회 전국동시지방선거","420260603","구·시·군의 장선거","4","구례군","정현택","100158655","무소속","9999","7","정치인","한국방송통신대학교 행정학과 졸업","2","선거공약서","선거공약서","candidate-doc:100158655:2","false","","false","","","current_unavailable_official_source","선거공약서||||||0||HEIGHT||Y||||00","Current official API returned no downloadable PDF path."
"420260603-구례군-100159742-2-선거공약서","제9회 전국동시지방선거","420260603","구·시·군의 장선거","4","구례군","정택균","100159742","무소속","9999","8","인카금융서비스 직원","조선대학교 법과대학 법학과 졸업(법학사)","2","선거공약서","선거공약서","candidate-doc:100159742:2","false","","false","","","current_unavailable_official_source","선거공약서||||||0||HEIGHT||Y||||00","Current official API returned no downloadable PDF path."
"420260603-고흥군-100164457-2-선거공약서","제9회 전국동시지방선거","420260603","구·시·군의 장선거","4","고흥군","공영민","100164457","더불어민주당","100","1","고흥군수","한성대학교 대학원 졸업(정책학박사)","2","선거공약서","선거공약서","candidate-doc:100164457:2","false","","false","","","current_unavailable_official_source","선거공약서||||||0||HEIGHT||Y||||00","Current official API returned no downloadable PDF path."
"420260603-고흥군-100163115-2-선거공약서","제9회 전국동시지방선거","420260603","구·시·군의 장선거","4","고흥군","류봉진","100163115","무소속","9999","5","(사)전남지체장애인협회 고흥군지회 부지회장","한국방송통신대학교 졸업(국어국문학과)","2","선거공약서","선거공약서","candidate-doc:100163115:2","false","","false","","","current_unavailable_official_source","선거공약서||||||0||HEIGHT||Y||||00","Current official API returned no downloadable PDF path."
"420260603-고흥군-100164445-2-선거공약서","제9회 전국동시지방선거","420260603","구·시·군의 장선거","4","고흥군","최진열","100164445","무소속","9999","6","자영업","서라벌대학교(현 신경주대학교) 마사과 졸업","2","선거공약서","선거공약서","candidate-doc:100164445:2","false","","false","","","current_unavailable_official_source","선거공약서||||||0||HEIGHT||Y||||00","Current official API returned no downloadable PDF path."
"420260603-보성군-100159879-2-선거공약서","제9회 전국동시지방선거","420260603","구·시·군의 장선거","4","보성군","김철우","100159879","더불어민주당","100","1","전라남도 보성군 군수","조선대학교 대학원 졸업 (경영학박사)","2","선거공약서","선거공약서","candidate-doc:100159879:2","false","","false","","","current_unavailable_official_source","선거공약서||||||0||HEIGHT||Y||||00","Current official API returned no downloadable PDF path."
"420260603-보성군-100159794-2-선거공약서","제9회 전국동시지방선거","420260603","구·시·군의 장선거","4","보성군","윤영주","100159794","무소속","9999","5","참자치행정연구소장","동신대학교 대학원 행정학박사","2","선거공약서","선거공약서","candidate-doc:100159794:2","false","","false","","","current_unavailable_official_source","선거공약서||||||0||HEIGHT||Y||||00","Current official API returned no downloadable PDF path."
"420260603-화순군-100159565-2-선거공약서","제9회 전국동시지방선거","420260603","구·시·군의 장선거","4","화순군","임지락","100159565","더불어민주당","100","1","정당인","전남대학교 행정대학원 행정학과(행정학석사) 졸업","2","선거공약서","선거공약서","candidate-doc:100159565:2","false","","false","","","current_unavailable_official_source","선거공약서||||||0||HEIGHT||Y||||00","Current official API returned no downloadable PDF path."
"420260603-화순군-100165834-2-선거공약서","제9회 전국동시지방선거","420260603","구·시·군의 장선거","4","화순군","정연지","100165834","무소속","9999","5","화순군의회의원","한국방송통신대학교 관광학과 졸업","2","선거공약서","선거공약서","candidate-doc:100165834:2","false","","false","","","current_unavailable_official_source","선거공약서||||||0||HEIGHT||Y||||00","Current official API returned no downloadable PDF path."
"420260603-화순군-100159651-2-선거공약서","제9회 전국동시지방선거","420260603","구·시·군의 장선거","4","화순군","김회수","100159651","무소속","9999","6","정치인","서울대학교 대학원 농생명공학부(박사과정) 2학년 재학중","2","선거공약서","선거공약서","candidate-doc:100159651:2","false","","false","","","current_unavailable_official_source","선거공약서||||||0||HEIGHT||Y||||00","Current official API returned no downloadable PDF path."
"420260603-장흥군-100159211-2-선거공약서","제9회 전국동시지방선거","420260603","구·시·군의 장선거","4","장흥군","김성","100159211","더불어민주당","100","1","정당인","조선대학교 대학원 행정학과 (행정학박사) 졸업","2","선거공약서","선거공약서","candidate-doc:100159211:2","false","","false","","","current_unavailable_official_source","선거공약서||||||0||HEIGHT||Y||||00","Current official API returned no downloadable PDF path."
"420260603-장흥군-100159482-2-선거공약서","제9회 전국동시지방선거","420260603","구·시·군의 장선거","4","장흥군","사순문","100159482","조국혁신당","5077","3","정당인","경희대학교 평화복지대학원 사회복지학과(행정학석사) 졸업","2","선거공약서","선거공약서","candidate-doc:100159482:2","false","","false","","","current_unavailable_official_source","선거공약서||||||0||HEIGHT||Y||||00","Current official API returned no downloadable PDF path."
"420260603-강진군-100159466-2-선거공약서","제9회 전국동시지방선거","420260603","구·시·군의 장선거","4","강진군","차영수","100159466","더불어민주당","100","1","전라남도의회의원","조선대학교 체육학과 졸업","2","선거공약서","선거공약서","candidate-doc:100159466:2","false","","false","","","current_unavailable_official_source","선거공약서||||||0||HEIGHT||Y||||00","Current official API returned no downloadable PDF path."
"420260603-강진군-100162004-2-선거공약서","제9회 전국동시지방선거","420260603","구·시·군의 장선거","4","강진군","강진원","100162004","무소속","9999","5","강진군수","미국 시라큐스 대학교 졸업(문학석사) (1999.08.~2001.05.)","2","선거공약서","선거공약서","candidate-doc:100162004:2","false","","false","","","current_unavailable_official_source","선거공약서||||||0||HEIGHT||Y||||00","Current official API returned no downloadable PDF path."
"420260603-해남군-100161349-2-선거공약서","제9회 전국동시지방선거","420260603","구·시·군의 장선거","4","해남군","명현관","100161349","더불어민주당","100","1","해남군수","호남대학교 대학원 체육학과 졸업(체육학 석사)","2","선거공약서","선거공약서","candidate-doc:100161349:2","false","","false","","","current_unavailable_official_source","선거공약서||||||0||HEIGHT||Y||||00","Current official API returned no downloadable PDF path."
"420260603-해남군-100162681-2-선거공약서","제9회 전국동시지방선거","420260603","구·시·군의 장선거","4","해남군","박지원","100162681","무소속","9999","5","지방자치단체 발전연구소장","중앙대학교 법과대학 법학과 졸업","2","선거공약서","선거공약서","candidate-doc:100162681:2","false","","false","","","current_unavailable_official_source","선거공약서||||||0||HEIGHT||Y||||00","Current official API returned no downloadable PDF path."
"420260603-영암군-100159607-2-선거공약서","제9회 전국동시지방선거","420260603","구·시·군의 장선거","4","영암군","우승희","100159607","더불어민주당","100","1","영암군수","조선대학교 대학원 정치외교학과 졸업 (정치학 석사)","2","선거공약서","선거공약서","candidate-doc:100159607:2","false","","false","","","current_unavailable_official_source","선거공약서||||||0||HEIGHT||Y||||00","Current official API returned no downloadable PDF path."
"420260603-영암군-100161488-2-선거공약서","제9회 전국동시지방선거","420260603","구·시·군의 장선거","4","영암군","최영열","100161488","조국혁신당","5077","3","정당인","조선대학교 정책대학원 행정학과 졸업(행정학 석사)","2","선거공약서","선거공약서","candidate-doc:100161488:2","false","","false","","","current_unavailable_official_source","선거공약서||||||0||HEIGHT||Y||||00","Current official API returned no downloadable PDF path."
"420260603-무안군-100161183-2-선거공약서","제9회 전국동시지방선거","420260603","구·시·군의 장선거","4","무안군","김산","100161183","더불어민주당","100","1","무안군수","목포대학(현 국립목포대학교) 지역개발학과 졸업","2","선거공약서","선거공약서","candidate-doc:100161183:2","false","","false","","","current_unavailable_official_source","선거공약서||||||0||HEIGHT||Y||||00","Current official API returned no downloadable PDF path."
"420260603-무안군-100165742-2-선거공약서","제9회 전국동시지방선거","420260603","구·시·군의 장선거","4","무안군","정영덕","100165742","무소속","9999","5","남악 씽크탱크 대표","조선대학교 대학원 건축공학과 졸업(공학박사)","2","선거공약서","선거공약서","candidate-doc:100165742:2","false","","false","","","current_unavailable_official_source","선거공약서||||||0||HEIGHT||Y||||00","Current official API returned no downloadable PDF path."
"420260603-함평군-100159559-2-선거공약서","제9회 전국동시지방선거","420260603","구·시·군의 장선거","4","함평군","이남오","100159559","더불어민주당","100","1","함평군의회의원","호남대학교 대학원 행정학박사","2","선거공약서","선거공약서","candidate-doc:100159559:2","false","","false","","","current_unavailable_official_source","선거공약서||||||0||HEIGHT||Y||||00","Current official API returned no downloadable PDF path."
"420260603-함평군-100159120-2-선거공약서","제9회 전국동시지방선거","420260603","구·시·군의 장선거","4","함평군","이윤행","100159120","조국혁신당","5077","3","농업인","호남대학교 대학원 행정학 박사","2","선거공약서","선거공약서","candidate-doc:100159120:2","false","","false","","","current_unavailable_official_source","선거공약서||||||0||HEIGHT||Y||||00","Current official API returned no downloadable PDF path."
"420260603-함평군-100159972-2-선거공약서","제9회 전국동시지방선거","420260603","구·시·군의 장선거","4","함평군","이행섭","100159972","무소속","9999","5","농업인","전남대학교 대학원 농화학과 석사과정 수료","2","선거공약서","선거공약서","candidate-doc:100159972:2","false","","false","","","current_unavailable_official_source","선거공약서||||||0||HEIGHT||Y||||00","Current official API returned no downloadable PDF path."
"420260603-영광군-100160676-2-선거공약서","제9회 전국동시지방선거","420260603","구·시·군의 장선거","4","영광군","장세일","100160676","더불어민주당","100","1","영광군수","동강대학(현 동강대학교) 사회복지행정과 졸업","2","선거공약서","선거공약서","candidate-doc:100160676:2","false","","false","","","current_unavailable_official_source","선거공약서||||||0||HEIGHT||Y||||00","Current official API returned no downloadable PDF path."
"420260603-영광군-100159982-2-선거공약서","제9회 전국동시지방선거","420260603","구·시·군의 장선거","4","영광군","이석하","100159982","진보당","5010","5","농업","전남대학교 지리학과 4년 제적(1989.03.03~1993.12.06)","2","선거공약서","선거공약서","candidate-doc:100159982:2","false","","false","","","current_unavailable_official_source","선거공약서||||||0||HEIGHT||Y||||00","Current official API returned no downloadable PDF path."
"420260603-영광군-100160718-2-선거공약서","제9회 전국동시지방선거","420260603","구·시·군의 장선거","4","영광군","오기원","100160718","무소속","9999","6","농업","한국방송통신대학교 행정학과 1학년 제적(13.3.1.~15.9.25.)","2","선거공약서","선거공약서","candidate-doc:100160718:2","false","","false","","","current_unavailable_official_source","선거공약서||||||0||HEIGHT||Y||||00","Current official API returned no downloadable PDF path."
"420260603-영광군-100160571-2-선거공약서","제9회 전국동시지방선거","420260603","구·시·군의 장선거","4","영광군","김한균","100160571","무소속","9999","7","영광군의회의원","조선대학교병설공업전문대학(현 조선이공대학교) 건축과 1학년 제적(1986.3.~1987.3.)","2","선거공약서","선거공약서","candidate-doc:100160571:2","false","","false","","","current_unavailable_official_source","선거공약서||||||0||HEIGHT||Y||||00","Current official API returned no downloadable PDF path."
"420260603-장성군-100159900-2-선거공약서","제9회 전국동시지방선거","420260603","구·시·군의 장선거","4","장성군","김한종","100159900","더불어민주당","100","1","장성군수","조선대학교 생체의용화학공학과 제1학년 제적(2005.03.02.~2008.11.12.)","2","선거공약서","선거공약서","candidate-doc:100159900:2","false","","false","","","current_unavailable_official_source","선거공약서||||||0||HEIGHT||Y||||00","Current official API returned no downloadable PDF path."
"420260603-장성군-100160071-2-선거공약서","제9회 전국동시지방선거","420260603","구·시·군의 장선거","4","장성군","김왕근","100160071","조국혁신당","5077","3","치과의사","조선대학교 대학원 치의학과 졸업(치의학석사)","2","선거공약서","선거공약서","candidate-doc:100160071:2","false","","false","","","current_unavailable_official_source","선거공약서||||||0||HEIGHT||Y||||00","Current official API returned no downloadable PDF path."
"420260603-완도군-100159567-2-선거공약서","제9회 전국동시지방선거","420260603","구·시·군의 장선거","4","완도군","우홍섭","100159567","더불어민주당","100","1","정당인","조선대학교 사회과학대학 행정학과 졸업","2","선거공약서","선거공약서","candidate-doc:100159567:2","false","","false","","","current_unavailable_official_source","선거공약서||||||0||HEIGHT||Y||||00","Current official API returned no downloadable PDF path."
"420260603-완도군-100159672-2-선거공약서","제9회 전국동시지방선거","420260603","구·시·군의 장선거","4","완도군","김신","100159672","무소속","9999","5","자영업","동신대학교 사회개발대학원 상담리더쉽학과 졸업 (경영학석사)","2","선거공약서","선거공약서","candidate-doc:100159672:2","false","","false","","","current_unavailable_official_source","선거공약서||||||0||HEIGHT||Y||||00","Current official API returned no downloadable PDF path."
"420260603-진도군-100158406-2-선거공약서","제9회 전국동시지방선거","420260603","구·시·군의 장선거","4","진도군","이재각","100158406","더불어민주당","100","1","정당인","수원대학교 경영대학원 경영학과 졸업(경영학석사)","2","선거공약서","선거공약서","candidate-doc:100158406:2","false","","false","","","current_unavailable_official_source","선거공약서||||||0||HEIGHT||Y||||00","Current official API returned no downloadable PDF path."
"420260603-진도군-100163314-2-선거공약서","제9회 전국동시지방선거","420260603","구·시·군의 장선거","4","진도군","김희수","100163314","무소속","9999","5","진도군수","성화대학 건축과 졸업","2","선거공약서","선거공약서","candidate-doc:100163314:2","false","","false","","","current_unavailable_official_source","선거공약서||||||0||HEIGHT||Y||||00","Current official API returned no downloadable PDF path."
"420260603-신안군-100159790-2-선거공약서","제9회 전국동시지방선거","420260603","구·시·군의 장선거","4","신안군","박우량","100159790","더불어민주당","100","1","정당인","성균관대학교 행정학과 박사학위과정 수료","2","선거공약서","선거공약서","candidate-doc:100159790:2","false","","false","","","current_unavailable_official_source","선거공약서||||||0||HEIGHT||Y||||00","Current official API returned no downloadable PDF path."
"420260603-신안군-100159704-2-선거공약서","제9회 전국동시지방선거","420260603","구·시·군의 장선거","4","신안군","김태성","100159704","조국혁신당","5077","3","정당인","한남대학교 대학원 졸업(행정학 박사)","2","선거공약서","선거공약서","candidate-doc:100159704:2","false","","false","","","current_unavailable_official_source","선거공약서||||||0||HEIGHT||Y||||00","Current official API returned no downloadable PDF path."
"420260603-포항시-100156421-2-선거공약서","제9회 전국동시지방선거","420260603","구·시·군의 장선거","4","포항시","박희정","100156421","더불어민주당","100","1","포항시의회의원","동국대학교대학원 행정학과 졸업(행정학석사)","2","선거공약서","선거공약서","candidate-doc:100156421:2","false","","false","","","current_unavailable_official_source","선거공약서||||||0||HEIGHT||Y||||00","Current official API returned no downloadable PDF path."
"420260603-포항시-100154073-2-선거공약서","제9회 전국동시지방선거","420260603","구·시·군의 장선거","4","포항시","박용선","100154073","국민의힘","200","2","정당인","경북대학교 정책정보대학원 졸업(정치학석사)","2","선거공약서","선거공약서","candidate-doc:100154073:2","false","","false","","","current_unavailable_official_source","선거공약서||||||0||HEIGHT||Y||||00","Current official API returned no downloadable PDF path."
"420260603-포항시-100154100-2-선거공약서","제9회 전국동시지방선거","420260603","구·시·군의 장선거","4","포항시","박승호","100154100","무소속","9999","5","정치인","한국체육대학교 대학원 졸업(이학박사)","2","선거공약서","선거공약서","candidate-doc:100154100:2","false","","false","","","current_unavailable_official_source","선거공약서||||||0||HEIGHT||Y||||00","Current official API returned no downloadable PDF path."
"420260603-경주시-100164739-2-선거공약서","제9회 전국동시지방선거","420260603","구·시·군의 장선거","4","경주시","박근영","100164739","더불어민주당","100","1","자영업","세종대학교 관광대학 관광경영학과 졸업","2","선거공약서","선거공약서","candidate-doc:100164739:2","false","","false","","","current_unavailable_official_source","선거공약서||||||0||HEIGHT||Y||||00","Current official API returned no downloadable PDF path."
"420260603-경주시-100158547-2-선거공약서","제9회 전국동시지방선거","420260603","구·시·군의 장선거","4","경주시","주낙영","100158547","국민의힘","200","2","공무원","경북대학교 대학원 행정학과 졸업(행정학박사)","2","선거공약서","선거공약서","candidate-doc:100158547:2","false","","false","","","current_unavailable_official_source","선거공약서||||||0||HEIGHT||Y||||00","Current official API returned no downloadable PDF path."
"420260603-김천시-100154512-2-선거공약서","제9회 전국동시지방선거","420260603","구·시·군의 장선거","4","김천시","나영민","100154512","더불어민주당","100","1","김천시의회 의장","경북대학교 행정대학원 정책.도시전공 졸업(행정학석사)","2","선거공약서","선거공약서","candidate-doc:100154512:2","false","","false","","","current_unavailable_official_source","선거공약서||||||0||HEIGHT||Y||||00","Current official API returned no downloadable PDF path."
"420260603-김천시-100163658-2-선거공약서","제9회 전국동시지방선거","420260603","구·시·군의 장선거","4","김천시","이창재","100163658","무소속","9999","5","정치인","연세대학교 행정대학원 지방자치·도시행정전공 석사과정 졸업(행정학석사)","2","선거공약서","선거공약서","candidate-doc:100163658:2","false","","false","","","current_unavailable_official_source","선거공약서||||||0||HEIGHT||Y||||00","Current official API returned no downloadable PDF path."
"420260603-안동시-100156106-2-선거공약서","제9회 전국동시지방선거","420260603","구·시·군의 장선거","4","안동시","이삼걸","100156106","더불어민주당","100","1","정당인","미국 시라큐스대학교 행정대학원 행정학과 졸업(1995.8~1997.5, 행정학석사)","2","선거공약서","선거공약서","candidate-doc:100156106:2","false","","false","","","current_unavailable_official_source","선거공약서||||||0||HEIGHT||Y||||00","Current official API returned no downloadable PDF path."
"420260603-안동시-100161712-2-선거공약서","제9회 전국동시지방선거","420260603","구·시·군의 장선거","4","안동시","권기창","100161712","국민의힘","200","2","공무원(안동시장)","영남대학교 대학원 통계학과 졸업(이학박사)","2","선거공약서","선거공약서","candidate-doc:100161712:2","false","","false","","","current_unavailable_official_source","선거공약서||||||0||HEIGHT||Y||||00","Current official API returned no downloadable PDF path."
"420260603-구미시-100162942-2-선거공약서","제9회 전국동시지방선거","420260603","구·시·군의 장선거","4","구미시","장세용","100162942","더불어민주당","100","1","정당인","영남대학교 대학원 박사학위과정 사학과 서양사전공(문학박사)","2","선거공약서","선거공약서","candidate-doc:100162942:2","false","","false","","","current_unavailable_official_source","선거공약서||||||0||HEIGHT||Y||||00","Current official API returned no downloadable PDF path."
"420260603-구미시-100161869-2-선거공약서","제9회 전국동시지방선거","420260603","구·시·군의 장선거","4","구미시","김장호","100161869","국민의힘","200","2","구미시장","오하이오주립대학교 인문계열석사 (2002.1.~2003.8.)","2","선거공약서","선거공약서","candidate-doc:100161869:2","false","","false","","","current_unavailable_official_source","선거공약서||||||0||HEIGHT||Y||||00","Current official API returned no downloadable PDF path."
"420260603-구미시-100162066-2-선거공약서","제9회 전국동시지방선거","420260603","구·시·군의 장선거","4","구미시","조순자","100162066","개혁신당","5070","4","정당인","국립금오공과대학교 대학원 건축공학과 대학원박사 3학기 재학중","2","선거공약서","선거공약서","candidate-doc:100162066:2","false","","false","","","current_unavailable_official_source","선거공약서||||||0||HEIGHT||Y||||00","Current official API returned no downloadable PDF path."
"420260603-구미시-100158906-2-선거공약서","제9회 전국동시지방선거","420260603","구·시·군의 장선거","4","구미시","임명배","100158906","무소속","9999","5","무직","동국대학교 대학원 행정학과 박사과정 5학기 수료","2","선거공약서","선거공약서","candidate-doc:100158906:2","false","","false","","","current_unavailable_official_source","선거공약서||||||0||HEIGHT||Y||||00","Current official API returned no downloadable PDF path."
"420260603-영주시-100162018-1-선거공보","제9회 전국동시지방선거","420260603","구·시·군의 장선거","4","영주시","우창윤","100162018","더불어민주당","100","1","건축사","서울대학교 대학원 건축학과 박사과정 수료","1","선거공보","선거공보","candidate-doc:100162018:1","false","","false","","","current_unavailable_official_source","선거공보||||||0||HEIGHT||Y||||00","Current official API returned no downloadable PDF path."
"420260603-영주시-100162018-2-선거공약서","제9회 전국동시지방선거","420260603","구·시·군의 장선거","4","영주시","우창윤","100162018","더불어민주당","100","1","건축사","서울대학교 대학원 건축학과 박사과정 수료","2","선거공약서","선거공약서","candidate-doc:100162018:2","false","","false","","","current_unavailable_official_source","선거공약서||||||0||HEIGHT||Y||||00","Current official API returned no downloadable PDF path."
"420260603-영주시-100162018-3-5대공약","제9회 전국동시지방선거","420260603","구·시·군의 장선거","4","영주시","우창윤","100162018","더불어민주당","100","1","건축사","서울대학교 대학원 건축학과 박사과정 수료","3","5대공약","5대공약","candidate-doc:100162018:3","false","","false","","","current_unavailable_official_source","5대공약||||||0||HEIGHT||Y||||00","Current official API returned no downloadable PDF path."
"420260603-영주시-100153885-2-선거공약서","제9회 전국동시지방선거","420260603","구·시·군의 장선거","4","영주시","황병직","100153885","국민의힘","200","2","정치인","경북대학교 행정대학원 졸업(행정학석사)","2","선거공약서","선거공약서","candidate-doc:100153885:2","false","","false","","","current_unavailable_official_source","선거공약서||||||0||HEIGHT||Y||||00","Current official API returned no downloadable PDF path."
"420260603-영주시-100163565-1-선거공보","제9회 전국동시지방선거","420260603","구·시·군의 장선거","4","영주시","황선종","100163565","무소속","9999","5","전기기술자","영남대학교 전기공학과 졸업","1","선거공보","선거공보","candidate-doc:100163565:1","false","","false","","","current_unavailable_official_source","선거공보||||||0||HEIGHT||Y||||00","Current official API returned no downloadable PDF path."
"420260603-영주시-100163565-2-선거공약서","제9회 전국동시지방선거","420260603","구·시·군의 장선거","4","영주시","황선종","100163565","무소속","9999","5","전기기술자","영남대학교 전기공학과 졸업","2","선거공약서","선거공약서","candidate-doc:100163565:2","false","","false","","","current_unavailable_official_source","선거공약서||||||0||HEIGHT||Y||||00","Current official API returned no downloadable PDF path."
"420260603-영주시-100163565-3-5대공약","제9회 전국동시지방선거","420260603","구·시·군의 장선거","4","영주시","황선종","100163565","무소속","9999","5","전기기술자","영남대학교 전기공학과 졸업","3","5대공약","5대공약","candidate-doc:100163565:3","false","","false","","","current_unavailable_official_source","5대공약||||||0||HEIGHT||Y||||00","Current official API returned no downloadable PDF path."
"420260603-영천시-100154149-2-선거공약서","제9회 전국동시지방선거","420260603","구·시·군의 장선거","4","영천시","이정훈","100154149","더불어민주당","100","1","자영업","대구대학교 통계학과 졸업","2","선거공약서","선거공약서","candidate-doc:100154149:2","false","","false","","","current_unavailable_official_source","선거공약서||||||0||HEIGHT||Y||||00","Current official API returned no downloadable PDF path."
"420260603-영천시-100154245-2-선거공약서","제9회 전국동시지방선거","420260603","구·시·군의 장선거","4","영천시","김병삼","100154245","국민의힘","200","2","정당인","경북대학교 행정대학원 지방자치전공 졸업(행정학 석사)","2","선거공약서","선거공약서","candidate-doc:100154245:2","false","","false","","","current_unavailable_official_source","선거공약서||||||0||HEIGHT||Y||||00","Current official API returned no downloadable PDF path."
"420260603-영천시-100161843-2-선거공약서","제9회 전국동시지방선거","420260603","구·시·군의 장선거","4","영천시","최기문","100161843","무소속","9999","5","영천시장","동국대학교 대학원 행정학과 정책학전공 졸업(행정학박사)","2","선거공약서","선거공약서","candidate-doc:100161843:2","false","","false","","","current_unavailable_official_source","선거공약서||||||0||HEIGHT||Y||||00","Current official API returned no downloadable PDF path."
"420260603-상주시-100154756-2-선거공약서","제9회 전국동시지방선거","420260603","구·시·군의 장선거","4","상주시","안재민","100154756","국민의힘","200","2","정당인","고려대학교 대학원 행정학과 졸업(행정학석사)","2","선거공약서","선거공약서","candidate-doc:100154756:2","false","","false","","","current_unavailable_official_source","선거공약서||||||0||HEIGHT||Y||||00","Current official API returned no downloadable PDF path."
"420260603-상주시-100154532-2-선거공약서","제9회 전국동시지방선거","420260603","구·시·군의 장선거","4","상주시","윤위영","100154532","무소속","9999","5","정치인","경북대학교 과학기술대학원 사회복지학전공 졸업(문학석사)","2","선거공약서","선거공약서","candidate-doc:100154532:2","false","","false","","","current_unavailable_official_source","선거공약서||||||0||HEIGHT||Y||||00","Current official API returned no downloadable PDF path."
"420260603-문경시-100163018-2-선거공약서","제9회 전국동시지방선거","420260603","구·시·군의 장선거","4","문경시","이윤희","100163018","더불어민주당","100","1","정당인","경북대학교 자연과학대학 화학과 졸업","2","선거공약서","선거공약서","candidate-doc:100163018:2","false","","false","","","current_unavailable_official_source","선거공약서||||||0||HEIGHT||Y||||00","Current official API returned no downloadable PDF path."
"420260603-경산시-100157607-2-선거공약서","제9회 전국동시지방선거","420260603","구·시·군의 장선거","4","경산시","김기현","100157607","더불어민주당","100","1","정당인","이화여자대학교 조형예술대학 회화.판화 전공 졸업","2","선거공약서","선거공약서","candidate-doc:100157607:2","false","","false","","","current_unavailable_official_source","선거공약서||||||0||HEIGHT||Y||||00","Current official API returned no downloadable PDF path."
"420260603-경산시-100160682-2-선거공약서","제9회 전국동시지방선거","420260603","구·시·군의 장선거","4","경산시","조현일","100160682","국민의힘","200","2","경산시장","영남대학교 경영대학원 졸업(경영학석사(인사조직))","2","선거공약서","선거공약서","candidate-doc:100160682:2","false","","false","","","current_unavailable_official_source","선거공약서||||||0||HEIGHT||Y||||00","Current official API returned no downloadable PDF path."
"420260603-경산시-100155471-2-선거공약서","제9회 전국동시지방선거","420260603","구·시·군의 장선거","4","경산시","김두환","100155471","한국독립당","700","5","대학생","한국방송통신대학교 법학과 졸업","2","선거공약서","선거공약서","candidate-doc:100155471:2","false","","false","","","current_unavailable_official_source","선거공약서||||||0||HEIGHT||Y||||00","Current official API returned no downloadable PDF path."
"420260603-의성군-100159421-2-선거공약서","제9회 전국동시지방선거","420260603","구·시·군의 장선거","4","의성군","최유철","100159421","국민의힘","200","2","법무사","대구대학교 산업행정대학원 졸업(부동산학 석사)","2","선거공약서","선거공약서","candidate-doc:100159421:2","false","","false","","","current_unavailable_official_source","선거공약서||||||0||HEIGHT||Y||||00","Current official API returned no downloadable PDF path."
"420260603-의성군-100159711-2-선거공약서","제9회 전국동시지방선거","420260603","구·시·군의 장선거","4","의성군","이왕식","100159711","무소속","9999","5","무직","미기재","2","선거공약서","선거공약서","candidate-doc:100159711:2","false","","false","","","current_unavailable_official_source","선거공약서||||||0||HEIGHT||Y||||00","Current official API returned no downloadable PDF path."
"420260603-청송군-100161822-2-선거공약서","제9회 전국동시지방선거","420260603","구·시·군의 장선거","4","청송군","임기진","100161822","더불어민주당","100","1","정당인","안동정보대학 토목과 제적(1998.3~1999.9)","2","선거공약서","선거공약서","candidate-doc:100161822:2","false","","false","","","current_unavailable_official_source","선거공약서||||||0||HEIGHT||Y||||00","Current official API returned no downloadable PDF path."
"420260603-청송군-100159080-2-선거공약서","제9회 전국동시지방선거","420260603","구·시·군의 장선거","4","청송군","윤경희","100159080","국민의힘","200","2","청송군수","위덕대학교 경영대학원 석사과정 졸업(국제경영 전공)","2","선거공약서","선거공약서","candidate-doc:100159080:2","false","","false","","","current_unavailable_official_source","선거공약서||||||0||HEIGHT||Y||||00","Current official API returned no downloadable PDF path."
"420260603-영양군-100159432-2-선거공약서","제9회 전국동시지방선거","420260603","구·시·군의 장선거","4","영양군","김상훈","100159432","더불어민주당","100","1","정당인","대구대학교 사회복지학과 제적(1993.3.~1994.6.)","2","선거공약서","선거공약서","candidate-doc:100159432:2","false","","false","","","current_unavailable_official_source","선거공약서||||||0||HEIGHT||Y||||00","Current official API returned no downloadable PDF path."
"420260603-영양군-100161607-2-선거공약서","제9회 전국동시지방선거","420260603","구·시·군의 장선거","4","영양군","오도창","100161607","국민의힘","200","2","영양군수","학점인정 등에 관한 법률에 의한 행정학사 학위 취득","2","선거공약서","선거공약서","candidate-doc:100161607:2","false","","false","","","current_unavailable_official_source","선거공약서||||||0||HEIGHT||Y||||00","Current official API returned no downloadable PDF path."
"420260603-영덕군-100159112-2-선거공약서","제9회 전국동시지방선거","420260603","구·시·군의 장선거","4","영덕군","강부송","100159112","더불어민주당","100","1","임업","경북대학교 대학원 임학과 석사수료","2","선거공약서","선거공약서","candidate-doc:100159112:2","false","","false","","","current_unavailable_official_source","선거공약서||||||0||HEIGHT||Y||||00","Current official API returned no downloadable PDF path."
"420260603-영덕군-100159545-2-선거공약서","제9회 전국동시지방선거","420260603","구·시·군의 장선거","4","영덕군","조주홍","100159545","국민의힘","200","2","한동건설(주) 최고 재무관리자","경북대학교 정책정보대학원 정치리더십전공(정치학석사)","2","선거공약서","선거공약서","candidate-doc:100159545:2","false","","false","","","current_unavailable_official_source","선거공약서||||||0||HEIGHT||Y||||00","Current official API returned no downloadable PDF path."
"420260603-영덕군-100158770-2-선거공약서","제9회 전국동시지방선거","420260603","구·시·군의 장선거","4","영덕군","박병일","100158770","무소속","9999","5","무직","경북대학교 행정대학원 지방자치전공 졸업(행정학석사)","2","선거공약서","선거공약서","candidate-doc:100158770:2","false","","false","","","current_unavailable_official_source","선거공약서||||||0||HEIGHT||Y||||00","Current official API returned no downloadable PDF path."
"420260603-영덕군-100163277-2-선거공약서","제9회 전국동시지방선거","420260603","구·시·군의 장선거","4","영덕군","장성욱","100163277","무소속","9999","6","무직","고려대 정책대학원 도시및지방행정학과석사","2","선거공약서","선거공약서","candidate-doc:100163277:2","false","","false","","","current_unavailable_official_source","선거공약서||||||0||HEIGHT||Y||||00","Current official API returned no downloadable PDF path."
"420260603-청도군-100159842-2-선거공약서","제9회 전국동시지방선거","420260603","구·시·군의 장선거","4","청도군","박권현","100159842","무소속","9999","5","무직","영남대학교 행정대학원 사회복지학과 졸업(사회복지학 석사)","2","선거공약서","선거공약서","candidate-doc:100159842:2","false","","false","","","current_unavailable_official_source","선거공약서||||||0||HEIGHT||Y||||00","Current official API returned no downloadable PDF path."
"420260603-청도군-100159837-2-선거공약서","제9회 전국동시지방선거","420260603","구·시·군의 장선거","4","청도군","이승민","100159837","무소속","9999","6","청도군의회의원, 농업인","경북대학교 대학원 행정학과 석사과정 수료 (지방자치전공)","2","선거공약서","선거공약서","candidate-doc:100159837:2","false","","false","","","current_unavailable_official_source","선거공약서||||||0||HEIGHT||Y||||00","Current official API returned no downloadable PDF path."
"420260603-고령군-100163980-2-선거공약서","제9회 전국동시지방선거","420260603","구·시·군의 장선거","4","고령군","정석원","100163980","더불어민주당","100","1","신라대학교 겸임조교수","신라대학교 디자인학과 산업디자인전공 박사과정 수료","2","선거공약서","선거공약서","candidate-doc:100163980:2","false","","false","","","current_unavailable_official_source","선거공약서||||||0||HEIGHT||Y||||00","Current official API returned no downloadable PDF path."
"420260603-고령군-100162618-2-선거공약서","제9회 전국동시지방선거","420260603","구·시·군의 장선거","4","고령군","이남철","100162618","국민의힘","200","2","고령군수","영남대학교 행정대학원 행정학과 일반행정전공 석사과정졸업(행정학석사)","2","선거공약서","선거공약서","candidate-doc:100162618:2","false","","false","","","current_unavailable_official_source","선거공약서||||||0||HEIGHT||Y||||00","Current official API returned no downloadable PDF path."
"420260603-고령군-100160587-2-선거공약서","제9회 전국동시지방선거","420260603","구·시·군의 장선거","4","고령군","김명국","100160587","무소속","9999","5","고령군의회 의원","대구과학대학교 금융부동산과 졸업","2","선거공약서","선거공약서","candidate-doc:100160587:2","false","","false","","","current_unavailable_official_source","선거공약서||||||0||HEIGHT||Y||||00","Current official API returned no downloadable PDF path."
"420260603-성주군-100158966-2-선거공약서","제9회 전국동시지방선거","420260603","구·시·군의 장선거","4","성주군","정영길","100158966","국민의힘","200","2","경상북도의회의원","경일대학교 행정학과 졸업","2","선거공약서","선거공약서","candidate-doc:100158966:2","false","","false","","","current_unavailable_official_source","선거공약서||||||0||HEIGHT||Y||||00","Current official API returned no downloadable PDF path."
"420260603-성주군-100158732-2-선거공약서","제9회 전국동시지방선거","420260603","구·시·군의 장선거","4","성주군","전화식","100158732","무소속","9999","5","무직","영남대학교 환경대학원 졸업(환경관리학 석사)","2","선거공약서","선거공약서","candidate-doc:100158732:2","false","","false","","","current_unavailable_official_source","선거공약서||||||0||HEIGHT||Y||||00","Current official API returned no downloadable PDF path."
"420260603-칠곡군-100159600-2-선거공약서","제9회 전국동시지방선거","420260603","구·시·군의 장선거","4","칠곡군","김시환","100159600","더불어민주당","100","1","정당인","대구대학교 농과대학 원예학과 졸업","2","선거공약서","선거공약서","candidate-doc:100159600:2","false","","false","","","current_unavailable_official_source","선거공약서||||||0||HEIGHT||Y||||00","Current official API returned no downloadable PDF path."
"420260603-칠곡군-100162448-2-선거공약서","제9회 전국동시지방선거","420260603","구·시·군의 장선거","4","칠곡군","김재욱","100162448","국민의힘","200","2","정무직 공무원","서울대학교 대학원 경제학부 수료(석사과정)","2","선거공약서","선거공약서","candidate-doc:100162448:2","false","","false","","","current_unavailable_official_source","선거공약서||||||0||HEIGHT||Y||||00","Current official API returned no downloadable PDF path."
"420260603-예천군-100159478-2-선거공약서","제9회 전국동시지방선거","420260603","구·시·군의 장선거","4","예천군","윤동춘","100159478","더불어민주당","100","1","정당인","한양대학교 대학원 졸업(법학 석사)","2","선거공약서","선거공약서","candidate-doc:100159478:2","false","","false","","","current_unavailable_official_source","선거공약서||||||0||HEIGHT||Y||||00","Current official API returned no downloadable PDF path."
"420260603-예천군-100159497-2-선거공약서","제9회 전국동시지방선거","420260603","구·시·군의 장선거","4","예천군","안병윤","100159497","국민의힘","200","2","교수","연세대학교 대학원 졸업(행정학박사)","2","선거공약서","선거공약서","candidate-doc:100159497:2","false","","false","","","current_unavailable_official_source","선거공약서||||||0||HEIGHT||Y||||00","Current official API returned no downloadable PDF path."
"420260603-봉화군-100158832-2-선거공약서","제9회 전국동시지방선거","420260603","구·시·군의 장선거","4","봉화군","이상식","100158832","더불어민주당","100","1","축산업","임기국민학교졸업","2","선거공약서","선거공약서","candidate-doc:100158832:2","false","","false","","","current_unavailable_official_source","선거공약서||||||0||HEIGHT||Y||||00","Current official API returned no downloadable PDF path."
"420260603-봉화군-100158824-2-선거공약서","제9회 전국동시지방선거","420260603","구·시·군의 장선거","4","봉화군","최기영","100158824","국민의힘","200","2","정당인","연세대학교 행정대학원 행정학 석사","2","선거공약서","선거공약서","candidate-doc:100158824:2","false","","false","","","current_unavailable_official_source","선거공약서||||||0||HEIGHT||Y||||00","Current official API returned no downloadable PDF path."
"420260603-봉화군-100159090-2-선거공약서","제9회 전국동시지방선거","420260603","구·시·군의 장선거","4","봉화군","박만우","100159090","무소속","9999","5","무직","경북대학교 과학기술대학원 농학석사","2","선거공약서","선거공약서","candidate-doc:100159090:2","false","","false","","","current_unavailable_official_source","선거공약서||||||0||HEIGHT||Y||||00","Current official API returned no downloadable PDF path."
"420260603-울진군-100161346-2-선거공약서","제9회 전국동시지방선거","420260603","구·시·군의 장선거","4","울진군","손병복","100161346","국민의힘","200","2","울진군수","중앙대학교 정경대학 경제학과 졸업","2","선거공약서","선거공약서","candidate-doc:100161346:2","false","","false","","","current_unavailable_official_source","선거공약서||||||0||HEIGHT||Y||||00","Current official API returned no downloadable PDF path."
"420260603-울진군-100159499-2-선거공약서","제9회 전국동시지방선거","420260603","구·시·군의 장선거","4","울진군","황이주","100159499","무소속","9999","5","자영업","동국대학교 사회과학대학원 졸업(행정학석사)","2","선거공약서","선거공약서","candidate-doc:100159499:2","false","","false","","","current_unavailable_official_source","선거공약서||||||0||HEIGHT||Y||||00","Current official API returned no downloadable PDF path."
"420260603-울릉군-100159783-2-선거공약서","제9회 전국동시지방선거","420260603","구·시·군의 장선거","4","울릉군","정성환","100159783","더불어민주당","100","1","무직","계명문화대학(현 계명문화대학교) 인테리어장식디자인과 졸업","2","선거공약서","선거공약서","candidate-doc:100159783:2","false","","false","","","current_unavailable_official_source","선거공약서||||||0||HEIGHT||Y||||00","Current official API returned no downloadable PDF path."
"420260603-울릉군-100160131-2-선거공약서","제9회 전국동시지방선거","420260603","구·시·군의 장선거","4","울릉군","김병수","100160131","국민의힘","200","2","농업","호산대학교 보건복지학부(2년제) 졸업","2","선거공약서","선거공약서","candidate-doc:100160131:2","false","","false","","","current_unavailable_official_source","선거공약서||||||0||HEIGHT||Y||||00","Current official API returned no downloadable PDF path."
"420260603-울릉군-100163336-2-선거공약서","제9회 전국동시지방선거","420260603","구·시·군의 장선거","4","울릉군","남한권","100163336","무소속","9999","5","울릉군수","한남대학교 대학원 행정학과 졸업(행정학 박사)","2","선거공약서","선거공약서","candidate-doc:100163336:2","false","","false","","","current_unavailable_official_source","선거공약서||||||0||HEIGHT||Y||||00","Current official API returned no downloadable PDF path."
"420260603-울릉군-100161979-2-선거공약서","제9회 전국동시지방선거","420260603","구·시·군의 장선거","4","울릉군","남진복","100161979","무소속","9999","6","경상북도의회의원","경북대학교 행정대학원 졸업","2","선거공약서","선거공약서","candidate-doc:100161979:2","false","","false","","","current_unavailable_official_source","선거공약서||||||0||HEIGHT||Y||||00","Current official API returned no downloadable PDF path."
"420260603-창원시-100154126-2-선거공약서","제9회 전국동시지방선거","420260603","구·시·군의 장선거","4","창원시","강기윤","100154126","국민의힘","200","2","정당인","창원대학교 대학원 졸업(행정학 박사)","2","선거공약서","선거공약서","candidate-doc:100154126:2","false","","false","","","current_unavailable_official_source","선거공약서||||||0||HEIGHT||Y||||00","Current official API returned no downloadable PDF path."
"420260603-창원시-100154158-2-선거공약서","제9회 전국동시지방선거","420260603","구·시·군의 장선거","4","창원시","강명상","100154158","개혁신당","5070","4","365병원 병원장","경상대학교 의과대학 의학과 졸업","2","선거공약서","선거공약서","candidate-doc:100154158:2","false","","false","","","current_unavailable_official_source","선거공약서||||||0||HEIGHT||Y||||00","Current official API returned no downloadable PDF path."
"420260603-창원시-100163564-2-선거공약서","제9회 전국동시지방선거","420260603","구·시·군의 장선거","4","창원시","박정임","100163564","무소속","9999","5","에스더공인중개사 사무소 대표","동아대학교 대학원 학위수여(법학 박사)","2","선거공약서","선거공약서","candidate-doc:100163564:2","false","","false","","","current_unavailable_official_source","선거공약서||||||0||HEIGHT||Y||||00","Current official API returned no downloadable PDF path."
"420260603-진주시-100155311-2-선거공약서","제9회 전국동시지방선거","420260603","구·시·군의 장선거","4","진주시","갈상돈","100155311","더불어민주당","100","1","정당인","서울대학교 농과대학 농생물학과 졸업","2","선거공약서","선거공약서","candidate-doc:100155311:2","false","","false","","","current_unavailable_official_source","선거공약서||||||0||HEIGHT||Y||||00","Current official API returned no downloadable PDF path."
"420260603-진주시-100156287-2-선거공약서","제9회 전국동시지방선거","420260603","구·시·군의 장선거","4","진주시","한경호","100156287","국민의힘","200","2","정당인","미주리주립대학교 대학원 졸업(경제학박사)(2005.01.~2008.05.)","2","선거공약서","선거공약서","candidate-doc:100156287:2","false","","false","","","current_unavailable_official_source","선거공약서||||||0||HEIGHT||Y||||00","Current official API returned no downloadable PDF path."
"420260603-진주시-100163051-2-선거공약서","제9회 전국동시지방선거","420260603","구·시·군의 장선거","4","진주시","조규일","100163051","무소속","9999","5","진주시장","서울대학교 행정대학원 행정학과 졸업(행정학석사)","2","선거공약서","선거공약서","candidate-doc:100163051:2","false","","false","","","current_unavailable_official_source","선거공약서||||||0||HEIGHT||Y||||00","Current official API returned no downloadable PDF path."
"420260603-통영시-100157697-2-선거공약서","제9회 전국동시지방선거","420260603","구·시·군의 장선거","4","통영시","강석주","100157697","더불어민주당","100","1","정치인","고려대학교 행정대학원 행정학과 졸업(행정학석사)","2","선거공약서","선거공약서","candidate-doc:100157697:2","false","","false","","","current_unavailable_official_source","선거공약서||||||0||HEIGHT||Y||||00","Current official API returned no downloadable PDF path."
"420260603-통영시-100162510-2-선거공약서","제9회 전국동시지방선거","420260603","구·시·군의 장선거","4","통영시","천영기","100162510","국민의힘","200","2","통영시장","서울시립대학교 도시과학대학원 건축공학과 졸업 ","2","선거공약서","선거공약서","candidate-doc:100162510:2","false","","false","","","current_unavailable_official_source","선거공약서||||||0||HEIGHT||Y||||00","Current official API returned no downloadable PDF path."
"420260603-통영시-100156257-2-선거공약서","제9회 전국동시지방선거","420260603","구·시·군의 장선거","4","통영시","박청정","100156257","무소속","9999","5","정치인","한국해양대학 항해학과 졸업(공학석사)","2","선거공약서","선거공약서","candidate-doc:100156257:2","false","","false","","","current_unavailable_official_source","선거공약서||||||0||HEIGHT||Y||||00","Current official API returned no downloadable PDF path."
"420260603-사천시-100154274-2-선거공약서","제9회 전국동시지방선거","420260603","구·시·군의 장선거","4","사천시","정국정","100154274","더불어민주당","100","1","정당인","단국대학교 교육대학원 교육학과(공업교육) 졸업","2","선거공약서","선거공약서","candidate-doc:100154274:2","false","","false","","","current_unavailable_official_source","선거공약서||||||0||HEIGHT||Y||||00","Current official API returned no downloadable PDF path."
"420260603-사천시-100162961-2-선거공약서","제9회 전국동시지방선거","420260603","구·시·군의 장선거","4","사천시","박동식","100162961","국민의힘","200","2","사천시장","경상국립대학교 행정대학원 행정학과 졸업(행정학석사)","2","선거공약서","선거공약서","candidate-doc:100162961:2","false","","false","","","current_unavailable_official_source","선거공약서||||||0||HEIGHT||Y||||00","Current official API returned no downloadable PDF path."
"420260603-김해시-100154419-2-선거공약서","제9회 전국동시지방선거","420260603","구·시·군의 장선거","4","김해시","정영두","100154419","더불어민주당","100","1","정당인","부산대학교 경제학과 졸업","2","선거공약서","선거공약서","candidate-doc:100154419:2","false","","false","","","current_unavailable_official_source","선거공약서||||||0||HEIGHT||Y||||00","Current official API returned no downloadable PDF path."
"420260603-김해시-100161907-2-선거공약서","제9회 전국동시지방선거","420260603","구·시·군의 장선거","4","김해시","홍태용","100161907","국민의힘","200","2","지방자치단체장","인제대학교 의학과 신경과학전공 박사과정수료","2","선거공약서","선거공약서","candidate-doc:100161907:2","false","","false","","","current_unavailable_official_source","선거공약서||||||0||HEIGHT||Y||||00","Current official API returned no downloadable PDF path."
"420260603-김해시-100155891-2-선거공약서","제9회 전국동시지방선거","420260603","구·시·군의 장선거","4","김해시","박봉열","100155891","진보당","5010","5","정당인","부산대학교 무기재료공학과 4학년 제적(1989년 3월~1999년10월)","2","선거공약서","선거공약서","candidate-doc:100155891:2","false","","false","","","current_unavailable_official_source","선거공약서||||||0||HEIGHT||Y||||00","Current official API returned no downloadable PDF path."
"420260603-밀양시-100155324-2-선거공약서","제9회 전국동시지방선거","420260603","구·시·군의 장선거","4","밀양시","이주옥","100155324","더불어민주당","100","1","정당인","동아대학교 예술대학 회화과 졸업","2","선거공약서","선거공약서","candidate-doc:100155324:2","false","","false","","","current_unavailable_official_source","선거공약서||||||0||HEIGHT||Y||||00","Current official API returned no downloadable PDF path."
"420260603-밀양시-100164187-2-선거공약서","제9회 전국동시지방선거","420260603","구·시·군의 장선거","4","밀양시","안병구","100164187","국민의힘","200","2","밀양시장","부산대학교 법학과 졸업","2","선거공약서","선거공약서","candidate-doc:100164187:2","false","","false","","","current_unavailable_official_source","선거공약서||||||0||HEIGHT||Y||||00","Current official API returned no downloadable PDF path."
"420260603-거제시-100156086-2-선거공약서","제9회 전국동시지방선거","420260603","구·시·군의 장선거","4","거제시","김선민","100156086","국민의힘","200","2","거제시의회의원","동아대학교 대학원 정치학과 수료","2","선거공약서","선거공약서","candidate-doc:100156086:2","false","","false","","","current_unavailable_official_source","선거공약서||||||0||HEIGHT||Y||||00","Current official API returned no downloadable PDF path."
"420260603-거제시-100154902-2-선거공약서","제9회 전국동시지방선거","420260603","구·시·군의 장선거","4","거제시","하준명","100154902","무소속","9999","5","정치인","진주교육대학교 초등교육(사회과교육) 졸업","2","선거공약서","선거공약서","candidate-doc:100154902:2","false","","false","","","current_unavailable_official_source","선거공약서||||||0||HEIGHT||Y||||00","Current official API returned no downloadable PDF path."
"420260603-양산시-100155956-2-선거공약서","제9회 전국동시지방선거","420260603","구·시·군의 장선거","4","양산시","조문관","100155956","더불어민주당","100","1","정당인","경남대학교 법행정학부 졸업","2","선거공약서","선거공약서","candidate-doc:100155956:2","false","","false","","","current_unavailable_official_source","선거공약서||||||0||HEIGHT||Y||||00","Current official API returned no downloadable PDF path."
"420260603-의령군-100159670-2-선거공약서","제9회 전국동시지방선거","420260603","구·시·군의 장선거","4","의령군","손태영","100159670","더불어민주당","100","1","정치인","마산대학 유통정보과 졸업","2","선거공약서","선거공약서","candidate-doc:100159670:2","false","","false","","","current_unavailable_official_source","선거공약서||||||0||HEIGHT||Y||||00","Current official API returned no downloadable PDF path."
"420260603-의령군-100159773-2-선거공약서","제9회 전국동시지방선거","420260603","구·시·군의 장선거","4","의령군","강원덕","100159773","국민의힘","200","2","자영업","진주국제대학교 세무회계정보과 졸업 ","2","선거공약서","선거공약서","candidate-doc:100159773:2","false","","false","","","current_unavailable_official_source","선거공약서||||||0||HEIGHT||Y||||00","Current official API returned no downloadable PDF path."
"420260603-의령군-100164784-2-선거공약서","제9회 전국동시지방선거","420260603","구·시·군의 장선거","4","의령군","오태완","100164784","무소속","9999","5","의령군수","경남대학교 대학원 경영학 박사","2","선거공약서","선거공약서","candidate-doc:100164784:2","false","","false","","","current_unavailable_official_source","선거공약서||||||0||HEIGHT||Y||||00","Current official API returned no downloadable PDF path."
"420260603-함안군-100159788-2-선거공약서","제9회 전국동시지방선거","420260603","구·시·군의 장선거","4","함안군","정금효","100159788","더불어민주당","100","1","함안군의회의원","경남대학병설 공업전문대학 토목과 졸업","2","선거공약서","선거공약서","candidate-doc:100159788:2","false","","false","","","current_unavailable_official_source","선거공약서||||||0||HEIGHT||Y||||00","Current official API returned no downloadable PDF path."
"420260603-함안군-100164463-2-선거공약서","제9회 전국동시지방선거","420260603","구·시·군의 장선거","4","함안군","차석호","100164463","국민의힘","200","2","행정사","인제대학교 일반대학원 행정학과 행정학박사과정 수료","2","선거공약서","선거공약서","candidate-doc:100164463:2","false","","false","","","current_unavailable_official_source","선거공약서||||||0||HEIGHT||Y||||00","Current official API returned no downloadable PDF path."
"420260603-창녕군-100165720-2-선거공약서","제9회 전국동시지방선거","420260603","구·시·군의 장선거","4","창녕군","주윤식","100165720","더불어민주당","100","1","농업경영체 사업자","서울대학교 환경대학원 도시및지역계획학과 도시계획학석사 졸업","2","선거공약서","선거공약서","candidate-doc:100165720:2","false","","false","","","current_unavailable_official_source","선거공약서||||||0||HEIGHT||Y||||00","Current official API returned no downloadable PDF path."
"420260603-창녕군-100161575-2-선거공약서","제9회 전국동시지방선거","420260603","구·시·군의 장선거","4","창녕군","성낙인","100161575","국민의힘","200","2","지방정무직공무원(군수)","경남대학교 행정대학원 졸업(행정학석사)","2","선거공약서","선거공약서","candidate-doc:100161575:2","false","","false","","","current_unavailable_official_source","선거공약서||||||0||HEIGHT||Y||||00","Current official API returned no downloadable PDF path."
"420260603-고성군-100159097-2-선거공약서","제9회 전국동시지방선거","420260603","구·시·군의 장선거","4","고성군","백수명","100159097","더불어민주당","100","1","자영업","고성종합고등학교 졸업 (현 고성고등학교)","2","선거공약서","선거공약서","candidate-doc:100159097:2","false","","false","","","current_unavailable_official_source","선거공약서||||||0||HEIGHT||Y||||00","Current official API returned no downloadable PDF path."
"420260603-고성군-100159308-2-선거공약서","제9회 전국동시지방선거","420260603","구·시·군의 장선거","4","고성군","하학열","100159308","국민의힘","200","2","(정부)양곡도정업","중앙대학교 전기공학과 졸업","2","선거공약서","선거공약서","candidate-doc:100159308:2","false","","false","","","current_unavailable_official_source","선거공약서||||||0||HEIGHT||Y||||00","Current official API returned no downloadable PDF path."
"420260603-고성군-100162592-2-선거공약서","제9회 전국동시지방선거","420260603","구·시·군의 장선거","4","고성군","이옥철","100162592","무소속","9999","5","무직","한국방송통신대학교 문화교양학과 졸업","2","선거공약서","선거공약서","candidate-doc:100162592:2","false","","false","","","current_unavailable_official_source","선거공약서||||||0||HEIGHT||Y||||00","Current official API returned no downloadable PDF path."
"420260603-고성군-100159769-2-선거공약서","제9회 전국동시지방선거","420260603","구·시·군의 장선거","4","고성군","양정건","100159769","무소속","9999","6","소가야에디션(출판업) 대표","美뉴욕컬럼비아대학교 국제공공정책대학원 국제관계학 석사 졸업(2012.9월~2013.5월)","2","선거공약서","선거공약서","candidate-doc:100159769:2","false","","false","","","current_unavailable_official_source","선거공약서||||||0||HEIGHT||Y||||00","Current official API returned no downloadable PDF path."
"420260603-남해군-100161024-2-선거공약서","제9회 전국동시지방선거","420260603","구·시·군의 장선거","4","남해군","류경완","100161024","더불어민주당","100","1","경상남도의회의원","경상대학교 사회과학대학 경영학과 졸업","2","선거공약서","선거공약서","candidate-doc:100161024:2","false","","false","","","current_unavailable_official_source","선거공약서||||||0||HEIGHT||Y||||00","Current official API returned no downloadable PDF path."
"420260603-남해군-100159446-2-선거공약서","제9회 전국동시지방선거","420260603","구·시·군의 장선거","4","남해군","류성식","100159446","국민의힘","200","2","농업","경남과학기술대학교 건설환경공과대학 조경학과 졸업","2","선거공약서","선거공약서","candidate-doc:100159446:2","false","","false","","","current_unavailable_official_source","선거공약서||||||0||HEIGHT||Y||||00","Current official API returned no downloadable PDF path."
"420260603-하동군-100159309-2-선거공약서","제9회 전국동시지방선거","420260603","구·시·군의 장선거","4","하동군","제윤경","100159309","더불어민주당","100","1","정당인","덕성여자대학교 졸업","2","선거공약서","선거공약서","candidate-doc:100159309:2","false","","false","","","current_unavailable_official_source","선거공약서||||||0||HEIGHT||Y||||00","Current official API returned no downloadable PDF path."
"420260603-하동군-100160777-2-선거공약서","제9회 전국동시지방선거","420260603","구·시·군의 장선거","4","하동군","김현수","100160777","국민의힘","200","2","정당인","고려대학교 신문방송학과 졸업","2","선거공약서","선거공약서","candidate-doc:100160777:2","false","","false","","","current_unavailable_official_source","선거공약서||||||0||HEIGHT||Y||||00","Current official API returned no downloadable PDF path."
"420260603-하동군-100159618-2-선거공약서","제9회 전국동시지방선거","420260603","구·시·군의 장선거","4","하동군","남명우","100159618","무소속","9999","5","(사)GAP영남협의회 회장","경상대학교 식의약품대학원 (이학석사) 졸업","2","선거공약서","선거공약서","candidate-doc:100159618:2","false","","false","","","current_unavailable_official_source","선거공약서||||||0||HEIGHT||Y||||00","Current official API returned no downloadable PDF path."
"420260603-산청군-100158778-2-선거공약서","제9회 전국동시지방선거","420260603","구·시·군의 장선거","4","산청군","최호림","100158778","더불어민주당","100","1","산청군의회의원","세종대학교 대학원 수료(기후변화협동학과 박사과정)","2","선거공약서","선거공약서","candidate-doc:100158778:2","false","","false","","","current_unavailable_official_source","선거공약서||||||0||HEIGHT||Y||||00","Current official API returned no downloadable PDF path."
"420260603-산청군-100158967-2-선거공약서","제9회 전국동시지방선거","420260603","구·시·군의 장선거","4","산청군","유명현","100158967","국민의힘","200","2","정당인","미국 하와이퍼시픽대학교 경영학석사(2006.01.~2006.12.)","2","선거공약서","선거공약서","candidate-doc:100158967:2","false","","false","","","current_unavailable_official_source","선거공약서||||||0||HEIGHT||Y||||00","Current official API returned no downloadable PDF path."
"420260603-산청군-100158643-2-선거공약서","제9회 전국동시지방선거","420260603","구·시·군의 장선거","4","산청군","이황석","100158643","무소속","9999","5","송하자연농원 대표","동명전문대학 기계과 1학년 제적(1981.03.06.~1985.05.14.)","2","선거공약서","선거공약서","candidate-doc:100158643:2","false","","false","","","current_unavailable_official_source","선거공약서||||||0||HEIGHT||Y||||00","Current official API returned no downloadable PDF path."
"420260603-함양군-100159848-2-선거공약서","제9회 전국동시지방선거","420260603","구·시·군의 장선거","4","함양군","서필상","100159848","더불어민주당","100","1","안의농협 과장 ","경상대학교 고분자공학과 졸업","2","선거공약서","선거공약서","candidate-doc:100159848:2","false","","false","","","current_unavailable_official_source","선거공약서||||||0||HEIGHT||Y||||00","Current official API returned no downloadable PDF path."
"420260603-함양군-100163073-2-선거공약서","제9회 전국동시지방선거","420260603","구·시·군의 장선거","4","함양군","진병영","100163073","국민의힘","200","2","함양군수","진주산업대학교 산업대학원 건축공학과 졸업(공학석사, 현 경상국립대학교)","2","선거공약서","선거공약서","candidate-doc:100163073:2","false","","false","","","current_unavailable_official_source","선거공약서||||||0||HEIGHT||Y||||00","Current official API returned no downloadable PDF path."
"420260603-함양군-100159615-2-선거공약서","제9회 전국동시지방선거","420260603","구·시·군의 장선거","4","함양군","이철우","100159615","무소속","9999","5","무직","성균관대학교 정치외교학과 졸업","2","선거공약서","선거공약서","candidate-doc:100159615:2","false","","false","","","current_unavailable_official_source","선거공약서||||||0||HEIGHT||Y||||00","Current official API returned no downloadable PDF path."
"420260603-함양군-100161016-2-선거공약서","제9회 전국동시지방선거","420260603","구·시·군의 장선거","4","함양군","김재웅","100161016","무소속","9999","6","경상남도의회의원","경남과학기술대학교 산업대학원 산림자원학과 졸업(농학석사)","2","선거공약서","선거공약서","candidate-doc:100161016:2","false","","false","","","current_unavailable_official_source","선거공약서||||||0||HEIGHT||Y||||00","Current official API returned no downloadable PDF path."
"420260603-거창군-100159233-2-선거공약서","제9회 전국동시지방선거","420260603","구·시·군의 장선거","4","거창군","최창열","100159233","더불어민주당","100","1","농업인","서울대학교 대학원 수의학과 졸업(수의학석사)","2","선거공약서","선거공약서","candidate-doc:100159233:2","false","","false","","","current_unavailable_official_source","선거공약서||||||0||HEIGHT||Y||||00","Current official API returned no downloadable PDF path."
"420260603-거창군-100158505-2-선거공약서","제9회 전국동시지방선거","420260603","구·시·군의 장선거","4","거창군","이홍기","100158505","무소속","9999","5","정치인","창원대학교 대학원 졸업(공학박사)","2","선거공약서","선거공약서","candidate-doc:100158505:2","false","","false","","","current_unavailable_official_source","선거공약서||||||0||HEIGHT||Y||||00","Current official API returned no downloadable PDF path."
"420260603-거창군-100159332-2-선거공약서","제9회 전국동시지방선거","420260603","구·시·군의 장선거","4","거창군","김일수","100159332","무소속","9999","6","경남도의원","경상대학교 농과대학 원예학과 졸업","2","선거공약서","선거공약서","candidate-doc:100159332:2","false","","false","","","current_unavailable_official_source","선거공약서||||||0||HEIGHT||Y||||00","Current official API returned no downloadable PDF path."
"420260603-거창군-100159907-2-선거공약서","제9회 전국동시지방선거","420260603","구·시·군의 장선거","4","거창군","구인모","100159907","무소속","9999","7","정무직 공무원","창원대학교 행정대학원 졸업(행정학석사)","2","선거공약서","선거공약서","candidate-doc:100159907:2","false","","false","","","current_unavailable_official_source","선거공약서||||||0||HEIGHT||Y||||00","Current official API returned no downloadable PDF path."
"420260603-합천군-100157986-2-선거공약서","제9회 전국동시지방선거","420260603","구·시·군의 장선거","4","합천군","류순철","100157986","국민의힘","200","2","부동산임대업","경상고등학교 1년 중퇴","2","선거공약서","선거공약서","candidate-doc:100157986:2","false","","false","","","current_unavailable_official_source","선거공약서||||||0||HEIGHT||Y||||00","Current official API returned no downloadable PDF path."
"420260603-합천군-100161711-2-선거공약서","제9회 전국동시지방선거","420260603","구·시·군의 장선거","4","합천군","김윤철","100161711","무소속","9999","5","합천군수","고려대학교 영어영문학과 졸업","2","선거공약서","선거공약서","candidate-doc:100161711:2","false","","false","","","current_unavailable_official_source","선거공약서||||||0||HEIGHT||Y||||00","Current official API returned no downloadable PDF path."
"520260603-성동구제1선거구-100161767-1-선거공보","제9회 전국동시지방선거","520260603","시·도의회의원선거","5","성동구제1선거구","박성근","100161767","더불어민주당","100","1","성동구의회의원 ","한양대학교 공공정책대학원 지방자치학과 중퇴(2019.09.~2022.02) ","1","선거공보","선거공보","candidate-doc:100161767:1","false","","false","","","current_unavailable_official_source","선거공보||||||0||HEIGHT||Y||||00","Current official API returned no downloadable PDF path."
"520260603-성동구제1선거구-100157773-1-선거공보","제9회 전국동시지방선거","520260603","시·도의회의원선거","5","성동구제1선거구","박중화","100157773","국민의힘","200","2","서울특별시의회의원","한국외국어대학교 글로벌공공리더십대학원 외교안보학과 졸업(정치학 석사)","1","선거공보","선거공보","candidate-doc:100157773:1","false","","false","","","current_unavailable_official_source","선거공보||||||0||HEIGHT||Y||||00","Current official API returned no downloadable PDF path."
"520260603-성동구제1선거구-100158694-1-선거공보","제9회 전국동시지방선거","520260603","시·도의회의원선거","5","성동구제1선거구","안중현","100158694","진보당","5010","5","전국서비스산업노동조합연맹 조직국장","광운대학교 전자물리학과 졸업","1","선거공보","선거공보","candidate-doc:100158694:1","false","","false","","","current_unavailable_official_source","선거공보||||||0||HEIGHT||Y||||00","Current official API returned no downloadable PDF path."
"520260603-성동구제2선거구-100155437-1-선거공보","제9회 전국동시지방선거","520260603","시·도의회의원선거","5","성동구제2선거구","김현우","100155437","더불어민주당","100","1","정당인","연세대학교 행정학과 석사과정 수료 ","1","선거공보","선거공보","candidate-doc:100155437:1","false","","false","","","current_unavailable_official_source","선거공보||||||0||HEIGHT||Y||||00","Current official API returned no downloadable PDF path."
"520260603-성동구제2선거구-100161933-1-선거공보","제9회 전국동시지방선거","520260603","시·도의회의원선거","5","성동구제2선거구","구미경","100161933","국민의힘","200","2","서울특별시의회의원","이화여자대학교 일반대학원 경영학과 박사학위과정 수료","1","선거공보","선거공보","candidate-doc:100161933:1","false","","false","","","current_unavailable_official_source","선거공보||||||0||HEIGHT||Y||||00","Current official API returned no downloadable PDF path."
"520260603-성동구제2선거구-100161367-1-선거공보","제9회 전국동시지방선거","520260603","시·도의회의원선거","5","성동구제2선거구","신종훈","100161367","진보당","5010","5","노동조합 활동가","한성대학교 행정학과 졸업","1","선거공보","선거공보","candidate-doc:100161367:1","false","","false","","","current_unavailable_official_source","선거공보||||||0||HEIGHT||Y||||00","Current official API returned no downloadable PDF path."
"520260603-성동구제3선거구-100162956-1-선거공보","제9회 전국동시지방선거","520260603","시·도의회의원선거","5","성동구제3선거구","이민옥","100162956","더불어민주당","100","1","정당인","건국대학교 문과대학 국어국문학과 졸업","1","선거공보","선거공보","candidate-doc:100162956:1","false","","false","","","current_unavailable_official_source","선거공보||||||0||HEIGHT||Y||||00","Current official API returned no downloadable PDF path."
"520260603-성동구제4선거구-100162043-1-선거공보","제9회 전국동시지방선거","520260603","시·도의회의원선거","5","성동구제4선거구","김현주","100162043","더불어민주당","100","1","성동구의회의원","일본 미야기교육대학교 대학원 일본어교육학과 졸업(교육학 석사)(1999.4.~2001.3)","1","선거공보","선거공보","candidate-doc:100162043:1","false","","false","","","current_unavailable_official_source","선거공보||||||0||HEIGHT||Y||||00","Current official API returned no downloadable PDF path."
"520260603-성동구제4선거구-100163079-1-선거공보","제9회 전국동시지방선거","520260603","시·도의회의원선거","5","성동구제4선거구","황철규","100163079","국민의힘","200","2","서울특별시의회의원","경희대학교 경영대학원 경영학과 졸업(경영학 석사)","1","선거공보","선거공보","candidate-doc:100163079:1","false","","false","","","current_unavailable_official_source","선거공보||||||0||HEIGHT||Y||||00","Current official API returned no downloadable PDF path."
"520260603-은평구제2선거구-100163120-1-선거공보","제9회 전국동시지방선거","520260603","시·도의회의원선거","5","은평구제2선거구","이병도","100163120","더불어민주당","100","1","서울특별시의회의원","홍익대학교 교육대학원 교육학과 석사수료","1","선거공보","선거공보","candidate-doc:100163120:1","false","","false","","","current_unavailable_official_source","선거공보||||||0||HEIGHT||Y||||00","Current official API returned no downloadable PDF path."
"520260603-강서구제2선거구-100161000-1-선거공보","제9회 전국동시지방선거","520260603","시·도의회의원선거","5","강서구제2선거구","장상기","100161000","더불어민주당","100","1","정당인","그리스도대학교(현,강서대학교) 사회복지대학원 졸업(사회복지학 석사)","1","선거공보","선거공보","candidate-doc:100161000:1","false","","false","","","current_unavailable_official_source","선거공보||||||0||HEIGHT||Y||||00","Current official API returned no downloadable PDF path."
"520260603-강서구제3선거구-100162425-1-선거공보","제9회 전국동시지방선거","520260603","시·도의회의원선거","5","강서구제3선거구","최진혁","100162425","국민의힘","200","2","서울시의회의원","동국대학교 대학원 정치학과 수료(석·박사 통합과정)","1","선거공보","선거공보","candidate-doc:100162425:1","false","","false","","","current_unavailable_official_source","선거공보||||||0||HEIGHT||Y||||00","Current official API returned no downloadable PDF path."
"520260603-강서구제4선거구-100155813-1-선거공보","제9회 전국동시지방선거","520260603","시·도의회의원선거","5","강서구제4선거구","송순효","100155813","더불어민주당","100","1","정당인","이화여자대학교 정책과학대학원 정책과학과 졸업(공공정책학 석사)","1","선거공보","선거공보","candidate-doc:100155813:1","false","","false","","","current_unavailable_official_source","선거공보||||||0||HEIGHT||Y||||00","Current official API returned no downloadable PDF path."
"520260603-동작구제2선거구-100162772-1-선거공보","제9회 전국동시지방선거","520260603","시·도의회의원선거","5","동작구제2선거구","최민규","100162772","국민의힘","200","2","서울특별시의회 의원","중앙대학교 대학원 무역학과 졸업(경영학 박사)","1","선거공보","선거공보","candidate-doc:100162772:1","false","","false","","","current_unavailable_official_source","선거공보||||||0||HEIGHT||Y||||00","Current official API returned no downloadable PDF path."
"520260603-동작구제3선거구-100162539-1-선거공보","제9회 전국동시지방선거","520260603","시·도의회의원선거","5","동작구제3선거구","노성철","100162539","더불어민주당","100","1","동작구의회 의원","중앙대학교 신문방송대학원 방송영상뉴미디어전공 언론학석사","1","선거공보","선거공보","candidate-doc:100162539:1","false","","false","","","current_unavailable_official_source","선거공보||||||0||HEIGHT||Y||||00","Current official API returned no downloadable PDF path."
"520260603-동작구제4선거구-100155647-1-선거공보","제9회 전국동시지방선거","520260603","시·도의회의원선거","5","동작구제4선거구","유용","100155647","더불어민주당","100","1","정당인","중앙대학교 대학원 법학과 졸업(법학박사)","1","선거공보","선거공보","candidate-doc:100155647:1","false","","false","","","current_unavailable_official_source","선거공보||||||0||HEIGHT||Y||||00","Current official API returned no downloadable PDF path."
"520260603-동작구제4선거구-100159976-1-선거공보","제9회 전국동시지방선거","520260603","시·도의회의원선거","5","동작구제4선거구","이희원","100159976","국민의힘","200","2","서울특별시의회 의원","연세대학교 행정대학원 졸업(행정학석사)","1","선거공보","선거공보","candidate-doc:100159976:1","false","","false","","","current_unavailable_official_source","선거공보||||||0||HEIGHT||Y||||00","Current official API returned no downloadable PDF path."
"520260603-관악구제1선거구-100154677-1-선거공보","제9회 전국동시지방선거","520260603","시·도의회의원선거","5","관악구제1선거구","공우석","100154677","더불어민주당","100","1","(주)금강운수 대표","고려대학교 정책대학원 사회안전행정학과 졸업(행정학 석사)","1","선거공보","선거공보","candidate-doc:100154677:1","false","","false","","","current_unavailable_official_source","선거공보||||||0||HEIGHT||Y||||00","Current official API returned no downloadable PDF path."
"520260603-관악구제2선거구-100159081-1-선거공보","제9회 전국동시지방선거","520260603","시·도의회의원선거","5","관악구제2선거구","주무열","100159081","더불어민주당","100","1","관악구의회의원","서울대학교 자연과학대학 물리·천문학부(천문학전공), 인문대학 철학과 4학년 수료","1","선거공보","선거공보","candidate-doc:100159081:1","false","","false","","","current_unavailable_official_source","선거공보||||||0||HEIGHT||Y||||00","Current official API returned no downloadable PDF path."
"520260603-관악구제3선거구-100156656-1-선거공보","제9회 전국동시지방선거","520260603","시·도의회의원선거","5","관악구제3선거구","임만균","100156656","더불어민주당","100","1","공인노무사","서울시립대학교 도시과학대학원 도시행정학과 졸업(도시행정학 석사)","1","선거공보","선거공보","candidate-doc:100156656:1","false","","false","","","current_unavailable_official_source","선거공보||||||0||HEIGHT||Y||||00","Current official API returned no downloadable PDF path."
"520260603-동구제1선거구-100157106-1-선거공보","제9회 전국동시지방선거","520260603","시·도의회의원선거","5","동구제1선거구","홍기월","100157106","더불어민주당","100","1","광주광역시의회의원","조선대학교 정책대학원 행정학과 졸업(행정학 석사)","1","선거공보","선거공보","candidate-doc:100157106:1","false","","false","","","current_unavailable_official_source","선거공보||||||0||HEIGHT||Y||||00","Current official API returned no downloadable PDF path."
"520260603-동구제1선거구-100158198-1-선거공보","제9회 전국동시지방선거","520260603","시·도의회의원선거","5","동구제1선거구","문정호","100158198","무소속","9999","5","사업가","호남대학교 물리치료학과 졸업","1","선거공보","선거공보","candidate-doc:100158198:1","false","","false","","","current_unavailable_official_source","선거공보||||||0||HEIGHT||Y||||00","Current official API returned no downloadable PDF path."
"520260603-동구제2선거구-100156289-1-선거공보","제9회 전국동시지방선거","520260603","시·도의회의원선거","5","동구제2선거구","노진성","100156289","더불어민주당","100","1","정당인","연세대학교 교육대학원 체육및여가교육 졸업(교육학석사)","1","선거공보","선거공보","candidate-doc:100156289:1","false","","false","","","current_unavailable_official_source","선거공보||||||0||HEIGHT||Y||||00","Current official API returned no downloadable PDF path."
"520260603-서구제1선거구-100154835-1-선거공보","제9회 전국동시지방선거","520260603","시·도의회의원선거","5","서구제1선거구","강수훈","100154835","더불어민주당","100","1","광주광역시의회의원","전남대학교 법학과 석사졸업","1","선거공보","선거공보","candidate-doc:100154835:1","false","","false","","","current_unavailable_official_source","선거공보||||||0||HEIGHT||Y||||00","Current official API returned no downloadable PDF path."
"520260603-서구제2선거구-100160569-1-선거공보","제9회 전국동시지방선거","520260603","시·도의회의원선거","5","서구제2선거구","오미섭","100160569","더불어민주당","100","1","광주광역시 서구의원","호남대학교 대학원 사회복지학과 졸업(사회복지학 박사)","1","선거공보","선거공보","candidate-doc:100160569:1","false","","false","","","current_unavailable_official_source","선거공보||||||0||HEIGHT||Y||||00","Current official API returned no downloadable PDF path."
"520260603-서구제2선거구-100158819-1-선거공보","제9회 전국동시지방선거","520260603","시·도의회의원선거","5","서구제2선거구","김태진","100158819","진보당","5010","5","정당인","조선대학교 무역학과 졸업","1","선거공보","선거공보","candidate-doc:100158819:1","false","","false","","","current_unavailable_official_source","선거공보||||||0||HEIGHT||Y||||00","Current official API returned no downloadable PDF path."
"520260603-서구제3선거구-100163973-1-선거공보","제9회 전국동시지방선거","520260603","시·도의회의원선거","5","서구제3선거구","고경애","100163973","더불어민주당","100","1","서구의회의원","광주대학교 경상복지대학 디지털경영학부 디지털경영회계학 졸업","1","선거공보","선거공보","candidate-doc:100163973:1","false","","false","","","current_unavailable_official_source","선거공보||||||0||HEIGHT||Y||||00","Current official API returned no downloadable PDF path."
"520260603-서구제3선거구-100164071-1-선거공보","제9회 전국동시지방선거","520260603","시·도의회의원선거","5","서구제3선거구","김형남","100164071","무소속","9999","5","회사원","고금종합고등학교 졸업","1","선거공보","선거공보","candidate-doc:100164071:1","false","","false","","","current_unavailable_official_source","선거공보||||||0||HEIGHT||Y||||00","Current official API returned no downloadable PDF path."
"520260603-서구제4선거구-100156009-1-선거공보","제9회 전국동시지방선거","520260603","시·도의회의원선거","5","서구제4선거구","심철의","100156009","더불어민주당","100","1","제9대 광주광역시의원","고려대학교 정경대학 정치외교학과 졸업","1","선거공보","선거공보","candidate-doc:100156009:1","false","","false","","","current_unavailable_official_source","선거공보||||||0||HEIGHT||Y||||00","Current official API returned no downloadable PDF path."
"520260603-남구제2선거구-100158960-1-선거공보","제9회 전국동시지방선거","520260603","시·도의회의원선거","5","남구제2선거구","박상길","100158960","더불어민주당","100","1","제9대 남구의회 의원","조선대학교 법학과 대학원 재학","1","선거공보","선거공보","candidate-doc:100158960:1","false","","false","","","current_unavailable_official_source","선거공보||||||0||HEIGHT||Y||||00","Current official API returned no downloadable PDF path."
"520260603-광산구제4선거구-100156747-1-선거공보","제9회 전국동시지방선거","520260603","시·도의회의원선거","5","광산구제4선거구","이귀순","100156747","더불어민주당","100","1","광주광역시의회의원","호남대학교 사회융합대학원 행정학과 졸업 (행정학 석사)","1","선거공보","선거공보","candidate-doc:100156747:1","false","","false","","","current_unavailable_official_source","선거공보||||||0||HEIGHT||Y||||00","Current official API returned no downloadable PDF path."
"520260603-중구선거구-100163508-1-선거공보","제9회 전국동시지방선거","520260603","시·도의회의원선거","5","중구선거구","오경석","100163508","무소속","9999","5","중구영도구공공정책연구소 소장","부산대학교 경제통상대학원 졸업(글로벌정책학 석사)","1","선거공보","선거공보","candidate-doc:100163508:1","false","","false","","","current_unavailable_official_source","선거공보||||||0||HEIGHT||Y||||00","Current official API returned no downloadable PDF path."
"520260603-서구제1선거구-100161226-1-선거공보","제9회 전국동시지방선거","520260603","시·도의회의원선거","5","서구제1선거구","송상조","100161226","국민의힘","200","2","부산광역시의회의원","동아대학교 정치외교학과 졸업","1","선거공보","선거공보","candidate-doc:100161226:1","false","","false","","","current_unavailable_official_source","선거공보||||||0||HEIGHT||Y||||00","Current official API returned no downloadable PDF path."
"520260603-서구제2선거구-100161145-1-선거공보","제9회 전국동시지방선거","520260603","시·도의회의원선거","5","서구제2선거구","이용운","100161145","국민의힘","200","2","곽규택 국회의원 선임비서관","영산대학교 일반대학원 호텔외식관광학과 경영학박사","1","선거공보","선거공보","candidate-doc:100161145:1","false","","false","","","current_unavailable_official_source","선거공보||||||0||HEIGHT||Y||||00","Current official API returned no downloadable PDF path."
"520260603-영도구제2선거구-100158278-1-선거공보","제9회 전국동시지방선거","520260603","시·도의회의원선거","5","영도구제2선거구","양준모","100158278","국민의힘","200","2","부산광역시의회의원","서울대학교대학원 건축학과 공학석사","1","선거공보","선거공보","candidate-doc:100158278:1","false","","false","","","current_unavailable_official_source","선거공보||||||0||HEIGHT||Y||||00","Current official API returned no downloadable PDF path."
"520260603-북구제1선거구-100160584-1-선거공보","제9회 전국동시지방선거","520260603","시·도의회의원선거","5","북구제1선거구","문영남","100160584","더불어민주당","100","1","한국공공클라우드연구원(주) 대표이사","신라대학교 행정학과 졸업","1","선거공보","선거공보","candidate-doc:100160584:1","false","","false","","","current_unavailable_official_source","선거공보||||||0||HEIGHT||Y||||00","Current official API returned no downloadable PDF path."
"520260603-북구제1선거구-100160102-1-선거공보","제9회 전국동시지방선거","520260603","시·도의회의원선거","5","북구제1선거구","강영두","100160102","국민의힘","200","2","정당인","영남대학교 환경보건대학원 석사학위과정 수료","1","선거공보","선거공보","candidate-doc:100160102:1","false","","false","","","current_unavailable_official_source","선거공보||||||0||HEIGHT||Y||||00","Current official API returned no downloadable PDF path."
"520260603-북구제2선거구-100157364-1-선거공보","제9회 전국동시지방선거","520260603","시·도의회의원선거","5","북구제2선거구","이순영","100157364","더불어민주당","100","1","정당인","부경대학교 대학원 국어국문학과 박사과정 수료","1","선거공보","선거공보","candidate-doc:100157364:1","false","","false","","","current_unavailable_official_source","선거공보||||||0||HEIGHT||Y||||00","Current official API returned no downloadable PDF path."
"520260603-북구제2선거구-100158624-1-선거공보","제9회 전국동시지방선거","520260603","시·도의회의원선거","5","북구제2선거구","김효정","100158624","국민의힘","200","2","부산광역시의회의원","부산대학교 행정학 석사 졸업","1","선거공보","선거공보","candidate-doc:100158624:1","false","","false","","","current_unavailable_official_source","선거공보||||||0||HEIGHT||Y||||00","Current official API returned no downloadable PDF path."
"520260603-북구제3선거구-100162130-1-선거공보","제9회 전국동시지방선거","520260603","시·도의회의원선거","5","북구제3선거구","정양훈","100162130","더불어민주당","100","1","정당인","부산대학교 행정대학원 행정학과 졸업(행정학석사)","1","선거공보","선거공보","candidate-doc:100162130:1","false","","false","","","current_unavailable_official_source","선거공보||||||0||HEIGHT||Y||||00","Current official API returned no downloadable PDF path."
"520260603-북구제3선거구-100161195-1-선거공보","제9회 전국동시지방선거","520260603","시·도의회의원선거","5","북구제3선거구","이종진","100161195","국민의힘","200","2","부산광역시의회의원","미국 텍사스주립대학교(UTA) 기계공학과 학사 (1996.9~2000.5)","1","선거공보","선거공보","candidate-doc:100161195:1","false","","false","","","current_unavailable_official_source","선거공보||||||0||HEIGHT||Y||||00","Current official API returned no downloadable PDF path."
"520260603-북구제4선거구-100160005-1-선거공보","제9회 전국동시지방선거","520260603","시·도의회의원선거","5","북구제4선거구","김태희","100160005","더불어민주당","100","1","북구의회의원","부산대학교 환경대학원 환경과학과 졸업(이학석사)","1","선거공보","선거공보","candidate-doc:100160005:1","false","","false","","","current_unavailable_official_source","선거공보||||||0||HEIGHT||Y||||00","Current official API returned no downloadable PDF path."
"520260603-북구제4선거구-100161457-1-선거공보","제9회 전국동시지방선거","520260603","시·도의회의원선거","5","북구제4선거구","박종율","100161457","국민의힘","200","2","부산광역시의회의원","동국대학교 정치외교학과 졸업","1","선거공보","선거공보","candidate-doc:100161457:1","false","","false","","","current_unavailable_official_source","선거공보||||||0||HEIGHT||Y||||00","Current official API returned no downloadable PDF path."
"520260603-북구제4선거구-100157572-1-선거공보","제9회 전국동시지방선거","520260603","시·도의회의원선거","5","북구제4선거구","김수민","100157572","무소속","9999","5","대학생","경북대학교 인문대학 철학과 재학 중","1","선거공보","선거공보","candidate-doc:100157572:1","false","","false","","","current_unavailable_official_source","선거공보||||||0||HEIGHT||Y||||00","Current official API returned no downloadable PDF path."
"520260603-수영구제1선거구-100157956-1-선거공보","제9회 전국동시지방선거","520260603","시·도의회의원선거","5","수영구제1선거구","황성의","100157956","더불어민주당","100","1","삼성전자서비스(주)경남지사재직","동의대학교 대학원 재무부동산학석사과정수료","1","선거공보","선거공보","candidate-doc:100157956:1","false","","false","","","current_unavailable_official_source","선거공보||||||0||HEIGHT||Y||||00","Current official API returned no downloadable PDF path."
"520260603-수영구제1선거구-100162620-1-선거공보","제9회 전국동시지방선거","520260603","시·도의회의원선거","5","수영구제1선거구","조병제","100162620","국민의힘","200","2","구의원","부산대학교 행정대학원 행정학과 석사과정 재학중","1","선거공보","선거공보","candidate-doc:100162620:1","false","","false","","","current_unavailable_official_source","선거공보||||||0||HEIGHT||Y||||00","Current official API returned no downloadable PDF path."
"520260603-수영구제2선거구-100161211-1-선거공보","제9회 전국동시지방선거","520260603","시·도의회의원선거","5","수영구제2선거구","최영아","100161211","더불어민주당","100","1","사단법인 전국장애인야학협의회 감사","부산동여자고등학교 졸업","1","선거공보","선거공보","candidate-doc:100161211:1","false","","false","","","current_unavailable_official_source","선거공보||||||0||HEIGHT||Y||||00","Current official API returned no downloadable PDF path."
"520260603-수영구제2선거구-100162625-1-선거공보","제9회 전국동시지방선거","520260603","시·도의회의원선거","5","수영구제2선거구","김보언","100162625","국민의힘","200","2","정당인","동아대학교 대학원 정치학과 박사 과정 수료","1","선거공보","선거공보","candidate-doc:100162625:1","false","","false","","","current_unavailable_official_source","선거공보||||||0||HEIGHT||Y||||00","Current official API returned no downloadable PDF path."
"520260603-동구제2선거구-100163302-1-선거공보","제9회 전국동시지방선거","520260603","시·도의회의원선거","5","동구제2선거구","박소영","100163302","국민의힘","200","2","대구시의회의원","경북대학교 정책정보대학원 사회정책 및 NGO전공 졸업(사회학석사)","1","선거공보","선거공보","candidate-doc:100163302:1","false","","false","","","current_unavailable_official_source","선거공보||||||0||HEIGHT||Y||||00","Current official API returned no downloadable PDF path."
"520260603-부평구제5선거구-100155445-1-선거공보","제9회 전국동시지방선거","520260603","시·도의회의원선거","5","부평구제5선거구","박흥석","100155445","더불어민주당","100","1","연구원","성공회대학교 NGO대학원 석사과정 수료(정치경제학전공)","1","선거공보","선거공보","candidate-doc:100155445:1","false","","false","","","current_unavailable_official_source","선거공보||||||0||HEIGHT||Y||||00","Current official API returned no downloadable PDF path."
"520260603-부평구제6선거구-100158141-1-선거공보","제9회 전국동시지방선거","520260603","시·도의회의원선거","5","부평구제6선거구","박종혁","100158141","더불어민주당","100","1","제9대 인천광역시의회의원","인천대학교 공과대학 기계자동차공학과 졸업","1","선거공보","선거공보","candidate-doc:100158141:1","false","","false","","","current_unavailable_official_source","선거공보||||||0||HEIGHT||Y||||00","Current official API returned no downloadable PDF path."
"520260603-남구제3선거구-100155095-1-선거공보","제9회 전국동시지방선거","520260603","시·도의회의원선거","5","남구제3선거구","권수찬","100155095","새미래민주당","5072","6","정당인","영산대학교 신문방송학과 졸업","1","선거공보","선거공보","candidate-doc:100155095:1","false","","false","","","current_unavailable_official_source","선거공보||||||0||HEIGHT||Y||||00","Current official API returned no downloadable PDF path."
"520260603-수원시제4선거구-100163385-1-선거공보","제9회 전국동시지방선거","520260603","시·도의회의원선거","5","수원시제4선거구","조정근","100163385","국민의힘","200","2","정당인","동국대학교 대학원 법학과 박사과정 재학중","1","선거공보","선거공보","candidate-doc:100163385:1","false","","false","","","current_unavailable_official_source","선거공보||||||0||HEIGHT||Y||||00","Current official API returned no downloadable PDF path."
"520260603-용인시제3선거구-100162517-1-선거공보","제9회 전국동시지방선거","520260603","시·도의회의원선거","5","용인시제3선거구","남종섭","100162517","더불어민주당","100","1","경기도의회의원","명지대학교 대학원 지방행정학과 졸업(행정학석사)","1","선거공보","선거공보","candidate-doc:100162517:1","false","","false","","","current_unavailable_official_source","선거공보||||||0||HEIGHT||Y||||00","Current official API returned no downloadable PDF path."
"520260603-고양시제1선거구-100163348-1-선거공보","제9회 전국동시지방선거","520260603","시·도의회의원선거","5","고양시제1선거구","이다겸","100163348","국민의힘","200","2","기업인","수원과학대학(현 수원과학대학교)방송연예과 졸업","1","선거공보","선거공보","candidate-doc:100163348:1","false","","false","","","current_unavailable_official_source","선거공보||||||0||HEIGHT||Y||||00","Current official API returned no downloadable PDF path."
"520260603-고양시제3선거구-100163594-1-선거공보","제9회 전국동시지방선거","520260603","시·도의회의원선거","5","고양시제3선거구","류기준","100163594","더불어민주당","100","1","대한민국 국회 선임비서관","고려대학교 정경대학 경제학과 졸업","1","선거공보","선거공보","candidate-doc:100163594:1","false","","false","","","current_unavailable_official_source","선거공보||||||0||HEIGHT||Y||||00","Current official API returned no downloadable PDF path."
"520260603-화성시제6선거구-100163940-1-선거공보","제9회 전국동시지방선거","520260603","시·도의회의원선거","5","화성시제6선거구","김회철","100163940","더불어민주당","100","1","경기도의회의원","경희대학교 정경대학 경영학부 졸업","1","선거공보","선거공보","candidate-doc:100163940:1","false","","false","","","current_unavailable_official_source","선거공보||||||0||HEIGHT||Y||||00","Current official API returned no downloadable PDF path."
"520260603-화성시제8선거구-100163181-1-선거공보","제9회 전국동시지방선거","520260603","시·도의회의원선거","5","화성시제8선거구","김영수","100163181","더불어민주당","100","1","화성시의회의원","동신대학교 도시계획, 조경학부 졸업(환경조경학전공)","1","선거공보","선거공보","candidate-doc:100163181:1","false","","false","","","current_unavailable_official_source","선거공보||||||0||HEIGHT||Y||||00","Current official API returned no downloadable PDF path."
"520260603-성남시제3선거구-100158703-1-선거공보","제9회 전국동시지방선거","520260603","시·도의회의원선거","5","성남시제3선거구","김병조","100158703","진보당","5010","5","대여제품방문점검원","경원대학교 인문대학 4학년 제적(00.03.~08.01.)(현 가천대학교)","1","선거공보","선거공보","candidate-doc:100158703:1","false","","false","","","current_unavailable_official_source","선거공보||||||0||HEIGHT||Y||||00","Current official API returned no downloadable PDF path."
"520260603-부천시제2선거구-100160801-1-선거공보","제9회 전국동시지방선거","520260603","시·도의회의원선거","5","부천시제2선거구","박상현","100160801","더불어민주당","100","1","경기도의회의원","서울대학교 대학원 졸업(이학박사)","1","선거공보","선거공보","candidate-doc:100160801:1","false","","false","","","current_unavailable_official_source","선거공보||||||0||HEIGHT||Y||||00","Current official API returned no downloadable PDF path."
"520260603-남양주시제8선거구-100157504-1-선거공보","제9회 전국동시지방선거","520260603","시·도의회의원선거","5","남양주시제8선거구","이병길","100157504","국민의힘","200","2","경기도의회의원","경희사이버대학교 스포츠경영학과 졸업","1","선거공보","선거공보","candidate-doc:100157504:1","false","","false","","","current_unavailable_official_source","선거공보||||||0||HEIGHT||Y||||00","Current official API returned no downloadable PDF path."
"520260603-안산시제2선거구-100157525-1-선거공보","제9회 전국동시지방선거","520260603","시·도의회의원선거","5","안산시제2선거구","김태희","100157525","더불어민주당","100","1","경기도의원","한양대학교 국제학대학원 중국학과 석사과정 수료","1","선거공보","선거공보","candidate-doc:100157525:1","false","","false","","","current_unavailable_official_source","선거공보||||||0||HEIGHT||Y||||00","Current official API returned no downloadable PDF path."
"520260603-안산시제5선거구-100162460-1-선거공보","제9회 전국동시지방선거","520260603","시·도의회의원선거","5","안산시제5선거구","이은미","100162460","더불어민주당","100","1","경기도의회의원","중앙대학교 국악교육대학원 국악교육전공(석사과정) 수료","1","선거공보","선거공보","candidate-doc:100162460:1","false","","false","","","current_unavailable_official_source","선거공보||||||0||HEIGHT||Y||||00","Current official API returned no downloadable PDF path."
"520260603-평택시제3선거구-100155140-1-선거공보","제9회 전국동시지방선거","520260603","시·도의회의원선거","5","평택시제3선거구","김경옥","100155140","더불어민주당","100","1","보험설계사","중앙대학교대학원 의회학과 석사과정 휴학중","1","선거공보","선거공보","candidate-doc:100155140:1","false","","false","","","current_unavailable_official_source","선거공보||||||0||HEIGHT||Y||||00","Current official API returned no downloadable PDF path."
"520260603-평택시제3선거구-100158618-1-선거공보","제9회 전국동시지방선거","520260603","시·도의회의원선거","5","평택시제3선거구","이동화","100158618","국민의힘","200","2","정당인","한양대학교 산업경영대학원 제품디자인학과 졸업 (이학석사)","1","선거공보","선거공보","candidate-doc:100158618:1","false","","false","","","current_unavailable_official_source","선거공보||||||0||HEIGHT||Y||||00","Current official API returned no downloadable PDF path."
"520260603-평택시제4선거구-100160694-1-선거공보","제9회 전국동시지방선거","520260603","시·도의회의원선거","5","평택시제4선거구","윤성근","100160694","국민의힘","200","2","경기도의회의원","아주대학교 공공정책대학원졸업(행정학 석사)","1","선거공보","선거공보","candidate-doc:100160694:1","false","","false","","","current_unavailable_official_source","선거공보||||||0||HEIGHT||Y||||00","Current official API returned no downloadable PDF path."
"520260603-평택시제5선거구-100158250-1-선거공보","제9회 전국동시지방선거","520260603","시·도의회의원선거","5","평택시제5선거구","이학수","100158250","국민의힘","200","2","정당인","국제대학교 상담심리치료학과 3학년 재학중","1","선거공보","선거공보","candidate-doc:100158250:1","false","","false","","","current_unavailable_official_source","선거공보||||||0||HEIGHT||Y||||00","Current official API returned no downloadable PDF path."
"520260603-평택시제6선거구-100158381-1-선거공보","제9회 전국동시지방선거","520260603","시·도의회의원선거","5","평택시제6선거구","한승훈","100158381","더불어민주당","100","1","자영업","수원전문대학(현, 수원과학대학교) 전자계산과 졸업","1","선거공보","선거공보","candidate-doc:100158381:1","false","","false","","","current_unavailable_official_source","선거공보||||||0||HEIGHT||Y||||00","Current official API returned no downloadable PDF path."
"520260603-평택시제6선거구-100160261-1-선거공보","제9회 전국동시지방선거","520260603","시·도의회의원선거","5","평택시제6선거구","김근용","100160261","국민의힘","200","2","경기도의원","평택대학교 일반대학원 사회복지학과 박사과정 졸업","1","선거공보","선거공보","candidate-doc:100160261:1","false","","false","","","current_unavailable_official_source","선거공보||||||0||HEIGHT||Y||||00","Current official API returned no downloadable PDF path."
"520260603-시흥시제1선거구-100161234-1-선거공보","제9회 전국동시지방선거","520260603","시·도의회의원선거","5","시흥시제1선거구","안광률","100161234","더불어민주당","100","1","경기도의회의원","한양대학교 융합산업대학원 졸업(경영학석사)","1","선거공보","선거공보","candidate-doc:100161234:1","false","","false","","","current_unavailable_official_source","선거공보||||||0||HEIGHT||Y||||00","Current official API returned no downloadable PDF path."
"520260603-시흥시제3선거구-100160675-1-선거공보","제9회 전국동시지방선거","520260603","시·도의회의원선거","5","시흥시제3선거구","김영훈","100160675","더불어민주당","100","1","정당인","한국공학대학교 산업기술·경영대학원 기술보호경영학과 졸업(경영학 석사)","1","선거공보","선거공보","candidate-doc:100160675:1","false","","false","","","current_unavailable_official_source","선거공보||||||0||HEIGHT||Y||||00","Current official API returned no downloadable PDF path."
"520260603-파주시제1선거구-100162021-1-선거공보","제9회 전국동시지방선거","520260603","시·도의회의원선거","5","파주시제1선거구","박은주","100162021","더불어민주당","100","1","파주시의회의원","동국대학교 국어국문학과 졸업","1","선거공보","선거공보","candidate-doc:100162021:1","false","","false","","","current_unavailable_official_source","선거공보||||||0||HEIGHT||Y||||00","Current official API returned no downloadable PDF path."
"520260603-파주시제2선거구-100155476-1-선거공보","제9회 전국동시지방선거","520260603","시·도의회의원선거","5","파주시제2선거구","손희정","100155476","더불어민주당","100","1","정당인","숭실대학교 대학원 회계학과 졸업(경영학박사)","1","선거공보","선거공보","candidate-doc:100155476:1","false","","false","","","current_unavailable_official_source","선거공보||||||0||HEIGHT||Y||||00","Current official API returned no downloadable PDF path."
"520260603-파주시제2선거구-100157123-1-선거공보","제9회 전국동시지방선거","520260603","시·도의회의원선거","5","파주시제2선거구","김광선","100157123","국민의힘","200","2","정당인","강남대학교 사회복지전문대학원 졸업(사회복지학박사)","1","선거공보","선거공보","candidate-doc:100157123:1","false","","false","","","current_unavailable_official_source","선거공보||||||0||HEIGHT||Y||||00","Current official API returned no downloadable PDF path."
"520260603-파주시제3선거구-100162744-1-선거공보","제9회 전국동시지방선거","520260603","시·도의회의원선거","5","파주시제3선거구","손성익","100162744","더불어민주당","100","1","파주시의회의원","성균관대학교 국정전문대학원 행정학과 박사학위과정 제4학기 재학중","1","선거공보","선거공보","candidate-doc:100162744:1","false","","false","","","current_unavailable_official_source","선거공보||||||0||HEIGHT||Y||||00","Current official API returned no downloadable PDF path."
"520260603-파주시제3선거구-100165675-1-선거공보","제9회 전국동시지방선거","520260603","시·도의회의원선거","5","파주시제3선거구","정국진","100165675","국민의힘","200","2","대학원생","북한대학원대학교 정치통일전공 졸업(북한학석사)","1","선거공보","선거공보","candidate-doc:100165675:1","false","","false","","","current_unavailable_official_source","선거공보||||||0||HEIGHT||Y||||00","Current official API returned no downloadable PDF path."
"520260603-파주시제4선거구-100158168-1-선거공보","제9회 전국동시지방선거","520260603","시·도의회의원선거","5","파주시제4선거구","김순현","100158168","더불어민주당","100","1","북파주발전포럼상임대표","국민대학교 행정대학원 졸업(행정학석사)","1","선거공보","선거공보","candidate-doc:100158168:1","false","","false","","","current_unavailable_official_source","선거공보||||||0||HEIGHT||Y||||00","Current official API returned no downloadable PDF path."
"520260603-파주시제4선거구-100158339-1-선거공보","제9회 전국동시지방선거","520260603","시·도의회의원선거","5","파주시제4선거구","이한국","100158339","국민의힘","200","2","경기도의회의원","국민대학교 정치대학원 졸업(정치학 석사)","1","선거공보","선거공보","candidate-doc:100158339:1","false","","false","","","current_unavailable_official_source","선거공보||||||0||HEIGHT||Y||||00","Current official API returned no downloadable PDF path."
"520260603-파주시제5선거구-100160436-1-선거공보","제9회 전국동시지방선거","520260603","시·도의회의원선거","5","파주시제5선거구","이종춘","100160436","더불어민주당","100","1","정당인","경민대학(현 경민대학교) 인터넷비즈니스과 졸업","1","선거공보","선거공보","candidate-doc:100160436:1","false","","false","","","current_unavailable_official_source","선거공보||||||0||HEIGHT||Y||||00","Current official API returned no downloadable PDF path."
"520260603-파주시제5선거구-100155791-1-선거공보","제9회 전국동시지방선거","520260603","시·도의회의원선거","5","파주시제5선거구","한규민","100155791","국민의힘","200","2","정당인","한국외국어대학교 대학원 이어이문학과 졸업(문학석사)","1","선거공보","선거공보","candidate-doc:100155791:1","false","","false","","","current_unavailable_official_source","선거공보||||||0||HEIGHT||Y||||00","Current official API returned no downloadable PDF path."
"520260603-의정부시제3선거구-100160544-1-선거공보","제9회 전국동시지방선거","520260603","시·도의회의원선거","5","의정부시제3선거구","김지호","100160544","더불어민주당","100","1","의정부시의회의원","성균관대학교 법학전문대학원 수료(박사학위과정)","1","선거공보","선거공보","candidate-doc:100160544:1","false","","false","","","current_unavailable_official_source","선거공보||||||0||HEIGHT||Y||||00","Current official API returned no downloadable PDF path."
"520260603-의정부시제3선거구-100161783-1-선거공보","제9회 전국동시지방선거","520260603","시·도의회의원선거","5","의정부시제3선거구","이철호","100161783","국민의힘","200","2","(주)오토드림 대표","인천대학교 법학과 졸업","1","선거공보","선거공보","candidate-doc:100161783:1","false","","false","","","current_unavailable_official_source","선거공보||||||0||HEIGHT||Y||||00","Current official API returned no downloadable PDF path."
"520260603-의정부시제4선거구-100163557-1-선거공보","제9회 전국동시지방선거","520260603","시·도의회의원선거","5","의정부시제4선거구","박웅비","100163557","국민의힘","200","2","장례지도사","신흥대학교 지적부동산과 졸업(현 신한대학교)","1","선거공보","선거공보","candidate-doc:100163557:1","false","","false","","","current_unavailable_official_source","선거공보||||||0||HEIGHT||Y||||00","Current official API returned no downloadable PDF path."
"520260603-군포시제4선거구-100163433-1-선거공보","제9회 전국동시지방선거","520260603","시·도의회의원선거","5","군포시제4선거구","김귀근","100163433","더불어민주당","100","1","정당인","경희대학교 테크노경영대학원 복지경영학과 졸업(경영학석사)","1","선거공보","선거공보","candidate-doc:100163433:1","false","","false","","","current_unavailable_official_source","선거공보||||||0||HEIGHT||Y||||00","Current official API returned no downloadable PDF path."
"520260603-춘천시제2선거구-100153893-1-선거공보","제9회 전국동시지방선거","520260603","시·도의회의원선거","5","춘천시제2선거구","이교선","100153893","더불어민주당","100","1","정당활동가","강원대학교 일반대학원 관광경영학과 제4학기 휴학(석·박사 통합과정)","1","선거공보","선거공보","candidate-doc:100153893:1","false","","false","","","current_unavailable_official_source","선거공보||||||0||HEIGHT||Y||||00","Current official API returned no downloadable PDF path."
"520260603-원주시제9선거구-100163692-1-선거공보","제9회 전국동시지방선거","520260603","시·도의회의원선거","5","원주시제9선거구","장이수","100163692","무소속","9999","5","목사","한국침례신학대학교 대학원 신학과 졸업(신학석사)","1","선거공보","선거공보","candidate-doc:100163692:1","false","","false","","","current_unavailable_official_source","선거공보||||||0||HEIGHT||Y||||00","Current official API returned no downloadable PDF path."
"520260603-홍천군제1선거구-100162039-1-선거공보","제9회 전국동시지방선거","520260603","시·도의회의원선거","5","홍천군제1선거구","이영욱","100162039","국민의힘","200","2","강원특별자치도의회의원","고려대학교 교육대학원 졸업(교육학 석사)","1","선거공보","선거공보","candidate-doc:100162039:1","false","","false","","","current_unavailable_official_source","선거공보||||||0||HEIGHT||Y||||00","Current official API returned no downloadable PDF path."
"520260603-홍천군제2선거구-100161143-1-선거공보","제9회 전국동시지방선거","520260603","시·도의회의원선거","5","홍천군제2선거구","나기호","100161143","더불어민주당","100","1","정당인","서울디지털대학교 사회복지학과 졸업","1","선거공보","선거공보","candidate-doc:100161143:1","false","","false","","","current_unavailable_official_source","선거공보||||||0||HEIGHT||Y||||00","Current official API returned no downloadable PDF path."
"520260603-홍천군제2선거구-100162380-1-선거공보","제9회 전국동시지방선거","520260603","시·도의회의원선거","5","홍천군제2선거구","홍성기","100162380","국민의힘","200","2","강원특별자치도의회의원","상지영서대학 경영과 졸업","1","선거공보","선거공보","candidate-doc:100162380:1","false","","false","","","current_unavailable_official_source","선거공보||||||0||HEIGHT||Y||||00","Current official API returned no downloadable PDF path."
"520260603-홍천군제2선거구-100155613-1-선거공보","제9회 전국동시지방선거","520260603","시·도의회의원선거","5","홍천군제2선거구","박현중","100155613","무소속","9999","5","참솔농원 대표","상지대학교 평생교육상담학과 졸업","1","선거공보","선거공보","candidate-doc:100155613:1","false","","false","","","current_unavailable_official_source","선거공보||||||0||HEIGHT||Y||||00","Current official API returned no downloadable PDF path."
"520260603-괴산군선거구-100158702-1-선거공보","제9회 전국동시지방선거","520260603","시·도의회의원선거","5","괴산군선거구","이완철","100158702","더불어민주당","100","1","대성농장 대표","중원대학교 스포츠지도학과 졸업","1","선거공보","선거공보","candidate-doc:100158702:1","false","","false","","","current_unavailable_official_source","선거공보||||||0||HEIGHT||Y||||00","Current official API returned no downloadable PDF path."
"520260603-천안시제4선거구-100161577-1-선거공보","제9회 전국동시지방선거","520260603","시·도의회의원선거","5","천안시제4선거구","구형서","100161577","더불어민주당","100","1","충청남도의회의원","호서대학교 일반대학원 재난안전시스템학과 석사과정 2학기 재학중","1","선거공보","선거공보","candidate-doc:100161577:1","false","","false","","","current_unavailable_official_source","선거공보||||||0||HEIGHT||Y||||00","Current official API returned no downloadable PDF path."
"520260603-천안시제5선거구-100163622-1-선거공보","제9회 전국동시지방선거","520260603","시·도의회의원선거","5","천안시제5선거구","김재호","100163622","더불어민주당","100","1","㈜에프디엑스안전관리인증교육원 대표","공주대학교 식품과학부 졸업(식품공학전공)","1","선거공보","선거공보","candidate-doc:100163622:1","false","","false","","","current_unavailable_official_source","선거공보||||||0||HEIGHT||Y||||00","Current official API returned no downloadable PDF path."
"520260603-전주시제1선거구-100163520-1-선거공보","제9회 전국동시지방선거","520260603","시·도의회의원선거","5","전주시제1선거구","이병도","100163520","더불어민주당","100","1","전북특별자치도의회의원","전북대학교 행정대학원 졸업(정치학석사)","1","선거공보","선거공보","candidate-doc:100163520:1","false","","false","","","current_unavailable_official_source","선거공보||||||0||HEIGHT||Y||||00","Current official API returned no downloadable PDF path."
"520260603-전주시제2선거구-100165274-1-선거공보","제9회 전국동시지방선거","520260603","시·도의회의원선거","5","전주시제2선거구","진형석","100165274","더불어민주당","100","1","전북특별자치도의회 의원","전북대학교 행정대학원 정치학석사","1","선거공보","선거공보","candidate-doc:100165274:1","false","","false","","","current_unavailable_official_source","선거공보||||||0||HEIGHT||Y||||00","Current official API returned no downloadable PDF path."
"520260603-전주시제3선거구-100161205-1-선거공보","제9회 전국동시지방선거","520260603","시·도의회의원선거","5","전주시제3선거구","배정현","100161205","조국혁신당","5077","3","물리치료사","한일장신대학교 생명과학부 졸업","1","선거공보","선거공보","candidate-doc:100161205:1","false","","false","","","current_unavailable_official_source","선거공보||||||0||HEIGHT||Y||||00","Current official API returned no downloadable PDF path."
"520260603-전주시제4선거구-100156068-1-선거공보","제9회 전국동시지방선거","520260603","시·도의회의원선거","5","전주시제4선거구","장연국","100156068","더불어민주당","100","1","전북특별자치도의회의원","전북대학교 행정학 석사","1","선거공보","선거공보","candidate-doc:100156068:1","false","","false","","","current_unavailable_official_source","선거공보||||||0||HEIGHT||Y||||00","Current official API returned no downloadable PDF path."
"520260603-전주시제5선거구-100154469-1-선거공보","제9회 전국동시지방선거","520260603","시·도의회의원선거","5","전주시제5선거구","송재영","100154469","더불어민주당","100","1","정당인","전북대학교 법과대학 법학과 졸업","1","선거공보","선거공보","candidate-doc:100154469:1","false","","false","","","current_unavailable_official_source","선거공보||||||0||HEIGHT||Y||||00","Current official API returned no downloadable PDF path."
"520260603-전주시제6선거구-100156103-1-선거공보","제9회 전국동시지방선거","520260603","시·도의회의원선거","5","전주시제6선거구","김희수","100156103","더불어민주당","100","1","전북특별자치도의회 의원","전주대학교 부동산학 전공 졸업","1","선거공보","선거공보","candidate-doc:100156103:1","false","","false","","","current_unavailable_official_source","선거공보||||||0||HEIGHT||Y||||00","Current official API returned no downloadable PDF path."
"520260603-전주시제7선거구-100164981-1-선거공보","제9회 전국동시지방선거","520260603","시·도의회의원선거","5","전주시제7선거구","천서영","100164981","국민의힘","200","2","전주시의회의원","전북대학교 법무대학원 법학과(부동산법) 석사과정 재학","1","선거공보","선거공보","candidate-doc:100164981:1","false","","false","","","current_unavailable_official_source","선거공보||||||0||HEIGHT||Y||||00","Current official API returned no downloadable PDF path."
"520260603-전주시제8선거구-100160786-1-선거공보","제9회 전국동시지방선거","520260603","시·도의회의원선거","5","전주시제8선거구","남관우","100160786","더불어민주당","100","1","전주시의회 의원","전북과학대학 졸업(방송전문학사)","1","선거공보","선거공보","candidate-doc:100160786:1","false","","false","","","current_unavailable_official_source","선거공보||||||0||HEIGHT||Y||||00","Current official API returned no downloadable PDF path."
"520260603-전주시제9선거구-100158161-1-선거공보","제9회 전국동시지방선거","520260603","시·도의회의원선거","5","전주시제9선거구","서난이","100158161","더불어민주당","100","1","전북특별자치도의회 의원","전북대학교 대학원 정치학과 박사과정 수료","1","선거공보","선거공보","candidate-doc:100158161:1","false","","false","","","current_unavailable_official_source","선거공보||||||0||HEIGHT||Y||||00","Current official API returned no downloadable PDF path."
"520260603-전주시제10선거구-100162042-1-선거공보","제9회 전국동시지방선거","520260603","시·도의회의원선거","5","전주시제10선거구","이명연","100162042","더불어민주당","100","1","전북특별자치도의회의원","전북대학교 행정대학원 지방자치학과 졸업","1","선거공보","선거공보","candidate-doc:100162042:1","false","","false","","","current_unavailable_official_source","선거공보||||||0||HEIGHT||Y||||00","Current official API returned no downloadable PDF path."
"520260603-전주시제11선거구-100157972-1-선거공보","제9회 전국동시지방선거","520260603","시·도의회의원선거","5","전주시제11선거구","김남규","100157972","더불어민주당","100","1","무직","전북대학교 축산학과 졸업","1","선거공보","선거공보","candidate-doc:100157972:1","false","","false","","","current_unavailable_official_source","선거공보||||||0||HEIGHT||Y||||00","Current official API returned no downloadable PDF path."
"520260603-전주시제12선거구-100154410-1-선거공보","제9회 전국동시지방선거","520260603","시·도의회의원선거","5","전주시제12선거구","노경만","100154410","더불어민주당","100","1","자영업","전북대학교 정치외교학과 졸업","1","선거공보","선거공보","candidate-doc:100154410:1","false","","false","","","current_unavailable_official_source","선거공보||||||0||HEIGHT||Y||||00","Current official API returned no downloadable PDF path."
"520260603-군산시제2선거구-100155907-1-선거공보","제9회 전국동시지방선거","520260603","시·도의회의원선거","5","군산시제2선거구","김동구","100155907","더불어민주당","100","1","전북특별자치도의회의원","원광대학교 물리학과 졸업","1","선거공보","선거공보","candidate-doc:100155907:1","false","","false","","","current_unavailable_official_source","선거공보||||||0||HEIGHT||Y||||00","Current official API returned no downloadable PDF path."
"520260603-군산시제2선거구-100157378-1-선거공보","제9회 전국동시지방선거","520260603","시·도의회의원선거","5","군산시제2선거구","안근","100157378","조국혁신당","5077","3","뿌리기획 대표","군산대학교대학원 사법행정학과 졸업(법학박사)","1","선거공보","선거공보","candidate-doc:100157378:1","false","","false","","","current_unavailable_official_source","선거공보||||||0||HEIGHT||Y||||00","Current official API returned no downloadable PDF path."
"520260603-군산시제3선거구-100165111-1-선거공보","제9회 전국동시지방선거","520260603","시·도의회의원선거","5","군산시제3선거구","나종대","100165111","더불어민주당","100","1","제9대 군산시의회의원","군산대학교 무역학과 졸업","1","선거공보","선거공보","candidate-doc:100165111:1","false","","false","","","current_unavailable_official_source","선거공보||||||0||HEIGHT||Y||||00","Current official API returned no downloadable PDF path."
"520260603-군산시제4선거구-100154283-1-선거공보","제9회 전국동시지방선거","520260603","시·도의회의원선거","5","군산시제4선거구","한준희","100154283","더불어민주당","100","1","개인사업자","고려대학교 정책대학원 국토경제학과 졸업(경제학석사 국토경제)","1","선거공보","선거공보","candidate-doc:100154283:1","false","","false","","","current_unavailable_official_source","선거공보||||||0||HEIGHT||Y||||00","Current official API returned no downloadable PDF path."
"520260603-군산시제5선거구-100163145-1-선거공보","제9회 전국동시지방선거","520260603","시·도의회의원선거","5","군산시제5선거구","김우민","100163145","더불어민주당","100","1","정당인","전북대학교 사회과학대학 행정학과 졸업","1","선거공보","선거공보","candidate-doc:100163145:1","false","","false","","","current_unavailable_official_source","선거공보||||||0||HEIGHT||Y||||00","Current official API returned no downloadable PDF path."
"520260603-익산시제1선거구-100162867-1-선거공보","제9회 전국동시지방선거","520260603","시·도의회의원선거","5","익산시제1선거구","최종오","100162867","더불어민주당","100","1","익산시의회의원","전북대학교 경영대학원 회계학과(세무회계) 졸업","1","선거공보","선거공보","candidate-doc:100162867:1","false","","false","","","current_unavailable_official_source","선거공보||||||0||HEIGHT||Y||||00","Current official API returned no downloadable PDF path."
"520260603-익산시제2선거구-100157639-1-선거공보","제9회 전국동시지방선거","520260603","시·도의회의원선거","5","익산시제2선거구","조은희","100157639","더불어민주당","100","1","정치인","원광대학교 일반대학원 경영학과 석사과정 수료","1","선거공보","선거공보","candidate-doc:100157639:1","false","","false","","","current_unavailable_official_source","선거공보||||||0||HEIGHT||Y||||00","Current official API returned no downloadable PDF path."
"520260603-익산시제3선거구-100157420-1-선거공보","제9회 전국동시지방선거","520260603","시·도의회의원선거","5","익산시제3선거구","김경진","100157420","더불어민주당","100","1","정당인","원광대학교 경영학부 졸업","1","선거공보","선거공보","candidate-doc:100157420:1","false","","false","","","current_unavailable_official_source","선거공보||||||0||HEIGHT||Y||||00","Current official API returned no downloadable PDF path."
"520260603-익산시제4선거구-100155222-1-선거공보","제9회 전국동시지방선거","520260603","시·도의회의원선거","5","익산시제4선거구","한정수","100155222","더불어민주당","100","1","전북특별자치도의회의원","원광대학교 경상대학 경영학과 졸업","1","선거공보","선거공보","candidate-doc:100155222:1","false","","false","","","current_unavailable_official_source","선거공보||||||0||HEIGHT||Y||||00","Current official API returned no downloadable PDF path."
"520260603-익산시제5선거구-100154153-1-선거공보","제9회 전국동시지방선거","520260603","시·도의회의원선거","5","익산시제5선거구","김대중","100154153","더불어민주당","100","1","전북특별자치도의회 의원","전북대학교 행정대학원 졸업(정치학 석사)","1","선거공보","선거공보","candidate-doc:100154153:1","false","","false","","","current_unavailable_official_source","선거공보||||||0||HEIGHT||Y||||00","Current official API returned no downloadable PDF path."
"520260603-정읍시제1선거구-100154075-1-선거공보","제9회 전국동시지방선거","520260603","시·도의회의원선거","5","정읍시제1선거구","임승식","100154075","더불어민주당","100","1","전북특별자치도의회의원","전북대학교 농업개발대학원 농업개발학과 석사과정 수료","1","선거공보","선거공보","candidate-doc:100154075:1","false","","false","","","current_unavailable_official_source","선거공보||||||0||HEIGHT||Y||||00","Current official API returned no downloadable PDF path."
"520260603-정읍시제2선거구-100154849-1-선거공보","제9회 전국동시지방선거","520260603","시·도의회의원선거","5","정읍시제2선거구","염영선","100154849","더불어민주당","100","1","전북특별자치도의회의원","성균관대학교 사회학과 졸업","1","선거공보","선거공보","candidate-doc:100154849:1","false","","false","","","current_unavailable_official_source","선거공보||||||0||HEIGHT||Y||||00","Current official API returned no downloadable PDF path."
"520260603-정읍시제2선거구-100156640-1-선거공보","제9회 전국동시지방선거","520260603","시·도의회의원선거","5","정읍시제2선거구","이윤호","100156640","조국혁신당","5077","3","(주)스마트나노 사외이사","전북과학대학교 사회복지과 재학","1","선거공보","선거공보","candidate-doc:100156640:1","false","","false","","","current_unavailable_official_source","선거공보||||||0||HEIGHT||Y||||00","Current official API returned no downloadable PDF path."
"520260603-김제시제1선거구-100156972-1-선거공보","제9회 전국동시지방선거","520260603","시·도의회의원선거","5","김제시제1선거구","김주택","100156972","더불어민주당","100","1","농업","전주대학교 경영행정대학원 졸업(행정학 석사)","1","선거공보","선거공보","candidate-doc:100156972:1","false","","false","","","current_unavailable_official_source","선거공보||||||0||HEIGHT||Y||||00","Current official API returned no downloadable PDF path."
"520260603-김제시제2선거구-100158070-1-선거공보","제9회 전국동시지방선거","520260603","시·도의회의원선거","5","김제시제2선거구","김영자","100158070","더불어민주당","100","1","정당인","전북대학교 공공정책대학원 행정학석사 졸업","1","선거공보","선거공보","candidate-doc:100158070:1","false","","false","","","current_unavailable_official_source","선거공보||||||0||HEIGHT||Y||||00","Current official API returned no downloadable PDF path."
"520260603-김제시제2선거구-100156256-1-선거공보","제9회 전국동시지방선거","520260603","시·도의회의원선거","5","김제시제2선거구","백창민","100156256","무소속","9999","5","무직","전북대학교 행정대학원 석사과정수료","1","선거공보","선거공보","candidate-doc:100156256:1","false","","false","","","current_unavailable_official_source","선거공보||||||0||HEIGHT||Y||||00","Current official API returned no downloadable PDF path."
"520260603-완주군제1선거구-100156013-1-선거공보","제9회 전국동시지방선거","520260603","시·도의회의원선거","5","완주군제1선거구","윤수봉","100156013","더불어민주당","100","1","전북특별자치도의회의원","전북대학교 공공정책대학원 석사졸업(행정학석사)","1","선거공보","선거공보","candidate-doc:100156013:1","false","","false","","","current_unavailable_official_source","선거공보||||||0||HEIGHT||Y||||00","Current official API returned no downloadable PDF path."
"520260603-완주군제2선거구-100157704-1-선거공보","제9회 전국동시지방선거","520260603","시·도의회의원선거","5","완주군제2선거구","권요안","100157704","더불어민주당","100","1","전북특별자치도의회의원","전북대학교 지방자치학과 석사 수료","1","선거공보","선거공보","candidate-doc:100157704:1","false","","false","","","current_unavailable_official_source","선거공보||||||0||HEIGHT||Y||||00","Current official API returned no downloadable PDF path."
"520260603-무주군선거구-100154456-1-선거공보","제9회 전국동시지방선거","520260603","시·도의회의원선거","5","무주군선거구","유송열","100154456","더불어민주당","100","1","무직","한국방송통신대학교 농학과 졸업","1","선거공보","선거공보","candidate-doc:100154456:1","false","","false","","","current_unavailable_official_source","선거공보||||||0||HEIGHT||Y||||00","Current official API returned no downloadable PDF path."
"520260603-장수군선거구-100160395-1-선거공보","제9회 전국동시지방선거","520260603","시·도의회의원선거","5","장수군선거구","장정복","100160395","더불어민주당","100","1","장수군의회의원","원광보건전문대학(현,원광대학교) 임상병리과 졸업","1","선거공보","선거공보","candidate-doc:100160395:1","false","","false","","","current_unavailable_official_source","선거공보||||||0||HEIGHT||Y||||00","Current official API returned no downloadable PDF path."
"520260603-장수군선거구-100158310-1-선거공보","제9회 전국동시지방선거","520260603","시·도의회의원선거","5","장수군선거구","박용근","100158310","무소속","9999","5","정치인","전북대학교 대학원 법학과 졸업(법학박사)","1","선거공보","선거공보","candidate-doc:100158310:1","false","","false","","","current_unavailable_official_source","선거공보||||||0||HEIGHT||Y||||00","Current official API returned no downloadable PDF path."
"520260603-고창군제1선거구-100159373-1-선거공보","제9회 전국동시지방선거","520260603","시·도의회의원선거","5","고창군제1선거구","김성수","100159373","더불어민주당","100","1","세무사","전북대학교 상과대학 경영학부(경영학) 졸업","1","선거공보","선거공보","candidate-doc:100159373:1","false","","false","","","current_unavailable_official_source","선거공보||||||0||HEIGHT||Y||||00","Current official API returned no downloadable PDF path."
"520260603-고창군제2선거구-100154144-1-선거공보","제9회 전국동시지방선거","520260603","시·도의회의원선거","5","고창군제2선거구","김정강","100154144","더불어민주당","100","1","무직","원광대학교 행정대학원 졸업(사회복지학 석사)","1","선거공보","선거공보","candidate-doc:100154144:1","false","","false","","","current_unavailable_official_source","선거공보||||||0||HEIGHT||Y||||00","Current official API returned no downloadable PDF path."
"520260603-포항시제4선거구-100163625-1-선거공보","제9회 전국동시지방선거","520260603","시·도의회의원선거","5","포항시제4선거구","연규식","100163625","국민의힘","200","2","경상북도의회의원","신경주대학교 문화관광복지대학원 졸업(경영학석사)","1","선거공보","선거공보","candidate-doc:100163625:1","false","","false","","","current_unavailable_official_source","선거공보||||||0||HEIGHT||Y||||00","Current official API returned no downloadable PDF path."
"520260603-포항시제5선거구-100163417-1-선거공보","제9회 전국동시지방선거","520260603","시·도의회의원선거","5","포항시제5선거구","김희수","100163417","국민의힘","200","2","경상북도의회의원","동국대학교 사회과학대학원 행정학과 지방자치전공 졸업 (행정학석사)","1","선거공보","선거공보","candidate-doc:100163417:1","false","","false","","","current_unavailable_official_source","선거공보||||||0||HEIGHT||Y||||00","Current official API returned no downloadable PDF path."
"520260603-포항시제6선거구-100162708-1-선거공보","제9회 전국동시지방선거","520260603","시·도의회의원선거","5","포항시제6선거구","서재원","100162708","국민의힘","200","2","정당인","포항1대학 국제통상행정과 졸업","1","선거공보","선거공보","candidate-doc:100162708:1","false","","false","","","current_unavailable_official_source","선거공보||||||0||HEIGHT||Y||||00","Current official API returned no downloadable PDF path."
"520260603-포항시제7선거구-100161909-1-선거공보","제9회 전국동시지방선거","520260603","시·도의회의원선거","5","포항시제7선거구","이동업","100161909","국민의힘","200","2","경상북도의회 의원","경북대학교 정책정보대학원 졸업(정책정보학석사)","1","선거공보","선거공보","candidate-doc:100161909:1","false","","false","","","current_unavailable_official_source","선거공보||||||0||HEIGHT||Y||||00","Current official API returned no downloadable PDF path."
"520260603-경주시제1선거구-100159874-1-선거공보","제9회 전국동시지방선거","520260603","시·도의회의원선거","5","경주시제1선거구","배진석","100159874","국민의힘","200","2","재단법인 경주공원묘원 이사장","고려대학교 대학원 정치외교학과 졸업 (정치학석사)","1","선거공보","선거공보","candidate-doc:100159874:1","false","","false","","","current_unavailable_official_source","선거공보||||||0||HEIGHT||Y||||00","Current official API returned no downloadable PDF path."
"520260603-경주시제2선거구-100159072-1-선거공보","제9회 전국동시지방선거","520260603","시·도의회의원선거","5","경주시제2선거구","최덕규","100159072","국민의힘","200","2","경상북도의회의원","동국대학교 법학(법학사)졸업","1","선거공보","선거공보","candidate-doc:100159072:1","false","","false","","","current_unavailable_official_source","선거공보||||||0||HEIGHT||Y||||00","Current official API returned no downloadable PDF path."
"520260603-경주시제3선거구-100161382-1-선거공보","제9회 전국동시지방선거","520260603","시·도의회의원선거","5","경주시제3선거구","최병준","100161382","국민의힘","200","2","경상북도의회의원","경일대학교 일반대학원 도시정보측지 지적공학과 졸업(공학박사)","1","선거공보","선거공보","candidate-doc:100161382:1","false","","false","","","current_unavailable_official_source","선거공보||||||0||HEIGHT||Y||||00","Current official API returned no downloadable PDF path."
"520260603-경주시제4선거구-100162802-1-선거공보","제9회 전국동시지방선거","520260603","시·도의회의원선거","5","경주시제4선거구","이동협","100162802","국민의힘","200","2","경주시의회의장","경주대학교 도시공학과 졸업(현. 신경주대학교)","1","선거공보","선거공보","candidate-doc:100162802:1","false","","false","","","current_unavailable_official_source","선거공보||||||0||HEIGHT||Y||||00","Current official API returned no downloadable PDF path."
"520260603-경주시제5선거구-100158823-1-선거공보","제9회 전국동시지방선거","520260603","시·도의회의원선거","5","경주시제5선거구","박승직","100158823","국민의힘","200","2","경상북도의회의원","동국대학교 관광경영학(관광경영학사) 졸업","1","선거공보","선거공보","candidate-doc:100158823:1","false","","false","","","current_unavailable_official_source","선거공보||||||0||HEIGHT||Y||||00","Current official API returned no downloadable PDF path."
"520260603-김천시제1선거구-100162812-1-선거공보","제9회 전국동시지방선거","520260603","시·도의회의원선거","5","김천시제1선거구","최병근","100162812","국민의힘","200","2","경상북도의회의원","한남대학교 법과대학 법학과 졸업","1","선거공보","선거공보","candidate-doc:100162812:1","false","","false","","","current_unavailable_official_source","선거공보||||||0||HEIGHT||Y||||00","Current official API returned no downloadable PDF path."
"520260603-김천시제2선거구-100161391-1-선거공보","제9회 전국동시지방선거","520260603","시·도의회의원선거","5","김천시제2선거구","이우청","100161391","국민의힘","200","2","정당인","경북대학교 과학기술대학원 토목공학전공 졸업(공학석사)","1","선거공보","선거공보","candidate-doc:100161391:1","false","","false","","","current_unavailable_official_source","선거공보||||||0||HEIGHT||Y||||00","Current official API returned no downloadable PDF path."
"520260603-안동시제1선거구-100163912-1-선거공보","제9회 전국동시지방선거","520260603","시·도의회의원선거","5","안동시제1선거구","김대진","100163912","국민의힘","200","2","경북도의원","안동대학교 일반대학원 무역학과 경제학전공 졸업(경제학석사)","1","선거공보","선거공보","candidate-doc:100163912:1","false","","false","","","current_unavailable_official_source","선거공보||||||0||HEIGHT||Y||||00","Current official API returned no downloadable PDF path."
"520260603-영주시제1선거구-100161253-1-선거공보","제9회 전국동시지방선거","520260603","시·도의회의원선거","5","영주시제1선거구","조중열","100161253","더불어민주당","100","1","회사원","단국대학교 경제학과 졸업","1","선거공보","선거공보","candidate-doc:100161253:1","false","","false","","","current_unavailable_official_source","선거공보||||||0||HEIGHT||Y||||00","Current official API returned no downloadable PDF path."
"520260603-영주시제2선거구-100156833-1-선거공보","제9회 전국동시지방선거","520260603","시·도의회의원선거","5","영주시제2선거구","임무석","100156833","국민의힘","200","2","정당인","한양대학교 행정대학원 행정학과 졸업(행정학석사)","1","선거공보","선거공보","candidate-doc:100156833:1","false","","false","","","current_unavailable_official_source","선거공보||||||0||HEIGHT||Y||||00","Current official API returned no downloadable PDF path."
"520260603-영주시제2선거구-100165205-1-선거공보","제9회 전국동시지방선거","520260603","시·도의회의원선거","5","영주시제2선거구","임병하","100165205","무소속","9999","5","경상북도의회의원","성균관대학교 약학과 졸업","1","선거공보","선거공보","candidate-doc:100165205:1","false","","false","","","current_unavailable_official_source","선거공보||||||0||HEIGHT||Y||||00","Current official API returned no downloadable PDF path."
"520260603-영주시제2선거구-100163599-1-선거공보","제9회 전국동시지방선거","520260603","시·도의회의원선거","5","영주시제2선거구","김덕환","100163599","무소속","9999","6","한의사","동국대학교 한의학전공 졸업","1","선거공보","선거공보","candidate-doc:100163599:1","false","","false","","","current_unavailable_official_source","선거공보||||||0||HEIGHT||Y||||00","Current official API returned no downloadable PDF path."
"520260603-영천시제1선거구-100163884-1-선거공보","제9회 전국동시지방선거","520260603","시·도의회의원선거","5","영천시제1선거구","이춘우","100163884","국민의힘","200","2","경상북도의회의원","영남대학교 대학원 박사학위과정 경영학과 운영관리전공 졸업(경영학박사)","1","선거공보","선거공보","candidate-doc:100163884:1","false","","false","","","current_unavailable_official_source","선거공보||||||0||HEIGHT||Y||||00","Current official API returned no downloadable PDF path."
"520260603-영천시제2선거구-100158151-1-선거공보","제9회 전국동시지방선거","520260603","시·도의회의원선거","5","영천시제2선거구","윤승오","100158151","국민의힘","200","2","경상북도의회 의원","대구대학교 글로컬라이프대학 휴먼케어창의학부(자산관리·6차산업학전공) 졸업","1","선거공보","선거공보","candidate-doc:100158151:1","false","","false","","","current_unavailable_official_source","선거공보||||||0||HEIGHT||Y||||00","Current official API returned no downloadable PDF path."
"520260603-문경시제2선거구-100162248-1-선거공보","제9회 전국동시지방선거","520260603","시·도의회의원선거","5","문경시제2선거구","김창기","100162248","국민의힘","200","2","정당인","경북도립대학교 지방행정과(야) 졸업","1","선거공보","선거공보","candidate-doc:100162248:1","false","","false","","","current_unavailable_official_source","선거공보||||||0||HEIGHT||Y||||00","Current official API returned no downloadable PDF path."
"520260603-의성군제2선거구-100156763-1-선거공보","제9회 전국동시지방선거","520260603","시·도의회의원선거","5","의성군제2선거구","김수문","100156763","국민의힘","200","2","임대업","경운대학교 건축학부 졸업","1","선거공보","선거공보","candidate-doc:100156763:1","false","","false","","","current_unavailable_official_source","선거공보||||||0||HEIGHT||Y||||00","Current official API returned no downloadable PDF path."
"520260603-청송군선거구-100156646-1-선거공보","제9회 전국동시지방선거","520260603","시·도의회의원선거","5","청송군선거구","신효광","100156646","국민의힘","200","2","경상북도의회의원","가톨릭상지대학교 경영과 졸업","1","선거공보","선거공보","candidate-doc:100156646:1","false","","false","","","current_unavailable_official_source","선거공보||||||0||HEIGHT||Y||||00","Current official API returned no downloadable PDF path."
"520260603-청도군선거구-100156764-1-선거공보","제9회 전국동시지방선거","520260603","시·도의회의원선거","5","청도군선거구","이종평","100156764","국민의힘","200","2","무직","대구대학교 대학원 법학과(공법 전공) 졸업(법학박사)","1","선거공보","선거공보","candidate-doc:100156764:1","false","","false","","","current_unavailable_official_source","선거공보||||||0||HEIGHT||Y||||00","Current official API returned no downloadable PDF path."
"520260603-고령군선거구-100161819-1-선거공보","제9회 전국동시지방선거","520260603","시·도의회의원선거","5","고령군선거구","노성환","100161819","국민의힘","200","2","경상북도의회 의원","한국방송통신대학교 농학과 졸업","1","선거공보","선거공보","candidate-doc:100161819:1","false","","false","","","current_unavailable_official_source","선거공보||||||0||HEIGHT||Y||||00","Current official API returned no downloadable PDF path."
"520260603-성주군선거구-100161815-1-선거공보","제9회 전국동시지방선거","520260603","시·도의회의원선거","5","성주군선거구","도희재","100161815","국민의힘","200","2","성주군의회의원","경일대학교 경찰행정학부(행정학전공)졸업","1","선거공보","선거공보","candidate-doc:100161815:1","false","","false","","","current_unavailable_official_source","선거공보||||||0||HEIGHT||Y||||00","Current official API returned no downloadable PDF path."
"520260603-칠곡군제1선거구-100162234-1-선거공보","제9회 전국동시지방선거","520260603","시·도의회의원선거","5","칠곡군제1선거구","정한석","100162234","국민의힘","200","2","경상북도의회의원","대구사이버대학교 행정학과 졸업","1","선거공보","선거공보","candidate-doc:100162234:1","false","","false","","","current_unavailable_official_source","선거공보||||||0||HEIGHT||Y||||00","Current official API returned no downloadable PDF path."
"520260603-칠곡군제2선거구-100162242-1-선거공보","제9회 전국동시지방선거","520260603","시·도의회의원선거","5","칠곡군제2선거구","박순범","100162242","국민의힘","200","2","경상북도의원","연세대학교 보건환경대학원 졸업(환경공학석사)","1","선거공보","선거공보","candidate-doc:100162242:1","false","","false","","","current_unavailable_official_source","선거공보||||||0||HEIGHT||Y||||00","Current official API returned no downloadable PDF path."
"520260603-울진군선거구-100160178-1-선거공보","제9회 전국동시지방선거","520260603","시·도의회의원선거","5","울진군선거구","김재준","100160178","국민의힘","200","2","경상북도의회의원","대구대학교 행정대학원 졸업(지역사회개발학석사)","1","선거공보","선거공보","candidate-doc:100160178:1","false","","false","","","current_unavailable_official_source","선거공보||||||0||HEIGHT||Y||||00","Current official API returned no downloadable PDF path."
"520260603-울릉군선거구-100154170-1-선거공보","제9회 전국동시지방선거","520260603","시·도의회의원선거","5","울릉군선거구","정윤태","100154170","국민의힘","200","2","무직","동국대학교 일반대학원 경영학과 졸업(경영학 박사)","1","선거공보","선거공보","candidate-doc:100154170:1","false","","false","","","current_unavailable_official_source","선거공보||||||0||HEIGHT||Y||||00","Current official API returned no downloadable PDF path."
"520260603-김해시제4선거구-100159283-1-선거공보","제9회 전국동시지방선거","520260603","시·도의회의원선거","5","김해시제4선거구","류명열","100159283","국민의힘","200","2","김해시의회의원","성지공업전문대학 기계설계과 졸업","1","선거공보","선거공보","candidate-doc:100159283:1","false","","false","","","current_unavailable_official_source","선거공보||||||0||HEIGHT||Y||||00","Current official API returned no downloadable PDF path."
"520260603-김해시제7선거구-100158272-1-선거공보","제9회 전국동시지방선거","520260603","시·도의회의원선거","5","김해시제7선거구","이시영","100158272","국민의힘","200","2","정치인","인제대학교 경영대학원 경영학석사","1","선거공보","선거공보","candidate-doc:100158272:1","false","","false","","","current_unavailable_official_source","선거공보||||||0||HEIGHT||Y||||00","Current official API returned no downloadable PDF path."
"520260603-김해시제8선거구-100161173-1-선거공보","제9회 전국동시지방선거","520260603","시·도의회의원선거","5","김해시제8선거구","장지현","100161173","무소속","9999","6","건축가","국립창원대학교 대학원 건축공학과 졸업(공학박사)","1","선거공보","선거공보","candidate-doc:100161173:1","false","","false","","","current_unavailable_official_source","선거공보||||||0||HEIGHT||Y||||00","Current official API returned no downloadable PDF path."
"520260603-양산시제1선거구-100156884-1-선거공보","제9회 전국동시지방선거","520260603","시·도의회의원선거","5","양산시제1선거구","이상열","100156884","더불어민주당","100","1","회사원","부산대학교 대학원 아동가족학과 수료(석사과정)","1","선거공보","선거공보","candidate-doc:100156884:1","false","","false","","","current_unavailable_official_source","선거공보||||||0||HEIGHT||Y||||00","Current official API returned no downloadable PDF path."
"520260603-양산시제2선거구-100156642-1-선거공보","제9회 전국동시지방선거","520260603","시·도의회의원선거","5","양산시제2선거구","윤영미","100156642","진보당","5010","5","정당인","마산대학 보건복지학부 졸업","1","선거공보","선거공보","candidate-doc:100156642:1","false","","false","","","current_unavailable_official_source","선거공보||||||0||HEIGHT||Y||||00","Current official API returned no downloadable PDF path."
"520260603-의령군선거구-100159331-1-선거공보","제9회 전국동시지방선거","520260603","시·도의회의원선거","5","의령군선거구","김봉남","100159331","국민의힘","200","2","의령군의회의원","경남대학교 문과대학 심리학과 졸업","1","선거공보","선거공보","candidate-doc:100159331:1","false","","false","","","current_unavailable_official_source","선거공보||||||0||HEIGHT||Y||||00","Current official API returned no downloadable PDF path."
"520260603-제주특별자치도-제주시-일도1동-이도1동-건입동선거구-100162508-1-선거공보","제9회 전국동시지방선거","520260603","시·도의회의원선거","5","제주특별자치도 제주시 일도1동·이도1동·건입동선거구","한권","100162508","더불어민주당","100","1","제주특별자치도의회 의원","제주대학교 행정대학원 석사과정 수료","1","선거공보","선거공보","candidate-doc:100162508:1","false","","false","","","current_unavailable_official_source","선거공보||||||0||HEIGHT||Y||||00","Current official API returned no downloadable PDF path."
"520260603-제주특별자치도-제주시-이도2동갑선거구-100163106-1-선거공보","제9회 전국동시지방선거","520260603","시·도의회의원선거","5","제주특별자치도 제주시 이도2동갑선거구","김기환","100163106","더불어민주당","100","1","제주특별자치도의회의원","제주대학교 경영대학원 관광경영학과 석사과정 휴학 ","1","선거공보","선거공보","candidate-doc:100163106:1","false","","false","","","current_unavailable_official_source","선거공보||||||0||HEIGHT||Y||||00","Current official API returned no downloadable PDF path."
"520260603-제주특별자치도-제주시-화북동선거구-100157833-1-선거공보","제9회 전국동시지방선거","520260603","시·도의회의원선거","5","제주특별자치도 제주시 화북동선거구","강성의","100157833","더불어민주당","100","1","제주특별자치도의회의원","이화여자대학교 대학원 여성학과 졸업(문학석사)","1","선거공보","선거공보","candidate-doc:100157833:1","false","","false","","","current_unavailable_official_source","선거공보||||||0||HEIGHT||Y||||00","Current official API returned no downloadable PDF path."
"520260603-제주특별자치도-제주시-삼양동-봉개동선거구-100155671-1-선거공보","제9회 전국동시지방선거","520260603","시·도의회의원선거","5","제주특별자치도 제주시 삼양동·봉개동선거구","박안수","100155671","더불어민주당","100","1","정당인","제주관광대학교 사회복지과 졸업","1","선거공보","선거공보","candidate-doc:100155671:1","false","","false","","","current_unavailable_official_source","선거공보||||||0||HEIGHT||Y||||00","Current official API returned no downloadable PDF path."
"520260603-제주특별자치도-제주시-아라동갑선거구-100154766-1-선거공보","제9회 전국동시지방선거","520260603","시·도의회의원선거","5","제주특별자치도 제주시 아라동갑선거구","김봉현","100154766","더불어민주당","100","1","정당인","제주대학교 일반대학원 경영학과 졸업(경영학박사)","1","선거공보","선거공보","candidate-doc:100154766:1","false","","false","","","current_unavailable_official_source","선거공보||||||0||HEIGHT||Y||||00","Current official API returned no downloadable PDF path."
"520260603-제주특별자치도-제주시-애월읍을선거구-100161045-1-선거공보","제9회 전국동시지방선거","520260603","시·도의회의원선거","5","제주특별자치도 제주시 애월읍을선거구","강봉직","100161045","더불어민주당","100","1","제주특별자치도의회의원","제주대학교 부동산관리학과 졸업","1","선거공보","선거공보","candidate-doc:100161045:1","false","","false","","","current_unavailable_official_source","선거공보||||||0||HEIGHT||Y||||00","Current official API returned no downloadable PDF path."
"520260603-제주특별자치도-서귀포시-대천동-중문동-예래동선거구-100158090-1-선거공보","제9회 전국동시지방선거","520260603","시·도의회의원선거","5","제주특별자치도 서귀포시 대천동·중문동·예래동선거구","임정은","100158090","더불어민주당","100","1","제주특별자치도의회의원","탐라대학교(현, 제주국제대학교) 호텔경영학과 졸업","1","선거공보","선거공보","candidate-doc:100158090:1","false","","false","","","current_unavailable_official_source","선거공보||||||0||HEIGHT||Y||||00","Current official API returned no downloadable PDF path."
"520260603-제주특별자치도-서귀포시-남원읍선거구-100162785-1-선거공보","제9회 전국동시지방선거","520260603","시·도의회의원선거","5","제주특별자치도 서귀포시 남원읍선거구","송영훈","100162785","더불어민주당","100","1","제주특별자치도의회의원","제주한라대학 응급구조과 졸업","1","선거공보","선거공보","candidate-doc:100162785:1","false","","false","","","current_unavailable_official_source","선거공보||||||0||HEIGHT||Y||||00","Current official API returned no downloadable PDF path."
"620260603-종로구나선거구-100155608-1-선거공보","제9회 전국동시지방선거","620260603","구·시·군의회의원선거","6","종로구나선거구","노진경","100155608","더불어민주당","100","1","정당인","성균관대학교 사회복지대학원 사회복지학과 졸업 (사회복지학석사)","1","선거공보","선거공보","candidate-doc:100155608:1","false","","false","","","current_unavailable_official_source","선거공보||||||0||HEIGHT||Y||||00","Current official API returned no downloadable PDF path."
"620260603-종로구나선거구-100156573-1-선거공보","제9회 전국동시지방선거","620260603","구·시·군의회의원선거","6","종로구나선거구","김호준","100156573","국민의힘","200","2","대학생","고려대학교 재학(세종캠 통일외교안보전공,안암캠 정치외교학 이중전공)","1","선거공보","선거공보","candidate-doc:100156573:1","false","","false","","","current_unavailable_official_source","선거공보||||||0||HEIGHT||Y||||00","Current official API returned no downloadable PDF path."
"620260603-종로구라선거구-100162863-1-선거공보","제9회 전국동시지방선거","620260603","구·시·군의회의원선거","6","종로구라선거구","김종보","100162863","더불어민주당","100","1","종로구의회의원","동국대학교 행정대학원 졸업 (행정학 석사)","1","선거공보","선거공보","candidate-doc:100162863:1","false","","false","","","current_unavailable_official_source","선거공보||||||0||HEIGHT||Y||||00","Current official API returned no downloadable PDF path."
"620260603-종로구라선거구-100159054-1-선거공보","제9회 전국동시지방선거","620260603","구·시·군의회의원선거","6","종로구라선거구","유양순","100159054","더불어민주당","100","1","정당인","국제사이버대학교 사회복지학과 졸업","1","선거공보","선거공보","candidate-doc:100159054:1","false","","false","","","current_unavailable_official_source","선거공보||||||0||HEIGHT||Y||||00","Current official API returned no downloadable PDF path."
"620260603-종로구라선거구-100160164-1-선거공보","제9회 전국동시지방선거","620260603","구·시·군의회의원선거","6","종로구라선거구","이시훈","100160164","국민의힘","200","2","자영업","온석대학원대학교 사회복지학과 박사과정 수료","1","선거공보","선거공보","candidate-doc:100160164:1","false","","false","","","current_unavailable_official_source","선거공보||||||0||HEIGHT||Y||||00","Current official API returned no downloadable PDF path."
"620260603-중구가선거구-100163316-1-선거공보","제9회 전국동시지방선거","620260603","구·시·군의회의원선거","6","중구가선거구","윤판오","100163316","더불어민주당","100","1","중구의회 의원","국민대학교 정치대학원 지방정치학과 졸업(정치학 석사)","1","선거공보","선거공보","candidate-doc:100163316:1","false","","false","","","current_unavailable_official_source","선거공보||||||0||HEIGHT||Y||||00","Current official API returned no downloadable PDF path."
"620260603-중구가선거구-100162404-1-선거공보","제9회 전국동시지방선거","620260603","구·시·군의회의원선거","6","중구가선거구","손주하","100162404","국민의힘","200","2","정당인","한국개발연구원 국제정책대학원 졸업(국가정책학 석사)","1","선거공보","선거공보","candidate-doc:100162404:1","false","","false","","","current_unavailable_official_source","선거공보||||||0||HEIGHT||Y||||00","Current official API returned no downloadable PDF path."
"620260603-용산구나선거구-100162316-1-선거공보","제9회 전국동시지방선거","620260603","구·시·군의회의원선거","6","용산구나선거구","안태홍","100162316","더불어민주당","100","1","정당인","서울대학교 환경대학원 졸업(조경학 석사)","1","선거공보","선거공보","candidate-doc:100162316:1","false","","false","","","current_unavailable_official_source","선거공보||||||0||HEIGHT||Y||||00","Current official API returned no downloadable PDF path."
"620260603-용산구나선거구-100163282-1-선거공보","제9회 전국동시지방선거","620260603","구·시·군의회의원선거","6","용산구나선거구","김동현","100163282","국민의힘","200","2","정당인","고려대학교 정책대학원 졸업 (정치학 석사)","1","선거공보","선거공보","candidate-doc:100163282:1","false","","false","","","current_unavailable_official_source","선거공보||||||0||HEIGHT||Y||||00","Current official API returned no downloadable PDF path."
"620260603-용산구라선거구-100163541-1-선거공보","제9회 전국동시지방선거","620260603","구·시·군의회의원선거","6","용산구라선거구","김경욱","100163541","더불어민주당","100","1","정당인","경희대학교 공공대학원 시민사회·NGO학과 졸업(시민사회학 석사)","1","선거공보","선거공보","candidate-doc:100163541:1","false","","false","","","current_unavailable_official_source","선거공보||||||0||HEIGHT||Y||||00","Current official API returned no downloadable PDF path."
"620260603-용산구라선거구-100162568-1-선거공보","제9회 전국동시지방선거","620260603","구·시·군의회의원선거","6","용산구라선거구","장정호","100162568","국민의힘","200","2","용산구의회의원","단국대학교 행정법무대학원 졸업(행정학 석사)","1","선거공보","선거공보","candidate-doc:100162568:1","false","","false","","","current_unavailable_official_source","선거공보||||||0||HEIGHT||Y||||00","Current official API returned no downloadable PDF path."
"620260603-성동구가선거구-100163375-1-선거공보","제9회 전국동시지방선거","620260603","구·시·군의회의원선거","6","성동구가선거구","양옥희","100163375","더불어민주당","100","1","더제이컴퍼니 대표","목포과학대학교 복지학부 사회복지전공 졸업","1","선거공보","선거공보","candidate-doc:100163375:1","false","","false","","","current_unavailable_official_source","선거공보||||||0||HEIGHT||Y||||00","Current official API returned no downloadable PDF path."
"620260603-성동구가선거구-100158109-1-선거공보","제9회 전국동시지방선거","620260603","구·시·군의회의원선거","6","성동구가선거구","조진호","100158109","더불어민주당","100","1","부동산중개업","한국방송통신대학교 행정학과 졸업","1","선거공보","선거공보","candidate-doc:100158109:1","false","","false","","","current_unavailable_official_source","선거공보||||||0||HEIGHT||Y||||00","Current official API returned no downloadable PDF path."
"620260603-성동구가선거구-100162682-1-선거공보","제9회 전국동시지방선거","620260603","구·시·군의회의원선거","6","성동구가선거구","엄경석","100162682","국민의힘","200","2","정당인","한양대학교 공공정책대학원 지방자치학과 졸업(행정학석사)","1","선거공보","선거공보","candidate-doc:100162682:1","false","","false","","","current_unavailable_official_source","선거공보||||||0||HEIGHT||Y||||00","Current official API returned no downloadable PDF path."
"620260603-성동구나선거구-100162986-1-선거공보","제9회 전국동시지방선거","620260603","구·시·군의회의원선거","6","성동구나선거구","조복심","100162986","더불어민주당","100","1","정당인","한양사이버대학교 실버산업학전공 졸업","1","선거공보","선거공보","candidate-doc:100162986:1","false","","false","","","current_unavailable_official_source","선거공보||||||0||HEIGHT||Y||||00","Current official API returned no downloadable PDF path."
"620260603-성동구나선거구-100163033-1-선거공보","제9회 전국동시지방선거","620260603","구·시·군의회의원선거","6","성동구나선거구","박함윗","100163033","국민의힘","200","2","성동청년비전포럼 대표","고려대학교 행정전문대학원 박사과정 4학기 재학","1","선거공보","선거공보","candidate-doc:100163033:1","false","","false","","","current_unavailable_official_source","선거공보||||||0||HEIGHT||Y||||00","Current official API returned no downloadable PDF path."
"620260603-성동구다선거구-100165041-1-선거공보","제9회 전국동시지방선거","620260603","구·시·군의회의원선거","6","성동구다선거구","오천수","100165041","더불어민주당","100","1","정당인","미기재","1","선거공보","선거공보","candidate-doc:100165041:1","false","","false","","","current_unavailable_official_source","선거공보||||||0||HEIGHT||Y||||00","Current official API returned no downloadable PDF path."
"620260603-성동구다선거구-100162936-1-선거공보","제9회 전국동시지방선거","620260603","구·시·군의회의원선거","6","성동구다선거구","이영심","100162936","더불어민주당","100","1","정당인","성화대학 아동복지계열 사회복지전공 졸업","1","선거공보","선거공보","candidate-doc:100162936:1","false","","false","","","current_unavailable_official_source","선거공보||||||0||HEIGHT||Y||||00","Current official API returned no downloadable PDF path."
"620260603-성동구다선거구-100162673-1-선거공보","제9회 전국동시지방선거","620260603","구·시·군의회의원선거","6","성동구다선거구","박영희","100162673","국민의힘","200","2","한양상사 대표","삼육보건대학교 사회복지전문학사","1","선거공보","선거공보","candidate-doc:100162673:1","false","","false","","","current_unavailable_official_source","선거공보||||||0||HEIGHT||Y||||00","Current official API returned no downloadable PDF path."
"620260603-성동구다선거구-100157902-1-선거공보","제9회 전국동시지방선거","620260603","구·시·군의회의원선거","6","성동구다선거구","오상균","100157902","개혁신당","5070","4","변리사","홍익대학교 전자계산학과 졸업","1","선거공보","선거공보","candidate-doc:100157902:1","false","","false","","","current_unavailable_official_source","선거공보||||||0||HEIGHT||Y||||00","Current official API returned no downloadable PDF path."
"620260603-성동구다선거구-100155562-1-선거공보","제9회 전국동시지방선거","620260603","구·시·군의회의원선거","6","성동구다선거구","강병찬","100155562","진보당","5010","5","정당인","광운대학교 전자물리학과 제적(2001.3.~2007.7.)","1","선거공보","선거공보","candidate-doc:100155562:1","false","","false","","","current_unavailable_official_source","선거공보||||||0||HEIGHT||Y||||00","Current official API returned no downloadable PDF path."
"620260603-성동구라선거구-100162773-1-선거공보","제9회 전국동시지방선거","620260603","구·시·군의회의원선거","6","성동구라선거구","유영희","100162773","더불어민주당","100","1","영희한복 대표","미기재","1","선거공보","선거공보","candidate-doc:100162773:1","false","","false","","","current_unavailable_official_source","선거공보||||||0||HEIGHT||Y||||00","Current official API returned no downloadable PDF path."
"620260603-성동구라선거구-100163308-1-선거공보","제9회 전국동시지방선거","620260603","구·시·군의회의원선거","6","성동구라선거구","이효성","100163308","국민의힘","200","2","정당인","한국체육대학교 교육대학원 학교체육교육전공 석사 수료","1","선거공보","선거공보","candidate-doc:100163308:1","false","","false","","","current_unavailable_official_source","선거공보||||||0||HEIGHT||Y||||00","Current official API returned no downloadable PDF path."
"620260603-성동구라선거구-100162611-1-선거공보","제9회 전국동시지방선거","620260603","구·시·군의회의원선거","6","성동구라선거구","박종승","100162611","조국혁신당","5077","3","정당인","국민대학교 무역학과 졸업","1","선거공보","선거공보","candidate-doc:100162611:1","false","","false","","","current_unavailable_official_source","선거공보||||||0||HEIGHT||Y||||00","Current official API returned no downloadable PDF path."
"620260603-성동구라선거구-100160482-1-선거공보","제9회 전국동시지방선거","620260603","구·시·군의회의원선거","6","성동구라선거구","고용필","100160482","무소속","9999","5","성동구의회의원 ","세종대학교 대학원 체육학과 박사과정 4학기 휴학","1","선거공보","선거공보","candidate-doc:100160482:1","false","","false","","","current_unavailable_official_source","선거공보||||||0||HEIGHT||Y||||00","Current official API returned no downloadable PDF path."
"620260603-중랑구나선거구-100162303-1-선거공보","제9회 전국동시지방선거","620260603","구·시·군의회의원선거","6","중랑구나선거구","나은하","100162303","더불어민주당","100","1","중랑구의회 구의원","국민대학교 정치대학원 의회·지방정치전공 재학중(석사과정)","1","선거공보","선거공보","candidate-doc:100162303:1","false","","false","","","current_unavailable_official_source","선거공보||||||0||HEIGHT||Y||||00","Current official API returned no downloadable PDF path."
"620260603-중랑구나선거구-100163015-1-선거공보","제9회 전국동시지방선거","620260603","구·시·군의회의원선거","6","중랑구나선거구","채옥희","100163015","국민의힘","200","2","정당인","서울시립대학교 도시과학대학원 사회복지학과 재학 중(도시융합복지전공 석사과정)","1","선거공보","선거공보","candidate-doc:100163015:1","false","","false","","","current_unavailable_official_source","선거공보||||||0||HEIGHT||Y||||00","Current official API returned no downloadable PDF path."
"620260603-중랑구마선거구-100163335-1-선거공보","제9회 전국동시지방선거","620260603","구·시·군의회의원선거","6","중랑구마선거구","고강섭","100163335","더불어민주당","100","1","중랑구의회 의원","경희대학교 대학원 사회학과 박사 수료","1","선거공보","선거공보","candidate-doc:100163335:1","false","","false","","","current_unavailable_official_source","선거공보||||||0||HEIGHT||Y||||00","Current official API returned no downloadable PDF path."
"620260603-중랑구마선거구-100163259-1-선거공보","제9회 전국동시지방선거","620260603","구·시·군의회의원선거","6","중랑구마선거구","전경구","100163259","국민의힘","200","2","중랑구의회 의원","대구공업고등학교 졸업","1","선거공보","선거공보","candidate-doc:100163259:1","false","","false","","","current_unavailable_official_source","선거공보||||||0||HEIGHT||Y||||00","Current official API returned no downloadable PDF path."
"620260603-성북구다선거구-100161963-1-선거공보","제9회 전국동시지방선거","620260603","구·시·군의회의원선거","6","성북구다선거구","정윤주","100161963","더불어민주당","100","1","정당인","국민대학교 법학부 졸업","1","선거공보","선거공보","candidate-doc:100161963:1","false","","false","","","current_unavailable_official_source","선거공보||||||0||HEIGHT||Y||||00","Current official API returned no downloadable PDF path."
"620260603-성북구다선거구-100161879-1-선거공보","제9회 전국동시지방선거","620260603","구·시·군의회의원선거","6","성북구다선거구","이용진","100161879","더불어민주당","100","1","정당인","인천전문대학(현 인천대학교) 무도과 졸업","1","선거공보","선거공보","candidate-doc:100161879:1","false","","false","","","current_unavailable_official_source","선거공보||||||0||HEIGHT||Y||||00","Current official API returned no downloadable PDF path."
"620260603-성북구다선거구-100162065-1-선거공보","제9회 전국동시지방선거","620260603","구·시·군의회의원선거","6","성북구다선거구","송영옥","100162065","국민의힘","200","2","정당인","호원대학교 전기공학부 졸업(전기공학 전공, 사회복지학 복수전공)","1","선거공보","선거공보","candidate-doc:100162065:1","false","","false","","","current_unavailable_official_source","선거공보||||||0||HEIGHT||Y||||00","Current official API returned no downloadable PDF path."
"620260603-성북구라선거구-100157706-1-선거공보","제9회 전국동시지방선거","620260603","구·시·군의회의원선거","6","성북구라선거구","권영숙","100157706","더불어민주당","100","1","대흥문화사 대표","국민대학교 정치대학원 졸업(정치학석사),한성대학교 행정대학원 졸업(사회복지학석사","1","선거공보","선거공보","candidate-doc:100157706:1","false","","false","","","current_unavailable_official_source","선거공보||||||0||HEIGHT||Y||||00","Current official API returned no downloadable PDF path."
"620260603-성북구라선거구-100162302-1-선거공보","제9회 전국동시지방선거","620260603","구·시·군의회의원선거","6","성북구라선거구","권영애","100162302","국민의힘","200","2","성북구의원","신구실업전문대학(현.신구대학교) 치과위생과 졸업","1","선거공보","선거공보","candidate-doc:100162302:1","false","","false","","","current_unavailable_official_source","선거공보||||||0||HEIGHT||Y||||00","Current official API returned no downloadable PDF path."
"620260603-성북구마선거구-100154717-1-선거공보","제9회 전국동시지방선거","620260603","구·시·군의회의원선거","6","성북구마선거구","김세운","100154717","더불어민주당","100","1","정당인","건국대학교 일반대학원 건축공학과 졸업(공학박사)","1","선거공보","선거공보","candidate-doc:100154717:1","false","","false","","","current_unavailable_official_source","선거공보||||||0||HEIGHT||Y||||00","Current official API returned no downloadable PDF path."
"620260603-성북구마선거구-100162093-1-선거공보","제9회 전국동시지방선거","620260603","구·시·군의회의원선거","6","성북구마선거구","이인순","100162093","더불어민주당","100","1","성북구의회의원","한성대학교 교육대학원 졸업(교육학석사)","1","선거공보","선거공보","candidate-doc:100162093:1","false","","false","","","current_unavailable_official_source","선거공보||||||0||HEIGHT||Y||||00","Current official API returned no downloadable PDF path."
"620260603-성북구마선거구-100164899-1-선거공보","제9회 전국동시지방선거","620260603","구·시·군의회의원선거","6","성북구마선거구","이동호","100164899","국민의힘","200","2","프리랜서","국민대학교 경영정보학부 졸업","1","선거공보","선거공보","candidate-doc:100164899:1","false","","false","","","current_unavailable_official_source","선거공보||||||0||HEIGHT||Y||||00","Current official API returned no downloadable PDF path."
"620260603-성북구사선거구-100154801-1-선거공보","제9회 전국동시지방선거","620260603","구·시·군의회의원선거","6","성북구사선거구","김규일","100154801","더불어민주당","100","1","정당인","서울시립대 대학원 도시공학과 박사과정 수료","1","선거공보","선거공보","candidate-doc:100154801:1","false","","false","","","current_unavailable_official_source","선거공보||||||0||HEIGHT||Y||||00","Current official API returned no downloadable PDF path."
"620260603-성북구사선거구-100165066-1-선거공보","제9회 전국동시지방선거","620260603","구·시·군의회의원선거","6","성북구사선거구","정기혁","100165066","국민의힘","200","2","성북구의회의원","국민대학교 정치대학원 졸업(정치학 석사)","1","선거공보","선거공보","candidate-doc:100165066:1","false","","false","","","current_unavailable_official_source","선거공보||||||0||HEIGHT||Y||||00","Current official API returned no downloadable PDF path."
"620260603-강북구라선거구-100154847-1-선거공보","제9회 전국동시지방선거","620260603","구·시·군의회의원선거","6","강북구라선거구","최성례","100154847","더불어민주당","100","1","정당인","일신여자상업고등학교 졸업","1","선거공보","선거공보","candidate-doc:100154847:1","false","","false","","","current_unavailable_official_source","선거공보||||||0||HEIGHT||Y||||00","Current official API returned no downloadable PDF path."
"620260603-강북구라선거구-100160787-1-선거공보","제9회 전국동시지방선거","620260603","구·시·군의회의원선거","6","강북구라선거구","최치효","100160787","더불어민주당","100","1","강북구의회의원","경희사이버대학교 사회복지전공 (사회복지학사) 졸업","1","선거공보","선거공보","candidate-doc:100160787:1","false","","false","","","current_unavailable_official_source","선거공보||||||0||HEIGHT||Y||||00","Current official API returned no downloadable PDF path."
"620260603-강북구라선거구-100158243-1-선거공보","제9회 전국동시지방선거","620260603","구·시·군의회의원선거","6","강북구라선거구","김민섭","100158243","국민의힘","200","2","오마니오리구이 대표","서울사이버대학교 사회과학대학 부동산학과 졸업","1","선거공보","선거공보","candidate-doc:100158243:1","false","","false","","","current_unavailable_official_source","선거공보||||||0||HEIGHT||Y||||00","Current official API returned no downloadable PDF path."
"620260603-도봉구마선거구-100154908-1-선거공보","제9회 전국동시지방선거","620260603","구·시·군의회의원선거","6","도봉구마선거구","신은옥","100154908","더불어민주당","100","1","정당인","덕성여자대학교 수학통계학부 중퇴 (1998.9~2000.12)","1","선거공보","선거공보","candidate-doc:100154908:1","false","","false","","","current_unavailable_official_source","선거공보||||||0||HEIGHT||Y||||00","Current official API returned no downloadable PDF path."
"620260603-도봉구마선거구-100155897-1-선거공보","제9회 전국동시지방선거","620260603","구·시·군의회의원선거","6","도봉구마선거구","강신만","100155897","국민의힘","200","2","도봉구의회의원","행정전문학사(사회복지 전공) ","1","선거공보","선거공보","candidate-doc:100155897:1","false","","false","","","current_unavailable_official_source","선거공보||||||0||HEIGHT||Y||||00","Current official API returned no downloadable PDF path."
"620260603-노원구다선거구-100163875-1-선거공보","제9회 전국동시지방선거","620260603","구·시·군의회의원선거","6","노원구다선거구","김소라","100163875","더불어민주당","100","1","정당인","한남대학교 교육학과 졸업","1","선거공보","선거공보","candidate-doc:100163875:1","false","","false","","","current_unavailable_official_source","선거공보||||||0||HEIGHT||Y||||00","Current official API returned no downloadable PDF path."
"620260603-노원구다선거구-100162847-1-선거공보","제9회 전국동시지방선거","620260603","구·시·군의회의원선거","6","노원구다선거구","손영준","100162847","더불어민주당","100","1","정당인","협성대학교 대학원 졸업 (문학박사)","1","선거공보","선거공보","candidate-doc:100162847:1","false","","false","","","current_unavailable_official_source","선거공보||||||0||HEIGHT||Y||||00","Current official API returned no downloadable PDF path."
"620260603-노원구다선거구-100160493-1-선거공보","제9회 전국동시지방선거","620260603","구·시·군의회의원선거","6","노원구다선거구","김희숙","100160493","국민의힘","200","2","정당인","광운대학교 상담복지정책대학원 사회복지학과 사회복지전공 석사과정 재학중","1","선거공보","선거공보","candidate-doc:100160493:1","false","","false","","","current_unavailable_official_source","선거공보||||||0||HEIGHT||Y||||00","Current official API returned no downloadable PDF path."
"620260603-노원구라선거구-100164582-1-선거공보","제9회 전국동시지방선거","620260603","구·시·군의회의원선거","6","노원구라선거구","원동민","100164582","더불어민주당","100","1","사회복지사","성균관대학교 사회복지대학원 사회복지학석사 졸업","1","선거공보","선거공보","candidate-doc:100164582:1","false","","false","","","current_unavailable_official_source","선거공보||||||0||HEIGHT||Y||||00","Current official API returned no downloadable PDF path."
"620260603-노원구라선거구-100160631-1-선거공보","제9회 전국동시지방선거","620260603","구·시·군의회의원선거","6","노원구라선거구","이은경","100160631","더불어민주당","100","1","정당인","군산중앙여자고등학교 졸업","1","선거공보","선거공보","candidate-doc:100160631:1","false","","false","","","current_unavailable_official_source","선거공보||||||0||HEIGHT||Y||||00","Current official API returned no downloadable PDF path."
"620260603-노원구라선거구-100161552-1-선거공보","제9회 전국동시지방선거","620260603","구·시·군의회의원선거","6","노원구라선거구","김우일","100161552","국민의힘","200","2","자영업","서울 디지털 대학교 경영학과 졸업","1","선거공보","선거공보","candidate-doc:100161552:1","false","","false","","","current_unavailable_official_source","선거공보||||||0||HEIGHT||Y||||00","Current official API returned no downloadable PDF path."
"620260603-은평구가선거구-100163113-1-선거공보","제9회 전국동시지방선거","620260603","구·시·군의회의원선거","6","은평구가선거구","신현일","100163113","더불어민주당","100","1","정당인","세종대학교 자연과학부 졸업","1","선거공보","선거공보","candidate-doc:100163113:1","false","","false","","","current_unavailable_official_source","선거공보||||||0||HEIGHT||Y||||00","Current official API returned no downloadable PDF path."
"620260603-은평구가선거구-100160556-1-선거공보","제9회 전국동시지방선거","620260603","구·시·군의회의원선거","6","은평구가선거구","박성도","100160556","국민의힘","200","2","(현)은평구의회구의원","신반상업고등학교졸업","1","선거공보","선거공보","candidate-doc:100160556:1","false","","false","","","current_unavailable_official_source","선거공보||||||0||HEIGHT||Y||||00","Current official API returned no downloadable PDF path."
"620260603-은평구나선거구-100162902-1-선거공보","제9회 전국동시지방선거","620260603","구·시·군의회의원선거","6","은평구나선거구","송영창","100162902","더불어민주당","100","1","은평구의회 의장","연세대학교 공학대학원 도시계획전공 졸업(공학석사)","1","선거공보","선거공보","candidate-doc:100162902:1","false","","false","","","current_unavailable_official_source","선거공보||||||0||HEIGHT||Y||||00","Current official API returned no downloadable PDF path."
"620260603-은평구나선거구-100160557-1-선거공보","제9회 전국동시지방선거","620260603","구·시·군의회의원선거","6","은평구나선거구","노승한","100160557","국민의힘","200","2","정당인","평택대학교 행정학과 졸업","1","선거공보","선거공보","candidate-doc:100160557:1","false","","false","","","current_unavailable_official_source","선거공보||||||0||HEIGHT||Y||||00","Current official API returned no downloadable PDF path."
"620260603-은평구바선거구-100163389-1-선거공보","제9회 전국동시지방선거","620260603","구·시·군의회의원선거","6","은평구바선거구","신윤경","100163389","더불어민주당","100","1","정당인","명지고등학교 졸업","1","선거공보","선거공보","candidate-doc:100163389:1","false","","false","","","current_unavailable_official_source","선거공보||||||0||HEIGHT||Y||||00","Current official API returned no downloadable PDF path."
"620260603-은평구바선거구-100160826-1-선거공보","제9회 전국동시지방선거","620260603","구·시·군의회의원선거","6","은평구바선거구","장경은","100160826","국민의힘","200","2","정당인","미국  파슨스 디자인 스쿨 응용과학 준학사(2019.08.~2022.05.)","1","선거공보","선거공보","candidate-doc:100160826:1","false","","false","","","current_unavailable_official_source","선거공보||||||0||HEIGHT||Y||||00","Current official API returned no downloadable PDF path."
"620260603-서대문구가선거구-100160327-1-선거공보","제9회 전국동시지방선거","620260603","구·시·군의회의원선거","6","서대문구가선거구","이호석","100160327","자유와혁신","5082","6","정당인","신진과학기술고등학교 졸업","1","선거공보","선거공보","candidate-doc:100160327:1","false","","false","","","current_unavailable_official_source","선거공보||||||0||HEIGHT||Y||||00","Current official API returned no downloadable PDF path."
"620260603-서대문구라선거구-100164219-1-선거공보","제9회 전국동시지방선거","620260603","구·시·군의회의원선거","6","서대문구라선거구","이종석","100164219","더불어민주당","100","1","서대문구의회의원","경원대학교 ( 현 가천대학교) 졸업","1","선거공보","선거공보","candidate-doc:100164219:1","false","","false","","","current_unavailable_official_source","선거공보||||||0||HEIGHT||Y||||00","Current official API returned no downloadable PDF path."
"620260603-서대문구라선거구-100161900-1-선거공보","제9회 전국동시지방선거","620260603","구·시·군의회의원선거","6","서대문구라선거구","서호성","100161900","더불어민주당","100","1","서대문구의회의원","홍익공업전문대학(현 홍익대학교) 건축과 졸업","1","선거공보","선거공보","candidate-doc:100161900:1","false","","false","","","current_unavailable_official_source","선거공보||||||0||HEIGHT||Y||||00","Current official API returned no downloadable PDF path."
"620260603-서대문구라선거구-100165331-1-선거공보","제9회 전국동시지방선거","620260603","구·시·군의회의원선거","6","서대문구라선거구","이용준","100165331","국민의힘","200","2","연일교통주식회사(마을버스)대표이사","국민대학교 행정대학원 졸업 (행정학 석사)","1","선거공보","선거공보","candidate-doc:100165331:1","false","","false","","","current_unavailable_official_source","선거공보||||||0||HEIGHT||Y||||00","Current official API returned no downloadable PDF path."
"620260603-마포구가선거구-100157546-1-선거공보","제9회 전국동시지방선거","620260603","구·시·군의회의원선거","6","마포구가선거구","장덕준","100157546","더불어민주당","100","1","정당인","경희사이버대학교 노인복지전공 졸업(사회복지학사)","1","선거공보","선거공보","candidate-doc:100157546:1","false","","false","","","current_unavailable_official_source","선거공보||||||0||HEIGHT||Y||||00","Current official API returned no downloadable PDF path."
"620260603-마포구가선거구-100165316-1-선거공보","제9회 전국동시지방선거","620260603","구·시·군의회의원선거","6","마포구가선거구","강수영","100165316","국민의힘","200","2","정당인","염광여자상업고등학교(현 염광메디텍고등학교) 졸업","1","선거공보","선거공보","candidate-doc:100165316:1","false","","false","","","current_unavailable_official_source","선거공보||||||0||HEIGHT||Y||||00","Current official API returned no downloadable PDF path."
"620260603-마포구라선거구-100161062-1-선거공보","제9회 전국동시지방선거","620260603","구·시·군의회의원선거","6","마포구라선거구","남해석","100161062","더불어민주당","100","1","마포구의회의원","단국대학교 경영대학원 경영학과 1학기 재학중(석사과정)","1","선거공보","선거공보","candidate-doc:100161062:1","false","","false","","","current_unavailable_official_source","선거공보||||||0||HEIGHT||Y||||00","Current official API returned no downloadable PDF path."
"620260603-마포구라선거구-100164943-1-선거공보","제9회 전국동시지방선거","620260603","구·시·군의회의원선거","6","마포구라선거구","서종수","100164943","국민의힘","200","2","정당인","국민대학교 정치대학원 의회·지방정치전공 졸업(정치학 석사)","1","선거공보","선거공보","candidate-doc:100164943:1","false","","false","","","current_unavailable_official_source","선거공보||||||0||HEIGHT||Y||||00","Current official API returned no downloadable PDF path."
"620260603-마포구사선거구-100165150-1-선거공보","제9회 전국동시지방선거","620260603","구·시·군의회의원선거","6","마포구사선거구","장영준","100165150","더불어민주당","100","1","마포구의회의원","고려사이버대학교 경찰학과 졸업","1","선거공보","선거공보","candidate-doc:100165150:1","false","","false","","","current_unavailable_official_source","선거공보||||||0||HEIGHT||Y||||00","Current official API returned no downloadable PDF path."
"620260603-마포구사선거구-100158675-1-선거공보","제9회 전국동시지방선거","620260603","구·시·군의회의원선거","6","마포구사선거구","김진천","100158675","국민의힘","200","2","정당인","연세대학교 행정대학원 졸업 (행정학석사)","1","선거공보","선거공보","candidate-doc:100158675:1","false","","false","","","current_unavailable_official_source","선거공보||||||0||HEIGHT||Y||||00","Current official API returned no downloadable PDF path."
"620260603-양천구다선거구-100164828-1-선거공보","제9회 전국동시지방선거","620260603","구·시·군의회의원선거","6","양천구다선거구","유영주","100164828","더불어민주당","100","1","양천구의회의원","중앙대학교 산업·창업경영대학원 경제학석사","1","선거공보","선거공보","candidate-doc:100164828:1","false","","false","","","current_unavailable_official_source","선거공보||||||0||HEIGHT||Y||||00","Current official API returned no downloadable PDF path."
"620260603-양천구다선거구-100162002-1-선거공보","제9회 전국동시지방선거","620260603","구·시·군의회의원선거","6","양천구다선거구","이인락","100162002","국민의힘","200","2","자영업","성균관대학교 경영대학원 경영학 석사(글로벌경영학)","1","선거공보","선거공보","candidate-doc:100162002:1","false","","false","","","current_unavailable_official_source","선거공보||||||0||HEIGHT||Y||||00","Current official API returned no downloadable PDF path."
"620260603-양천구라선거구-100165355-1-선거공보","제9회 전국동시지방선거","620260603","구·시·군의회의원선거","6","양천구라선거구","임정옥","100165355","더불어민주당","100","1","양천구의회 의원","국민대학교 행정대학원 사회복지학 석사 졸업","1","선거공보","선거공보","candidate-doc:100165355:1","false","","false","","","current_unavailable_official_source","선거공보||||||0||HEIGHT||Y||||00","Current official API returned no downloadable PDF path."
"620260603-양천구라선거구-100161565-1-선거공보","제9회 전국동시지방선거","620260603","구·시·군의회의원선거","6","양천구라선거구","김대섭","100161565","국민의힘","200","2","정당인","성균관대학교 글로벌창업대학원 창업학과 석사과정 수료","1","선거공보","선거공보","candidate-doc:100161565:1","false","","false","","","current_unavailable_official_source","선거공보||||||0||HEIGHT||Y||||00","Current official API returned no downloadable PDF path."
"620260603-양천구사선거구-100155899-1-선거공보","제9회 전국동시지방선거","620260603","구·시·군의회의원선거","6","양천구사선거구","홍성순","100155899","더불어민주당","100","1","가고파부동산공인중개사무소 대표","서울디지털대학교 부동산학과 졸업","1","선거공보","선거공보","candidate-doc:100155899:1","false","","false","","","current_unavailable_official_source","선거공보||||||0||HEIGHT||Y||||00","Current official API returned no downloadable PDF path."
"620260603-양천구사선거구-100162541-1-선거공보","제9회 전국동시지방선거","620260603","구·시·군의회의원선거","6","양천구사선거구","임옥연","100162541","국민의힘","200","2","양천구의회의원","광운대학교 경영대학원 경영학 석사","1","선거공보","선거공보","candidate-doc:100162541:1","false","","false","","","current_unavailable_official_source","선거공보||||||0||HEIGHT||Y||||00","Current official API returned no downloadable PDF path."
"620260603-양천구아선거구-100161373-1-선거공보","제9회 전국동시지방선거","620260603","구·시·군의회의원선거","6","양천구아선거구","곽고은","100161373","더불어민주당","100","1","양천구의회의원","서강대학교 대학원 정치외교학과 석사 수료","1","선거공보","선거공보","candidate-doc:100161373:1","false","","false","","","current_unavailable_official_source","선거공보||||||0||HEIGHT||Y||||00","Current official API returned no downloadable PDF path."
"620260603-양천구아선거구-100162726-1-선거공보","제9회 전국동시지방선거","620260603","구·시·군의회의원선거","6","양천구아선거구","최혜숙","100162726","국민의힘","200","2","양천구의회의원","성덕전문대학 사회복지계열 졸업(현 성운대학교)","1","선거공보","선거공보","candidate-doc:100162726:1","false","","false","","","current_unavailable_official_source","선거공보||||||0||HEIGHT||Y||||00","Current official API returned no downloadable PDF path."
"620260603-강서구가선거구-100156578-1-선거공보","제9회 전국동시지방선거","620260603","구·시·군의회의원선거","6","강서구가선거구","김영회","100156578","더불어민주당","100","1","교육서비스업","중원대학교대학원 사회복지학 박사과정 수료","1","선거공보","선거공보","candidate-doc:100156578:1","false","","false","","","current_unavailable_official_source","선거공보||||||0||HEIGHT||Y||||00","Current official API returned no downloadable PDF path."
"620260603-강서구가선거구-100163905-1-선거공보","제9회 전국동시지방선거","620260603","구·시·군의회의원선거","6","강서구가선거구","신은숙","100163905","무소속","9999","6","어린이집원장","명지대학교 산업대학원 상담복지학과 졸업(상담복지학석사)","1","선거공보","선거공보","candidate-doc:100163905:1","false","","false","","","current_unavailable_official_source","선거공보||||||0||HEIGHT||Y||||00","Current official API returned no downloadable PDF path."
"620260603-강서구나선거구-100162184-1-선거공보","제9회 전국동시지방선거","620260603","구·시·군의회의원선거","6","강서구나선거구","조기만","100162184","더불어민주당","100","1","강서구의회의원(도시교통위원장)","호원대학교 건축학과 졸업","1","선거공보","선거공보","candidate-doc:100162184:1","false","","false","","","current_unavailable_official_source","선거공보||||||0||HEIGHT||Y||||00","Current official API returned no downloadable PDF path."
"620260603-강서구다선거구-100162001-1-선거공보","제9회 전국동시지방선거","620260603","구·시·군의회의원선거","6","강서구다선거구","안성현","100162001","무소속","9999","5","행정사","국민대학교 정치대학원 리더쉽개발학과 졸업(정치학 석사)","1","선거공보","선거공보","candidate-doc:100162001:1","false","","false","","","current_unavailable_official_source","선거공보||||||0||HEIGHT||Y||||00","Current official API returned no downloadable PDF path."
"620260603-강서구라선거구-100157043-1-선거공보","제9회 전국동시지방선거","620260603","구·시·군의회의원선거","6","강서구라선거구","김현희","100157043","더불어민주당","100","1","정당인","호원대학교 건축학과 졸업(건축학 전공, 사회복지학 복수전공)","1","선거공보","선거공보","candidate-doc:100157043:1","false","","false","","","current_unavailable_official_source","선거공보||||||0||HEIGHT||Y||||00","Current official API returned no downloadable PDF path."
"620260603-강서구라선거구-100154990-1-선거공보","제9회 전국동시지방선거","620260603","구·시·군의회의원선거","6","강서구라선거구","김유리","100154990","녹색당","710","5","정당인","서강대학교대학원 정치외교학과 석사과정 수료","1","선거공보","선거공보","candidate-doc:100154990:1","false","","false","","","current_unavailable_official_source","선거공보||||||0||HEIGHT||Y||||00","Current official API returned no downloadable PDF path."
"620260603-강서구라선거구-100163091-1-선거공보","제9회 전국동시지방선거","620260603","구·시·군의회의원선거","6","강서구라선거구","김동수","100163091","무소속","9999","6","자영업","전주공업전문대학(현 전주비전대학교) 기계과 졸업","1","선거공보","선거공보","candidate-doc:100163091:1","false","","false","","","current_unavailable_official_source","선거공보||||||0||HEIGHT||Y||||00","Current official API returned no downloadable PDF path."
"620260603-강서구아선거구-100161820-1-선거공보","제9회 전국동시지방선거","620260603","구·시·군의회의원선거","6","강서구아선거구","강선영","100161820","더불어민주당","100","1","강서구의회의원","명지대학교 대학원 사회복지학전공(박사수료)","1","선거공보","선거공보","candidate-doc:100161820:1","false","","false","","","current_unavailable_official_source","선거공보||||||0||HEIGHT||Y||||00","Current official API returned no downloadable PDF path."
"620260603-구로구라선거구-100161710-1-선거공보","제9회 전국동시지방선거","620260603","구·시·군의회의원선거","6","구로구라선거구","조미향","100161710","더불어민주당","100","1","정당인","국민대학교 정치대학원 졸업(정치학석사)","1","선거공보","선거공보","candidate-doc:100161710:1","false","","false","","","current_unavailable_official_source","선거공보||||||0||HEIGHT||Y||||00","Current official API returned no downloadable PDF path."
"620260603-구로구라선거구-100156021-1-선거공보","제9회 전국동시지방선거","620260603","구·시·군의회의원선거","6","구로구라선거구","전미숙","100156021","국민의힘","200","2","구의원","중앙대학교 일반대학원 의회학과 석사과정 재학중","1","선거공보","선거공보","candidate-doc:100156021:1","false","","false","","","current_unavailable_official_source","선거공보||||||0||HEIGHT||Y||||00","Current official API returned no downloadable PDF path."
"620260603-구로구마선거구-100160920-1-선거공보","제9회 전국동시지방선거","620260603","구·시·군의회의원선거","6","구로구마선거구","김철수","100160920","더불어민주당","100","1","제9대 구로구의회의원","국민대학교 졸업(경영학 학사)","1","선거공보","선거공보","candidate-doc:100160920:1","false","","false","","","current_unavailable_official_source","선거공보||||||0||HEIGHT||Y||||00","Current official API returned no downloadable PDF path."
"620260603-구로구마선거구-100162196-1-선거공보","제9회 전국동시지방선거","620260603","구·시·군의회의원선거","6","구로구마선거구","김철수","100162196","국민의힘","200","2","구로구의회의원","백석대학교 기독교전문대학원 졸업(교육학 박사)","1","선거공보","선거공보","candidate-doc:100162196:1","false","","false","","","current_unavailable_official_source","선거공보||||||0||HEIGHT||Y||||00","Current official API returned no downloadable PDF path."
"620260603-금천구가선거구-100162507-1-선거공보","제9회 전국동시지방선거","620260603","구·시·군의회의원선거","6","금천구가선거구","고영찬","100162507","국민의힘","200","2","금천구의회의원","연세대학교 국제관계학과 졸업(정치학사)","1","선거공보","선거공보","candidate-doc:100162507:1","false","","false","","","current_unavailable_official_source","선거공보||||||0||HEIGHT||Y||||00","Current official API returned no downloadable PDF path."
"620260603-금천구가선거구-100163337-1-선거공보","제9회 전국동시지방선거","620260603","구·시·군의회의원선거","6","금천구가선거구","이경옥","100163337","국민의힘","200","2","정당인","영파여자고등학교 졸업","1","선거공보","선거공보","candidate-doc:100163337:1","false","","false","","","current_unavailable_official_source","선거공보||||||0||HEIGHT||Y||||00","Current official API returned no downloadable PDF path."
"620260603-금천구나선거구-100156920-1-선거공보","제9회 전국동시지방선거","620260603","구·시·군의회의원선거","6","금천구나선거구","김효섭","100156920","더불어민주당","100","1","정당인","덕성여자대학교 문학사(사회복지학전공)","1","선거공보","선거공보","candidate-doc:100156920:1","false","","false","","","current_unavailable_official_source","선거공보||||||0||HEIGHT||Y||||00","Current official API returned no downloadable PDF path."
"620260603-금천구나선거구-100165714-1-선거공보","제9회 전국동시지방선거","620260603","구·시·군의회의원선거","6","금천구나선거구","김선주","100165714","무소속","9999","5","봉재 플랜트","고흥녹동고등학교 졸업","1","선거공보","선거공보","candidate-doc:100165714:1","false","","false","","","current_unavailable_official_source","선거공보||||||0||HEIGHT||Y||||00","Current official API returned no downloadable PDF path."
"620260603-금천구다선거구-100156843-1-선거공보","제9회 전국동시지방선거","620260603","구·시·군의회의원선거","6","금천구다선거구","장규권","100156843","국민의힘","200","2","금천구의회 의원","태안고등학교 졸업","1","선거공보","선거공보","candidate-doc:100156843:1","false","","false","","","current_unavailable_official_source","선거공보||||||0||HEIGHT||Y||||00","Current official API returned no downloadable PDF path."
"620260603-영등포구가선거구-100155446-1-선거공보","제9회 전국동시지방선거","620260603","구·시·군의회의원선거","6","영등포구가선거구","서천열","100155446","더불어민주당","100","1","기업인","한남대학교 사범대학 국어교육과 졸업","1","선거공보","선거공보","candidate-doc:100155446:1","false","","false","","","current_unavailable_official_source","선거공보||||||0||HEIGHT||Y||||00","Current official API returned no downloadable PDF path."
"620260603-영등포구가선거구-100163075-1-선거공보","제9회 전국동시지방선거","620260603","구·시·군의회의원선거","6","영등포구가선거구","정선희","100163075","국민의힘","200","2","정당인","국민대학교 정치대학원 정치학 석사 졸업","1","선거공보","선거공보","candidate-doc:100163075:1","false","","false","","","current_unavailable_official_source","선거공보||||||0||HEIGHT||Y||||00","Current official API returned no downloadable PDF path."
"620260603-영등포구다선거구-100156373-1-선거공보","제9회 전국동시지방선거","620260603","구·시·군의회의원선거","6","영등포구다선거구","김길자","100156373","더불어민주당","100","1","정당인","한성대학교 행정대학원 행정학석사","1","선거공보","선거공보","candidate-doc:100156373:1","false","","false","","","current_unavailable_official_source","선거공보||||||0||HEIGHT||Y||||00","Current official API returned no downloadable PDF path."
"620260603-영등포구다선거구-100163407-1-선거공보","제9회 전국동시지방선거","620260603","구·시·군의회의원선거","6","영등포구다선거구","이규선","100163407","국민의힘","200","2","정당인","경남대학교 공과대학 요업공학과 졸업","1","선거공보","선거공보","candidate-doc:100163407:1","false","","false","","","current_unavailable_official_source","선거공보||||||0||HEIGHT||Y||||00","Current official API returned no downloadable PDF path."
"620260603-영등포구마선거구-100156076-1-선거공보","제9회 전국동시지방선거","620260603","구·시·군의회의원선거","6","영등포구마선거구","박미영","100156076","더불어민주당","100","1","정당인","고려대학교 지리교육과 졸업","1","선거공보","선거공보","candidate-doc:100156076:1","false","","false","","","current_unavailable_official_source","선거공보||||||0||HEIGHT||Y||||00","Current official API returned no downloadable PDF path."
"620260603-영등포구마선거구-100162839-1-선거공보","제9회 전국동시지방선거","620260603","구·시·군의회의원선거","6","영등포구마선거구","황진환","100162839","국민의힘","200","2","교육서비스업(진로진학 상담)","동국대학교 일반대학원 경영학석사","1","선거공보","선거공보","candidate-doc:100162839:1","false","","false","","","current_unavailable_official_source","선거공보||||||0||HEIGHT||Y||||00","Current official API returned no downloadable PDF path."
"620260603-영등포구바선거구-100155789-1-선거공보","제9회 전국동시지방선거","620260603","구·시·군의회의원선거","6","영등포구바선거구","김태호","100155789","더불어민주당","100","1","(주)에스지애드원 대표이사","호원대학교 법경찰학부(법학전공)졸업","1","선거공보","선거공보","candidate-doc:100155789:1","false","","false","","","current_unavailable_official_source","선거공보||||||0||HEIGHT||Y||||00","Current official API returned no downloadable PDF path."
"620260603-영등포구바선거구-100162692-1-선거공보","제9회 전국동시지방선거","620260603","구·시·군의회의원선거","6","영등포구바선거구","우경란","100162692","국민의힘","200","2","정당인","중앙대학교 행정대학원 행정학과 석사과정 2학차 재학","1","선거공보","선거공보","candidate-doc:100162692:1","false","","false","","","current_unavailable_official_source","선거공보||||||0||HEIGHT||Y||||00","Current official API returned no downloadable PDF path."
"620260603-동작구나선거구-100163264-1-선거공보","제9회 전국동시지방선거","620260603","구·시·군의회의원선거","6","동작구나선거구","송동석","100163264","더불어민주당","100","1","동작구의회 의원","서울디지털대학교 경영학과 졸업(경영학사)","1","선거공보","선거공보","candidate-doc:100163264:1","false","","false","","","current_unavailable_official_source","선거공보||||||0||HEIGHT||Y||||00","Current official API returned no downloadable PDF path."
"620260603-동작구나선거구-100158264-1-선거공보","제9회 전국동시지방선거","620260603","구·시·군의회의원선거","6","동작구나선거구","박승준","100158264","국민의힘","200","2","학원 원장","중앙대학교 건설대학원 북한SOC학과 졸업(공학석사)","1","선거공보","선거공보","candidate-doc:100158264:1","false","","false","","","current_unavailable_official_source","선거공보||||||0||HEIGHT||Y||||00","Current official API returned no downloadable PDF path."
"620260603-동작구나선거구-100162396-1-선거공보","제9회 전국동시지방선거","620260603","구·시·군의회의원선거","6","동작구나선거구","이상훈","100162396","조국혁신당","5077","3","배달플랫폼 노동자","미기재","1","선거공보","선거공보","candidate-doc:100162396:1","false","","false","","","current_unavailable_official_source","선거공보||||||0||HEIGHT||Y||||00","Current official API returned no downloadable PDF path."
"620260603-동작구다선거구-100158176-1-선거공보","제9회 전국동시지방선거","620260603","구·시·군의회의원선거","6","동작구다선거구","최무근","100158176","국민의힘","200","2","정당인","서울벤처대학원대학교 융합산업학과 졸업(경영학 박사)","1","선거공보","선거공보","candidate-doc:100158176:1","false","","false","","","current_unavailable_official_source","선거공보||||||0||HEIGHT||Y||||00","Current official API returned no downloadable PDF path."
"620260603-동작구라선거구-100161451-1-선거공보","제9회 전국동시지방선거","620260603","구·시·군의회의원선거","6","동작구라선거구","박지우","100161451","더불어민주당","100","1","법인대표","경희사이버대학교 스포츠경영전공(재학중)","1","선거공보","선거공보","candidate-doc:100161451:1","false","","false","","","current_unavailable_official_source","선거공보||||||0||HEIGHT||Y||||00","Current official API returned no downloadable PDF path."
"620260603-동작구라선거구-100162486-1-선거공보","제9회 전국동시지방선거","620260603","구·시·군의회의원선거","6","동작구라선거구","이주현","100162486","국민의힘","200","2","동작구의회 의원","세종대학교 관광대학원 관광경영학과 졸업(관광경영학 석사)","1","선거공보","선거공보","candidate-doc:100162486:1","false","","false","","","current_unavailable_official_source","선거공보||||||0||HEIGHT||Y||||00","Current official API returned no downloadable PDF path."
"620260603-동작구마선거구-100155631-1-선거공보","제9회 전국동시지방선거","620260603","구·시·군의회의원선거","6","동작구마선거구","이수홍","100155631","더불어민주당","100","1","선배시민협회 부회장","한국방송통신대학교 대학원 사회복지정치학과 졸업(사회복지학석사)","1","선거공보","선거공보","candidate-doc:100155631:1","false","","false","","","current_unavailable_official_source","선거공보||||||0||HEIGHT||Y||||00","Current official API returned no downloadable PDF path."
"620260603-동작구마선거구-100157288-1-선거공보","제9회 전국동시지방선거","620260603","구·시·군의회의원선거","6","동작구마선거구","이영주","100157288","더불어민주당","100","1","동작구의회 의원","서울예술대학교 영화과 졸업","1","선거공보","선거공보","candidate-doc:100157288:1","false","","false","","","current_unavailable_official_source","선거공보||||||0||HEIGHT||Y||||00","Current official API returned no downloadable PDF path."
"620260603-동작구마선거구-100158888-1-선거공보","제9회 전국동시지방선거","620260603","구·시·군의회의원선거","6","동작구마선거구","정세열","100158888","국민의힘","200","2","동작구의회 의원","경동대학교 정보통신공학부 정보통신공학전공 졸업(공학사)","1","선거공보","선거공보","candidate-doc:100158888:1","false","","false","","","current_unavailable_official_source","선거공보||||||0||HEIGHT||Y||||00","Current official API returned no downloadable PDF path."
"620260603-동작구바선거구-100158794-1-선거공보","제9회 전국동시지방선거","620260603","구·시·군의회의원선거","6","동작구바선거구","김은하","100158794","더불어민주당","100","1","동작구의회 의원","고려대학교 물리학과 졸업","1","선거공보","선거공보","candidate-doc:100158794:1","false","","false","","","current_unavailable_official_source","선거공보||||||0||HEIGHT||Y||||00","Current official API returned no downloadable PDF path."
"620260603-동작구바선거구-100158335-1-선거공보","제9회 전국동시지방선거","620260603","구·시·군의회의원선거","6","동작구바선거구","정유나","100158335","국민의힘","200","2","동작구의회 의원","이화여자대학교 독어독문학과 졸업","1","선거공보","선거공보","candidate-doc:100158335:1","false","","false","","","current_unavailable_official_source","선거공보||||||0||HEIGHT||Y||||00","Current official API returned no downloadable PDF path."
"620260603-강남구바선거구-100163427-1-선거공보","제9회 전국동시지방선거","620260603","구·시·군의회의원선거","6","강남구바선거구","고은진","100163427","더불어민주당","100","1","정당인","서울여자대학교 인문대학 사학과 졸업","1","선거공보","선거공보","candidate-doc:100163427:1","false","","false","","","current_unavailable_official_source","선거공보||||||0||HEIGHT||Y||||00","Current official API returned no downloadable PDF path."
"620260603-강남구바선거구-100163455-1-선거공보","제9회 전국동시지방선거","620260603","구·시·군의회의원선거","6","강남구바선거구","송영광","100163455","국민의힘","200","2","IT·AI서비스, 개발 전문가","중앙대학교 행정대학원 지방행정학과 졸업(행정학 석사)","1","선거공보","선거공보","candidate-doc:100163455:1","false","","false","","","current_unavailable_official_source","선거공보||||||0||HEIGHT||Y||||00","Current official API returned no downloadable PDF path."
"620260603-강남구아선거구-100160953-1-선거공보","제9회 전국동시지방선거","620260603","구·시·군의회의원선거","6","강남구아선거구","오온누리","100160953","더불어민주당","100","1","강남구의회 의원","홍익대학교 대학원 미술학과 회화전공 졸업(미술학 박사)","1","선거공보","선거공보","candidate-doc:100160953:1","false","","false","","","current_unavailable_official_source","선거공보||||||0||HEIGHT||Y||||00","Current official API returned no downloadable PDF path."
"620260603-강남구아선거구-100162305-1-선거공보","제9회 전국동시지방선거","620260603","구·시·군의회의원선거","6","강남구아선거구","윤수혁","100162305","국민의힘","200","2","정당인","건국대학교 건축대학 건축학부 건축학전공 (재학)","1","선거공보","선거공보","candidate-doc:100162305:1","false","","false","","","current_unavailable_official_source","선거공보||||||0||HEIGHT||Y||||00","Current official API returned no downloadable PDF path."
"620260603-송파구나선거구-100163570-1-선거공보","제9회 전국동시지방선거","620260603","구·시·군의회의원선거","6","송파구나선거구","박순례","100163570","더불어민주당","100","1","시인","건국대학교 행정대학원 석사과정 사회복지학과 사회복지전공 (제2학기 재학중)","1","선거공보","선거공보","candidate-doc:100163570:1","false","","false","","","current_unavailable_official_source","선거공보||||||0||HEIGHT||Y||||00","Current official API returned no downloadable PDF path."
"620260603-송파구나선거구-100162423-1-선거공보","제9회 전국동시지방선거","620260603","구·시·군의회의원선거","6","송파구나선거구","박순옥","100162423","국민의힘","200","2","정당인","서울한영대학교 대학원 사회복지학 졸업(사회복지학석사)","1","선거공보","선거공보","candidate-doc:100162423:1","false","","false","","","current_unavailable_official_source","선거공보||||||0||HEIGHT||Y||||00","Current official API returned no downloadable PDF path."
"620260603-송파구다선거구-100164874-1-선거공보","제9회 전국동시지방선거","620260603","구·시·군의회의원선거","6","송파구다선거구","최옥주","100164874","더불어민주당","100","1","송파구의회의원","한남대학교 법과대학 법학과 졸업(학사)","1","선거공보","선거공보","candidate-doc:100164874:1","false","","false","","","current_unavailable_official_source","선거공보||||||0||HEIGHT||Y||||00","Current official API returned no downloadable PDF path."
"620260603-송파구다선거구-100164796-1-선거공보","제9회 전국동시지방선거","620260603","구·시·군의회의원선거","6","송파구다선거구","전정","100164796","국민의힘","200","2","송파구의회의원","한양대학교 공공정책대학원 지방자치학과 졸업(행정학 석사)","1","선거공보","선거공보","candidate-doc:100164796:1","false","","false","","","current_unavailable_official_source","선거공보||||||0||HEIGHT||Y||||00","Current official API returned no downloadable PDF path."
"620260603-송파구바선거구-100160725-1-선거공보","제9회 전국동시지방선거","620260603","구·시·군의회의원선거","6","송파구바선거구","김안나","100160725","더불어민주당","100","1","정당인","한국방송통신대학교 청소년교육복지상담학과(2학년 재학중)","1","선거공보","선거공보","candidate-doc:100160725:1","false","","false","","","current_unavailable_official_source","선거공보||||||0||HEIGHT||Y||||00","Current official API returned no downloadable PDF path."
"620260603-송파구바선거구-100163410-1-선거공보","제9회 전국동시지방선거","620260603","구·시·군의회의원선거","6","송파구바선거구","최상진","100163410","국민의힘","200","2","송파구의회의원","한양대학교 교육공학과 졸업","1","선거공보","선거공보","candidate-doc:100163410:1","false","","false","","","current_unavailable_official_source","선거공보||||||0||HEIGHT||Y||||00","Current official API returned no downloadable PDF path."
"620260603-송파구자선거구-100161416-1-선거공보","제9회 전국동시지방선거","620260603","구·시·군의회의원선거","6","송파구자선거구","위정희","100161416","더불어민주당","100","1","사회복지사","성균관대학교 국정전문대학원 박사학위과정 수료(행정학과)","1","선거공보","선거공보","candidate-doc:100161416:1","false","","false","","","current_unavailable_official_source","선거공보||||||0||HEIGHT||Y||||00","Current official API returned no downloadable PDF path."
"620260603-송파구자선거구-100165630-1-선거공보","제9회 전국동시지방선거","620260603","구·시·군의회의원선거","6","송파구자선거구","김성호","100165630","국민의힘","200","2","정당인","건국대학교 상경대학 경제학과 졸업","1","선거공보","선거공보","candidate-doc:100165630:1","false","","false","","","current_unavailable_official_source","선거공보||||||0||HEIGHT||Y||||00","Current official API returned no downloadable PDF path."
"620260603-강동구다선거구-100157928-1-선거공보","제9회 전국동시지방선거","620260603","구·시·군의회의원선거","6","강동구다선거구","박원서","100157928","더불어민주당","100","1","정당인","한국체육대학교 사회체육대학원 졸업(체육학 석사)","1","선거공보","선거공보","candidate-doc:100157928:1","false","","false","","","current_unavailable_official_source","선거공보||||||0||HEIGHT||Y||||00","Current official API returned no downloadable PDF path."
"620260603-강동구다선거구-100160880-1-선거공보","제9회 전국동시지방선거","620260603","구·시·군의회의원선거","6","강동구다선거구","문현섭","100160880","국민의힘","200","2","강동구의원","한국열린사이버대학교 사회복지학과 재학중","1","선거공보","선거공보","candidate-doc:100160880:1","false","","false","","","current_unavailable_official_source","선거공보||||||0||HEIGHT||Y||||00","Current official API returned no downloadable PDF path."
"620260603-강동구바선거구-100159252-1-선거공보","제9회 전국동시지방선거","620260603","구·시·군의회의원선거","6","강동구바선거구","최찬호","100159252","자유와혁신","5082","5","카딤프로덕션 주식회사 대표이사","명지대학교 미래융합경영학과 졸업","1","선거공보","선거공보","candidate-doc:100159252:1","false","","false","","","current_unavailable_official_source","선거공보||||||0||HEIGHT||Y||||00","Current official API returned no downloadable PDF path."
"620260603-중구가선거구-100158408-1-선거공보","제9회 전국동시지방선거","620260603","구·시·군의회의원선거","6","중구가선거구","박민해","100158408","더불어민주당","100","1","정당인","한국방송통신대학교 경제학과 4학년 재학중","1","선거공보","선거공보","candidate-doc:100158408:1","false","","false","","","current_unavailable_official_source","선거공보||||||0||HEIGHT||Y||||00","Current official API returned no downloadable PDF path."
"620260603-중구가선거구-100162653-1-선거공보","제9회 전국동시지방선거","620260603","구·시·군의회의원선거","6","중구가선거구","최학철","100162653","더불어민주당","100","1","기초의원","덕원중학교 졸업","1","선거공보","선거공보","candidate-doc:100162653:1","false","","false","","","current_unavailable_official_source","선거공보||||||0||HEIGHT||Y||||00","Current official API returned no downloadable PDF path."
"620260603-중구가선거구-100154395-1-선거공보","제9회 전국동시지방선거","620260603","구·시·군의회의원선거","6","중구가선거구","금동욱","100154395","국민의힘","200","2","효나눔복지센터장","신라대학교 기업경영학과 졸업","1","선거공보","선거공보","candidate-doc:100154395:1","false","","false","","","current_unavailable_official_source","선거공보||||||0||HEIGHT||Y||||00","Current official API returned no downloadable PDF path."
"620260603-중구나선거구-100162554-1-선거공보","제9회 전국동시지방선거","620260603","구·시·군의회의원선거","6","중구나선거구","한지원","100162554","국민의힘","200","2","부산 중구의회 의원","동아대학교 대학원 정치학과 박사과정 휴학중","1","선거공보","선거공보","candidate-doc:100162554:1","false","","false","","","current_unavailable_official_source","선거공보||||||0||HEIGHT||Y||||00","Current official API returned no downloadable PDF path."
"620260603-서구가선거구-100158321-1-선거공보","제9회 전국동시지방선거","620260603","구·시·군의회의원선거","6","서구가선거구","성진택","100158321","더불어민주당","100","1","정당인","부산대학교 행정대학원 행정학과 재학중","1","선거공보","선거공보","candidate-doc:100158321:1","false","","false","","","current_unavailable_official_source","선거공보||||||0||HEIGHT||Y||||00","Current official API returned no downloadable PDF path."
"620260603-서구가선거구-100161180-1-선거공보","제9회 전국동시지방선거","620260603","구·시·군의회의원선거","6","서구가선거구","주지웅","100161180","국민의힘","200","2","서구의회의원","부산대학교 행정대학원 행정학석사","1","선거공보","선거공보","candidate-doc:100161180:1","false","","false","","","current_unavailable_official_source","선거공보||||||0||HEIGHT||Y||||00","Current official API returned no downloadable PDF path."
"620260603-서구가선거구-100159935-1-선거공보","제9회 전국동시지방선거","620260603","구·시·군의회의원선거","6","서구가선거구","강경미","100159935","국민의힘","200","2","서구의회의원","동아대학교 사회복지대학원 사회복지학석사","1","선거공보","선거공보","candidate-doc:100159935:1","false","","false","","","current_unavailable_official_source","선거공보||||||0||HEIGHT||Y||||00","Current official API returned no downloadable PDF path."
"620260603-서구가선거구-100165601-1-선거공보","제9회 전국동시지방선거","620260603","구·시·군의회의원선거","6","서구가선거구","나영호","100165601","무소속","9999","5","부산체험아카데미 대표","동아대학교 법학과 졸업","1","선거공보","선거공보","candidate-doc:100165601:1","false","","false","","","current_unavailable_official_source","선거공보||||||0||HEIGHT||Y||||00","Current official API returned no downloadable PDF path."
"620260603-서구나선거구-100158809-1-선거공보","제9회 전국동시지방선거","620260603","구·시·군의회의원선거","6","서구나선거구","하명희","100158809","더불어민주당","100","1","서구의회의원","동국대학교 대학원 북한학과 박사과정 4학기 재학중","1","선거공보","선거공보","candidate-doc:100158809:1","false","","false","","","current_unavailable_official_source","선거공보||||||0||HEIGHT||Y||||00","Current official API returned no downloadable PDF path."
"620260603-서구나선거구-100160701-1-선거공보","제9회 전국동시지방선거","620260603","구·시·군의회의원선거","6","서구나선거구","이정향","100160701","더불어민주당","100","1","정당인","동아대학교 경영대학원 경영학석사","1","선거공보","선거공보","candidate-doc:100160701:1","false","","false","","","current_unavailable_official_source","선거공보||||||0||HEIGHT||Y||||00","Current official API returned no downloadable PDF path."
"620260603-서구나선거구-100159058-1-선거공보","제9회 전국동시지방선거","620260603","구·시·군의회의원선거","6","서구나선거구","김건우","100159058","국민의힘","200","2","김건우지역경제톡톡 대표","동아대학교 경영대학원 경영학석사","1","선거공보","선거공보","candidate-doc:100159058:1","false","","false","","","current_unavailable_official_source","선거공보||||||0||HEIGHT||Y||||00","Current official API returned no downloadable PDF path."
"620260603-서구나선거구-100157806-1-선거공보","제9회 전국동시지방선거","620260603","구·시·군의회의원선거","6","서구나선거구","이현우","100157806","국민의힘","200","2","서구의회의원","고신대학교 한국어교육학과 1학년 재학중","1","선거공보","선거공보","candidate-doc:100157806:1","false","","false","","","current_unavailable_official_source","선거공보||||||0||HEIGHT||Y||||00","Current official API returned no downloadable PDF path."
"620260603-영도구가선거구-100157727-1-선거공보","제9회 전국동시지방선거","620260603","구·시·군의회의원선거","6","영도구가선거구","이용성","100157727","더불어민주당","100","1","정당인(더불어민주당 부산광역시당 직능위원회 부위원장)","부산외국어대학교 글로벌인재학부 졸업","1","선거공보","선거공보","candidate-doc:100157727:1","false","","false","","","current_unavailable_official_source","선거공보||||||0||HEIGHT||Y||||00","Current official API returned no downloadable PDF path."
"620260603-부산진구나선거구-100162352-1-선거공보","제9회 전국동시지방선거","620260603","구·시·군의회의원선거","6","부산진구나선거구","오용성","100162352","더불어민주당","100","1","(주)마케팅블랭크 대표이사","경주대학교 국토·도시계획학과 졸업","1","선거공보","선거공보","candidate-doc:100162352:1","false","","false","","","current_unavailable_official_source","선거공보||||||0||HEIGHT||Y||||00","Current official API returned no downloadable PDF path."
"620260603-부산진구나선거구-100163014-1-선거공보","제9회 전국동시지방선거","620260603","구·시·군의회의원선거","6","부산진구나선거구","성낙욱","100163014","국민의힘","200","2","부산진구의회 의원","경성대학교대학원 행정학박사 졸업","1","선거공보","선거공보","candidate-doc:100163014:1","false","","false","","","current_unavailable_official_source","선거공보||||||0||HEIGHT||Y||||00","Current official API returned no downloadable PDF path."
"620260603-부산진구다선거구-100155185-1-선거공보","제9회 전국동시지방선거","620260603","구·시·군의회의원선거","6","부산진구다선거구","최인희","100155185","더불어민주당","100","1","주)에스제이무역 이사","부산여자대학교 사회복지계열 재학중","1","선거공보","선거공보","candidate-doc:100155185:1","false","","false","","","current_unavailable_official_source","선거공보||||||0||HEIGHT||Y||||00","Current official API returned no downloadable PDF path."
"620260603-부산진구다선거구-100163260-1-선거공보","제9회 전국동시지방선거","620260603","구·시·군의회의원선거","6","부산진구다선거구","조수성","100163260","국민의힘","200","2","자영업","동아대학교 부동산자산경영학과 재학중","1","선거공보","선거공보","candidate-doc:100163260:1","false","","false","","","current_unavailable_official_source","선거공보||||||0||HEIGHT||Y||||00","Current official API returned no downloadable PDF path."
"620260603-부산진구라선거구-100156971-1-선거공보","제9회 전국동시지방선거","620260603","구·시·군의회의원선거","6","부산진구라선거구","강지백","100156971","더불어민주당","100","1","부산진구의회의원","동의대학교 대학원 경제·무역학과 경제학 석사","1","선거공보","선거공보","candidate-doc:100156971:1","false","","false","","","current_unavailable_official_source","선거공보||||||0||HEIGHT||Y||||00","Current official API returned no downloadable PDF path."
"620260603-부산진구라선거구-100163938-1-선거공보","제9회 전국동시지방선거","620260603","구·시·군의회의원선거","6","부산진구라선거구","이분희","100163938","국민의힘","200","2","정당인","동서대학교 미래커리어대학 사회복지상담학과 재학중","1","선거공보","선거공보","candidate-doc:100163938:1","false","","false","","","current_unavailable_official_source","선거공보||||||0||HEIGHT||Y||||00","Current official API returned no downloadable PDF path."
"620260603-부산진구바선거구-100157722-1-선거공보","제9회 전국동시지방선거","620260603","구·시·군의회의원선거","6","부산진구바선거구","이지영","100157722","더불어민주당","100","1","정당인","부산대학교 대학원 경제학 석사 졸업","1","선거공보","선거공보","candidate-doc:100157722:1","false","","false","","","current_unavailable_official_source","선거공보||||||0||HEIGHT||Y||||00","Current official API returned no downloadable PDF path."
"620260603-부산진구바선거구-100161128-1-선거공보","제9회 전국동시지방선거","620260603","구·시·군의회의원선거","6","부산진구바선거구","김진복","100161128","국민의힘","200","2","부산진구의회 의원","미기재","1","선거공보","선거공보","candidate-doc:100161128:1","false","","false","","","current_unavailable_official_source","선거공보||||||0||HEIGHT||Y||||00","Current official API returned no downloadable PDF path."
"620260603-부산진구사선거구-100160522-1-선거공보","제9회 전국동시지방선거","620260603","구·시·군의회의원선거","6","부산진구사선거구","최정웅","100160522","더불어민주당","100","1","부산진구의회의원","부산대학교 경제통상대학원 공공정책학 석사 졸업","1","선거공보","선거공보","candidate-doc:100160522:1","false","","false","","","current_unavailable_official_source","선거공보||||||0||HEIGHT||Y||||00","Current official API returned no downloadable PDF path."
"620260603-부산진구사선거구-100161074-1-선거공보","제9회 전국동시지방선거","620260603","구·시·군의회의원선거","6","부산진구사선거구","김민경","100161074","국민의힘","200","2","비례대표 부산진구의회 의원","인제대학교 대학원 가족소비자학과 가족상담복지분야전공 석사과정 수료","1","선거공보","선거공보","candidate-doc:100161074:1","false","","false","","","current_unavailable_official_source","선거공보||||||0||HEIGHT||Y||||00","Current official API returned no downloadable PDF path."
"620260603-부산진구아선거구-100160582-1-선거공보","제9회 전국동시지방선거","620260603","구·시·군의회의원선거","6","부산진구아선거구","강도희","100160582","더불어민주당","100","1","부산진구의회의원","부산대학교행정대학원 사회복지학 석사 졸업","1","선거공보","선거공보","candidate-doc:100160582:1","false","","false","","","current_unavailable_official_source","선거공보||||||0||HEIGHT||Y||||00","Current official API returned no downloadable PDF path."
"620260603-부산진구아선거구-100160948-1-선거공보","제9회 전국동시지방선거","620260603","구·시·군의회의원선거","6","부산진구아선거구","안수만","100160948","국민의힘","200","2","부산진구의회의원","한국해양대학교(현 국립한국해양대학교) 해양공학과 졸업","1","선거공보","선거공보","candidate-doc:100160948:1","false","","false","","","current_unavailable_official_source","선거공보||||||0||HEIGHT||Y||||00","Current official API returned no downloadable PDF path."
"620260603-동래구가선거구-100158916-1-선거공보","제9회 전국동시지방선거","620260603","구·시·군의회의원선거","6","동래구가선거구","정상환","100158916","더불어민주당","100","1","정당인","동의대학교 산업공학과 졸업","1","선거공보","선거공보","candidate-doc:100158916:1","false","","false","","","current_unavailable_official_source","선거공보||||||0||HEIGHT||Y||||00","Current official API returned no downloadable PDF path."
"620260603-동래구가선거구-100160902-1-선거공보","제9회 전국동시지방선거","620260603","구·시·군의회의원선거","6","동래구가선거구","오영진","100160902","국민의힘","200","2","동래구의회의원","서남대학교 병원행정학과 졸업(주간)","1","선거공보","선거공보","candidate-doc:100160902:1","false","","false","","","current_unavailable_official_source","선거공보||||||0||HEIGHT||Y||||00","Current official API returned no downloadable PDF path."
"620260603-동래구라선거구-100160730-1-선거공보","제9회 전국동시지방선거","620260603","구·시·군의회의원선거","6","동래구라선거구","이지영","100160730","더불어민주당","100","1","동래구의회 구의원","부산대학교 경제통상대학원 공공정책전공 석사 재학","1","선거공보","선거공보","candidate-doc:100160730:1","false","","false","","","current_unavailable_official_source","선거공보||||||0||HEIGHT||Y||||00","Current official API returned no downloadable PDF path."
"620260603-동래구라선거구-100161731-1-선거공보","제9회 전국동시지방선거","620260603","구·시·군의회의원선거","6","동래구라선거구","최순희","100161731","국민의힘","200","2","정당인","동아대학교 도시계획학과 졸업","1","선거공보","선거공보","candidate-doc:100161731:1","false","","false","","","current_unavailable_official_source","선거공보||||||0||HEIGHT||Y||||00","Current official API returned no downloadable PDF path."
"620260603-남구가선거구-100160052-1-선거공보","제9회 전국동시지방선거","620260603","구·시·군의회의원선거","6","남구가선거구","박강민","100160052","더불어민주당","100","1","정당인","동아대학교 정치·사회학부 휴학","1","선거공보","선거공보","candidate-doc:100160052:1","false","","false","","","current_unavailable_official_source","선거공보||||||0||HEIGHT||Y||||00","Current official API returned no downloadable PDF path."
"620260603-남구가선거구-100155567-1-선거공보","제9회 전국동시지방선거","620260603","구·시·군의회의원선거","6","남구가선거구","이준희","100155567","국민의힘","200","2","국민의힘 부산시당 부대변인","미국 University of California, Berkeley 정치학 학사(2016.08~2018.05)","1","선거공보","선거공보","candidate-doc:100155567:1","false","","false","","","current_unavailable_official_source","선거공보||||||0||HEIGHT||Y||||00","Current official API returned no downloadable PDF path."
"620260603-남구나선거구-100157622-1-선거공보","제9회 전국동시지방선거","620260603","구·시·군의회의원선거","6","남구나선거구","허미향","100157622","더불어민주당","100","1","남구의회 의원","효성여자대학교(현 대구가톨릭대학교) 국어국문학과 졸업","1","선거공보","선거공보","candidate-doc:100157622:1","false","","false","","","current_unavailable_official_source","선거공보||||||0||HEIGHT||Y||||00","Current official API returned no downloadable PDF path."
"620260603-남구나선거구-100156896-1-선거공보","제9회 전국동시지방선거","620260603","구·시·군의회의원선거","6","남구나선거구","김철현","100156896","국민의힘","200","2","부산 남구의회 의원","부경대학교 글로벌정책대학원 행정학부 사회복지학전공 석사과정제적(2022.3~2023.10)","1","선거공보","선거공보","candidate-doc:100156896:1","false","","false","","","current_unavailable_official_source","선거공보||||||0||HEIGHT||Y||||00","Current official API returned no downloadable PDF path."
"620260603-남구다선거구-100157625-1-선거공보","제9회 전국동시지방선거","620260603","구·시·군의회의원선거","6","남구다선거구","백석민","100157625","더불어민주당","100","1","남구의회 의원","동의대학교 부동산금융·자산경영학과 졸업","1","선거공보","선거공보","candidate-doc:100157625:1","false","","false","","","current_unavailable_official_source","선거공보||||||0||HEIGHT||Y||||00","Current official API returned no downloadable PDF path."
"620260603-남구라선거구-100160056-1-선거공보","제9회 전국동시지방선거","620260603","구·시·군의회의원선거","6","남구라선거구","서영태","100160056","더불어민주당","100","1","직장인","동서대학교 영상매스컴학부 졸업","1","선거공보","선거공보","candidate-doc:100160056:1","false","","false","","","current_unavailable_official_source","선거공보||||||0||HEIGHT||Y||||00","Current official API returned no downloadable PDF path."
"620260603-남구라선거구-100156680-1-선거공보","제9회 전국동시지방선거","620260603","구·시·군의회의원선거","6","남구라선거구","윤성록","100156680","국민의힘","200","2","정당인","부경대학교 경영대학원 졸업(경제학석사)","1","선거공보","선거공보","candidate-doc:100156680:1","false","","false","","","current_unavailable_official_source","선거공보||||||0||HEIGHT||Y||||00","Current official API returned no downloadable PDF path."
"620260603-남구마선거구-100156188-1-선거공보","제9회 전국동시지방선거","620260603","구·시·군의회의원선거","6","남구마선거구","이재호","100156188","더불어민주당","100","1","정당인","동명대학교 글로벌무역통상전공 졸업","1","선거공보","선거공보","candidate-doc:100156188:1","false","","false","","","current_unavailable_official_source","선거공보||||||0||HEIGHT||Y||||00","Current official API returned no downloadable PDF path."
"620260603-남구마선거구-100157938-1-선거공보","제9회 전국동시지방선거","620260603","구·시·군의회의원선거","6","남구마선거구","고선화","100157938","국민의힘","200","2","부산 남구의회 의원","국립부경대학교 글로벌정책대학원 석사과정 정치언론학과 재학중","1","선거공보","선거공보","candidate-doc:100157938:1","false","","false","","","current_unavailable_official_source","선거공보||||||0||HEIGHT||Y||||00","Current official API returned no downloadable PDF path."
"620260603-북구가선거구-100157785-1-선거공보","제9회 전국동시지방선거","620260603","구·시·군의회의원선거","6","북구가선거구","이영란","100157785","더불어민주당","100","1","(주)보고물류 대표이사","동아대학교 경영대학원 경영학과 석사과정 재학중","1","선거공보","선거공보","candidate-doc:100157785:1","false","","false","","","current_unavailable_official_source","선거공보||||||0||HEIGHT||Y||||00","Current official API returned no downloadable PDF path."
"620260603-북구가선거구-100162816-1-선거공보","제9회 전국동시지방선거","620260603","구·시·군의회의원선거","6","북구가선거구","김효원","100162816","더불어민주당","100","1","법무사장창영사무소 사무장","부일외국어고등학교 졸업","1","선거공보","선거공보","candidate-doc:100162816:1","false","","false","","","current_unavailable_official_source","선거공보||||||0||HEIGHT||Y||||00","Current official API returned no downloadable PDF path."
"620260603-북구가선거구-100160037-1-선거공보","제9회 전국동시지방선거","620260603","구·시·군의회의원선거","6","북구가선거구","김태식","100160037","국민의힘","200","2","북구의회의원","경성대학교 법학과 졸업","1","선거공보","선거공보","candidate-doc:100160037:1","false","","false","","","current_unavailable_official_source","선거공보||||||0||HEIGHT||Y||||00","Current official API returned no downloadable PDF path."
"620260603-북구가선거구-100161052-1-선거공보","제9회 전국동시지방선거","620260603","구·시·군의회의원선거","6","북구가선거구","김정방","100161052","국민의힘","200","2","북구의회의원","경남정보대학 사회복지과 졸업","1","선거공보","선거공보","candidate-doc:100161052:1","false","","false","","","current_unavailable_official_source","선거공보||||||0||HEIGHT||Y||||00","Current official API returned no downloadable PDF path."
"620260603-북구가선거구-100154403-1-선거공보","제9회 전국동시지방선거","620260603","구·시·군의회의원선거","6","북구가선거구","강인옥","100154403","무소속","9999","5","무직","경성대학교 대학원 행정학과 졸업","1","선거공보","선거공보","candidate-doc:100154403:1","false","","false","","","current_unavailable_official_source","선거공보||||||0||HEIGHT||Y||||00","Current official API returned no downloadable PDF path."
"620260603-북구나선거구-100158082-1-선거공보","제9회 전국동시지방선거","620260603","구·시·군의회의원선거","6","북구나선거구","임성배","100158082","더불어민주당","100","1","주식회사 남영이엔지 대표이사","인제대학교 경영학과 졸업","1","선거공보","선거공보","candidate-doc:100158082:1","false","","false","","","current_unavailable_official_source","선거공보||||||0||HEIGHT||Y||||00","Current official API returned no downloadable PDF path."
"620260603-북구나선거구-100154199-1-선거공보","제9회 전국동시지방선거","620260603","구·시·군의회의원선거","6","북구나선거구","손분연","100154199","더불어민주당","100","1","부산 북구의회의원","부산디지털대학교 외식산업경영학과 졸업","1","선거공보","선거공보","candidate-doc:100154199:1","false","","false","","","current_unavailable_official_source","선거공보||||||0||HEIGHT||Y||||00","Current official API returned no downloadable PDF path."
"620260603-북구나선거구-100161121-1-선거공보","제9회 전국동시지방선거","620260603","구·시·군의회의원선거","6","북구나선거구","박성진","100161121","국민의힘","200","2","직장인","서울디지털대학교 탐정학과 졸업","1","선거공보","선거공보","candidate-doc:100161121:1","false","","false","","","current_unavailable_official_source","선거공보||||||0||HEIGHT||Y||||00","Current official API returned no downloadable PDF path."
"620260603-북구나선거구-100161001-1-선거공보","제9회 전국동시지방선거","620260603","구·시·군의회의원선거","6","북구나선거구","김장수","100161001","국민의힘","200","2","북구의회 의원","동의대학교 부동산금융·자산경영학과 졸업","1","선거공보","선거공보","candidate-doc:100161001:1","false","","false","","","current_unavailable_official_source","선거공보||||||0||HEIGHT||Y||||00","Current official API returned no downloadable PDF path."
"620260603-북구나선거구-100156847-1-선거공보","제9회 전국동시지방선거","620260603","구·시·군의회의원선거","6","북구나선거구","백종학","100156847","무소속","9999","5","기업인","영남외국어대학 사회복지과 졸업","1","선거공보","선거공보","candidate-doc:100156847:1","false","","false","","","current_unavailable_official_source","선거공보||||||0||HEIGHT||Y||||00","Current official API returned no downloadable PDF path."
"620260603-북구다선거구-100158227-1-선거공보","제9회 전국동시지방선거","620260603","구·시·군의회의원선거","6","북구다선거구","하남욱","100158227","더불어민주당","100","1","북구의회의원","한국외국어대학교 행정학과 2학년 중퇴(1999.3~2000.10)","1","선거공보","선거공보","candidate-doc:100158227:1","false","","false","","","current_unavailable_official_source","선거공보||||||0||HEIGHT||Y||||00","Current official API returned no downloadable PDF path."
"620260603-북구다선거구-100157780-1-선거공보","제9회 전국동시지방선거","620260603","구·시·군의회의원선거","6","북구다선거구","박성복","100157780","무소속","9999","5","정당인","영산대학교 행정학과 졸업","1","선거공보","선거공보","candidate-doc:100157780:1","false","","false","","","current_unavailable_official_source","선거공보||||||0||HEIGHT||Y||||00","Current official API returned no downloadable PDF path."
"620260603-북구라선거구-100154409-1-선거공보","제9회 전국동시지방선거","620260603","구·시·군의회의원선거","6","북구라선거구","박원진","100154409","더불어민주당","100","1","정당인(더불어민주당 부산시당 부대변인)","인제대학교 가족소비자학사","1","선거공보","선거공보","candidate-doc:100154409:1","false","","false","","","current_unavailable_official_source","선거공보||||||0||HEIGHT||Y||||00","Current official API returned no downloadable PDF path."
"620260603-북구라선거구-100163562-1-선거공보","제9회 전국동시지방선거","620260603","구·시·군의회의원선거","6","북구라선거구","이주연","100163562","더불어민주당","100","1","회사원","경성대학교 기계메카트로닉스공학부 졸업","1","선거공보","선거공보","candidate-doc:100163562:1","false","","false","","","current_unavailable_official_source","선거공보||||||0||HEIGHT||Y||||00","Current official API returned no downloadable PDF path."
"620260603-북구라선거구-100163252-1-선거공보","제9회 전국동시지방선거","620260603","구·시·군의회의원선거","6","북구라선거구","조복남","100163252","국민의힘","200","2","정당인","신라대학교 사회복지대학원 사회복지학과 석사과정 재학중","1","선거공보","선거공보","candidate-doc:100163252:1","false","","false","","","current_unavailable_official_source","선거공보||||||0||HEIGHT||Y||||00","Current official API returned no downloadable PDF path."
"620260603-북구라선거구-100165739-1-선거공보","제9회 전국동시지방선거","620260603","구·시·군의회의원선거","6","북구라선거구","백순택","100165739","무소속","9999","5","화명넷공인중개사사무소 대표","울산대학교 전자계산학과 졸업","1","선거공보","선거공보","candidate-doc:100165739:1","false","","false","","","current_unavailable_official_source","선거공보||||||0||HEIGHT||Y||||00","Current official API returned no downloadable PDF path."
"620260603-북구라선거구-100157244-1-선거공보","제9회 전국동시지방선거","620260603","구·시·군의회의원선거","6","북구라선거구","정기수","100157244","무소속","9999","6","부산시 북구 의회 의장","동의대학교 국가안전정책대학원 정책학석사","1","선거공보","선거공보","candidate-doc:100157244:1","false","","false","","","current_unavailable_official_source","선거공보||||||0||HEIGHT||Y||||00","Current official API returned no downloadable PDF path."
"620260603-해운대구라선거구-100160029-1-선거공보","제9회 전국동시지방선거","620260603","구·시·군의회의원선거","6","해운대구라선거구","김미희","100160029","더불어민주당","100","1","해운대구의원","부경대학교 글로벌정책대학원 졸업(국제지역학석사)","1","선거공보","선거공보","candidate-doc:100160029:1","false","","false","","","current_unavailable_official_source","선거공보||||||0||HEIGHT||Y||||00","Current official API returned no downloadable PDF path."
"620260603-해운대구라선거구-100163008-1-선거공보","제9회 전국동시지방선거","620260603","구·시·군의회의원선거","6","해운대구라선거구","서창우","100163008","국민의힘","200","2","해운대구의회의원","영산대학교 법무경영대학원 법학석사(일반법무) 졸업","1","선거공보","선거공보","candidate-doc:100163008:1","false","","false","","","current_unavailable_official_source","선거공보||||||0||HEIGHT||Y||||00","Current official API returned no downloadable PDF path."
"620260603-해운대구마선거구-100156715-1-선거공보","제9회 전국동시지방선거","620260603","구·시·군의회의원선거","6","해운대구마선거구","마준영","100156715","더불어민주당","100","1","DK안전 기획실장","동명대학교 글로벌문화콘텐츠학과 졸업","1","선거공보","선거공보","candidate-doc:100156715:1","false","","false","","","current_unavailable_official_source","선거공보||||||0||HEIGHT||Y||||00","Current official API returned no downloadable PDF path."
"620260603-해운대구마선거구-100158735-1-선거공보","제9회 전국동시지방선거","620260603","구·시·군의회의원선거","6","해운대구마선거구","박기훈","100158735","국민의힘","200","2","해운대구의회의원","동서대학교 일반대학원 졸업(관광학석사)","1","선거공보","선거공보","candidate-doc:100158735:1","false","","false","","","current_unavailable_official_source","선거공보||||||0||HEIGHT||Y||||00","Current official API returned no downloadable PDF path."
"620260603-해운대구바선거구-100157171-1-선거공보","제9회 전국동시지방선거","620260603","구·시·군의회의원선거","6","해운대구바선거구","공기순","100157171","더불어민주당","100","1","정당인","부산대학교 행정대학원 졸업 (행정학석사)","1","선거공보","선거공보","candidate-doc:100157171:1","false","","false","","","current_unavailable_official_source","선거공보||||||0||HEIGHT||Y||||00","Current official API returned no downloadable PDF path."
"620260603-해운대구바선거구-100161177-1-선거공보","제9회 전국동시지방선거","620260603","구·시·군의회의원선거","6","해운대구바선거구","장성철","100161177","국민의힘","200","2","해운대구의회의원(의장)","영산대학교 법률학과 졸업","1","선거공보","선거공보","candidate-doc:100161177:1","false","","false","","","current_unavailable_official_source","선거공보||||||0||HEIGHT||Y||||00","Current official API returned no downloadable PDF path."
"620260603-금정구나선거구-100155533-1-선거공보","제9회 전국동시지방선거","620260603","구·시·군의회의원선거","6","금정구나선거구","이승진","100155533","더불어민주당","100","1","주식회사 어흥 대표이사","부산대학교 대학원 한국음악학과 현악.성악 전공 석사과정 수료","1","선거공보","선거공보","candidate-doc:100155533:1","false","","false","","","current_unavailable_official_source","선거공보||||||0||HEIGHT||Y||||00","Current official API returned no downloadable PDF path."
"620260603-금정구나선거구-100161662-1-선거공보","제9회 전국동시지방선거","620260603","구·시·군의회의원선거","6","금정구나선거구","강재호","100161662","국민의힘","200","2","금정구의회의원","경남대학교 기계설계학과 졸업","1","선거공보","선거공보","candidate-doc:100161662:1","false","","false","","","current_unavailable_official_source","선거공보||||||0||HEIGHT||Y||||00","Current official API returned no downloadable PDF path."
"620260603-수영구가선거구-100158391-1-선거공보","제9회 전국동시지방선거","620260603","구·시·군의회의원선거","6","수영구가선거구","조선민","100158391","더불어민주당","100","1","수영구의회의원","부산대학교 경제통상대학원 졸업(공공정책학 석사)","1","선거공보","선거공보","candidate-doc:100158391:1","false","","false","","","current_unavailable_official_source","선거공보||||||0||HEIGHT||Y||||00","Current official API returned no downloadable PDF path."
"620260603-수영구가선거구-100161144-1-선거공보","제9회 전국동시지방선거","620260603","구·시·군의회의원선거","6","수영구가선거구","권창환","100161144","국민의힘","200","2","유노아이티 대표이사","동명대학교 대학원 수료(경영학 박사)","1","선거공보","선거공보","candidate-doc:100161144:1","false","","false","","","current_unavailable_official_source","선거공보||||||0||HEIGHT||Y||||00","Current official API returned no downloadable PDF path."
"620260603-수영구나선거구-100157850-1-선거공보","제9회 전국동시지방선거","620260603","구·시·군의회의원선거","6","수영구나선거구","이나견","100157850","더불어민주당","100","1","정당인","부산대학교 대학원 예술·문화와 영상매체협동과정 석사과정 수료","1","선거공보","선거공보","candidate-doc:100157850:1","false","","false","","","current_unavailable_official_source","선거공보||||||0||HEIGHT||Y||||00","Current official API returned no downloadable PDF path."
"620260603-수영구나선거구-100161932-1-선거공보","제9회 전국동시지방선거","620260603","구·시·군의회의원선거","6","수영구나선거구","최승호","100161932","무소속","9999","5","자영업","동아대학교 체육학과 졸업","1","선거공보","선거공보","candidate-doc:100161932:1","false","","false","","","current_unavailable_official_source","선거공보||||||0||HEIGHT||Y||||00","Current official API returned no downloadable PDF path."
"620260603-수영구다선거구-100157695-1-선거공보","제9회 전국동시지방선거","620260603","구·시·군의회의원선거","6","수영구다선거구","윤정환","100157695","더불어민주당","100","1","수영구의회 의원","부산대학교 경영대학원 졸업(경영학석사)","1","선거공보","선거공보","candidate-doc:100157695:1","false","","false","","","current_unavailable_official_source","선거공보||||||0||HEIGHT||Y||||00","Current official API returned no downloadable PDF path."
"620260603-수영구다선거구-100161088-1-선거공보","제9회 전국동시지방선거","620260603","구·시·군의회의원선거","6","수영구다선거구","김태성","100161088","국민의힘","200","2","수영구의회의원","부산대학교 행정대학원 행정학과 석사과정(휴학)","1","선거공보","선거공보","candidate-doc:100161088:1","false","","false","","","current_unavailable_official_source","선거공보||||||0||HEIGHT||Y||||00","Current official API returned no downloadable PDF path."
"620260603-수영구라선거구-100161680-1-선거공보","제9회 전국동시지방선거","620260603","구·시·군의회의원선거","6","수영구라선거구","김동욱","100161680","국민의힘","200","2","정당인","영재학교 대구과학고등학교 졸업","1","선거공보","선거공보","candidate-doc:100161680:1","false","","false","","","current_unavailable_official_source","선거공보||||||0||HEIGHT||Y||||00","Current official API returned no downloadable PDF path."
"620260603-수영구라선거구-100162214-1-선거공보","제9회 전국동시지방선거","620260603","구·시·군의회의원선거","6","수영구라선거구","서동욱","100162214","정의당","730","5","정당인","동의대학교 자연과학대학 수학과 졸업","1","선거공보","선거공보","candidate-doc:100162214:1","false","","false","","","current_unavailable_official_source","선거공보||||||0||HEIGHT||Y||||00","Current official API returned no downloadable PDF path."
"620260603-수영구라선거구-100162911-1-선거공보","제9회 전국동시지방선거","620260603","구·시·군의회의원선거","6","수영구라선거구","김종근","100162911","무소속","9999","6","충효태권도 관장","동명대학 생활체육과 졸업","1","선거공보","선거공보","candidate-doc:100162911:1","false","","false","","","current_unavailable_official_source","선거공보||||||0||HEIGHT||Y||||00","Current official API returned no downloadable PDF path."
"620260603-사상구라선거구-100160407-1-선거공보","제9회 전국동시지방선거","620260603","구·시·군의회의원선거","6","사상구라선거구","황수진","100160407","더불어민주당","100","1","사상구의회의원","한국방송통신대학교 생활과학부(식품영양학전공) 졸업","1","선거공보","선거공보","candidate-doc:100160407:1","false","","false","","","current_unavailable_official_source","선거공보||||||0||HEIGHT||Y||||00","Current official API returned no downloadable PDF path."
"620260603-사상구라선거구-100161106-1-선거공보","제9회 전국동시지방선거","620260603","구·시·군의회의원선거","6","사상구라선거구","김진순","100161106","국민의힘","200","2","주부","한국방송통신대학교 국어국문학과 졸업","1","선거공보","선거공보","candidate-doc:100161106:1","false","","false","","","current_unavailable_official_source","선거공보||||||0||HEIGHT||Y||||00","Current official API returned no downloadable PDF path."
"620260603-북구가선거구-100154834-1-선거공보","제9회 전국동시지방선거","620260603","구·시·군의회의원선거","6","북구가선거구","안경완","100154834","더불어민주당","100","1","정당인","경북대학교 행정대학원 정책, 도시전공(석사) 졸업","1","선거공보","선거공보","candidate-doc:100154834:1","false","","false","","","current_unavailable_official_source","선거공보||||||0||HEIGHT||Y||||00","Current official API returned no downloadable PDF path."
"620260603-북구가선거구-100162055-1-선거공보","제9회 전국동시지방선거","620260603","구·시·군의회의원선거","6","북구가선거구","임수환","100162055","국민의힘","200","2","(주)기아 오토큐 고성점 대표","영남전문대학(현 영남이공대학교)자동차과 졸업","1","선거공보","선거공보","candidate-doc:100162055:1","false","","false","","","current_unavailable_official_source","선거공보||||||0||HEIGHT||Y||||00","Current official API returned no downloadable PDF path."
"620260603-북구다선거구-100160545-1-선거공보","제9회 전국동시지방선거","620260603","구·시·군의회의원선거","6","북구다선거구","황귀주","100160545","더불어민주당","100","1","자영업자","대구교육대학교 교육대학원 교육학 석사과정 1학기 재학중","1","선거공보","선거공보","candidate-doc:100160545:1","false","","false","","","current_unavailable_official_source","선거공보||||||0||HEIGHT||Y||||00","Current official API returned no downloadable PDF path."
"620260603-북구다선거구-100162092-1-선거공보","제9회 전국동시지방선거","620260603","구·시·군의회의원선거","6","북구다선거구","서상훈","100162092","국민의힘","200","2","북구의회의원","경북산업대학교(현 경일대학교) 산업공학과 졸업","1","선거공보","선거공보","candidate-doc:100162092:1","false","","false","","","current_unavailable_official_source","선거공보||||||0||HEIGHT||Y||||00","Current official API returned no downloadable PDF path."
"620260603-북구다선거구-100162101-1-선거공보","제9회 전국동시지방선거","620260603","구·시·군의회의원선거","6","북구다선거구","이성근","100162101","국민의힘","200","2","북구의회의원","한국방송통신대학교 보건환경안전학과 졸업","1","선거공보","선거공보","candidate-doc:100162101:1","false","","false","","","current_unavailable_official_source","선거공보||||||0||HEIGHT||Y||||00","Current official API returned no downloadable PDF path."
"620260603-북구라선거구-100161469-1-선거공보","제9회 전국동시지방선거","620260603","구·시·군의회의원선거","6","북구라선거구","한상열","100161469","더불어민주당","100","1","송림농원 대표","경북대학교 대학원 임학과 졸업(농학석사)","1","선거공보","선거공보","candidate-doc:100161469:1","false","","false","","","current_unavailable_official_source","선거공보||||||0||HEIGHT||Y||||00","Current official API returned no downloadable PDF path."
"620260603-북구라선거구-100162177-1-선거공보","제9회 전국동시지방선거","620260603","구·시·군의회의원선거","6","북구라선거구","이현수","100162177","국민의힘","200","2","북구의회의원","대구한의대학교 대학원 졸업(평생교육학 석사)","1","선거공보","선거공보","candidate-doc:100162177:1","false","","false","","","current_unavailable_official_source","선거공보||||||0||HEIGHT||Y||||00","Current official API returned no downloadable PDF path."
"620260603-달서구가선거구-100163376-1-선거공보","제9회 전국동시지방선거","620260603","구·시·군의회의원선거","6","달서구가선거구","이신자","100163376","더불어민주당","100","1","정당인","계명대학교 대학원 행정학석사 졸업","1","선거공보","선거공보","candidate-doc:100163376:1","false","","false","","","current_unavailable_official_source","선거공보||||||0||HEIGHT||Y||||00","Current official API returned no downloadable PDF path."
"620260603-달서구가선거구-100156484-1-선거공보","제9회 전국동시지방선거","620260603","구·시·군의회의원선거","6","달서구가선거구","정달호","100156484","국민의힘","200","2","정당인","서울사이버대학교 심리상담학부 군경상담학과 졸업","1","선거공보","선거공보","candidate-doc:100156484:1","false","","false","","","current_unavailable_official_source","선거공보||||||0||HEIGHT||Y||||00","Current official API returned no downloadable PDF path."
"620260603-달서구나선거구-100158145-1-선거공보","제9회 전국동시지방선거","620260603","구·시·군의회의원선거","6","달서구나선거구","구백림","100158145","더불어민주당","100","1","회사원","대구대학교 간호보건학부 보건행정학사","1","선거공보","선거공보","candidate-doc:100158145:1","false","","false","","","current_unavailable_official_source","선거공보||||||0||HEIGHT||Y||||00","Current official API returned no downloadable PDF path."
"620260603-달서구나선거구-100157736-1-선거공보","제9회 전국동시지방선거","620260603","구·시·군의회의원선거","6","달서구나선거구","황국주","100157736","국민의힘","200","2","달서구의원","대구가톨릭대학교 복지서비스학과 졸업","1","선거공보","선거공보","candidate-doc:100157736:1","false","","false","","","current_unavailable_official_source","선거공보||||||0||HEIGHT||Y||||00","Current official API returned no downloadable PDF path."
"620260603-영종구가선거구-100155527-1-선거공보","제9회 전국동시지방선거","620260603","구·시·군의회의원선거","6","영종구가선거구","최미자","100155527","더불어민주당","100","1","정당인","한국방송통신대학교 국어국문학과 졸업","1","선거공보","선거공보","candidate-doc:100155527:1","false","","false","","","current_unavailable_official_source","선거공보||||||0||HEIGHT||Y||||00","Current official API returned no downloadable PDF path."
"620260603-영종구가선거구-100160975-1-선거공보","제9회 전국동시지방선거","620260603","구·시·군의회의원선거","6","영종구가선거구","손은비","100160975","국민의힘","200","2","인천광역시 중구의회 의원","강남대학교 경영관리대학 세무학과 졸업(경영학사)","1","선거공보","선거공보","candidate-doc:100160975:1","false","","false","","","current_unavailable_official_source","선거공보||||||0||HEIGHT||Y||||00","Current official API returned no downloadable PDF path."
"620260603-미추홀구가선거구-100156143-1-선거공보","제9회 전국동시지방선거","620260603","구·시·군의회의원선거","6","미추홀구가선거구","김경순","100156143","더불어민주당","100","1","정당인","숭실사이버대학교 노인복지학과 졸업(사회복지학사)","1","선거공보","선거공보","candidate-doc:100156143:1","false","","false","","","current_unavailable_official_source","선거공보||||||0||HEIGHT||Y||||00","Current official API returned no downloadable PDF path."
"620260603-미추홀구가선거구-100163549-1-선거공보","제9회 전국동시지방선거","620260603","구·시·군의회의원선거","6","미추홀구가선거구","김재원","100163549","국민의힘","200","2","미추홀구의회의원","동국대학교 행정대학원 사회복지학과 졸업(사회복지학석사)","1","선거공보","선거공보","candidate-doc:100163549:1","false","","false","","","current_unavailable_official_source","선거공보||||||0||HEIGHT||Y||||00","Current official API returned no downloadable PDF path."
"620260603-미추홀구가선거구-100165854-1-선거공보","제9회 전국동시지방선거","620260603","구·시·군의회의원선거","6","미추홀구가선거구","이지용","100165854","국민의힘","200","2","자영업자","광성고등학교 졸업","1","선거공보","선거공보","candidate-doc:100165854:1","false","","false","","","current_unavailable_official_source","선거공보||||||0||HEIGHT||Y||||00","Current official API returned no downloadable PDF path."
"620260603-미추홀구다선거구-100160454-1-선거공보","제9회 전국동시지방선거","620260603","구·시·군의회의원선거","6","미추홀구다선거구","김수경","100160454","국민의힘","200","2","정당인","덕성여자대학교 교육대학원 졸업 (교육학 석사)","1","선거공보","선거공보","candidate-doc:100160454:1","false","","false","","","current_unavailable_official_source","선거공보||||||0||HEIGHT||Y||||00","Current official API returned no downloadable PDF path."
"620260603-연수구마선거구-100156743-1-선거공보","제9회 전국동시지방선거","620260603","구·시·군의회의원선거","6","연수구마선거구","한지혜","100156743","더불어민주당","100","1","정당인","호서대학교 대학원 골프학과 졸업 (체육학 석사)","1","선거공보","선거공보","candidate-doc:100156743:1","false","","false","","","current_unavailable_official_source","선거공보||||||0||HEIGHT||Y||||00","Current official API returned no downloadable PDF path."
"620260603-연수구마선거구-100155722-1-선거공보","제9회 전국동시지방선거","620260603","구·시·군의회의원선거","6","연수구마선거구","정민균","100155722","국민의힘","200","2","자영업(오왓대표)","정석항공공업고등학교 졸업((현) 정석항공과학고등학교)","1","선거공보","선거공보","candidate-doc:100155722:1","false","","false","","","current_unavailable_official_source","선거공보||||||0||HEIGHT||Y||||00","Current official API returned no downloadable PDF path."
"620260603-부평구가선거구-100157146-1-선거공보","제9회 전국동시지방선거","620260603","구·시·군의회의원선거","6","부평구가선거구","조한결","100157146","더불어민주당","100","1","정당인","한세대학교 인문 · 사회과학부 미디어영상광고학과 졸업","1","선거공보","선거공보","candidate-doc:100157146:1","false","","false","","","current_unavailable_official_source","선거공보||||||0||HEIGHT||Y||||00","Current official API returned no downloadable PDF path."
"620260603-부평구가선거구-100159024-1-선거공보","제9회 전국동시지방선거","620260603","구·시·군의회의원선거","6","부평구가선거구","장수연","100159024","국민의힘","200","2","무직","인하대학교 불어불문학과 졸업","1","선거공보","선거공보","candidate-doc:100159024:1","false","","false","","","current_unavailable_official_source","선거공보||||||0||HEIGHT||Y||||00","Current official API returned no downloadable PDF path."
"620260603-부평구나선거구-100157164-1-선거공보","제9회 전국동시지방선거","620260603","구·시·군의회의원선거","6","부평구나선거구","이제욱","100157164","더불어민주당","100","1","부평컬러팩토리 대표","경기공업대학(현 경기과학기술대학교) 정밀기계시스템과 졸업","1","선거공보","선거공보","candidate-doc:100157164:1","false","","false","","","current_unavailable_official_source","선거공보||||||0||HEIGHT||Y||||00","Current official API returned no downloadable PDF path."
"620260603-부평구나선거구-100160852-1-선거공보","제9회 전국동시지방선거","620260603","구·시·군의회의원선거","6","부평구나선거구","남성훈","100160852","더불어민주당","100","1","자영업","재능대학(현 재능대학교) 경영계열 중국비즈니스전공(야) 졸업","1","선거공보","선거공보","candidate-doc:100160852:1","false","","false","","","current_unavailable_official_source","선거공보||||||0||HEIGHT||Y||||00","Current official API returned no downloadable PDF path."
"620260603-부평구나선거구-100158746-1-선거공보","제9회 전국동시지방선거","620260603","구·시·군의회의원선거","6","부평구나선거구","여명자","100158746","국민의힘","200","2","부평구의회의원","서울사이버대학교 사회복지대학 4학년 재학중","1","선거공보","선거공보","candidate-doc:100158746:1","false","","false","","","current_unavailable_official_source","선거공보||||||0||HEIGHT||Y||||00","Current official API returned no downloadable PDF path."
"620260603-부평구다선거구-100158236-1-선거공보","제9회 전국동시지방선거","620260603","구·시·군의회의원선거","6","부평구다선거구","김보식","100158236","더불어민주당","100","1","유통물류업","인하대학교 공과대학 전자계산학과 (현 컴퓨터공학과) 졸업","1","선거공보","선거공보","candidate-doc:100158236:1","false","","false","","","current_unavailable_official_source","선거공보||||||0||HEIGHT||Y||||00","Current official API returned no downloadable PDF path."
"620260603-부평구다선거구-100157072-1-선거공보","제9회 전국동시지방선거","620260603","구·시·군의회의원선거","6","부평구다선거구","임규이","100157072","더불어민주당","100","1","정당인","인하대학교 금융투자학과 재학중","1","선거공보","선거공보","candidate-doc:100157072:1","false","","false","","","current_unavailable_official_source","선거공보||||||0||HEIGHT||Y||||00","Current official API returned no downloadable PDF path."
"620260603-부평구다선거구-100158545-1-선거공보","제9회 전국동시지방선거","620260603","구·시·군의회의원선거","6","부평구다선거구","김동규","100158545","국민의힘","200","2","정당인","동국대학교 고고미술사학과 졸업","1","선거공보","선거공보","candidate-doc:100158545:1","false","","false","","","current_unavailable_official_source","선거공보||||||0||HEIGHT||Y||||00","Current official API returned no downloadable PDF path."
"620260603-부평구마선거구-100154760-1-선거공보","제9회 전국동시지방선거","620260603","구·시·군의회의원선거","6","부평구마선거구","박성미","100154760","더불어민주당","100","1","정당인","한국방송통신대학교 청소년교육복지상담학과 졸업","1","선거공보","선거공보","candidate-doc:100154760:1","false","","false","","","current_unavailable_official_source","선거공보||||||0||HEIGHT||Y||||00","Current official API returned no downloadable PDF path."
"620260603-부평구마선거구-100160601-1-선거공보","제9회 전국동시지방선거","620260603","구·시·군의회의원선거","6","부평구마선거구","김진웅","100160601","국민의힘","200","2","배론원격평생교육원 지도교수","서울시립대학교 대학원 사회복지학과 졸업(사회복지학박사)","1","선거공보","선거공보","candidate-doc:100160601:1","false","","false","","","current_unavailable_official_source","선거공보||||||0||HEIGHT||Y||||00","Current official API returned no downloadable PDF path."
"620260603-부평구바선거구-100154962-1-선거공보","제9회 전국동시지방선거","620260603","구·시·군의회의원선거","6","부평구바선거구","김환연","100154962","더불어민주당","100","1","정치인","한국방송통신대학교 법학과 졸업","1","선거공보","선거공보","candidate-doc:100154962:1","false","","false","","","current_unavailable_official_source","선거공보||||||0||HEIGHT||Y||||00","Current official API returned no downloadable PDF path."
"620260603-부평구바선거구-100157698-1-선거공보","제9회 전국동시지방선거","620260603","구·시·군의회의원선거","6","부평구바선거구","허정미","100157698","더불어민주당","100","1","부평구의회의원","대한신학대학원대학교 사회복지학 전공 졸업(철학박사)","1","선거공보","선거공보","candidate-doc:100157698:1","false","","false","","","current_unavailable_official_source","선거공보||||||0||HEIGHT||Y||||00","Current official API returned no downloadable PDF path."
"620260603-부평구바선거구-100159307-1-선거공보","제9회 전국동시지방선거","620260603","구·시·군의회의원선거","6","부평구바선거구","윤구영","100159307","국민의힘","200","2","제9대 부평구의회 의원","단국대학교 부동산·건설대학원 졸업(부동산학석사)","1","선거공보","선거공보","candidate-doc:100159307:1","false","","false","","","current_unavailable_official_source","선거공보||||||0||HEIGHT||Y||||00","Current official API returned no downloadable PDF path."
"620260603-계양구다선거구-100157641-1-선거공보","제9회 전국동시지방선거","620260603","구·시·군의회의원선거","6","계양구다선거구","박지상","100157641","더불어민주당","100","1","정당인","인천대학교 정책대학원 정치외교학과 재학중(석사과정 제3차)","1","선거공보","선거공보","candidate-doc:100157641:1","false","","false","","","current_unavailable_official_source","선거공보||||||0||HEIGHT||Y||||00","Current official API returned no downloadable PDF path."
"620260603-계양구다선거구-100165234-1-선거공보","제9회 전국동시지방선거","620260603","구·시·군의회의원선거","6","계양구다선거구","이상호","100165234","국민의힘","200","2","전진교역(주) 부사장","인하대학교 경영대학원 경영학과 졸업(경영학석사)","1","선거공보","선거공보","candidate-doc:100165234:1","false","","false","","","current_unavailable_official_source","선거공보||||||0||HEIGHT||Y||||00","Current official API returned no downloadable PDF path."
"620260603-서구가선거구-100154163-1-선거공보","제9회 전국동시지방선거","620260603","구·시·군의회의원선거","6","서구가선거구","이기성","100154163","더불어민주당","100","1","정당인","호남대학교 행정학과 3학년 재학중","1","선거공보","선거공보","candidate-doc:100154163:1","false","","false","","","current_unavailable_official_source","선거공보||||||0||HEIGHT||Y||||00","Current official API returned no downloadable PDF path."
"620260603-서구가선거구-100157532-1-선거공보","제9회 전국동시지방선거","620260603","구·시·군의회의원선거","6","서구가선거구","김수영","100157532","더불어민주당","100","1","서구의회의원","전남대학교 행정대학원 행정학과 졸업(행정학 석사)","1","선거공보","선거공보","candidate-doc:100157532:1","false","","false","","","current_unavailable_official_source","선거공보||||||0||HEIGHT||Y||||00","Current official API returned no downloadable PDF path."
"620260603-서구가선거구-100156698-1-선거공보","제9회 전국동시지방선거","620260603","구·시·군의회의원선거","6","서구가선거구","양하길","100156698","더불어민주당","100","1","정당인","전남대학교 일반대학원 세계한민족네트워크협동과정 박사과정 수료","1","선거공보","선거공보","candidate-doc:100156698:1","false","","false","","","current_unavailable_official_source","선거공보||||||0||HEIGHT||Y||||00","Current official API returned no downloadable PDF path."
"620260603-서구가선거구-100157381-1-선거공보","제9회 전국동시지방선거","620260603","구·시·군의회의원선거","6","서구가선거구","노윤섭","100157381","조국혁신당","5077","3","(주)끌로하다 대표","광주대학교 인문사회대학 문헌정보학과 졸업","1","선거공보","선거공보","candidate-doc:100157381:1","false","","false","","","current_unavailable_official_source","선거공보||||||0||HEIGHT||Y||||00","Current official API returned no downloadable PDF path."
"620260603-서구가선거구-100154287-1-선거공보","제9회 전국동시지방선거","620260603","구·시·군의회의원선거","6","서구가선거구","기춘희","100154287","진보당","5010","5","정당인","호남대학교 미디어영상공연학과 졸업","1","선거공보","선거공보","candidate-doc:100154287:1","false","","false","","","current_unavailable_official_source","선거공보||||||0||HEIGHT||Y||||00","Current official API returned no downloadable PDF path."
"620260603-서구나선거구-100156324-1-선거공보","제9회 전국동시지방선거","620260603","구·시·군의회의원선거","6","서구나선거구","양인기","100156324","더불어민주당","100","1","월드정보 대표","전남대학교 일반대학원 정치학과 석사과정 1학년 재학중","1","선거공보","선거공보","candidate-doc:100156324:1","false","","false","","","current_unavailable_official_source","선거공보||||||0||HEIGHT||Y||||00","Current official API returned no downloadable PDF path."
"620260603-서구나선거구-100156851-1-선거공보","제9회 전국동시지방선거","620260603","구·시·군의회의원선거","6","서구나선거구","오병관","100156851","더불어민주당","100","1","정당인","법학사(법학전공)","1","선거공보","선거공보","candidate-doc:100156851:1","false","","false","","","current_unavailable_official_source","선거공보||||||0||HEIGHT||Y||||00","Current official API returned no downloadable PDF path."
"620260603-서구나선거구-100158479-1-선거공보","제9회 전국동시지방선거","620260603","구·시·군의회의원선거","6","서구나선거구","임성화","100158479","더불어민주당","100","1","광주광역시 서구의회의원","조선대학교 행정학과 졸업","1","선거공보","선거공보","candidate-doc:100158479:1","false","","false","","","current_unavailable_official_source","선거공보||||||0||HEIGHT||Y||||00","Current official API returned no downloadable PDF path."
"620260603-서구나선거구-100154196-1-선거공보","제9회 전국동시지방선거","620260603","구·시·군의회의원선거","6","서구나선거구","이은주","100154196","진보당","5010","5","정당인","경희대학교 외국어대학 중어중문학과 졸업","1","선거공보","선거공보","candidate-doc:100154196:1","false","","false","","","current_unavailable_official_source","선거공보||||||0||HEIGHT||Y||||00","Current official API returned no downloadable PDF path."
"620260603-서구나선거구-100161381-1-선거공보","제9회 전국동시지방선거","620260603","구·시·군의회의원선거","6","서구나선거구","오광록","100161381","무소속","9999","6","서구의회의원","전남대학교 행정대학원 행정학과 졸업(행정학 석사)","1","선거공보","선거공보","candidate-doc:100161381:1","false","","false","","","current_unavailable_official_source","선거공보||||||0||HEIGHT||Y||||00","Current official API returned no downloadable PDF path."
"620260603-서구다선거구-100162877-1-선거공보","제9회 전국동시지방선거","620260603","구·시·군의회의원선거","6","서구다선거구","김인성","100162877","더불어민주당","100","1","회사원","초당대학교 사회복지학과 졸업","1","선거공보","선거공보","candidate-doc:100162877:1","false","","false","","","current_unavailable_official_source","선거공보||||||0||HEIGHT||Y||||00","Current official API returned no downloadable PDF path."
"620260603-서구다선거구-100157609-1-선거공보","제9회 전국동시지방선거","620260603","구·시·군의회의원선거","6","서구다선거구","백종한","100157609","더불어민주당","100","1","서구의회의원","목포대학교 일반대학원 법학과 전공 졸업(법학박사)","1","선거공보","선거공보","candidate-doc:100157609:1","false","","false","","","current_unavailable_official_source","선거공보||||||0||HEIGHT||Y||||00","Current official API returned no downloadable PDF path."
"620260603-서구다선거구-100163358-1-선거공보","제9회 전국동시지방선거","620260603","구·시·군의회의원선거","6","서구다선거구","최정애","100163358","더불어민주당","100","1","정당인","조선대학교 대학원 사회복지학과 박사과정 재학","1","선거공보","선거공보","candidate-doc:100163358:1","false","","false","","","current_unavailable_official_source","선거공보||||||0||HEIGHT||Y||||00","Current official API returned no downloadable PDF path."
"620260603-서구다선거구-100163903-1-선거공보","제9회 전국동시지방선거","620260603","구·시·군의회의원선거","6","서구다선거구","이동춘","100163903","무소속","9999","5","무직","광운대학교 환경대학원 석사학위과정 수료(재난안전관리 전공)","1","선거공보","선거공보","candidate-doc:100163903:1","false","","false","","","current_unavailable_official_source","선거공보||||||0||HEIGHT||Y||||00","Current official API returned no downloadable PDF path."
"620260603-서구라선거구-100155782-1-선거공보","제9회 전국동시지방선거","620260603","구·시·군의회의원선거","6","서구라선거구","오지은","100155782","더불어민주당","100","1","정당인","목포대학교 교육대학원 석사과정 교육학과 영어교육전공 수료","1","선거공보","선거공보","candidate-doc:100155782:1","false","","false","","","current_unavailable_official_source","선거공보||||||0||HEIGHT||Y||||00","Current official API returned no downloadable PDF path."
"620260603-서구라선거구-100154579-1-선거공보","제9회 전국동시지방선거","620260603","구·시·군의회의원선거","6","서구라선거구","김유안","100154579","더불어민주당","100","1","지인교육컨설팅 대표","광주교육대학교 대학원 교육학 석사","1","선거공보","선거공보","candidate-doc:100154579:1","false","","false","","","current_unavailable_official_source","선거공보||||||0||HEIGHT||Y||||00","Current official API returned no downloadable PDF path."
"620260603-서구라선거구-100157080-1-선거공보","제9회 전국동시지방선거","620260603","구·시·군의회의원선거","6","서구라선거구","박영숙","100157080","더불어민주당","100","1","정당인","전남대학교 정책대학원 일반행정전공 행정학 석사","1","선거공보","선거공보","candidate-doc:100157080:1","false","","false","","","current_unavailable_official_source","선거공보||||||0||HEIGHT||Y||||00","Current official API returned no downloadable PDF path."
"620260603-서구라선거구-100157500-1-선거공보","제9회 전국동시지방선거","620260603","구·시·군의회의원선거","6","서구라선거구","김훈중","100157500","조국혁신당","5077","3","사업가","송원대학 자동차과 졸업","1","선거공보","선거공보","candidate-doc:100157500:1","false","","false","","","current_unavailable_official_source","선거공보||||||0||HEIGHT||Y||||00","Current official API returned no downloadable PDF path."
"620260603-서구라선거구-100154285-1-선거공보","제9회 전국동시지방선거","620260603","구·시·군의회의원선거","6","서구라선거구","고기담","100154285","진보당","5010","5","정당인","조선대학교 경상대학 회계학과 졸업","1","선거공보","선거공보","candidate-doc:100154285:1","false","","false","","","current_unavailable_official_source","선거공보||||||0||HEIGHT||Y||||00","Current official API returned no downloadable PDF path."
"620260603-서구라선거구-100157333-1-선거공보","제9회 전국동시지방선거","620260603","구·시·군의회의원선거","6","서구라선거구","김옥수","100157333","무소속","9999","6","서구의회의원","조선대학교 공과대학 기계설계공학과 졸업","1","선거공보","선거공보","candidate-doc:100157333:1","false","","false","","","current_unavailable_official_source","선거공보||||||0||HEIGHT||Y||||00","Current official API returned no downloadable PDF path."
"620260603-북구다선거구-100155883-1-선거공보","제9회 전국동시지방선거","620260603","구·시·군의회의원선거","6","북구다선거구","이재봉","100155883","더불어민주당","100","1","건양사이버대학교 겸임교수","조선대학교 대학원 특수교육학과 졸업(교육학박사)","1","선거공보","선거공보","candidate-doc:100155883:1","false","","false","","","current_unavailable_official_source","선거공보||||||0||HEIGHT||Y||||00","Current official API returned no downloadable PDF path."
"620260603-북구다선거구-100158363-1-선거공보","제9회 전국동시지방선거","620260603","구·시·군의회의원선거","6","북구다선거구","최기영","100158363","더불어민주당","100","1","광주광역시 북구의회의원","조선대학교 법학과 졸업","1","선거공보","선거공보","candidate-doc:100158363:1","false","","false","","","current_unavailable_official_source","선거공보||||||0||HEIGHT||Y||||00","Current official API returned no downloadable PDF path."
"620260603-북구다선거구-100157719-1-선거공보","제9회 전국동시지방선거","620260603","구·시·군의회의원선거","6","북구다선거구","김영순","100157719","더불어민주당","100","1","북구의회의원","국가평생교육진흥원 가정전문학사학위 취득","1","선거공보","선거공보","candidate-doc:100157719:1","false","","false","","","current_unavailable_official_source","선거공보||||||0||HEIGHT||Y||||00","Current official API returned no downloadable PDF path."
"620260603-광산구라선거구-100163224-1-선거공보","제9회 전국동시지방선거","620260603","구·시·군의회의원선거","6","광산구라선거구","윤영일","100163224","더불어민주당","100","1","정당인","전남대학교 농업생명과학대학 산림자원조경학부 임학전공 졸업","1","선거공보","선거공보","candidate-doc:100163224:1","false","","false","","","current_unavailable_official_source","선거공보||||||0||HEIGHT||Y||||00","Current official API returned no downloadable PDF path."
"620260603-광산구라선거구-100162293-1-선거공보","제9회 전국동시지방선거","620260603","구·시·군의회의원선거","6","광산구라선거구","이우형","100162293","더불어민주당","100","1","광산구의회의원","호남대학교 대학원 경영학과 졸업(경영학 석사)","1","선거공보","선거공보","candidate-doc:100162293:1","false","","false","","","current_unavailable_official_source","선거공보||||||0||HEIGHT||Y||||00","Current official API returned no downloadable PDF path."
"620260603-광산구라선거구-100154987-1-선거공보","제9회 전국동시지방선거","620260603","구·시·군의회의원선거","6","광산구라선거구","김명숙","100154987","진보당","5010","5","광산구의원","조선대학교 인문과학대학 국어국문학과 졸업","1","선거공보","선거공보","candidate-doc:100154987:1","false","","false","","","current_unavailable_official_source","선거공보||||||0||HEIGHT||Y||||00","Current official API returned no downloadable PDF path."
"620260603-서구마선거구-100161671-1-선거공보","제9회 전국동시지방선거","620260603","구·시·군의회의원선거","6","서구마선거구","박용준","100161671","더불어민주당","100","1","서구의회의원","대전대학교 정치외교학과 졸업","1","선거공보","선거공보","candidate-doc:100161671:1","false","","false","","","current_unavailable_official_source","선거공보||||||0||HEIGHT||Y||||00","Current official API returned no downloadable PDF path."
"620260603-서구마선거구-100162037-1-선거공보","제9회 전국동시지방선거","620260603","구·시·군의회의원선거","6","서구마선거구","최미자","100162037","더불어민주당","100","1","서구의회의원","대덕대학교 사회복지학과 졸업","1","선거공보","선거공보","candidate-doc:100162037:1","false","","false","","","current_unavailable_official_source","선거공보||||||0||HEIGHT||Y||||00","Current official API returned no downloadable PDF path."
"620260603-서구마선거구-100162389-1-선거공보","제9회 전국동시지방선거","620260603","구·시·군의회의원선거","6","서구마선거구","김명현","100162389","국민의힘","200","2","정당인","배재대학교 독일어문화학과 졸업","1","선거공보","선거공보","candidate-doc:100162389:1","false","","false","","","current_unavailable_official_source","선거공보||||||0||HEIGHT||Y||||00","Current official API returned no downloadable PDF path."
"620260603-서구바선거구-100157544-1-선거공보","제9회 전국동시지방선거","620260603","구·시·군의회의원선거","6","서구바선거구","송용석","100157544","더불어민주당","100","1","정당인","충남대학교 무역학과 졸업","1","선거공보","선거공보","candidate-doc:100157544:1","false","","false","","","current_unavailable_official_source","선거공보||||||0||HEIGHT||Y||||00","Current official API returned no downloadable PDF path."
"620260603-서구바선거구-100162108-1-선거공보","제9회 전국동시지방선거","620260603","구·시·군의회의원선거","6","서구바선거구","정인화","100162108","국민의힘","200","2","서구의회의원","한양여자고등학교(현 한양대학교사범대학부속고등학교) 졸업","1","선거공보","선거공보","candidate-doc:100162108:1","false","","false","","","current_unavailable_official_source","선거공보||||||0||HEIGHT||Y||||00","Current official API returned no downloadable PDF path."
"620260603-유성구나선거구-100161991-1-선거공보","제9회 전국동시지방선거","620260603","구·시·군의회의원선거","6","유성구나선거구","강봉구","100161991","조국혁신당","5077","3","정당인","혜천대학 세무회계과 (현 대전과학기술대학교) 졸업","1","선거공보","선거공보","candidate-doc:100161991:1","false","","false","","","current_unavailable_official_source","선거공보||||||0||HEIGHT||Y||||00","Current official API returned no downloadable PDF path."
"620260603-대덕구가선거구-100154984-1-선거공보","제9회 전국동시지방선거","620260603","구·시·군의회의원선거","6","대덕구가선거구","이삼남","100154984","더불어민주당","100","1","정당인","한남대학교 사회문화·행정복지대학원 문예창작학과 졸업(문학석사)","1","선거공보","선거공보","candidate-doc:100154984:1","false","","false","","","current_unavailable_official_source","선거공보||||||0||HEIGHT||Y||||00","Current official API returned no downloadable PDF path."
"620260603-대덕구가선거구-100162362-1-선거공보","제9회 전국동시지방선거","620260603","구·시·군의회의원선거","6","대덕구가선거구","조대웅","100162362","국민의힘","200","2","정당인","고려대학교 행정전문대학원 석사과정 정책학과 휴학","1","선거공보","선거공보","candidate-doc:100162362:1","false","","false","","","current_unavailable_official_source","선거공보||||||0||HEIGHT||Y||||00","Current official API returned no downloadable PDF path."
"620260603-대덕구다선거구-100155931-1-선거공보","제9회 전국동시지방선거","620260603","구·시·군의회의원선거","6","대덕구다선거구","서미경","100155931","더불어민주당","100","1","정당인","대전과학기술대학교 사회복지과 졸업","1","선거공보","선거공보","candidate-doc:100155931:1","false","","false","","","current_unavailable_official_source","선거공보||||||0||HEIGHT||Y||||00","Current official API returned no downloadable PDF path."
"620260603-대덕구다선거구-100163266-1-선거공보","제9회 전국동시지방선거","620260603","구·시·군의회의원선거","6","대덕구다선거구","전석광","100163266","국민의힘","200","2","정당인","한남대학교 미래인재대학원 석사과정 재학(사회복지학과 전공)","1","선거공보","선거공보","candidate-doc:100163266:1","false","","false","","","current_unavailable_official_source","선거공보||||||0||HEIGHT||Y||||00","Current official API returned no downloadable PDF path."
"620260603-남구라선거구-100161256-1-선거공보","제9회 전국동시지방선거","620260603","구·시·군의회의원선거","6","남구라선거구","정훈희","100161256","국민의힘","200","2","개인카페 매니저","울산상업고등학교 졸업","1","선거공보","선거공보","candidate-doc:100161256:1","false","","false","","","current_unavailable_official_source","선거공보||||||0||HEIGHT||Y||||00","Current official API returned no downloadable PDF path."
"620260603-울주군나선거구-100165417-1-선거공보","제9회 전국동시지방선거","620260603","구·시·군의회의원선거","6","울주군나선거구","최치환","100165417","무소속","9999","6","최치환 가수 엔터데인먼트 대표","언양농업고등학교 원예과 졸업","1","선거공보","선거공보","candidate-doc:100165417:1","false","","false","","","current_unavailable_official_source","선거공보||||||0||HEIGHT||Y||||00","Current official API returned no downloadable PDF path."
"620260603-울주군나선거구-100165856-1-선거공보","제9회 전국동시지방선거","620260603","구·시·군의회의원선거","6","울주군나선거구","이원옥","100165856","무소속","9999","7","행정사","울산대학교 정책대학원 졸업(행정학 석사)","1","선거공보","선거공보","candidate-doc:100165856:1","false","","false","","","current_unavailable_official_source","선거공보||||||0||HEIGHT||Y||||00","Current official API returned no downloadable PDF path."
"620260603-수원시나선거구-100164900-1-선거공보","제9회 전국동시지방선거","620260603","구·시·군의회의원선거","6","수원시나선거구","오세철","100164900","더불어민주당","100","1","수원시의회의원","아주대학교 공공정책대학원 행정학과 졸업(행정학석사)","1","선거공보","선거공보","candidate-doc:100164900:1","false","","false","","","current_unavailable_official_source","선거공보||||||0||HEIGHT||Y||||00","Current official API returned no downloadable PDF path."
"620260603-수원시나선거구-100160234-1-선거공보","제9회 전국동시지방선거","620260603","구·시·군의회의원선거","6","수원시나선거구","김은수","100160234","국민의힘","200","2","정당인","수원대학교 공공정책대학원 정책학과 졸업 (정책학 석사)","1","선거공보","선거공보","candidate-doc:100160234:1","false","","false","","","current_unavailable_official_source","선거공보||||||0||HEIGHT||Y||||00","Current official API returned no downloadable PDF path."
"620260603-수원시다선거구-100157074-1-선거공보","제9회 전국동시지방선거","620260603","구·시·군의회의원선거","6","수원시다선거구","김민양","100157074","더불어민주당","100","1","정당인","한국방송통신대학교 청소년교육복지상담학과 재학중 (법학과 복수전공)","1","선거공보","선거공보","candidate-doc:100157074:1","false","","false","","","current_unavailable_official_source","선거공보||||||0||HEIGHT||Y||||00","Current official API returned no downloadable PDF path."
"620260603-수원시다선거구-100161771-1-선거공보","제9회 전국동시지방선거","620260603","구·시·군의회의원선거","6","수원시다선거구","김경례","100161771","더불어민주당","100","1","수원시의회의원","국제사이버대학교 노인복지학과 재학중","1","선거공보","선거공보","candidate-doc:100161771:1","false","","false","","","current_unavailable_official_source","선거공보||||||0||HEIGHT||Y||||00","Current official API returned no downloadable PDF path."
"620260603-수원시다선거구-100158380-1-선거공보","제9회 전국동시지방선거","620260603","구·시·군의회의원선거","6","수원시다선거구","김영희","100158380","국민의힘","200","2","정당인","두원공과대학 (현 두원공과대학교) 전파통신과 졸업","1","선거공보","선거공보","candidate-doc:100158380:1","false","","false","","","current_unavailable_official_source","선거공보||||||0||HEIGHT||Y||||00","Current official API returned no downloadable PDF path."
"620260603-수원시다선거구-100161875-1-선거공보","제9회 전국동시지방선거","620260603","구·시·군의회의원선거","6","수원시다선거구","이병철","100161875","국민의힘","200","2","학원 대표","인하대학교 체육교육과 졸업","1","선거공보","선거공보","candidate-doc:100161875:1","false","","false","","","current_unavailable_official_source","선거공보||||||0||HEIGHT||Y||||00","Current official API returned no downloadable PDF path."
"620260603-수원시다선거구-100164821-1-선거공보","제9회 전국동시지방선거","620260603","구·시·군의회의원선거","6","수원시다선거구","노만래","100164821","개혁신당","5070","4","행정사","한경대학교(현 한경국립대학교) 법학부 졸업","1","선거공보","선거공보","candidate-doc:100164821:1","false","","false","","","current_unavailable_official_source","선거공보||||||0||HEIGHT||Y||||00","Current official API returned no downloadable PDF path."
"620260603-수원시다선거구-100154463-1-선거공보","제9회 전국동시지방선거","620260603","구·시·군의회의원선거","6","수원시다선거구","임은지","100154463","진보당","5010","5","정당인","한국방송통신대학교 행정학과 졸업","1","선거공보","선거공보","candidate-doc:100154463:1","false","","false","","","current_unavailable_official_source","선거공보||||||0||HEIGHT||Y||||00","Current official API returned no downloadable PDF path."
"620260603-수원시라선거구-100158578-1-선거공보","제9회 전국동시지방선거","620260603","구·시·군의회의원선거","6","수원시라선거구","이철승","100158578","더불어민주당","100","1","정당인","아주대학교 공공정책대학원 졸업 (사회복지학 석사)","1","선거공보","선거공보","candidate-doc:100158578:1","false","","false","","","current_unavailable_official_source","선거공보||||||0||HEIGHT||Y||||00","Current official API returned no downloadable PDF path."
"620260603-수원시라선거구-100163388-1-선거공보","제9회 전국동시지방선거","620260603","구·시·군의회의원선거","6","수원시라선거구","이대선","100163388","더불어민주당","100","1","수원시의회의원","아주대학교 공공정책대학원 행정학과 석사과정 재학중","1","선거공보","선거공보","candidate-doc:100163388:1","false","","false","","","current_unavailable_official_source","선거공보||||||0||HEIGHT||Y||||00","Current official API returned no downloadable PDF path."
"620260603-수원시라선거구-100158043-1-선거공보","제9회 전국동시지방선거","620260603","구·시·군의회의원선거","6","수원시라선거구","유재광","100158043","국민의힘","200","2","수원시의회 의원","수원대학교 경영대학원 졸업(경영학석사)","1","선거공보","선거공보","candidate-doc:100158043:1","false","","false","","","current_unavailable_official_source","선거공보||||||0||HEIGHT||Y||||00","Current official API returned no downloadable PDF path."
"620260603-수원시차선거구-100155999-1-선거공보","제9회 전국동시지방선거","620260603","구·시·군의회의원선거","6","수원시차선거구","서형미","100155999","더불어민주당","100","1","지역사회 활동가","경상대학교(현 경상국립대학교)자연과학대학 생물학과 졸업","1","선거공보","선거공보","candidate-doc:100155999:1","false","","false","","","current_unavailable_official_source","선거공보||||||0||HEIGHT||Y||||00","Current official API returned no downloadable PDF path."
"620260603-수원시차선거구-100158456-1-선거공보","제9회 전국동시지방선거","620260603","구·시·군의회의원선거","6","수원시차선거구","금가현","100158456","국민의힘","200","2","정당인","수원대학교 대학원 행정학과 박사과정 휴학중","1","선거공보","선거공보","candidate-doc:100158456:1","false","","false","","","current_unavailable_official_source","선거공보||||||0||HEIGHT||Y||||00","Current official API returned no downloadable PDF path."
"620260603-수원시카선거구-100157035-1-선거공보","제9회 전국동시지방선거","620260603","구·시·군의회의원선거","6","수원시카선거구","강은호","100157035","더불어민주당","100","1","정당인","건국대학교 예술문화대학 예술학부 졸업","1","선거공보","선거공보","candidate-doc:100157035:1","false","","false","","","current_unavailable_official_source","선거공보||||||0||HEIGHT||Y||||00","Current official API returned no downloadable PDF path."
"620260603-수원시카선거구-100158872-1-선거공보","제9회 전국동시지방선거","620260603","구·시·군의회의원선거","6","수원시카선거구","정윤우","100158872","국민의힘","200","2","(주)오름자산운용 대표이사","경영학사(경영학전공)","1","선거공보","선거공보","candidate-doc:100158872:1","false","","false","","","current_unavailable_official_source","선거공보||||||0||HEIGHT||Y||||00","Current official API returned no downloadable PDF path."
"620260603-수원시타선거구-100161235-1-선거공보","제9회 전국동시지방선거","620260603","구·시·군의회의원선거","6","수원시타선거구","김영진","100161235","무소속","9999","5","아이사랑디자인 대표","수원전문대학(현 수원과학대학교) 건축장식과 졸업","1","선거공보","선거공보","candidate-doc:100161235:1","false","","false","","","current_unavailable_official_source","선거공보||||||0||HEIGHT||Y||||00","Current official API returned no downloadable PDF path."
"620260603-용인시나선거구-100155165-1-선거공보","제9회 전국동시지방선거","620260603","구·시·군의회의원선거","6","용인시나선거구","김종억","100155165","더불어민주당","100","1","행정사 대표(김종억 행정사)","서울벤처대학원대학교 졸업 (경영학박사)","1","선거공보","선거공보","candidate-doc:100155165:1","false","","false","","","current_unavailable_official_source","선거공보||||||0||HEIGHT||Y||||00","Current official API returned no downloadable PDF path."
"620260603-용인시나선거구-100158212-1-선거공보","제9회 전국동시지방선거","620260603","구·시·군의회의원선거","6","용인시나선거구","권병손","100158212","국민의힘","200","2","(주)수성산업개발 대표","수원과학대학교 실내건축디자인학과 졸업","1","선거공보","선거공보","candidate-doc:100158212:1","false","","false","","","current_unavailable_official_source","선거공보||||||0||HEIGHT||Y||||00","Current official API returned no downloadable PDF path."
"620260603-용인시마선거구-100162694-1-선거공보","제9회 전국동시지방선거","620260603","구·시·군의회의원선거","6","용인시마선거구","신나연","100162694","더불어민주당","100","1","용인시의회의원","단국대학교 대학원 교육학과 박사과정 수료(상담심리전공)","1","선거공보","선거공보","candidate-doc:100162694:1","false","","false","","","current_unavailable_official_source","선거공보||||||0||HEIGHT||Y||||00","Current official API returned no downloadable PDF path."
"620260603-용인시마선거구-100164453-1-선거공보","제9회 전국동시지방선거","620260603","구·시·군의회의원선거","6","용인시마선거구","김길수","100164453","국민의힘","200","2","용인시의회의원","한국방송통신대학교 미디어영상학과 졸업","1","선거공보","선거공보","candidate-doc:100164453:1","false","","false","","","current_unavailable_official_source","선거공보||||||0||HEIGHT||Y||||00","Current official API returned no downloadable PDF path."
"620260603-용인시사선거구-100154933-1-선거공보","제9회 전국동시지방선거","620260603","구·시·군의회의원선거","6","용인시사선거구","박해규","100154933","더불어민주당","100","1","정당인","고려대학교 문과대학 국어국문학과 졸업","1","선거공보","선거공보","candidate-doc:100154933:1","false","","false","","","current_unavailable_official_source","선거공보||||||0||HEIGHT||Y||||00","Current official API returned no downloadable PDF path."
"620260603-용인시사선거구-100161277-1-선거공보","제9회 전국동시지방선거","620260603","구·시·군의회의원선거","6","용인시사선거구","이승도","100161277","개혁신당","5070","4","동양미래대학교 컴퓨터공학부 강사","서울대학교 사회과학대학 경제학부 졸업","1","선거공보","선거공보","candidate-doc:100161277:1","false","","false","","","current_unavailable_official_source","선거공보||||||0||HEIGHT||Y||||00","Current official API returned no downloadable PDF path."
"620260603-용인시아선거구-100163004-1-선거공보","제9회 전국동시지방선거","620260603","구·시·군의회의원선거","6","용인시아선거구","장정순","100163004","더불어민주당","100","1","용인시의회의원","명지대학교 체육학사 (체육학 전공) 학위취득","1","선거공보","선거공보","candidate-doc:100163004:1","false","","false","","","current_unavailable_official_source","선거공보||||||0||HEIGHT||Y||||00","Current official API returned no downloadable PDF path."
"620260603-용인시아선거구-100162284-1-선거공보","제9회 전국동시지방선거","620260603","구·시·군의회의원선거","6","용인시아선거구","강영웅","100162284","국민의힘","200","2","용인시의원","단국대학교 경영대학원졸업 경영학석사(세무회계)","1","선거공보","선거공보","candidate-doc:100162284:1","false","","false","","","current_unavailable_official_source","선거공보||||||0||HEIGHT||Y||||00","Current official API returned no downloadable PDF path."
"620260603-용인시자선거구-100160966-1-선거공보","제9회 전국동시지방선거","620260603","구·시·군의회의원선거","6","용인시자선거구","정선일","100160966","자유와혁신","5082","5","연구원","서강대학교 대학원 졸업 부동산학 석사","1","선거공보","선거공보","candidate-doc:100160966:1","false","","false","","","current_unavailable_official_source","선거공보||||||0||HEIGHT||Y||||00","Current official API returned no downloadable PDF path."
"620260603-고양시사선거구-100163883-1-선거공보","제9회 전국동시지방선거","620260603","구·시·군의회의원선거","6","고양시사선거구","공소자","100163883","더불어민주당","100","1","고양시의회의원","명지대학교 사회복지대학원 졸업 (사회복지학 석사)","1","선거공보","선거공보","candidate-doc:100163883:1","false","","false","","","current_unavailable_official_source","선거공보||||||0||HEIGHT||Y||||00","Current official API returned no downloadable PDF path."
"620260603-고양시아선거구-100155441-1-선거공보","제9회 전국동시지방선거","620260603","구·시·군의회의원선거","6","고양시아선거구","장윤정","100155441","더불어민주당","100","1","정당인","성신여자대학교 경제학과 졸업 (경제학사)","1","선거공보","선거공보","candidate-doc:100155441:1","false","","false","","","current_unavailable_official_source","선거공보||||||0||HEIGHT||Y||||00","Current official API returned no downloadable PDF path."
"620260603-고양시자선거구-100159991-1-선거공보","제9회 전국동시지방선거","620260603","구·시·군의회의원선거","6","고양시자선거구","신인선","100159991","더불어민주당","100","1","고양시의회의원","영남대학교 공과대학 전산공학과 졸업(공학사)","1","선거공보","선거공보","candidate-doc:100159991:1","false","","false","","","current_unavailable_official_source","선거공보||||||0||HEIGHT||Y||||00","Current official API returned no downloadable PDF path."
"620260603-고양시자선거구-100162895-1-선거공보","제9회 전국동시지방선거","620260603","구·시·군의회의원선거","6","고양시자선거구","이홍규","100162895","국민의힘","200","2","정당인","연세대학교 행정대학원 졸업(행정학석사)","1","선거공보","선거공보","candidate-doc:100162895:1","false","","false","","","current_unavailable_official_source","선거공보||||||0||HEIGHT||Y||||00","Current official API returned no downloadable PDF path."
"620260603-고양시타선거구-100163494-1-선거공보","제9회 전국동시지방선거","620260603","구·시·군의회의원선거","6","고양시타선거구","김정희","100163494","더불어민주당","100","1","드림팜대표","경기대학교 법학부졸업(법학전공)","1","선거공보","선거공보","candidate-doc:100163494:1","false","","false","","","current_unavailable_official_source","선거공보||||||0||HEIGHT||Y||||00","Current official API returned no downloadable PDF path."
"620260603-고양시타선거구-100159098-1-선거공보","제9회 전국동시지방선거","620260603","구·시·군의회의원선거","6","고양시타선거구","오우람","100159098","국민의힘","200","2","5FTSL 대표","원광대학교 원예·애완동식물학부(애완동식물학전공) 졸업","1","선거공보","선거공보","candidate-doc:100159098:1","false","","false","","","current_unavailable_official_source","선거공보||||||0||HEIGHT||Y||||00","Current official API returned no downloadable PDF path."
"620260603-고양시파선거구-100163567-1-선거공보","제9회 전국동시지방선거","620260603","구·시·군의회의원선거","6","고양시파선거구","김학영","100163567","더불어민주당","100","1","고양시의회의원","농협대학교 협동조합디지털경영과 졸업","1","선거공보","선거공보","candidate-doc:100163567:1","false","","false","","","current_unavailable_official_source","선거공보||||||0||HEIGHT||Y||||00","Current official API returned no downloadable PDF path."
"620260603-고양시파선거구-100162934-1-선거공보","제9회 전국동시지방선거","620260603","구·시·군의회의원선거","6","고양시파선거구","김수진","100162934","국민의힘","200","2","고양시의회의원","한국외국어대학교 사범대학 영어교육과 졸업","1","선거공보","선거공보","candidate-doc:100162934:1","false","","false","","","current_unavailable_official_source","선거공보||||||0||HEIGHT||Y||||00","Current official API returned no downloadable PDF path."
"620260603-화성시사선거구-100164501-1-선거공보","제9회 전국동시지방선거","620260603","구·시·군의회의원선거","6","화성시사선거구","장철규","100164501","더불어민주당","100","1","화성시의회의원","호원대학교 기계자동차공학과 졸업","1","선거공보","선거공보","candidate-doc:100164501:1","false","","false","","","current_unavailable_official_source","선거공보||||||0||HEIGHT||Y||||00","Current official API returned no downloadable PDF path."
"620260603-화성시사선거구-100160705-1-선거공보","제9회 전국동시지방선거","620260603","구·시·군의회의원선거","6","화성시사선거구","김창겸","100160705","더불어민주당","100","1","자영업(임대업)","수원대학교 경영대학원 경영학과 졸업(경영학석사)","1","선거공보","선거공보","candidate-doc:100160705:1","false","","false","","","current_unavailable_official_source","선거공보||||||0||HEIGHT||Y||||00","Current official API returned no downloadable PDF path."
"620260603-화성시사선거구-100161990-1-선거공보","제9회 전국동시지방선거","620260603","구·시·군의회의원선거","6","화성시사선거구","임채덕","100161990","국민의힘","200","2","화성시의회의원","경희대학교 대학원 농학과 졸업(농학석사)","1","선거공보","선거공보","candidate-doc:100161990:1","false","","false","","","current_unavailable_official_source","선거공보||||||0||HEIGHT||Y||||00","Current official API returned no downloadable PDF path."
"620260603-성남시나선거구-100157479-1-선거공보","제9회 전국동시지방선거","620260603","구·시·군의회의원선거","6","성남시나선거구","김선임","100157479","더불어민주당","100","1","성남시의회의원","세종대학교 무용과 졸업","1","선거공보","선거공보","candidate-doc:100157479:1","false","","false","","","current_unavailable_official_source","선거공보||||||0||HEIGHT||Y||||00","Current official API returned no downloadable PDF path."
"620260603-성남시나선거구-100156367-1-선거공보","제9회 전국동시지방선거","620260603","구·시·군의회의원선거","6","성남시나선거구","이상호","100156367","국민의힘","200","2","성남시장애인체육회 상임부회장","가천대학교 대학원 졸업 (행정학박사)","1","선거공보","선거공보","candidate-doc:100156367:1","false","","false","","","current_unavailable_official_source","선거공보||||||0||HEIGHT||Y||||00","Current official API returned no downloadable PDF path."
"620260603-성남시다선거구-100157554-1-선거공보","제9회 전국동시지방선거","620260603","구·시·군의회의원선거","6","성남시다선거구","박기범","100157554","더불어민주당","100","1","성남시의회의원","고려대학교 노동대학원 졸업 [경제학석사(노동경제)]","1","선거공보","선거공보","candidate-doc:100157554:1","false","","false","","","current_unavailable_official_source","선거공보||||||0||HEIGHT||Y||||00","Current official API returned no downloadable PDF path."
"620260603-성남시다선거구-100155443-1-선거공보","제9회 전국동시지방선거","620260603","구·시·군의회의원선거","6","성남시다선거구","김주현","100155443","국민의힘","200","2","정당인","신구대학교 사진영상미디어과 2학년 재학중","1","선거공보","선거공보","candidate-doc:100155443:1","false","","false","","","current_unavailable_official_source","선거공보||||||0||HEIGHT||Y||||00","Current official API returned no downloadable PDF path."
"620260603-성남시사선거구-100157803-1-선거공보","제9회 전국동시지방선거","620260603","구·시·군의회의원선거","6","성남시사선거구","정연화","100157803","더불어민주당","100","1","성남시의회의원","서정대학교 사회복지상담과 졸업","1","선거공보","선거공보","candidate-doc:100157803:1","false","","false","","","current_unavailable_official_source","선거공보||||||0||HEIGHT||Y||||00","Current official API returned no downloadable PDF path."
"620260603-성남시사선거구-100155785-1-선거공보","제9회 전국동시지방선거","620260603","구·시·군의회의원선거","6","성남시사선거구","김보석","100155785","국민의힘","200","2","성남시의회의원","가천대학교 응용통계학과 졸업","1","선거공보","선거공보","candidate-doc:100155785:1","false","","false","","","current_unavailable_official_source","선거공보||||||0||HEIGHT||Y||||00","Current official API returned no downloadable PDF path."
"620260603-성남시아선거구-100156876-1-선거공보","제9회 전국동시지방선거","620260603","구·시·군의회의원선거","6","성남시아선거구","오종길","100156876","더불어민주당","100","1","정당인","성균관대학교 교육대학원 졸업(국어교육학석사)","1","선거공보","선거공보","candidate-doc:100156876:1","false","","false","","","current_unavailable_official_source","선거공보||||||0||HEIGHT||Y||||00","Current official API returned no downloadable PDF path."
"620260603-성남시아선거구-100155753-1-선거공보","제9회 전국동시지방선거","620260603","구·시·군의회의원선거","6","성남시아선거구","김건우","100155753","국민의힘","200","2","정당인","가톨릭대학교 국제관계학과 졸업","1","선거공보","선거공보","candidate-doc:100155753:1","false","","false","","","current_unavailable_official_source","선거공보||||||0||HEIGHT||Y||||00","Current official API returned no downloadable PDF path."
"620260603-성남시자선거구-100156618-1-선거공보","제9회 전국동시지방선거","620260603","구·시·군의회의원선거","6","성남시자선거구","이세미","100156618","더불어민주당","100","1","정당인","강원대학교 컴퓨터학부 졸업","1","선거공보","선거공보","candidate-doc:100156618:1","false","","false","","","current_unavailable_official_source","선거공보||||||0||HEIGHT||Y||||00","Current official API returned no downloadable PDF path."
"620260603-성남시자선거구-100161305-1-선거공보","제9회 전국동시지방선거","620260603","구·시·군의회의원선거","6","성남시자선거구","김종환","100161305","국민의힘","200","2","정당인","동국대학교 대학원 행정학과 박사과정 2학기 휴학중","1","선거공보","선거공보","candidate-doc:100161305:1","false","","false","","","current_unavailable_official_source","선거공보||||||0||HEIGHT||Y||||00","Current official API returned no downloadable PDF path."
"620260603-성남시카선거구-100157115-1-선거공보","제9회 전국동시지방선거","620260603","구·시·군의회의원선거","6","성남시카선거구","서은경","100157115","더불어민주당","100","1","성남시의회의원","가천대학교 경영대학원 졸업(사회적기업학 석사)","1","선거공보","선거공보","candidate-doc:100157115:1","false","","false","","","current_unavailable_official_source","선거공보||||||0||HEIGHT||Y||||00","Current official API returned no downloadable PDF path."
"620260603-성남시카선거구-100158450-1-선거공보","제9회 전국동시지방선거","620260603","구·시·군의회의원선거","6","성남시카선거구","정봉규","100158450","국민의힘","200","2","정당인","성균관대학교 대학원 졸업(체육학박사)","1","선거공보","선거공보","candidate-doc:100158450:1","false","","false","","","current_unavailable_official_source","선거공보||||||0||HEIGHT||Y||||00","Current official API returned no downloadable PDF path."
"620260603-남양주시나선거구-100160752-1-선거공보","제9회 전국동시지방선거","620260603","구·시·군의회의원선거","6","남양주시나선거구","임영신","100160752","더불어민주당","100","1","정당인","동국대학교 수학과 제적(1990.03.02.~1995.02.27.)","1","선거공보","선거공보","candidate-doc:100160752:1","false","","false","","","current_unavailable_official_source","선거공보||||||0||HEIGHT||Y||||00","Current official API returned no downloadable PDF path."
"620260603-남양주시사선거구-100162154-1-선거공보","제9회 전국동시지방선거","620260603","구·시·군의회의원선거","6","남양주시사선거구","홍성우","100162154","국민의힘","200","2","정당인","경희대학교 체육대학원 졸업(체육학 박사)","1","선거공보","선거공보","candidate-doc:100162154:1","false","","false","","","current_unavailable_official_source","선거공보||||||0||HEIGHT||Y||||00","Current official API returned no downloadable PDF path."
"620260603-안산시라선거구-100163886-1-선거공보","제9회 전국동시지방선거","620260603","구·시·군의회의원선거","6","안산시라선거구","이재복","100163886","더불어민주당","100","1","다연테크 대표","한양사이버대학교 사회복지학과 재학중","1","선거공보","선거공보","candidate-doc:100163886:1","false","","false","","","current_unavailable_official_source","선거공보||||||0||HEIGHT||Y||||00","Current official API returned no downloadable PDF path."
"620260603-안산시라선거구-100162572-1-선거공보","제9회 전국동시지방선거","620260603","구·시·군의회의원선거","6","안산시라선거구","설호영","100162572","국민의힘","200","2","안산시의회의원","선문대학교 언론광고학부 졸업","1","선거공보","선거공보","candidate-doc:100162572:1","false","","false","","","current_unavailable_official_source","선거공보||||||0||HEIGHT||Y||||00","Current official API returned no downloadable PDF path."
"620260603-안산시바선거구-100158386-1-선거공보","제9회 전국동시지방선거","620260603","구·시·군의회의원선거","6","안산시바선거구","안두회","100158386","더불어민주당","100","1","스포츠센터 대표","용인대학교 체육학사 (체육전공)","1","선거공보","선거공보","candidate-doc:100158386:1","false","","false","","","current_unavailable_official_source","선거공보||||||0||HEIGHT||Y||||00","Current official API returned no downloadable PDF path."
"620260603-안산시바선거구-100162220-1-선거공보","제9회 전국동시지방선거","620260603","구·시·군의회의원선거","6","안산시바선거구","김재국","100162220","국민의힘","200","2","안산시의회의원","아주대학교 공공정책대학원 행정학과 졸업 (행정학석사)","1","선거공보","선거공보","candidate-doc:100162220:1","false","","false","","","current_unavailable_official_source","선거공보||||||0||HEIGHT||Y||||00","Current official API returned no downloadable PDF path."
"620260603-평택시가선거구-100155137-1-선거공보","제9회 전국동시지방선거","620260603","구·시·군의회의원선거","6","평택시가선거구","백성권","100155137","더불어민주당","100","1","정당인","장안전문대학(현 장안대학교) 졸업","1","선거공보","선거공보","candidate-doc:100155137:1","false","","false","","","current_unavailable_official_source","선거공보||||||0||HEIGHT||Y||||00","Current official API returned no downloadable PDF path."
"620260603-평택시가선거구-100162319-1-선거공보","제9회 전국동시지방선거","620260603","구·시·군의회의원선거","6","평택시가선거구","우창곤","100162319","무소속","9999","5","자영업","효명종합고등학교 졸업","1","선거공보","선거공보","candidate-doc:100162319:1","false","","false","","","current_unavailable_official_source","선거공보||||||0||HEIGHT||Y||||00","Current official API returned no downloadable PDF path."
"620260603-평택시나선거구-100161639-1-선거공보","제9회 전국동시지방선거","620260603","구·시·군의회의원선거","6","평택시나선거구","최재영","100161639","더불어민주당","100","1","평택시의회의원","청주대학교 이공대학 전자공학과 졸업","1","선거공보","선거공보","candidate-doc:100161639:1","false","","false","","","current_unavailable_official_source","선거공보||||||0||HEIGHT||Y||||00","Current official API returned no downloadable PDF path."
"620260603-평택시나선거구-100156128-1-선거공보","제9회 전국동시지방선거","620260603","구·시·군의회의원선거","6","평택시나선거구","이원희","100156128","더불어민주당","100","1","정당인","경운대학교 졸업","1","선거공보","선거공보","candidate-doc:100156128:1","false","","false","","","current_unavailable_official_source","선거공보||||||0||HEIGHT||Y||||00","Current official API returned no downloadable PDF path."
"620260603-평택시다선거구-100161596-1-선거공보","제9회 전국동시지방선거","620260603","구·시·군의회의원선거","6","평택시다선거구","윤희중","100161596","더불어민주당","100","1","정당인","중앙대학교 서울캠퍼스 독어독문학과 졸업","1","선거공보","선거공보","candidate-doc:100161596:1","false","","false","","","current_unavailable_official_source","선거공보||||||0||HEIGHT||Y||||00","Current official API returned no downloadable PDF path."
"620260603-평택시다선거구-100159937-1-선거공보","제9회 전국동시지방선거","620260603","구·시·군의회의원선거","6","평택시다선거구","이향숙","100159937","국민의힘","200","2","주부","한경국립대학교 산업대학원 졸업(사회복지학 석사)","1","선거공보","선거공보","candidate-doc:100159937:1","false","","false","","","current_unavailable_official_source","선거공보||||||0||HEIGHT||Y||||00","Current official API returned no downloadable PDF path."
"620260603-평택시라선거구-100155714-1-선거공보","제9회 전국동시지방선거","620260603","구·시·군의회의원선거","6","평택시라선거구","박은옥","100155714","더불어민주당","100","1","임대업","한국방송통신대학교 청소년교육복지상담학과 졸업","1","선거공보","선거공보","candidate-doc:100155714:1","false","","false","","","current_unavailable_official_source","선거공보||||||0||HEIGHT||Y||||00","Current official API returned no downloadable PDF path."
"620260603-평택시라선거구-100157419-1-선거공보","제9회 전국동시지방선거","620260603","구·시·군의회의원선거","6","평택시라선거구","김태선","100157419","더불어민주당","100","1","자영업","중앙대학교 외국어대학 중어학과 1학년 제적(1984.3.~1985.3)","1","선거공보","선거공보","candidate-doc:100157419:1","false","","false","","","current_unavailable_official_source","선거공보||||||0||HEIGHT||Y||||00","Current official API returned no downloadable PDF path."
"620260603-평택시라선거구-100161350-1-선거공보","제9회 전국동시지방선거","620260603","구·시·군의회의원선거","6","평택시라선거구","최준구","100161350","국민의힘","200","2","평택시의회 의원","고려대학교 정책대학원 졸업(경제학 석사)","1","선거공보","선거공보","candidate-doc:100161350:1","false","","false","","","current_unavailable_official_source","선거공보||||||0||HEIGHT||Y||||00","Current official API returned no downloadable PDF path."
"620260603-평택시마선거구-100155514-1-선거공보","제9회 전국동시지방선거","620260603","구·시·군의회의원선거","6","평택시마선거구","최영갑","100155514","더불어민주당","100","1","정당인","경희사이버대학교 사회복지전공 졸업","1","선거공보","선거공보","candidate-doc:100155514:1","false","","false","","","current_unavailable_official_source","선거공보||||||0||HEIGHT||Y||||00","Current official API returned no downloadable PDF path."
"620260603-평택시마선거구-100162422-1-선거공보","제9회 전국동시지방선거","620260603","구·시·군의회의원선거","6","평택시마선거구","김산수","100162422","더불어민주당","100","1","평택시의회의원","미국 미네소타대학교 정치학 학사 졸업(2015.9~2017.5)","1","선거공보","선거공보","candidate-doc:100162422:1","false","","false","","","current_unavailable_official_source","선거공보||||||0||HEIGHT||Y||||00","Current official API returned no downloadable PDF path."
"620260603-평택시마선거구-100154863-1-선거공보","제9회 전국동시지방선거","620260603","구·시·군의회의원선거","6","평택시마선거구","강창수","100154863","국민의힘","200","2","현수막월드 대표","평택고등학교 졸업","1","선거공보","선거공보","candidate-doc:100154863:1","false","","false","","","current_unavailable_official_source","선거공보||||||0||HEIGHT||Y||||00","Current official API returned no downloadable PDF path."
"620260603-평택시마선거구-100161660-1-선거공보","제9회 전국동시지방선거","620260603","구·시·군의회의원선거","6","평택시마선거구","김순이","100161660","국민의힘","200","2","평택시의회의원","국제대학교 사회복지과 졸업(사회복지전문학사)","1","선거공보","선거공보","candidate-doc:100161660:1","false","","false","","","current_unavailable_official_source","선거공보||||||0||HEIGHT||Y||||00","Current official API returned no downloadable PDF path."
"620260603-평택시바선거구-100156061-1-선거공보","제9회 전국동시지방선거","620260603","구·시·군의회의원선거","6","평택시바선거구","류정화","100156061","더불어민주당","100","1","평택시의원","경기대학교 경영학사","1","선거공보","선거공보","candidate-doc:100156061:1","false","","false","","","current_unavailable_official_source","선거공보||||||0||HEIGHT||Y||||00","Current official API returned no downloadable PDF path."
"620260603-평택시바선거구-100155726-1-선거공보","제9회 전국동시지방선거","620260603","구·시·군의회의원선거","6","평택시바선거구","이학섭","100155726","더불어민주당","100","1","자영업","한남대학교 토목공학과 졸업","1","선거공보","선거공보","candidate-doc:100155726:1","false","","false","","","current_unavailable_official_source","선거공보||||||0||HEIGHT||Y||||00","Current official API returned no downloadable PDF path."
"620260603-평택시바선거구-100157199-1-선거공보","제9회 전국동시지방선거","620260603","구·시·군의회의원선거","6","평택시바선거구","한윤섭","100157199","국민의힘","200","2","현대전기 대표","한국방송통신대학교 경영학과1학년 재학중","1","선거공보","선거공보","candidate-doc:100157199:1","false","","false","","","current_unavailable_official_source","선거공보||||||0||HEIGHT||Y||||00","Current official API returned no downloadable PDF path."
"620260603-평택시바선거구-100156866-1-선거공보","제9회 전국동시지방선거","620260603","구·시·군의회의원선거","6","평택시바선거구","정윤서","100156866","국민의힘","200","2","남서울대학교 교양대학 겸임교수","수원대학교 일반대학원 졸업(문학박사)","1","선거공보","선거공보","candidate-doc:100156866:1","false","","false","","","current_unavailable_official_source","선거공보||||||0||HEIGHT||Y||||00","Current official API returned no downloadable PDF path."
"620260603-평택시바선거구-100163146-1-선거공보","제9회 전국동시지방선거","620260603","구·시·군의회의원선거","6","평택시바선거구","최용","100163146","자유와혁신","5082","5","자유와혁신 중앙당 과장","동국대학교 국제통상학과 4학년 제적(2003.3~2011.8)","1","선거공보","선거공보","candidate-doc:100163146:1","false","","false","","","current_unavailable_official_source","선거공보||||||0||HEIGHT||Y||||00","Current official API returned no downloadable PDF path."
"620260603-평택시사선거구-100161580-1-선거공보","제9회 전국동시지방선거","620260603","구·시·군의회의원선거","6","평택시사선거구","최동윤","100161580","더불어민주당","100","1","사업가","태광고등학교 졸업","1","선거공보","선거공보","candidate-doc:100161580:1","false","","false","","","current_unavailable_official_source","선거공보||||||0||HEIGHT||Y||||00","Current official API returned no downloadable PDF path."
"620260603-평택시사선거구-100156820-1-선거공보","제9회 전국동시지방선거","620260603","구·시·군의회의원선거","6","평택시사선거구","이기형","100156820","더불어민주당","100","1","평택시의회 의원","경기대학교 경영학사","1","선거공보","선거공보","candidate-doc:100156820:1","false","","false","","","current_unavailable_official_source","선거공보||||||0||HEIGHT||Y||||00","Current official API returned no downloadable PDF path."
"620260603-평택시사선거구-100158324-1-선거공보","제9회 전국동시지방선거","620260603","구·시·군의회의원선거","6","평택시사선거구","오치성","100158324","국민의힘","200","2","자영업","성공회대학교 사회복지학과 졸업","1","선거공보","선거공보","candidate-doc:100158324:1","false","","false","","","current_unavailable_official_source","선거공보||||||0||HEIGHT||Y||||00","Current official API returned no downloadable PDF path."
"620260603-평택시사선거구-100160759-1-선거공보","제9회 전국동시지방선거","620260603","구·시·군의회의원선거","6","평택시사선거구","정일구","100160759","국민의힘","200","2","평택시의회 의원","고려대학교 경영정보대학원 졸업(경영학 석사)","1","선거공보","선거공보","candidate-doc:100160759:1","false","","false","","","current_unavailable_official_source","선거공보||||||0||HEIGHT||Y||||00","Current official API returned no downloadable PDF path."
"620260603-평택시사선거구-100161745-1-선거공보","제9회 전국동시지방선거","620260603","구·시·군의회의원선거","6","평택시사선거구","오세옥","100161745","자유와혁신","5082","6","정당인","수원과학대학교 실버사회복지과 졸업","1","선거공보","선거공보","candidate-doc:100161745:1","false","","false","","","current_unavailable_official_source","선거공보||||||0||HEIGHT||Y||||00","Current official API returned no downloadable PDF path."
"620260603-안양시나선거구-100163035-1-선거공보","제9회 전국동시지방선거","620260603","구·시·군의회의원선거","6","안양시나선거구","채진기","100163035","더불어민주당","100","1","안양시의회의원","한양대학교 도시대학원 박사과정 수료 (도시재생·설계전공)","1","선거공보","선거공보","candidate-doc:100163035:1","false","","false","","","current_unavailable_official_source","선거공보||||||0||HEIGHT||Y||||00","Current official API returned no downloadable PDF path."
"620260603-안양시나선거구-100157514-1-선거공보","제9회 전국동시지방선거","620260603","구·시·군의회의원선거","6","안양시나선거구","황원영","100157514","국민의힘","200","2","정당인","경기대학교 행정학과 졸업","1","선거공보","선거공보","candidate-doc:100157514:1","false","","false","","","current_unavailable_official_source","선거공보||||||0||HEIGHT||Y||||00","Current official API returned no downloadable PDF path."
"620260603-파주시가선거구-100156045-1-선거공보","제9회 전국동시지방선거","620260603","구·시·군의회의원선거","6","파주시가선거구","방인혜","100156045","더불어민주당","100","1","(주)포레스트팜 대표이사","중부대학교 대학원 자연치유학과 졸업(자연치유학석사)","1","선거공보","선거공보","candidate-doc:100156045:1","false","","false","","","current_unavailable_official_source","선거공보||||||0||HEIGHT||Y||||00","Current official API returned no downloadable PDF path."
"620260603-파주시가선거구-100154509-1-선거공보","제9회 전국동시지방선거","620260603","구·시·군의회의원선거","6","파주시가선거구","윤석일","100154509","더불어민주당","100","1","푸름에코컨설팅 대표","한국열린사이버대학교 사회복지학과 졸업(시회복지학사)","1","선거공보","선거공보","candidate-doc:100154509:1","false","","false","","","current_unavailable_official_source","선거공보||||||0||HEIGHT||Y||||00","Current official API returned no downloadable PDF path."
"620260603-파주시가선거구-100161878-1-선거공보","제9회 전국동시지방선거","620260603","구·시·군의회의원선거","6","파주시가선거구","정경민","100161878","국민의힘","200","2","사업가(금융IT)","한국공학대학교 전자제어공학과 졸업","1","선거공보","선거공보","candidate-doc:100161878:1","false","","false","","","current_unavailable_official_source","선거공보||||||0||HEIGHT||Y||||00","Current official API returned no downloadable PDF path."
"620260603-파주시가선거구-100154533-1-선거공보","제9회 전국동시지방선거","620260603","구·시·군의회의원선거","6","파주시가선거구","김찬우","100154533","정의당","730","5","정당인","한국방송통신대학교 사회복지학과 1학년 재학중","1","선거공보","선거공보","candidate-doc:100154533:1","false","","false","","","current_unavailable_official_source","선거공보||||||0||HEIGHT||Y||||00","Current official API returned no downloadable PDF path."
"620260603-파주시나선거구-100163103-1-선거공보","제9회 전국동시지방선거","620260603","구·시·군의회의원선거","6","파주시나선거구","김경옥","100163103","더불어민주당","100","1","정당인","완도금일고등학교 졸업","1","선거공보","선거공보","candidate-doc:100163103:1","false","","false","","","current_unavailable_official_source","선거공보||||||0||HEIGHT||Y||||00","Current official API returned no downloadable PDF path."
"620260603-파주시나선거구-100165144-1-선거공보","제9회 전국동시지방선거","620260603","구·시·군의회의원선거","6","파주시나선거구","이정은","100165144","더불어민주당","100","1","파주시의회의원","이화여자대학교 사회복지대학원 석사학위과정 3학기 재학중","1","선거공보","선거공보","candidate-doc:100165144:1","false","","false","","","current_unavailable_official_source","선거공보||||||0||HEIGHT||Y||||00","Current official API returned no downloadable PDF path."
"620260603-파주시나선거구-100162227-1-선거공보","제9회 전국동시지방선거","620260603","구·시·군의회의원선거","6","파주시나선거구","옥승철","100162227","국민의힘","200","2","회사원","옥스포드대학교 졸업(공공정책학 석사과정, 2017.9.~2018.9., 공공정책학 석사) ","1","선거공보","선거공보","candidate-doc:100162227:1","false","","false","","","current_unavailable_official_source","선거공보||||||0||HEIGHT||Y||||00","Current official API returned no downloadable PDF path."
"620260603-파주시나선거구-100161952-1-선거공보","제9회 전국동시지방선거","620260603","구·시·군의회의원선거","6","파주시나선거구","최창호","100161952","국민의힘","200","2","파주시의회의원","경희사이버대학교 관광레저경영학과 졸업","1","선거공보","선거공보","candidate-doc:100161952:1","false","","false","","","current_unavailable_official_source","선거공보||||||0||HEIGHT||Y||||00","Current official API returned no downloadable PDF path."
"620260603-파주시나선거구-100156597-1-선거공보","제9회 전국동시지방선거","620260603","구·시·군의회의원선거","6","파주시나선거구","소경준","100156597","노동당","1988","5","정당인","미기재","1","선거공보","선거공보","candidate-doc:100156597:1","false","","false","","","current_unavailable_official_source","선거공보||||||0||HEIGHT||Y||||00","Current official API returned no downloadable PDF path."
"620260603-파주시다선거구-100154491-1-선거공보","제9회 전국동시지방선거","620260603","구·시·군의회의원선거","6","파주시다선거구","유장무","100154491","더불어민주당","100","1","태경 부사장","명지대학교 대학원 경영학과 졸업(경영학박사)","1","선거공보","선거공보","candidate-doc:100154491:1","false","","false","","","current_unavailable_official_source","선거공보||||||0||HEIGHT||Y||||00","Current official API returned no downloadable PDF path."
"620260603-파주시다선거구-100155478-1-선거공보","제9회 전국동시지방선거","620260603","구·시·군의회의원선거","6","파주시다선거구","김환중","100155478","더불어민주당","100","1","정당인(더불어민주당 파주갑지역위원회 지역대의원)","동국대학교 행정대학원 행정학과 지방자치전공 졸업(행정학석사)","1","선거공보","선거공보","candidate-doc:100155478:1","false","","false","","","current_unavailable_official_source","선거공보||||||0||HEIGHT||Y||||00","Current official API returned no downloadable PDF path."
"620260603-파주시다선거구-100161924-1-선거공보","제9회 전국동시지방선거","620260603","구·시·군의회의원선거","6","파주시다선거구","이진아","100161924","국민의힘","200","2","정당인","숙명여자대학교 의류학과 졸업(이학사)","1","선거공보","선거공보","candidate-doc:100161924:1","false","","false","","","current_unavailable_official_source","선거공보||||||0||HEIGHT||Y||||00","Current official API returned no downloadable PDF path."
"620260603-파주시다선거구-100164800-1-선거공보","제9회 전국동시지방선거","620260603","구·시·군의회의원선거","6","파주시다선거구","한종갑","100164800","조국혁신당","5077","3","정당인","한성대학교 문헌정보학과 졸업","1","선거공보","선거공보","candidate-doc:100164800:1","false","","false","","","current_unavailable_official_source","선거공보||||||0||HEIGHT||Y||||00","Current official API returned no downloadable PDF path."
"620260603-파주시다선거구-100157056-1-선거공보","제9회 전국동시지방선거","620260603","구·시·군의회의원선거","6","파주시다선거구","안소희","100157056","진보당","5010","5","진보당 파주시갑 지역위원장","한신대학교 문예창작학과 4학년 재학중","1","선거공보","선거공보","candidate-doc:100157056:1","false","","false","","","current_unavailable_official_source","선거공보||||||0||HEIGHT||Y||||00","Current official API returned no downloadable PDF path."
"620260603-파주시라선거구-100155692-1-선거공보","제9회 전국동시지방선거","620260603","구·시·군의회의원선거","6","파주시라선거구","지은영","100155692","더불어민주당","100","1","정당인","단국대학교 경영학과 졸업","1","선거공보","선거공보","candidate-doc:100155692:1","false","","false","","","current_unavailable_official_source","선거공보||||||0||HEIGHT||Y||||00","Current official API returned no downloadable PDF path."
"620260603-파주시라선거구-100157286-1-선거공보","제9회 전국동시지방선거","620260603","구·시·군의회의원선거","6","파주시라선거구","최유각","100157286","더불어민주당","100","1","정당인","단국대학교 부동산·건설대학원 석사과정 1학기 재학중","1","선거공보","선거공보","candidate-doc:100157286:1","false","","false","","","current_unavailable_official_source","선거공보||||||0||HEIGHT||Y||||00","Current official API returned no downloadable PDF path."
"620260603-파주시라선거구-100158336-1-선거공보","제9회 전국동시지방선거","620260603","구·시·군의회의원선거","6","파주시라선거구","손형배","100158336","국민의힘","200","2","파주시의회의원","서영대학교 사회복지행정과 졸업(사회복지전문학사)","1","선거공보","선거공보","candidate-doc:100158336:1","false","","false","","","current_unavailable_official_source","선거공보||||||0||HEIGHT||Y||||00","Current official API returned no downloadable PDF path."
"620260603-파주시라선거구-100155013-1-선거공보","제9회 전국동시지방선거","620260603","구·시·군의회의원선거","6","파주시라선거구","홍윤기","100155013","무소속","9999","5","무직","국제사이버대학교 사회복지학과 2학년 휴학중","1","선거공보","선거공보","candidate-doc:100155013:1","false","","false","","","current_unavailable_official_source","선거공보||||||0||HEIGHT||Y||||00","Current official API returned no downloadable PDF path."
"620260603-파주시마선거구-100157013-1-선거공보","제9회 전국동시지방선거","620260603","구·시·군의회의원선거","6","파주시마선거구","이금옥","100157013","더불어민주당","100","1","농업회사법인 다원웰푸드(주) 대표이사","농협대학교 협동조합과 졸업","1","선거공보","선거공보","candidate-doc:100157013:1","false","","false","","","current_unavailable_official_source","선거공보||||||0||HEIGHT||Y||||00","Current official API returned no downloadable PDF path."
"620260603-파주시마선거구-100158126-1-선거공보","제9회 전국동시지방선거","620260603","구·시·군의회의원선거","6","파주시마선거구","이혜정","100158126","더불어민주당","100","1","정당인","관광학사(관광경영학 전공)","1","선거공보","선거공보","candidate-doc:100158126:1","false","","false","","","current_unavailable_official_source","선거공보||||||0||HEIGHT||Y||||00","Current official API returned no downloadable PDF path."
"620260603-파주시마선거구-100161656-1-선거공보","제9회 전국동시지방선거","620260603","구·시·군의회의원선거","6","파주시마선거구","이익선","100161656","국민의힘","200","2","파주시의회의원","국민대학교 대학원 법학과 졸업(법학박사)","1","선거공보","선거공보","candidate-doc:100161656:1","false","","false","","","current_unavailable_official_source","선거공보||||||0||HEIGHT||Y||||00","Current official API returned no downloadable PDF path."
"620260603-파주시마선거구-100155039-1-선거공보","제9회 전국동시지방선거","620260603","구·시·군의회의원선거","6","파주시마선거구","김일철","100155039","국민의힘","200","2","MTA태권도 관장","한국방송통신대학교 행정학과 1학년 재학중","1","선거공보","선거공보","candidate-doc:100155039:1","false","","false","","","current_unavailable_official_source","선거공보||||||0||HEIGHT||Y||||00","Current official API returned no downloadable PDF path."
"620260603-파주시마선거구-100155645-1-선거공보","제9회 전국동시지방선거","620260603","구·시·군의회의원선거","6","파주시마선거구","양준모","100155645","개혁신당","5070","4","애견미용학원 운영","중부대학교 경찰법학전공 졸업","1","선거공보","선거공보","candidate-doc:100155645:1","false","","false","","","current_unavailable_official_source","선거공보||||||0||HEIGHT||Y||||00","Current official API returned no downloadable PDF path."
"620260603-의정부시가선거구-100160365-1-선거공보","제9회 전국동시지방선거","620260603","구·시·군의회의원선거","6","의정부시가선거구","박지은","100160365","더불어민주당","100","1","정당인","협성대학교 대학원 졸업(아동보육학,문학박사)","1","선거공보","선거공보","candidate-doc:100160365:1","false","","false","","","current_unavailable_official_source","선거공보||||||0||HEIGHT||Y||||00","Current official API returned no downloadable PDF path."
"620260603-의정부시가선거구-100162003-1-선거공보","제9회 전국동시지방선거","620260603","구·시·군의회의원선거","6","의정부시가선거구","장수봉","100162003","조국혁신당","5077","3","정당인","서울대학교 사회교육과 졸업","1","선거공보","선거공보","candidate-doc:100162003:1","false","","false","","","current_unavailable_official_source","선거공보||||||0||HEIGHT||Y||||00","Current official API returned no downloadable PDF path."
"620260603-의정부시나선거구-100156817-1-선거공보","제9회 전국동시지방선거","620260603","구·시·군의회의원선거","6","의정부시나선거구","이광수","100156817","더불어민주당","100","1","무직","한양대학교 문화인류학과 졸업","1","선거공보","선거공보","candidate-doc:100156817:1","false","","false","","","current_unavailable_official_source","선거공보||||||0||HEIGHT||Y||||00","Current official API returned no downloadable PDF path."
"620260603-의정부시나선거구-100158605-1-선거공보","제9회 전국동시지방선거","620260603","구·시·군의회의원선거","6","의정부시나선거구","전은영","100158605","국민의힘","200","2","프리랜서(생활체육강사)","국민대학교 경영대학원 졸업(건강관리학석사)","1","선거공보","선거공보","candidate-doc:100158605:1","false","","false","","","current_unavailable_official_source","선거공보||||||0||HEIGHT||Y||||00","Current official API returned no downloadable PDF path."
"620260603-의정부시다선거구-100155099-1-선거공보","제9회 전국동시지방선거","620260603","구·시·군의회의원선거","6","의정부시다선거구","정성교","100155099","더불어민주당","100","1","정당인","체육학사(체육학전공)","1","선거공보","선거공보","candidate-doc:100155099:1","false","","false","","","current_unavailable_official_source","선거공보||||||0||HEIGHT||Y||||00","Current official API returned no downloadable PDF path."
"620260603-의정부시다선거구-100155571-1-선거공보","제9회 전국동시지방선거","620260603","구·시·군의회의원선거","6","의정부시다선거구","권영선","100155571","더불어민주당","100","1","정당인","숭실대학교 대학원 졸업(교육학 박사)","1","선거공보","선거공보","candidate-doc:100155571:1","false","","false","","","current_unavailable_official_source","선거공보||||||0||HEIGHT||Y||||00","Current official API returned no downloadable PDF path."
"620260603-의정부시다선거구-100161586-1-선거공보","제9회 전국동시지방선거","620260603","구·시·군의회의원선거","6","의정부시다선거구","이다연","100161586","국민의힘","200","2","자영업","경복대학 세무회계정보과 졸업","1","선거공보","선거공보","candidate-doc:100161586:1","false","","false","","","current_unavailable_official_source","선거공보||||||0||HEIGHT||Y||||00","Current official API returned no downloadable PDF path."
"620260603-의정부시라선거구-100154640-1-선거공보","제9회 전국동시지방선거","620260603","구·시·군의회의원선거","6","의정부시라선거구","최혜령","100154640","더불어민주당","100","1","알파오엔터테인먼트 대표","호원대학교 실용음악학부 재학중","1","선거공보","선거공보","candidate-doc:100154640:1","false","","false","","","current_unavailable_official_source","선거공보||||||0||HEIGHT||Y||||00","Current official API returned no downloadable PDF path."
"620260603-의정부시라선거구-100160408-1-선거공보","제9회 전국동시지방선거","620260603","구·시·군의회의원선거","6","의정부시라선거구","조세일","100160408","더불어민주당","100","1","의정부시의회의원","대진대학교 대학원 졸업(행정학박사)","1","선거공보","선거공보","candidate-doc:100160408:1","false","","false","","","current_unavailable_official_source","선거공보||||||0||HEIGHT||Y||||00","Current official API returned no downloadable PDF path."
"620260603-의정부시라선거구-100161709-1-선거공보","제9회 전국동시지방선거","620260603","구·시·군의회의원선거","6","의정부시라선거구","김호경","100161709","국민의힘","200","2","개업공인중개사(호반명가공인중개사무소대표)","신한대학교 일반대학원 수료(도시계획부동산박사과정)","1","선거공보","선거공보","candidate-doc:100161709:1","false","","false","","","current_unavailable_official_source","선거공보||||||0||HEIGHT||Y||||00","Current official API returned no downloadable PDF path."
"620260603-광주시다선거구-100161018-1-선거공보","제9회 전국동시지방선거","620260603","구·시·군의회의원선거","6","광주시다선거구","박지현","100161018","더불어민주당","100","1","참재가노인복지센터 대표","고려사이버대학교 법학과 졸업","1","선거공보","선거공보","candidate-doc:100161018:1","false","","false","","","current_unavailable_official_source","선거공보||||||0||HEIGHT||Y||||00","Current official API returned no downloadable PDF path."
"620260603-광주시다선거구-100157901-1-선거공보","제9회 전국동시지방선거","620260603","구·시·군의회의원선거","6","광주시다선거구","황소제","100157901","더불어민주당","100","1","광주시의회의원","호원대학교 자동차융합공학과/사회복지학(복수전공) 졸업","1","선거공보","선거공보","candidate-doc:100157901:1","false","","false","","","current_unavailable_official_source","선거공보||||||0||HEIGHT||Y||||00","Current official API returned no downloadable PDF path."
"620260603-광주시다선거구-100158261-1-선거공보","제9회 전국동시지방선거","620260603","구·시·군의회의원선거","6","광주시다선거구","최서윤","100158261","국민의힘","200","2","정당인","단국대학교 교육대학원 교육학과  체육교육 졸업(교육학석사)","1","선거공보","선거공보","candidate-doc:100158261:1","false","","false","","","current_unavailable_official_source","선거공보||||||0||HEIGHT||Y||||00","Current official API returned no downloadable PDF path."
"620260603-광주시라선거구-100161499-1-선거공보","제9회 전국동시지방선거","620260603","구·시·군의회의원선거","6","광주시라선거구","박상영","100161499","더불어민주당","100","1","광주시의회의원","충주대학교(현 국립한국교통대학교) 경영학전공 졸업","1","선거공보","선거공보","candidate-doc:100161499:1","false","","false","","","current_unavailable_official_source","선거공보||||||0||HEIGHT||Y||||00","Current official API returned no downloadable PDF path."
"620260603-광주시라선거구-100158741-1-선거공보","제9회 전국동시지방선거","620260603","구·시·군의회의원선거","6","광주시라선거구","이강섭","100158741","국민의힘","200","2","농업","농협대학교 협동조합경영과 졸업","1","선거공보","선거공보","candidate-doc:100158741:1","false","","false","","","current_unavailable_official_source","선거공보||||||0||HEIGHT||Y||||00","Current official API returned no downloadable PDF path."
"620260603-하남시가선거구-100157750-1-선거공보","제9회 전국동시지방선거","620260603","구·시·군의회의원선거","6","하남시가선거구","최승태","100157750","더불어민주당","100","1","정당인","한국방송통신대학교 행정학과 졸업","1","선거공보","선거공보","candidate-doc:100157750:1","false","","false","","","current_unavailable_official_source","선거공보||||||0||HEIGHT||Y||||00","Current official API returned no downloadable PDF path."
"620260603-하남시가선거구-100155212-1-선거공보","제9회 전국동시지방선거","620260603","구·시·군의회의원선거","6","하남시가선거구","조창민","100155212","국민의힘","200","2","청춘커뮤니티 대표","중앙대학교 예술대학원 예술경영학과 석사과정 2학기 재학중","1","선거공보","선거공보","candidate-doc:100155212:1","false","","false","","","current_unavailable_official_source","선거공보||||||0||HEIGHT||Y||||00","Current official API returned no downloadable PDF path."
"620260603-하남시라선거구-100163591-1-선거공보","제9회 전국동시지방선거","620260603","구·시·군의회의원선거","6","하남시라선거구","오승철","100163591","더불어민주당","100","1","하남시의회 의원","광주보건대학(현 광주보건대학교) 안경광학과 졸업","1","선거공보","선거공보","candidate-doc:100163591:1","false","","false","","","current_unavailable_official_source","선거공보||||||0||HEIGHT||Y||||00","Current official API returned no downloadable PDF path."
"620260603-하남시라선거구-100157563-1-선거공보","제9회 전국동시지방선거","620260603","구·시·군의회의원선거","6","하남시라선거구","정경섭","100157563","국민의힘","200","2","정당인","건국대학교 행정대학원 졸업(행정학석사)","1","선거공보","선거공보","candidate-doc:100157563:1","false","","false","","","current_unavailable_official_source","선거공보||||||0||HEIGHT||Y||||00","Current official API returned no downloadable PDF path."
"620260603-양주시가선거구-100163331-1-선거공보","제9회 전국동시지방선거","620260603","구·시·군의회의원선거","6","양주시가선거구","한상민","100163331","더불어민주당","100","1","양주시의회의원","서정대학교 휴먼케어서비스과 졸업","1","선거공보","선거공보","candidate-doc:100163331:1","false","","false","","","current_unavailable_official_source","선거공보||||||0||HEIGHT||Y||||00","Current official API returned no downloadable PDF path."
"620260603-양주시가선거구-100163512-1-선거공보","제9회 전국동시지방선거","620260603","구·시·군의회의원선거","6","양주시가선거구","이지연","100163512","더불어민주당","100","1","양주시의회의원","대진대학교 미래평생교육융합대학 사회복지상담학과 4학년 재학 중","1","선거공보","선거공보","candidate-doc:100163512:1","false","","false","","","current_unavailable_official_source","선거공보||||||0||HEIGHT||Y||||00","Current official API returned no downloadable PDF path."
"620260603-양주시가선거구-100163853-1-선거공보","제9회 전국동시지방선거","620260603","구·시·군의회의원선거","6","양주시가선거구","정현호","100163853","국민의힘","200","2","양주시의원","경민전문대학(현 경민대학교) 건축과 졸업","1","선거공보","선거공보","candidate-doc:100163853:1","false","","false","","","current_unavailable_official_source","선거공보||||||0||HEIGHT||Y||||00","Current official API returned no downloadable PDF path."
"620260603-광명시라선거구-100155920-1-선거공보","제9회 전국동시지방선거","620260603","구·시·군의회의원선거","6","광명시라선거구","박태영","100155920","더불어민주당","100","1","자영업자","단국대학교 경영학부 졸업(경영학 전공)","1","선거공보","선거공보","candidate-doc:100155920:1","false","","false","","","current_unavailable_official_source","선거공보||||||0||HEIGHT||Y||||00","Current official API returned no downloadable PDF path."
"620260603-광명시라선거구-100154500-1-선거공보","제9회 전국동시지방선거","620260603","구·시·군의회의원선거","6","광명시라선거구","최아름","100154500","더불어민주당","100","1","사회복지사","성공회대학교 시민사회복지대학원 졸업 (사회복지학석사)","1","선거공보","선거공보","candidate-doc:100154500:1","false","","false","","","current_unavailable_official_source","선거공보||||||0||HEIGHT||Y||||00","Current official API returned no downloadable PDF path."
"620260603-광명시라선거구-100156537-1-선거공보","제9회 전국동시지방선거","620260603","구·시·군의회의원선거","6","광명시라선거구","김도연","100156537","국민의힘","200","2","정당인","중앙대학교 행정대학원 졸업(행정학석사)","1","선거공보","선거공보","candidate-doc:100156537:1","false","","false","","","current_unavailable_official_source","선거공보||||||0||HEIGHT||Y||||00","Current official API returned no downloadable PDF path."
"620260603-군포시가선거구-100162801-1-선거공보","제9회 전국동시지방선거","620260603","구·시·군의회의원선거","6","군포시가선거구","이우천","100162801","더불어민주당","100","1","군포시의회의원","청주대학교 인문대학 철학과 졸업","1","선거공보","선거공보","candidate-doc:100162801:1","false","","false","","","current_unavailable_official_source","선거공보||||||0||HEIGHT||Y||||00","Current official API returned no downloadable PDF path."
"620260603-군포시나선거구-100155472-1-선거공보","제9회 전국동시지방선거","620260603","구·시·군의회의원선거","6","군포시나선거구","김동별","100155472","무소속","9999","5","정치인","동국대학교 교육대학원 졸업(교육학석사)","1","선거공보","선거공보","candidate-doc:100155472:1","false","","false","","","current_unavailable_official_source","선거공보||||||0||HEIGHT||Y||||00","Current official API returned no downloadable PDF path."
"620260603-군포시라선거구-100158054-1-선거공보","제9회 전국동시지방선거","620260603","구·시·군의회의원선거","6","군포시라선거구","정해동","100158054","더불어민주당","100","1","(주)쓰리웨이트랜스 대표이사","수원대학교 운동기능학과 2년 제적(2000.3.~2005.10.)","1","선거공보","선거공보","candidate-doc:100158054:1","false","","false","","","current_unavailable_official_source","선거공보||||||0||HEIGHT||Y||||00","Current official API returned no downloadable PDF path."
"620260603-군포시라선거구-100163977-1-선거공보","제9회 전국동시지방선거","620260603","구·시·군의회의원선거","6","군포시라선거구","박상현","100163977","국민의힘","200","2","군포시의회 의원","연세대학교 국제학대학원 국제통상경영전공 졸업 (국제학석사)","1","선거공보","선거공보","candidate-doc:100163977:1","false","","false","","","current_unavailable_official_source","선거공보||||||0||HEIGHT||Y||||00","Current official API returned no downloadable PDF path."
"620260603-오산시나선거구-100160337-1-선거공보","제9회 전국동시지방선거","620260603","구·시·군의회의원선거","6","오산시나선거구","김상미","100160337","더불어민주당","100","1","정당인","경희대학교 테크노경영대학원 글로벌경영학과 석사과정 재학중","1","선거공보","선거공보","candidate-doc:100160337:1","false","","false","","","current_unavailable_official_source","선거공보||||||0||HEIGHT||Y||||00","Current official API returned no downloadable PDF path."
"620260603-오산시나선거구-100163649-1-선거공보","제9회 전국동시지방선거","620260603","구·시·군의회의원선거","6","오산시나선거구","정윤영","100163649","더불어민주당","100","1","정당인","단국대학교 행정법무대학원 사회복지학과 중퇴(2022년03월01일~2022년09월30일)","1","선거공보","선거공보","candidate-doc:100163649:1","false","","false","","","current_unavailable_official_source","선거공보||||||0||HEIGHT||Y||||00","Current official API returned no downloadable PDF path."
"620260603-오산시나선거구-100162882-1-선거공보","제9회 전국동시지방선거","620260603","구·시·군의회의원선거","6","오산시나선거구","조미선","100162882","국민의힘","200","2","오산시의회의원","서던캘리포니아 대학교 졸업(예술학사, 2012.08-2015.12)","1","선거공보","선거공보","candidate-doc:100162882:1","false","","false","","","current_unavailable_official_source","선거공보||||||0||HEIGHT||Y||||00","Current official API returned no downloadable PDF path."
"620260603-오산시나선거구-100158317-1-선거공보","제9회 전국동시지방선거","620260603","구·시·군의회의원선거","6","오산시나선거구","박창선","100158317","국민의힘","200","2","정당인","단국대학교 행정법무대학원 졸업[사회복지학석사(사회복지)]","1","선거공보","선거공보","candidate-doc:100158317:1","false","","false","","","current_unavailable_official_source","선거공보||||||0||HEIGHT||Y||||00","Current official API returned no downloadable PDF path."
"620260603-안성시다선거구-100161794-1-선거공보","제9회 전국동시지방선거","620260603","구·시·군의회의원선거","6","안성시다선거구","조성대","100161794","무소속","9999","6","(주)푸드월드네트워크 대표이사","순천향대학교 수학과 졸업","1","선거공보","선거공보","candidate-doc:100161794:1","false","","false","","","current_unavailable_official_source","선거공보||||||0||HEIGHT||Y||||00","Current official API returned no downloadable PDF path."
"620260603-여주시나선거구-100158148-1-선거공보","제9회 전국동시지방선거","620260603","구·시·군의회의원선거","6","여주시나선거구","이상숙","100158148","국민의힘","200","2","여주시의회의원","국민대학교 교육대학원 졸업(교육학석사)","1","선거공보","선거공보","candidate-doc:100158148:1","false","","false","","","current_unavailable_official_source","선거공보||||||0||HEIGHT||Y||||00","Current official API returned no downloadable PDF path."
"620260603-여주시나선거구-100156233-1-선거공보","제9회 전국동시지방선거","620260603","구·시·군의회의원선거","6","여주시나선거구","최근필","100156233","무소속","9999","5","아름다운강천 사회적협동조합 이사장","청주대학교 신문방송학과 졸업","1","선거공보","선거공보","candidate-doc:100156233:1","false","","false","","","current_unavailable_official_source","선거공보||||||0||HEIGHT||Y||||00","Current official API returned no downloadable PDF path."
"620260603-춘천시가선거구-100156312-1-선거공보","제9회 전국동시지방선거","620260603","구·시·군의회의원선거","6","춘천시가선거구","정경옥","100156312","국민의힘","200","2","춘천시의회의원","한림성심대학교 복지공공행정학과 졸업","1","선거공보","선거공보","candidate-doc:100156312:1","false","","false","","","current_unavailable_official_source","선거공보||||||0||HEIGHT||Y||||00","Current official API returned no downloadable PDF path."
"620260603-춘천시라선거구-100156193-1-선거공보","제9회 전국동시지방선거","620260603","구·시·군의회의원선거","6","춘천시라선거구","김운기","100156193","국민의힘","200","2","춘천시의회의원","강원대학교 경영대학 회계학과 졸업","1","선거공보","선거공보","candidate-doc:100156193:1","false","","false","","","current_unavailable_official_source","선거공보||||||0||HEIGHT||Y||||00","Current official API returned no downloadable PDF path."
"620260603-춘천시라선거구-100153922-1-선거공보","제9회 전국동시지방선거","620260603","구·시·군의회의원선거","6","춘천시라선거구","최태영","100153922","개혁신당","5070","4","정당인","강원대학교 컴퓨터공학과 휴학(행정학과 2학기 복수전공)","1","선거공보","선거공보","candidate-doc:100153922:1","false","","false","","","current_unavailable_official_source","선거공보||||||0||HEIGHT||Y||||00","Current official API returned no downloadable PDF path."
"620260603-춘천시마선거구-100156211-1-선거공보","제9회 전국동시지방선거","620260603","구·시·군의회의원선거","6","춘천시마선거구","박순자","100156211","더불어민주당","100","1","자영업","송곡대학교 사회복지상담과 졸업","1","선거공보","선거공보","candidate-doc:100156211:1","false","","false","","","current_unavailable_official_source","선거공보||||||0||HEIGHT||Y||||00","Current official API returned no downloadable PDF path."
"620260603-춘천시바선거구-100157149-1-선거공보","제9회 전국동시지방선거","620260603","구·시·군의회의원선거","6","춘천시바선거구","박제철","100157149","국민의힘","200","2","춘천시의회 의원","강원대학교 정보과학.행정대학원 행정학과 졸업(행정학석사)","1","선거공보","선거공보","candidate-doc:100157149:1","false","","false","","","current_unavailable_official_source","선거공보||||||0||HEIGHT||Y||||00","Current official API returned no downloadable PDF path."
"620260603-춘천시사선거구-100157327-1-선거공보","제9회 전국동시지방선거","620260603","구·시·군의회의원선거","6","춘천시사선거구","권희영","100157327","더불어민주당","100","1","춘천시의회의원","강원대학교 법학전문대학원 법학과 졸업(법학석사)","1","선거공보","선거공보","candidate-doc:100157327:1","false","","false","","","current_unavailable_official_source","선거공보||||||0||HEIGHT||Y||||00","Current official API returned no downloadable PDF path."
"620260603-춘천시사선거구-100155764-1-선거공보","제9회 전국동시지방선거","620260603","구·시·군의회의원선거","6","춘천시사선거구","김용갑","100155764","국민의힘","200","2","춘천시의회의원","강원대학교 자연과학대학 지질학과 4학년 제적","1","선거공보","선거공보","candidate-doc:100155764:1","false","","false","","","current_unavailable_official_source","선거공보||||||0||HEIGHT||Y||||00","Current official API returned no downloadable PDF path."
"620260603-원주시아선거구-100155875-1-선거공보","제9회 전국동시지방선거","620260603","구·시·군의회의원선거","6","원주시아선거구","이경민","100155875","더불어민주당","100","1","정당인","세경대학 건축과 졸업","1","선거공보","선거공보","candidate-doc:100155875:1","false","","false","","","current_unavailable_official_source","선거공보||||||0||HEIGHT||Y||||00","Current official API returned no downloadable PDF path."
"620260603-원주시아선거구-100157489-1-선거공보","제9회 전국동시지방선거","620260603","구·시·군의회의원선거","6","원주시아선거구","박한근","100157489","국민의힘","200","2","원주시의회의원","상주농잠전문학교(현 경북대학교)농업경영과 졸업","1","선거공보","선거공보","candidate-doc:100157489:1","false","","false","","","current_unavailable_official_source","선거공보||||||0||HEIGHT||Y||||00","Current official API returned no downloadable PDF path."
"620260603-강릉시다선거구-100157190-1-선거공보","제9회 전국동시지방선거","620260603","구·시·군의회의원선거","6","강릉시다선거구","이문선","100157190","무소속","9999","6","자영업","강원대학교 일반대학원 관광학과 석사과정 제5학기 재학중","1","선거공보","선거공보","candidate-doc:100157190:1","false","","false","","","current_unavailable_official_source","선거공보||||||0||HEIGHT||Y||||00","Current official API returned no downloadable PDF path."
"620260603-삼척시나선거구-100154212-1-선거공보","제9회 전국동시지방선거","620260603","구·시·군의회의원선거","6","삼척시나선거구","서종협","100154212","더불어민주당","100","1","자영업","강원대학교 레저스포츠학과 졸업","1","선거공보","선거공보","candidate-doc:100154212:1","false","","false","","","current_unavailable_official_source","선거공보||||||0||HEIGHT||Y||||00","Current official API returned no downloadable PDF path."
"620260603-홍천군가선거구-100163847-1-선거공보","제9회 전국동시지방선거","620260603","구·시·군의회의원선거","6","홍천군가선거구","허성경","100163847","무소속","9999","5","직장인","한국방송통신대학교 유아교육과 졸업","1","선거공보","선거공보","candidate-doc:100163847:1","false","","false","","","current_unavailable_official_source","선거공보||||||0||HEIGHT||Y||||00","Current official API returned no downloadable PDF path."
"620260603-홍천군나선거구-100161097-1-선거공보","제9회 전국동시지방선거","620260603","구·시·군의회의원선거","6","홍천군나선거구","최진현","100161097","국민의힘","200","2","농업","상지영서대학교 도시조경인테리어과(현 상지대학교) 졸업","1","선거공보","선거공보","candidate-doc:100161097:1","false","","false","","","current_unavailable_official_source","선거공보||||||0||HEIGHT||Y||||00","Current official API returned no downloadable PDF path."
"620260603-홍천군나선거구-100159355-1-선거공보","제9회 전국동시지방선거","620260603","구·시·군의회의원선거","6","홍천군나선거구","남궁석","100159355","진보당","5010","5","농업","강원대학교 법과대학 행정학과 졸업","1","선거공보","선거공보","candidate-doc:100159355:1","false","","false","","","current_unavailable_official_source","선거공보||||||0||HEIGHT||Y||||00","Current official API returned no downloadable PDF path."
"620260603-홍천군다선거구-100159884-1-선거공보","제9회 전국동시지방선거","620260603","구·시·군의회의원선거","6","홍천군다선거구","차학준","100159884","더불어민주당","100","1","정당인","한림성심대학교 정보통신네트워크학과 졸업","1","선거공보","선거공보","candidate-doc:100159884:1","false","","false","","","current_unavailable_official_source","선거공보||||||0||HEIGHT||Y||||00","Current official API returned no downloadable PDF path."
"620260603-홍천군다선거구-100159328-1-선거공보","제9회 전국동시지방선거","620260603","구·시·군의회의원선거","6","홍천군다선거구","이영복","100159328","국민의힘","200","2","자영업","춘천농업고등학교(현 강원생명과학고등학교) 졸업","1","선거공보","선거공보","candidate-doc:100159328:1","false","","false","","","current_unavailable_official_source","선거공보||||||0||HEIGHT||Y||||00","Current official API returned no downloadable PDF path."
"620260603-홍천군다선거구-100161390-1-선거공보","제9회 전국동시지방선거","620260603","구·시·군의회의원선거","6","홍천군다선거구","박영록","100161390","국민의힘","200","2","홍천군의회의원","송호대학교 복지행정과 졸업","1","선거공보","선거공보","candidate-doc:100161390:1","false","","false","","","current_unavailable_official_source","선거공보||||||0||HEIGHT||Y||||00","Current official API returned no downloadable PDF path."
"620260603-청주시라선거구-100155915-1-선거공보","제9회 전국동시지방선거","620260603","구·시·군의회의원선거","6","청주시라선거구","박승찬","100155915","더불어민주당","100","1","청주시의회의원","충북대학교 세종국가정책대학원(석사) 정책학과 재학중","1","선거공보","선거공보","candidate-doc:100155915:1","false","","false","","","current_unavailable_official_source","선거공보||||||0||HEIGHT||Y||||00","Current official API returned no downloadable PDF path."
"620260603-청주시라선거구-100161826-1-선거공보","제9회 전국동시지방선거","620260603","구·시·군의회의원선거","6","청주시라선거구","임은성","100161826","더불어민주당","100","1","청주시의회의원","러시아 상트페테르부르크 국립음악원 졸업 피아노전공(1997.09~2002.06)","1","선거공보","선거공보","candidate-doc:100161826:1","false","","false","","","current_unavailable_official_source","선거공보||||||0||HEIGHT||Y||||00","Current official API returned no downloadable PDF path."
"620260603-청주시라선거구-100158073-1-선거공보","제9회 전국동시지방선거","620260603","구·시·군의회의원선거","6","청주시라선거구","김재년","100158073","국민의힘","200","2","회사원","성균관대학교 문헌정보학과 졸업","1","선거공보","선거공보","candidate-doc:100158073:1","false","","false","","","current_unavailable_official_source","선거공보||||||0||HEIGHT||Y||||00","Current official API returned no downloadable PDF path."
"620260603-청주시카선거구-100155248-1-선거공보","제9회 전국동시지방선거","620260603","구·시·군의회의원선거","6","청주시카선거구","배성철","100155248","더불어민주당","100","1","하나종합공구 공동대표","주성대학 공업경영학과 졸업(현 충북보건과학대학교)","1","선거공보","선거공보","candidate-doc:100155248:1","false","","false","","","current_unavailable_official_source","선거공보||||||0||HEIGHT||Y||||00","Current official API returned no downloadable PDF path."
"620260603-청주시카선거구-100161448-1-선거공보","제9회 전국동시지방선거","620260603","구·시·군의회의원선거","6","청주시카선거구","정영석","100161448","국민의힘","200","2","청주시의회의원","충북대학교 행정대학원 행정학과 졸업(행정학석사)","1","선거공보","선거공보","candidate-doc:100161448:1","false","","false","","","current_unavailable_official_source","선거공보||||||0||HEIGHT||Y||||00","Current official API returned no downloadable PDF path."
"620260603-제천시가선거구-100157191-1-선거공보","제9회 전국동시지방선거","620260603","구·시·군의회의원선거","6","제천시가선거구","이성진","100157191","국민의힘","200","2","농·축산업","충주공업전문학교 (현 국립한국교통대학교) 기계과 졸업","1","선거공보","선거공보","candidate-doc:100157191:1","false","","false","","","current_unavailable_official_source","선거공보||||||0||HEIGHT||Y||||00","Current official API returned no downloadable PDF path."
"620260603-제천시라선거구-100154489-1-선거공보","제9회 전국동시지방선거","620260603","구·시·군의회의원선거","6","제천시라선거구","김태호","100154489","더불어민주당","100","1","자영업","서울산업대학교(현 서울과학기술대학교) 전자정보공학과 졸업","1","선거공보","선거공보","candidate-doc:100154489:1","false","","false","","","current_unavailable_official_source","선거공보||||||0||HEIGHT||Y||||00","Current official API returned no downloadable PDF path."
"620260603-제천시바선거구-100160843-1-선거공보","제9회 전국동시지방선거","620260603","구·시·군의회의원선거","6","제천시바선거구","이정현","100160843","더불어민주당","100","1","제천시의회의원","세명대학교 법정경찰학부 법학사 졸업","1","선거공보","선거공보","candidate-doc:100160843:1","false","","false","","","current_unavailable_official_source","선거공보||||||0||HEIGHT||Y||||00","Current official API returned no downloadable PDF path."
"620260603-제천시바선거구-100160315-1-선거공보","제9회 전국동시지방선거","620260603","구·시·군의회의원선거","6","제천시바선거구","김정문","100160315","국민의힘","200","2","자영업","글로벌사이버대학교 졸업 (마케팅전공 경영학사)","1","선거공보","선거공보","candidate-doc:100160315:1","false","","false","","","current_unavailable_official_source","선거공보||||||0||HEIGHT||Y||||00","Current official API returned no downloadable PDF path."
"620260603-영동군가선거구-100159370-1-선거공보","제9회 전국동시지방선거","620260603","구·시·군의회의원선거","6","영동군가선거구","위정복","100159370","무소속","9999","7","준성수도공사 대표","정수중학교 졸업","1","선거공보","선거공보","candidate-doc:100159370:1","false","","false","","","current_unavailable_official_source","선거공보||||||0||HEIGHT||Y||||00","Current official API returned no downloadable PDF path."
"620260603-영동군나선거구-100160404-1-선거공보","제9회 전국동시지방선거","620260603","구·시·군의회의원선거","6","영동군나선거구","이승주","100160404","무소속","9999","5","자영업","학산고등학교 졸업","1","선거공보","선거공보","candidate-doc:100160404:1","false","","false","","","current_unavailable_official_source","선거공보||||||0||HEIGHT||Y||||00","Current official API returned no downloadable PDF path."
"620260603-영동군다선거구-100160023-1-선거공보","제9회 전국동시지방선거","620260603","구·시·군의회의원선거","6","영동군다선거구","손석구","100160023","더불어민주당","100","1","농업","유원대학교 산업정보대학원 졸업(사회복지학석사)","1","선거공보","선거공보","candidate-doc:100160023:1","false","","false","","","current_unavailable_official_source","선거공보||||||0||HEIGHT||Y||||00","Current official API returned no downloadable PDF path."
"620260603-영동군다선거구-100159509-1-선거공보","제9회 전국동시지방선거","620260603","구·시·군의회의원선거","6","영동군다선거구","박용성","100159509","국민의힘","200","2","땅심상사 영동대리점 대표","경북산업대학(현 경일대학교) 전기공학과 졸업","1","선거공보","선거공보","candidate-doc:100159509:1","false","","false","","","current_unavailable_official_source","선거공보||||||0||HEIGHT||Y||||00","Current official API returned no downloadable PDF path."
"620260603-괴산군나선거구-100158665-1-선거공보","제9회 전국동시지방선거","620260603","구·시·군의회의원선거","6","괴산군나선거구","박선옥","100158665","무소속","9999","5","충청대학교 평생교육융합학부 강사","충북대학교 대학원 박사과정수료(기술경영전공)","1","선거공보","선거공보","candidate-doc:100158665:1","false","","false","","","current_unavailable_official_source","선거공보||||||0||HEIGHT||Y||||00","Current official API returned no downloadable PDF path."
"620260603-천안시가선거구-100162587-1-선거공보","제9회 전국동시지방선거","620260603","구·시·군의회의원선거","6","천안시가선거구","류제국","100162587","더불어민주당","100","1","천안시의회의원","고려대학교 행정전문대학원 행정학과 석사과정 재학중","1","선거공보","선거공보","candidate-doc:100162587:1","false","","false","","","current_unavailable_official_source","선거공보||||||0||HEIGHT||Y||||00","Current official API returned no downloadable PDF path."
"620260603-천안시가선거구-100158098-1-선거공보","제9회 전국동시지방선거","620260603","구·시·군의회의원선거","6","천안시가선거구","권오중","100158098","국민의힘","200","2","정당인","호서대학교 신학과 졸업","1","선거공보","선거공보","candidate-doc:100158098:1","false","","false","","","current_unavailable_official_source","선거공보||||||0||HEIGHT||Y||||00","Current official API returned no downloadable PDF path."
"620260603-천안시나선거구-100156353-1-선거공보","제9회 전국동시지방선거","620260603","구·시·군의회의원선거","6","천안시나선거구","배관중","100156353","더불어민주당","100","1","(주)도시합동개발대표","고려대학교 대학원 국토 및 도시정책 협동과정 석사과정수료","1","선거공보","선거공보","candidate-doc:100156353:1","false","","false","","","current_unavailable_official_source","선거공보||||||0||HEIGHT||Y||||00","Current official API returned no downloadable PDF path."
"620260603-천안시나선거구-100158361-1-선거공보","제9회 전국동시지방선거","620260603","구·시·군의회의원선거","6","천안시나선거구","조성준","100158361","국민의힘","200","2","정당인","고려대학교 경영정보대학원 졸업(경영학 석사)","1","선거공보","선거공보","candidate-doc:100158361:1","false","","false","","","current_unavailable_official_source","선거공보||||||0||HEIGHT||Y||||00","Current official API returned no downloadable PDF path."
"620260603-천안시라선거구-100157628-1-선거공보","제9회 전국동시지방선거","620260603","구·시·군의회의원선거","6","천안시라선거구","이나현","100157628","조국혁신당","5077","3","정당인","동국대학교 대학원 북한학과 박사과정 1학기 재학중","1","선거공보","선거공보","candidate-doc:100157628:1","false","","false","","","current_unavailable_official_source","선거공보||||||0||HEIGHT||Y||||00","Current official API returned no downloadable PDF path."
"620260603-천안시마선거구-100157338-1-선거공보","제9회 전국동시지방선거","620260603","구·시·군의회의원선거","6","천안시마선거구","윤철상","100157338","더불어민주당","100","1","정당인","천안외국어대학 경영과 졸업(현 백석문화대학교)","1","선거공보","선거공보","candidate-doc:100157338:1","false","","false","","","current_unavailable_official_source","선거공보||||||0||HEIGHT||Y||||00","Current official API returned no downloadable PDF path."
"620260603-천안시바선거구-100163016-1-선거공보","제9회 전국동시지방선거","620260603","구·시·군의회의원선거","6","천안시바선거구","전용길","100163016","조국혁신당","5077","3","주식회사 더씨티 대표이사","단국대학교 정책경영대학원 졸업(법학석사)","1","선거공보","선거공보","candidate-doc:100163016:1","false","","false","","","current_unavailable_official_source","선거공보||||||0||HEIGHT||Y||||00","Current official API returned no downloadable PDF path."
"620260603-천안시사선거구-100161261-1-선거공보","제9회 전국동시지방선거","620260603","구·시·군의회의원선거","6","천안시사선거구","배성민","100161261","더불어민주당","100","1","천안시의회의원","한국방송통신대학교 법학과 졸업","1","선거공보","선거공보","candidate-doc:100161261:1","false","","false","","","current_unavailable_official_source","선거공보||||||0||HEIGHT||Y||||00","Current official API returned no downloadable PDF path."
"620260603-천안시자선거구-100161384-1-선거공보","제9회 전국동시지방선거","620260603","구·시·군의회의원선거","6","천안시자선거구","박종갑","100161384","더불어민주당","100","1","천안시의회의원","단국대학교 행정학과 졸업","1","선거공보","선거공보","candidate-doc:100161384:1","false","","false","","","current_unavailable_official_source","선거공보||||||0||HEIGHT||Y||||00","Current official API returned no downloadable PDF path."
"620260603-천안시자선거구-100162798-1-선거공보","제9회 전국동시지방선거","620260603","구·시·군의회의원선거","6","천안시자선거구","김영한","100162798","국민의힘","200","2","천안시의회 의원","호서대학교 사회복지학 학사학위취득","1","선거공보","선거공보","candidate-doc:100162798:1","false","","false","","","current_unavailable_official_source","선거공보||||||0||HEIGHT||Y||||00","Current official API returned no downloadable PDF path."
"620260603-아산시다선거구-100164808-1-선거공보","제9회 전국동시지방선거","620260603","구·시·군의회의원선거","6","아산시다선거구","천철호","100164808","더불어민주당","100","1","아산시의회의원","호서대학교 경영대학원 경영학과 재학중(석사과정)","1","선거공보","선거공보","candidate-doc:100164808:1","false","","false","","","current_unavailable_official_source","선거공보||||||0||HEIGHT||Y||||00","Current official API returned no downloadable PDF path."
"620260603-아산시다선거구-100164671-1-선거공보","제9회 전국동시지방선거","620260603","구·시·군의회의원선거","6","아산시다선거구","윤원준","100164671","국민의힘","200","2","아산시의회의원","순천향대학교 미래융합대학원 졸업(석사)","1","선거공보","선거공보","candidate-doc:100164671:1","false","","false","","","current_unavailable_official_source","선거공보||||||0||HEIGHT||Y||||00","Current official API returned no downloadable PDF path."
"620260603-홍성군가선거구-100160944-1-선거공보","제9회 전국동시지방선거","620260603","구·시·군의회의원선거","6","홍성군가선거구","최선경","100160944","더불어민주당","100","1","홍성군의회의원","중앙대학교 일반대학원 의회학과 박사과정 수료","1","선거공보","선거공보","candidate-doc:100160944:1","false","","false","","","current_unavailable_official_source","선거공보||||||0||HEIGHT||Y||||00","Current official API returned no downloadable PDF path."
"620260603-전주시라선거구-100156278-1-선거공보","제9회 전국동시지방선거","620260603","구·시·군의회의원선거","6","전주시라선거구","최명철","100156278","더불어민주당","100","1","전주시의회의원","전주대학교 영어영문학과 졸업","1","선거공보","선거공보","candidate-doc:100156278:1","false","","false","","","current_unavailable_official_source","선거공보||||||0||HEIGHT||Y||||00","Current official API returned no downloadable PDF path."
"620260603-전주시마선거구-100156826-1-선거공보","제9회 전국동시지방선거","620260603","구·시·군의회의원선거","6","전주시마선거구","진예찬","100156826","더불어민주당","100","1","개인사업자","전북대학교 법무대학원 법학과 석사과정수료","1","선거공보","선거공보","candidate-doc:100156826:1","false","","false","","","current_unavailable_official_source","선거공보||||||0||HEIGHT||Y||||00","Current official API returned no downloadable PDF path."
"620260603-전주시마선거구-100156542-1-선거공보","제9회 전국동시지방선거","620260603","구·시·군의회의원선거","6","전주시마선거구","김동헌","100156542","더불어민주당","100","1","전주시의회 의원","원광대학교 행정대학원 사회복지학 석사","1","선거공보","선거공보","candidate-doc:100156542:1","false","","false","","","current_unavailable_official_source","선거공보||||||0||HEIGHT||Y||||00","Current official API returned no downloadable PDF path."
"620260603-전주시마선거구-100158691-1-선거공보","제9회 전국동시지방선거","620260603","구·시·군의회의원선거","6","전주시마선거구","김현덕","100158691","무소속","9999","6","전주시의회의원","우석대학교 태권도학과 졸업","1","선거공보","선거공보","candidate-doc:100158691:1","false","","false","","","current_unavailable_official_source","선거공보||||||0||HEIGHT||Y||||00","Current official API returned no downloadable PDF path."
"620260603-전주시타선거구-100154430-1-선거공보","제9회 전국동시지방선거","620260603","구·시·군의회의원선거","6","전주시타선거구","신인철","100154430","더불어민주당","100","1","정당인","전북대학교 공공정책대학원 사회복지학과 졸업","1","선거공보","선거공보","candidate-doc:100154430:1","false","","false","","","current_unavailable_official_source","선거공보||||||0||HEIGHT||Y||||00","Current official API returned no downloadable PDF path."
"620260603-전주시타선거구-100157682-1-선거공보","제9회 전국동시지방선거","620260603","구·시·군의회의원선거","6","전주시타선거구","신유정","100157682","더불어민주당","100","1","전주시의회의원","전북대학교 사회학과 졸업","1","선거공보","선거공보","candidate-doc:100157682:1","false","","false","","","current_unavailable_official_source","선거공보||||||0||HEIGHT||Y||||00","Current official API returned no downloadable PDF path."
"620260603-군산시다선거구-100154013-1-선거공보","제9회 전국동시지방선거","620260603","구·시·군의회의원선거","6","군산시다선거구","최경애","100154013","더불어민주당","100","1","동군산발전포럼 대표","전북대학교 사회학과 졸업","1","선거공보","선거공보","candidate-doc:100154013:1","false","","false","","","current_unavailable_official_source","선거공보||||||0||HEIGHT||Y||||00","Current official API returned no downloadable PDF path."
"620260603-군산시다선거구-100153876-1-선거공보","제9회 전국동시지방선거","620260603","구·시·군의회의원선거","6","군산시다선거구","이동현","100153876","더불어민주당","100","1","농민농약백화점 대표","원광대학교 대학원 수학과 졸업(이학석사)","1","선거공보","선거공보","candidate-doc:100153876:1","false","","false","","","current_unavailable_official_source","선거공보||||||0||HEIGHT||Y||||00","Current official API returned no downloadable PDF path."
"620260603-익산시가선거구-100155960-1-선거공보","제9회 전국동시지방선거","620260603","구·시·군의회의원선거","6","익산시가선거구","김미선","100155960","더불어민주당","100","1","익산시의회의원","미기재","1","선거공보","선거공보","candidate-doc:100155960:1","false","","false","","","current_unavailable_official_source","선거공보||||||0||HEIGHT||Y||||00","Current official API returned no downloadable PDF path."
"620260603-익산시가선거구-100155969-1-선거공보","제9회 전국동시지방선거","620260603","구·시·군의회의원선거","6","익산시가선거구","장경호","100155969","더불어민주당","100","1","익산시의회 의원","원광대학교 국사교육과 졸업","1","선거공보","선거공보","candidate-doc:100155969:1","false","","false","","","current_unavailable_official_source","선거공보||||||0||HEIGHT||Y||||00","Current official API returned no downloadable PDF path."
"620260603-정읍시가선거구-100155288-1-선거공보","제9회 전국동시지방선거","620260603","구·시·군의회의원선거","6","정읍시가선거구","오명제","100155288","더불어민주당","100","1","정읍시의회 의원","전북산업대학교(현 호원대학교) 토목공학과 졸업","1","선거공보","선거공보","candidate-doc:100155288:1","false","","false","","","current_unavailable_official_source","선거공보||||||0||HEIGHT||Y||||00","Current official API returned no downloadable PDF path."
"620260603-정읍시가선거구-100158556-1-선거공보","제9회 전국동시지방선거","620260603","구·시·군의회의원선거","6","정읍시가선거구","고성환","100158556","더불어민주당","100","1","정읍시의회의원","고려대학교 철학과 졸업","1","선거공보","선거공보","candidate-doc:100158556:1","false","","false","","","current_unavailable_official_source","선거공보||||||0||HEIGHT||Y||||00","Current official API returned no downloadable PDF path."
"620260603-정읍시가선거구-100155630-1-선거공보","제9회 전국동시지방선거","620260603","구·시·군의회의원선거","6","정읍시가선거구","박철용","100155630","조국혁신당","5077","3","정당인","전북과학대학교 복지계열(사회복지전공) 졸업","1","선거공보","선거공보","candidate-doc:100155630:1","false","","false","","","current_unavailable_official_source","선거공보||||||0||HEIGHT||Y||||00","Current official API returned no downloadable PDF path."
"620260603-정읍시가선거구-100156986-1-선거공보","제9회 전국동시지방선거","620260603","구·시·군의회의원선거","6","정읍시가선거구","오승현","100156986","무소속","9999","5","정읍시의회의원","전북과학대학교 방송연예·미디어과 졸업","1","선거공보","선거공보","candidate-doc:100156986:1","false","","false","","","current_unavailable_official_source","선거공보||||||0||HEIGHT||Y||||00","Current official API returned no downloadable PDF path."
"620260603-정읍시나선거구-100154009-1-선거공보","제9회 전국동시지방선거","620260603","구·시·군의회의원선거","6","정읍시나선거구","김경섭","100154009","더불어민주당","100","1","축산업","호원대학교 행정학과 졸업","1","선거공보","선거공보","candidate-doc:100154009:1","false","","false","","","current_unavailable_official_source","선거공보||||||0||HEIGHT||Y||||00","Current official API returned no downloadable PDF path."
"620260603-정읍시나선거구-100165552-1-선거공보","제9회 전국동시지방선거","620260603","구·시·군의회의원선거","6","정읍시나선거구","고경윤","100165552","더불어민주당","100","1","정읍시의회 의원","전북과학대학교 스마트정보과 졸업","1","선거공보","선거공보","candidate-doc:100165552:1","false","","false","","","current_unavailable_official_source","선거공보||||||0||HEIGHT||Y||||00","Current official API returned no downloadable PDF path."
"620260603-정읍시나선거구-100160638-1-선거공보","제9회 전국동시지방선거","620260603","구·시·군의회의원선거","6","정읍시나선거구","이복형","100160638","무소속","9999","5","축산업","전북과학대학교 경영계열(세무회계전공) 졸업","1","선거공보","선거공보","candidate-doc:100160638:1","false","","false","","","current_unavailable_official_source","선거공보||||||0||HEIGHT||Y||||00","Current official API returned no downloadable PDF path."
"620260603-정읍시나선거구-100158295-1-선거공보","제9회 전국동시지방선거","620260603","구·시·군의회의원선거","6","정읍시나선거구","이영민","100158295","무소속","9999","6","내장산기획사 대표","한국방송통신대학교 사회복지학과 졸업","1","선거공보","선거공보","candidate-doc:100158295:1","false","","false","","","current_unavailable_official_source","선거공보||||||0||HEIGHT||Y||||00","Current official API returned no downloadable PDF path."
"620260603-정읍시다선거구-100156907-1-선거공보","제9회 전국동시지방선거","620260603","구·시·군의회의원선거","6","정읍시다선거구","황혜숙","100156907","더불어민주당","100","1","정읍시의회의원","전북과학대학교 스마트정보과 1년 제적(2014.03~2014.10)","1","선거공보","선거공보","candidate-doc:100156907:1","false","","false","","","current_unavailable_official_source","선거공보||||||0||HEIGHT||Y||||00","Current official API returned no downloadable PDF path."
"620260603-정읍시다선거구-100155403-1-선거공보","제9회 전국동시지방선거","620260603","구·시·군의회의원선거","6","정읍시다선거구","한선미","100155403","더불어민주당","100","1","정읍시의회 의원","호남신학대학교 신학과 졸업(복수전공: 사회복지상담학과)","1","선거공보","선거공보","candidate-doc:100155403:1","false","","false","","","current_unavailable_official_source","선거공보||||||0||HEIGHT||Y||||00","Current official API returned no downloadable PDF path."
"620260603-정읍시라선거구-100153909-1-선거공보","제9회 전국동시지방선거","620260603","구·시·군의회의원선거","6","정읍시라선거구","최강술","100153909","더불어민주당","100","1","농업","한국방송통신대학교 농학과 졸업","1","선거공보","선거공보","candidate-doc:100153909:1","false","","false","","","current_unavailable_official_source","선거공보||||||0||HEIGHT||Y||||00","Current official API returned no downloadable PDF path."
"620260603-정읍시라선거구-100157273-1-선거공보","제9회 전국동시지방선거","620260603","구·시·군의회의원선거","6","정읍시라선거구","최재기","100157273","더불어민주당","100","1","정읍시의회 의원","전북과학대학교 스마트정보과 졸업(공업전문학사)","1","선거공보","선거공보","candidate-doc:100157273:1","false","","false","","","current_unavailable_official_source","선거공보||||||0||HEIGHT||Y||||00","Current official API returned no downloadable PDF path."
"620260603-정읍시라선거구-100158753-1-선거공보","제9회 전국동시지방선거","620260603","구·시·군의회의원선거","6","정읍시라선거구","박성완","100158753","조국혁신당","5077","3","호남식당 대표","군산대학교 경영회계학부 졸업","1","선거공보","선거공보","candidate-doc:100158753:1","false","","false","","","current_unavailable_official_source","선거공보||||||0||HEIGHT||Y||||00","Current official API returned no downloadable PDF path."
"620260603-정읍시라선거구-100161796-1-선거공보","제9회 전국동시지방선거","620260603","구·시·군의회의원선거","6","정읍시라선거구","김승범","100161796","무소속","9999","5","정읍시의회의원","벽성대학 사회복지경영과 졸업","1","선거공보","선거공보","candidate-doc:100161796:1","false","","false","","","current_unavailable_official_source","선거공보||||||0||HEIGHT||Y||||00","Current official API returned no downloadable PDF path."
"620260603-정읍시마선거구-100153906-1-선거공보","제9회 전국동시지방선거","620260603","구·시·군의회의원선거","6","정읍시마선거구","이남희","100153906","더불어민주당","100","1","정당인","전북대학교 행정대학원 졸업(행정학석사)","1","선거공보","선거공보","candidate-doc:100153906:1","false","","false","","","current_unavailable_official_source","선거공보||||||0||HEIGHT||Y||||00","Current official API returned no downloadable PDF path."
"620260603-정읍시마선거구-100155407-1-선거공보","제9회 전국동시지방선거","620260603","구·시·군의회의원선거","6","정읍시마선거구","김용훈","100155407","더불어민주당","100","1","유한회사 시원 공동대표","전북대학교 토목공학과 졸업","1","선거공보","선거공보","candidate-doc:100155407:1","false","","false","","","current_unavailable_official_source","선거공보||||||0||HEIGHT||Y||||00","Current official API returned no downloadable PDF path."
"620260603-정읍시마선거구-100157626-1-선거공보","제9회 전국동시지방선거","620260603","구·시·군의회의원선거","6","정읍시마선거구","김을수","100157626","조국혁신당","5077","3","회사원","우석대학교 스포츠지도학과 졸업","1","선거공보","선거공보","candidate-doc:100157626:1","false","","false","","","current_unavailable_official_source","선거공보||||||0||HEIGHT||Y||||00","Current official API returned no downloadable PDF path."
"620260603-정읍시마선거구-100160174-1-선거공보","제9회 전국동시지방선거","620260603","구·시·군의회의원선거","6","정읍시마선거구","이도형","100160174","무소속","9999","5","정읍시의회의원","전주대학교 행정대학원 사회복지학과 수료","1","선거공보","선거공보","candidate-doc:100160174:1","false","","false","","","current_unavailable_official_source","선거공보||||||0||HEIGHT||Y||||00","Current official API returned no downloadable PDF path."
"620260603-정읍시마선거구-100155315-1-선거공보","제9회 전국동시지방선거","620260603","구·시·군의회의원선거","6","정읍시마선거구","김석환","100155315","무소속","9999","6","정읍시의회 의원","전북과학대학교 호텔·관광·바리스타과 졸업","1","선거공보","선거공보","candidate-doc:100155315:1","false","","false","","","current_unavailable_official_source","선거공보||||||0||HEIGHT||Y||||00","Current official API returned no downloadable PDF path."
"620260603-정읍시바선거구-100154880-1-선거공보","제9회 전국동시지방선거","620260603","구·시·군의회의원선거","6","정읍시바선거구","서향경","100154880","더불어민주당","100","1","정읍시의회 의원","전북대학교 대학원 박사과정 수료","1","선거공보","선거공보","candidate-doc:100154880:1","false","","false","","","current_unavailable_official_source","선거공보||||||0||HEIGHT||Y||||00","Current official API returned no downloadable PDF path."
"620260603-정읍시바선거구-100158689-1-선거공보","제9회 전국동시지방선거","620260603","구·시·군의회의원선거","6","정읍시바선거구","박일","100158689","더불어민주당","100","1","정읍시의회의원","원광대학교 영어영문학과 졸업","1","선거공보","선거공보","candidate-doc:100158689:1","false","","false","","","current_unavailable_official_source","선거공보||||||0||HEIGHT||Y||||00","Current official API returned no downloadable PDF path."
"620260603-정읍시바선거구-100163544-1-선거공보","제9회 전국동시지방선거","620260603","구·시·군의회의원선거","6","정읍시바선거구","조상중","100163544","무소속","9999","5","임대업","원광대학교 경영대학 경영학부 졸업","1","선거공보","선거공보","candidate-doc:100163544:1","false","","false","","","current_unavailable_official_source","선거공보||||||0||HEIGHT||Y||||00","Current official API returned no downloadable PDF path."
"620260603-정읍시사선거구-100154195-1-선거공보","제9회 전국동시지방선거","620260603","구·시·군의회의원선거","6","정읍시사선거구","정상섭","100154195","더불어민주당","100","1","정당인","전북대학교 대학원 법학과 졸업(법학석사)","1","선거공보","선거공보","candidate-doc:100154195:1","false","","false","","","current_unavailable_official_source","선거공보||||||0||HEIGHT||Y||||00","Current official API returned no downloadable PDF path."
"620260603-정읍시사선거구-100154276-1-선거공보","제9회 전국동시지방선거","620260603","구·시·군의회의원선거","6","정읍시사선거구","김영현","100154276","더불어민주당","100","1","자영업(셀프빨래방 운영)","군산대학교 교육대학원 교육학과 졸업(교육학석사 체육교육)","1","선거공보","선거공보","candidate-doc:100154276:1","false","","false","","","current_unavailable_official_source","선거공보||||||0||HEIGHT||Y||||00","Current official API returned no downloadable PDF path."
"620260603-정읍시사선거구-100158440-1-선거공보","제9회 전국동시지방선거","620260603","구·시·군의회의원선거","6","정읍시사선거구","이홍로","100158440","조국혁신당","5077","3","구파백정기의사 기념사업회 회장","원광대학교 행정대학원 지방자치학과 졸업(행정학 석사)","1","선거공보","선거공보","candidate-doc:100158440:1","false","","false","","","current_unavailable_official_source","선거공보||||||0||HEIGHT||Y||||00","Current official API returned no downloadable PDF path."
"620260603-정읍시사선거구-100160733-1-선거공보","제9회 전국동시지방선거","620260603","구·시·군의회의원선거","6","정읍시사선거구","이만재","100160733","무소속","9999","5","정읍시의회 의원","우석대학교 경영문화대학원 경영학과 졸업(경영학 석사)","1","선거공보","선거공보","candidate-doc:100160733:1","false","","false","","","current_unavailable_official_source","선거공보||||||0||HEIGHT||Y||||00","Current official API returned no downloadable PDF path."
"620260603-남원시가선거구-100156205-1-선거공보","제9회 전국동시지방선거","620260603","구·시·군의회의원선거","6","남원시가선거구","소태수","100156205","더불어민주당","100","1","남원시의회의원","전남과학대학 지리정보토목과 졸업","1","선거공보","선거공보","candidate-doc:100156205:1","false","","false","","","current_unavailable_official_source","선거공보||||||0||HEIGHT||Y||||00","Current official API returned no downloadable PDF path."
"620260603-남원시가선거구-100155716-1-선거공보","제9회 전국동시지방선거","620260603","구·시·군의회의원선거","6","남원시가선거구","조용수","100155716","더불어민주당","100","1","농업","전북대학교 경영대학원 산업경제학과 졸업(경제학석사)","1","선거공보","선거공보","candidate-doc:100155716:1","false","","false","","","current_unavailable_official_source","선거공보||||||0||HEIGHT||Y||||00","Current official API returned no downloadable PDF path."
"620260603-남원시라선거구-100155733-1-선거공보","제9회 전국동시지방선거","620260603","구·시·군의회의원선거","6","남원시라선거구","장병옥","100155733","더불어민주당","100","1","농업","성원고등학교 졸업","1","선거공보","선거공보","candidate-doc:100155733:1","false","","false","","","current_unavailable_official_source","선거공보||||||0||HEIGHT||Y||||00","Current official API returned no downloadable PDF path."
"620260603-남원시라선거구-100157834-1-선거공보","제9회 전국동시지방선거","620260603","구·시·군의회의원선거","6","남원시라선거구","이기열","100157834","더불어민주당","100","1","남원시의회의원","성원고등학교 졸업","1","선거공보","선거공보","candidate-doc:100157834:1","false","","false","","","current_unavailable_official_source","선거공보||||||0||HEIGHT||Y||||00","Current official API returned no downloadable PDF path."
"620260603-김제시가선거구-100155770-1-선거공보","제9회 전국동시지방선거","620260603","구·시·군의회의원선거","6","김제시가선거구","이정자","100155770","더불어민주당","100","1","김제시의회의원","행정학사(사회복지학 전공)","1","선거공보","선거공보","candidate-doc:100155770:1","false","","false","","","current_unavailable_official_source","선거공보||||||0||HEIGHT||Y||||00","Current official API returned no downloadable PDF path."
"620260603-김제시가선거구-100155176-1-선거공보","제9회 전국동시지방선거","620260603","구·시·군의회의원선거","6","김제시가선거구","주상현","100155176","더불어민주당","100","1","김제시의회의원","전북대학교 공공정책대학원 행정학과 졸업(행정학 석사)","1","선거공보","선거공보","candidate-doc:100155176:1","false","","false","","","current_unavailable_official_source","선거공보||||||0||HEIGHT||Y||||00","Current official API returned no downloadable PDF path."
"620260603-김제시가선거구-100157560-1-선거공보","제9회 전국동시지방선거","620260603","구·시·군의회의원선거","6","김제시가선거구","남궁윤","100157560","더불어민주당","100","1","정당인","동국대 대학원 교육학과 교육행정전공 교육학박사 졸업","1","선거공보","선거공보","candidate-doc:100157560:1","false","","false","","","current_unavailable_official_source","선거공보||||||0||HEIGHT||Y||||00","Current official API returned no downloadable PDF path."
"620260603-김제시가선거구-100160024-1-선거공보","제9회 전국동시지방선거","620260603","구·시·군의회의원선거","6","김제시가선거구","유진우","100160024","무소속","9999","5","농업","서해대학 경찰경호과 졸업","1","선거공보","선거공보","candidate-doc:100160024:1","false","","false","","","current_unavailable_official_source","선거공보||||||0||HEIGHT||Y||||00","Current official API returned no downloadable PDF path."
"620260603-김제시나선거구-100154854-1-선거공보","제9회 전국동시지방선거","620260603","구·시·군의회의원선거","6","김제시나선거구","최보선","100154854","더불어민주당","100","1","무직","전북대학교 사회학과 졸업","1","선거공보","선거공보","candidate-doc:100154854:1","false","","false","","","current_unavailable_official_source","선거공보||||||0||HEIGHT||Y||||00","Current official API returned no downloadable PDF path."
"620260603-김제시나선거구-100156260-1-선거공보","제9회 전국동시지방선거","620260603","구·시·군의회의원선거","6","김제시나선거구","오승경","100156260","더불어민주당","100","1","김제시의회의원","경희대학교 경영학사","1","선거공보","선거공보","candidate-doc:100156260:1","false","","false","","","current_unavailable_official_source","선거공보||||||0||HEIGHT||Y||||00","Current official API returned no downloadable PDF path."
"620260603-김제시나선거구-100160387-1-선거공보","제9회 전국동시지방선거","620260603","구·시·군의회의원선거","6","김제시나선거구","김영자","100160387","더불어민주당","100","1","정당인","전북대학교 행정대학원 행정학석사 졸업","1","선거공보","선거공보","candidate-doc:100160387:1","false","","false","","","current_unavailable_official_source","선거공보||||||0||HEIGHT||Y||||00","Current official API returned no downloadable PDF path."
"620260603-김제시나선거구-100163659-1-선거공보","제9회 전국동시지방선거","620260603","구·시·군의회의원선거","6","김제시나선거구","박성운","100163659","조국혁신당","5077","3","소상공인","한국방송통신대 농학과(3학년 재학중)","1","선거공보","선거공보","candidate-doc:100163659:1","false","","false","","","current_unavailable_official_source","선거공보||||||0||HEIGHT||Y||||00","Current official API returned no downloadable PDF path."
"620260603-김제시나선거구-100165246-1-선거공보","제9회 전국동시지방선거","620260603","구·시·군의회의원선거","6","김제시나선거구","조성원","100165246","무소속","9999","5","농업","한국체육대학교 교육대학원 특수체육교육학과 졸업","1","선거공보","선거공보","candidate-doc:100165246:1","false","","false","","","current_unavailable_official_source","선거공보||||||0||HEIGHT||Y||||00","Current official API returned no downloadable PDF path."
"620260603-김제시다선거구-100155935-1-선거공보","제9회 전국동시지방선거","620260603","구·시·군의회의원선거","6","김제시다선거구","장민우","100155935","더불어민주당","100","1","정당인","덕암고등학교 졸업","1","선거공보","선거공보","candidate-doc:100155935:1","false","","false","","","current_unavailable_official_source","선거공보||||||0||HEIGHT||Y||||00","Current official API returned no downloadable PDF path."
"620260603-김제시다선거구-100155442-1-선거공보","제9회 전국동시지방선거","620260603","구·시·군의회의원선거","6","김제시다선거구","오상민","100155442","더불어민주당","100","1","자영업","한국방송통신대학교 경영학과 졸업","1","선거공보","선거공보","candidate-doc:100155442:1","false","","false","","","current_unavailable_official_source","선거공보||||||0||HEIGHT||Y||||00","Current official API returned no downloadable PDF path."
"620260603-김제시다선거구-100154866-1-선거공보","제9회 전국동시지방선거","620260603","구·시·군의회의원선거","6","김제시다선거구","김민완","100154866","더불어민주당","100","1","서교공인중개사대표","전북대학교 농과대학 임학과 졸업","1","선거공보","선거공보","candidate-doc:100154866:1","false","","false","","","current_unavailable_official_source","선거공보||||||0||HEIGHT||Y||||00","Current official API returned no downloadable PDF path."
"620260603-김제시라선거구-100154872-1-선거공보","제9회 전국동시지방선거","620260603","구·시·군의회의원선거","6","김제시라선거구","김진수","100154872","더불어민주당","100","1","행정사 김진수사무소 대표","원광대학교 사회과학대학 행정학과 졸업","1","선거공보","선거공보","candidate-doc:100154872:1","false","","false","","","current_unavailable_official_source","선거공보||||||0||HEIGHT||Y||||00","Current official API returned no downloadable PDF path."
"620260603-김제시라선거구-100157339-1-선거공보","제9회 전국동시지방선거","620260603","구·시·군의회의원선거","6","김제시라선거구","김승일","100157339","더불어민주당","100","1","김제시의회의원","전북대학교 대학원 행정학과 박사과정 재학","1","선거공보","선거공보","candidate-doc:100157339:1","false","","false","","","current_unavailable_official_source","선거공보||||||0||HEIGHT||Y||||00","Current official API returned no downloadable PDF path."
"620260603-김제시라선거구-100157002-1-선거공보","제9회 전국동시지방선거","620260603","구·시·군의회의원선거","6","김제시라선거구","문순자","100157002","더불어민주당","100","1","김제시의회의원","원광대학교 경영대학 경영학부(경영학사) 졸업","1","선거공보","선거공보","candidate-doc:100157002:1","false","","false","","","current_unavailable_official_source","선거공보||||||0||HEIGHT||Y||||00","Current official API returned no downloadable PDF path."
"620260603-김제시라선거구-100162295-1-선거공보","제9회 전국동시지방선거","620260603","구·시·군의회의원선거","6","김제시라선거구","최훈","100162295","무소속","9999","5","자영업","벽성대학 사무자동화과(사무전산전문학사) 졸업","1","선거공보","선거공보","candidate-doc:100162295:1","false","","false","","","current_unavailable_official_source","선거공보||||||0||HEIGHT||Y||||00","Current official API returned no downloadable PDF path."
"620260603-완주군나선거구-100159635-1-선거공보","제9회 전국동시지방선거","620260603","구·시·군의회의원선거","6","완주군나선거구","최광호","100159635","더불어민주당","100","1","완주군의회 군의원","전북대학교 스포츠과학과 졸업","1","선거공보","선거공보","candidate-doc:100159635:1","false","","false","","","current_unavailable_official_source","선거공보||||||0||HEIGHT||Y||||00","Current official API returned no downloadable PDF path."
"620260603-완주군나선거구-100159533-1-선거공보","제9회 전국동시지방선거","620260603","구·시·군의회의원선거","6","완주군나선거구","성중기","100159533","더불어민주당","100","1","완주군의원","전북대학교 법과대학 공법학과 졸업","1","선거공보","선거공보","candidate-doc:100159533:1","false","","false","","","current_unavailable_official_source","선거공보||||||0||HEIGHT||Y||||00","Current official API returned no downloadable PDF path."
"620260603-완주군나선거구-100163602-1-선거공보","제9회 전국동시지방선거","620260603","구·시·군의회의원선거","6","완주군나선거구","권오석","100163602","무소속","9999","5","자영업","우석대학교 소방방재학과 휴학","1","선거공보","선거공보","candidate-doc:100163602:1","false","","false","","","current_unavailable_official_source","선거공보||||||0||HEIGHT||Y||||00","Current official API returned no downloadable PDF path."
"620260603-장수군가선거구-100159451-1-선거공보","제9회 전국동시지방선거","620260603","구·시·군의회의원선거","6","장수군가선거구","김광훈","100159451","더불어민주당","100","1","장수군의회의원","전북대학교 행정대학원 지방자치학과 졸업(정치학석사)","1","선거공보","선거공보","candidate-doc:100159451:1","false","","false","","","current_unavailable_official_source","선거공보||||||0||HEIGHT||Y||||00","Current official API returned no downloadable PDF path."
"620260603-장수군가선거구-100159734-1-선거공보","제9회 전국동시지방선거","620260603","구·시·군의회의원선거","6","장수군가선거구","정상득","100159734","더불어민주당","100","1","농업","전북대학교 농과대학 축산학과 졸업","1","선거공보","선거공보","candidate-doc:100159734:1","false","","false","","","current_unavailable_official_source","선거공보||||||0||HEIGHT||Y||||00","Current official API returned no downloadable PDF path."
"620260603-장수군가선거구-100160326-1-선거공보","제9회 전국동시지방선거","620260603","구·시·군의회의원선거","6","장수군가선거구","임정권","100160326","더불어민주당","100","1","농업인","한경대학교(현,한경국립대학교) 생명공학과 졸업","1","선거공보","선거공보","candidate-doc:100160326:1","false","","false","","","current_unavailable_official_source","선거공보||||||0||HEIGHT||Y||||00","Current official API returned no downloadable PDF path."
"620260603-장수군가선거구-100159763-1-선거공보","제9회 전국동시지방선거","620260603","구·시·군의회의원선거","6","장수군가선거구","장종태","100159763","무소속","9999","5","농업인","아주대학교 경영대학원 경영학과 졸업(경영학 석사)","1","선거공보","선거공보","candidate-doc:100159763:1","false","","false","","","current_unavailable_official_source","선거공보||||||0||HEIGHT||Y||||00","Current official API returned no downloadable PDF path."
"620260603-장수군나선거구-100160162-1-선거공보","제9회 전국동시지방선거","620260603","구·시·군의회의원선거","6","장수군나선거구","문재표","100160162","더불어민주당","100","1","정당인","전주비전대학교 사회복지경영과 졸업","1","선거공보","선거공보","candidate-doc:100160162:1","false","","false","","","current_unavailable_official_source","선거공보||||||0||HEIGHT||Y||||00","Current official API returned no downloadable PDF path."
"620260603-장수군나선거구-100159880-1-선거공보","제9회 전국동시지방선거","620260603","구·시·군의회의원선거","6","장수군나선거구","채수권","100159880","더불어민주당","100","1","농.축산업","벽성대학 토목환경과 졸업","1","선거공보","선거공보","candidate-doc:100159880:1","false","","false","","","current_unavailable_official_source","선거공보||||||0||HEIGHT||Y||||00","Current official API returned no downloadable PDF path."
"620260603-장수군나선거구-100159674-1-선거공보","제9회 전국동시지방선거","620260603","구·시·군의회의원선거","6","장수군나선거구","김남수","100159674","더불어민주당","100","1","농업","군장대학(현, 군장대학교) 산업경영계열 품질관리전공 졸업","1","선거공보","선거공보","candidate-doc:100159674:1","false","","false","","","current_unavailable_official_source","선거공보||||||0||HEIGHT||Y||||00","Current official API returned no downloadable PDF path."
"620260603-장수군나선거구-100160483-1-선거공보","제9회 전국동시지방선거","620260603","구·시·군의회의원선거","6","장수군나선거구","임재성","100160483","무소속","9999","5","자영업","전주상업고등학교 (현, 전주제일고등학교) 졸업","1","선거공보","선거공보","candidate-doc:100160483:1","false","","false","","","current_unavailable_official_source","선거공보||||||0||HEIGHT||Y||||00","Current official API returned no downloadable PDF path."
"620260603-장수군나선거구-100163843-1-선거공보","제9회 전국동시지방선거","620260603","구·시·군의회의원선거","6","장수군나선거구","곽한옥","100163843","무소속","9999","6","자영업","장계공업고등학교(현, 전북유니텍고등학교) 졸업","1","선거공보","선거공보","candidate-doc:100163843:1","false","","false","","","current_unavailable_official_source","선거공보||||||0||HEIGHT||Y||||00","Current official API returned no downloadable PDF path."
"620260603-부안군나선거구-100159668-1-선거공보","제9회 전국동시지방선거","620260603","구·시·군의회의원선거","6","부안군나선거구","김원진","100159668","더불어민주당","100","1","정당인","호원대학교 경영학부 졸업","1","선거공보","선거공보","candidate-doc:100159668:1","false","","false","","","current_unavailable_official_source","선거공보||||||0||HEIGHT||Y||||00","Current official API returned no downloadable PDF path."
"620260603-부안군나선거구-100159735-1-선거공보","제9회 전국동시지방선거","620260603","구·시·군의회의원선거","6","부안군나선거구","오장환","100159735","더불어민주당","100","1","농업인","전북과학대학교 복지계열 2학년 제적(2014.03~2015.09)","1","선거공보","선거공보","candidate-doc:100159735:1","false","","false","","","current_unavailable_official_source","선거공보||||||0||HEIGHT||Y||||00","Current official API returned no downloadable PDF path."
"620260603-부안군라선거구-100160008-1-선거공보","제9회 전국동시지방선거","620260603","구·시·군의회의원선거","6","부안군라선거구","김형관","100160008","무소속","9999","5","농업","고려사이버대학교 한국어 · 다문화학부 졸업","1","선거공보","선거공보","candidate-doc:100160008:1","false","","false","","","current_unavailable_official_source","선거공보||||||0||HEIGHT||Y||||00","Current official API returned no downloadable PDF path."
"620260603-목포시가선거구-100156856-1-선거공보","제9회 전국동시지방선거","620260603","구·시·군의회의원선거","6","목포시가선거구","박수경","100156856","더불어민주당","100","1","목포시의회 의원","조선대학교 교육대학원 교육학과 졸업(교육학석사)","1","선거공보","선거공보","candidate-doc:100156856:1","false","","false","","","current_unavailable_official_source","선거공보||||||0||HEIGHT||Y||||00","Current official API returned no downloadable PDF path."
"620260603-목포시가선거구-100162296-1-선거공보","제9회 전국동시지방선거","620260603","구·시·군의회의원선거","6","목포시가선거구","박효상","100162296","더불어민주당","100","1","목포시의회의원","조선이공대학 식품공업과 졸업","1","선거공보","선거공보","candidate-doc:100162296:1","false","","false","","","current_unavailable_official_source","선거공보||||||0||HEIGHT||Y||||00","Current official API returned no downloadable PDF path."
"620260603-목포시가선거구-100162244-1-선거공보","제9회 전국동시지방선거","620260603","구·시·군의회의원선거","6","목포시가선거구","박용식","100162244","더불어민주당","100","1","목포시의회의원","목포과학대학교 웰빙복지학부 졸업(사회복지 전공)","1","선거공보","선거공보","candidate-doc:100162244:1","false","","false","","","current_unavailable_official_source","선거공보||||||0||HEIGHT||Y||||00","Current official API returned no downloadable PDF path."
"620260603-목포시나선거구-100154726-1-선거공보","제9회 전국동시지방선거","620260603","구·시·군의회의원선거","6","목포시나선거구","김종찬","100154726","더불어민주당","100","1","로얄가구 대표","초당대학교대학원 사회복지학과 석사 졸업","1","선거공보","선거공보","candidate-doc:100154726:1","false","","false","","","current_unavailable_official_source","선거공보||||||0||HEIGHT||Y||||00","Current official API returned no downloadable PDF path."
"620260603-목포시다선거구-100156158-1-선거공보","제9회 전국동시지방선거","620260603","구·시·군의회의원선거","6","목포시다선거구","안호선","100156158","더불어민주당","100","1","협동조합 보리팩토리 이사장","서강대학교 언론대학원 언론학석사(방송) 졸업","1","선거공보","선거공보","candidate-doc:100156158:1","false","","false","","","current_unavailable_official_source","선거공보||||||0||HEIGHT||Y||||00","Current official API returned no downloadable PDF path."
"620260603-목포시라선거구-100156464-1-선거공보","제9회 전국동시지방선거","620260603","구·시·군의회의원선거","6","목포시라선거구","이형완","100156464","더불어민주당","100","1","목포시의회의원","연세대학교 상경대학 경영학과 졸업","1","선거공보","선거공보","candidate-doc:100156464:1","false","","false","","","current_unavailable_official_source","선거공보||||||0||HEIGHT||Y||||00","Current official API returned no downloadable PDF path."
"620260603-목포시라선거구-100158430-1-선거공보","제9회 전국동시지방선거","620260603","구·시·군의회의원선거","6","목포시라선거구","유창훈","100158430","더불어민주당","100","1","목포시의회의원","호남대학교 드림라이프학부 재학","1","선거공보","선거공보","candidate-doc:100158430:1","false","","false","","","current_unavailable_official_source","선거공보||||||0||HEIGHT||Y||||00","Current official API returned no downloadable PDF path."
"620260603-목포시마선거구-100156148-1-선거공보","제9회 전국동시지방선거","620260603","구·시·군의회의원선거","6","목포시마선거구","장국진","100156148","더불어민주당","100","1","정당인","목포대학교 사범대학 교육학과 졸업","1","선거공보","선거공보","candidate-doc:100156148:1","false","","false","","","current_unavailable_official_source","선거공보||||||0||HEIGHT||Y||||00","Current official API returned no downloadable PDF path."
"620260603-목포시바선거구-100156164-1-선거공보","제9회 전국동시지방선거","620260603","구·시·군의회의원선거","6","목포시바선거구","김호한","100156164","더불어민주당","100","1","유통업","목포과학대학교 복지학부 졸업","1","선거공보","선거공보","candidate-doc:100156164:1","false","","false","","","current_unavailable_official_source","선거공보||||||0||HEIGHT||Y||||00","Current official API returned no downloadable PDF path."
"620260603-목포시바선거구-100163121-1-선거공보","제9회 전국동시지방선거","620260603","구·시·군의회의원선거","6","목포시바선거구","정정문","100163121","조국혁신당","5077","3","정당인","초당대학교 사회복지학과 2년 제적 (12.03~13.06)","1","선거공보","선거공보","candidate-doc:100163121:1","false","","false","","","current_unavailable_official_source","선거공보||||||0||HEIGHT||Y||||00","Current official API returned no downloadable PDF path."
"620260603-목포시바선거구-100165865-1-선거공보","제9회 전국동시지방선거","620260603","구·시·군의회의원선거","6","목포시바선거구","나영민","100165865","무소속","9999","6","무직","서울시립대학교 건축공학과 3학년 제적(2000.3.~2002.8.)","1","선거공보","선거공보","candidate-doc:100165865:1","false","","false","","","current_unavailable_official_source","선거공보||||||0||HEIGHT||Y||||00","Current official API returned no downloadable PDF path."
"620260603-목포시바선거구-100162652-1-선거공보","제9회 전국동시지방선거","620260603","구·시·군의회의원선거","6","목포시바선거구","오호영","100162652","무소속","9999","7","바디닥터 대표","광주대학교 공과대학 토목공학과 졸업","1","선거공보","선거공보","candidate-doc:100162652:1","false","","false","","","current_unavailable_official_source","선거공보||||||0||HEIGHT||Y||||00","Current official API returned no downloadable PDF path."
"620260603-목포시사선거구-100156155-1-선거공보","제9회 전국동시지방선거","620260603","구·시·군의회의원선거","6","목포시사선거구","김은숙","100156155","더불어민주당","100","1","가온지역아동센터 센터장","전남대학교 정책대학원 일반행정전공 행정학석사","1","선거공보","선거공보","candidate-doc:100156155:1","false","","false","","","current_unavailable_official_source","선거공보||||||0||HEIGHT||Y||||00","Current official API returned no downloadable PDF path."
"620260603-목포시사선거구-100158002-1-선거공보","제9회 전국동시지방선거","620260603","구·시·군의회의원선거","6","목포시사선거구","최지선","100158002","더불어민주당","100","1","정당인","목포대학교 일반대학원 석사과정 고고인류학과 수료","1","선거공보","선거공보","candidate-doc:100158002:1","false","","false","","","current_unavailable_official_source","선거공보||||||0||HEIGHT||Y||||00","Current official API returned no downloadable PDF path."
"620260603-목포시사선거구-100155273-1-선거공보","제9회 전국동시지방선거","620260603","구·시·군의회의원선거","6","목포시사선거구","백동규","100155273","정의당","730","5","정당인","목포대학교 공과대학 식품공학과 졸업","1","선거공보","선거공보","candidate-doc:100155273:1","false","","false","","","current_unavailable_official_source","선거공보||||||0||HEIGHT||Y||||00","Current official API returned no downloadable PDF path."
"620260603-목포시사선거구-100156878-1-선거공보","제9회 전국동시지방선거","620260603","구·시·군의회의원선거","6","목포시사선거구","박용준","100156878","무소속","9999","6","목포시의회의원","서울대학교 사범대학 체육교육과 졸업","1","선거공보","선거공보","candidate-doc:100156878:1","false","","false","","","current_unavailable_official_source","선거공보||||||0||HEIGHT||Y||||00","Current official API returned no downloadable PDF path."
"620260603-여수시가선거구-100158085-1-선거공보","제9회 전국동시지방선거","620260603","구·시·군의회의원선거","6","여수시가선거구","박성미","100158085","더불어민주당","100","1","여수시의회의원","호남신학대학교 기독교상담대학원 기독교상담학과 졸업(상담학석사)","1","선거공보","선거공보","candidate-doc:100158085:1","false","","false","","","current_unavailable_official_source","선거공보||||||0||HEIGHT||Y||||00","Current official API returned no downloadable PDF path."
"620260603-여수시가선거구-100158052-1-선거공보","제9회 전국동시지방선거","620260603","구·시·군의회의원선거","6","여수시가선거구","김철민","100158052","더불어민주당","100","1","여수시의회의원","세종대학교 산업대학원 호텔관광경영학과 석사과정 수료","1","선거공보","선거공보","candidate-doc:100158052:1","false","","false","","","current_unavailable_official_source","선거공보||||||0||HEIGHT||Y||||00","Current official API returned no downloadable PDF path."
"620260603-나주시가선거구-100161724-1-선거공보","제9회 전국동시지방선거","620260603","구·시·군의회의원선거","6","나주시가선거구","최문환","100161724","더불어민주당","100","1","나주시의회의원","금성종합고등학교 졸업(현 금성고등학교)","1","선거공보","선거공보","candidate-doc:100161724:1","false","","false","","","current_unavailable_official_source","선거공보||||||0||HEIGHT||Y||||00","Current official API returned no downloadable PDF path."
"620260603-나주시가선거구-100160153-1-선거공보","제9회 전국동시지방선거","620260603","구·시·군의회의원선거","6","나주시가선거구","김해원","100160153","더불어민주당","100","1","나주시의회의원","조선대학교 경상대학 경영학과 졸업","1","선거공보","선거공보","candidate-doc:100160153:1","false","","false","","","current_unavailable_official_source","선거공보||||||0||HEIGHT||Y||||00","Current official API returned no downloadable PDF path."
"620260603-나주시가선거구-100161026-1-선거공보","제9회 전국동시지방선거","620260603","구·시·군의회의원선거","6","나주시가선거구","김관용","100161026","더불어민주당","100","1","나주시의회의원","동신대학교 사회개발대학원 관광학과(관광학석사)","1","선거공보","선거공보","candidate-doc:100161026:1","false","","false","","","current_unavailable_official_source","선거공보||||||0||HEIGHT||Y||||00","Current official API returned no downloadable PDF path."
"620260603-나주시가선거구-100157057-1-선거공보","제9회 전국동시지방선거","620260603","구·시·군의회의원선거","6","나주시가선거구","이경천","100157057","진보당","5010","5","법무사","목포대학교 자연과학대학 체육학과 졸업","1","선거공보","선거공보","candidate-doc:100157057:1","false","","false","","","current_unavailable_official_source","선거공보||||||0||HEIGHT||Y||||00","Current official API returned no downloadable PDF path."
"620260603-나주시가선거구-100161714-1-선거공보","제9회 전국동시지방선거","620260603","구·시·군의회의원선거","6","나주시가선거구","한형철","100161714","무소속","9999","6","나주시의회의원","광주보건전문대학 식품가공과 졸업(현,광주보건대학교)","1","선거공보","선거공보","candidate-doc:100161714:1","false","","false","","","current_unavailable_official_source","선거공보||||||0||HEIGHT||Y||||00","Current official API returned no downloadable PDF path."
"620260603-나주시나선거구-100155325-1-선거공보","제9회 전국동시지방선거","620260603","구·시·군의회의원선거","6","나주시나선거구","김준정","100155325","더불어민주당","100","1","정치인","송원고등학교 졸업","1","선거공보","선거공보","candidate-doc:100155325:1","false","","false","","","current_unavailable_official_source","선거공보||||||0||HEIGHT||Y||||00","Current official API returned no downloadable PDF path."
"620260603-나주시나선거구-100157608-1-선거공보","제9회 전국동시지방선거","620260603","구·시·군의회의원선거","6","나주시나선거구","김정숙","100157608","더불어민주당","100","1","나주시의회의원","전남대학교 정책대학원 사회문화복지정책전공(정책학석사)","1","선거공보","선거공보","candidate-doc:100157608:1","false","","false","","","current_unavailable_official_source","선거공보||||||0||HEIGHT||Y||||00","Current official API returned no downloadable PDF path."
"620260603-나주시나선거구-100163651-1-선거공보","제9회 전국동시지방선거","620260603","구·시·군의회의원선거","6","나주시나선거구","박동민","100163651","더불어민주당","100","1","정당인","동신대학교 사회문화대학 호텔관광경영학과 4학년 재학","1","선거공보","선거공보","candidate-doc:100163651:1","false","","false","","","current_unavailable_official_source","선거공보||||||0||HEIGHT||Y||||00","Current official API returned no downloadable PDF path."
"620260603-나주시나선거구-100155696-1-선거공보","제9회 전국동시지방선거","620260603","구·시·군의회의원선거","6","나주시나선거구","최현호","100155696","조국혁신당","5077","3","나주유통 대표","한국방송통신대학교 법학과 1학년 제적(1992.03.01-1995.09.01)","1","선거공보","선거공보","candidate-doc:100155696:1","false","","false","","","current_unavailable_official_source","선거공보||||||0||HEIGHT||Y||||00","Current official API returned no downloadable PDF path."
"620260603-나주시나선거구-100157066-1-선거공보","제9회 전국동시지방선거","620260603","구·시·군의회의원선거","6","나주시나선거구","황광민","100157066","진보당","5010","5","정당인","조선대학교 경상대학 무역학과 졸업","1","선거공보","선거공보","candidate-doc:100157066:1","false","","false","","","current_unavailable_official_source","선거공보||||||0||HEIGHT||Y||||00","Current official API returned no downloadable PDF path."
"620260603-나주시다선거구-100155713-1-선거공보","제9회 전국동시지방선거","620260603","구·시·군의회의원선거","6","나주시다선거구","김소영","100155713","더불어민주당","100","1","지역문화연구소 재이 소장","서울미디어대학원대학교 융합예술디자인학과 미디어아트&디자인전공 휴학","1","선거공보","선거공보","candidate-doc:100155713:1","false","","false","","","current_unavailable_official_source","선거공보||||||0||HEIGHT||Y||||00","Current official API returned no downloadable PDF path."
"620260603-나주시다선거구-100156238-1-선거공보","제9회 전국동시지방선거","620260603","구·시·군의회의원선거","6","나주시다선거구","신상용","100156238","더불어민주당","100","1","정당인","고려대학교 행정전문대학원 행정학과 석사과정 수료","1","선거공보","선거공보","candidate-doc:100156238:1","false","","false","","","current_unavailable_official_source","선거공보||||||0||HEIGHT||Y||||00","Current official API returned no downloadable PDF path."
"620260603-나주시다선거구-100157631-1-선거공보","제9회 전국동시지방선거","620260603","구·시·군의회의원선거","6","나주시다선거구","최정기","100157631","무소속","9999","5","정치인","서울디지털대학교 사회복지학과 졸업","1","선거공보","선거공보","candidate-doc:100157631:1","false","","false","","","current_unavailable_official_source","선거공보||||||0||HEIGHT||Y||||00","Current official API returned no downloadable PDF path."
"620260603-나주시라선거구-100160246-1-선거공보","제9회 전국동시지방선거","620260603","구·시·군의회의원선거","6","나주시라선거구","조영미","100160246","더불어민주당","100","1","나주시의회의원","중앙대학교 대학원 의회학과(의회학석사)","1","선거공보","선거공보","candidate-doc:100160246:1","false","","false","","","current_unavailable_official_source","선거공보||||||0||HEIGHT||Y||||00","Current official API returned no downloadable PDF path."
"620260603-나주시라선거구-100154973-1-선거공보","제9회 전국동시지방선거","620260603","구·시·군의회의원선거","6","나주시라선거구","전상규","100154973","더불어민주당","100","1","정당인","영산포상업고등학교 졸업(현)영산고등학교","1","선거공보","선거공보","candidate-doc:100154973:1","false","","false","","","current_unavailable_official_source","선거공보||||||0||HEIGHT||Y||||00","Current official API returned no downloadable PDF path."
"620260603-나주시라선거구-100157100-1-선거공보","제9회 전국동시지방선거","620260603","구·시·군의회의원선거","6","나주시라선거구","김성보","100157100","진보당","5010","5","농업인","전남대학교 경영대학 경영학부 4학년 제적(1988.03.02.~1994.11.29.)","1","선거공보","선거공보","candidate-doc:100157100:1","false","","false","","","current_unavailable_official_source","선거공보||||||0||HEIGHT||Y||||00","Current official API returned no downloadable PDF path."
"620260603-나주시라선거구-100157509-1-선거공보","제9회 전국동시지방선거","620260603","구·시·군의회의원선거","6","나주시라선거구","임준택","100157509","무소속","9999","6","농업인","송원대학교 건축공학과 재학중","1","선거공보","선거공보","candidate-doc:100157509:1","false","","false","","","current_unavailable_official_source","선거공보||||||0||HEIGHT||Y||||00","Current official API returned no downloadable PDF path."
"620260603-나주시마선거구-100155209-1-선거공보","제9회 전국동시지방선거","620260603","구·시·군의회의원선거","6","나주시마선거구","박소준","100155209","더불어민주당","100","1","나주시의회의원","목포대학교 교육대학원 교육학석사(체육교육)","1","선거공보","선거공보","candidate-doc:100155209:1","false","","false","","","current_unavailable_official_source","선거공보||||||0||HEIGHT||Y||||00","Current official API returned no downloadable PDF path."
"620260603-나주시마선거구-100155109-1-선거공보","제9회 전국동시지방선거","620260603","구·시·군의회의원선거","6","나주시마선거구","최석순","100155109","더불어민주당","100","1","정당인","동신대학교 사회문화대학 관광경영학과 졸업","1","선거공보","선거공보","candidate-doc:100155109:1","false","","false","","","current_unavailable_official_source","선거공보||||||0||HEIGHT||Y||||00","Current official API returned no downloadable PDF path."
"620260603-나주시마선거구-100157081-1-선거공보","제9회 전국동시지방선거","620260603","구·시·군의회의원선거","6","나주시마선거구","황우선","100157081","더불어민주당","100","1","방재기사","송원대학 철도운수경영과 2학년 졸업(현 송원대학교)","1","선거공보","선거공보","candidate-doc:100157081:1","false","","false","","","current_unavailable_official_source","선거공보||||||0||HEIGHT||Y||||00","Current official API returned no downloadable PDF path."
"620260603-나주시마선거구-100157112-1-선거공보","제9회 전국동시지방선거","620260603","구·시·군의회의원선거","6","나주시마선거구","김철민","100157112","조국혁신당","5077","3","나주시의회의원","전남대학교 경영대학원 경영학과 수료(마케팅전공)","1","선거공보","선거공보","candidate-doc:100157112:1","false","","false","","","current_unavailable_official_source","선거공보||||||0||HEIGHT||Y||||00","Current official API returned no downloadable PDF path."
"620260603-나주시마선거구-100163908-1-선거공보","제9회 전국동시지방선거","620260603","구·시·군의회의원선거","6","나주시마선거구","성인","100163908","기본소득당","5035","5","빛가람 로젠택배","동신전문대학 전자과(현 동강대학교) 2학년 제적(1990.03.06.-1993.01.15.)","1","선거공보","선거공보","candidate-doc:100163908:1","false","","false","","","current_unavailable_official_source","선거공보||||||0||HEIGHT||Y||||00","Current official API returned no downloadable PDF path."
"620260603-나주시마선거구-100157174-1-선거공보","제9회 전국동시지방선거","620260603","구·시·군의회의원선거","6","나주시마선거구","박장열","100157174","무소속","9999","6","공인중개사","한국방송통신대학교 법학과 1학년제적(2010.03.01. ~ 2010.04.16.)","1","선거공보","선거공보","candidate-doc:100157174:1","false","","false","","","current_unavailable_official_source","선거공보||||||0||HEIGHT||Y||||00","Current official API returned no downloadable PDF path."
"620260603-나주시마선거구-100160658-1-선거공보","제9회 전국동시지방선거","620260603","구·시·군의회의원선거","6","나주시마선거구","서충기","100160658","무소속","9999","7","회사원","인하대학교 대학원 정보통신공학과 정보통신공학(공학박사)","1","선거공보","선거공보","candidate-doc:100160658:1","false","","false","","","current_unavailable_official_source","선거공보||||||0||HEIGHT||Y||||00","Current official API returned no downloadable PDF path."
"620260603-고흥군가선거구-100161117-1-선거공보","제9회 전국동시지방선거","620260603","구·시·군의회의원선거","6","고흥군가선거구","박경석","100161117","더불어민주당","100","1","고흥군의회의원","경원전문대학(현 가천대학교) 경영과 졸업","1","선거공보","선거공보","candidate-doc:100161117:1","false","","false","","","current_unavailable_official_source","선거공보||||||0||HEIGHT||Y||||00","Current official API returned no downloadable PDF path."
"620260603-고흥군가선거구-100159747-1-선거공보","제9회 전국동시지방선거","620260603","구·시·군의회의원선거","6","고흥군가선거구","한승욱","100159747","더불어민주당","100","1","고흥군의회의원","조선대학교병설공업전문대학 기계과 졸업","1","선거공보","선거공보","candidate-doc:100159747:1","false","","false","","","current_unavailable_official_source","선거공보||||||0||HEIGHT||Y||||00","Current official API returned no downloadable PDF path."
"620260603-고흥군가선거구-100160354-1-선거공보","제9회 전국동시지방선거","620260603","구·시·군의회의원선거","6","고흥군가선거구","류동철","100160354","더불어민주당","100","1","농업","전남대학교 농과대학 졸업(농학과)","1","선거공보","선거공보","candidate-doc:100160354:1","false","","false","","","current_unavailable_official_source","선거공보||||||0||HEIGHT||Y||||00","Current official API returned no downloadable PDF path."
"620260603-고흥군라선거구-100160731-1-선거공보","제9회 전국동시지방선거","620260603","구·시·군의회의원선거","6","고흥군라선거구","박규대","100160731","더불어민주당","100","1","고흥군의회의원","순천제일대학 사회복지과 졸업","1","선거공보","선거공보","candidate-doc:100160731:1","false","","false","","","current_unavailable_official_source","선거공보||||||0||HEIGHT||Y||||00","Current official API returned no downloadable PDF path."
"620260603-고흥군라선거구-100160386-1-선거공보","제9회 전국동시지방선거","620260603","구·시·군의회의원선거","6","고흥군라선거구","송종화","100160386","더불어민주당","100","1","사회복지사","광주대학교 사회복지전문대학원 박사과정 수료(사회복지학과)","1","선거공보","선거공보","candidate-doc:100160386:1","false","","false","","","current_unavailable_official_source","선거공보||||||0||HEIGHT||Y||||00","Current official API returned no downloadable PDF path."
"620260603-완도군가선거구-100160253-1-선거공보","제9회 전국동시지방선거","620260603","구·시·군의회의원선거","6","완도군가선거구","최정욱","100160253","더불어민주당","100","1","완도군의회의원","광주대학교 경영대학 세무경영학과 졸업","1","선거공보","선거공보","candidate-doc:100160253:1","false","","false","","","current_unavailable_official_source","선거공보||||||0||HEIGHT||Y||||00","Current official API returned no downloadable PDF path."
"620260603-완도군가선거구-100160616-1-선거공보","제9회 전국동시지방선거","620260603","구·시·군의회의원선거","6","완도군가선거구","박성규","100160616","무소속","9999","6","완도군의회의원","성화대학 관광경영계열 복지경영 졸업","1","선거공보","선거공보","candidate-doc:100160616:1","false","","false","","","current_unavailable_official_source","선거공보||||||0||HEIGHT||Y||||00","Current official API returned no downloadable PDF path."
"620260603-완도군가선거구-100161683-1-선거공보","제9회 전국동시지방선거","620260603","구·시·군의회의원선거","6","완도군가선거구","조영식","100161683","무소속","9999","7","KT 완도대리점 대표","동의대학교 상경대학 회계학과 졸업(상학사)","1","선거공보","선거공보","candidate-doc:100161683:1","false","","false","","","current_unavailable_official_source","선거공보||||||0||HEIGHT||Y||||00","Current official API returned no downloadable PDF path."
"620260603-완도군가선거구-100160384-1-선거공보","제9회 전국동시지방선거","620260603","구·시·군의회의원선거","6","완도군가선거구","유전종","100160384","무소속","9999","8","무직","광주농업고등학교(현 광주자연과학고등학교) 졸업","1","선거공보","선거공보","candidate-doc:100160384:1","false","","false","","","current_unavailable_official_source","선거공보||||||0||HEIGHT||Y||||00","Current official API returned no downloadable PDF path."
"620260603-완도군나선거구-100161196-1-선거공보","제9회 전국동시지방선거","620260603","구·시·군의회의원선거","6","완도군나선거구","김세윤","100161196","더불어민주당","100","1","축산업","전남대학교 일반대학원 동물공학과 졸업(농학석사)","1","선거공보","선거공보","candidate-doc:100161196:1","false","","false","","","current_unavailable_official_source","선거공보||||||0||HEIGHT||Y||||00","Current official API returned no downloadable PDF path."
"620260603-완도군나선거구-100160943-1-선거공보","제9회 전국동시지방선거","620260603","구·시·군의회의원선거","6","완도군나선거구","임원희","100160943","더불어민주당","100","1","수산업인","금일동국민학교(현 금일동초등학교) 졸업","1","선거공보","선거공보","candidate-doc:100160943:1","false","","false","","","current_unavailable_official_source","선거공보||||||0||HEIGHT||Y||||00","Current official API returned no downloadable PDF path."
"620260603-신안군가선거구-100159707-1-선거공보","제9회 전국동시지방선거","620260603","구·시·군의회의원선거","6","신안군가선거구","나영효","100159707","무소속","9999","5","농업","목포대학교 경영대학 경영학과 졸업","1","선거공보","선거공보","candidate-doc:100159707:1","false","","false","","","current_unavailable_official_source","선거공보||||||0||HEIGHT||Y||||00","Current official API returned no downloadable PDF path."
"620260603-신안군라선거구-100159729-1-선거공보","제9회 전국동시지방선거","620260603","구·시·군의회의원선거","6","신안군라선거구","강대성","100159729","더불어민주당","100","1","어업","세한대학교 휴먼서비스학과 재학(3년)","1","선거공보","선거공보","candidate-doc:100159729:1","false","","false","","","current_unavailable_official_source","선거공보||||||0||HEIGHT||Y||||00","Current official API returned no downloadable PDF path."
"620260603-신안군라선거구-100159950-1-선거공보","제9회 전국동시지방선거","620260603","구·시·군의회의원선거","6","신안군라선거구","김용배","100159950","더불어민주당","100","1","정당인","초당대학교 경영학과 졸업","1","선거공보","선거공보","candidate-doc:100159950:1","false","","false","","","current_unavailable_official_source","선거공보||||||0||HEIGHT||Y||||00","Current official API returned no downloadable PDF path."
"620260603-포항시마선거구-100163328-1-선거공보","제9회 전국동시지방선거","620260603","구·시·군의회의원선거","6","포항시마선거구","김상민","100163328","더불어민주당","100","1","포항시의회의원","경희대학교 대학원 관광학과 졸업(관광학석사)","1","선거공보","선거공보","candidate-doc:100163328:1","false","","false","","","current_unavailable_official_source","선거공보||||||0||HEIGHT||Y||||00","Current official API returned no downloadable PDF path."
"620260603-포항시마선거구-100162969-1-선거공보","제9회 전국동시지방선거","620260603","구·시·군의회의원선거","6","포항시마선거구","김하영","100162969","국민의힘","200","2","포항시의원","부산외국어대학교 중국어학부 졸업","1","선거공보","선거공보","candidate-doc:100162969:1","false","","false","","","current_unavailable_official_source","선거공보||||||0||HEIGHT||Y||||00","Current official API returned no downloadable PDF path."
"620260603-포항시마선거구-100162171-1-선거공보","제9회 전국동시지방선거","620260603","구·시·군의회의원선거","6","포항시마선거구","정원석","100162171","국민의힘","200","2","포항시의회의원","영남대학교 대학원 경영학과 졸업(경영학박사)","1","선거공보","선거공보","candidate-doc:100162171:1","false","","false","","","current_unavailable_official_source","선거공보||||||0||HEIGHT||Y||||00","Current official API returned no downloadable PDF path."
"620260603-경주시다선거구-100158849-1-선거공보","제9회 전국동시지방선거","620260603","구·시·군의회의원선거","6","경주시다선거구","김상희","100158849","국민의힘","200","2","양북전자냉동 대표","경주대학교(현 신경주대학교)외식조리학부2학년제적('16.2.~'18.3)","1","선거공보","선거공보","candidate-doc:100158849:1","false","","false","","","current_unavailable_official_source","선거공보||||||0||HEIGHT||Y||||00","Current official API returned no downloadable PDF path."
"620260603-경주시다선거구-100157410-1-선거공보","제9회 전국동시지방선거","620260603","구·시·군의회의원선거","6","경주시다선거구","주동열","100157410","국민의힘","200","2","자영업","동국대학교 법학과졸업","1","선거공보","선거공보","candidate-doc:100157410:1","false","","false","","","current_unavailable_official_source","선거공보||||||0||HEIGHT||Y||||00","Current official API returned no downloadable PDF path."
"620260603-김천시마선거구-100161872-1-선거공보","제9회 전국동시지방선거","620260603","구·시·군의회의원선거","6","김천시마선거구","김세호","100161872","국민의힘","200","2","김천시의회의원","김천대학 컴퓨터멀티미디어계열(사무인터넷전공) 졸업","1","선거공보","선거공보","candidate-doc:100161872:1","false","","false","","","current_unavailable_official_source","선거공보||||||0||HEIGHT||Y||||00","Current official API returned no downloadable PDF path."
"620260603-김천시마선거구-100161889-1-선거공보","제9회 전국동시지방선거","620260603","구·시·군의회의원선거","6","김천시마선거구","김석조","100161889","국민의힘","200","2","김천시의회의원","영남대학교 산업기술대학원 건설공학과 졸업(공학석사)","1","선거공보","선거공보","candidate-doc:100161889:1","false","","false","","","current_unavailable_official_source","선거공보||||||0||HEIGHT||Y||||00","Current official API returned no downloadable PDF path."
"620260603-안동시나선거구-100162783-1-선거공보","제9회 전국동시지방선거","620260603","구·시·군의회의원선거","6","안동시나선거구","정복순","100162783","더불어민주당","100","1","안동시의원","경안신학대학원대학교(현 경안대학원대학교) 사회복지학과 졸업(사회복지학석사)","1","선거공보","선거공보","candidate-doc:100162783:1","false","","false","","","current_unavailable_official_source","선거공보||||||0||HEIGHT||Y||||00","Current official API returned no downloadable PDF path."
"620260603-안동시나선거구-100163919-1-선거공보","제9회 전국동시지방선거","620260603","구·시·군의회의원선거","6","안동시나선거구","권기윤","100163919","국민의힘","200","2","안동시의회의원","경북공업전문대학(현 경일대학교) 기계과 졸업","1","선거공보","선거공보","candidate-doc:100163919:1","false","","false","","","current_unavailable_official_source","선거공보||||||0||HEIGHT||Y||||00","Current official API returned no downloadable PDF path."
"620260603-영주시가선거구-100155507-1-선거공보","제9회 전국동시지방선거","620260603","구·시·군의회의원선거","6","영주시가선거구","이재민","100155507","무소속","9999","5","중화요리 예빈 대표","영광고등학교 졸업","1","선거공보","선거공보","candidate-doc:100155507:1","false","","false","","","current_unavailable_official_source","선거공보||||||0||HEIGHT||Y||||00","Current official API returned no downloadable PDF path."
"620260603-영주시가선거구-100163418-1-선거공보","제9회 전국동시지방선거","620260603","구·시·군의회의원선거","6","영주시가선거구","김병기","100163418","무소속","9999","6","영주시의회의원","독학","1","선거공보","선거공보","candidate-doc:100163418:1","false","","false","","","current_unavailable_official_source","선거공보||||||0||HEIGHT||Y||||00","Current official API returned no downloadable PDF path."
"620260603-영주시나선거구-100156406-1-선거공보","제9회 전국동시지방선거","620260603","구·시·군의회의원선거","6","영주시나선거구","최락선","100156406","더불어민주당","100","1","정당인","대구공업전문대학 건축설비과 졸업","1","선거공보","선거공보","candidate-doc:100156406:1","false","","false","","","current_unavailable_official_source","선거공보||||||0||HEIGHT||Y||||00","Current official API returned no downloadable PDF path."
"620260603-영주시나선거구-100154380-1-선거공보","제9회 전국동시지방선거","620260603","구·시·군의회의원선거","6","영주시나선거구","손종호","100154380","국민의힘","200","2","건설업","경북전문대학교 철도건설과 졸업","1","선거공보","선거공보","candidate-doc:100154380:1","false","","false","","","current_unavailable_official_source","선거공보||||||0||HEIGHT||Y||||00","Current official API returned no downloadable PDF path."
"620260603-영주시나선거구-100162087-1-선거공보","제9회 전국동시지방선거","620260603","구·시·군의회의원선거","6","영주시나선거구","유충상","100162087","무소속","9999","5","영주시의회 의원","계명대학교대학원 산업미술학과 졸업 (미술학석사)","1","선거공보","선거공보","candidate-doc:100162087:1","false","","false","","","current_unavailable_official_source","선거공보||||||0||HEIGHT||Y||||00","Current official API returned no downloadable PDF path."
"620260603-영주시다선거구-100156066-1-선거공보","제9회 전국동시지방선거","620260603","구·시·군의회의원선거","6","영주시다선거구","최선희","100156066","더불어민주당","100","1","철로봉사단 대표","경북전문대학교 식품영양과 졸업","1","선거공보","선거공보","candidate-doc:100156066:1","false","","false","","","current_unavailable_official_source","선거공보||||||0||HEIGHT||Y||||00","Current official API returned no downloadable PDF path."
"620260603-영주시다선거구-100162011-1-선거공보","제9회 전국동시지방선거","620260603","구·시·군의회의원선거","6","영주시다선거구","김병창","100162011","무소속","9999","5","영주시의회의원","동양대학교 경찰행정학전공 졸업","1","선거공보","선거공보","candidate-doc:100162011:1","false","","false","","","current_unavailable_official_source","선거공보||||||0||HEIGHT||Y||||00","Current official API returned no downloadable PDF path."
"620260603-영주시다선거구-100163563-1-선거공보","제9회 전국동시지방선거","620260603","구·시·군의회의원선거","6","영주시다선거구","이대경","100163563","무소속","9999","6","무직","강원대학교 역사교육과 졸업","1","선거공보","선거공보","candidate-doc:100163563:1","false","","false","","","current_unavailable_official_source","선거공보||||||0||HEIGHT||Y||||00","Current official API returned no downloadable PDF path."
"620260603-영주시마선거구-100160462-1-선거공보","제9회 전국동시지방선거","620260603","구·시·군의회의원선거","6","영주시마선거구","전규호","100160462","국민의힘","200","2","영주시의회 의원","대구보건전문대학 보건행정과 졸업","1","선거공보","선거공보","candidate-doc:100160462:1","false","","false","","","current_unavailable_official_source","선거공보||||||0||HEIGHT||Y||||00","Current official API returned no downloadable PDF path."
"620260603-영주시마선거구-100165423-1-선거공보","제9회 전국동시지방선거","620260603","구·시·군의회의원선거","6","영주시마선거구","최홍식","100165423","무소속","9999","5","언론인","성균관대학교대학원 동양철학과 졸업(철학박사)","1","선거공보","선거공보","candidate-doc:100165423:1","false","","false","","","current_unavailable_official_source","선거공보||||||0||HEIGHT||Y||||00","Current official API returned no downloadable PDF path."
"620260603-영주시바선거구-100155723-1-선거공보","제9회 전국동시지방선거","620260603","구·시·군의회의원선거","6","영주시바선거구","양기택","100155723","국민의힘","200","2","우성카정비공장 대표","풍기고등학교 졸업","1","선거공보","선거공보","candidate-doc:100155723:1","false","","false","","","current_unavailable_official_source","선거공보||||||0||HEIGHT||Y||||00","Current official API returned no downloadable PDF path."
"620260603-영주시바선거구-100157104-1-선거공보","제9회 전국동시지방선거","620260603","구·시·군의회의원선거","6","영주시바선거구","전풍림","100157104","국민의힘","200","2","영주시의회 의원","동양대학교 생활체육학과 졸업","1","선거공보","선거공보","candidate-doc:100157104:1","false","","false","","","current_unavailable_official_source","선거공보||||||0||HEIGHT||Y||||00","Current official API returned no downloadable PDF path."
"620260603-영주시바선거구-100158611-1-선거공보","제9회 전국동시지방선거","620260603","구·시·군의회의원선거","6","영주시바선거구","김주영","100158611","무소속","9999","6","영주시의회의원","동양대학교 경영학과(야) 졸업","1","선거공보","선거공보","candidate-doc:100158611:1","false","","false","","","current_unavailable_official_source","선거공보||||||0||HEIGHT||Y||||00","Current official API returned no downloadable PDF path."
"620260603-경산시다선거구-100157254-1-선거공보","제9회 전국동시지방선거","620260603","구·시·군의회의원선거","6","경산시다선거구","강수명","100157254","무소속","9999","5","제9대 경산시의원","대구대학교 원예학전공 졸업","1","선거공보","선거공보","candidate-doc:100157254:1","false","","false","","","current_unavailable_official_source","선거공보||||||0||HEIGHT||Y||||00","Current official API returned no downloadable PDF path."
"620260603-청도군가선거구-100159946-1-선거공보","제9회 전국동시지방선거","620260603","구·시·군의회의원선거","6","청도군가선거구","이경동","100159946","무소속","9999","5","모은영농조합법인 대표","경신상업고등학교졸업","1","선거공보","선거공보","candidate-doc:100159946:1","false","","false","","","current_unavailable_official_source","선거공보||||||0||HEIGHT||Y||||00","Current official API returned no downloadable PDF path."
"620260603-청도군가선거구-100160323-1-선거공보","제9회 전국동시지방선거","620260603","구·시·군의회의원선거","6","청도군가선거구","정두교","100160323","무소속","9999","6","청우힐링펜션 대표","부산산업대학교(현 경성대) 물리학과 졸업","1","선거공보","선거공보","candidate-doc:100160323:1","false","","false","","","current_unavailable_official_source","선거공보||||||0||HEIGHT||Y||||00","Current official API returned no downloadable PDF path."
"620260603-고령군다선거구-100158602-1-선거공보","제9회 전국동시지방선거","620260603","구·시·군의회의원선거","6","고령군다선거구","김광호","100158602","국민의힘","200","2","정당인","경북대학교 산업대학원 건축공학전공 석사과정 수료","1","선거공보","선거공보","candidate-doc:100158602:1","false","","false","","","current_unavailable_official_source","선거공보||||||0||HEIGHT||Y||||00","Current official API returned no downloadable PDF path."
"620260603-고령군다선거구-100158986-1-선거공보","제9회 전국동시지방선거","620260603","구·시·군의회의원선거","6","고령군다선거구","이철호","100158986","국민의힘","200","2","고령군의회의장","거창대성고등학교 졸업","1","선거공보","선거공보","candidate-doc:100158986:1","false","","false","","","current_unavailable_official_source","선거공보||||||0||HEIGHT||Y||||00","Current official API returned no downloadable PDF path."
"620260603-칠곡군나선거구-100159793-1-선거공보","제9회 전국동시지방선거","620260603","구·시·군의회의원선거","6","칠곡군나선거구","이진구","100159793","국민의힘","200","2","건설업","경운대학교 서비스경영학과 재학중","1","선거공보","선거공보","candidate-doc:100159793:1","false","","false","","","current_unavailable_official_source","선거공보||||||0||HEIGHT||Y||||00","Current official API returned no downloadable PDF path."
"620260603-칠곡군나선거구-100162465-1-선거공보","제9회 전국동시지방선거","620260603","구·시·군의회의원선거","6","칠곡군나선거구","이상승","100162465","국민의힘","200","2","칠곡군의회의원","경북대학교 행정대학원 재학중(석사과정)","1","선거공보","선거공보","candidate-doc:100162465:1","false","","false","","","current_unavailable_official_source","선거공보||||||0||HEIGHT||Y||||00","Current official API returned no downloadable PDF path."
"620260603-봉화군나선거구-100160206-1-선거공보","제9회 전국동시지방선거","620260603","구·시·군의회의원선거","6","봉화군나선거구","이양재","100160206","국민의힘","200","2","농업","영남대학교 경제금융전공 4년 제적(2024.03.-2026.02)","1","선거공보","선거공보","candidate-doc:100160206:1","false","","false","","","current_unavailable_official_source","선거공보||||||0||HEIGHT||Y||||00","Current official API returned no downloadable PDF path."
"620260603-봉화군나선거구-100163505-1-선거공보","제9회 전국동시지방선거","620260603","구·시·군의회의원선거","6","봉화군나선거구","금동윤","100163505","국민의힘","200","2","봉화군의회의원","원주중학교부설방송통신중학교 졸업","1","선거공보","선거공보","candidate-doc:100163505:1","false","","false","","","current_unavailable_official_source","선거공보||||||0||HEIGHT||Y||||00","Current official API returned no downloadable PDF path."
"620260603-창원시사선거구-100165350-1-선거공보","제9회 전국동시지방선거","620260603","구·시·군의회의원선거","6","창원시사선거구","백승규","100165350","더불어민주당","100","1","창원시의원","한국국제대학교 사회체육과 졸업","1","선거공보","선거공보","candidate-doc:100165350:1","false","","false","","","current_unavailable_official_source","선거공보||||||0||HEIGHT||Y||||00","Current official API returned no downloadable PDF path."
"620260603-창원시사선거구-100156371-1-선거공보","제9회 전국동시지방선거","620260603","구·시·군의회의원선거","6","창원시사선거구","박강우","100156371","국민의힘","200","2","창원시의회의원","마산공업고등학교 기계과 졸업","1","선거공보","선거공보","candidate-doc:100156371:1","false","","false","","","current_unavailable_official_source","선거공보||||||0||HEIGHT||Y||||00","Current official API returned no downloadable PDF path."
"620260603-창원시타선거구-100154298-1-선거공보","제9회 전국동시지방선거","620260603","구·시·군의회의원선거","6","창원시타선거구","서명일","100154298","더불어민주당","100","1","창원시의회의원","창원전문대학 산업경영과 졸업(현 창원문성대학교)","1","선거공보","선거공보","candidate-doc:100154298:1","false","","false","","","current_unavailable_official_source","선거공보||||||0||HEIGHT||Y||||00","Current official API returned no downloadable PDF path."
"620260603-창원시타선거구-100162967-1-선거공보","제9회 전국동시지방선거","620260603","구·시·군의회의원선거","6","창원시타선거구","황점복","100162967","국민의힘","200","2","창원시의회의원","경남대학교 행정대학원 사회복지학과 졸업","1","선거공보","선거공보","candidate-doc:100162967:1","false","","false","","","current_unavailable_official_source","선거공보||||||0||HEIGHT||Y||||00","Current official API returned no downloadable PDF path."
"620260603-김해시나선거구-100157958-1-선거공보","제9회 전국동시지방선거","620260603","구·시·군의회의원선거","6","김해시나선거구","이철훈","100157958","국민의힘","200","2","김해시의회의원","경북과학대학교 사회복지과 졸업(사회복지전문학사)","1","선거공보","선거공보","candidate-doc:100157958:1","false","","false","","","current_unavailable_official_source","선거공보||||||0||HEIGHT||Y||||00","Current official API returned no downloadable PDF path."
"620260603-김해시다선거구-100158780-1-선거공보","제9회 전국동시지방선거","620260603","구·시·군의회의원선거","6","김해시다선거구","조종현","100158780","더불어민주당","100","1","정당인","부산대학교 행정대학원 행정학과 사회복지학전공(행정학 석사)","1","선거공보","선거공보","candidate-doc:100158780:1","false","","false","","","current_unavailable_official_source","선거공보||||||0||HEIGHT||Y||||00","Current official API returned no downloadable PDF path."
"620260603-김해시라선거구-100159269-1-선거공보","제9회 전국동시지방선거","620260603","구·시·군의회의원선거","6","김해시라선거구","정준호","100159269","더불어민주당","100","1","김해시의원","연세대학교 대학원 체육학과 졸업(체육학 박사)","1","선거공보","선거공보","candidate-doc:100159269:1","false","","false","","","current_unavailable_official_source","선거공보||||||0||HEIGHT||Y||||00","Current official API returned no downloadable PDF path."
"620260603-김해시마선거구-100157957-1-선거공보","제9회 전국동시지방선거","620260603","구·시·군의회의원선거","6","김해시마선거구","허윤옥","100157957","국민의힘","200","2","김해시의회의원","가야대학교 사회복지학과 졸업","1","선거공보","선거공보","candidate-doc:100157957:1","false","","false","","","current_unavailable_official_source","선거공보||||||0||HEIGHT||Y||||00","Current official API returned no downloadable PDF path."
"620260603-김해시마선거구-100157781-1-선거공보","제9회 전국동시지방선거","620260603","구·시·군의회의원선거","6","김해시마선거구","김주섭","100157781","국민의힘","200","2","김해시의회의원","경북과학대학교 상담복지과 재학중","1","선거공보","선거공보","candidate-doc:100157781:1","false","","false","","","current_unavailable_official_source","선거공보||||||0||HEIGHT||Y||||00","Current official API returned no downloadable PDF path."
"620260603-김해시사선거구-100158268-1-선거공보","제9회 전국동시지방선거","620260603","구·시·군의회의원선거","6","김해시사선거구","김영서","100158268","국민의힘","200","2","김해시의회의원","미국 시라큐스 대학교 화학 전공 학사 수료(2007.8~2013.5)","1","선거공보","선거공보","candidate-doc:100158268:1","false","","false","","","current_unavailable_official_source","선거공보||||||0||HEIGHT||Y||||00","Current official API returned no downloadable PDF path."
"620260603-김해시아선거구-100160525-1-선거공보","제9회 전국동시지방선거","620260603","구·시·군의회의원선거","6","김해시아선거구","강민수","100160525","국민의힘","200","2","직장인","인제대학교 첨단산업기술대학원 산업경영과 졸업(공학석사)","1","선거공보","선거공보","candidate-doc:100160525:1","false","","false","","","current_unavailable_official_source","선거공보||||||0||HEIGHT||Y||||00","Current official API returned no downloadable PDF path."
"620260603-양산시나선거구-100156184-1-선거공보","제9회 전국동시지방선거","620260603","구·시·군의회의원선거","6","양산시나선거구","임정섭","100156184","더불어민주당","100","1","농업인","양산대학교 제적(2011.03. ~ 2012.09.)","1","선거공보","선거공보","candidate-doc:100156184:1","false","","false","","","current_unavailable_official_source","선거공보||||||0||HEIGHT||Y||||00","Current official API returned no downloadable PDF path."
"620260603-양산시마선거구-100162298-1-선거공보","제9회 전국동시지방선거","620260603","구·시·군의회의원선거","6","양산시마선거구","박선주","100162298","더불어민주당","100","1","놀담터yoyo대표(놀이활동가)","동아대학교 사회복지대학원 졸업(사회복지학석사)","1","선거공보","선거공보","candidate-doc:100162298:1","false","","false","","","current_unavailable_official_source","선거공보||||||0||HEIGHT||Y||||00","Current official API returned no downloadable PDF path."
"620260603-양산시마선거구-100162445-1-선거공보","제9회 전국동시지방선거","620260603","구·시·군의회의원선거","6","양산시마선거구","정숙남","100162445","국민의힘","200","2","양산시의원","부경대학교 교육대학원 졸업(교육학석사)","1","선거공보","선거공보","candidate-doc:100162445:1","false","","false","","","current_unavailable_official_source","선거공보||||||0||HEIGHT||Y||||00","Current official API returned no downloadable PDF path."
"620260603-양산시아선거구-100161502-1-선거공보","제9회 전국동시지방선거","620260603","구·시·군의회의원선거","6","양산시아선거구","최복춘","100161502","국민의힘","200","2","양산시의회의원","부산대학교 대학원 기술사업정책전공 졸업(기술사업정책학박사)","1","선거공보","선거공보","candidate-doc:100161502:1","false","","false","","","current_unavailable_official_source","선거공보||||||0||HEIGHT||Y||||00","Current official API returned no downloadable PDF path."
"620260603-의령군다선거구-100162764-1-선거공보","제9회 전국동시지방선거","620260603","구·시·군의회의원선거","6","의령군다선거구","황성철","100162764","국민의힘","200","2","의령군의회의원","마산대학 한약재개발과 졸업","1","선거공보","선거공보","candidate-doc:100162764:1","false","","false","","","current_unavailable_official_source","선거공보||||||0||HEIGHT||Y||||00","Current official API returned no downloadable PDF path."
"620260603-의령군다선거구-100162893-1-선거공보","제9회 전국동시지방선거","620260603","구·시·군의회의원선거","6","의령군다선거구","윤병열","100162893","국민의힘","200","2","의령군의회의원","마산대학(현마산대학교) 한약재개발학과 졸업","1","선거공보","선거공보","candidate-doc:100162893:1","false","","false","","","current_unavailable_official_source","선거공보||||||0||HEIGHT||Y||||00","Current official API returned no downloadable PDF path."
"620260603-함양군가선거구-100159640-1-선거공보","제9회 전국동시지방선거","620260603","구·시·군의회의원선거","6","함양군가선거구","하경수","100159640","국민의힘","200","2","농업회사법인 (주)우리가 대표이사","순천대학교 임학과 졸업","1","선거공보","선거공보","candidate-doc:100159640:1","false","","false","","","current_unavailable_official_source","선거공보||||||0||HEIGHT||Y||||00","Current official API returned no downloadable PDF path."
"620260603-함양군가선거구-100162949-1-선거공보","제9회 전국동시지방선거","620260603","구·시·군의회의원선거","6","함양군가선거구","임채숙","100162949","무소속","9999","5","함양군의회의원","계명대학교 대학원 졸업(행정학박사)","1","선거공보","선거공보","candidate-doc:100162949:1","false","","false","","","current_unavailable_official_source","선거공보||||||0||HEIGHT||Y||||00","Current official API returned no downloadable PDF path."
"620260603-함양군가선거구-100160480-1-선거공보","제9회 전국동시지방선거","620260603","구·시·군의회의원선거","6","함양군가선거구","박만호","100160480","무소속","9999","6","농업","함양농업고등학교 졸업(현 함양제일고등학교)","1","선거공보","선거공보","candidate-doc:100160480:1","false","","false","","","current_unavailable_official_source","선거공보||||||0||HEIGHT||Y||||00","Current official API returned no downloadable PDF path."
"620260603-함양군다선거구-100160680-1-선거공보","제9회 전국동시지방선거","620260603","구·시·군의회의원선거","6","함양군다선거구","강신택","100160680","국민의힘","200","2","농업","경상국립대학교 산림자원학과 졸업","1","선거공보","선거공보","candidate-doc:100160680:1","false","","false","","","current_unavailable_official_source","선거공보||||||0||HEIGHT||Y||||00","Current official API returned no downloadable PDF path."
"620260603-함양군다선거구-100162729-1-선거공보","제9회 전국동시지방선거","620260603","구·시·군의회의원선거","6","함양군다선거구","양인호","100162729","무소속","9999","5","함양군의회의원","진주산업대학교 상경대학 벤처경영학과 졸업","1","선거공보","선거공보","candidate-doc:100162729:1","false","","false","","","current_unavailable_official_source","선거공보||||||0||HEIGHT||Y||||00","Current official API returned no downloadable PDF path."
"820260603-대구광역시-더불어민주당-1-1","제9회 전국동시지방선거","820260603","광역의원비례대표선거","8","대구광역시","","","더불어민주당","100","","","","1","비례대표 정당 제출자료","1","","false","","false","","","current_unavailable_official_source","1||HEIGHT","Current official API returned no downloadable PDF path."
"820260603-충청남도-더불어민주당-1-1","제9회 전국동시지방선거","820260603","광역의원비례대표선거","8","충청남도","","","더불어민주당","100","","","","1","비례대표 정당 제출자료","1","","false","","false","","","current_unavailable_official_source","1||HEIGHT","Current official API returned no downloadable PDF path."
"820260603-전북특별자치도-더불어민주당-1-1","제9회 전국동시지방선거","820260603","광역의원비례대표선거","8","전북특별자치도","","","더불어민주당","100","","","","1","비례대표 정당 제출자료","1","","false","","false","","","current_unavailable_official_source","1||HEIGHT","Current official API returned no downloadable PDF path."
"820260603-울산광역시-더불어민주당-1-1","제9회 전국동시지방선거","820260603","광역의원비례대표선거","8","울산광역시","","","더불어민주당","100","","","","1","비례대표 정당 제출자료","1","","false","","false","","","current_unavailable_official_source","1||HEIGHT","Current official API returned no downloadable PDF path."
"820260603-충청북도-더불어민주당-1-1","제9회 전국동시지방선거","820260603","광역의원비례대표선거","8","충청북도","","","더불어민주당","100","","","","1","비례대표 정당 제출자료","1","","false","","false","","","current_unavailable_official_source","1||HEIGHT","Current official API returned no downloadable PDF path."
"820260603-서울특별시-더불어민주당-1-1","제9회 전국동시지방선거","820260603","광역의원비례대표선거","8","서울특별시","","","더불어민주당","100","","","","1","비례대표 정당 제출자료","1","","false","","false","","","current_unavailable_official_source","1||HEIGHT","Current official API returned no downloadable PDF path."
"820260603-부산광역시-더불어민주당-1-1","제9회 전국동시지방선거","820260603","광역의원비례대표선거","8","부산광역시","","","더불어민주당","100","","","","1","비례대표 정당 제출자료","1","","false","","false","","","current_unavailable_official_source","1||HEIGHT","Current official API returned no downloadable PDF path."
"820260603-경상북도-더불어민주당-1-1","제9회 전국동시지방선거","820260603","광역의원비례대표선거","8","경상북도","","","더불어민주당","100","","","","1","비례대표 정당 제출자료","1","","false","","false","","","current_unavailable_official_source","1||HEIGHT","Current official API returned no downloadable PDF path."
"820260603-강원특별자치도-더불어민주당-1-1","제9회 전국동시지방선거","820260603","광역의원비례대표선거","8","강원특별자치도","","","더불어민주당","100","","","","1","비례대표 정당 제출자료","1","","false","","false","","","current_unavailable_official_source","1||HEIGHT","Current official API returned no downloadable PDF path."
"820260603-경상남도-더불어민주당-1-1","제9회 전국동시지방선거","820260603","광역의원비례대표선거","8","경상남도","","","더불어민주당","100","","","","1","비례대표 정당 제출자료","1","","false","","false","","","current_unavailable_official_source","1||HEIGHT","Current official API returned no downloadable PDF path."
"820260603-전남광주통합특별시-더불어민주당-1-1","제9회 전국동시지방선거","820260603","광역의원비례대표선거","8","전남광주통합특별시","","","더불어민주당","100","","","","1","비례대표 정당 제출자료","1","","false","","false","","","current_unavailable_official_source","1||HEIGHT","Current official API returned no downloadable PDF path."
"820260603-인천광역시-더불어민주당-1-1","제9회 전국동시지방선거","820260603","광역의원비례대표선거","8","인천광역시","","","더불어민주당","100","","","","1","비례대표 정당 제출자료","1","","false","","false","","","current_unavailable_official_source","1||HEIGHT","Current official API returned no downloadable PDF path."
"820260603-세종특별자치시-더불어민주당-1-1","제9회 전국동시지방선거","820260603","광역의원비례대표선거","8","세종특별자치시","","","더불어민주당","100","","","","1","비례대표 정당 제출자료","1","","false","","false","","","current_unavailable_official_source","1||HEIGHT","Current official API returned no downloadable PDF path."
"820260603-경기도-더불어민주당-1-1","제9회 전국동시지방선거","820260603","광역의원비례대표선거","8","경기도","","","더불어민주당","100","","","","1","비례대표 정당 제출자료","1","","false","","false","","","current_unavailable_official_source","1||HEIGHT","Current official API returned no downloadable PDF path."
"820260603-제주특별자치도-더불어민주당-1-1","제9회 전국동시지방선거","820260603","광역의원비례대표선거","8","제주특별자치도","","","더불어민주당","100","","","","1","비례대표 정당 제출자료","1","","false","","false","","","current_unavailable_official_source","1||HEIGHT","Current official API returned no downloadable PDF path."
"820260603-대전광역시-더불어민주당-1-1","제9회 전국동시지방선거","820260603","광역의원비례대표선거","8","대전광역시","","","더불어민주당","100","","","","1","비례대표 정당 제출자료","1","","false","","false","","","current_unavailable_official_source","1||HEIGHT","Current official API returned no downloadable PDF path."
"820260603-인천광역시-국민의힘-1-1","제9회 전국동시지방선거","820260603","광역의원비례대표선거","8","인천광역시","","","국민의힘","200","","","","1","비례대표 정당 제출자료","1","","false","","false","","","current_unavailable_official_source","1||HEIGHT","Current official API returned no downloadable PDF path."
"820260603-세종특별자치시-국민의힘-1-1","제9회 전국동시지방선거","820260603","광역의원비례대표선거","8","세종특별자치시","","","국민의힘","200","","","","1","비례대표 정당 제출자료","1","","false","","false","","","current_unavailable_official_source","1||HEIGHT","Current official API returned no downloadable PDF path."
"820260603-전남광주통합특별시-국민의힘-1-1","제9회 전국동시지방선거","820260603","광역의원비례대표선거","8","전남광주통합특별시","","","국민의힘","200","","","","1","비례대표 정당 제출자료","1","","false","","false","","","current_unavailable_official_source","1||HEIGHT","Current official API returned no downloadable PDF path."
"820260603-대전광역시-국민의힘-1-1","제9회 전국동시지방선거","820260603","광역의원비례대표선거","8","대전광역시","","","국민의힘","200","","","","1","비례대표 정당 제출자료","1","","false","","false","","","current_unavailable_official_source","1||HEIGHT","Current official API returned no downloadable PDF path."
"820260603-울산광역시-국민의힘-1-1","제9회 전국동시지방선거","820260603","광역의원비례대표선거","8","울산광역시","","","국민의힘","200","","","","1","비례대표 정당 제출자료","1","","false","","false","","","current_unavailable_official_source","1||HEIGHT","Current official API returned no downloadable PDF path."
"820260603-서울특별시-국민의힘-1-1","제9회 전국동시지방선거","820260603","광역의원비례대표선거","8","서울특별시","","","국민의힘","200","","","","1","비례대표 정당 제출자료","1","","false","","false","","","current_unavailable_official_source","1||HEIGHT","Current official API returned no downloadable PDF path."
"820260603-부산광역시-국민의힘-1-1","제9회 전국동시지방선거","820260603","광역의원비례대표선거","8","부산광역시","","","국민의힘","200","","","","1","비례대표 정당 제출자료","1","","false","","false","","","current_unavailable_official_source","1||HEIGHT","Current official API returned no downloadable PDF path."
"820260603-경기도-국민의힘-1-1","제9회 전국동시지방선거","820260603","광역의원비례대표선거","8","경기도","","","국민의힘","200","","","","1","비례대표 정당 제출자료","1","","false","","false","","","current_unavailable_official_source","1||HEIGHT","Current official API returned no downloadable PDF path."
"820260603-충청남도-국민의힘-1-1","제9회 전국동시지방선거","820260603","광역의원비례대표선거","8","충청남도","","","국민의힘","200","","","","1","비례대표 정당 제출자료","1","","false","","false","","","current_unavailable_official_source","1||HEIGHT","Current official API returned no downloadable PDF path."
"820260603-충청북도-국민의힘-1-1","제9회 전국동시지방선거","820260603","광역의원비례대표선거","8","충청북도","","","국민의힘","200","","","","1","비례대표 정당 제출자료","1","","false","","false","","","current_unavailable_official_source","1||HEIGHT","Current official API returned no downloadable PDF path."
"820260603-경상북도-국민의힘-1-1","제9회 전국동시지방선거","820260603","광역의원비례대표선거","8","경상북도","","","국민의힘","200","","","","1","비례대표 정당 제출자료","1","","false","","false","","","current_unavailable_official_source","1||HEIGHT","Current official API returned no downloadable PDF path."
"820260603-제주특별자치도-국민의힘-1-1","제9회 전국동시지방선거","820260603","광역의원비례대표선거","8","제주특별자치도","","","국민의힘","200","","","","1","비례대표 정당 제출자료","1","","false","","false","","","current_unavailable_official_source","1||HEIGHT","Current official API returned no downloadable PDF path."
"820260603-강원특별자치도-국민의힘-1-1","제9회 전국동시지방선거","820260603","광역의원비례대표선거","8","강원특별자치도","","","국민의힘","200","","","","1","비례대표 정당 제출자료","1","","false","","false","","","current_unavailable_official_source","1||HEIGHT","Current official API returned no downloadable PDF path."
"820260603-경상남도-국민의힘-1-1","제9회 전국동시지방선거","820260603","광역의원비례대표선거","8","경상남도","","","국민의힘","200","","","","1","비례대표 정당 제출자료","1","","false","","false","","","current_unavailable_official_source","1||HEIGHT","Current official API returned no downloadable PDF path."
"820260603-대구광역시-국민의힘-1-1","제9회 전국동시지방선거","820260603","광역의원비례대표선거","8","대구광역시","","","국민의힘","200","","","","1","비례대표 정당 제출자료","1","","false","","false","","","current_unavailable_official_source","1||HEIGHT","Current official API returned no downloadable PDF path."
"820260603-전북특별자치도-국민의힘-1-1","제9회 전국동시지방선거","820260603","광역의원비례대표선거","8","전북특별자치도","","","국민의힘","200","","","","1","비례대표 정당 제출자료","1","","false","","false","","","current_unavailable_official_source","1||HEIGHT","Current official API returned no downloadable PDF path."
"820260603-서울특별시-조국혁신당-1-1","제9회 전국동시지방선거","820260603","광역의원비례대표선거","8","서울특별시","","","조국혁신당","5077","","","","1","비례대표 정당 제출자료","1","","false","","false","","","current_unavailable_official_source","1||HEIGHT","Current official API returned no downloadable PDF path."
"820260603-세종특별자치시-조국혁신당-1-1","제9회 전국동시지방선거","820260603","광역의원비례대표선거","8","세종특별자치시","","","조국혁신당","5077","","","","1","비례대표 정당 제출자료","1","","false","","false","","","current_unavailable_official_source","1||HEIGHT","Current official API returned no downloadable PDF path."
"820260603-경상남도-조국혁신당-1-1","제9회 전국동시지방선거","820260603","광역의원비례대표선거","8","경상남도","","","조국혁신당","5077","","","","1","비례대표 정당 제출자료","1","","false","","false","","","current_unavailable_official_source","1||HEIGHT","Current official API returned no downloadable PDF path."
"820260603-충청남도-조국혁신당-1-1","제9회 전국동시지방선거","820260603","광역의원비례대표선거","8","충청남도","","","조국혁신당","5077","","","","1","비례대표 정당 제출자료","1","","false","","false","","","current_unavailable_official_source","1||HEIGHT","Current official API returned no downloadable PDF path."
"820260603-인천광역시-조국혁신당-1-1","제9회 전국동시지방선거","820260603","광역의원비례대표선거","8","인천광역시","","","조국혁신당","5077","","","","1","비례대표 정당 제출자료","1","","false","","false","","","current_unavailable_official_source","1||HEIGHT","Current official API returned no downloadable PDF path."
"820260603-제주특별자치도-조국혁신당-1-1","제9회 전국동시지방선거","820260603","광역의원비례대표선거","8","제주특별자치도","","","조국혁신당","5077","","","","1","비례대표 정당 제출자료","1","","false","","false","","","current_unavailable_official_source","1||HEIGHT","Current official API returned no downloadable PDF path."
"820260603-울산광역시-조국혁신당-1-1","제9회 전국동시지방선거","820260603","광역의원비례대표선거","8","울산광역시","","","조국혁신당","5077","","","","1","비례대표 정당 제출자료","1","","false","","false","","","current_unavailable_official_source","1||HEIGHT","Current official API returned no downloadable PDF path."
"820260603-전남광주통합특별시-조국혁신당-1-1","제9회 전국동시지방선거","820260603","광역의원비례대표선거","8","전남광주통합특별시","","","조국혁신당","5077","","","","1","비례대표 정당 제출자료","1","","false","","false","","","current_unavailable_official_source","1||HEIGHT","Current official API returned no downloadable PDF path."
"820260603-전북특별자치도-조국혁신당-1-1","제9회 전국동시지방선거","820260603","광역의원비례대표선거","8","전북특별자치도","","","조국혁신당","5077","","","","1","비례대표 정당 제출자료","1","","false","","false","","","current_unavailable_official_source","1||HEIGHT","Current official API returned no downloadable PDF path."
"820260603-경기도-조국혁신당-1-1","제9회 전국동시지방선거","820260603","광역의원비례대표선거","8","경기도","","","조국혁신당","5077","","","","1","비례대표 정당 제출자료","1","","false","","false","","","current_unavailable_official_source","1||HEIGHT","Current official API returned no downloadable PDF path."
"820260603-대전광역시-조국혁신당-1-1","제9회 전국동시지방선거","820260603","광역의원비례대표선거","8","대전광역시","","","조국혁신당","5077","","","","1","비례대표 정당 제출자료","1","","false","","false","","","current_unavailable_official_source","1||HEIGHT","Current official API returned no downloadable PDF path."
"820260603-강원특별자치도-조국혁신당-1-1","제9회 전국동시지방선거","820260603","광역의원비례대표선거","8","강원특별자치도","","","조국혁신당","5077","","","","1","비례대표 정당 제출자료","1","","false","","false","","","current_unavailable_official_source","1||HEIGHT","Current official API returned no downloadable PDF path."
"820260603-충청북도-조국혁신당-1-1","제9회 전국동시지방선거","820260603","광역의원비례대표선거","8","충청북도","","","조국혁신당","5077","","","","1","비례대표 정당 제출자료","1","","false","","false","","","current_unavailable_official_source","1||HEIGHT","Current official API returned no downloadable PDF path."
"820260603-서울특별시-개혁신당-1-1","제9회 전국동시지방선거","820260603","광역의원비례대표선거","8","서울특별시","","","개혁신당","5070","","","","1","비례대표 정당 제출자료","1","","false","","false","","","current_unavailable_official_source","1||HEIGHT","Current official API returned no downloadable PDF path."
"820260603-부산광역시-개혁신당-1-0","제9회 전국동시지방선거","820260603","광역의원비례대표선거","8","부산광역시","","","개혁신당","5070","","","","1","비례대표 정당 제출자료","0","","false","","false","","","current_unavailable_official_source","0||","Current official API returned no downloadable PDF path."
"820260603-울산광역시-개혁신당-1-1","제9회 전국동시지방선거","820260603","광역의원비례대표선거","8","울산광역시","","","개혁신당","5070","","","","1","비례대표 정당 제출자료","1","","false","","false","","","current_unavailable_official_source","1||HEIGHT","Current official API returned no downloadable PDF path."
"820260603-경기도-개혁신당-1-1","제9회 전국동시지방선거","820260603","광역의원비례대표선거","8","경기도","","","개혁신당","5070","","","","1","비례대표 정당 제출자료","1","","false","","false","","","current_unavailable_official_source","1||HEIGHT","Current official API returned no downloadable PDF path."
"820260603-경상북도-개혁신당-1-1","제9회 전국동시지방선거","820260603","광역의원비례대표선거","8","경상북도","","","개혁신당","5070","","","","1","비례대표 정당 제출자료","1","","false","","false","","","current_unavailable_official_source","1||HEIGHT","Current official API returned no downloadable PDF path."
"820260603-경상남도-개혁신당-1-1","제9회 전국동시지방선거","820260603","광역의원비례대표선거","8","경상남도","","","개혁신당","5070","","","","1","비례대표 정당 제출자료","1","","false","","false","","","current_unavailable_official_source","1||HEIGHT","Current official API returned no downloadable PDF path."
"820260603-제주특별자치도-개혁신당-1-1","제9회 전국동시지방선거","820260603","광역의원비례대표선거","8","제주특별자치도","","","개혁신당","5070","","","","1","비례대표 정당 제출자료","1","","false","","false","","","current_unavailable_official_source","1||HEIGHT","Current official API returned no downloadable PDF path."
"820260603-대구광역시-개혁신당-1-0","제9회 전국동시지방선거","820260603","광역의원비례대표선거","8","대구광역시","","","개혁신당","5070","","","","1","비례대표 정당 제출자료","0","","false","","false","","","current_unavailable_official_source","0||","Current official API returned no downloadable PDF path."
"820260603-강원특별자치도-진보당-1-1","제9회 전국동시지방선거","820260603","광역의원비례대표선거","8","강원특별자치도","","","진보당","5010","","","","1","비례대표 정당 제출자료","1","","false","","false","","","current_unavailable_official_source","1||HEIGHT","Current official API returned no downloadable PDF path."
"820260603-울산광역시-진보당-1-1","제9회 전국동시지방선거","820260603","광역의원비례대표선거","8","울산광역시","","","진보당","5010","","","","1","비례대표 정당 제출자료","1","","false","","false","","","current_unavailable_official_source","1||HEIGHT","Current official API returned no downloadable PDF path."
"820260603-대전광역시-진보당-1-1","제9회 전국동시지방선거","820260603","광역의원비례대표선거","8","대전광역시","","","진보당","5010","","","","1","비례대표 정당 제출자료","1","","false","","false","","","current_unavailable_official_source","1||HEIGHT","Current official API returned no downloadable PDF path."
"820260603-충청북도-진보당-1-1","제9회 전국동시지방선거","820260603","광역의원비례대표선거","8","충청북도","","","진보당","5010","","","","1","비례대표 정당 제출자료","1","","false","","false","","","current_unavailable_official_source","1||HEIGHT","Current official API returned no downloadable PDF path."
"820260603-부산광역시-진보당-1-1","제9회 전국동시지방선거","820260603","광역의원비례대표선거","8","부산광역시","","","진보당","5010","","","","1","비례대표 정당 제출자료","1","","false","","false","","","current_unavailable_official_source","1||HEIGHT","Current official API returned no downloadable PDF path."
"820260603-서울특별시-진보당-1-1","제9회 전국동시지방선거","820260603","광역의원비례대표선거","8","서울특별시","","","진보당","5010","","","","1","비례대표 정당 제출자료","1","","false","","false","","","current_unavailable_official_source","1||HEIGHT","Current official API returned no downloadable PDF path."
"820260603-세종특별자치시-진보당-1-1","제9회 전국동시지방선거","820260603","광역의원비례대표선거","8","세종특별자치시","","","진보당","5010","","","","1","비례대표 정당 제출자료","1","","false","","false","","","current_unavailable_official_source","1||HEIGHT","Current official API returned no downloadable PDF path."
"820260603-경상남도-진보당-1-1","제9회 전국동시지방선거","820260603","광역의원비례대표선거","8","경상남도","","","진보당","5010","","","","1","비례대표 정당 제출자료","1","","false","","false","","","current_unavailable_official_source","1||HEIGHT","Current official API returned no downloadable PDF path."
"820260603-충청남도-진보당-1-1","제9회 전국동시지방선거","820260603","광역의원비례대표선거","8","충청남도","","","진보당","5010","","","","1","비례대표 정당 제출자료","1","","false","","false","","","current_unavailable_official_source","1||HEIGHT","Current official API returned no downloadable PDF path."
"820260603-경기도-진보당-1-1","제9회 전국동시지방선거","820260603","광역의원비례대표선거","8","경기도","","","진보당","5010","","","","1","비례대표 정당 제출자료","1","","false","","false","","","current_unavailable_official_source","1||HEIGHT","Current official API returned no downloadable PDF path."
"820260603-인천광역시-진보당-1-1","제9회 전국동시지방선거","820260603","광역의원비례대표선거","8","인천광역시","","","진보당","5010","","","","1","비례대표 정당 제출자료","1","","false","","false","","","current_unavailable_official_source","1||HEIGHT","Current official API returned no downloadable PDF path."
"820260603-대구광역시-진보당-1-1","제9회 전국동시지방선거","820260603","광역의원비례대표선거","8","대구광역시","","","진보당","5010","","","","1","비례대표 정당 제출자료","1","","false","","false","","","current_unavailable_official_source","1||HEIGHT","Current official API returned no downloadable PDF path."
"820260603-전북특별자치도-진보당-1-0","제9회 전국동시지방선거","820260603","광역의원비례대표선거","8","전북특별자치도","","","진보당","5010","","","","1","비례대표 정당 제출자료","0","","false","","false","","","current_unavailable_official_source","0||","Current official API returned no downloadable PDF path."
"820260603-경상북도-진보당-1-1","제9회 전국동시지방선거","820260603","광역의원비례대표선거","8","경상북도","","","진보당","5010","","","","1","비례대표 정당 제출자료","1","","false","","false","","","current_unavailable_official_source","1||HEIGHT","Current official API returned no downloadable PDF path."
"820260603-전남광주통합특별시-진보당-1-1","제9회 전국동시지방선거","820260603","광역의원비례대표선거","8","전남광주통합특별시","","","진보당","5010","","","","1","비례대표 정당 제출자료","1","","false","","false","","","current_unavailable_official_source","1||HEIGHT","Current official API returned no downloadable PDF path."
"820260603-제주특별자치도-진보당-1-1","제9회 전국동시지방선거","820260603","광역의원비례대표선거","8","제주특별자치도","","","진보당","5010","","","","1","비례대표 정당 제출자료","1","","false","","false","","","current_unavailable_official_source","1||HEIGHT","Current official API returned no downloadable PDF path."
"820260603-충청남도-기본소득당-1-1","제9회 전국동시지방선거","820260603","광역의원비례대표선거","8","충청남도","","","기본소득당","5035","","","","1","비례대표 정당 제출자료","1","","false","","false","","","current_unavailable_official_source","1||HEIGHT","Current official API returned no downloadable PDF path."
"820260603-인천광역시-기본소득당-1-1","제9회 전국동시지방선거","820260603","광역의원비례대표선거","8","인천광역시","","","기본소득당","5035","","","","1","비례대표 정당 제출자료","1","","false","","false","","","current_unavailable_official_source","1||HEIGHT","Current official API returned no downloadable PDF path."
"820260603-부산광역시-기본소득당-1-1","제9회 전국동시지방선거","820260603","광역의원비례대표선거","8","부산광역시","","","기본소득당","5035","","","","1","비례대표 정당 제출자료","1","","false","","false","","","current_unavailable_official_source","1||HEIGHT","Current official API returned no downloadable PDF path."
"820260603-강원특별자치도-기본소득당-1-1","제9회 전국동시지방선거","820260603","광역의원비례대표선거","8","강원특별자치도","","","기본소득당","5035","","","","1","비례대표 정당 제출자료","1","","false","","false","","","current_unavailable_official_source","1||HEIGHT","Current official API returned no downloadable PDF path."
"820260603-세종특별자치시-기본소득당-1-1","제9회 전국동시지방선거","820260603","광역의원비례대표선거","8","세종특별자치시","","","기본소득당","5035","","","","1","비례대표 정당 제출자료","1","","false","","false","","","current_unavailable_official_source","1||HEIGHT","Current official API returned no downloadable PDF path."
"820260603-경상북도-기본소득당-1-1","제9회 전국동시지방선거","820260603","광역의원비례대표선거","8","경상북도","","","기본소득당","5035","","","","1","비례대표 정당 제출자료","1","","false","","false","","","current_unavailable_official_source","1||HEIGHT","Current official API returned no downloadable PDF path."
"820260603-울산광역시-기본소득당-1-1","제9회 전국동시지방선거","820260603","광역의원비례대표선거","8","울산광역시","","","기본소득당","5035","","","","1","비례대표 정당 제출자료","1","","false","","false","","","current_unavailable_official_source","1||HEIGHT","Current official API returned no downloadable PDF path."
"820260603-대구광역시-기본소득당-1-1","제9회 전국동시지방선거","820260603","광역의원비례대표선거","8","대구광역시","","","기본소득당","5035","","","","1","비례대표 정당 제출자료","1","","false","","false","","","current_unavailable_official_source","1||HEIGHT","Current official API returned no downloadable PDF path."
"820260603-전북특별자치도-기본소득당-1-1","제9회 전국동시지방선거","820260603","광역의원비례대표선거","8","전북특별자치도","","","기본소득당","5035","","","","1","비례대표 정당 제출자료","1","","false","","false","","","current_unavailable_official_source","1||HEIGHT","Current official API returned no downloadable PDF path."
"820260603-제주특별자치도-기본소득당-1-1","제9회 전국동시지방선거","820260603","광역의원비례대표선거","8","제주특별자치도","","","기본소득당","5035","","","","1","비례대표 정당 제출자료","1","","false","","false","","","current_unavailable_official_source","1||HEIGHT","Current official API returned no downloadable PDF path."
"820260603-서울특별시-기본소득당-1-1","제9회 전국동시지방선거","820260603","광역의원비례대표선거","8","서울특별시","","","기본소득당","5035","","","","1","비례대표 정당 제출자료","1","","false","","false","","","current_unavailable_official_source","1||HEIGHT","Current official API returned no downloadable PDF path."
"820260603-전남광주통합특별시-기본소득당-1-1","제9회 전국동시지방선거","820260603","광역의원비례대표선거","8","전남광주통합특별시","","","기본소득당","5035","","","","1","비례대표 정당 제출자료","1","","false","","false","","","current_unavailable_official_source","1||HEIGHT","Current official API returned no downloadable PDF path."
"820260603-경상남도-기본소득당-1-1","제9회 전국동시지방선거","820260603","광역의원비례대표선거","8","경상남도","","","기본소득당","5035","","","","1","비례대표 정당 제출자료","1","","false","","false","","","current_unavailable_official_source","1||HEIGHT","Current official API returned no downloadable PDF path."
"820260603-충청북도-기본소득당-1-1","제9회 전국동시지방선거","820260603","광역의원비례대표선거","8","충청북도","","","기본소득당","5035","","","","1","비례대표 정당 제출자료","1","","false","","false","","","current_unavailable_official_source","1||HEIGHT","Current official API returned no downloadable PDF path."
"820260603-경기도-기본소득당-1-1","제9회 전국동시지방선거","820260603","광역의원비례대표선거","8","경기도","","","기본소득당","5035","","","","1","비례대표 정당 제출자료","1","","false","","false","","","current_unavailable_official_source","1||HEIGHT","Current official API returned no downloadable PDF path."
"820260603-대전광역시-기본소득당-1-1","제9회 전국동시지방선거","820260603","광역의원비례대표선거","8","대전광역시","","","기본소득당","5035","","","","1","비례대표 정당 제출자료","1","","false","","false","","","current_unavailable_official_source","1||HEIGHT","Current official API returned no downloadable PDF path."
"820260603-서울특별시-사회민주당-1-0","제9회 전국동시지방선거","820260603","광역의원비례대표선거","8","서울특별시","","","사회민주당","5071","","","","1","비례대표 정당 제출자료","0","","false","","false","","","current_unavailable_official_source","0||","Current official API returned no downloadable PDF path."
"820260603-인천광역시-사회민주당-1-0","제9회 전국동시지방선거","820260603","광역의원비례대표선거","8","인천광역시","","","사회민주당","5071","","","","1","비례대표 정당 제출자료","0","","false","","false","","","current_unavailable_official_source","0||","Current official API returned no downloadable PDF path."
"820260603-경기도-사회민주당-1-0","제9회 전국동시지방선거","820260603","광역의원비례대표선거","8","경기도","","","사회민주당","5071","","","","1","비례대표 정당 제출자료","0","","false","","false","","","current_unavailable_official_source","0||","Current official API returned no downloadable PDF path."
"820260603-부산광역시-사회민주당-1-0","제9회 전국동시지방선거","820260603","광역의원비례대표선거","8","부산광역시","","","사회민주당","5071","","","","1","비례대표 정당 제출자료","0","","false","","false","","","current_unavailable_official_source","0||","Current official API returned no downloadable PDF path."
"820260603-경기도-거지당-1-1","제9회 전국동시지방선거","820260603","광역의원비례대표선거","8","경기도","","","거지당","5054","","","","1","비례대표 정당 제출자료","1","","false","","false","","","current_unavailable_official_source","1||HEIGHT","Current official API returned no downloadable PDF path."
"820260603-서울특별시-거지당-1-1","제9회 전국동시지방선거","820260603","광역의원비례대표선거","8","서울특별시","","","거지당","5054","","","","1","비례대표 정당 제출자료","1","","false","","false","","","current_unavailable_official_source","1||HEIGHT","Current official API returned no downloadable PDF path."
"820260603-대구광역시-공화당-1-1","제9회 전국동시지방선거","820260603","광역의원비례대표선거","8","대구광역시","","","공화당","5051","","","","1","비례대표 정당 제출자료","1","","false","","false","","","current_unavailable_official_source","1||HEIGHT","Current official API returned no downloadable PDF path."
"820260603-경상북도-공화당-1-1","제9회 전국동시지방선거","820260603","광역의원비례대표선거","8","경상북도","","","공화당","5051","","","","1","비례대표 정당 제출자료","1","","false","","false","","","current_unavailable_official_source","1||HEIGHT","Current official API returned no downloadable PDF path."
"820260603-서울특별시-공화당-1-1","제9회 전국동시지방선거","820260603","광역의원비례대표선거","8","서울특별시","","","공화당","5051","","","","1","비례대표 정당 제출자료","1","","false","","false","","","current_unavailable_official_source","1||HEIGHT","Current official API returned no downloadable PDF path."
"820260603-경기도-공화당-1-1","제9회 전국동시지방선거","820260603","광역의원비례대표선거","8","경기도","","","공화당","5051","","","","1","비례대표 정당 제출자료","1","","false","","false","","","current_unavailable_official_source","1||HEIGHT","Current official API returned no downloadable PDF path."
"820260603-부산광역시-공화당-1-1","제9회 전국동시지방선거","820260603","광역의원비례대표선거","8","부산광역시","","","공화당","5051","","","","1","비례대표 정당 제출자료","1","","false","","false","","","current_unavailable_official_source","1||HEIGHT","Current official API returned no downloadable PDF path."
"820260603-경상남도-공화당-1-1","제9회 전국동시지방선거","820260603","광역의원비례대표선거","8","경상남도","","","공화당","5051","","","","1","비례대표 정당 제출자료","1","","false","","false","","","current_unavailable_official_source","1||HEIGHT","Current official API returned no downloadable PDF path."
"820260603-인천광역시-공화당-1-1","제9회 전국동시지방선거","820260603","광역의원비례대표선거","8","인천광역시","","","공화당","5051","","","","1","비례대표 정당 제출자료","1","","false","","false","","","current_unavailable_official_source","1||HEIGHT","Current official API returned no downloadable PDF path."
"820260603-경기도-국민대통합당-1-1","제9회 전국동시지방선거","820260603","광역의원비례대표선거","8","경기도","","","국민대통합당","2060","","","","1","비례대표 정당 제출자료","1","","false","","false","","","current_unavailable_official_source","1||HEIGHT","Current official API returned no downloadable PDF path."
"820260603-서울특별시-국민대통합당-1-1","제9회 전국동시지방선거","820260603","광역의원비례대표선거","8","서울특별시","","","국민대통합당","2060","","","","1","비례대표 정당 제출자료","1","","false","","false","","","current_unavailable_official_source","1||HEIGHT","Current official API returned no downloadable PDF path."
"820260603-경상북도-국민대통합당-1-1","제9회 전국동시지방선거","820260603","광역의원비례대표선거","8","경상북도","","","국민대통합당","2060","","","","1","비례대표 정당 제출자료","1","","false","","false","","","current_unavailable_official_source","1||HEIGHT","Current official API returned no downloadable PDF path."
"820260603-경상남도-국민연합-1-1","제9회 전국동시지방선거","820260603","광역의원비례대표선거","8","경상남도","","","국민연합","4080","","","","1","비례대표 정당 제출자료","1","","false","","false","","","current_unavailable_official_source","1||HEIGHT","Current official API returned no downloadable PDF path."
"820260603-인천광역시-국민연합-1-1","제9회 전국동시지방선거","820260603","광역의원비례대표선거","8","인천광역시","","","국민연합","4080","","","","1","비례대표 정당 제출자료","1","","false","","false","","","current_unavailable_official_source","1||HEIGHT","Current official API returned no downloadable PDF path."
"820260603-경상북도-국민연합-1-1","제9회 전국동시지방선거","820260603","광역의원비례대표선거","8","경상북도","","","국민연합","4080","","","","1","비례대표 정당 제출자료","1","","false","","false","","","current_unavailable_official_source","1||HEIGHT","Current official API returned no downloadable PDF path."
"820260603-경기도-국민연합-1-1","제9회 전국동시지방선거","820260603","광역의원비례대표선거","8","경기도","","","국민연합","4080","","","","1","비례대표 정당 제출자료","1","","false","","false","","","current_unavailable_official_source","1||HEIGHT","Current official API returned no downloadable PDF path."
"820260603-서울특별시-국민연합-1-1","제9회 전국동시지방선거","820260603","광역의원비례대표선거","8","서울특별시","","","국민연합","4080","","","","1","비례대표 정당 제출자료","1","","false","","false","","","current_unavailable_official_source","1||HEIGHT","Current official API returned no downloadable PDF path."
"820260603-대구광역시-국민연합-1-1","제9회 전국동시지방선거","820260603","광역의원비례대표선거","8","대구광역시","","","국민연합","4080","","","","1","비례대표 정당 제출자료","1","","false","","false","","","current_unavailable_official_source","1||HEIGHT","Current official API returned no downloadable PDF path."
"820260603-경기도-기독당-1-1","제9회 전국동시지방선거","820260603","광역의원비례대표선거","8","경기도","","","기독당","2020","","","","1","비례대표 정당 제출자료","1","","false","","false","","","current_unavailable_official_source","1||HEIGHT","Current official API returned no downloadable PDF path."
"820260603-인천광역시-노동당-1-1","제9회 전국동시지방선거","820260603","광역의원비례대표선거","8","인천광역시","","","노동당","1988","","","","1","비례대표 정당 제출자료","1","","false","","false","","","current_unavailable_official_source","1||HEIGHT","Current official API returned no downloadable PDF path."
"820260603-제주특별자치도-녹색당-1-1","제9회 전국동시지방선거","820260603","광역의원비례대표선거","8","제주특별자치도","","","녹색당","710","","","","1","비례대표 정당 제출자료","1","","false","","false","","","current_unavailable_official_source","1||HEIGHT","Current official API returned no downloadable PDF path."
"820260603-경기도-대한국민당-1-1","제9회 전국동시지방선거","820260603","광역의원비례대표선거","8","경기도","","","대한국민당","5059","","","","1","비례대표 정당 제출자료","1","","false","","false","","","current_unavailable_official_source","1||HEIGHT","Current official API returned no downloadable PDF path."
"820260603-서울특별시-대한국민당-1-1","제9회 전국동시지방선거","820260603","광역의원비례대표선거","8","서울특별시","","","대한국민당","5059","","","","1","비례대표 정당 제출자료","1","","false","","false","","","current_unavailable_official_source","1||HEIGHT","Current official API returned no downloadable PDF path."
"820260603-경기도-새미래민주당-1-0","제9회 전국동시지방선거","820260603","광역의원비례대표선거","8","경기도","","","새미래민주당","5072","","","","1","비례대표 정당 제출자료","0","","false","","false","","","current_unavailable_official_source","0||","Current official API returned no downloadable PDF path."
"820260603-강원특별자치도-자유와혁신-1-1","제9회 전국동시지방선거","820260603","광역의원비례대표선거","8","강원특별자치도","","","자유와혁신","5082","","","","1","비례대표 정당 제출자료","1","","false","","false","","","current_unavailable_official_source","1||HEIGHT","Current official API returned no downloadable PDF path."
"820260603-대구광역시-자유와혁신-1-0","제9회 전국동시지방선거","820260603","광역의원비례대표선거","8","대구광역시","","","자유와혁신","5082","","","","1","비례대표 정당 제출자료","0","","false","","false","","","current_unavailable_official_source","0||","Current official API returned no downloadable PDF path."
"820260603-전북특별자치도-자유와혁신-1-0","제9회 전국동시지방선거","820260603","광역의원비례대표선거","8","전북특별자치도","","","자유와혁신","5082","","","","1","비례대표 정당 제출자료","0","","false","","false","","","current_unavailable_official_source","0||","Current official API returned no downloadable PDF path."
"820260603-전남광주통합특별시-자유와혁신-1-0","제9회 전국동시지방선거","820260603","광역의원비례대표선거","8","전남광주통합특별시","","","자유와혁신","5082","","","","1","비례대표 정당 제출자료","0","","false","","false","","","current_unavailable_official_source","0||","Current official API returned no downloadable PDF path."
"820260603-서울특별시-자유와혁신-1-0","제9회 전국동시지방선거","820260603","광역의원비례대표선거","8","서울특별시","","","자유와혁신","5082","","","","1","비례대표 정당 제출자료","0","","false","","false","","","current_unavailable_official_source","0||","Current official API returned no downloadable PDF path."
"820260603-경기도-자유와혁신-1-0","제9회 전국동시지방선거","820260603","광역의원비례대표선거","8","경기도","","","자유와혁신","5082","","","","1","비례대표 정당 제출자료","0","","false","","false","","","current_unavailable_official_source","0||","Current official API returned no downloadable PDF path."
"820260603-인천광역시-자유와혁신-1-0","제9회 전국동시지방선거","820260603","광역의원비례대표선거","8","인천광역시","","","자유와혁신","5082","","","","1","비례대표 정당 제출자료","0","","false","","false","","","current_unavailable_official_source","0||","Current official API returned no downloadable PDF path."
"820260603-부산광역시-자유와혁신-1-0","제9회 전국동시지방선거","820260603","광역의원비례대표선거","8","부산광역시","","","자유와혁신","5082","","","","1","비례대표 정당 제출자료","0","","false","","false","","","current_unavailable_official_source","0||","Current official API returned no downloadable PDF path."
"820260603-서울특별시-자유통일당-1-0","제9회 전국동시지방선거","820260603","광역의원비례대표선거","8","서울특별시","","","자유통일당","3040","","","","1","비례대표 정당 제출자료","0","","false","","false","","","current_unavailable_official_source","0||","Current official API returned no downloadable PDF path."
"820260603-충청남도-정의당-1-1","제9회 전국동시지방선거","820260603","광역의원비례대표선거","8","충청남도","","","정의당","730","","","","1","비례대표 정당 제출자료","1","","false","","false","","","current_unavailable_official_source","1||HEIGHT","Current official API returned no downloadable PDF path."
"820260603-전북특별자치도-정의당-1-1","제9회 전국동시지방선거","820260603","광역의원비례대표선거","8","전북특별자치도","","","정의당","730","","","","1","비례대표 정당 제출자료","1","","false","","false","","","current_unavailable_official_source","1||HEIGHT","Current official API returned no downloadable PDF path."
"820260603-경상남도-정의당-1-1","제9회 전국동시지방선거","820260603","광역의원비례대표선거","8","경상남도","","","정의당","730","","","","1","비례대표 정당 제출자료","1","","false","","false","","","current_unavailable_official_source","1||HEIGHT","Current official API returned no downloadable PDF path."
"820260603-대전광역시-정의당-1-1","제9회 전국동시지방선거","820260603","광역의원비례대표선거","8","대전광역시","","","정의당","730","","","","1","비례대표 정당 제출자료","1","","false","","false","","","current_unavailable_official_source","1||HEIGHT","Current official API returned no downloadable PDF path."
"820260603-전남광주통합특별시-정의당-1-1","제9회 전국동시지방선거","820260603","광역의원비례대표선거","8","전남광주통합특별시","","","정의당","730","","","","1","비례대표 정당 제출자료","1","","false","","false","","","current_unavailable_official_source","1||HEIGHT","Current official API returned no downloadable PDF path."
"820260603-강원특별자치도-정의당-1-1","제9회 전국동시지방선거","820260603","광역의원비례대표선거","8","강원특별자치도","","","정의당","730","","","","1","비례대표 정당 제출자료","1","","false","","false","","","current_unavailable_official_source","1||HEIGHT","Current official API returned no downloadable PDF path."
"820260603-대구광역시-정의당-1-1","제9회 전국동시지방선거","820260603","광역의원비례대표선거","8","대구광역시","","","정의당","730","","","","1","비례대표 정당 제출자료","1","","false","","false","","","current_unavailable_official_source","1||HEIGHT","Current official API returned no downloadable PDF path."
"820260603-경상북도-정의당-1-1","제9회 전국동시지방선거","820260603","광역의원비례대표선거","8","경상북도","","","정의당","730","","","","1","비례대표 정당 제출자료","1","","false","","false","","","current_unavailable_official_source","1||HEIGHT","Current official API returned no downloadable PDF path."
"820260603-경기도-정의당-1-1","제9회 전국동시지방선거","820260603","광역의원비례대표선거","8","경기도","","","정의당","730","","","","1","비례대표 정당 제출자료","1","","false","","false","","","current_unavailable_official_source","1||HEIGHT","Current official API returned no downloadable PDF path."
"820260603-세종특별자치시-정의당-1-1","제9회 전국동시지방선거","820260603","광역의원비례대표선거","8","세종특별자치시","","","정의당","730","","","","1","비례대표 정당 제출자료","1","","false","","false","","","current_unavailable_official_source","1||HEIGHT","Current official API returned no downloadable PDF path."
"820260603-울산광역시-정의당-1-1","제9회 전국동시지방선거","820260603","광역의원비례대표선거","8","울산광역시","","","정의당","730","","","","1","비례대표 정당 제출자료","1","","false","","false","","","current_unavailable_official_source","1||HEIGHT","Current official API returned no downloadable PDF path."
"820260603-부산광역시-정의당-1-1","제9회 전국동시지방선거","820260603","광역의원비례대표선거","8","부산광역시","","","정의당","730","","","","1","비례대표 정당 제출자료","1","","false","","false","","","current_unavailable_official_source","1||HEIGHT","Current official API returned no downloadable PDF path."
"820260603-충청북도-정의당-1-1","제9회 전국동시지방선거","820260603","광역의원비례대표선거","8","충청북도","","","정의당","730","","","","1","비례대표 정당 제출자료","1","","false","","false","","","current_unavailable_official_source","1||HEIGHT","Current official API returned no downloadable PDF path."
"820260603-인천광역시-정의당-1-1","제9회 전국동시지방선거","820260603","광역의원비례대표선거","8","인천광역시","","","정의당","730","","","","1","비례대표 정당 제출자료","1","","false","","false","","","current_unavailable_official_source","1||HEIGHT","Current official API returned no downloadable PDF path."
"820260603-서울특별시-정의당-1-1","제9회 전국동시지방선거","820260603","광역의원비례대표선거","8","서울특별시","","","정의당","730","","","","1","비례대표 정당 제출자료","1","","false","","false","","","current_unavailable_official_source","1||HEIGHT","Current official API returned no downloadable PDF path."
"820260603-서울특별시-친미연합-1-1","제9회 전국동시지방선거","820260603","광역의원비례대표선거","8","서울특별시","","","친미연합","5041","","","","1","비례대표 정당 제출자료","1","","false","","false","","","current_unavailable_official_source","1||HEIGHT","Current official API returned no downloadable PDF path."
"820260603-경상북도-친미연합-1-1","제9회 전국동시지방선거","820260603","광역의원비례대표선거","8","경상북도","","","친미연합","5041","","","","1","비례대표 정당 제출자료","1","","false","","false","","","current_unavailable_official_source","1||HEIGHT","Current official API returned no downloadable PDF path."
"820260603-경기도-친미연합-1-1","제9회 전국동시지방선거","820260603","광역의원비례대표선거","8","경기도","","","친미연합","5041","","","","1","비례대표 정당 제출자료","1","","false","","false","","","current_unavailable_official_source","1||HEIGHT","Current official API returned no downloadable PDF path."
"820260603-인천광역시-국민당-1-1","제9회 전국동시지방선거","820260603","광역의원비례대표선거","8","인천광역시","","","국민당","2050","","","","1","비례대표 정당 제출자료","1","","false","","false","","","current_unavailable_official_source","1||HEIGHT","Current official API returned no downloadable PDF path."
"820260603-경기도-국민당-1-1","제9회 전국동시지방선거","820260603","광역의원비례대표선거","8","경기도","","","국민당","2050","","","","1","비례대표 정당 제출자료","1","","false","","false","","","current_unavailable_official_source","1||HEIGHT","Current official API returned no downloadable PDF path."
"820260603-서울특별시-국민당-1-1","제9회 전국동시지방선거","820260603","광역의원비례대표선거","8","서울특별시","","","국민당","2050","","","","1","비례대표 정당 제출자료","1","","false","","false","","","current_unavailable_official_source","1||HEIGHT","Current official API returned no downloadable PDF path."
"820260603-서울특별시-한국독립당-1-1","제9회 전국동시지방선거","820260603","광역의원비례대표선거","8","서울특별시","","","한국독립당","700","","","","1","비례대표 정당 제출자료","1","","false","","false","","","current_unavailable_official_source","1||HEIGHT","Current official API returned no downloadable PDF path."
"820260603-경기도-한국독립당-1-1","제9회 전국동시지방선거","820260603","광역의원비례대표선거","8","경기도","","","한국독립당","700","","","","1","비례대표 정당 제출자료","1","","false","","false","","","current_unavailable_official_source","1||HEIGHT","Current official API returned no downloadable PDF path."
"820260603-경기도-한나라당-1-1","제9회 전국동시지방선거","820260603","광역의원비례대표선거","8","경기도","","","한나라당","1990","","","","1","비례대표 정당 제출자료","1","","false","","false","","","current_unavailable_official_source","1||HEIGHT","Current official API returned no downloadable PDF path."
"820260603-서울특별시-한나라당-1-1","제9회 전국동시지방선거","820260603","광역의원비례대표선거","8","서울특별시","","","한나라당","1990","","","","1","비례대표 정당 제출자료","1","","false","","false","","","current_unavailable_official_source","1||HEIGHT","Current official API returned no downloadable PDF path."
"920260603-부안군-더불어민주당-1-0","제9회 전국동시지방선거","920260603","기초의원비례대표선거","9","부안군","","","더불어민주당","100","","","","1","비례대표 정당 제출자료","0","","false","","false","","","current_unavailable_official_source","0||","Current official API returned no downloadable PDF path."
"920260603-진안군-더불어민주당-1-0","제9회 전국동시지방선거","920260603","기초의원비례대표선거","9","진안군","","","더불어민주당","100","","","","1","비례대표 정당 제출자료","0","","false","","false","","","current_unavailable_official_source","0||","Current official API returned no downloadable PDF path."
"920260603-영월군-더불어민주당-1-0","제9회 전국동시지방선거","920260603","기초의원비례대표선거","9","영월군","","","더불어민주당","100","","","","1","비례대표 정당 제출자료","0","","false","","false","","","current_unavailable_official_source","0||","Current official API returned no downloadable PDF path."
"920260603-고성군-더불어민주당-1-1","제9회 전국동시지방선거","920260603","기초의원비례대표선거","9","고성군","","","더불어민주당","100","","","","1","비례대표 정당 제출자료","1","","false","","false","","","current_unavailable_official_source","1||HEIGHT","Current official API returned no downloadable PDF path."
"920260603-하동군-더불어민주당-1-0","제9회 전국동시지방선거","920260603","기초의원비례대표선거","9","하동군","","","더불어민주당","100","","","","1","비례대표 정당 제출자료","0","","false","","false","","","current_unavailable_official_source","0||","Current official API returned no downloadable PDF path."
"920260603-밀양시-더불어민주당-1-1","제9회 전국동시지방선거","920260603","기초의원비례대표선거","9","밀양시","","","더불어민주당","100","","","","1","비례대표 정당 제출자료","1","","false","","false","","","current_unavailable_official_source","1||HEIGHT","Current official API returned no downloadable PDF path."
"920260603-무안군-더불어민주당-1-0","제9회 전국동시지방선거","920260603","기초의원비례대표선거","9","무안군","","","더불어민주당","100","","","","1","비례대표 정당 제출자료","0","","false","","false","","","current_unavailable_official_source","0||","Current official API returned no downloadable PDF path."
"920260603-곡성군-더불어민주당-1-0","제9회 전국동시지방선거","920260603","기초의원비례대표선거","9","곡성군","","","더불어민주당","100","","","","1","비례대표 정당 제출자료","0","","false","","false","","","current_unavailable_official_source","0||","Current official API returned no downloadable PDF path."
"920260603-오산시-더불어민주당-1-1","제9회 전국동시지방선거","920260603","기초의원비례대표선거","9","오산시","","","더불어민주당","100","","","","1","비례대표 정당 제출자료","1","","false","","false","","","current_unavailable_official_source","1||HEIGHT","Current official API returned no downloadable PDF path."
"920260603-양주시-더불어민주당-1-1","제9회 전국동시지방선거","920260603","기초의원비례대표선거","9","양주시","","","더불어민주당","100","","","","1","비례대표 정당 제출자료","1","","false","","false","","","current_unavailable_official_source","1||HEIGHT","Current official API returned no downloadable PDF path."
"920260603-서구-더불어민주당-1-1","제9회 전국동시지방선거","920260603","기초의원비례대표선거","9","서구","","","더불어민주당","100","","","","1","비례대표 정당 제출자료","1","","false","","false","","","current_unavailable_official_source","1||HEIGHT","Current official API returned no downloadable PDF path."
"920260603-금정구-더불어민주당-1-0","제9회 전국동시지방선거","920260603","기초의원비례대표선거","9","금정구","","","더불어민주당","100","","","","1","비례대표 정당 제출자료","0","","false","","false","","","current_unavailable_official_source","0||","Current official API returned no downloadable PDF path."
"920260603-영도구-더불어민주당-1-1","제9회 전국동시지방선거","920260603","기초의원비례대표선거","9","영도구","","","더불어민주당","100","","","","1","비례대표 정당 제출자료","1","","false","","false","","","current_unavailable_official_source","1||HEIGHT","Current official API returned no downloadable PDF path."
"920260603-강동구-더불어민주당-1-1","제9회 전국동시지방선거","920260603","기초의원비례대표선거","9","강동구","","","더불어민주당","100","","","","1","비례대표 정당 제출자료","1","","false","","false","","","current_unavailable_official_source","1||HEIGHT","Current official API returned no downloadable PDF path."
"920260603-관악구-더불어민주당-1-1","제9회 전국동시지방선거","920260603","기초의원비례대표선거","9","관악구","","","더불어민주당","100","","","","1","비례대표 정당 제출자료","1","","false","","false","","","current_unavailable_official_source","1||HEIGHT","Current official API returned no downloadable PDF path."
"920260603-금천구-더불어민주당-1-1","제9회 전국동시지방선거","920260603","기초의원비례대표선거","9","금천구","","","더불어민주당","100","","","","1","비례대표 정당 제출자료","1","","false","","false","","","current_unavailable_official_source","1||HEIGHT","Current official API returned no downloadable PDF path."
"920260603-강서구-더불어민주당-1-1","제9회 전국동시지방선거","920260603","기초의원비례대표선거","9","강서구","","","더불어민주당","100","","","","1","비례대표 정당 제출자료","1","","false","","false","","","current_unavailable_official_source","1||HEIGHT","Current official API returned no downloadable PDF path."
"920260603-서대문구-더불어민주당-1-0","제9회 전국동시지방선거","920260603","기초의원비례대표선거","9","서대문구","","","더불어민주당","100","","","","1","비례대표 정당 제출자료","0","","false","","false","","","current_unavailable_official_source","0||","Current official API returned no downloadable PDF path."
"920260603-성북구-더불어민주당-1-0","제9회 전국동시지방선거","920260603","기초의원비례대표선거","9","성북구","","","더불어민주당","100","","","","1","비례대표 정당 제출자료","0","","false","","false","","","current_unavailable_official_source","0||","Current official API returned no downloadable PDF path."
"920260603-순창군-더불어민주당-1-0","제9회 전국동시지방선거","920260603","기초의원비례대표선거","9","순창군","","","더불어민주당","100","","","","1","비례대표 정당 제출자료","0","","false","","false","","","current_unavailable_official_source","0||","Current official API returned no downloadable PDF path."
"920260603-장수군-더불어민주당-1-0","제9회 전국동시지방선거","920260603","기초의원비례대표선거","9","장수군","","","더불어민주당","100","","","","1","비례대표 정당 제출자료","0","","false","","false","","","current_unavailable_official_source","0||","Current official API returned no downloadable PDF path."
"920260603-양구군-더불어민주당-1-0","제9회 전국동시지방선거","920260603","기초의원비례대표선거","9","양구군","","","더불어민주당","100","","","","1","비례대표 정당 제출자료","0","","false","","false","","","current_unavailable_official_source","0||","Current official API returned no downloadable PDF path."
"920260603-정선군-더불어민주당-1-1","제9회 전국동시지방선거","920260603","기초의원비례대표선거","9","정선군","","","더불어민주당","100","","","","1","비례대표 정당 제출자료","1","","false","","false","","","current_unavailable_official_source","1||HEIGHT","Current official API returned no downloadable PDF path."
"920260603-태백시-더불어민주당-1-1","제9회 전국동시지방선거","920260603","기초의원비례대표선거","9","태백시","","","더불어민주당","100","","","","1","비례대표 정당 제출자료","1","","false","","false","","","current_unavailable_official_source","1||HEIGHT","Current official API returned no downloadable PDF path."
"920260603-삼척시-더불어민주당-1-1","제9회 전국동시지방선거","920260603","기초의원비례대표선거","9","삼척시","","","더불어민주당","100","","","","1","비례대표 정당 제출자료","1","","false","","false","","","current_unavailable_official_source","1||HEIGHT","Current official API returned no downloadable PDF path."
"920260603-춘천시-더불어민주당-1-0","제9회 전국동시지방선거","920260603","기초의원비례대표선거","9","춘천시","","","더불어민주당","100","","","","1","비례대표 정당 제출자료","0","","false","","false","","","current_unavailable_official_source","0||","Current official API returned no downloadable PDF path."
"920260603-창원시-더불어민주당-1-1","제9회 전국동시지방선거","920260603","기초의원비례대표선거","9","창원시","","","더불어민주당","100","","","","1","비례대표 정당 제출자료","1","","false","","false","","","current_unavailable_official_source","1||HEIGHT","Current official API returned no downloadable PDF path."
"920260603-합천군-더불어민주당-1-1","제9회 전국동시지방선거","920260603","기초의원비례대표선거","9","합천군","","","더불어민주당","100","","","","1","비례대표 정당 제출자료","1","","false","","false","","","current_unavailable_official_source","1||HEIGHT","Current official API returned no downloadable PDF path."
"920260603-장성군-더불어민주당-1-0","제9회 전국동시지방선거","920260603","기초의원비례대표선거","9","장성군","","","더불어민주당","100","","","","1","비례대표 정당 제출자료","0","","false","","false","","","current_unavailable_official_source","0||","Current official API returned no downloadable PDF path."
"920260603-순천시-더불어민주당-1-1","제9회 전국동시지방선거","920260603","기초의원비례대표선거","9","순천시","","","더불어민주당","100","","","","1","비례대표 정당 제출자료","1","","false","","false","","","current_unavailable_official_source","1||HEIGHT","Current official API returned no downloadable PDF path."
"920260603-여수시-더불어민주당-1-1","제9회 전국동시지방선거","920260603","기초의원비례대표선거","9","여수시","","","더불어민주당","100","","","","1","비례대표 정당 제출자료","1","","false","","false","","","current_unavailable_official_source","1||HEIGHT","Current official API returned no downloadable PDF path."
"920260603-아산시-더불어민주당-1-1","제9회 전국동시지방선거","920260603","기초의원비례대표선거","9","아산시","","","더불어민주당","100","","","","1","비례대표 정당 제출자료","1","","false","","false","","","current_unavailable_official_source","1||HEIGHT","Current official API returned no downloadable PDF path."
"920260603-진천군-더불어민주당-1-1","제9회 전국동시지방선거","920260603","기초의원비례대표선거","9","진천군","","","더불어민주당","100","","","","1","비례대표 정당 제출자료","1","","false","","false","","","current_unavailable_official_source","1||HEIGHT","Current official API returned no downloadable PDF path."
"920260603-울주군-더불어민주당-1-1","제9회 전국동시지방선거","920260603","기초의원비례대표선거","9","울주군","","","더불어민주당","100","","","","1","비례대표 정당 제출자료","1","","false","","false","","","current_unavailable_official_source","1||HEIGHT","Current official API returned no downloadable PDF path."
"920260603-북구-더불어민주당-1-1","제9회 전국동시지방선거","920260603","기초의원비례대표선거","9","북구","","","더불어민주당","100","","","","1","비례대표 정당 제출자료","1","","false","","false","","","current_unavailable_official_source","1||HEIGHT","Current official API returned no downloadable PDF path."
"920260603-광산구-더불어민주당-1-1","제9회 전국동시지방선거","920260603","기초의원비례대표선거","9","광산구","","","더불어민주당","100","","","","1","비례대표 정당 제출자료","1","","false","","false","","","current_unavailable_official_source","1||HEIGHT","Current official API returned no downloadable PDF path."
"920260603-부평구-더불어민주당-1-1","제9회 전국동시지방선거","920260603","기초의원비례대표선거","9","부평구","","","더불어민주당","100","","","","1","비례대표 정당 제출자료","1","","false","","false","","","current_unavailable_official_source","1||HEIGHT","Current official API returned no downloadable PDF path."
"920260603-남구-더불어민주당-1-1","제9회 전국동시지방선거","920260603","기초의원비례대표선거","9","남구","","","더불어민주당","100","","","","1","비례대표 정당 제출자료","1","","false","","false","","","current_unavailable_official_source","1||HEIGHT","Current official API returned no downloadable PDF path."
"920260603-중구-더불어민주당-1-1","제9회 전국동시지방선거","920260603","기초의원비례대표선거","9","중구","","","더불어민주당","100","","","","1","비례대표 정당 제출자료","1","","false","","false","","","current_unavailable_official_source","1||HEIGHT","Current official API returned no downloadable PDF path."
"920260603-동구-더불어민주당-1-1","제9회 전국동시지방선거","920260603","기초의원비례대표선거","9","동구","","","더불어민주당","100","","","","1","비례대표 정당 제출자료","1","","false","","false","","","current_unavailable_official_source","1||HEIGHT","Current official API returned no downloadable PDF path."
"920260603-송파구-더불어민주당-1-1","제9회 전국동시지방선거","920260603","기초의원비례대표선거","9","송파구","","","더불어민주당","100","","","","1","비례대표 정당 제출자료","1","","false","","false","","","current_unavailable_official_source","1||HEIGHT","Current official API returned no downloadable PDF path."
"920260603-마포구-더불어민주당-1-1","제9회 전국동시지방선거","920260603","기초의원비례대표선거","9","마포구","","","더불어민주당","100","","","","1","비례대표 정당 제출자료","1","","false","","false","","","current_unavailable_official_source","1||HEIGHT","Current official API returned no downloadable PDF path."
"920260603-성동구-더불어민주당-1-1","제9회 전국동시지방선거","920260603","기초의원비례대표선거","9","성동구","","","더불어민주당","100","","","","1","비례대표 정당 제출자료","1","","false","","false","","","current_unavailable_official_source","1||HEIGHT","Current official API returned no downloadable PDF path."
"920260603-완주군-더불어민주당-1-0","제9회 전국동시지방선거","920260603","기초의원비례대표선거","9","완주군","","","더불어민주당","100","","","","1","비례대표 정당 제출자료","0","","false","","false","","","current_unavailable_official_source","0||","Current official API returned no downloadable PDF path."
"920260603-남원시-더불어민주당-1-1","제9회 전국동시지방선거","920260603","기초의원비례대표선거","9","남원시","","","더불어민주당","100","","","","1","비례대표 정당 제출자료","1","","false","","false","","","current_unavailable_official_source","1||HEIGHT","Current official API returned no downloadable PDF path."
"920260603-동해시-더불어민주당-1-1","제9회 전국동시지방선거","920260603","기초의원비례대표선거","9","동해시","","","더불어민주당","100","","","","1","비례대표 정당 제출자료","1","","false","","false","","","current_unavailable_official_source","1||HEIGHT","Current official API returned no downloadable PDF path."
"920260603-거창군-더불어민주당-1-1","제9회 전국동시지방선거","920260603","기초의원비례대표선거","9","거창군","","","더불어민주당","100","","","","1","비례대표 정당 제출자료","1","","false","","false","","","current_unavailable_official_source","1||HEIGHT","Current official API returned no downloadable PDF path."
"920260603-경산시-더불어민주당-1-1","제9회 전국동시지방선거","920260603","기초의원비례대표선거","9","경산시","","","더불어민주당","100","","","","1","비례대표 정당 제출자료","1","","false","","false","","","current_unavailable_official_source","1||HEIGHT","Current official API returned no downloadable PDF path."
"920260603-해남군-더불어민주당-1-1","제9회 전국동시지방선거","920260603","기초의원비례대표선거","9","해남군","","","더불어민주당","100","","","","1","비례대표 정당 제출자료","1","","false","","false","","","current_unavailable_official_source","1||HEIGHT","Current official API returned no downloadable PDF path."
"920260603-광양시-더불어민주당-1-0","제9회 전국동시지방선거","920260603","기초의원비례대표선거","9","광양시","","","더불어민주당","100","","","","1","비례대표 정당 제출자료","0","","false","","false","","","current_unavailable_official_source","0||","Current official API returned no downloadable PDF path."
"920260603-공주시-더불어민주당-1-1","제9회 전국동시지방선거","920260603","기초의원비례대표선거","9","공주시","","","더불어민주당","100","","","","1","비례대표 정당 제출자료","1","","false","","false","","","current_unavailable_official_source","1||HEIGHT","Current official API returned no downloadable PDF path."
"920260603-음성군-더불어민주당-1-1","제9회 전국동시지방선거","920260603","기초의원비례대표선거","9","음성군","","","더불어민주당","100","","","","1","비례대표 정당 제출자료","1","","false","","false","","","current_unavailable_official_source","1||HEIGHT","Current official API returned no downloadable PDF path."
"920260603-제천시-더불어민주당-1-1","제9회 전국동시지방선거","920260603","기초의원비례대표선거","9","제천시","","","더불어민주당","100","","","","1","비례대표 정당 제출자료","1","","false","","false","","","current_unavailable_official_source","1||HEIGHT","Current official API returned no downloadable PDF path."
"920260603-충주시-더불어민주당-1-1","제9회 전국동시지방선거","920260603","기초의원비례대표선거","9","충주시","","","더불어민주당","100","","","","1","비례대표 정당 제출자료","1","","false","","false","","","current_unavailable_official_source","1||HEIGHT","Current official API returned no downloadable PDF path."
"920260603-용인시-더불어민주당-1-0","제9회 전국동시지방선거","920260603","기초의원비례대표선거","9","용인시","","","더불어민주당","100","","","","1","비례대표 정당 제출자료","0","","false","","false","","","current_unavailable_official_source","0||","Current official API returned no downloadable PDF path."
"920260603-이천시-더불어민주당-1-1","제9회 전국동시지방선거","920260603","기초의원비례대표선거","9","이천시","","","더불어민주당","100","","","","1","비례대표 정당 제출자료","1","","false","","false","","","current_unavailable_official_source","1||HEIGHT","Current official API returned no downloadable PDF path."
"920260603-의왕시-더불어민주당-1-1","제9회 전국동시지방선거","920260603","기초의원비례대표선거","9","의왕시","","","더불어민주당","100","","","","1","비례대표 정당 제출자료","1","","false","","false","","","current_unavailable_official_source","1||HEIGHT","Current official API returned no downloadable PDF path."
"920260603-광명시-더불어민주당-1-0","제9회 전국동시지방선거","920260603","기초의원비례대표선거","9","광명시","","","더불어민주당","100","","","","1","비례대표 정당 제출자료","0","","false","","false","","","current_unavailable_official_source","0||","Current official API returned no downloadable PDF path."
"920260603-수원시-더불어민주당-1-1","제9회 전국동시지방선거","920260603","기초의원비례대표선거","9","수원시","","","더불어민주당","100","","","","1","비례대표 정당 제출자료","1","","false","","false","","","current_unavailable_official_source","1||HEIGHT","Current official API returned no downloadable PDF path."
"920260603-남동구-더불어민주당-1-0","제9회 전국동시지방선거","920260603","기초의원비례대표선거","9","남동구","","","더불어민주당","100","","","","1","비례대표 정당 제출자료","0","","false","","false","","","current_unavailable_official_source","0||","Current official API returned no downloadable PDF path."
"920260603-수성구-더불어민주당-1-1","제9회 전국동시지방선거","920260603","기초의원비례대표선거","9","수성구","","","더불어민주당","100","","","","1","비례대표 정당 제출자료","1","","false","","false","","","current_unavailable_official_source","1||HEIGHT","Current official API returned no downloadable PDF path."
"920260603-사하구-더불어민주당-1-1","제9회 전국동시지방선거","920260603","기초의원비례대표선거","9","사하구","","","더불어민주당","100","","","","1","비례대표 정당 제출자료","1","","false","","false","","","current_unavailable_official_source","1||HEIGHT","Current official API returned no downloadable PDF path."
"920260603-양천구-더불어민주당-1-1","제9회 전국동시지방선거","920260603","기초의원비례대표선거","9","양천구","","","더불어민주당","100","","","","1","비례대표 정당 제출자료","1","","false","","false","","","current_unavailable_official_source","1||HEIGHT","Current official API returned no downloadable PDF path."
"920260603-강북구-더불어민주당-1-1","제9회 전국동시지방선거","920260603","기초의원비례대표선거","9","강북구","","","더불어민주당","100","","","","1","비례대표 정당 제출자료","1","","false","","false","","","current_unavailable_official_source","1||HEIGHT","Current official API returned no downloadable PDF path."
"920260603-철원군-더불어민주당-1-1","제9회 전국동시지방선거","920260603","기초의원비례대표선거","9","철원군","","","더불어민주당","100","","","","1","비례대표 정당 제출자료","1","","false","","false","","","current_unavailable_official_source","1||HEIGHT","Current official API returned no downloadable PDF path."
"920260603-횡성군-더불어민주당-1-1","제9회 전국동시지방선거","920260603","기초의원비례대표선거","9","횡성군","","","더불어민주당","100","","","","1","비례대표 정당 제출자료","1","","false","","false","","","current_unavailable_official_source","1||HEIGHT","Current official API returned no downloadable PDF path."
"920260603-인제군-더불어민주당-1-1","제9회 전국동시지방선거","920260603","기초의원비례대표선거","9","인제군","","","더불어민주당","100","","","","1","비례대표 정당 제출자료","1","","false","","false","","","current_unavailable_official_source","1||HEIGHT","Current official API returned no downloadable PDF path."
"920260603-함양군-더불어민주당-1-1","제9회 전국동시지방선거","920260603","기초의원비례대표선거","9","함양군","","","더불어민주당","100","","","","1","비례대표 정당 제출자료","1","","false","","false","","","current_unavailable_official_source","1||HEIGHT","Current official API returned no downloadable PDF path."
"920260603-창녕군-더불어민주당-1-1","제9회 전국동시지방선거","920260603","기초의원비례대표선거","9","창녕군","","","더불어민주당","100","","","","1","비례대표 정당 제출자료","1","","false","","false","","","current_unavailable_official_source","1||HEIGHT","Current official API returned no downloadable PDF path."
"920260603-의성군-더불어민주당-1-0","제9회 전국동시지방선거","920260603","기초의원비례대표선거","9","의성군","","","더불어민주당","100","","","","1","비례대표 정당 제출자료","0","","false","","false","","","current_unavailable_official_source","0||","Current official API returned no downloadable PDF path."
"920260603-구미시-더불어민주당-1-1","제9회 전국동시지방선거","920260603","기초의원비례대표선거","9","구미시","","","더불어민주당","100","","","","1","비례대표 정당 제출자료","1","","false","","false","","","current_unavailable_official_source","1||HEIGHT","Current official API returned no downloadable PDF path."
"920260603-포항시-더불어민주당-1-1","제9회 전국동시지방선거","920260603","기초의원비례대표선거","9","포항시","","","더불어민주당","100","","","","1","비례대표 정당 제출자료","1","","false","","false","","","current_unavailable_official_source","1||HEIGHT","Current official API returned no downloadable PDF path."
"920260603-진도군-더불어민주당-1-0","제9회 전국동시지방선거","920260603","기초의원비례대표선거","9","진도군","","","더불어민주당","100","","","","1","비례대표 정당 제출자료","0","","false","","false","","","current_unavailable_official_source","0||","Current official API returned no downloadable PDF path."
"920260603-고흥군-더불어민주당-1-0","제9회 전국동시지방선거","920260603","기초의원비례대표선거","9","고흥군","","","더불어민주당","100","","","","1","비례대표 정당 제출자료","0","","false","","false","","","current_unavailable_official_source","0||","Current official API returned no downloadable PDF path."
"920260603-천안시-더불어민주당-1-1","제9회 전국동시지방선거","920260603","기초의원비례대표선거","9","천안시","","","더불어민주당","100","","","","1","비례대표 정당 제출자료","1","","false","","false","","","current_unavailable_official_source","1||HEIGHT","Current official API returned no downloadable PDF path."
"920260603-당진시-더불어민주당-1-1","제9회 전국동시지방선거","920260603","기초의원비례대표선거","9","당진시","","","더불어민주당","100","","","","1","비례대표 정당 제출자료","1","","false","","false","","","current_unavailable_official_source","1||HEIGHT","Current official API returned no downloadable PDF path."
"920260603-홍성군-더불어민주당-1-1","제9회 전국동시지방선거","920260603","기초의원비례대표선거","9","홍성군","","","더불어민주당","100","","","","1","비례대표 정당 제출자료","1","","false","","false","","","current_unavailable_official_source","1||HEIGHT","Current official API returned no downloadable PDF path."
"920260603-계룡시-더불어민주당-1-1","제9회 전국동시지방선거","920260603","기초의원비례대표선거","9","계룡시","","","더불어민주당","100","","","","1","비례대표 정당 제출자료","1","","false","","false","","","current_unavailable_official_source","1||HEIGHT","Current official API returned no downloadable PDF path."
"920260603-증평군-더불어민주당-1-1","제9회 전국동시지방선거","920260603","기초의원비례대표선거","9","증평군","","","더불어민주당","100","","","","1","비례대표 정당 제출자료","1","","false","","false","","","current_unavailable_official_source","1||HEIGHT","Current official API returned no downloadable PDF path."
"920260603-단양군-더불어민주당-1-1","제9회 전국동시지방선거","920260603","기초의원비례대표선거","9","단양군","","","더불어민주당","100","","","","1","비례대표 정당 제출자료","1","","false","","false","","","current_unavailable_official_source","1||HEIGHT","Current official API returned no downloadable PDF path."
"920260603-부천시-더불어민주당-1-0","제9회 전국동시지방선거","920260603","기초의원비례대표선거","9","부천시","","","더불어민주당","100","","","","1","비례대표 정당 제출자료","0","","false","","false","","","current_unavailable_official_source","0||","Current official API returned no downloadable PDF path."
"920260603-포천시-더불어민주당-1-1","제9회 전국동시지방선거","920260603","기초의원비례대표선거","9","포천시","","","더불어민주당","100","","","","1","비례대표 정당 제출자료","1","","false","","false","","","current_unavailable_official_source","1||HEIGHT","Current official API returned no downloadable PDF path."
"920260603-광주시-더불어민주당-1-0","제9회 전국동시지방선거","920260603","기초의원비례대표선거","9","광주시","","","더불어민주당","100","","","","1","비례대표 정당 제출자료","0","","false","","false","","","current_unavailable_official_source","0||","Current official API returned no downloadable PDF path."
"920260603-여주시-더불어민주당-1-0","제9회 전국동시지방선거","920260603","기초의원비례대표선거","9","여주시","","","더불어민주당","100","","","","1","비례대표 정당 제출자료","0","","false","","false","","","current_unavailable_official_source","0||","Current official API returned no downloadable PDF path."
"920260603-고양시-더불어민주당-1-0","제9회 전국동시지방선거","920260603","기초의원비례대표선거","9","고양시","","","더불어민주당","100","","","","1","비례대표 정당 제출자료","0","","false","","false","","","current_unavailable_official_source","0||","Current official API returned no downloadable PDF path."
"920260603-동두천시-더불어민주당-1-1","제9회 전국동시지방선거","920260603","기초의원비례대표선거","9","동두천시","","","더불어민주당","100","","","","1","비례대표 정당 제출자료","1","","false","","false","","","current_unavailable_official_source","1||HEIGHT","Current official API returned no downloadable PDF path."
"920260603-평택시-더불어민주당-1-1","제9회 전국동시지방선거","920260603","기초의원비례대표선거","9","평택시","","","더불어민주당","100","","","","1","비례대표 정당 제출자료","1","","false","","false","","","current_unavailable_official_source","1||HEIGHT","Current official API returned no downloadable PDF path."
"920260603-달서구-더불어민주당-1-0","제9회 전국동시지방선거","920260603","기초의원비례대표선거","9","달서구","","","더불어민주당","100","","","","1","비례대표 정당 제출자료","0","","false","","false","","","current_unavailable_official_source","0||","Current official API returned no downloadable PDF path."
"920260603-사상구-더불어민주당-1-1","제9회 전국동시지방선거","920260603","기초의원비례대표선거","9","사상구","","","더불어민주당","100","","","","1","비례대표 정당 제출자료","1","","false","","false","","","current_unavailable_official_source","1||HEIGHT","Current official API returned no downloadable PDF path."
"920260603-서초구-더불어민주당-1-1","제9회 전국동시지방선거","920260603","기초의원비례대표선거","9","서초구","","","더불어민주당","100","","","","1","비례대표 정당 제출자료","1","","false","","false","","","current_unavailable_official_source","1||HEIGHT","Current official API returned no downloadable PDF path."
"920260603-구로구-더불어민주당-1-0","제9회 전국동시지방선거","920260603","기초의원비례대표선거","9","구로구","","","더불어민주당","100","","","","1","비례대표 정당 제출자료","0","","false","","false","","","current_unavailable_official_source","0||","Current official API returned no downloadable PDF path."
"920260603-노원구-더불어민주당-1-0","제9회 전국동시지방선거","920260603","기초의원비례대표선거","9","노원구","","","더불어민주당","100","","","","1","비례대표 정당 제출자료","0","","false","","false","","","current_unavailable_official_source","0||","Current official API returned no downloadable PDF path."
"920260603-중랑구-더불어민주당-1-1","제9회 전국동시지방선거","920260603","기초의원비례대표선거","9","중랑구","","","더불어민주당","100","","","","1","비례대표 정당 제출자료","1","","false","","false","","","current_unavailable_official_source","1||HEIGHT","Current official API returned no downloadable PDF path."
"920260603-동대문구-더불어민주당-1-1","제9회 전국동시지방선거","920260603","기초의원비례대표선거","9","동대문구","","","더불어민주당","100","","","","1","비례대표 정당 제출자료","1","","false","","false","","","current_unavailable_official_source","1||HEIGHT","Current official API returned no downloadable PDF path."
"920260603-무주군-더불어민주당-1-0","제9회 전국동시지방선거","920260603","기초의원비례대표선거","9","무주군","","","더불어민주당","100","","","","1","비례대표 정당 제출자료","0","","false","","false","","","current_unavailable_official_source","0||","Current official API returned no downloadable PDF path."
"920260603-익산시-더불어민주당-1-1","제9회 전국동시지방선거","920260603","기초의원비례대표선거","9","익산시","","","더불어민주당","100","","","","1","비례대표 정당 제출자료","1","","false","","false","","","current_unavailable_official_source","1||HEIGHT","Current official API returned no downloadable PDF path."
"920260603-화천군-더불어민주당-1-1","제9회 전국동시지방선거","920260603","기초의원비례대표선거","9","화천군","","","더불어민주당","100","","","","1","비례대표 정당 제출자료","1","","false","","false","","","current_unavailable_official_source","1||HEIGHT","Current official API returned no downloadable PDF path."
"920260603-함안군-더불어민주당-1-1","제9회 전국동시지방선거","920260603","기초의원비례대표선거","9","함안군","","","더불어민주당","100","","","","1","비례대표 정당 제출자료","1","","false","","false","","","current_unavailable_official_source","1||HEIGHT","Current official API returned no downloadable PDF path."
"920260603-의령군-더불어민주당-1-1","제9회 전국동시지방선거","920260603","기초의원비례대표선거","9","의령군","","","더불어민주당","100","","","","1","비례대표 정당 제출자료","1","","false","","false","","","current_unavailable_official_source","1||HEIGHT","Current official API returned no downloadable PDF path."
"920260603-김해시-더불어민주당-1-1","제9회 전국동시지방선거","920260603","기초의원비례대표선거","9","김해시","","","더불어민주당","100","","","","1","비례대표 정당 제출자료","1","","false","","false","","","current_unavailable_official_source","1||HEIGHT","Current official API returned no downloadable PDF path."
"920260603-통영시-더불어민주당-1-1","제9회 전국동시지방선거","920260603","기초의원비례대표선거","9","통영시","","","더불어민주당","100","","","","1","비례대표 정당 제출자료","1","","false","","false","","","current_unavailable_official_source","1||HEIGHT","Current official API returned no downloadable PDF path."
"920260603-상주시-더불어민주당-1-1","제9회 전국동시지방선거","920260603","기초의원비례대표선거","9","상주시","","","더불어민주당","100","","","","1","비례대표 정당 제출자료","1","","false","","false","","","current_unavailable_official_source","1||HEIGHT","Current official API returned no downloadable PDF path."
"920260603-안동시-더불어민주당-1-1","제9회 전국동시지방선거","920260603","기초의원비례대표선거","9","안동시","","","더불어민주당","100","","","","1","비례대표 정당 제출자료","1","","false","","false","","","current_unavailable_official_source","1||HEIGHT","Current official API returned no downloadable PDF path."
"920260603-김천시-더불어민주당-1-1","제9회 전국동시지방선거","920260603","기초의원비례대표선거","9","김천시","","","더불어민주당","100","","","","1","비례대표 정당 제출자료","1","","false","","false","","","current_unavailable_official_source","1||HEIGHT","Current official API returned no downloadable PDF path."
"920260603-함평군-더불어민주당-1-0","제9회 전국동시지방선거","920260603","기초의원비례대표선거","9","함평군","","","더불어민주당","100","","","","1","비례대표 정당 제출자료","0","","false","","false","","","current_unavailable_official_source","0||","Current official API returned no downloadable PDF path."
"920260603-보성군-더불어민주당-1-0","제9회 전국동시지방선거","920260603","기초의원비례대표선거","9","보성군","","","더불어민주당","100","","","","1","비례대표 정당 제출자료","0","","false","","false","","","current_unavailable_official_source","0||","Current official API returned no downloadable PDF path."
"920260603-목포시-더불어민주당-1-1","제9회 전국동시지방선거","920260603","기초의원비례대표선거","9","목포시","","","더불어민주당","100","","","","1","비례대표 정당 제출자료","1","","false","","false","","","current_unavailable_official_source","1||HEIGHT","Current official API returned no downloadable PDF path."
"920260603-금산군-더불어민주당-1-1","제9회 전국동시지방선거","920260603","기초의원비례대표선거","9","금산군","","","더불어민주당","100","","","","1","비례대표 정당 제출자료","1","","false","","false","","","current_unavailable_official_source","1||HEIGHT","Current official API returned no downloadable PDF path."
"920260603-화성시-더불어민주당-1-1","제9회 전국동시지방선거","920260603","기초의원비례대표선거","9","화성시","","","더불어민주당","100","","","","1","비례대표 정당 제출자료","1","","false","","false","","","current_unavailable_official_source","1||HEIGHT","Current official API returned no downloadable PDF path."
"920260603-연천군-더불어민주당-1-1","제9회 전국동시지방선거","920260603","기초의원비례대표선거","9","연천군","","","더불어민주당","100","","","","1","비례대표 정당 제출자료","1","","false","","false","","","current_unavailable_official_source","1||HEIGHT","Current official API returned no downloadable PDF path."
"920260603-안성시-더불어민주당-1-1","제9회 전국동시지방선거","920260603","기초의원비례대표선거","9","안성시","","","더불어민주당","100","","","","1","비례대표 정당 제출자료","1","","false","","false","","","current_unavailable_official_source","1||HEIGHT","Current official API returned no downloadable PDF path."
"920260603-시흥시-더불어민주당-1-1","제9회 전국동시지방선거","920260603","기초의원비례대표선거","9","시흥시","","","더불어민주당","100","","","","1","비례대표 정당 제출자료","1","","false","","false","","","current_unavailable_official_source","1||HEIGHT","Current official API returned no downloadable PDF path."
"920260603-대덕구-더불어민주당-1-1","제9회 전국동시지방선거","920260603","기초의원비례대표선거","9","대덕구","","","더불어민주당","100","","","","1","비례대표 정당 제출자료","1","","false","","false","","","current_unavailable_official_source","1||HEIGHT","Current official API returned no downloadable PDF path."
"920260603-유성구-더불어민주당-1-1","제9회 전국동시지방선거","920260603","기초의원비례대표선거","9","유성구","","","더불어민주당","100","","","","1","비례대표 정당 제출자료","1","","false","","false","","","current_unavailable_official_source","1||HEIGHT","Current official API returned no downloadable PDF path."
"920260603-검단구-더불어민주당-1-0","제9회 전국동시지방선거","920260603","기초의원비례대표선거","9","검단구","","","더불어민주당","100","","","","1","비례대표 정당 제출자료","0","","false","","false","","","current_unavailable_official_source","0||","Current official API returned no downloadable PDF path."
"920260603-제물포구-더불어민주당-1-1","제9회 전국동시지방선거","920260603","기초의원비례대표선거","9","제물포구","","","더불어민주당","100","","","","1","비례대표 정당 제출자료","1","","false","","false","","","current_unavailable_official_source","1||HEIGHT","Current official API returned no downloadable PDF path."
"920260603-미추홀구-더불어민주당-1-0","제9회 전국동시지방선거","920260603","기초의원비례대표선거","9","미추홀구","","","더불어민주당","100","","","","1","비례대표 정당 제출자료","0","","false","","false","","","current_unavailable_official_source","0||","Current official API returned no downloadable PDF path."
"920260603-광진구-더불어민주당-1-1","제9회 전국동시지방선거","920260603","기초의원비례대표선거","9","광진구","","","더불어민주당","100","","","","1","비례대표 정당 제출자료","1","","false","","false","","","current_unavailable_official_source","1||HEIGHT","Current official API returned no downloadable PDF path."
"920260603-용산구-더불어민주당-1-1","제9회 전국동시지방선거","920260603","기초의원비례대표선거","9","용산구","","","더불어민주당","100","","","","1","비례대표 정당 제출자료","1","","false","","false","","","current_unavailable_official_source","1||HEIGHT","Current official API returned no downloadable PDF path."
"920260603-고창군-더불어민주당-1-1","제9회 전국동시지방선거","920260603","기초의원비례대표선거","9","고창군","","","더불어민주당","100","","","","1","비례대표 정당 제출자료","1","","false","","false","","","current_unavailable_official_source","1||HEIGHT","Current official API returned no downloadable PDF path."
"920260603-김제시-더불어민주당-1-0","제9회 전국동시지방선거","920260603","기초의원비례대표선거","9","김제시","","","더불어민주당","100","","","","1","비례대표 정당 제출자료","0","","false","","false","","","current_unavailable_official_source","0||","Current official API returned no downloadable PDF path."
"920260603-정읍시-더불어민주당-1-0","제9회 전국동시지방선거","920260603","기초의원비례대표선거","9","정읍시","","","더불어민주당","100","","","","1","비례대표 정당 제출자료","0","","false","","false","","","current_unavailable_official_source","0||","Current official API returned no downloadable PDF path."
"920260603-원주시-더불어민주당-1-1","제9회 전국동시지방선거","920260603","기초의원비례대표선거","9","원주시","","","더불어민주당","100","","","","1","비례대표 정당 제출자료","1","","false","","false","","","current_unavailable_official_source","1||HEIGHT","Current official API returned no downloadable PDF path."
"920260603-양산시-더불어민주당-1-0","제9회 전국동시지방선거","920260603","기초의원비례대표선거","9","양산시","","","더불어민주당","100","","","","1","비례대표 정당 제출자료","0","","false","","false","","","current_unavailable_official_source","0||","Current official API returned no downloadable PDF path."
"920260603-사천시-더불어민주당-1-1","제9회 전국동시지방선거","920260603","기초의원비례대표선거","9","사천시","","","더불어민주당","100","","","","1","비례대표 정당 제출자료","1","","false","","false","","","current_unavailable_official_source","1||HEIGHT","Current official API returned no downloadable PDF path."
"920260603-진주시-더불어민주당-1-1","제9회 전국동시지방선거","920260603","기초의원비례대표선거","9","진주시","","","더불어민주당","100","","","","1","비례대표 정당 제출자료","1","","false","","false","","","current_unavailable_official_source","1||HEIGHT","Current official API returned no downloadable PDF path."
"920260603-영주시-더불어민주당-1-0","제9회 전국동시지방선거","920260603","기초의원비례대표선거","9","영주시","","","더불어민주당","100","","","","1","비례대표 정당 제출자료","0","","false","","false","","","current_unavailable_official_source","0||","Current official API returned no downloadable PDF path."
"920260603-경주시-더불어민주당-1-1","제9회 전국동시지방선거","920260603","기초의원비례대표선거","9","경주시","","","더불어민주당","100","","","","1","비례대표 정당 제출자료","1","","false","","false","","","current_unavailable_official_source","1||HEIGHT","Current official API returned no downloadable PDF path."
"920260603-신안군-더불어민주당-1-0","제9회 전국동시지방선거","920260603","기초의원비례대표선거","9","신안군","","","더불어민주당","100","","","","1","비례대표 정당 제출자료","0","","false","","false","","","current_unavailable_official_source","0||","Current official API returned no downloadable PDF path."
"920260603-완도군-더불어민주당-1-0","제9회 전국동시지방선거","920260603","기초의원비례대표선거","9","완도군","","","더불어민주당","100","","","","1","비례대표 정당 제출자료","0","","false","","false","","","current_unavailable_official_source","0||","Current official API returned no downloadable PDF path."
"920260603-장흥군-더불어민주당-1-0","제9회 전국동시지방선거","920260603","기초의원비례대표선거","9","장흥군","","","더불어민주당","100","","","","1","비례대표 정당 제출자료","0","","false","","false","","","current_unavailable_official_source","0||","Current official API returned no downloadable PDF path."
"920260603-구례군-더불어민주당-1-0","제9회 전국동시지방선거","920260603","기초의원비례대표선거","9","구례군","","","더불어민주당","100","","","","1","비례대표 정당 제출자료","0","","false","","false","","","current_unavailable_official_source","0||","Current official API returned no downloadable PDF path."
"920260603-담양군-더불어민주당-1-1","제9회 전국동시지방선거","920260603","기초의원비례대표선거","9","담양군","","","더불어민주당","100","","","","1","비례대표 정당 제출자료","1","","false","","false","","","current_unavailable_official_source","1||HEIGHT","Current official API returned no downloadable PDF path."
"920260603-나주시-더불어민주당-1-0","제9회 전국동시지방선거","920260603","기초의원비례대표선거","9","나주시","","","더불어민주당","100","","","","1","비례대표 정당 제출자료","0","","false","","false","","","current_unavailable_official_source","0||","Current official API returned no downloadable PDF path."
"920260603-서천군-더불어민주당-1-1","제9회 전국동시지방선거","920260603","기초의원비례대표선거","9","서천군","","","더불어민주당","100","","","","1","비례대표 정당 제출자료","1","","false","","false","","","current_unavailable_official_source","1||HEIGHT","Current official API returned no downloadable PDF path."
"920260603-부여군-더불어민주당-1-0","제9회 전국동시지방선거","920260603","기초의원비례대표선거","9","부여군","","","더불어민주당","100","","","","1","비례대표 정당 제출자료","0","","false","","false","","","current_unavailable_official_source","0||","Current official API returned no downloadable PDF path."
"920260603-서산시-더불어민주당-1-1","제9회 전국동시지방선거","920260603","기초의원비례대표선거","9","서산시","","","더불어민주당","100","","","","1","비례대표 정당 제출자료","1","","false","","false","","","current_unavailable_official_source","1||HEIGHT","Current official API returned no downloadable PDF path."
"920260603-보령시-더불어민주당-1-1","제9회 전국동시지방선거","920260603","기초의원비례대표선거","9","보령시","","","더불어민주당","100","","","","1","비례대표 정당 제출자료","1","","false","","false","","","current_unavailable_official_source","1||HEIGHT","Current official API returned no downloadable PDF path."
"920260603-영동군-더불어민주당-1-1","제9회 전국동시지방선거","920260603","기초의원비례대표선거","9","영동군","","","더불어민주당","100","","","","1","비례대표 정당 제출자료","1","","false","","false","","","current_unavailable_official_source","1||HEIGHT","Current official API returned no downloadable PDF path."
"920260603-양평군-더불어민주당-1-1","제9회 전국동시지방선거","920260603","기초의원비례대표선거","9","양평군","","","더불어민주당","100","","","","1","비례대표 정당 제출자료","1","","false","","false","","","current_unavailable_official_source","1||HEIGHT","Current official API returned no downloadable PDF path."
"920260603-안산시-더불어민주당-1-1","제9회 전국동시지방선거","920260603","기초의원비례대표선거","9","안산시","","","더불어민주당","100","","","","1","비례대표 정당 제출자료","1","","false","","false","","","current_unavailable_official_source","1||HEIGHT","Current official API returned no downloadable PDF path."
"920260603-성남시-더불어민주당-1-1","제9회 전국동시지방선거","920260603","기초의원비례대표선거","9","성남시","","","더불어민주당","100","","","","1","비례대표 정당 제출자료","1","","false","","false","","","current_unavailable_official_source","1||HEIGHT","Current official API returned no downloadable PDF path."
"920260603-옹진군-더불어민주당-1-1","제9회 전국동시지방선거","920260603","기초의원비례대표선거","9","옹진군","","","더불어민주당","100","","","","1","비례대표 정당 제출자료","1","","false","","false","","","current_unavailable_official_source","1||HEIGHT","Current official API returned no downloadable PDF path."
"920260603-강화군-더불어민주당-1-1","제9회 전국동시지방선거","920260603","기초의원비례대표선거","9","강화군","","","더불어민주당","100","","","","1","비례대표 정당 제출자료","1","","false","","false","","","current_unavailable_official_source","1||HEIGHT","Current official API returned no downloadable PDF path."
"920260603-계양구-더불어민주당-1-1","제9회 전국동시지방선거","920260603","기초의원비례대표선거","9","계양구","","","더불어민주당","100","","","","1","비례대표 정당 제출자료","1","","false","","false","","","current_unavailable_official_source","1||HEIGHT","Current official API returned no downloadable PDF path."
"920260603-수영구-더불어민주당-1-1","제9회 전국동시지방선거","920260603","기초의원비례대표선거","9","수영구","","","더불어민주당","100","","","","1","비례대표 정당 제출자료","1","","false","","false","","","current_unavailable_official_source","1||HEIGHT","Current official API returned no downloadable PDF path."
"920260603-연제구-더불어민주당-1-0","제9회 전국동시지방선거","920260603","기초의원비례대표선거","9","연제구","","","더불어민주당","100","","","","1","비례대표 정당 제출자료","0","","false","","false","","","current_unavailable_official_source","0||","Current official API returned no downloadable PDF path."
"920260603-강남구-더불어민주당-1-1","제9회 전국동시지방선거","920260603","기초의원비례대표선거","9","강남구","","","더불어민주당","100","","","","1","비례대표 정당 제출자료","1","","false","","false","","","current_unavailable_official_source","1||HEIGHT","Current official API returned no downloadable PDF path."
"920260603-은평구-더불어민주당-1-1","제9회 전국동시지방선거","920260603","기초의원비례대표선거","9","은평구","","","더불어민주당","100","","","","1","비례대표 정당 제출자료","1","","false","","false","","","current_unavailable_official_source","1||HEIGHT","Current official API returned no downloadable PDF path."
"920260603-도봉구-더불어민주당-1-0","제9회 전국동시지방선거","920260603","기초의원비례대표선거","9","도봉구","","","더불어민주당","100","","","","1","비례대표 정당 제출자료","0","","false","","false","","","current_unavailable_official_source","0||","Current official API returned no downloadable PDF path."
"920260603-임실군-더불어민주당-1-1","제9회 전국동시지방선거","920260603","기초의원비례대표선거","9","임실군","","","더불어민주당","100","","","","1","비례대표 정당 제출자료","1","","false","","false","","","current_unavailable_official_source","1||HEIGHT","Current official API returned no downloadable PDF path."
"920260603-전주시-더불어민주당-1-0","제9회 전국동시지방선거","920260603","기초의원비례대표선거","9","전주시","","","더불어민주당","100","","","","1","비례대표 정당 제출자료","0","","false","","false","","","current_unavailable_official_source","0||","Current official API returned no downloadable PDF path."
"920260603-평창군-더불어민주당-1-1","제9회 전국동시지방선거","920260603","기초의원비례대표선거","9","평창군","","","더불어민주당","100","","","","1","비례대표 정당 제출자료","1","","false","","false","","","current_unavailable_official_source","1||HEIGHT","Current official API returned no downloadable PDF path."
"920260603-홍천군-더불어민주당-1-0","제9회 전국동시지방선거","920260603","기초의원비례대표선거","9","홍천군","","","더불어민주당","100","","","","1","비례대표 정당 제출자료","0","","false","","false","","","current_unavailable_official_source","0||","Current official API returned no downloadable PDF path."
"920260603-양양군-더불어민주당-1-1","제9회 전국동시지방선거","920260603","기초의원비례대표선거","9","양양군","","","더불어민주당","100","","","","1","비례대표 정당 제출자료","1","","false","","false","","","current_unavailable_official_source","1||HEIGHT","Current official API returned no downloadable PDF path."
"920260603-속초시-더불어민주당-1-1","제9회 전국동시지방선거","920260603","기초의원비례대표선거","9","속초시","","","더불어민주당","100","","","","1","비례대표 정당 제출자료","1","","false","","false","","","current_unavailable_official_source","1||HEIGHT","Current official API returned no downloadable PDF path."
"920260603-영천시-더불어민주당-1-1","제9회 전국동시지방선거","920260603","기초의원비례대표선거","9","영천시","","","더불어민주당","100","","","","1","비례대표 정당 제출자료","1","","false","","false","","","current_unavailable_official_source","1||HEIGHT","Current official API returned no downloadable PDF path."
"920260603-영광군-더불어민주당-1-0","제9회 전국동시지방선거","920260603","기초의원비례대표선거","9","영광군","","","더불어민주당","100","","","","1","비례대표 정당 제출자료","0","","false","","false","","","current_unavailable_official_source","0||","Current official API returned no downloadable PDF path."
"920260603-강진군-더불어민주당-1-0","제9회 전국동시지방선거","920260603","기초의원비례대표선거","9","강진군","","","더불어민주당","100","","","","1","비례대표 정당 제출자료","0","","false","","false","","","current_unavailable_official_source","0||","Current official API returned no downloadable PDF path."
"920260603-화순군-더불어민주당-1-0","제9회 전국동시지방선거","920260603","기초의원비례대표선거","9","화순군","","","더불어민주당","100","","","","1","비례대표 정당 제출자료","0","","false","","false","","","current_unavailable_official_source","0||","Current official API returned no downloadable PDF path."
"920260603-청양군-더불어민주당-1-1","제9회 전국동시지방선거","920260603","기초의원비례대표선거","9","청양군","","","더불어민주당","100","","","","1","비례대표 정당 제출자료","1","","false","","false","","","current_unavailable_official_source","1||HEIGHT","Current official API returned no downloadable PDF path."
"920260603-논산시-더불어민주당-1-1","제9회 전국동시지방선거","920260603","기초의원비례대표선거","9","논산시","","","더불어민주당","100","","","","1","비례대표 정당 제출자료","1","","false","","false","","","current_unavailable_official_source","1||HEIGHT","Current official API returned no downloadable PDF path."
"920260603-보은군-더불어민주당-1-1","제9회 전국동시지방선거","920260603","기초의원비례대표선거","9","보은군","","","더불어민주당","100","","","","1","비례대표 정당 제출자료","1","","false","","false","","","current_unavailable_official_source","1||HEIGHT","Current official API returned no downloadable PDF path."
"920260603-청주시-더불어민주당-1-1","제9회 전국동시지방선거","920260603","기초의원비례대표선거","9","청주시","","","더불어민주당","100","","","","1","비례대표 정당 제출자료","1","","false","","false","","","current_unavailable_official_source","1||HEIGHT","Current official API returned no downloadable PDF path."
"920260603-가평군-더불어민주당-1-1","제9회 전국동시지방선거","920260603","기초의원비례대표선거","9","가평군","","","더불어민주당","100","","","","1","비례대표 정당 제출자료","1","","false","","false","","","current_unavailable_official_source","1||HEIGHT","Current official API returned no downloadable PDF path."
"920260603-김포시-더불어민주당-1-1","제9회 전국동시지방선거","920260603","기초의원비례대표선거","9","김포시","","","더불어민주당","100","","","","1","비례대표 정당 제출자료","1","","false","","false","","","current_unavailable_official_source","1||HEIGHT","Current official API returned no downloadable PDF path."
"920260603-구리시-더불어민주당-1-1","제9회 전국동시지방선거","920260603","기초의원비례대표선거","9","구리시","","","더불어민주당","100","","","","1","비례대표 정당 제출자료","1","","false","","false","","","current_unavailable_official_source","1||HEIGHT","Current official API returned no downloadable PDF path."
"920260603-안양시-더불어민주당-1-1","제9회 전국동시지방선거","920260603","기초의원비례대표선거","9","안양시","","","더불어민주당","100","","","","1","비례대표 정당 제출자료","1","","false","","false","","","current_unavailable_official_source","1||HEIGHT","Current official API returned no downloadable PDF path."
"920260603-의정부시-더불어민주당-1-0","제9회 전국동시지방선거","920260603","기초의원비례대표선거","9","의정부시","","","더불어민주당","100","","","","1","비례대표 정당 제출자료","0","","false","","false","","","current_unavailable_official_source","0||","Current official API returned no downloadable PDF path."
"920260603-영종구-더불어민주당-1-1","제9회 전국동시지방선거","920260603","기초의원비례대표선거","9","영종구","","","더불어민주당","100","","","","1","비례대표 정당 제출자료","1","","false","","false","","","current_unavailable_official_source","1||HEIGHT","Current official API returned no downloadable PDF path."
"920260603-연수구-더불어민주당-1-0","제9회 전국동시지방선거","920260603","기초의원비례대표선거","9","연수구","","","더불어민주당","100","","","","1","비례대표 정당 제출자료","0","","false","","false","","","current_unavailable_official_source","0||","Current official API returned no downloadable PDF path."
"920260603-동래구-더불어민주당-1-0","제9회 전국동시지방선거","920260603","기초의원비례대표선거","9","동래구","","","더불어민주당","100","","","","1","비례대표 정당 제출자료","0","","false","","false","","","current_unavailable_official_source","0||","Current official API returned no downloadable PDF path."
"920260603-동작구-더불어민주당-1-0","제9회 전국동시지방선거","920260603","기초의원비례대표선거","9","동작구","","","더불어민주당","100","","","","1","비례대표 정당 제출자료","0","","false","","false","","","current_unavailable_official_source","0||","Current official API returned no downloadable PDF path."
"920260603-영등포구-더불어민주당-1-1","제9회 전국동시지방선거","920260603","기초의원비례대표선거","9","영등포구","","","더불어민주당","100","","","","1","비례대표 정당 제출자료","1","","false","","false","","","current_unavailable_official_source","1||HEIGHT","Current official API returned no downloadable PDF path."
"920260603-종로구-더불어민주당-1-1","제9회 전국동시지방선거","920260603","기초의원비례대표선거","9","종로구","","","더불어민주당","100","","","","1","비례대표 정당 제출자료","1","","false","","false","","","current_unavailable_official_source","1||HEIGHT","Current official API returned no downloadable PDF path."
"920260603-군산시-더불어민주당-1-1","제9회 전국동시지방선거","920260603","기초의원비례대표선거","9","군산시","","","더불어민주당","100","","","","1","비례대표 정당 제출자료","1","","false","","false","","","current_unavailable_official_source","1||HEIGHT","Current official API returned no downloadable PDF path."
"920260603-강릉시-더불어민주당-1-1","제9회 전국동시지방선거","920260603","기초의원비례대표선거","9","강릉시","","","더불어민주당","100","","","","1","비례대표 정당 제출자료","1","","false","","false","","","current_unavailable_official_source","1||HEIGHT","Current official API returned no downloadable PDF path."
"920260603-남해군-더불어민주당-1-1","제9회 전국동시지방선거","920260603","기초의원비례대표선거","9","남해군","","","더불어민주당","100","","","","1","비례대표 정당 제출자료","1","","false","","false","","","current_unavailable_official_source","1||HEIGHT","Current official API returned no downloadable PDF path."
"920260603-거제시-더불어민주당-1-1","제9회 전국동시지방선거","920260603","기초의원비례대표선거","9","거제시","","","더불어민주당","100","","","","1","비례대표 정당 제출자료","1","","false","","false","","","current_unavailable_official_source","1||HEIGHT","Current official API returned no downloadable PDF path."
"920260603-영암군-더불어민주당-1-0","제9회 전국동시지방선거","920260603","기초의원비례대표선거","9","영암군","","","더불어민주당","100","","","","1","비례대표 정당 제출자료","0","","false","","false","","","current_unavailable_official_source","0||","Current official API returned no downloadable PDF path."
"920260603-예산군-더불어민주당-1-1","제9회 전국동시지방선거","920260603","기초의원비례대표선거","9","예산군","","","더불어민주당","100","","","","1","비례대표 정당 제출자료","1","","false","","false","","","current_unavailable_official_source","1||HEIGHT","Current official API returned no downloadable PDF path."
"920260603-태안군-더불어민주당-1-1","제9회 전국동시지방선거","920260603","기초의원비례대표선거","9","태안군","","","더불어민주당","100","","","","1","비례대표 정당 제출자료","1","","false","","false","","","current_unavailable_official_source","1||HEIGHT","Current official API returned no downloadable PDF path."
"920260603-괴산군-더불어민주당-1-1","제9회 전국동시지방선거","920260603","기초의원비례대표선거","9","괴산군","","","더불어민주당","100","","","","1","비례대표 정당 제출자료","1","","false","","false","","","current_unavailable_official_source","1||HEIGHT","Current official API returned no downloadable PDF path."
"920260603-옥천군-더불어민주당-1-1","제9회 전국동시지방선거","920260603","기초의원비례대표선거","9","옥천군","","","더불어민주당","100","","","","1","비례대표 정당 제출자료","1","","false","","false","","","current_unavailable_official_source","1||HEIGHT","Current official API returned no downloadable PDF path."
"920260603-파주시-더불어민주당-1-0","제9회 전국동시지방선거","920260603","기초의원비례대표선거","9","파주시","","","더불어민주당","100","","","","1","비례대표 정당 제출자료","0","","false","","false","","","current_unavailable_official_source","0||","Current official API returned no downloadable PDF path."
"920260603-하남시-더불어민주당-1-1","제9회 전국동시지방선거","920260603","기초의원비례대표선거","9","하남시","","","더불어민주당","100","","","","1","비례대표 정당 제출자료","1","","false","","false","","","current_unavailable_official_source","1||HEIGHT","Current official API returned no downloadable PDF path."
"920260603-군포시-더불어민주당-1-1","제9회 전국동시지방선거","920260603","기초의원비례대표선거","9","군포시","","","더불어민주당","100","","","","1","비례대표 정당 제출자료","1","","false","","false","","","current_unavailable_official_source","1||HEIGHT","Current official API returned no downloadable PDF path."
"920260603-남양주시-더불어민주당-1-1","제9회 전국동시지방선거","920260603","기초의원비례대표선거","9","남양주시","","","더불어민주당","100","","","","1","비례대표 정당 제출자료","1","","false","","false","","","current_unavailable_official_source","1||HEIGHT","Current official API returned no downloadable PDF path."
"920260603-과천시-더불어민주당-1-1","제9회 전국동시지방선거","920260603","기초의원비례대표선거","9","과천시","","","더불어민주당","100","","","","1","비례대표 정당 제출자료","1","","false","","false","","","current_unavailable_official_source","1||HEIGHT","Current official API returned no downloadable PDF path."
"920260603-달성군-더불어민주당-1-0","제9회 전국동시지방선거","920260603","기초의원비례대표선거","9","달성군","","","더불어민주당","100","","","","1","비례대표 정당 제출자료","0","","false","","false","","","current_unavailable_official_source","0||","Current official API returned no downloadable PDF path."
"920260603-기장군-더불어민주당-1-1","제9회 전국동시지방선거","920260603","기초의원비례대표선거","9","기장군","","","더불어민주당","100","","","","1","비례대표 정당 제출자료","1","","false","","false","","","current_unavailable_official_source","1||HEIGHT","Current official API returned no downloadable PDF path."
"920260603-해운대구-더불어민주당-1-0","제9회 전국동시지방선거","920260603","기초의원비례대표선거","9","해운대구","","","더불어민주당","100","","","","1","비례대표 정당 제출자료","0","","false","","false","","","current_unavailable_official_source","0||","Current official API returned no downloadable PDF path."
"920260603-부산진구-더불어민주당-1-1","제9회 전국동시지방선거","920260603","기초의원비례대표선거","9","부산진구","","","더불어민주당","100","","","","1","비례대표 정당 제출자료","1","","false","","false","","","current_unavailable_official_source","1||HEIGHT","Current official API returned no downloadable PDF path."
"920260603-남구-국민의힘-1-0","제9회 전국동시지방선거","920260603","기초의원비례대표선거","9","남구","","","국민의힘","200","","","","1","비례대표 정당 제출자료","0","","false","","false","","","current_unavailable_official_source","0||","Current official API returned no downloadable PDF path."
"920260603-동래구-국민의힘-1-0","제9회 전국동시지방선거","920260603","기초의원비례대표선거","9","동래구","","","국민의힘","200","","","","1","비례대표 정당 제출자료","0","","false","","false","","","current_unavailable_official_source","0||","Current official API returned no downloadable PDF path."
"920260603-중구-국민의힘-1-1","제9회 전국동시지방선거","920260603","기초의원비례대표선거","9","중구","","","국민의힘","200","","","","1","비례대표 정당 제출자료","1","","false","","false","","","current_unavailable_official_source","1||HEIGHT","Current official API returned no downloadable PDF path."
"920260603-송파구-국민의힘-1-1","제9회 전국동시지방선거","920260603","기초의원비례대표선거","9","송파구","","","국민의힘","200","","","","1","비례대표 정당 제출자료","1","","false","","false","","","current_unavailable_official_source","1||HEIGHT","Current official API returned no downloadable PDF path."
"920260603-금천구-국민의힘-1-1","제9회 전국동시지방선거","920260603","기초의원비례대표선거","9","금천구","","","국민의힘","200","","","","1","비례대표 정당 제출자료","1","","false","","false","","","current_unavailable_official_source","1||HEIGHT","Current official API returned no downloadable PDF path."
"920260603-중랑구-국민의힘-1-1","제9회 전국동시지방선거","920260603","기초의원비례대표선거","9","중랑구","","","국민의힘","200","","","","1","비례대표 정당 제출자료","1","","false","","false","","","current_unavailable_official_source","1||HEIGHT","Current official API returned no downloadable PDF path."
"920260603-화천군-국민의힘-1-1","제9회 전국동시지방선거","920260603","기초의원비례대표선거","9","화천군","","","국민의힘","200","","","","1","비례대표 정당 제출자료","1","","false","","false","","","current_unavailable_official_source","1||HEIGHT","Current official API returned no downloadable PDF path."
"920260603-평창군-국민의힘-1-1","제9회 전국동시지방선거","920260603","기초의원비례대표선거","9","평창군","","","국민의힘","200","","","","1","비례대표 정당 제출자료","1","","false","","false","","","current_unavailable_official_source","1||HEIGHT","Current official API returned no downloadable PDF path."
"920260603-양양군-국민의힘-1-1","제9회 전국동시지방선거","920260603","기초의원비례대표선거","9","양양군","","","국민의힘","200","","","","1","비례대표 정당 제출자료","1","","false","","false","","","current_unavailable_official_source","1||HEIGHT","Current official API returned no downloadable PDF path."
"920260603-삼척시-국민의힘-1-1","제9회 전국동시지방선거","920260603","기초의원비례대표선거","9","삼척시","","","국민의힘","200","","","","1","비례대표 정당 제출자료","1","","false","","false","","","current_unavailable_official_source","1||HEIGHT","Current official API returned no downloadable PDF path."
"920260603-창녕군-국민의힘-1-1","제9회 전국동시지방선거","920260603","기초의원비례대표선거","9","창녕군","","","국민의힘","200","","","","1","비례대표 정당 제출자료","1","","false","","false","","","current_unavailable_official_source","1||HEIGHT","Current official API returned no downloadable PDF path."
"920260603-의령군-국민의힘-1-1","제9회 전국동시지방선거","920260603","기초의원비례대표선거","9","의령군","","","국민의힘","200","","","","1","비례대표 정당 제출자료","1","","false","","false","","","current_unavailable_official_source","1||HEIGHT","Current official API returned no downloadable PDF path."
"920260603-밀양시-국민의힘-1-1","제9회 전국동시지방선거","920260603","기초의원비례대표선거","9","밀양시","","","국민의힘","200","","","","1","비례대표 정당 제출자료","1","","false","","false","","","current_unavailable_official_source","1||HEIGHT","Current official API returned no downloadable PDF path."
"920260603-진주시-국민의힘-1-1","제9회 전국동시지방선거","920260603","기초의원비례대표선거","9","진주시","","","국민의힘","200","","","","1","비례대표 정당 제출자료","1","","false","","false","","","current_unavailable_official_source","1||HEIGHT","Current official API returned no downloadable PDF path."
"920260603-봉화군-국민의힘-1-0","제9회 전국동시지방선거","920260603","기초의원비례대표선거","9","봉화군","","","국민의힘","200","","","","1","비례대표 정당 제출자료","0","","false","","false","","","current_unavailable_official_source","0||","Current official API returned no downloadable PDF path."
"920260603-영덕군-국민의힘-1-0","제9회 전국동시지방선거","920260603","기초의원비례대표선거","9","영덕군","","","국민의힘","200","","","","1","비례대표 정당 제출자료","0","","false","","false","","","current_unavailable_official_source","0||","Current official API returned no downloadable PDF path."
"920260603-영양군-국민의힘-1-0","제9회 전국동시지방선거","920260603","기초의원비례대표선거","9","영양군","","","국민의힘","200","","","","1","비례대표 정당 제출자료","0","","false","","false","","","current_unavailable_official_source","0||","Current official API returned no downloadable PDF path."
"920260603-성주군-국민의힘-1-0","제9회 전국동시지방선거","920260603","기초의원비례대표선거","9","성주군","","","국민의힘","200","","","","1","비례대표 정당 제출자료","0","","false","","false","","","current_unavailable_official_source","0||","Current official API returned no downloadable PDF path."
"920260603-경산시-국민의힘-1-1","제9회 전국동시지방선거","920260603","기초의원비례대표선거","9","경산시","","","국민의힘","200","","","","1","비례대표 정당 제출자료","1","","false","","false","","","current_unavailable_official_source","1||HEIGHT","Current official API returned no downloadable PDF path."
"920260603-예천군-국민의힘-1-0","제9회 전국동시지방선거","920260603","기초의원비례대표선거","9","예천군","","","국민의힘","200","","","","1","비례대표 정당 제출자료","0","","false","","false","","","current_unavailable_official_source","0||","Current official API returned no downloadable PDF path."
"920260603-안동시-국민의힘-1-1","제9회 전국동시지방선거","920260603","기초의원비례대표선거","9","안동시","","","국민의힘","200","","","","1","비례대표 정당 제출자료","1","","false","","false","","","current_unavailable_official_source","1||HEIGHT","Current official API returned no downloadable PDF path."
"920260603-경주시-국민의힘-1-0","제9회 전국동시지방선거","920260603","기초의원비례대표선거","9","경주시","","","국민의힘","200","","","","1","비례대표 정당 제출자료","0","","false","","false","","","current_unavailable_official_source","0||","Current official API returned no downloadable PDF path."
"920260603-여수시-국민의힘-1-1","제9회 전국동시지방선거","920260603","기초의원비례대표선거","9","여수시","","","국민의힘","200","","","","1","비례대표 정당 제출자료","1","","false","","false","","","current_unavailable_official_source","1||HEIGHT","Current official API returned no downloadable PDF path."
"920260603-괴산군-국민의힘-1-1","제9회 전국동시지방선거","920260603","기초의원비례대표선거","9","괴산군","","","국민의힘","200","","","","1","비례대표 정당 제출자료","1","","false","","false","","","current_unavailable_official_source","1||HEIGHT","Current official API returned no downloadable PDF path."
"920260603-충주시-국민의힘-1-1","제9회 전국동시지방선거","920260603","기초의원비례대표선거","9","충주시","","","국민의힘","200","","","","1","비례대표 정당 제출자료","1","","false","","false","","","current_unavailable_official_source","1||HEIGHT","Current official API returned no downloadable PDF path."
"920260603-오산시-국민의힘-1-1","제9회 전국동시지방선거","920260603","기초의원비례대표선거","9","오산시","","","국민의힘","200","","","","1","비례대표 정당 제출자료","1","","false","","false","","","current_unavailable_official_source","1||HEIGHT","Current official API returned no downloadable PDF path."
"920260603-구리시-국민의힘-1-1","제9회 전국동시지방선거","920260603","기초의원비례대표선거","9","구리시","","","국민의힘","200","","","","1","비례대표 정당 제출자료","1","","false","","false","","","current_unavailable_official_source","1||HEIGHT","Current official API returned no downloadable PDF path."
"920260603-의왕시-국민의힘-1-1","제9회 전국동시지방선거","920260603","기초의원비례대표선거","9","의왕시","","","국민의힘","200","","","","1","비례대표 정당 제출자료","1","","false","","false","","","current_unavailable_official_source","1||HEIGHT","Current official API returned no downloadable PDF path."
"920260603-연수구-국민의힘-1-0","제9회 전국동시지방선거","920260603","기초의원비례대표선거","9","연수구","","","국민의힘","200","","","","1","비례대표 정당 제출자료","0","","false","","false","","","current_unavailable_official_source","0||","Current official API returned no downloadable PDF path."
"920260603-군위군-국민의힘-1-0","제9회 전국동시지방선거","920260603","기초의원비례대표선거","9","군위군","","","국민의힘","200","","","","1","비례대표 정당 제출자료","0","","false","","false","","","current_unavailable_official_source","0||","Current official API returned no downloadable PDF path."
"920260603-달서구-국민의힘-1-0","제9회 전국동시지방선거","920260603","기초의원비례대표선거","9","달서구","","","국민의힘","200","","","","1","비례대표 정당 제출자료","0","","false","","false","","","current_unavailable_official_source","0||","Current official API returned no downloadable PDF path."
"920260603-수성구-국민의힘-1-0","제9회 전국동시지방선거","920260603","기초의원비례대표선거","9","수성구","","","국민의힘","200","","","","1","비례대표 정당 제출자료","0","","false","","false","","","current_unavailable_official_source","0||","Current official API returned no downloadable PDF path."
"920260603-영도구-국민의힘-1-1","제9회 전국동시지방선거","920260603","기초의원비례대표선거","9","영도구","","","국민의힘","200","","","","1","비례대표 정당 제출자료","1","","false","","false","","","current_unavailable_official_source","1||HEIGHT","Current official API returned no downloadable PDF path."
"920260603-서구-국민의힘-1-0","제9회 전국동시지방선거","920260603","기초의원비례대표선거","9","서구","","","국민의힘","200","","","","1","비례대표 정당 제출자료","0","","false","","false","","","current_unavailable_official_source","0||","Current official API returned no downloadable PDF path."
"920260603-마포구-국민의힘-1-1","제9회 전국동시지방선거","920260603","기초의원비례대표선거","9","마포구","","","국민의힘","200","","","","1","비례대표 정당 제출자료","1","","false","","false","","","current_unavailable_official_source","1||HEIGHT","Current official API returned no downloadable PDF path."
"920260603-용산구-국민의힘-1-1","제9회 전국동시지방선거","920260603","기초의원비례대표선거","9","용산구","","","국민의힘","200","","","","1","비례대표 정당 제출자료","1","","false","","false","","","current_unavailable_official_source","1||HEIGHT","Current official API returned no downloadable PDF path."
"920260603-합천군-국민의힘-1-1","제9회 전국동시지방선거","920260603","기초의원비례대표선거","9","합천군","","","국민의힘","200","","","","1","비례대표 정당 제출자료","1","","false","","false","","","current_unavailable_official_source","1||HEIGHT","Current official API returned no downloadable PDF path."
"920260603-울진군-국민의힘-1-0","제9회 전국동시지방선거","920260603","기초의원비례대표선거","9","울진군","","","국민의힘","200","","","","1","비례대표 정당 제출자료","0","","false","","false","","","current_unavailable_official_source","0||","Current official API returned no downloadable PDF path."
"920260603-상주시-국민의힘-1-0","제9회 전국동시지방선거","920260603","기초의원비례대표선거","9","상주시","","","국민의힘","200","","","","1","비례대표 정당 제출자료","0","","false","","false","","","current_unavailable_official_source","0||","Current official API returned no downloadable PDF path."
"920260603-울릉군-국민의힘-1-0","제9회 전국동시지방선거","920260603","기초의원비례대표선거","9","울릉군","","","국민의힘","200","","","","1","비례대표 정당 제출자료","0","","false","","false","","","current_unavailable_official_source","0||","Current official API returned no downloadable PDF path."
"920260603-서천군-국민의힘-1-1","제9회 전국동시지방선거","920260603","기초의원비례대표선거","9","서천군","","","국민의힘","200","","","","1","비례대표 정당 제출자료","1","","false","","false","","","current_unavailable_official_source","1||HEIGHT","Current official API returned no downloadable PDF path."
"920260603-보령시-국민의힘-1-1","제9회 전국동시지방선거","920260603","기초의원비례대표선거","9","보령시","","","국민의힘","200","","","","1","비례대표 정당 제출자료","1","","false","","false","","","current_unavailable_official_source","1||HEIGHT","Current official API returned no downloadable PDF path."
"920260603-공주시-국민의힘-1-0","제9회 전국동시지방선거","920260603","기초의원비례대표선거","9","공주시","","","국민의힘","200","","","","1","비례대표 정당 제출자료","0","","false","","false","","","current_unavailable_official_source","0||","Current official API returned no downloadable PDF path."
"920260603-음성군-국민의힘-1-1","제9회 전국동시지방선거","920260603","기초의원비례대표선거","9","음성군","","","국민의힘","200","","","","1","비례대표 정당 제출자료","1","","false","","false","","","current_unavailable_official_source","1||HEIGHT","Current official API returned no downloadable PDF path."
"920260603-광주시-국민의힘-1-0","제9회 전국동시지방선거","920260603","기초의원비례대표선거","9","광주시","","","국민의힘","200","","","","1","비례대표 정당 제출자료","0","","false","","false","","","current_unavailable_official_source","0||","Current official API returned no downloadable PDF path."
"920260603-용인시-국민의힘-1-0","제9회 전국동시지방선거","920260603","기초의원비례대표선거","9","용인시","","","국민의힘","200","","","","1","비례대표 정당 제출자료","0","","false","","false","","","current_unavailable_official_source","0||","Current official API returned no downloadable PDF path."
"920260603-이천시-국민의힘-1-1","제9회 전국동시지방선거","920260603","기초의원비례대표선거","9","이천시","","","국민의힘","200","","","","1","비례대표 정당 제출자료","1","","false","","false","","","current_unavailable_official_source","1||HEIGHT","Current official API returned no downloadable PDF path."
"920260603-남양주시-국민의힘-1-1","제9회 전국동시지방선거","920260603","기초의원비례대표선거","9","남양주시","","","국민의힘","200","","","","1","비례대표 정당 제출자료","1","","false","","false","","","current_unavailable_official_source","1||HEIGHT","Current official API returned no downloadable PDF path."
"920260603-동두천시-국민의힘-1-1","제9회 전국동시지방선거","920260603","기초의원비례대표선거","9","동두천시","","","국민의힘","200","","","","1","비례대표 정당 제출자료","1","","false","","false","","","current_unavailable_official_source","1||HEIGHT","Current official API returned no downloadable PDF path."
"920260603-평택시-국민의힘-1-0","제9회 전국동시지방선거","920260603","기초의원비례대표선거","9","평택시","","","국민의힘","200","","","","1","비례대표 정당 제출자료","0","","false","","false","","","current_unavailable_official_source","0||","Current official API returned no downloadable PDF path."
"920260603-울주군-국민의힘-1-1","제9회 전국동시지방선거","920260603","기초의원비례대표선거","9","울주군","","","국민의힘","200","","","","1","비례대표 정당 제출자료","1","","false","","false","","","current_unavailable_official_source","1||HEIGHT","Current official API returned no downloadable PDF path."
"920260603-북구-국민의힘-1-0","제9회 전국동시지방선거","920260603","기초의원비례대표선거","9","북구","","","국민의힘","200","","","","1","비례대표 정당 제출자료","0","","false","","false","","","current_unavailable_official_source","0||","Current official API returned no downloadable PDF path."
"920260603-부산진구-국민의힘-1-1","제9회 전국동시지방선거","920260603","기초의원비례대표선거","9","부산진구","","","국민의힘","200","","","","1","비례대표 정당 제출자료","1","","false","","false","","","current_unavailable_official_source","1||HEIGHT","Current official API returned no downloadable PDF path."
"920260603-서초구-국민의힘-1-1","제9회 전국동시지방선거","920260603","기초의원비례대표선거","9","서초구","","","국민의힘","200","","","","1","비례대표 정당 제출자료","1","","false","","false","","","current_unavailable_official_source","1||HEIGHT","Current official API returned no downloadable PDF path."
"920260603-영등포구-국민의힘-1-1","제9회 전국동시지방선거","920260603","기초의원비례대표선거","9","영등포구","","","국민의힘","200","","","","1","비례대표 정당 제출자료","1","","false","","false","","","current_unavailable_official_source","1||HEIGHT","Current official API returned no downloadable PDF path."
"920260603-강북구-국민의힘-1-1","제9회 전국동시지방선거","920260603","기초의원비례대표선거","9","강북구","","","국민의힘","200","","","","1","비례대표 정당 제출자료","1","","false","","false","","","current_unavailable_official_source","1||HEIGHT","Current official API returned no downloadable PDF path."
"920260603-성북구-국민의힘-1-0","제9회 전국동시지방선거","920260603","기초의원비례대표선거","9","성북구","","","국민의힘","200","","","","1","비례대표 정당 제출자료","0","","false","","false","","","current_unavailable_official_source","0||","Current official API returned no downloadable PDF path."
"920260603-홍성군-국민의힘-1-0","제9회 전국동시지방선거","920260603","기초의원비례대표선거","9","홍성군","","","국민의힘","200","","","","1","비례대표 정당 제출자료","0","","false","","false","","","current_unavailable_official_source","0||","Current official API returned no downloadable PDF path."
"920260603-계룡시-국민의힘-1-1","제9회 전국동시지방선거","920260603","기초의원비례대표선거","9","계룡시","","","국민의힘","200","","","","1","비례대표 정당 제출자료","1","","false","","false","","","current_unavailable_official_source","1||HEIGHT","Current official API returned no downloadable PDF path."
"920260603-증평군-국민의힘-1-1","제9회 전국동시지방선거","920260603","기초의원비례대표선거","9","증평군","","","국민의힘","200","","","","1","비례대표 정당 제출자료","1","","false","","false","","","current_unavailable_official_source","1||HEIGHT","Current official API returned no downloadable PDF path."
"920260603-진천군-국민의힘-1-1","제9회 전국동시지방선거","920260603","기초의원비례대표선거","9","진천군","","","국민의힘","200","","","","1","비례대표 정당 제출자료","1","","false","","false","","","current_unavailable_official_source","1||HEIGHT","Current official API returned no downloadable PDF path."
"920260603-부천시-국민의힘-1-0","제9회 전국동시지방선거","920260603","기초의원비례대표선거","9","부천시","","","국민의힘","200","","","","1","비례대표 정당 제출자료","0","","false","","false","","","current_unavailable_official_source","0||","Current official API returned no downloadable PDF path."
"920260603-하남시-국민의힘-1-1","제9회 전국동시지방선거","920260603","기초의원비례대표선거","9","하남시","","","국민의힘","200","","","","1","비례대표 정당 제출자료","1","","false","","false","","","current_unavailable_official_source","1||HEIGHT","Current official API returned no downloadable PDF path."
"920260603-광명시-국민의힘-1-0","제9회 전국동시지방선거","920260603","기초의원비례대표선거","9","광명시","","","국민의힘","200","","","","1","비례대표 정당 제출자료","0","","false","","false","","","current_unavailable_official_source","0||","Current official API returned no downloadable PDF path."
"920260603-유성구-국민의힘-1-1","제9회 전국동시지방선거","920260603","기초의원비례대표선거","9","유성구","","","국민의힘","200","","","","1","비례대표 정당 제출자료","1","","false","","false","","","current_unavailable_official_source","1||HEIGHT","Current official API returned no downloadable PDF path."
"920260603-옹진군-국민의힘-1-1","제9회 전국동시지방선거","920260603","기초의원비례대표선거","9","옹진군","","","국민의힘","200","","","","1","비례대표 정당 제출자료","1","","false","","false","","","current_unavailable_official_source","1||HEIGHT","Current official API returned no downloadable PDF path."
"920260603-미추홀구-국민의힘-1-0","제9회 전국동시지방선거","920260603","기초의원비례대표선거","9","미추홀구","","","국민의힘","200","","","","1","비례대표 정당 제출자료","0","","false","","false","","","current_unavailable_official_source","0||","Current official API returned no downloadable PDF path."
"920260603-달성군-국민의힘-1-0","제9회 전국동시지방선거","920260603","기초의원비례대표선거","9","달성군","","","국민의힘","200","","","","1","비례대표 정당 제출자료","0","","false","","false","","","current_unavailable_official_source","0||","Current official API returned no downloadable PDF path."
"920260603-연제구-국민의힘-1-0","제9회 전국동시지방선거","920260603","기초의원비례대표선거","9","연제구","","","국민의힘","200","","","","1","비례대표 정당 제출자료","0","","false","","false","","","current_unavailable_official_source","0||","Current official API returned no downloadable PDF path."
"920260603-동작구-국민의힘-1-1","제9회 전국동시지방선거","920260603","기초의원비례대표선거","9","동작구","","","국민의힘","200","","","","1","비례대표 정당 제출자료","1","","false","","false","","","current_unavailable_official_source","1||HEIGHT","Current official API returned no downloadable PDF path."
"920260603-구로구-국민의힘-1-0","제9회 전국동시지방선거","920260603","기초의원비례대표선거","9","구로구","","","국민의힘","200","","","","1","비례대표 정당 제출자료","0","","false","","false","","","current_unavailable_official_source","0||","Current official API returned no downloadable PDF path."
"920260603-양천구-국민의힘-1-1","제9회 전국동시지방선거","920260603","기초의원비례대표선거","9","양천구","","","국민의힘","200","","","","1","비례대표 정당 제출자료","1","","false","","false","","","current_unavailable_official_source","1||HEIGHT","Current official API returned no downloadable PDF path."
"920260603-전주시-국민의힘-1-0","제9회 전국동시지방선거","920260603","기초의원비례대표선거","9","전주시","","","국민의힘","200","","","","1","비례대표 정당 제출자료","0","","false","","false","","","current_unavailable_official_source","0||","Current official API returned no downloadable PDF path."
"920260603-홍천군-국민의힘-1-0","제9회 전국동시지방선거","920260603","기초의원비례대표선거","9","홍천군","","","국민의힘","200","","","","1","비례대표 정당 제출자료","0","","false","","false","","","current_unavailable_official_source","0||","Current official API returned no downloadable PDF path."
"920260603-산청군-국민의힘-1-0","제9회 전국동시지방선거","920260603","기초의원비례대표선거","9","산청군","","","국민의힘","200","","","","1","비례대표 정당 제출자료","0","","false","","false","","","current_unavailable_official_source","0||","Current official API returned no downloadable PDF path."
"920260603-하동군-국민의힘-1-0","제9회 전국동시지방선거","920260603","기초의원비례대표선거","9","하동군","","","국민의힘","200","","","","1","비례대표 정당 제출자료","0","","false","","false","","","current_unavailable_official_source","0||","Current official API returned no downloadable PDF path."
"920260603-고성군-국민의힘-1-1","제9회 전국동시지방선거","920260603","기초의원비례대표선거","9","고성군","","","국민의힘","200","","","","1","비례대표 정당 제출자료","1","","false","","false","","","current_unavailable_official_source","1||HEIGHT","Current official API returned no downloadable PDF path."
"920260603-칠곡군-국민의힘-1-0","제9회 전국동시지방선거","920260603","기초의원비례대표선거","9","칠곡군","","","국민의힘","200","","","","1","비례대표 정당 제출자료","0","","false","","false","","","current_unavailable_official_source","0||","Current official API returned no downloadable PDF path."
"920260603-청도군-국민의힘-1-0","제9회 전국동시지방선거","920260603","기초의원비례대표선거","9","청도군","","","국민의힘","200","","","","1","비례대표 정당 제출자료","0","","false","","false","","","current_unavailable_official_source","0||","Current official API returned no downloadable PDF path."
"920260603-구미시-국민의힘-1-0","제9회 전국동시지방선거","920260603","기초의원비례대표선거","9","구미시","","","국민의힘","200","","","","1","비례대표 정당 제출자료","0","","false","","false","","","current_unavailable_official_source","0||","Current official API returned no downloadable PDF path."
"920260603-김천시-국민의힘-1-0","제9회 전국동시지방선거","920260603","기초의원비례대표선거","9","김천시","","","국민의힘","200","","","","1","비례대표 정당 제출자료","0","","false","","false","","","current_unavailable_official_source","0||","Current official API returned no downloadable PDF path."
"920260603-천안시-국민의힘-1-1","제9회 전국동시지방선거","920260603","기초의원비례대표선거","9","천안시","","","국민의힘","200","","","","1","비례대표 정당 제출자료","1","","false","","false","","","current_unavailable_official_source","1||HEIGHT","Current official API returned no downloadable PDF path."
"920260603-예산군-국민의힘-1-1","제9회 전국동시지방선거","920260603","기초의원비례대표선거","9","예산군","","","국민의힘","200","","","","1","비례대표 정당 제출자료","1","","false","","false","","","current_unavailable_official_source","1||HEIGHT","Current official API returned no downloadable PDF path."
"920260603-금산군-국민의힘-1-1","제9회 전국동시지방선거","920260603","기초의원비례대표선거","9","금산군","","","국민의힘","200","","","","1","비례대표 정당 제출자료","1","","false","","false","","","current_unavailable_official_source","1||HEIGHT","Current official API returned no downloadable PDF path."
"920260603-영동군-국민의힘-1-1","제9회 전국동시지방선거","920260603","기초의원비례대표선거","9","영동군","","","국민의힘","200","","","","1","비례대표 정당 제출자료","1","","false","","false","","","current_unavailable_official_source","1||HEIGHT","Current official API returned no downloadable PDF path."
"920260603-단양군-국민의힘-1-1","제9회 전국동시지방선거","920260603","기초의원비례대표선거","9","단양군","","","국민의힘","200","","","","1","비례대표 정당 제출자료","1","","false","","false","","","current_unavailable_official_source","1||HEIGHT","Current official API returned no downloadable PDF path."
"920260603-포천시-국민의힘-1-1","제9회 전국동시지방선거","920260603","기초의원비례대표선거","9","포천시","","","국민의힘","200","","","","1","비례대표 정당 제출자료","1","","false","","false","","","current_unavailable_official_source","1||HEIGHT","Current official API returned no downloadable PDF path."
"920260603-김포시-국민의힘-1-1","제9회 전국동시지방선거","920260603","기초의원비례대표선거","9","김포시","","","국민의힘","200","","","","1","비례대표 정당 제출자료","1","","false","","false","","","current_unavailable_official_source","1||HEIGHT","Current official API returned no downloadable PDF path."
"920260603-여주시-국민의힘-1-0","제9회 전국동시지방선거","920260603","기초의원비례대표선거","9","여주시","","","국민의힘","200","","","","1","비례대표 정당 제출자료","0","","false","","false","","","current_unavailable_official_source","0||","Current official API returned no downloadable PDF path."
"920260603-파주시-국민의힘-1-0","제9회 전국동시지방선거","920260603","기초의원비례대표선거","9","파주시","","","국민의힘","200","","","","1","비례대표 정당 제출자료","0","","false","","false","","","current_unavailable_official_source","0||","Current official API returned no downloadable PDF path."
"920260603-시흥시-국민의힘-1-1","제9회 전국동시지방선거","920260603","기초의원비례대표선거","9","시흥시","","","국민의힘","200","","","","1","비례대표 정당 제출자료","1","","false","","false","","","current_unavailable_official_source","1||HEIGHT","Current official API returned no downloadable PDF path."
"920260603-안양시-국민의힘-1-1","제9회 전국동시지방선거","920260603","기초의원비례대표선거","9","안양시","","","국민의힘","200","","","","1","비례대표 정당 제출자료","1","","false","","false","","","current_unavailable_official_source","1||HEIGHT","Current official API returned no downloadable PDF path."
"920260603-의정부시-국민의힘-1-0","제9회 전국동시지방선거","920260603","기초의원비례대표선거","9","의정부시","","","국민의힘","200","","","","1","비례대표 정당 제출자료","0","","false","","false","","","current_unavailable_official_source","0||","Current official API returned no downloadable PDF path."
"920260603-성남시-국민의힘-1-1","제9회 전국동시지방선거","920260603","기초의원비례대표선거","9","성남시","","","국민의힘","200","","","","1","비례대표 정당 제출자료","1","","false","","false","","","current_unavailable_official_source","1||HEIGHT","Current official API returned no downloadable PDF path."
"920260603-수원시-국민의힘-1-1","제9회 전국동시지방선거","920260603","기초의원비례대표선거","9","수원시","","","국민의힘","200","","","","1","비례대표 정당 제출자료","1","","false","","false","","","current_unavailable_official_source","1||HEIGHT","Current official API returned no downloadable PDF path."
"920260603-동구-국민의힘-1-1","제9회 전국동시지방선거","920260603","기초의원비례대표선거","9","동구","","","국민의힘","200","","","","1","비례대표 정당 제출자료","1","","false","","false","","","current_unavailable_official_source","1||HEIGHT","Current official API returned no downloadable PDF path."
"920260603-대덕구-국민의힘-1-1","제9회 전국동시지방선거","920260603","기초의원비례대표선거","9","대덕구","","","국민의힘","200","","","","1","비례대표 정당 제출자료","1","","false","","false","","","current_unavailable_official_source","1||HEIGHT","Current official API returned no downloadable PDF path."
"920260603-수영구-국민의힘-1-0","제9회 전국동시지방선거","920260603","기초의원비례대표선거","9","수영구","","","국민의힘","200","","","","1","비례대표 정당 제출자료","0","","false","","false","","","current_unavailable_official_source","0||","Current official API returned no downloadable PDF path."
"920260603-강동구-국민의힘-1-1","제9회 전국동시지방선거","920260603","기초의원비례대표선거","9","강동구","","","국민의힘","200","","","","1","비례대표 정당 제출자료","1","","false","","false","","","current_unavailable_official_source","1||HEIGHT","Current official API returned no downloadable PDF path."
"920260603-강남구-국민의힘-1-1","제9회 전국동시지방선거","920260603","기초의원비례대표선거","9","강남구","","","국민의힘","200","","","","1","비례대표 정당 제출자료","1","","false","","false","","","current_unavailable_official_source","1||HEIGHT","Current official API returned no downloadable PDF path."
"920260603-강서구-국민의힘-1-1","제9회 전국동시지방선거","920260603","기초의원비례대표선거","9","강서구","","","국민의힘","200","","","","1","비례대표 정당 제출자료","1","","false","","false","","","current_unavailable_official_source","1||HEIGHT","Current official API returned no downloadable PDF path."
"920260603-종로구-국민의힘-1-1","제9회 전국동시지방선거","920260603","기초의원비례대표선거","9","종로구","","","국민의힘","200","","","","1","비례대표 정당 제출자료","1","","false","","false","","","current_unavailable_official_source","1||HEIGHT","Current official API returned no downloadable PDF path."
"920260603-익산시-국민의힘-1-1","제9회 전국동시지방선거","920260603","기초의원비례대표선거","9","익산시","","","국민의힘","200","","","","1","비례대표 정당 제출자료","1","","false","","false","","","current_unavailable_official_source","1||HEIGHT","Current official API returned no downloadable PDF path."
"920260603-군산시-국민의힘-1-1","제9회 전국동시지방선거","920260603","기초의원비례대표선거","9","군산시","","","국민의힘","200","","","","1","비례대표 정당 제출자료","1","","false","","false","","","current_unavailable_official_source","1||HEIGHT","Current official API returned no downloadable PDF path."
"920260603-철원군-국민의힘-1-1","제9회 전국동시지방선거","920260603","기초의원비례대표선거","9","철원군","","","국민의힘","200","","","","1","비례대표 정당 제출자료","1","","false","","false","","","current_unavailable_official_source","1||HEIGHT","Current official API returned no downloadable PDF path."
"920260603-횡성군-국민의힘-1-1","제9회 전국동시지방선거","920260603","기초의원비례대표선거","9","횡성군","","","국민의힘","200","","","","1","비례대표 정당 제출자료","1","","false","","false","","","current_unavailable_official_source","1||HEIGHT","Current official API returned no downloadable PDF path."
"920260603-거창군-국민의힘-1-1","제9회 전국동시지방선거","920260603","기초의원비례대표선거","9","거창군","","","국민의힘","200","","","","1","비례대표 정당 제출자료","1","","false","","false","","","current_unavailable_official_source","1||HEIGHT","Current official API returned no downloadable PDF path."
"920260603-양산시-국민의힘-1-1","제9회 전국동시지방선거","920260603","기초의원비례대표선거","9","양산시","","","국민의힘","200","","","","1","비례대표 정당 제출자료","1","","false","","false","","","current_unavailable_official_source","1||HEIGHT","Current official API returned no downloadable PDF path."
"920260603-거제시-국민의힘-1-1","제9회 전국동시지방선거","920260603","기초의원비례대표선거","9","거제시","","","국민의힘","200","","","","1","비례대표 정당 제출자료","1","","false","","false","","","current_unavailable_official_source","1||HEIGHT","Current official API returned no downloadable PDF path."
"920260603-사천시-국민의힘-1-1","제9회 전국동시지방선거","920260603","기초의원비례대표선거","9","사천시","","","국민의힘","200","","","","1","비례대표 정당 제출자료","1","","false","","false","","","current_unavailable_official_source","1||HEIGHT","Current official API returned no downloadable PDF path."
"920260603-의성군-국민의힘-1-0","제9회 전국동시지방선거","920260603","기초의원비례대표선거","9","의성군","","","국민의힘","200","","","","1","비례대표 정당 제출자료","0","","false","","false","","","current_unavailable_official_source","0||","Current official API returned no downloadable PDF path."
"920260603-아산시-국민의힘-1-1","제9회 전국동시지방선거","920260603","기초의원비례대표선거","9","아산시","","","국민의힘","200","","","","1","비례대표 정당 제출자료","1","","false","","false","","","current_unavailable_official_source","1||HEIGHT","Current official API returned no downloadable PDF path."
"920260603-제천시-국민의힘-1-1","제9회 전국동시지방선거","920260603","기초의원비례대표선거","9","제천시","","","국민의힘","200","","","","1","비례대표 정당 제출자료","1","","false","","false","","","current_unavailable_official_source","1||HEIGHT","Current official API returned no downloadable PDF path."
"920260603-연천군-국민의힘-1-1","제9회 전국동시지방선거","920260603","기초의원비례대표선거","9","연천군","","","국민의힘","200","","","","1","비례대표 정당 제출자료","1","","false","","false","","","current_unavailable_official_source","1||HEIGHT","Current official API returned no downloadable PDF path."
"920260603-양주시-국민의힘-1-1","제9회 전국동시지방선거","920260603","기초의원비례대표선거","9","양주시","","","국민의힘","200","","","","1","비례대표 정당 제출자료","1","","false","","false","","","current_unavailable_official_source","1||HEIGHT","Current official API returned no downloadable PDF path."
"920260603-부평구-국민의힘-1-1","제9회 전국동시지방선거","920260603","기초의원비례대표선거","9","부평구","","","국민의힘","200","","","","1","비례대표 정당 제출자료","1","","false","","false","","","current_unavailable_official_source","1||HEIGHT","Current official API returned no downloadable PDF path."
"920260603-금정구-국민의힘-1-0","제9회 전국동시지방선거","920260603","기초의원비례대표선거","9","금정구","","","국민의힘","200","","","","1","비례대표 정당 제출자료","0","","false","","false","","","current_unavailable_official_source","0||","Current official API returned no downloadable PDF path."
"920260603-양구군-국민의힘-1-0","제9회 전국동시지방선거","920260603","기초의원비례대표선거","9","양구군","","","국민의힘","200","","","","1","비례대표 정당 제출자료","0","","false","","false","","","current_unavailable_official_source","0||","Current official API returned no downloadable PDF path."
"920260603-영월군-국민의힘-1-0","제9회 전국동시지방선거","920260603","기초의원비례대표선거","9","영월군","","","국민의힘","200","","","","1","비례대표 정당 제출자료","0","","false","","false","","","current_unavailable_official_source","0||","Current official API returned no downloadable PDF path."
"920260603-태백시-국민의힘-1-1","제9회 전국동시지방선거","920260603","기초의원비례대표선거","9","태백시","","","국민의힘","200","","","","1","비례대표 정당 제출자료","1","","false","","false","","","current_unavailable_official_source","1||HEIGHT","Current official API returned no downloadable PDF path."
"920260603-강릉시-국민의힘-1-1","제9회 전국동시지방선거","920260603","기초의원비례대표선거","9","강릉시","","","국민의힘","200","","","","1","비례대표 정당 제출자료","1","","false","","false","","","current_unavailable_official_source","1||HEIGHT","Current official API returned no downloadable PDF path."
"920260603-창원시-국민의힘-1-1","제9회 전국동시지방선거","920260603","기초의원비례대표선거","9","창원시","","","국민의힘","200","","","","1","비례대표 정당 제출자료","1","","false","","false","","","current_unavailable_official_source","1||HEIGHT","Current official API returned no downloadable PDF path."
"920260603-통영시-국민의힘-1-1","제9회 전국동시지방선거","920260603","기초의원비례대표선거","9","통영시","","","국민의힘","200","","","","1","비례대표 정당 제출자료","1","","false","","false","","","current_unavailable_official_source","1||HEIGHT","Current official API returned no downloadable PDF path."
"920260603-청송군-국민의힘-1-0","제9회 전국동시지방선거","920260603","기초의원비례대표선거","9","청송군","","","국민의힘","200","","","","1","비례대표 정당 제출자료","0","","false","","false","","","current_unavailable_official_source","0||","Current official API returned no downloadable PDF path."
"920260603-문경시-국민의힘-1-0","제9회 전국동시지방선거","920260603","기초의원비례대표선거","9","문경시","","","국민의힘","200","","","","1","비례대표 정당 제출자료","0","","false","","false","","","current_unavailable_official_source","0||","Current official API returned no downloadable PDF path."
"920260603-청양군-국민의힘-1-1","제9회 전국동시지방선거","920260603","기초의원비례대표선거","9","청양군","","","국민의힘","200","","","","1","비례대표 정당 제출자료","1","","false","","false","","","current_unavailable_official_source","1||HEIGHT","Current official API returned no downloadable PDF path."
"920260603-부여군-국민의힘-1-0","제9회 전국동시지방선거","920260603","기초의원비례대표선거","9","부여군","","","국민의힘","200","","","","1","비례대표 정당 제출자료","0","","false","","false","","","current_unavailable_official_source","0||","Current official API returned no downloadable PDF path."
"920260603-논산시-국민의힘-1-1","제9회 전국동시지방선거","920260603","기초의원비례대표선거","9","논산시","","","국민의힘","200","","","","1","비례대표 정당 제출자료","1","","false","","false","","","current_unavailable_official_source","1||HEIGHT","Current official API returned no downloadable PDF path."
"920260603-태안군-국민의힘-1-1","제9회 전국동시지방선거","920260603","기초의원비례대표선거","9","태안군","","","국민의힘","200","","","","1","비례대표 정당 제출자료","1","","false","","false","","","current_unavailable_official_source","1||HEIGHT","Current official API returned no downloadable PDF path."
"920260603-옥천군-국민의힘-1-1","제9회 전국동시지방선거","920260603","기초의원비례대표선거","9","옥천군","","","국민의힘","200","","","","1","비례대표 정당 제출자료","1","","false","","false","","","current_unavailable_official_source","1||HEIGHT","Current official API returned no downloadable PDF path."
"920260603-청주시-국민의힘-1-1","제9회 전국동시지방선거","920260603","기초의원비례대표선거","9","청주시","","","국민의힘","200","","","","1","비례대표 정당 제출자료","1","","false","","false","","","current_unavailable_official_source","1||HEIGHT","Current official API returned no downloadable PDF path."
"920260603-화성시-국민의힘-1-1","제9회 전국동시지방선거","920260603","기초의원비례대표선거","9","화성시","","","국민의힘","200","","","","1","비례대표 정당 제출자료","1","","false","","false","","","current_unavailable_official_source","1||HEIGHT","Current official API returned no downloadable PDF path."
"920260603-과천시-국민의힘-1-1","제9회 전국동시지방선거","920260603","기초의원비례대표선거","9","과천시","","","국민의힘","200","","","","1","비례대표 정당 제출자료","1","","false","","false","","","current_unavailable_official_source","1||HEIGHT","Current official API returned no downloadable PDF path."
"920260603-고양시-국민의힘-1-0","제9회 전국동시지방선거","920260603","기초의원비례대표선거","9","고양시","","","국민의힘","200","","","","1","비례대표 정당 제출자료","0","","false","","false","","","current_unavailable_official_source","0||","Current official API returned no downloadable PDF path."
"920260603-강화군-국민의힘-1-1","제9회 전국동시지방선거","920260603","기초의원비례대표선거","9","강화군","","","국민의힘","200","","","","1","비례대표 정당 제출자료","1","","false","","false","","","current_unavailable_official_source","1||HEIGHT","Current official API returned no downloadable PDF path."
"920260603-남동구-국민의힘-1-0","제9회 전국동시지방선거","920260603","기초의원비례대표선거","9","남동구","","","국민의힘","200","","","","1","비례대표 정당 제출자료","0","","false","","false","","","current_unavailable_official_source","0||","Current official API returned no downloadable PDF path."
"920260603-서대문구-국민의힘-1-0","제9회 전국동시지방선거","920260603","기초의원비례대표선거","9","서대문구","","","국민의힘","200","","","","1","비례대표 정당 제출자료","0","","false","","false","","","current_unavailable_official_source","0||","Current official API returned no downloadable PDF path."
"920260603-은평구-국민의힘-1-1","제9회 전국동시지방선거","920260603","기초의원비례대표선거","9","은평구","","","국민의힘","200","","","","1","비례대표 정당 제출자료","1","","false","","false","","","current_unavailable_official_source","1||HEIGHT","Current official API returned no downloadable PDF path."
"920260603-노원구-국민의힘-1-0","제9회 전국동시지방선거","920260603","기초의원비례대표선거","9","노원구","","","국민의힘","200","","","","1","비례대표 정당 제출자료","0","","false","","false","","","current_unavailable_official_source","0||","Current official API returned no downloadable PDF path."
"920260603-도봉구-국민의힘-1-0","제9회 전국동시지방선거","920260603","기초의원비례대표선거","9","도봉구","","","국민의힘","200","","","","1","비례대표 정당 제출자료","0","","false","","false","","","current_unavailable_official_source","0||","Current official API returned no downloadable PDF path."
"920260603-인제군-국민의힘-1-1","제9회 전국동시지방선거","920260603","기초의원비례대표선거","9","인제군","","","국민의힘","200","","","","1","비례대표 정당 제출자료","1","","false","","false","","","current_unavailable_official_source","1||HEIGHT","Current official API returned no downloadable PDF path."
"920260603-정선군-국민의힘-1-1","제9회 전국동시지방선거","920260603","기초의원비례대표선거","9","정선군","","","국민의힘","200","","","","1","비례대표 정당 제출자료","1","","false","","false","","","current_unavailable_official_source","1||HEIGHT","Current official API returned no downloadable PDF path."
"920260603-춘천시-국민의힘-1-0","제9회 전국동시지방선거","920260603","기초의원비례대표선거","9","춘천시","","","국민의힘","200","","","","1","비례대표 정당 제출자료","0","","false","","false","","","current_unavailable_official_source","0||","Current official API returned no downloadable PDF path."
"920260603-남해군-국민의힘-1-1","제9회 전국동시지방선거","920260603","기초의원비례대표선거","9","남해군","","","국민의힘","200","","","","1","비례대표 정당 제출자료","1","","false","","false","","","current_unavailable_official_source","1||HEIGHT","Current official API returned no downloadable PDF path."
"920260603-보은군-국민의힘-1-1","제9회 전국동시지방선거","920260603","기초의원비례대표선거","9","보은군","","","국민의힘","200","","","","1","비례대표 정당 제출자료","1","","false","","false","","","current_unavailable_official_source","1||HEIGHT","Current official API returned no downloadable PDF path."
"920260603-가평군-국민의힘-1-0","제9회 전국동시지방선거","920260603","기초의원비례대표선거","9","가평군","","","국민의힘","200","","","","1","비례대표 정당 제출자료","0","","false","","false","","","current_unavailable_official_source","0||","Current official API returned no downloadable PDF path."
"920260603-영종구-국민의힘-1-1","제9회 전국동시지방선거","920260603","기초의원비례대표선거","9","영종구","","","국민의힘","200","","","","1","비례대표 정당 제출자료","1","","false","","false","","","current_unavailable_official_source","1||HEIGHT","Current official API returned no downloadable PDF path."
"920260603-계양구-국민의힘-1-1","제9회 전국동시지방선거","920260603","기초의원비례대표선거","9","계양구","","","국민의힘","200","","","","1","비례대표 정당 제출자료","1","","false","","false","","","current_unavailable_official_source","1||HEIGHT","Current official API returned no downloadable PDF path."
"920260603-동대문구-국민의힘-1-1","제9회 전국동시지방선거","920260603","기초의원비례대표선거","9","동대문구","","","국민의힘","200","","","","1","비례대표 정당 제출자료","1","","false","","false","","","current_unavailable_official_source","1||HEIGHT","Current official API returned no downloadable PDF path."
"920260603-광진구-국민의힘-1-1","제9회 전국동시지방선거","920260603","기초의원비례대표선거","9","광진구","","","국민의힘","200","","","","1","비례대표 정당 제출자료","1","","false","","false","","","current_unavailable_official_source","1||HEIGHT","Current official API returned no downloadable PDF path."
"920260603-성동구-국민의힘-1-1","제9회 전국동시지방선거","920260603","기초의원비례대표선거","9","성동구","","","국민의힘","200","","","","1","비례대표 정당 제출자료","1","","false","","false","","","current_unavailable_official_source","1||HEIGHT","Current official API returned no downloadable PDF path."
"920260603-속초시-국민의힘-1-1","제9회 전국동시지방선거","920260603","기초의원비례대표선거","9","속초시","","","국민의힘","200","","","","1","비례대표 정당 제출자료","1","","false","","false","","","current_unavailable_official_source","1||HEIGHT","Current official API returned no downloadable PDF path."
"920260603-동해시-국민의힘-1-1","제9회 전국동시지방선거","920260603","기초의원비례대표선거","9","동해시","","","국민의힘","200","","","","1","비례대표 정당 제출자료","1","","false","","false","","","current_unavailable_official_source","1||HEIGHT","Current official API returned no downloadable PDF path."
"920260603-함안군-국민의힘-1-1","제9회 전국동시지방선거","920260603","기초의원비례대표선거","9","함안군","","","국민의힘","200","","","","1","비례대표 정당 제출자료","1","","false","","false","","","current_unavailable_official_source","1||HEIGHT","Current official API returned no downloadable PDF path."
"920260603-김해시-국민의힘-1-1","제9회 전국동시지방선거","920260603","기초의원비례대표선거","9","김해시","","","국민의힘","200","","","","1","비례대표 정당 제출자료","1","","false","","false","","","current_unavailable_official_source","1||HEIGHT","Current official API returned no downloadable PDF path."
"920260603-포항시-국민의힘-1-0","제9회 전국동시지방선거","920260603","기초의원비례대표선거","9","포항시","","","국민의힘","200","","","","1","비례대표 정당 제출자료","0","","false","","false","","","current_unavailable_official_source","0||","Current official API returned no downloadable PDF path."
"920260603-당진시-국민의힘-1-1","제9회 전국동시지방선거","920260603","기초의원비례대표선거","9","당진시","","","국민의힘","200","","","","1","비례대표 정당 제출자료","1","","false","","false","","","current_unavailable_official_source","1||HEIGHT","Current official API returned no downloadable PDF path."
"920260603-서산시-국민의힘-1-1","제9회 전국동시지방선거","920260603","기초의원비례대표선거","9","서산시","","","국민의힘","200","","","","1","비례대표 정당 제출자료","1","","false","","false","","","current_unavailable_official_source","1||HEIGHT","Current official API returned no downloadable PDF path."
"920260603-양평군-국민의힘-1-1","제9회 전국동시지방선거","920260603","기초의원비례대표선거","9","양평군","","","국민의힘","200","","","","1","비례대표 정당 제출자료","1","","false","","false","","","current_unavailable_official_source","1||HEIGHT","Current official API returned no downloadable PDF path."
"920260603-안성시-국민의힘-1-1","제9회 전국동시지방선거","920260603","기초의원비례대표선거","9","안성시","","","국민의힘","200","","","","1","비례대표 정당 제출자료","1","","false","","false","","","current_unavailable_official_source","1||HEIGHT","Current official API returned no downloadable PDF path."
"920260603-군포시-국민의힘-1-0","제9회 전국동시지방선거","920260603","기초의원비례대표선거","9","군포시","","","국민의힘","200","","","","1","비례대표 정당 제출자료","0","","false","","false","","","current_unavailable_official_source","0||","Current official API returned no downloadable PDF path."
"920260603-안산시-국민의힘-1-1","제9회 전국동시지방선거","920260603","기초의원비례대표선거","9","안산시","","","국민의힘","200","","","","1","비례대표 정당 제출자료","1","","false","","false","","","current_unavailable_official_source","1||HEIGHT","Current official API returned no downloadable PDF path."
"920260603-제물포구-국민의힘-1-1","제9회 전국동시지방선거","920260603","기초의원비례대표선거","9","제물포구","","","국민의힘","200","","","","1","비례대표 정당 제출자료","1","","false","","false","","","current_unavailable_official_source","1||HEIGHT","Current official API returned no downloadable PDF path."
"920260603-사상구-국민의힘-1-1","제9회 전국동시지방선거","920260603","기초의원비례대표선거","9","사상구","","","국민의힘","200","","","","1","비례대표 정당 제출자료","1","","false","","false","","","current_unavailable_official_source","1||HEIGHT","Current official API returned no downloadable PDF path."
"920260603-사하구-국민의힘-1-1","제9회 전국동시지방선거","920260603","기초의원비례대표선거","9","사하구","","","국민의힘","200","","","","1","비례대표 정당 제출자료","1","","false","","false","","","current_unavailable_official_source","1||HEIGHT","Current official API returned no downloadable PDF path."
"920260603-기장군-국민의힘-1-1","제9회 전국동시지방선거","920260603","기초의원비례대표선거","9","기장군","","","국민의힘","200","","","","1","비례대표 정당 제출자료","1","","false","","false","","","current_unavailable_official_source","1||HEIGHT","Current official API returned no downloadable PDF path."
"920260603-해운대구-국민의힘-1-0","제9회 전국동시지방선거","920260603","기초의원비례대표선거","9","해운대구","","","국민의힘","200","","","","1","비례대표 정당 제출자료","0","","false","","false","","","current_unavailable_official_source","0||","Current official API returned no downloadable PDF path."
"920260603-관악구-국민의힘-1-1","제9회 전국동시지방선거","920260603","기초의원비례대표선거","9","관악구","","","국민의힘","200","","","","1","비례대표 정당 제출자료","1","","false","","false","","","current_unavailable_official_source","1||HEIGHT","Current official API returned no downloadable PDF path."
"920260603-원주시-국민의힘-1-1","제9회 전국동시지방선거","920260603","기초의원비례대표선거","9","원주시","","","국민의힘","200","","","","1","비례대표 정당 제출자료","1","","false","","false","","","current_unavailable_official_source","1||HEIGHT","Current official API returned no downloadable PDF path."
"920260603-함양군-국민의힘-1-1","제9회 전국동시지방선거","920260603","기초의원비례대표선거","9","함양군","","","국민의힘","200","","","","1","비례대표 정당 제출자료","1","","false","","false","","","current_unavailable_official_source","1||HEIGHT","Current official API returned no downloadable PDF path."
"920260603-고령군-국민의힘-1-0","제9회 전국동시지방선거","920260603","기초의원비례대표선거","9","고령군","","","국민의힘","200","","","","1","비례대표 정당 제출자료","0","","false","","false","","","current_unavailable_official_source","0||","Current official API returned no downloadable PDF path."
"920260603-영천시-국민의힘-1-1","제9회 전국동시지방선거","920260603","기초의원비례대표선거","9","영천시","","","국민의힘","200","","","","1","비례대표 정당 제출자료","1","","false","","false","","","current_unavailable_official_source","1||HEIGHT","Current official API returned no downloadable PDF path."
"920260603-영주시-국민의힘-1-0","제9회 전국동시지방선거","920260603","기초의원비례대표선거","9","영주시","","","국민의힘","200","","","","1","비례대표 정당 제출자료","0","","false","","false","","","current_unavailable_official_source","0||","Current official API returned no downloadable PDF path."
"920260603-여수시-조국혁신당-1-1","제9회 전국동시지방선거","920260603","기초의원비례대표선거","9","여수시","","","조국혁신당","5077","","","","1","비례대표 정당 제출자료","1","","false","","false","","","current_unavailable_official_source","1||HEIGHT","Current official API returned no downloadable PDF path."
"920260603-천안시-조국혁신당-1-1","제9회 전국동시지방선거","920260603","기초의원비례대표선거","9","천안시","","","조국혁신당","5077","","","","1","비례대표 정당 제출자료","1","","false","","false","","","current_unavailable_official_source","1||HEIGHT","Current official API returned no downloadable PDF path."
"920260603-광산구-조국혁신당-1-1","제9회 전국동시지방선거","920260603","기초의원비례대표선거","9","광산구","","","조국혁신당","5077","","","","1","비례대표 정당 제출자료","1","","false","","false","","","current_unavailable_official_source","1||HEIGHT","Current official API returned no downloadable PDF path."
"920260603-서구-조국혁신당-1-0","제9회 전국동시지방선거","920260603","기초의원비례대표선거","9","서구","","","조국혁신당","5077","","","","1","비례대표 정당 제출자료","0","","false","","false","","","current_unavailable_official_source","0||","Current official API returned no downloadable PDF path."
"920260603-고창군-조국혁신당-1-1","제9회 전국동시지방선거","920260603","기초의원비례대표선거","9","고창군","","","조국혁신당","5077","","","","1","비례대표 정당 제출자료","1","","false","","false","","","current_unavailable_official_source","1||HEIGHT","Current official API returned no downloadable PDF path."
"920260603-군산시-조국혁신당-1-1","제9회 전국동시지방선거","920260603","기초의원비례대표선거","9","군산시","","","조국혁신당","5077","","","","1","비례대표 정당 제출자료","1","","false","","false","","","current_unavailable_official_source","1||HEIGHT","Current official API returned no downloadable PDF path."
"920260603-전주시-조국혁신당-1-0","제9회 전국동시지방선거","920260603","기초의원비례대표선거","9","전주시","","","조국혁신당","5077","","","","1","비례대표 정당 제출자료","0","","false","","false","","","current_unavailable_official_source","0||","Current official API returned no downloadable PDF path."
"920260603-창원시-조국혁신당-1-0","제9회 전국동시지방선거","920260603","기초의원비례대표선거","9","창원시","","","조국혁신당","5077","","","","1","비례대표 정당 제출자료","0","","false","","false","","","current_unavailable_official_source","0||","Current official API returned no downloadable PDF path."
"920260603-담양군-조국혁신당-1-1","제9회 전국동시지방선거","920260603","기초의원비례대표선거","9","담양군","","","조국혁신당","5077","","","","1","비례대표 정당 제출자료","1","","false","","false","","","current_unavailable_official_source","1||HEIGHT","Current official API returned no downloadable PDF path."
"920260603-순천시-조국혁신당-1-1","제9회 전국동시지방선거","920260603","기초의원비례대표선거","9","순천시","","","조국혁신당","5077","","","","1","비례대표 정당 제출자료","1","","false","","false","","","current_unavailable_official_source","1||HEIGHT","Current official API returned no downloadable PDF path."
"920260603-완주군-조국혁신당-1-0","제9회 전국동시지방선거","920260603","기초의원비례대표선거","9","완주군","","","조국혁신당","5077","","","","1","비례대표 정당 제출자료","0","","false","","false","","","current_unavailable_official_source","0||","Current official API returned no downloadable PDF path."
"920260603-익산시-조국혁신당-1-1","제9회 전국동시지방선거","920260603","기초의원비례대표선거","9","익산시","","","조국혁신당","5077","","","","1","비례대표 정당 제출자료","1","","false","","false","","","current_unavailable_official_source","1||HEIGHT","Current official API returned no downloadable PDF path."
"920260603-나주시-조국혁신당-1-0","제9회 전국동시지방선거","920260603","기초의원비례대표선거","9","나주시","","","조국혁신당","5077","","","","1","비례대표 정당 제출자료","0","","false","","false","","","current_unavailable_official_source","0||","Current official API returned no downloadable PDF path."
"920260603-청주시-조국혁신당-1-1","제9회 전국동시지방선거","920260603","기초의원비례대표선거","9","청주시","","","조국혁신당","5077","","","","1","비례대표 정당 제출자료","1","","false","","false","","","current_unavailable_official_source","1||HEIGHT","Current official API returned no downloadable PDF path."
"920260603-김제시-조국혁신당-1-0","제9회 전국동시지방선거","920260603","기초의원비례대표선거","9","김제시","","","조국혁신당","5077","","","","1","비례대표 정당 제출자료","0","","false","","false","","","current_unavailable_official_source","0||","Current official API returned no downloadable PDF path."
"920260603-정읍시-조국혁신당-1-0","제9회 전국동시지방선거","920260603","기초의원비례대표선거","9","정읍시","","","조국혁신당","5077","","","","1","비례대표 정당 제출자료","0","","false","","false","","","current_unavailable_official_source","0||","Current official API returned no downloadable PDF path."
"920260603-북구-조국혁신당-1-1","제9회 전국동시지방선거","920260603","기초의원비례대표선거","9","북구","","","조국혁신당","5077","","","","1","비례대표 정당 제출자료","1","","false","","false","","","current_unavailable_official_source","1||HEIGHT","Current official API returned no downloadable PDF path."
"920260603-김해시-조국혁신당-1-0","제9회 전국동시지방선거","920260603","기초의원비례대표선거","9","김해시","","","조국혁신당","5077","","","","1","비례대표 정당 제출자료","0","","false","","false","","","current_unavailable_official_source","0||","Current official API returned no downloadable PDF path."
"920260603-남구-조국혁신당-1-1","제9회 전국동시지방선거","920260603","기초의원비례대표선거","9","남구","","","조국혁신당","5077","","","","1","비례대표 정당 제출자료","1","","false","","false","","","current_unavailable_official_source","1||HEIGHT","Current official API returned no downloadable PDF path."
"920260603-해남군-조국혁신당-1-1","제9회 전국동시지방선거","920260603","기초의원비례대표선거","9","해남군","","","조국혁신당","5077","","","","1","비례대표 정당 제출자료","1","","false","","false","","","current_unavailable_official_source","1||HEIGHT","Current official API returned no downloadable PDF path."
"920260603-임실군-조국혁신당-1-1","제9회 전국동시지방선거","920260603","기초의원비례대표선거","9","임실군","","","조국혁신당","5077","","","","1","비례대표 정당 제출자료","1","","false","","false","","","current_unavailable_official_source","1||HEIGHT","Current official API returned no downloadable PDF path."
"920260603-남원시-조국혁신당-1-1","제9회 전국동시지방선거","920260603","기초의원비례대표선거","9","남원시","","","조국혁신당","5077","","","","1","비례대표 정당 제출자료","1","","false","","false","","","current_unavailable_official_source","1||HEIGHT","Current official API returned no downloadable PDF path."
"920260603-신안군-조국혁신당-1-1","제9회 전국동시지방선거","920260603","기초의원비례대표선거","9","신안군","","","조국혁신당","5077","","","","1","비례대표 정당 제출자료","1","","false","","false","","","current_unavailable_official_source","1||HEIGHT","Current official API returned no downloadable PDF path."
"920260603-광양시-조국혁신당-1-1","제9회 전국동시지방선거","920260603","기초의원비례대표선거","9","광양시","","","조국혁신당","5077","","","","1","비례대표 정당 제출자료","1","","false","","false","","","current_unavailable_official_source","1||HEIGHT","Current official API returned no downloadable PDF path."
"920260603-성남시-조국혁신당-1-1","제9회 전국동시지방선거","920260603","기초의원비례대표선거","9","성남시","","","조국혁신당","5077","","","","1","비례대표 정당 제출자료","1","","false","","false","","","current_unavailable_official_source","1||HEIGHT","Current official API returned no downloadable PDF path."
"920260603-장수군-조국혁신당-1-0","제9회 전국동시지방선거","920260603","기초의원비례대표선거","9","장수군","","","조국혁신당","5077","","","","1","비례대표 정당 제출자료","0","","false","","false","","","current_unavailable_official_source","0||","Current official API returned no downloadable PDF path."
"920260603-목포시-조국혁신당-1-1","제9회 전국동시지방선거","920260603","기초의원비례대표선거","9","목포시","","","조국혁신당","5077","","","","1","비례대표 정당 제출자료","1","","false","","false","","","current_unavailable_official_source","1||HEIGHT","Current official API returned no downloadable PDF path."
"920260603-고양시-조국혁신당-1-0","제9회 전국동시지방선거","920260603","기초의원비례대표선거","9","고양시","","","조국혁신당","5077","","","","1","비례대표 정당 제출자료","0","","false","","false","","","current_unavailable_official_source","0||","Current official API returned no downloadable PDF path."
"920260603-수원시-조국혁신당-1-1","제9회 전국동시지방선거","920260603","기초의원비례대표선거","9","수원시","","","조국혁신당","5077","","","","1","비례대표 정당 제출자료","1","","false","","false","","","current_unavailable_official_source","1||HEIGHT","Current official API returned no downloadable PDF path."
"920260603-창원시-개혁신당-1-0","제9회 전국동시지방선거","920260603","기초의원비례대표선거","9","창원시","","","개혁신당","5070","","","","1","비례대표 정당 제출자료","0","","false","","false","","","current_unavailable_official_source","0||","Current official API returned no downloadable PDF path."
"920260603-수원시-개혁신당-1-0","제9회 전국동시지방선거","920260603","기초의원비례대표선거","9","수원시","","","개혁신당","5070","","","","1","비례대표 정당 제출자료","0","","false","","false","","","current_unavailable_official_source","0||","Current official API returned no downloadable PDF path."
"920260603-동작구-개혁신당-1-0","제9회 전국동시지방선거","920260603","기초의원비례대표선거","9","동작구","","","개혁신당","5070","","","","1","비례대표 정당 제출자료","0","","false","","false","","","current_unavailable_official_source","0||","Current official API returned no downloadable PDF path."
"920260603-포항시-개혁신당-1-0","제9회 전국동시지방선거","920260603","기초의원비례대표선거","9","포항시","","","개혁신당","5070","","","","1","비례대표 정당 제출자료","0","","false","","false","","","current_unavailable_official_source","0||","Current official API returned no downloadable PDF path."
"920260603-화성시-개혁신당-1-0","제9회 전국동시지방선거","920260603","기초의원비례대표선거","9","화성시","","","개혁신당","5070","","","","1","비례대표 정당 제출자료","0","","false","","false","","","current_unavailable_official_source","0||","Current official API returned no downloadable PDF path."
"920260603-김포시-개혁신당-1-0","제9회 전국동시지방선거","920260603","기초의원비례대표선거","9","김포시","","","개혁신당","5070","","","","1","비례대표 정당 제출자료","0","","false","","false","","","current_unavailable_official_source","0||","Current official API returned no downloadable PDF path."
"920260603-수성구-개혁신당-1-0","제9회 전국동시지방선거","920260603","기초의원비례대표선거","9","수성구","","","개혁신당","5070","","","","1","비례대표 정당 제출자료","0","","false","","false","","","current_unavailable_official_source","0||","Current official API returned no downloadable PDF path."
"920260603-전주시-진보당-1-0","제9회 전국동시지방선거","920260603","기초의원비례대표선거","9","전주시","","","진보당","5010","","","","1","비례대표 정당 제출자료","0","","false","","false","","","current_unavailable_official_source","0||","Current official API returned no downloadable PDF path."
"920260603-창녕군-진보당-1-0","제9회 전국동시지방선거","920260603","기초의원비례대표선거","9","창녕군","","","진보당","5010","","","","1","비례대표 정당 제출자료","0","","false","","false","","","current_unavailable_official_source","0||","Current official API returned no downloadable PDF path."
"920260603-광산구-진보당-1-1","제9회 전국동시지방선거","920260603","기초의원비례대표선거","9","광산구","","","진보당","5010","","","","1","비례대표 정당 제출자료","1","","false","","false","","","current_unavailable_official_source","1||HEIGHT","Current official API returned no downloadable PDF path."
"920260603-북구-진보당-1-1","제9회 전국동시지방선거","920260603","기초의원비례대표선거","9","북구","","","진보당","5010","","","","1","비례대표 정당 제출자료","1","","false","","false","","","current_unavailable_official_source","1||HEIGHT","Current official API returned no downloadable PDF path."
"920260603-함안군-진보당-1-0","제9회 전국동시지방선거","920260603","기초의원비례대표선거","9","함안군","","","진보당","5010","","","","1","비례대표 정당 제출자료","0","","false","","false","","","current_unavailable_official_source","0||","Current official API returned no downloadable PDF path."
"920260603-남양주시-진보당-1-0","제9회 전국동시지방선거","920260603","기초의원비례대표선거","9","남양주시","","","진보당","5010","","","","1","비례대표 정당 제출자료","0","","false","","false","","","current_unavailable_official_source","0||","Current official API returned no downloadable PDF path."
"920260603-평택시-진보당-1-0","제9회 전국동시지방선거","920260603","기초의원비례대표선거","9","평택시","","","진보당","5010","","","","1","비례대표 정당 제출자료","0","","false","","false","","","current_unavailable_official_source","0||","Current official API returned no downloadable PDF path."
"920260603-사천시-진보당-1-0","제9회 전국동시지방선거","920260603","기초의원비례대표선거","9","사천시","","","진보당","5010","","","","1","비례대표 정당 제출자료","0","","false","","false","","","current_unavailable_official_source","0||","Current official API returned no downloadable PDF path."
"920260603-남구-진보당-1-1","제9회 전국동시지방선거","920260603","기초의원비례대표선거","9","남구","","","진보당","5010","","","","1","비례대표 정당 제출자료","1","","false","","false","","","current_unavailable_official_source","1||HEIGHT","Current official API returned no downloadable PDF path."
"920260603-동대문구-진보당-1-0","제9회 전국동시지방선거","920260603","기초의원비례대표선거","9","동대문구","","","진보당","5010","","","","1","비례대표 정당 제출자료","0","","false","","false","","","current_unavailable_official_source","0||","Current official API returned no downloadable PDF path."
"920260603-남원시-진보당-1-1","제9회 전국동시지방선거","920260603","기초의원비례대표선거","9","남원시","","","진보당","5010","","","","1","비례대표 정당 제출자료","1","","false","","false","","","current_unavailable_official_source","1||HEIGHT","Current official API returned no downloadable PDF path."
"920260603-의령군-진보당-1-0","제9회 전국동시지방선거","920260603","기초의원비례대표선거","9","의령군","","","진보당","5010","","","","1","비례대표 정당 제출자료","0","","false","","false","","","current_unavailable_official_source","0||","Current official API returned no downloadable PDF path."
"920260603-당진시-진보당-1-1","제9회 전국동시지방선거","920260603","기초의원비례대표선거","9","당진시","","","진보당","5010","","","","1","비례대표 정당 제출자료","1","","false","","false","","","current_unavailable_official_source","1||HEIGHT","Current official API returned no downloadable PDF path."
"920260603-고양시-진보당-1-0","제9회 전국동시지방선거","920260603","기초의원비례대표선거","9","고양시","","","진보당","5010","","","","1","비례대표 정당 제출자료","0","","false","","false","","","current_unavailable_official_source","0||","Current official API returned no downloadable PDF path."
"920260603-수원시-진보당-1-0","제9회 전국동시지방선거","920260603","기초의원비례대표선거","9","수원시","","","진보당","5010","","","","1","비례대표 정당 제출자료","0","","false","","false","","","current_unavailable_official_source","0||","Current official API returned no downloadable PDF path."
"920260603-포항시-진보당-1-1","제9회 전국동시지방선거","920260603","기초의원비례대표선거","9","포항시","","","진보당","5010","","","","1","비례대표 정당 제출자료","1","","false","","false","","","current_unavailable_official_source","1||HEIGHT","Current official API returned no downloadable PDF path."
"920260603-성남시-진보당-1-0","제9회 전국동시지방선거","920260603","기초의원비례대표선거","9","성남시","","","진보당","5010","","","","1","비례대표 정당 제출자료","0","","false","","false","","","current_unavailable_official_source","0||","Current official API returned no downloadable PDF path."
"920260603-송파구-진보당-1-0","제9회 전국동시지방선거","920260603","기초의원비례대표선거","9","송파구","","","진보당","5010","","","","1","비례대표 정당 제출자료","0","","false","","false","","","current_unavailable_official_source","0||","Current official API returned no downloadable PDF path."
"920260603-김해시-진보당-1-0","제9회 전국동시지방선거","920260603","기초의원비례대표선거","9","김해시","","","진보당","5010","","","","1","비례대표 정당 제출자료","0","","false","","false","","","current_unavailable_official_source","0||","Current official API returned no downloadable PDF path."
"920260603-진주시-진보당-1-0","제9회 전국동시지방선거","920260603","기초의원비례대표선거","9","진주시","","","진보당","5010","","","","1","비례대표 정당 제출자료","0","","false","","false","","","current_unavailable_official_source","0||","Current official API returned no downloadable PDF path."
"920260603-경주시-진보당-1-1","제9회 전국동시지방선거","920260603","기초의원비례대표선거","9","경주시","","","진보당","5010","","","","1","비례대표 정당 제출자료","1","","false","","false","","","current_unavailable_official_source","1||HEIGHT","Current official API returned no downloadable PDF path."
"920260603-나주시-진보당-1-0","제9회 전국동시지방선거","920260603","기초의원비례대표선거","9","나주시","","","진보당","5010","","","","1","비례대표 정당 제출자료","0","","false","","false","","","current_unavailable_official_source","0||","Current official API returned no downloadable PDF path."
"920260603-청주시-진보당-1-0","제9회 전국동시지방선거","920260603","기초의원비례대표선거","9","청주시","","","진보당","5010","","","","1","비례대표 정당 제출자료","0","","false","","false","","","current_unavailable_official_source","0||","Current official API returned no downloadable PDF path."
"920260603-포천시-진보당-1-0","제9회 전국동시지방선거","920260603","기초의원비례대표선거","9","포천시","","","진보당","5010","","","","1","비례대표 정당 제출자료","0","","false","","false","","","current_unavailable_official_source","0||","Current official API returned no downloadable PDF path."
"920260603-동구-진보당-1-1","제9회 전국동시지방선거","920260603","기초의원비례대표선거","9","동구","","","진보당","5010","","","","1","비례대표 정당 제출자료","1","","false","","false","","","current_unavailable_official_source","1||HEIGHT","Current official API returned no downloadable PDF path."
"920260603-창원시-진보당-1-0","제9회 전국동시지방선거","920260603","기초의원비례대표선거","9","창원시","","","진보당","5010","","","","1","비례대표 정당 제출자료","0","","false","","false","","","current_unavailable_official_source","0||","Current official API returned no downloadable PDF path."
"920260603-양산시-진보당-1-0","제9회 전국동시지방선거","920260603","기초의원비례대표선거","9","양산시","","","진보당","5010","","","","1","비례대표 정당 제출자료","0","","false","","false","","","current_unavailable_official_source","0||","Current official API returned no downloadable PDF path."
"920260603-밀양시-진보당-1-0","제9회 전국동시지방선거","920260603","기초의원비례대표선거","9","밀양시","","","진보당","5010","","","","1","비례대표 정당 제출자료","0","","false","","false","","","current_unavailable_official_source","0||","Current official API returned no downloadable PDF path."
"920260603-순천시-진보당-1-1","제9회 전국동시지방선거","920260603","기초의원비례대표선거","9","순천시","","","진보당","5010","","","","1","비례대표 정당 제출자료","1","","false","","false","","","current_unavailable_official_source","1||HEIGHT","Current official API returned no downloadable PDF path."
"920260603-목포시-진보당-1-1","제9회 전국동시지방선거","920260603","기초의원비례대표선거","9","목포시","","","진보당","5010","","","","1","비례대표 정당 제출자료","1","","false","","false","","","current_unavailable_official_source","1||HEIGHT","Current official API returned no downloadable PDF path."
"920260603-안산시-진보당-1-0","제9회 전국동시지방선거","920260603","기초의원비례대표선거","9","안산시","","","진보당","5010","","","","1","비례대표 정당 제출자료","0","","false","","false","","","current_unavailable_official_source","0||","Current official API returned no downloadable PDF path."
"920260603-서구-진보당-1-0","제9회 전국동시지방선거","920260603","기초의원비례대표선거","9","서구","","","진보당","5010","","","","1","비례대표 정당 제출자료","0","","false","","false","","","current_unavailable_official_source","0||","Current official API returned no downloadable PDF path."
"920260603-전주시-노동당-1-0","제9회 전국동시지방선거","920260603","기초의원비례대표선거","9","전주시","","","노동당","1988","","","","1","비례대표 정당 제출자료","0","","false","","false","","","current_unavailable_official_source","0||","Current official API returned no downloadable PDF path."
"920260603-창원시-자유와혁신-1-0","제9회 전국동시지방선거","920260603","기초의원비례대표선거","9","창원시","","","자유와혁신","5082","","","","1","비례대표 정당 제출자료","0","","false","","false","","","current_unavailable_official_source","0||","Current official API returned no downloadable PDF path."
"920260603-관악구-정의당-1-0","제9회 전국동시지방선거","920260603","기초의원비례대표선거","9","관악구","","","정의당","730","","","","1","비례대표 정당 제출자료","0","","false","","false","","","current_unavailable_official_source","0||","Current official API returned no downloadable PDF path."
"920260603-창원시-정의당-1-0","제9회 전국동시지방선거","920260603","기초의원비례대표선거","9","창원시","","","정의당","730","","","","1","비례대표 정당 제출자료","0","","false","","false","","","current_unavailable_official_source","0||","Current official API returned no downloadable PDF path."
"920260603-목포시-정의당-1-0","제9회 전국동시지방선거","920260603","기초의원비례대표선거","9","목포시","","","정의당","730","","","","1","비례대표 정당 제출자료","0","","false","","false","","","current_unavailable_official_source","0||","Current official API returned no downloadable PDF path."
"1120260603-서울특별시-100153800-2-선거공약서","제9회 전국동시지방선거","1120260603","교육감선거","11","서울특별시","김영배","100153800","무소속","9999","1","예원예술대학교 부총장","동방문화대학원대학교 자연치유학과졸업(교육학박사)","2","선거공약서","선거공약서","candidate-doc:100153800:2","false","","false","","","current_unavailable_official_source","선거공약서||||||0||HEIGHT||Y||||00","Current official API returned no downloadable PDF path."
"1120260603-서울특별시-100155563-2-선거공약서","제9회 전국동시지방선거","1120260603","교육감선거","11","서울특별시","한만중","100155563","무소속","9999","2","전국교육자치혁신연대 상임대표","서울대학교 사범대학 국어교육과 졸업","2","선거공약서","선거공약서","candidate-doc:100155563:2","false","","false","","","current_unavailable_official_source","선거공약서||||||0||HEIGHT||Y||||00","Current official API returned no downloadable PDF path."
"1120260603-서울특별시-100163258-2-선거공약서","제9회 전국동시지방선거","1120260603","교육감선거","11","서울특별시","조전혁","100163258","무소속","9999","3","서울시 미래교육연구원 원장","미국 위스콘신대학교 매디슨 캠퍼스 대학원 경제학 박사 (1989.12.~1991.12.)","2","선거공약서","선거공약서","candidate-doc:100163258:2","false","","false","","","current_unavailable_official_source","선거공약서||||||0||HEIGHT||Y||||00","Current official API returned no downloadable PDF path."
"1120260603-서울특별시-100162651-2-선거공약서","제9회 전국동시지방선거","1120260603","교육감선거","11","서울특별시","이학인","100162651","무소속","9999","4","신한대학교 부교수","뉴욕시립대학교대학원 철학박사(경영학전공)(2006.8~2012.8)","2","선거공약서","선거공약서","candidate-doc:100162651:2","false","","false","","","current_unavailable_official_source","선거공약서||||||0||HEIGHT||Y||||00","Current official API returned no downloadable PDF path."
"1120260603-서울특별시-100153774-2-선거공약서","제9회 전국동시지방선거","1120260603","교육감선거","11","서울특별시","윤호상","100153774","무소속","9999","5","한양대학교 교육대학원 겸임교수","숭실대학교 대학원 평생교육학과 졸업(교육학 박사)","2","선거공약서","선거공약서","candidate-doc:100153774:2","false","","false","","","current_unavailable_official_source","선거공약서||||||0||HEIGHT||Y||||00","Current official API returned no downloadable PDF path."
"1120260603-서울특별시-100153778-2-선거공약서","제9회 전국동시지방선거","1120260603","교육감선거","11","서울특별시","홍제남","100153778","무소속","9999","7","다같이배움연구소장","한국교원대학교 교육정책전문대학원 졸업 (교육학박사)","2","선거공약서","선거공약서","candidate-doc:100153778:2","false","","false","","","current_unavailable_official_source","선거공약서||||||0||HEIGHT||Y||||00","Current official API returned no downloadable PDF path."
"1120260603-서울특별시-100153786-2-선거공약서","제9회 전국동시지방선거","1120260603","교육감선거","11","서울특별시","류수노","100153786","무소속","9999","8","교수","충남대학교 대학원 졸업(농학박사)","2","선거공약서","선거공약서","candidate-doc:100153786:2","false","","false","","","current_unavailable_official_source","선거공약서||||||0||HEIGHT||Y||||00","Current official API returned no downloadable PDF path."
"1120260603-전남광주통합특별시-100153856-2-선거공약서","제9회 전국동시지방선거","1120260603","교육감선거","11","전남광주통합특별시","강숙영","100153856","무소속","9999","1","무직","전남대학교 일반대학원 졸업 (교육학박사)","2","선거공약서","선거공약서","candidate-doc:100153856:2","false","","false","","","current_unavailable_official_source","선거공약서||||||0||HEIGHT||Y||||00","Current official API returned no downloadable PDF path."
"1120260603-전남광주통합특별시-100160673-2-선거공약서","제9회 전국동시지방선거","1120260603","교육감선거","11","전남광주통합특별시","이정선","100160673","무소속","9999","2","광주광역시교육감","미국 럿거스 뉴저지주립대학교 교육학 박사 (1990.9.1.~1995.10.1.)","2","선거공약서","선거공약서","candidate-doc:100160673:2","false","","false","","","current_unavailable_official_source","선거공약서||||||0||HEIGHT||Y||||00","Current official API returned no downloadable PDF path."
"1120260603-전남광주통합특별시-100153771-2-선거공약서","제9회 전국동시지방선거","1120260603","교육감선거","11","전남광주통합특별시","장관호","100153771","무소속","9999","3","무직","전남대학교 사범대학 물리교육과 졸업","2","선거공약서","선거공약서","candidate-doc:100153771:2","false","","false","","","current_unavailable_official_source","선거공약서||||||0||HEIGHT||Y||||00","Current official API returned no downloadable PDF path."
"1120260603-부산광역시-100163844-2-선거공약서","제9회 전국동시지방선거","1120260603","교육감선거","11","부산광역시","정승윤","100163844","무소속","9999","1","부산대학교 법학전문대학원 교수","부산대학교 대학원 법학과 공법전공 박사과정 수료","2","선거공약서","선거공약서","candidate-doc:100163844:2","false","","false","","","current_unavailable_official_source","선거공약서||||||0||HEIGHT||Y||||00","Current official API returned no downloadable PDF path."
"1120260603-부산광역시-100153847-2-선거공약서","제9회 전국동시지방선거","1120260603","교육감선거","11","부산광역시","최윤홍","100153847","무소속","9999","2","미기재","고려대학교 교육대학원 교육학석사","2","선거공약서","선거공약서","candidate-doc:100153847:2","false","","false","","","current_unavailable_official_source","선거공약서||||||0||HEIGHT||Y||||00","Current official API returned no downloadable PDF path."
"1120260603-부산광역시-100162788-2-선거공약서","제9회 전국동시지방선거","1120260603","교육감선거","11","부산광역시","김석준","100162788","무소속","9999","3","부산광역시교육감","서울대학교 대학원 사회학과 졸업(문학박사)","2","선거공약서","선거공약서","candidate-doc:100162788:2","false","","false","","","current_unavailable_official_source","선거공약서||||||0||HEIGHT||Y||||00","Current official API returned no downloadable PDF path."
"1120260603-대구광역시-100153820-2-선거공약서","제9회 전국동시지방선거","1120260603","교육감선거","11","대구광역시","서중현","100153820","무소속","9999","1","정치인","경북대학교 대학원 철학과 박사과정 수료","2","선거공약서","선거공약서","candidate-doc:100153820:2","false","","false","","","current_unavailable_official_source","선거공약서||||||0||HEIGHT||Y||||00","Current official API returned no downloadable PDF path."
"1120260603-대구광역시-100162085-2-선거공약서","제9회 전국동시지방선거","1120260603","교육감선거","11","대구광역시","임성무","100162085","무소속","9999","2","교육활동가","대구교육대학교 초등교육과 졸업","2","선거공약서","선거공약서","candidate-doc:100162085:2","false","","false","","","current_unavailable_official_source","선거공약서||||||0||HEIGHT||Y||||00","Current official API returned no downloadable PDF path."
"1120260603-대구광역시-100162500-2-선거공약서","제9회 전국동시지방선거","1120260603","교육감선거","11","대구광역시","강은희","100162500","무소속","9999","3","대구광역시교육감","경북대학교 사범대학 물리교육과 졸업","2","선거공약서","선거공약서","candidate-doc:100162500:2","false","","false","","","current_unavailable_official_source","선거공약서||||||0||HEIGHT||Y||||00","Current official API returned no downloadable PDF path."
"1120260603-인천광역시-100163408-2-선거공약서","제9회 전국동시지방선거","1120260603","교육감선거","11","인천광역시","도성훈","100163408","무소속","9999","1","인천광역시 교육감","중앙대학교 국어국문학과 졸업","2","선거공약서","선거공약서","candidate-doc:100163408:2","false","","false","","","current_unavailable_official_source","선거공약서||||||0||HEIGHT||Y||||00","Current official API returned no downloadable PDF path."
"1120260603-인천광역시-100153794-2-선거공약서","제9회 전국동시지방선거","1120260603","교육감선거","11","인천광역시","이대형","100153794","무소속","9999","2","경인교육대학교 교수","경희대학교 대학원 졸업(체육학박사)","2","선거공약서","선거공약서","candidate-doc:100153794:2","false","","false","","","current_unavailable_official_source","선거공약서||||||0||HEIGHT||Y||||00","Current official API returned no downloadable PDF path."
"1120260603-인천광역시-100153776-2-선거공약서","제9회 전국동시지방선거","1120260603","교육감선거","11","인천광역시","임병구","100153776","무소속","9999","3","교육대개혁국민운동본부 인천준비위원장","중앙대학교 국어국문학과 졸업","2","선거공약서","선거공약서","candidate-doc:100153776:2","false","","false","","","current_unavailable_official_source","선거공약서||||||0||HEIGHT||Y||||00","Current official API returned no downloadable PDF path."
"1120260603-대전광역시-100153741-2-선거공약서","제9회 전국동시지방선거","1120260603","교육감선거","11","대전광역시","정상신","100153741","무소속","9999","1","대전미래교육연구회 회장","충남대학교 대학원 영어영문학과 졸업(문학박사)","2","선거공약서","선거공약서","candidate-doc:100153741:2","false","","false","","","current_unavailable_official_source","선거공약서||||||0||HEIGHT||Y||||00","Current official API returned no downloadable PDF path."
"1120260603-대전광역시-100153739-2-선거공약서","제9회 전국동시지방선거","1120260603","교육감선거","11","대전광역시","맹수석","100153739","무소속","9999","2","충남대학교 법학전문대학원 명예교수","충남대학교 대학원 졸업(법학박사)","2","선거공약서","선거공약서","candidate-doc:100153739:2","false","","false","","","current_unavailable_official_source","선거공약서||||||0||HEIGHT||Y||||00","Current official API returned no downloadable PDF path."
"1120260603-대전광역시-100153740-2-선거공약서","제9회 전국동시지방선거","1120260603","교육감선거","11","대전광역시","오석진","100153740","무소속","9999","4","배재대학교 대외협력교수","한국교원대학교 대학원 졸업(교육학 박사)","2","선거공약서","선거공약서","candidate-doc:100153740:2","false","","false","","","current_unavailable_official_source","선거공약서||||||0||HEIGHT||Y||||00","Current official API returned no downloadable PDF path."
"1120260603-울산광역시-100161017-2-선거공약서","제9회 전국동시지방선거","1120260603","교육감선거","11","울산광역시","구광렬","100161017","무소속","9999","1","울산대학교 명예교수","멕시코국립대학교 문학박사(1984.06.~1989.01.)","2","선거공약서","선거공약서","candidate-doc:100161017:2","false","","false","","","current_unavailable_official_source","선거공약서||||||0||HEIGHT||Y||||00","Current official API returned no downloadable PDF path."
"1120260603-울산광역시-100156317-2-선거공약서","제9회 전국동시지방선거","1120260603","교육감선거","11","울산광역시","김주홍","100156317","무소속","9999","3","울산대학교 명예교수","서울대학교 대학원 졸업(정치학박사)","2","선거공약서","선거공약서","candidate-doc:100156317:2","false","","false","","","current_unavailable_official_source","선거공약서||||||0||HEIGHT||Y||||00","Current official API returned no downloadable PDF path."
"1120260603-세종특별자치시-100153756-2-선거공약서","제9회 전국동시지방선거","1120260603","교육감선거","11","세종특별자치시","강미애","100153756","무소속","9999","1","세종미래교육연구소 대표","고려대학교 행정전문대학원 박사과정 수료(정책학과)","2","선거공약서","선거공약서","candidate-doc:100153756:2","false","","false","","","current_unavailable_official_source","선거공약서||||||0||HEIGHT||Y||||00","Current official API returned no downloadable PDF path."
"1120260603-세종특별자치시-100153760-2-선거공약서","제9회 전국동시지방선거","1120260603","교육감선거","11","세종특별자치시","안광식","100153760","무소속","9999","2","미기재","충남대학교 대학원 졸업(교육학박사)","2","선거공약서","선거공약서","candidate-doc:100153760:2","false","","false","","","current_unavailable_official_source","선거공약서||||||0||HEIGHT||Y||||00","Current official API returned no downloadable PDF path."
"1120260603-세종특별자치시-100153758-2-선거공약서","제9회 전국동시지방선거","1120260603","교육감선거","11","세종특별자치시","임전수","100153758","무소속","9999","3","교육운동가","경북대학교 교육대학원 졸업(교육학 석사)","2","선거공약서","선거공약서","candidate-doc:100153758:2","false","","false","","","current_unavailable_official_source","선거공약서||||||0||HEIGHT||Y||||00","Current official API returned no downloadable PDF path."
"1120260603-세종특별자치시-100153759-2-선거공약서","제9회 전국동시지방선거","1120260603","교육감선거","11","세종특별자치시","원성수","100153759","무소속","9999","4","미기재","미국 텍사스주립대학교 알링톤 철학박사(1995.08.15.~1997.12.13.)","2","선거공약서","선거공약서","candidate-doc:100153759:2","false","","false","","","current_unavailable_official_source","선거공약서||||||0||HEIGHT||Y||||00","Current official API returned no downloadable PDF path."
"1120260603-경기도-100163064-2-선거공약서","제9회 전국동시지방선거","1120260603","교육감선거","11","경기도","임태희","100163064","무소속","9999","1","경기도교육감","서울대학교 대학원 졸업(경영학 석사)","2","선거공약서","선거공약서","candidate-doc:100163064:2","false","","false","","","current_unavailable_official_source","선거공약서||||||0||HEIGHT||Y||||00","Current official API returned no downloadable PDF path."
"1120260603-경기도-100153797-2-선거공약서","제9회 전국동시지방선거","1120260603","교육감선거","11","경기도","안민석","100153797","무소속","9999","2","명지대학교 석좌교수","미국 노던콜로라도대학교 대학원 졸업(교육학박사, 1990.09~1993.05)","2","선거공약서","선거공약서","candidate-doc:100153797:2","false","","false","","","current_unavailable_official_source","선거공약서||||||0||HEIGHT||Y||||00","Current official API returned no downloadable PDF path."
"1120260603-강원특별자치도-100153787-2-선거공약서","제9회 전국동시지방선거","1120260603","교육감선거","11","강원특별자치도","최광익","100153787","무소속","9999","2","강원미래교육포럼 대표","미국 아이오와대학교 대학원 졸업(철학박사) (1989.9. ∼ 1991.12.)","2","선거공약서","선거공약서","candidate-doc:100153787:2","false","","false","","","current_unavailable_official_source","선거공약서||||||0||HEIGHT||Y||||00","Current official API returned no downloadable PDF path."
"1120260603-강원특별자치도-100153782-2-선거공약서","제9회 전국동시지방선거","1120260603","교육감선거","11","강원특별자치도","박현숙","100153782","무소속","9999","4","한라대학교 조교수","강원대학교 일반대학원 영어영문학과 졸업(문학박사)","2","선거공약서","선거공약서","candidate-doc:100153782:2","false","","false","","","current_unavailable_official_source","선거공약서||||||0||HEIGHT||Y||||00","Current official API returned no downloadable PDF path."
"1120260603-충청북도-100162804-2-선거공약서","제9회 전국동시지방선거","1120260603","교육감선거","11","충청북도","윤건영","100162804","무소속","9999","1","충청북도교육감","서울대학교 대학원 졸업(교육학박사)","2","선거공약서","선거공약서","candidate-doc:100162804:2","false","","false","","","current_unavailable_official_source","선거공약서||||||0||HEIGHT||Y||||00","Current official API returned no downloadable PDF path."
"1120260603-충청북도-100153743-2-선거공약서","제9회 전국동시지방선거","1120260603","교육감선거","11","충청북도","김성근","100153743","무소속","9999","2","교육전문가","서울대학교 대학원 졸업(교육학석사)","2","선거공약서","선거공약서","candidate-doc:100153743:2","false","","false","","","current_unavailable_official_source","선거공약서||||||0||HEIGHT||Y||||00","Current official API returned no downloadable PDF path."
"1120260603-충청북도-100153825-2-선거공약서","제9회 전국동시지방선거","1120260603","교육감선거","11","충청북도","김진균","100153825","무소속","9999","3","학교현장교육전문가","충북대학교 교육대학원 졸업(교육학석사)","2","선거공약서","선거공약서","candidate-doc:100153825:2","false","","false","","","current_unavailable_official_source","선거공약서||||||0||HEIGHT||Y||||00","Current official API returned no downloadable PDF path."
"1120260603-충청남도-100153788-2-선거공약서","제9회 전국동시지방선거","1120260603","교육감선거","11","충청남도","이병도","100153788","무소속","9999","1","충남교육연구소 소장","공주대학교 대학원 교육학과 졸업(교육학 박사)","2","선거공약서","선거공약서","candidate-doc:100153788:2","false","","false","","","current_unavailable_official_source","선거공약서||||||0||HEIGHT||Y||||00","Current official API returned no downloadable PDF path."
"1120260603-충청남도-100153791-2-선거공약서","제9회 전국동시지방선거","1120260603","교육감선거","11","충청남도","이병학","100153791","무소속","9999","2","충남교육혁신연구소장","단국대학교 사범대학 체육교육과 졸업","2","선거공약서","선거공약서","candidate-doc:100153791:2","false","","false","","","current_unavailable_official_source","선거공약서||||||0||HEIGHT||Y||||00","Current official API returned no downloadable PDF path."
"1120260603-충청남도-100153814-2-선거공약서","제9회 전국동시지방선거","1120260603","교육감선거","11","충청남도","김영춘","100153814","무소속","9999","3","국립공주대학교 명예교수","명지대학교 대학원 전기공학과 졸업(공학박사)","2","선거공약서","선거공약서","candidate-doc:100153814:2","false","","false","","","current_unavailable_official_source","선거공약서||||||0||HEIGHT||Y||||00","Current official API returned no downloadable PDF path."
"1120260603-충청남도-100158164-2-선거공약서","제9회 전국동시지방선거","1120260603","교육감선거","11","충청남도","이명수","100158164","무소속","9999","4","상명대학교 천안산학협력단 특임교수","성균관대학교 대학원 행정학과 졸업(행정학 박사)","2","선거공약서","선거공약서","candidate-doc:100158164:2","false","","false","","","current_unavailable_official_source","선거공약서||||||0||HEIGHT||Y||||00","Current official API returned no downloadable PDF path."
"1120260603-전북특별자치도-100153763-2-선거공약서","제9회 전국동시지방선거","1120260603","교육감선거","11","전북특별자치도","이남호","100153763","무소속","9999","1","전북대학교 명예교수","서울대학교 대학원 박사 졸업(임산공학)","2","선거공약서","선거공약서","candidate-doc:100153763:2","false","","false","","","current_unavailable_official_source","선거공약서||||||0||HEIGHT||Y||||00","Current official API returned no downloadable PDF path."
"1120260603-전북특별자치도-100153762-2-선거공약서","제9회 전국동시지방선거","1120260603","교육감선거","11","전북특별자치도","천호성","100153762","무소속","9999","2","전주교육대학교 교수","나고야대학 대학원졸업 교육학 박사(2002.4.1.~2005.3.31.)","2","선거공약서","선거공약서","candidate-doc:100153762:2","false","","false","","","current_unavailable_official_source","선거공약서||||||0||HEIGHT||Y||||00","Current official API returned no downloadable PDF path."
"1120260603-경상남도-100153751-2-선거공약서","제9회 전국동시지방선거","1120260603","교육감선거","11","경상남도","오인태","100153751","무소속","9999","1","무직","경상대학교 대학원 졸업(교육학 박사)                  ","2","선거공약서","선거공약서","candidate-doc:100153751:2","false","","false","","","current_unavailable_official_source","선거공약서||||||0||HEIGHT||Y||||00","Current official API returned no downloadable PDF path."
"1120260603-경상남도-100153823-2-선거공약서","제9회 전국동시지방선거","1120260603","교육감선거","11","경상남도","김준식","100153823","무소속","9999","3","무직","경상대학교 법경대학 법학과 졸업","2","선거공약서","선거공약서","candidate-doc:100153823:2","false","","false","","","current_unavailable_official_source","선거공약서||||||0||HEIGHT||Y||||00","Current official API returned no downloadable PDF path."
"1120260603-경상남도-100153770-2-선거공약서","제9회 전국동시지방선거","1120260603","교육감선거","11","경상남도","권순기","100153770","무소속","9999","4","경상국립대학교 명예교수","한국과학기술원(KAIST) 화학과 졸업(이학박사)","2","선거공약서","선거공약서","candidate-doc:100153770:2","false","","false","","","current_unavailable_official_source","선거공약서||||||0||HEIGHT||Y||||00","Current official API returned no downloadable PDF path."
"1120260603-제주특별자치도-100153761-2-선거공약서","제9회 전국동시지방선거","1120260603","교육감선거","11","제주특별자치도","송문석","100153761","무소속","9999","1","무직","제주대학교대학원 국어국문학과 졸업 (문학박사)","2","선거공약서","선거공약서","candidate-doc:100153761:2","false","","false","","","current_unavailable_official_source","선거공약서||||||0||HEIGHT||Y||||00","Current official API returned no downloadable PDF path."
"1120260603-제주특별자치도-100156980-2-선거공약서","제9회 전국동시지방선거","1120260603","교육감선거","11","제주특별자치도","고의숙","100156980","무소속","9999","2","무직","제주교육대학교 교육대학원 졸업(교육학 석사)","2","선거공약서","선거공약서","candidate-doc:100156980:2","false","","false","","","current_unavailable_official_source","선거공약서||||||0||HEIGHT||Y||||00","Current official API returned no downloadable PDF path."
"1120260603-제주특별자치도-100162806-2-선거공약서","제9회 전국동시지방선거","1120260603","교육감선거","11","제주특별자치도","김광수","100162806","무소속","9999","3","공무원","고려대학교 교육대학원 졸업(교육학석사)","2","선거공약서","선거공약서","candidate-doc:100162806:2","false","","false","","","current_unavailable_official_source","선거공약서||||||0||HEIGHT||Y||||00","Current official API returned no downloadable PDF path."
