subSgName,sggname,doc_type,classification,count
"구·시·군의회의원선거","동구가선거구","선거공보","available_in_original_pack","25"
"구·시·군의회의원선거","동구나선거구","선거공보","available_in_original_pack","24"
"구·시·군의회의원선거","중구나선거구","선거공보","available_in_original_pack","22"
"광역의원비례대표선거","경기도","비례대표 정당 제출자료","current_unavailable_official_source","20"
"광역의원비례대표선거","서울특별시","비례대표 정당 제출자료","current_unavailable_official_source","19"
"구·시·군의회의원선거","고성군가선거구","선거공보","available_in_original_pack","18"
"구·시·군의회의원선거","남구다선거구","선거공보","available_in_original_pack","16"
"구·시·군의회의원선거","서구다선거구","선거공보","available_in_original_pack","16"
"구·시·군의회의원선거","중구가선거구","선거공보","available_in_original_pack","16"
"구·시·군의회의원선거","남구나선거구","선거공보","available_in_original_pack","15"
"구·시·군의회의원선거","서구가선거구","선거공보","available_in_original_pack","14"
"구·시·군의회의원선거","중구다선거구","선거공보","available_in_original_pack","14"
"구·시·군의 장선거","동구","5대공약","available_in_original_pack","13"
"구·시·군의 장선거","동구","선거공보","available_in_original_pack","13"
"구·시·군의 장선거","동구","선거공약서","current_unavailable_official_source","13"
"구·시·군의회의원선거","남구가선거구","선거공보","available_in_original_pack","13"
"구·시·군의회의원선거","서구나선거구","선거공보","available_in_original_pack","13"
"시·도의회의원선거","북구제1선거구","선거공보","available_in_original_pack","13"
"광역의원비례대표선거","인천광역시","비례대표 정당 제출자료","current_unavailable_official_source","12"
"구·시·군의 장선거","중구","5대공약","available_in_original_pack","12"
"구·시·군의회의원선거","북구나선거구","선거공보","available_in_original_pack","12"
"구·시·군의 장선거","중구","선거공보","available_in_original_pack","11"
"구·시·군의회의원선거","북구바선거구","선거공보","available_in_original_pack","11"
"구·시·군의회의원선거","서구라선거구","선거공보","available_in_original_pack","11"
"시·도의회의원선거","남구제1선거구","선거공보","available_in_original_pack","11"
"시·도의회의원선거","북구제2선거구","선거공보","available_in_original_pack","11"
"광역의원비례대표선거","경상북도","비례대표 정당 제출자료","current_unavailable_official_source","10"
"구·시·군의 장선거","북구","선거공보","available_in_original_pack","10"
"구·시·군의 장선거","북구","선거공약서","current_unavailable_official_source","10"
"구·시·군의 장선거","서구","5대공약","available_in_original_pack","10"
"구·시·군의 장선거","서구","선거공보","available_in_original_pack","10"
"구·시·군의 장선거","서구","선거공약서","current_unavailable_official_source","10"
"구·시·군의회의원선거","동구다선거구","선거공보","available_in_original_pack","10"
"구·시·군의회의원선거","봉화군다선거구","선거공보","available_in_original_pack","10"
"구·시·군의회의원선거","수성구마선거구","선거공보","available_in_original_pack","10"
"시·도의회의원선거","중구제2선거구","선거공보","available_in_original_pack","10"
"광역의원비례대표선거","경상남도","비례대표 정당 제출자료","current_unavailable_official_source","9"
"광역의원비례대표선거","대구광역시","비례대표 정당 제출자료","current_unavailable_official_source","9"
"광역의원비례대표선거","부산광역시","비례대표 정당 제출자료","current_unavailable_official_source","9"
"구·시·군의 장선거","북구","5대공약","available_in_original_pack","9"
"구·시·군의 장선거","중구","선거공약서","current_unavailable_official_source","9"
"구·시·군의회의원선거","강서구가선거구","선거공보","available_in_original_pack","9"
"구·시·군의회의원선거","기장군다선거구","선거공보","available_in_original_pack","9"
"구·시·군의회의원선거","남동구가선거구","선거공보","available_in_original_pack","9"
"구·시·군의회의원선거","남양주시사선거구","선거공보","available_in_original_pack","9"
"구·시·군의회의원선거","논산시가선거구","선거공보","available_in_original_pack","9"
"구·시·군의회의원선거","동대문구바선거구","선거공보","available_in_original_pack","9"
"구·시·군의회의원선거","북구가선거구","선거공보","available_in_original_pack","9"
"구·시·군의회의원선거","북구마선거구","선거공보","available_in_original_pack","9"
"구·시·군의회의원선거","서구가선거구","선거공보","current_unavailable_official_source","9"
"구·시·군의회의원선거","서구나선거구","선거공보","current_unavailable_official_source","9"
"구·시·군의회의원선거","서대문구마선거구","선거공보","available_in_original_pack","9"
"구·시·군의회의원선거","성북구가선거구","선거공보","available_in_original_pack","9"
"구·시·군의회의원선거","연제구가선거구","선거공보","available_in_original_pack","9"
"구·시·군의회의원선거","예천군다선거구","선거공보","available_in_original_pack","9"
"시·도의회의원선거","동구제1선거구","선거공보","available_in_original_pack","9"
"시·도의회의원선거","중구제1선거구","선거공보","available_in_original_pack","9"
"교육감선거","서울특별시","5대공약","available_in_original_pack","8"
"교육감선거","서울특별시","선거공보","available_in_original_pack","8"
"구·시·군의 장선거","남구","선거공약서","current_unavailable_official_source","8"
"구·시·군의회의원선거","강서구나선거구","선거공보","available_in_original_pack","8"
"구·시·군의회의원선거","고성군나선거구","선거공보","available_in_original_pack","8"
"구·시·군의회의원선거","금산군가선거구","선거공보","available_in_original_pack","8"
"구·시·군의회의원선거","금산군나선거구","선거공보","available_in_original_pack","8"
"구·시·군의회의원선거","김천시사선거구","선거공보","available_in_original_pack","8"
"구·시·군의회의원선거","남원시바선거구","선거공보","available_in_original_pack","8"
"구·시·군의회의원선거","당진시라선거구","선거공보","available_in_original_pack","8"
"구·시·군의회의원선거","동래구다선거구","선거공보","available_in_original_pack","8"
"구·시·군의회의원선거","밀양시라선거구","선거공보","available_in_original_pack","8"
"구·시·군의회의원선거","부여군가선거구","선거공보","available_in_original_pack","8"
"구·시·군의회의원선거","북구다선거구","선거공보","current_unavailable_official_source","8"
"구·시·군의회의원선거","수성구라선거구","선거공보","available_in_original_pack","8"
"시·도의회의원선거","서구제2선거구","선거공보","available_in_original_pack","8"
"광역의원비례대표선거","강원특별자치도","비례대표 정당 제출자료","current_unavailable_official_source","7"
"광역의원비례대표선거","울산광역시","비례대표 정당 제출자료","current_unavailable_official_source","7"
"광역의원비례대표선거","전남광주통합특별시","비례대표 정당 제출자료","current_unavailable_official_source","7"
"광역의원비례대표선거","전북특별자치도","비례대표 정당 제출자료","current_unavailable_official_source","7"
"광역의원비례대표선거","제주특별자치도","비례대표 정당 제출자료","current_unavailable_official_source","7"
"교육감선거","서울특별시","선거공약서","current_unavailable_official_source","7"
"구·시·군의 장선거","남구","5대공약","available_in_original_pack","7"
"구·시·군의 장선거","남구","선거공보","available_in_original_pack","7"
"구·시·군의회의원선거","강북구가선거구","선거공보","available_in_original_pack","7"
"구·시·군의회의원선거","강진군가선거구","선거공보","available_in_original_pack","7"
"구·시·군의회의원선거","거창군가선거구","선거공보","available_in_original_pack","7"
"구·시·군의회의원선거","경주시가선거구","선거공보","available_in_original_pack","7"
"구·시·군의회의원선거","계룡시나선거구","선거공보","available_in_original_pack","7"
"구·시·군의회의원선거","곡성군나선거구","선거공보","available_in_original_pack","7"
"구·시·군의회의원선거","관악구다선거구","선거공보","available_in_original_pack","7"
"구·시·군의회의원선거","광산구가선거구","선거공보","available_in_original_pack","7"
"구·시·군의회의원선거","구리시가선거구","선거공보","available_in_original_pack","7"
"구·시·군의회의원선거","군위군가선거구","선거공보","available_in_original_pack","7"
"구·시·군의회의원선거","나주시마선거구","선거공보","current_unavailable_official_source","7"
"구·시·군의회의원선거","남구마선거구","선거공보","available_in_original_pack","7"
"구·시·군의회의원선거","단양군가선거구","선거공보","available_in_original_pack","7"
"구·시·군의회의원선거","당진시다선거구","선거공보","available_in_original_pack","7"
"구·시·군의회의원선거","동대문구마선거구","선거공보","available_in_original_pack","7"
"구·시·군의회의원선거","무안군가선거구","선거공보","available_in_original_pack","7"
"구·시·군의회의원선거","무주군나선거구","선거공보","available_in_original_pack","7"
"구·시·군의회의원선거","보성군가선거구","선거공보","available_in_original_pack","7"
"구·시·군의회의원선거","부천시마선거구","선거공보","available_in_original_pack","7"
"구·시·군의회의원선거","북구가선거구","선거공보","current_unavailable_official_source","7"
"구·시·군의회의원선거","북구다선거구","선거공보","available_in_original_pack","7"
"구·시·군의회의원선거","북구라선거구","선거공보","current_unavailable_official_source","7"
"구·시·군의회의원선거","사천시나선거구","선거공보","available_in_original_pack","7"
"구·시·군의회의원선거","산청군나선거구","선거공보","available_in_original_pack","7"
"구·시·군의회의원선거","산청군다선거구","선거공보","available_in_original_pack","7"
"구·시·군의회의원선거","삼척시가선거구","선거공보","available_in_original_pack","7"
"구·시·군의회의원선거","안산시가선거구","선거공보","available_in_original_pack","7"
"구·시·군의회의원선거","영광군나선거구","선거공보","available_in_original_pack","7"
"구·시·군의회의원선거","영도구나선거구","선거공보","available_in_original_pack","7"
"구·시·군의회의원선거","영종구나선거구","선거공보","available_in_original_pack","7"
"구·시·군의회의원선거","완주군가선거구","선거공보","available_in_original_pack","7"
"구·시·군의회의원선거","울릉군가선거구","선거공보","available_in_original_pack","7"
"구·시·군의회의원선거","울주군가선거구","선거공보","available_in_original_pack","7"
"구·시·군의회의원선거","유성구가선거구","선거공보","available_in_original_pack","7"
"구·시·군의회의원선거","은평구라선거구","선거공보","available_in_original_pack","7"
"구·시·군의회의원선거","인제군가선거구","선거공보","available_in_original_pack","7"
"구·시·군의회의원선거","중구라선거구","선거공보","available_in_original_pack","7"
"구·시·군의회의원선거","진주시바선거구","선거공보","available_in_original_pack","7"
"구·시·군의회의원선거","청양군가선거구","선거공보","available_in_original_pack","7"
"구·시·군의회의원선거","태안군나선거구","선거공보","available_in_original_pack","7"
"구·시·군의회의원선거","합천군가선거구","선거공보","available_in_original_pack","7"
"구·시·군의회의원선거","해운대구다선거구","선거공보","available_in_original_pack","7"
"구·시·군의회의원선거","화성시바선거구","선거공보","available_in_original_pack","7"
"기초의원비례대표선거","창원시","비례대표 정당 제출자료","current_unavailable_official_source","7"
"시·도의회의원선거","동구제2선거구","선거공보","available_in_original_pack","7"
"시·도의회의원선거","동구제3선거구","선거공보","available_in_original_pack","7"
"시·도의회의원선거","북구제3선거구","선거공보","available_in_original_pack","7"
"시·도의회의원선거","서구제1선거구","선거공보","available_in_original_pack","7"
"광역의원비례대표선거","대전광역시","비례대표 정당 제출자료","current_unavailable_official_source","6"
"광역의원비례대표선거","세종특별자치시","비례대표 정당 제출자료","current_unavailable_official_source","6"
"광역의원비례대표선거","충청남도","비례대표 정당 제출자료","current_unavailable_official_source","6"
"광역의원비례대표선거","충청북도","비례대표 정당 제출자료","current_unavailable_official_source","6"
"구·시·군의 장선거","강서구","5대공약","available_in_original_pack","6"
"구·시·군의 장선거","강서구","선거공보","available_in_original_pack","6"
"구·시·군의 장선거","강서구","선거공약서","current_unavailable_official_source","6"
"구·시·군의 장선거","고성군","5대공약","available_in_original_pack","6"
"구·시·군의 장선거","고성군","선거공보","available_in_original_pack","6"
"구·시·군의 장선거","고성군","선거공약서","current_unavailable_official_source","6"
"구·시·군의 장선거","구례군","5대공약","available_in_original_pack","6"
"구·시·군의 장선거","구례군","선거공보","available_in_original_pack","6"
"구·시·군의 장선거","구례군","선거공약서","current_unavailable_official_source","6"
"구·시·군의회의원선거","강남구나선거구","선거공보","available_in_original_pack","6"
"구·시·군의회의원선거","강남구다선거구","선거공보","available_in_original_pack","6"
"구·시·군의회의원선거","강릉시다선거구","선거공보","available_in_original_pack","6"
"구·시·군의회의원선거","강서구마선거구","선거공보","available_in_original_pack","6"
"구·시·군의회의원선거","강화군나선거구","선거공보","available_in_original_pack","6"
"구·시·군의회의원선거","거제시마선거구","선거공보","available_in_original_pack","6"
"구·시·군의회의원선거","거창군나선거구","선거공보","available_in_original_pack","6"
"구·시·군의회의원선거","계룡시가선거구","선거공보","available_in_original_pack","6"
"구·시·군의회의원선거","공주시나선거구","선거공보","available_in_original_pack","6"
"구·시·군의회의원선거","관악구라선거구","선거공보","available_in_original_pack","6"
"구·시·군의회의원선거","광산구나선거구","선거공보","available_in_original_pack","6"
"구·시·군의회의원선거","광산구마선거구","선거공보","available_in_original_pack","6"
"구·시·군의회의원선거","광진구가선거구","선거공보","available_in_original_pack","6"
"구·시·군의회의원선거","광진구다선거구","선거공보","available_in_original_pack","6"
"구·시·군의회의원선거","군산시라선거구","선거공보","available_in_original_pack","6"
"구·시·군의회의원선거","군산시마선거구","선거공보","available_in_original_pack","6"
"구·시·군의회의원선거","기장군가선거구","선거공보","available_in_original_pack","6"
"구·시·군의회의원선거","김천시가선거구","선거공보","available_in_original_pack","6"
"구·시·군의회의원선거","김포시다선거구","선거공보","available_in_original_pack","6"
"구·시·군의회의원선거","남원시다선거구","선거공보","available_in_original_pack","6"
"구·시·군의회의원선거","논산시다선거구","선거공보","available_in_original_pack","6"
"구·시·군의회의원선거","단양군나선거구","선거공보","available_in_original_pack","6"
"구·시·군의회의원선거","달성군라선거구","선거공보","available_in_original_pack","6"
"구·시·군의회의원선거","대덕구나선거구","선거공보","available_in_original_pack","6"
"구·시·군의회의원선거","동래구나선거구","선거공보","available_in_original_pack","6"
"구·시·군의회의원선거","동래구마선거구","선거공보","available_in_original_pack","6"
"구·시·군의회의원선거","동해시가선거구","선거공보","available_in_original_pack","6"
"구·시·군의회의원선거","동해시나선거구","선거공보","available_in_original_pack","6"
"구·시·군의회의원선거","문경시나선거구","선거공보","available_in_original_pack","6"
"구·시·군의회의원선거","문경시라선거구","선거공보","available_in_original_pack","6"
"구·시·군의회의원선거","부안군가선거구","선거공보","available_in_original_pack","6"
"구·시·군의회의원선거","부여군나선거구","선거공보","available_in_original_pack","6"
"구·시·군의회의원선거","부천시자선거구","선거공보","available_in_original_pack","6"
"구·시·군의회의원선거","사하구가선거구","선거공보","available_in_original_pack","6"
"구·시·군의회의원선거","산청군라선거구","선거공보","available_in_original_pack","6"
"구·시·군의회의원선거","상주시다선거구","선거공보","available_in_original_pack","6"
"구·시·군의회의원선거","서구라선거구","선거공보","current_unavailable_official_source","6"
"구·시·군의회의원선거","서초구가선거구","선거공보","available_in_original_pack","6"
"구·시·군의회의원선거","성남시라선거구","선거공보","available_in_original_pack","6"
"구·시·군의회의원선거","성남시마선거구","선거공보","available_in_original_pack","6"
"구·시·군의회의원선거","속초시나선거구","선거공보","available_in_original_pack","6"
"구·시·군의회의원선거","수성구바선거구","선거공보","available_in_original_pack","6"
"구·시·군의회의원선거","수원시다선거구","선거공보","current_unavailable_official_source","6"
"구·시·군의회의원선거","수원시마선거구","선거공보","available_in_original_pack","6"
"구·시·군의회의원선거","순창군다선거구","선거공보","available_in_original_pack","6"
"구·시·군의회의원선거","순천시나선거구","선거공보","available_in_original_pack","6"
"구·시·군의회의원선거","시흥시나선거구","선거공보","available_in_original_pack","6"
"구·시·군의회의원선거","시흥시라선거구","선거공보","available_in_original_pack","6"
"구·시·군의회의원선거","안성시다선거구","선거공보","available_in_original_pack","6"
"구·시·군의회의원선거","양양군나선거구","선거공보","pack_stale_currently_available","6"
"구·시·군의회의원선거","양평군가선거구","선거공보","available_in_original_pack","6"
"구·시·군의회의원선거","여수시마선거구","선거공보","available_in_original_pack","6"
"구·시·군의회의원선거","여수시차선거구","선거공보","available_in_original_pack","6"
"구·시·군의회의원선거","영동군가선거구","선거공보","available_in_original_pack","6"
"구·시·군의회의원선거","영등포구사선거구","선거공보","available_in_original_pack","6"
"구·시·군의회의원선거","영암군가선거구","선거공보","available_in_original_pack","6"
"구·시·군의회의원선거","영양군가선거구","선거공보","available_in_original_pack","6"
"구·시·군의회의원선거","영월군가선거구","선거공보","available_in_original_pack","6"
"구·시·군의회의원선거","예산군가선거구","선거공보","available_in_original_pack","6"
"구·시·군의회의원선거","옥천군가선거구","선거공보","available_in_original_pack","6"
"구·시·군의회의원선거","용인시라선거구","선거공보","pack_stale_currently_available","6"
"구·시·군의회의원선거","울진군다선거구","선거공보","available_in_original_pack","6"
"구·시·군의회의원선거","원주시다선거구","선거공보","available_in_original_pack","6"
"구·시·군의회의원선거","원주시라선거구","선거공보","available_in_original_pack","6"
"구·시·군의회의원선거","유성구나선거구","선거공보","available_in_original_pack","6"
"구·시·군의회의원선거","유성구라선거구","선거공보","available_in_original_pack","6"
"구·시·군의회의원선거","익산시자선거구","선거공보","available_in_original_pack","6"
"구·시·군의회의원선거","인제군나선거구","선거공보","available_in_original_pack","6"
"구·시·군의회의원선거","임실군다선거구","선거공보","available_in_original_pack","6"
"구·시·군의회의원선거","장성군가선거구","선거공보","available_in_original_pack","6"
"구·시·군의회의원선거","장흥군가선거구","선거공보","available_in_original_pack","6"
"구·시·군의회의원선거","전주시다선거구","선거공보","pack_stale_currently_available","6"
"구·시·군의회의원선거","전주시바선거구","선거공보","pack_stale_currently_available","6"
"구·시·군의회의원선거","정선군가선거구","선거공보","available_in_original_pack","6"
"구·시·군의회의원선거","정선군나선거구","선거공보","available_in_original_pack","6"
"구·시·군의회의원선거","진도군가선거구","선거공보","available_in_original_pack","6"
"구·시·군의회의원선거","진안군가선거구","선거공보","available_in_original_pack","6"
"구·시·군의회의원선거","진주시라선거구","선거공보","available_in_original_pack","6"
"구·시·군의회의원선거","창원시바선거구","선거공보","available_in_original_pack","6"
"구·시·군의회의원선거","창원시자선거구","선거공보","available_in_original_pack","6"
"구·시·군의회의원선거","천안시다선거구","선거공보","available_in_original_pack","6"
"구·시·군의회의원선거","천안시라선거구","선거공보","available_in_original_pack","6"
"구·시·군의회의원선거","천안시차선거구","선거공보","available_in_original_pack","6"
"구·시·군의회의원선거","청도군나선거구","선거공보","available_in_original_pack","6"
"구·시·군의회의원선거","청주시마선거구","선거공보","available_in_original_pack","6"
"구·시·군의회의원선거","청주시차선거구","선거공보","available_in_original_pack","6"
"구·시·군의회의원선거","청주시타선거구","선거공보","available_in_original_pack","6"
"구·시·군의회의원선거","청주시파선거구","선거공보","available_in_original_pack","6"
"구·시·군의회의원선거","충주시라선거구","선거공보","available_in_original_pack","6"
"구·시·군의회의원선거","태백시가선거구","선거공보","available_in_original_pack","6"
"구·시·군의회의원선거","태백시나선거구","선거공보","available_in_original_pack","6"
"구·시·군의회의원선거","통영시가선거구","선거공보","available_in_original_pack","6"
"구·시·군의회의원선거","포천시가선거구","선거공보","available_in_original_pack","6"
"구·시·군의회의원선거","하동군나선거구","선거공보","available_in_original_pack","6"
"구·시·군의회의원선거","함안군가선거구","선거공보","available_in_original_pack","6"
"구·시·군의회의원선거","함안군다선거구","선거공보","available_in_original_pack","6"
"구·시·군의회의원선거","합천군나선거구","선거공보","available_in_original_pack","6"
"구·시·군의회의원선거","화성시라선거구","선거공보","available_in_original_pack","6"
"구·시·군의회의원선거","화순군가선거구","선거공보","available_in_original_pack","6"
"구·시·군의회의원선거","화천군가선거구","선거공보","available_in_original_pack","6"
"구·시·군의회의원선거","화천군나선거구","선거공보","available_in_original_pack","6"
"구·시·군의회의원선거","횡성군나선거구","선거공보","available_in_original_pack","6"
"국회의원선거","광산구을","선거공보","available_in_original_pack","6"
"시·도의회의원선거","남구제2선거구","선거공보","available_in_original_pack","6"
"시·도지사선거","서울특별시","5대공약","available_in_original_pack","6"
"시·도지사선거","서울특별시","선거공보","available_in_original_pack","6"
"시·도지사선거","서울특별시","선거공약서","current_unavailable_official_source","6"
"교육감선거","대전광역시","5대공약","available_in_original_pack","5"
"교육감선거","대전광역시","선거공보","available_in_original_pack","5"
"구·시·군의 장선거","가평군","5대공약","available_in_original_pack","5"
"구·시·군의 장선거","가평군","선거공보","available_in_original_pack","5"
"구·시·군의 장선거","가평군","선거공약서","current_unavailable_official_source","5"
"구·시·군의회의원선거","가평군가선거구","선거공보","available_in_original_pack","5"
"구·시·군의회의원선거","강남구자선거구","선거공보","available_in_original_pack","5"
"구·시·군의회의원선거","강동구마선거구","선거공보","available_in_original_pack","5"
"구·시·군의회의원선거","강동구사선거구","선거공보","available_in_original_pack","5"
"구·시·군의회의원선거","강북구다선거구","선거공보","available_in_original_pack","5"
"구·시·군의회의원선거","강진군나선거구","선거공보","available_in_original_pack","5"
"구·시·군의회의원선거","거제시가선거구","선거공보","available_in_original_pack","5"
"구·시·군의회의원선거","거제시다선거구","선거공보","available_in_original_pack","5"
"구·시·군의회의원선거","경산시다선거구","선거공보","available_in_original_pack","5"
"구·시·군의회의원선거","경산시마선거구","선거공보","available_in_original_pack","5"
"구·시·군의회의원선거","경주시나선거구","선거공보","available_in_original_pack","5"
"구·시·군의회의원선거","고양시나선거구","선거공보","available_in_original_pack","5"
"구·시·군의회의원선거","고양시마선거구","선거공보","available_in_original_pack","5"
"구·시·군의회의원선거","고양시아선거구","선거공보","pack_stale_currently_available","5"
"구·시·군의회의원선거","고창군가선거구","선거공보","available_in_original_pack","5"
"구·시·군의회의원선거","고창군나선거구","선거공보","available_in_original_pack","5"
"구·시·군의회의원선거","곡성군가선거구","선거공보","available_in_original_pack","5"
"구·시·군의회의원선거","관악구나선거구","선거공보","available_in_original_pack","5"
"구·시·군의회의원선거","관악구사선거구","선거공보","available_in_original_pack","5"
"구·시·군의회의원선거","광산구다선거구","선거공보","available_in_original_pack","5"
"구·시·군의회의원선거","광양시나선거구","선거공보","available_in_original_pack","5"
"구·시·군의회의원선거","광주시나선거구","선거공보","available_in_original_pack","5"
"구·시·군의회의원선거","광진구나선거구","선거공보","available_in_original_pack","5"
"구·시·군의회의원선거","광진구라선거구","선거공보","available_in_original_pack","5"
"구·시·군의회의원선거","괴산군가선거구","선거공보","available_in_original_pack","5"
"구·시·군의회의원선거","괴산군다선거구","선거공보","available_in_original_pack","5"
"구·시·군의회의원선거","구례군가선거구","선거공보","available_in_original_pack","5"
"구·시·군의회의원선거","구로구가선거구","선거공보","available_in_original_pack","5"
"구·시·군의회의원선거","구로구다선거구","선거공보","available_in_original_pack","5"
"구·시·군의회의원선거","구미시자선거구","선거공보","available_in_original_pack","5"
"구·시·군의회의원선거","군산시아선거구","선거공보","available_in_original_pack","5"
"구·시·군의회의원선거","군위군나선거구","선거공보","available_in_original_pack","5"
"구·시·군의회의원선거","금정구가선거구","선거공보","available_in_original_pack","5"
"구·시·군의회의원선거","김제시나선거구","선거공보","current_unavailable_official_source","5"
"구·시·군의회의원선거","김천시나선거구","선거공보","available_in_original_pack","5"
"구·시·군의회의원선거","김천시다선거구","선거공보","available_in_original_pack","5"
"구·시·군의회의원선거","김해시바선거구","선거공보","available_in_original_pack","5"
"구·시·군의회의원선거","김해시사선거구","선거공보","available_in_original_pack","5"
"구·시·군의회의원선거","나주시가선거구","선거공보","current_unavailable_official_source","5"
"구·시·군의회의원선거","나주시나선거구","선거공보","current_unavailable_official_source","5"
"구·시·군의회의원선거","남동구나선거구","선거공보","available_in_original_pack","5"
"구·시·군의회의원선거","남동구다선거구","선거공보","available_in_original_pack","5"
"구·시·군의회의원선거","남동구라선거구","선거공보","available_in_original_pack","5"
"구·시·군의회의원선거","남양주시가선거구","선거공보","available_in_original_pack","5"
"구·시·군의회의원선거","남해군가선거구","선거공보","available_in_original_pack","5"
"구·시·군의회의원선거","노원구나선거구","선거공보","available_in_original_pack","5"
"구·시·군의회의원선거","노원구바선거구","선거공보","available_in_original_pack","5"
"구·시·군의회의원선거","논산시나선거구","선거공보","available_in_original_pack","5"
"구·시·군의회의원선거","담양군다선거구","선거공보","available_in_original_pack","5"
"구·시·군의회의원선거","도봉구나선거구","선거공보","available_in_original_pack","5"
"구·시·군의회의원선거","동구라선거구","선거공보","available_in_original_pack","5"
"구·시·군의회의원선거","동구마선거구","선거공보","available_in_original_pack","5"
"구·시·군의회의원선거","동두천시가선거구","선거공보","available_in_original_pack","5"
"구·시·군의회의원선거","동작구사선거구","선거공보","available_in_original_pack","5"
"구·시·군의회의원선거","마포구아선거구","선거공보","available_in_original_pack","5"
"구·시·군의회의원선거","무안군나선거구","선거공보","available_in_original_pack","5"
"구·시·군의회의원선거","무주군가선거구","선거공보","available_in_original_pack","5"
"구·시·군의회의원선거","문경시가선거구","선거공보","available_in_original_pack","5"
"구·시·군의회의원선거","미추홀구라선거구","선거공보","available_in_original_pack","5"
"구·시·군의회의원선거","밀양시나선거구","선거공보","available_in_original_pack","5"
"구·시·군의회의원선거","보령시나선거구","선거공보","available_in_original_pack","5"
"구·시·군의회의원선거","보령시다선거구","선거공보","available_in_original_pack","5"
"구·시·군의회의원선거","보은군나선거구","선거공보","available_in_original_pack","5"
"구·시·군의회의원선거","봉화군가선거구","선거공보","available_in_original_pack","5"
"구·시·군의회의원선거","부산진구가선거구","선거공보","available_in_original_pack","5"
"구·시·군의회의원선거","부여군다선거구","선거공보","available_in_original_pack","5"
"구·시·군의회의원선거","부천시사선거구","선거공보","available_in_original_pack","5"
"구·시·군의회의원선거","북구나선거구","선거공보","current_unavailable_official_source","5"
"구·시·군의회의원선거","북구라선거구","선거공보","available_in_original_pack","5"
"구·시·군의회의원선거","사상구가선거구","선거공보","available_in_original_pack","5"
"구·시·군의회의원선거","사천시가선거구","선거공보","available_in_original_pack","5"
"구·시·군의회의원선거","사천시라선거구","선거공보","available_in_original_pack","5"
"구·시·군의회의원선거","사하구나선거구","선거공보","available_in_original_pack","5"
"구·시·군의회의원선거","사하구마선거구","선거공보","available_in_original_pack","5"
"구·시·군의회의원선거","삼척시나선거구","선거공보","available_in_original_pack","5"
"구·시·군의회의원선거","상주시가선거구","선거공보","available_in_original_pack","5"
"구·시·군의회의원선거","상주시마선거구","선거공보","available_in_original_pack","5"
"구·시·군의회의원선거","서대문구가선거구","선거공보","available_in_original_pack","5"
"구·시·군의회의원선거","서산시가선거구","선거공보","available_in_original_pack","5"
"구·시·군의회의원선거","서산시마선거구","선거공보","available_in_original_pack","5"
"구·시·군의회의원선거","서천군나선거구","선거공보","available_in_original_pack","5"
"구·시·군의회의원선거","서초구다선거구","선거공보","available_in_original_pack","5"
"구·시·군의회의원선거","서초구라선거구","선거공보","available_in_original_pack","5"
"구·시·군의회의원선거","서초구마선거구","선거공보","available_in_original_pack","5"
"구·시·군의회의원선거","성남시차선거구","선거공보","available_in_original_pack","5"
"구·시·군의회의원선거","성동구다선거구","선거공보","current_unavailable_official_source","5"
"구·시·군의회의원선거","송파구가선거구","선거공보","available_in_original_pack","5"
"구·시·군의회의원선거","송파구아선거구","선거공보","available_in_original_pack","5"
"구·시·군의회의원선거","수성구가선거구","선거공보","available_in_original_pack","5"
"구·시·군의회의원선거","수원시자선거구","선거공보","available_in_original_pack","5"
"구·시·군의회의원선거","수원시파선거구","선거공보","available_in_original_pack","5"
"구·시·군의회의원선거","순창군가선거구","선거공보","available_in_original_pack","5"
"구·시·군의회의원선거","순천시가선거구","선거공보","available_in_original_pack","5"
"구·시·군의회의원선거","순천시마선거구","선거공보","available_in_original_pack","5"
"구·시·군의회의원선거","순천시바선거구","선거공보","available_in_original_pack","5"
"구·시·군의회의원선거","신안군나선거구","선거공보","available_in_original_pack","5"
"구·시·군의회의원선거","아산시라선거구","선거공보","available_in_original_pack","5"
"구·시·군의회의원선거","안동시마선거구","선거공보","available_in_original_pack","5"
"구·시·군의회의원선거","안동시바선거구","선거공보","available_in_original_pack","5"
"구·시·군의회의원선거","안동시아선거구","선거공보","available_in_original_pack","5"
"구·시·군의회의원선거","안양시바선거구","선거공보","available_in_original_pack","5"
"구·시·군의회의원선거","양구군가선거구","선거공보","available_in_original_pack","5"
"구·시·군의회의원선거","양구군나선거구","선거공보","pack_stale_currently_available","5"
"구·시·군의회의원선거","양산시다선거구","선거공보","available_in_original_pack","5"
"구·시·군의회의원선거","양산시사선거구","선거공보","available_in_original_pack","5"
"구·시·군의회의원선거","양주시다선거구","선거공보","available_in_original_pack","5"
"구·시·군의회의원선거","양평군나선거구","선거공보","available_in_original_pack","5"
"구·시·군의회의원선거","여수시자선거구","선거공보","available_in_original_pack","5"
"구·시·군의회의원선거","연제구나선거구","선거공보","available_in_original_pack","5"
"구·시·군의회의원선거","연제구다선거구","선거공보","available_in_original_pack","5"
"구·시·군의회의원선거","영광군가선거구","선거공보","available_in_original_pack","5"
"구·시·군의회의원선거","영덕군나선거구","선거공보","available_in_original_pack","5"
"구·시·군의회의원선거","영양군나선거구","선거공보","available_in_original_pack","5"
"구·시·군의회의원선거","영월군나선거구","선거공보","available_in_original_pack","5"
"구·시·군의회의원선거","영천시가선거구","선거공보","available_in_original_pack","5"
"구·시·군의회의원선거","영천시나선거구","선거공보","available_in_original_pack","5"
"구·시·군의회의원선거","영천시다선거구","선거공보","available_in_original_pack","5"
"구·시·군의회의원선거","예산군라선거구","선거공보","available_in_original_pack","5"
"구·시·군의회의원선거","오산시가선거구","선거공보","available_in_original_pack","5"
"구·시·군의회의원선거","옥천군나선거구","선거공보","available_in_original_pack","5"
"구·시·군의회의원선거","용산구다선거구","선거공보","available_in_original_pack","5"
"구·시·군의회의원선거","용인시가선거구","선거공보","available_in_original_pack","5"
"구·시·군의회의원선거","용인시차선거구","선거공보","pack_stale_currently_available","5"
"구·시·군의회의원선거","용인시카선거구","선거공보","pack_stale_currently_available","5"
"구·시·군의회의원선거","울주군나선거구","선거공보","available_in_original_pack","5"
"구·시·군의회의원선거","울진군가선거구","선거공보","available_in_original_pack","5"
"구·시·군의회의원선거","원주시나선거구","선거공보","available_in_original_pack","5"
"구·시·군의회의원선거","원주시차선거구","선거공보","available_in_original_pack","5"
"구·시·군의회의원선거","유성구다선거구","선거공보","available_in_original_pack","5"
"구·시·군의회의원선거","음성군가선거구","선거공보","available_in_original_pack","5"
"구·시·군의회의원선거","의령군가선거구","선거공보","available_in_original_pack","5"
"구·시·군의회의원선거","의왕시가선거구","선거공보","pack_stale_currently_available","5"
"구·시·군의회의원선거","의왕시나선거구","선거공보","pack_stale_currently_available","5"
"구·시·군의회의원선거","이천시가선거구","선거공보","available_in_original_pack","5"
"구·시·군의회의원선거","장수군나선거구","선거공보","current_unavailable_official_source","5"
"구·시·군의회의원선거","전주시나선거구","선거공보","pack_stale_currently_available","5"
"구·시·군의회의원선거","전주시카선거구","선거공보","available_in_original_pack","5"
"구·시·군의회의원선거","정읍시마선거구","선거공보","current_unavailable_official_source","5"
"구·시·군의회의원선거","제물포구가선거구","선거공보","available_in_original_pack","5"
"구·시·군의회의원선거","제물포구나선거구","선거공보","available_in_original_pack","5"
"구·시·군의회의원선거","중구가선거구","선거공보","current_unavailable_official_source","5"
"구·시·군의회의원선거","중랑구다선거구","선거공보","available_in_original_pack","5"
"구·시·군의회의원선거","진주시가선거구","선거공보","available_in_original_pack","5"
"구·시·군의회의원선거","진천군나선거구","선거공보","available_in_original_pack","5"
"구·시·군의회의원선거","창녕군가선거구","선거공보","available_in_original_pack","5"
"구·시·군의회의원선거","창원시가선거구","선거공보","available_in_original_pack","5"
"구·시·군의회의원선거","창원시거선거구","선거공보","available_in_original_pack","5"
"구·시·군의회의원선거","창원시차선거구","선거공보","available_in_original_pack","5"
"구·시·군의회의원선거","창원시파선거구","선거공보","available_in_original_pack","5"
"구·시·군의회의원선거","천안시바선거구","선거공보","available_in_original_pack","5"
"구·시·군의회의원선거","철원군가선거구","선거공보","available_in_original_pack","5"
"구·시·군의회의원선거","철원군나선거구","선거공보","available_in_original_pack","5"
"구·시·군의회의원선거","청송군나선거구","선거공보","available_in_original_pack","5"
"구·시·군의회의원선거","청주시가선거구","선거공보","available_in_original_pack","5"
"구·시·군의회의원선거","청주시바선거구","선거공보","available_in_original_pack","5"
"구·시·군의회의원선거","청주시사선거구","선거공보","available_in_original_pack","5"
"구·시·군의회의원선거","충주시다선거구","선거공보","available_in_original_pack","5"
"구·시·군의회의원선거","태안군가선거구","선거공보","available_in_original_pack","5"
"구·시·군의회의원선거","파주시나선거구","선거공보","current_unavailable_official_source","5"
"구·시·군의회의원선거","파주시다선거구","선거공보","current_unavailable_official_source","5"
"구·시·군의회의원선거","파주시마선거구","선거공보","current_unavailable_official_source","5"
"구·시·군의회의원선거","평택시바선거구","선거공보","current_unavailable_official_source","5"
"구·시·군의회의원선거","평택시사선거구","선거공보","current_unavailable_official_source","5"
"구·시·군의회의원선거","포항시차선거구","선거공보","available_in_original_pack","5"
"구·시·군의회의원선거","포항시카선거구","선거공보","available_in_original_pack","5"
"구·시·군의회의원선거","포항시타선거구","선거공보","available_in_original_pack","5"
"구·시·군의회의원선거","하남시다선거구","선거공보","available_in_original_pack","5"
"구·시·군의회의원선거","하동군다선거구","선거공보","available_in_original_pack","5"
"구·시·군의회의원선거","함양군가선거구","선거공보","available_in_original_pack","5"
"구·시·군의회의원선거","함양군다선거구","선거공보","available_in_original_pack","5"
"구·시·군의회의원선거","함평군가선거구","선거공보","available_in_original_pack","5"
"구·시·군의회의원선거","해남군라선거구","선거공보","available_in_original_pack","5"
"구·시·군의회의원선거","해운대구나선거구","선거공보","available_in_original_pack","5"
"구·시·군의회의원선거","홍성군나선거구","선거공보","available_in_original_pack","5"
"구·시·군의회의원선거","화성시가선거구","선거공보","available_in_original_pack","5"
"구·시·군의회의원선거","화성시마선거구","선거공보","available_in_original_pack","5"
"구·시·군의회의원선거","화순군나선거구","선거공보","available_in_original_pack","5"
"구·시·군의회의원선거","횡성군가선거구","선거공보","available_in_original_pack","5"
"국회의원선거","공주시부여군청양군","선거공보","available_in_original_pack","5"
"국회의원선거","평택시을","선거공보","available_in_original_pack","5"
"기초의원비례대표선거","수원시","비례대표 정당 제출자료","current_unavailable_official_source","5"
"기초의원비례대표선거","전주시","비례대표 정당 제출자료","current_unavailable_official_source","5"
"시·도의회의원선거","광산구제3선거구","선거공보","available_in_original_pack","5"
"시·도의회의원선거","남구제3선거구","선거공보","available_in_original_pack","5"
"시·도의회의원선거","남구제4선거구","선거공보","available_in_original_pack","5"
"시·도의회의원선거","서구제4선거구","선거공보","available_in_original_pack","5"
"시·도지사선거","경기도","5대공약","available_in_original_pack","5"
"시·도지사선거","경기도","선거공보","available_in_original_pack","5"
"시·도지사선거","전남광주통합특별시","5대공약","available_in_original_pack","5"
"시·도지사선거","전남광주통합특별시","선거공보","available_in_original_pack","5"
"시·도지사선거","전남광주통합특별시","선거공약서","current_unavailable_official_source","5"
"시·도지사선거","전북특별자치도","5대공약","available_in_original_pack","5"
"시·도지사선거","전북특별자치도","선거공보","available_in_original_pack","5"
"시·도지사선거","전북특별자치도","선거공약서","current_unavailable_official_source","5"
"교육감선거","강원특별자치도","5대공약","available_in_original_pack","4"
"교육감선거","강원특별자치도","선거공보","available_in_original_pack","4"
"교육감선거","경상남도","5대공약","available_in_original_pack","4"
"교육감선거","경상남도","선거공보","available_in_original_pack","4"
"교육감선거","세종특별자치시","5대공약","available_in_original_pack","4"
"교육감선거","세종특별자치시","선거공보","available_in_original_pack","4"
"교육감선거","세종특별자치시","선거공약서","current_unavailable_official_source","4"
"교육감선거","전남광주통합특별시","5대공약","available_in_original_pack","4"
"교육감선거","전남광주통합특별시","선거공보","available_in_original_pack","4"
"교육감선거","충청남도","5대공약","available_in_original_pack","4"
"교육감선거","충청남도","선거공보","available_in_original_pack","4"
"교육감선거","충청남도","선거공약서","current_unavailable_official_source","4"
"구·시·군의 장선거","강북구","5대공약","available_in_original_pack","4"
"구·시·군의 장선거","강북구","선거공보","available_in_original_pack","4"
"구·시·군의 장선거","강북구","선거공약서","current_unavailable_official_source","4"
"구·시·군의 장선거","거창군","5대공약","available_in_original_pack","4"
"구·시·군의 장선거","거창군","선거공보","available_in_original_pack","4"
"구·시·군의 장선거","거창군","선거공약서","current_unavailable_official_source","4"
"구·시·군의 장선거","고양시","5대공약","available_in_original_pack","4"
"구·시·군의 장선거","고양시","선거공보","available_in_original_pack","4"
"구·시·군의 장선거","고양시","선거공약서","current_unavailable_official_source","4"
"구·시·군의 장선거","고창군","선거공보","available_in_original_pack","4"
"구·시·군의 장선거","구미시","5대공약","available_in_original_pack","4"
"구·시·군의 장선거","구미시","선거공보","available_in_original_pack","4"
"구·시·군의 장선거","구미시","선거공약서","current_unavailable_official_source","4"
"구·시·군의 장선거","금정구","5대공약","available_in_original_pack","4"
"구·시·군의 장선거","금정구","선거공보","available_in_original_pack","4"
"구·시·군의 장선거","기장군","5대공약","available_in_original_pack","4"
"구·시·군의 장선거","기장군","선거공보","available_in_original_pack","4"
"구·시·군의 장선거","기장군","선거공약서","current_unavailable_official_source","4"
"구·시·군의 장선거","목포시","5대공약","available_in_original_pack","4"
"구·시·군의 장선거","목포시","선거공보","available_in_original_pack","4"
"구·시·군의 장선거","목포시","선거공약서","current_unavailable_official_source","4"
"구·시·군의 장선거","부안군","5대공약","available_in_original_pack","4"
"구·시·군의 장선거","부안군","선거공보","available_in_original_pack","4"
"구·시·군의 장선거","부안군","선거공약서","current_unavailable_official_source","4"
"구·시·군의 장선거","상주시","5대공약","available_in_original_pack","4"
"구·시·군의 장선거","상주시","선거공보","available_in_original_pack","4"
"구·시·군의 장선거","여수시","5대공약","available_in_original_pack","4"
"구·시·군의 장선거","여수시","선거공보","available_in_original_pack","4"
"구·시·군의 장선거","여수시","선거공약서","current_unavailable_official_source","4"
"구·시·군의 장선거","영광군","5대공약","available_in_original_pack","4"
"구·시·군의 장선거","영광군","선거공보","available_in_original_pack","4"
"구·시·군의 장선거","영광군","선거공약서","current_unavailable_official_source","4"
"구·시·군의 장선거","영덕군","5대공약","available_in_original_pack","4"
"구·시·군의 장선거","영덕군","선거공보","available_in_original_pack","4"
"구·시·군의 장선거","영덕군","선거공약서","current_unavailable_official_source","4"
"구·시·군의 장선거","영월군","5대공약","available_in_original_pack","4"
"구·시·군의 장선거","영월군","선거공보","available_in_original_pack","4"
"구·시·군의 장선거","영월군","선거공약서","current_unavailable_official_source","4"
"구·시·군의 장선거","울릉군","5대공약","available_in_original_pack","4"
"구·시·군의 장선거","울릉군","선거공보","available_in_original_pack","4"
"구·시·군의 장선거","울릉군","선거공약서","current_unavailable_official_source","4"
"구·시·군의 장선거","익산시","5대공약","available_in_original_pack","4"
"구·시·군의 장선거","익산시","선거공보","available_in_original_pack","4"
"구·시·군의 장선거","익산시","선거공약서","current_unavailable_official_source","4"
"구·시·군의 장선거","창원시","5대공약","available_in_original_pack","4"
"구·시·군의 장선거","창원시","선거공보","available_in_original_pack","4"
"구·시·군의 장선거","함양군","5대공약","available_in_original_pack","4"
"구·시·군의 장선거","함양군","선거공보","available_in_original_pack","4"
"구·시·군의 장선거","함양군","선거공약서","current_unavailable_official_source","4"
"구·시·군의회의원선거","강남구라선거구","선거공보","available_in_original_pack","4"
"구·시·군의회의원선거","강남구마선거구","선거공보","available_in_original_pack","4"
"구·시·군의회의원선거","강동구가선거구","선거공보","available_in_original_pack","4"
"구·시·군의회의원선거","강동구나선거구","선거공보","available_in_original_pack","4"
"구·시·군의회의원선거","강동구라선거구","선거공보","available_in_original_pack","4"
"구·시·군의회의원선거","강릉시나선거구","선거공보","available_in_original_pack","4"
"구·시·군의회의원선거","강릉시라선거구","선거공보","available_in_original_pack","4"
"구·시·군의회의원선거","강릉시바선거구","선거공보","available_in_original_pack","4"
"구·시·군의회의원선거","강릉시사선거구","선거공보","available_in_original_pack","4"
"구·시·군의회의원선거","강북구나선거구","선거공보","available_in_original_pack","4"
"구·시·군의회의원선거","강서구라선거구","선거공보","available_in_original_pack","4"
"구·시·군의회의원선거","강화군가선거구","선거공보","available_in_original_pack","4"
"구·시·군의회의원선거","거창군다선거구","선거공보","available_in_original_pack","4"
"구·시·군의회의원선거","검단구가선거구","선거공보","available_in_original_pack","4"
"구·시·군의회의원선거","경산시가선거구","선거공보","available_in_original_pack","4"
"구·시·군의회의원선거","경산시나선거구","선거공보","available_in_original_pack","4"
"구·시·군의회의원선거","경산시라선거구","선거공보","available_in_original_pack","4"
"구·시·군의회의원선거","경주시라선거구","선거공보","available_in_original_pack","4"
"구·시·군의회의원선거","계양구라선거구","선거공보","available_in_original_pack","4"
"구·시·군의회의원선거","고성군다선거구","선거공보","available_in_original_pack","4"
"구·시·군의회의원선거","고양시라선거구","선거공보","available_in_original_pack","4"
"구·시·군의회의원선거","고양시바선거구","선거공보","available_in_original_pack","4"
"구·시·군의회의원선거","고양시차선거구","선거공보","available_in_original_pack","4"
"구·시·군의회의원선거","고흥군다선거구","선거공보","available_in_original_pack","4"
"구·시·군의회의원선거","공주시다선거구","선거공보","available_in_original_pack","4"
"구·시·군의회의원선거","공주시라선거구","선거공보","available_in_original_pack","4"
"구·시·군의회의원선거","과천시가선거구","선거공보","available_in_original_pack","4"
"구·시·군의회의원선거","과천시나선거구","선거공보","available_in_original_pack","4"
"구·시·군의회의원선거","관악구가선거구","선거공보","available_in_original_pack","4"
"구·시·군의회의원선거","관악구마선거구","선거공보","available_in_original_pack","4"
"구·시·군의회의원선거","광명시가선거구","선거공보","available_in_original_pack","4"
"구·시·군의회의원선거","광명시나선거구","선거공보","available_in_original_pack","4"
"구·시·군의회의원선거","광양시가선거구","선거공보","available_in_original_pack","4"
"구·시·군의회의원선거","광양시다선거구","선거공보","available_in_original_pack","4"
"구·시·군의회의원선거","광양시라선거구","선거공보","available_in_original_pack","4"
"구·시·군의회의원선거","광주시가선거구","선거공보","available_in_original_pack","4"
"구·시·군의회의원선거","구례군나선거구","선거공보","available_in_original_pack","4"
"구·시·군의회의원선거","구로구바선거구","선거공보","available_in_original_pack","4"
"구·시·군의회의원선거","구리시나선거구","선거공보","available_in_original_pack","4"
"구·시·군의회의원선거","구미시가선거구","선거공보","available_in_original_pack","4"
"구·시·군의회의원선거","구미시사선거구","선거공보","available_in_original_pack","4"
"구·시·군의회의원선거","구미시아선거구","선거공보","available_in_original_pack","4"
"구·시·군의회의원선거","군산시가선거구","선거공보","available_in_original_pack","4"
"구·시·군의회의원선거","군산시나선거구","선거공보","available_in_original_pack","4"
"구·시·군의회의원선거","군산시바선거구","선거공보","available_in_original_pack","4"
"구·시·군의회의원선거","군산시사선거구","선거공보","available_in_original_pack","4"
"구·시·군의회의원선거","금정구라선거구","선거공보","available_in_original_pack","4"
"구·시·군의회의원선거","기장군나선거구","선거공보","available_in_original_pack","4"
"구·시·군의회의원선거","김제시가선거구","선거공보","current_unavailable_official_source","4"
"구·시·군의회의원선거","김제시라선거구","선거공보","current_unavailable_official_source","4"
"구·시·군의회의원선거","김천시바선거구","선거공보","available_in_original_pack","4"
"구·시·군의회의원선거","김포시가선거구","선거공보","available_in_original_pack","4"
"구·시·군의회의원선거","김포시나선거구","선거공보","available_in_original_pack","4"
"구·시·군의회의원선거","김포시라선거구","선거공보","available_in_original_pack","4"
"구·시·군의회의원선거","김해시가선거구","선거공보","available_in_original_pack","4"
"구·시·군의회의원선거","김해시다선거구","선거공보","available_in_original_pack","4"
"구·시·군의회의원선거","김해시아선거구","선거공보","available_in_original_pack","4"
"구·시·군의회의원선거","나주시라선거구","선거공보","current_unavailable_official_source","4"
"구·시·군의회의원선거","남구바선거구","선거공보","available_in_original_pack","4"
"구·시·군의회의원선거","남양주시다선거구","선거공보","available_in_original_pack","4"
"구·시·군의회의원선거","남양주시마선거구","선거공보","available_in_original_pack","4"
"구·시·군의회의원선거","남양주시바선거구","선거공보","available_in_original_pack","4"
"구·시·군의회의원선거","남원시나선거구","선거공보","available_in_original_pack","4"
"구·시·군의회의원선거","노원구가선거구","선거공보","available_in_original_pack","4"
"구·시·군의회의원선거","노원구마선거구","선거공보","available_in_original_pack","4"
"구·시·군의회의원선거","달서구다선거구","선거공보","available_in_original_pack","4"
"구·시·군의회의원선거","달서구바선거구","선거공보","available_in_original_pack","4"
"구·시·군의회의원선거","달서구사선거구","선거공보","available_in_original_pack","4"
"구·시·군의회의원선거","달서구아선거구","선거공보","available_in_original_pack","4"
"구·시·군의회의원선거","달서구자선거구","선거공보","available_in_original_pack","4"
"구·시·군의회의원선거","달성군가선거구","선거공보","available_in_original_pack","4"
"구·시·군의회의원선거","달성군나선거구","선거공보","available_in_original_pack","4"
"구·시·군의회의원선거","달성군다선거구","선거공보","available_in_original_pack","4"
"구·시·군의회의원선거","담양군가선거구","선거공보","available_in_original_pack","4"
"구·시·군의회의원선거","담양군라선거구","선거공보","available_in_original_pack","4"
"구·시·군의회의원선거","도봉구가선거구","선거공보","available_in_original_pack","4"
"구·시·군의회의원선거","동대문구라선거구","선거공보","available_in_original_pack","4"
"구·시·군의회의원선거","동두천시나선거구","선거공보","available_in_original_pack","4"
"구·시·군의회의원선거","동작구가선거구","선거공보","available_in_original_pack","4"
"구·시·군의회의원선거","목포시바선거구","선거공보","current_unavailable_official_source","4"
"구·시·군의회의원선거","목포시사선거구","선거공보","current_unavailable_official_source","4"
"구·시·군의회의원선거","미추홀구나선거구","선거공보","available_in_original_pack","4"
"구·시·군의회의원선거","미추홀구다선거구","선거공보","available_in_original_pack","4"
"구·시·군의회의원선거","밀양시가선거구","선거공보","available_in_original_pack","4"
"구·시·군의회의원선거","밀양시다선거구","선거공보","available_in_original_pack","4"
"구·시·군의회의원선거","보령시라선거구","선거공보","available_in_original_pack","4"
"구·시·군의회의원선거","보은군가선거구","선거공보","available_in_original_pack","4"
"구·시·군의회의원선거","보은군다선거구","선거공보","available_in_original_pack","4"
"구·시·군의회의원선거","부산진구마선거구","선거공보","available_in_original_pack","4"
"구·시·군의회의원선거","부천시가선거구","선거공보","available_in_original_pack","4"
"구·시·군의회의원선거","부천시나선거구","선거공보","available_in_original_pack","4"
"구·시·군의회의원선거","부평구라선거구","선거공보","available_in_original_pack","4"
"구·시·군의회의원선거","북구사선거구","선거공보","available_in_original_pack","4"
"구·시·군의회의원선거","사하구라선거구","선거공보","available_in_original_pack","4"
"구·시·군의회의원선거","상주시바선거구","선거공보","available_in_original_pack","4"
"구·시·군의회의원선거","서구다선거구","선거공보","current_unavailable_official_source","4"
"구·시·군의회의원선거","서산시나선거구","선거공보","available_in_original_pack","4"
"구·시·군의회의원선거","서산시라선거구","선거공보","available_in_original_pack","4"
"구·시·군의회의원선거","서천군가선거구","선거공보","available_in_original_pack","4"
"구·시·군의회의원선거","서초구나선거구","선거공보","available_in_original_pack","4"
"구·시·군의회의원선거","성남시가선거구","선거공보","available_in_original_pack","4"
"구·시·군의회의원선거","성남시바선거구","선거공보","available_in_original_pack","4"
"구·시·군의회의원선거","성동구라선거구","선거공보","current_unavailable_official_source","4"
"구·시·군의회의원선거","성북구나선거구","선거공보","available_in_original_pack","4"
"구·시·군의회의원선거","성주군가선거구","선거공보","available_in_original_pack","4"
"구·시·군의회의원선거","성주군나선거구","선거공보","available_in_original_pack","4"
"구·시·군의회의원선거","성주군다선거구","선거공보","available_in_original_pack","4"
"구·시·군의회의원선거","속초시가선거구","선거공보","available_in_original_pack","4"
"구·시·군의회의원선거","송파구라선거구","선거공보","available_in_original_pack","4"
"구·시·군의회의원선거","송파구마선거구","선거공보","available_in_original_pack","4"
"구·시·군의회의원선거","송파구사선거구","선거공보","available_in_original_pack","4"
"구·시·군의회의원선거","수성구나선거구","선거공보","available_in_original_pack","4"
"구·시·군의회의원선거","수원시사선거구","선거공보","available_in_original_pack","4"
"구·시·군의회의원선거","수원시아선거구","선거공보","available_in_original_pack","4"
"구·시·군의회의원선거","순천시라선거구","선거공보","available_in_original_pack","4"
"구·시·군의회의원선거","순천시자선거구","선거공보","available_in_original_pack","4"
"구·시·군의회의원선거","시흥시마선거구","선거공보","available_in_original_pack","4"
"구·시·군의회의원선거","신안군가선거구","선거공보","available_in_original_pack","4"
"구·시·군의회의원선거","신안군다선거구","선거공보","available_in_original_pack","4"
"구·시·군의회의원선거","아산시나선거구","선거공보","available_in_original_pack","4"
"구·시·군의회의원선거","아산시마선거구","선거공보","available_in_original_pack","4"
"구·시·군의회의원선거","안동시사선거구","선거공보","available_in_original_pack","4"
"구·시·군의회의원선거","안산시다선거구","선거공보","available_in_original_pack","4"
"구·시·군의회의원선거","안산시마선거구","선거공보","available_in_original_pack","4"
"구·시·군의회의원선거","안산시사선거구","선거공보","available_in_original_pack","4"
"구·시·군의회의원선거","안성시나선거구","선거공보","available_in_original_pack","4"
"구·시·군의회의원선거","안양시다선거구","선거공보","pack_stale_currently_available","4"
"구·시·군의회의원선거","안양시마선거구","선거공보","available_in_original_pack","4"
"구·시·군의회의원선거","안양시사선거구","선거공보","available_in_original_pack","4"
"구·시·군의회의원선거","안양시아선거구","선거공보","available_in_original_pack","4"
"구·시·군의회의원선거","양산시나선거구","선거공보","available_in_original_pack","4"
"구·시·군의회의원선거","양산시바선거구","선거공보","available_in_original_pack","4"
"구·시·군의회의원선거","양양군가선거구","선거공보","pack_stale_currently_available","4"
"구·시·군의회의원선거","양천구가선거구","선거공보","available_in_original_pack","4"
"구·시·군의회의원선거","여수시나선거구","선거공보","available_in_original_pack","4"
"구·시·군의회의원선거","여수시다선거구","선거공보","available_in_original_pack","4"
"구·시·군의회의원선거","여수시라선거구","선거공보","available_in_original_pack","4"
"구·시·군의회의원선거","여수시바선거구","선거공보","available_in_original_pack","4"
"구·시·군의회의원선거","여수시아선거구","선거공보","available_in_original_pack","4"
"구·시·군의회의원선거","여주시가선거구","선거공보","available_in_original_pack","4"
"구·시·군의회의원선거","연수구가선거구","선거공보","available_in_original_pack","4"
"구·시·군의회의원선거","연수구나선거구","선거공보","available_in_original_pack","4"
"구·시·군의회의원선거","연수구다선거구","선거공보","available_in_original_pack","4"
"구·시·군의회의원선거","연제구라선거구","선거공보","available_in_original_pack","4"
"구·시·군의회의원선거","연천군가선거구","선거공보","available_in_original_pack","4"
"구·시·군의회의원선거","연천군나선거구","선거공보","available_in_original_pack","4"
"구·시·군의회의원선거","영덕군가선거구","선거공보","available_in_original_pack","4"
"구·시·군의회의원선거","영도구가선거구","선거공보","available_in_original_pack","4"
"구·시·군의회의원선거","영암군나선거구","선거공보","available_in_original_pack","4"
"구·시·군의회의원선거","예천군가선거구","선거공보","available_in_original_pack","4"
"구·시·군의회의원선거","오산시나선거구","선거공보","current_unavailable_official_source","4"
"구·시·군의회의원선거","옹진군가선거구","선거공보","available_in_original_pack","4"
"구·시·군의회의원선거","옹진군다선거구","선거공보","available_in_original_pack","4"
"구·시·군의회의원선거","완도군가선거구","선거공보","available_in_original_pack","4"
"구·시·군의회의원선거","완도군가선거구","선거공보","current_unavailable_official_source","4"
"구·시·군의회의원선거","용산구마선거구","선거공보","available_in_original_pack","4"
"구·시·군의회의원선거","용인시다선거구","선거공보","available_in_original_pack","4"
"구·시·군의회의원선거","용인시사선거구","선거공보","available_in_original_pack","4"
"구·시·군의회의원선거","울릉군나선거구","선거공보","available_in_original_pack","4"
"구·시·군의회의원선거","울진군나선거구","선거공보","available_in_original_pack","4"
"구·시·군의회의원선거","원주시가선거구","선거공보","available_in_original_pack","4"
"구·시·군의회의원선거","원주시바선거구","선거공보","available_in_original_pack","4"
"구·시·군의회의원선거","의령군라선거구","선거공보","available_in_original_pack","4"
"구·시·군의회의원선거","의성군가선거구","선거공보","available_in_original_pack","4"
"구·시·군의회의원선거","의성군나선거구","선거공보","available_in_original_pack","4"
"구·시·군의회의원선거","의성군라선거구","선거공보","available_in_original_pack","4"
"구·시·군의회의원선거","이천시나선거구","선거공보","available_in_original_pack","4"
"구·시·군의회의원선거","익산시바선거구","선거공보","available_in_original_pack","4"
"구·시·군의회의원선거","익산시사선거구","선거공보","available_in_original_pack","4"
"구·시·군의회의원선거","익산시아선거구","선거공보","available_in_original_pack","4"
"구·시·군의회의원선거","임실군가선거구","선거공보","available_in_original_pack","4"
"구·시·군의회의원선거","장수군가선거구","선거공보","current_unavailable_official_source","4"
"구·시·군의회의원선거","장흥군나선거구","선거공보","available_in_original_pack","4"
"구·시·군의회의원선거","전주시가선거구","선거공보","pack_stale_currently_available","4"
"구·시·군의회의원선거","전주시자선거구","선거공보","available_in_original_pack","4"
"구·시·군의회의원선거","정읍시가선거구","선거공보","current_unavailable_official_source","4"
"구·시·군의회의원선거","정읍시나선거구","선거공보","current_unavailable_official_source","4"
"구·시·군의회의원선거","정읍시라선거구","선거공보","current_unavailable_official_source","4"
"구·시·군의회의원선거","정읍시사선거구","선거공보","current_unavailable_official_source","4"
"구·시·군의회의원선거","제물포구다선거구","선거공보","available_in_original_pack","4"
"구·시·군의회의원선거","제천시나선거구","선거공보","available_in_original_pack","4"
"구·시·군의회의원선거","종로구다선거구","선거공보","available_in_original_pack","4"
"구·시·군의회의원선거","중랑구바선거구","선거공보","available_in_original_pack","4"
"구·시·군의회의원선거","진안군나선거구","선거공보","available_in_original_pack","4"
"구·시·군의회의원선거","진주시나선거구","선거공보","available_in_original_pack","4"
"구·시·군의회의원선거","진주시마선거구","선거공보","available_in_original_pack","4"
"구·시·군의회의원선거","진주시아선거구","선거공보","available_in_original_pack","4"
"구·시·군의회의원선거","진천군가선거구","선거공보","available_in_original_pack","4"
"구·시·군의회의원선거","창원시나선거구","선거공보","available_in_original_pack","4"
"구·시·군의회의원선거","창원시너선거구","선거공보","available_in_original_pack","4"
"구·시·군의회의원선거","창원시다선거구","선거공보","available_in_original_pack","4"
"구·시·군의회의원선거","창원시하선거구","선거공보","available_in_original_pack","4"
"구·시·군의회의원선거","청도군가선거구","선거공보","available_in_original_pack","4"
"구·시·군의회의원선거","청송군가선거구","선거공보","available_in_original_pack","4"
"구·시·군의회의원선거","청양군나선거구","선거공보","available_in_original_pack","4"
"구·시·군의회의원선거","청주시나선거구","선거공보","available_in_original_pack","4"
"구·시·군의회의원선거","청주시다선거구","선거공보","available_in_original_pack","4"
"구·시·군의회의원선거","청주시아선거구","선거공보","available_in_original_pack","4"
"구·시·군의회의원선거","청주시자선거구","선거공보","available_in_original_pack","4"
"구·시·군의회의원선거","청주시하선거구","선거공보","available_in_original_pack","4"
"구·시·군의회의원선거","춘천시나선거구","선거공보","available_in_original_pack","4"
"구·시·군의회의원선거","춘천시다선거구","선거공보","available_in_original_pack","4"
"구·시·군의회의원선거","춘천시라선거구","선거공보","available_in_original_pack","4"
"구·시·군의회의원선거","충주시가선거구","선거공보","available_in_original_pack","4"
"구·시·군의회의원선거","충주시사선거구","선거공보","available_in_original_pack","4"
"구·시·군의회의원선거","칠곡군가선거구","선거공보","available_in_original_pack","4"
"구·시·군의회의원선거","칠곡군다선거구","선거공보","available_in_original_pack","4"
"구·시·군의회의원선거","칠곡군라선거구","선거공보","available_in_original_pack","4"
"구·시·군의회의원선거","통영시나선거구","선거공보","available_in_original_pack","4"
"구·시·군의회의원선거","통영시라선거구","선거공보","available_in_original_pack","4"
"구·시·군의회의원선거","파주시가선거구","선거공보","current_unavailable_official_source","4"
"구·시·군의회의원선거","파주시라선거구","선거공보","current_unavailable_official_source","4"
"구·시·군의회의원선거","평창군가선거구","선거공보","available_in_original_pack","4"
"구·시·군의회의원선거","평택시마선거구","선거공보","current_unavailable_official_source","4"
"구·시·군의회의원선거","포천시나선거구","선거공보","available_in_original_pack","4"
"구·시·군의회의원선거","포항시가선거구","선거공보","available_in_original_pack","4"
"구·시·군의회의원선거","포항시다선거구","선거공보","available_in_original_pack","4"
"구·시·군의회의원선거","포항시바선거구","선거공보","available_in_original_pack","4"
"구·시·군의회의원선거","포항시사선거구","선거공보","available_in_original_pack","4"
"구·시·군의회의원선거","포항시아선거구","선거공보","available_in_original_pack","4"
"구·시·군의회의원선거","포항시자선거구","선거공보","available_in_original_pack","4"
"구·시·군의회의원선거","하남시나선거구","선거공보","available_in_original_pack","4"
"구·시·군의회의원선거","하동군가선거구","선거공보","available_in_original_pack","4"
"구·시·군의회의원선거","하동군라선거구","선거공보","available_in_original_pack","4"
"구·시·군의회의원선거","함안군나선거구","선거공보","available_in_original_pack","4"
"구·시·군의회의원선거","함평군나선거구","선거공보","available_in_original_pack","4"
"구·시·군의회의원선거","해남군가선거구","선거공보","available_in_original_pack","4"
"구·시·군의회의원선거","해남군나선거구","선거공보","available_in_original_pack","4"
"구·시·군의회의원선거","해운대구사선거구","선거공보","available_in_original_pack","4"
"구·시·군의회의원선거","해운대구아선거구","선거공보","available_in_original_pack","4"
"구·시·군의회의원선거","홍천군가선거구","선거공보","pack_stale_currently_available","4"
"구·시·군의회의원선거","화성시다선거구","선거공보","available_in_original_pack","4"
"구·시·군의회의원선거","화성시자선거구","선거공보","available_in_original_pack","4"
"구·시·군의회의원선거","화순군다선거구","선거공보","available_in_original_pack","4"
"국회의원선거","남구갑","선거공보","available_in_original_pack","4"
"국회의원선거","북구갑","선거공보","available_in_original_pack","4"
"기초의원비례대표선거","고양시","비례대표 정당 제출자료","current_unavailable_official_source","4"
"기초의원비례대표선거","김해시","비례대표 정당 제출자료","current_unavailable_official_source","4"
"기초의원비례대표선거","남구","비례대표 정당 제출자료","current_unavailable_official_source","4"
"기초의원비례대표선거","목포시","비례대표 정당 제출자료","current_unavailable_official_source","4"
"기초의원비례대표선거","북구","비례대표 정당 제출자료","current_unavailable_official_source","4"
"기초의원비례대표선거","서구","비례대표 정당 제출자료","current_unavailable_official_source","4"
"기초의원비례대표선거","성남시","비례대표 정당 제출자료","current_unavailable_official_source","4"
"기초의원비례대표선거","청주시","비례대표 정당 제출자료","current_unavailable_official_source","4"
"기초의원비례대표선거","포항시","비례대표 정당 제출자료","current_unavailable_official_source","4"
"시·도의회의원선거","강남구제4선거구","선거공보","available_in_original_pack","4"
"시·도의회의원선거","강북구제4선거구","선거공보","available_in_original_pack","4"
"시·도의회의원선거","강서구제1선거구","선거공보","available_in_original_pack","4"
"시·도의회의원선거","남구제6선거구","선거공보","available_in_original_pack","4"
"시·도의회의원선거","달서구제5선거구","선거공보","available_in_original_pack","4"
"시·도의회의원선거","서구제3선거구","선거공보","available_in_original_pack","4"
"시·도의회의원선거","서대문구제1선거구","선거공보","available_in_original_pack","4"
"시·도의회의원선거","성북구제1선거구","선거공보","available_in_original_pack","4"
"시·도의회의원선거","수성구제3선거구","선거공보","available_in_original_pack","4"
"시·도의회의원선거","영등포구제3선거구","선거공보","available_in_original_pack","4"
"시·도의회의원선거","종로구제2선거구","선거공보","available_in_original_pack","4"
"시·도의회의원선거","중구제3선거구","선거공보","available_in_original_pack","4"
"시·도의회의원선거","중랑구제4선거구","선거공보","available_in_original_pack","4"
"시·도지사선거","경기도","선거공약서","current_unavailable_official_source","4"
"시·도지사선거","울산광역시","5대공약","available_in_original_pack","4"
"시·도지사선거","울산광역시","선거공보","available_in_original_pack","4"
"시·도지사선거","울산광역시","선거공약서","current_unavailable_official_source","4"
"교육감선거","경상남도","선거공약서","current_unavailable_official_source","3"
"교육감선거","경상북도","5대공약","available_in_original_pack","3"
"교육감선거","경상북도","선거공보","available_in_original_pack","3"
"교육감선거","경상북도","선거공약서","available_in_original_pack","3"
"교육감선거","대구광역시","5대공약","available_in_original_pack","3"
"교육감선거","대구광역시","선거공보","available_in_original_pack","3"
"교육감선거","대구광역시","선거공약서","current_unavailable_official_source","3"
"교육감선거","대전광역시","선거공약서","current_unavailable_official_source","3"
"교육감선거","부산광역시","5대공약","available_in_original_pack","3"
"교육감선거","부산광역시","선거공보","available_in_original_pack","3"
"교육감선거","부산광역시","선거공약서","current_unavailable_official_source","3"
"교육감선거","울산광역시","5대공약","available_in_original_pack","3"
"교육감선거","울산광역시","선거공보","available_in_original_pack","3"
"교육감선거","인천광역시","5대공약","available_in_original_pack","3"
"교육감선거","인천광역시","선거공보","available_in_original_pack","3"
"교육감선거","인천광역시","선거공약서","current_unavailable_official_source","3"
"교육감선거","전남광주통합특별시","선거공약서","current_unavailable_official_source","3"
"교육감선거","제주특별자치도","5대공약","available_in_original_pack","3"
"교육감선거","제주특별자치도","선거공보","available_in_original_pack","3"
"교육감선거","제주특별자치도","선거공약서","current_unavailable_official_source","3"
"교육감선거","충청북도","5대공약","available_in_original_pack","3"
"교육감선거","충청북도","선거공보","available_in_original_pack","3"
"교육감선거","충청북도","선거공약서","current_unavailable_official_source","3"
"구·시·군의 장선거","강동구","5대공약","available_in_original_pack","3"
"구·시·군의 장선거","강동구","선거공보","available_in_original_pack","3"
"구·시·군의 장선거","강동구","선거공약서","current_unavailable_official_source","3"
"구·시·군의 장선거","강릉시","5대공약","available_in_original_pack","3"
"구·시·군의 장선거","강릉시","선거공보","available_in_original_pack","3"
"구·시·군의 장선거","강릉시","선거공약서","current_unavailable_official_source","3"
"구·시·군의 장선거","강화군","5대공약","available_in_original_pack","3"
"구·시·군의 장선거","강화군","선거공보","available_in_original_pack","3"
"구·시·군의 장선거","거제시","5대공약","available_in_original_pack","3"
"구·시·군의 장선거","거제시","선거공보","available_in_original_pack","3"
"구·시·군의 장선거","경산시","5대공약","available_in_original_pack","3"
"구·시·군의 장선거","경산시","선거공보","available_in_original_pack","3"
"구·시·군의 장선거","경산시","선거공약서","current_unavailable_official_source","3"
"구·시·군의 장선거","고령군","5대공약","available_in_original_pack","3"
"구·시·군의 장선거","고령군","선거공보","available_in_original_pack","3"
"구·시·군의 장선거","고령군","선거공약서","current_unavailable_official_source","3"
"구·시·군의 장선거","고흥군","5대공약","available_in_original_pack","3"
"구·시·군의 장선거","고흥군","선거공보","available_in_original_pack","3"
"구·시·군의 장선거","고흥군","선거공약서","current_unavailable_official_source","3"
"구·시·군의 장선거","과천시","5대공약","available_in_original_pack","3"
"구·시·군의 장선거","과천시","선거공보","available_in_original_pack","3"
"구·시·군의 장선거","과천시","선거공약서","current_unavailable_official_source","3"
"구·시·군의 장선거","관악구","5대공약","available_in_original_pack","3"
"구·시·군의 장선거","관악구","선거공보","available_in_original_pack","3"
"구·시·군의 장선거","광양시","5대공약","available_in_original_pack","3"
"구·시·군의 장선거","광양시","선거공보","available_in_original_pack","3"
"구·시·군의 장선거","광양시","선거공약서","current_unavailable_official_source","3"
"구·시·군의 장선거","군산시","5대공약","available_in_original_pack","3"
"구·시·군의 장선거","군산시","선거공보","available_in_original_pack","3"
"구·시·군의 장선거","군산시","선거공약서","current_unavailable_official_source","3"
"구·시·군의 장선거","금산군","5대공약","available_in_original_pack","3"
"구·시·군의 장선거","금산군","선거공보","available_in_original_pack","3"
"구·시·군의 장선거","금산군","선거공약서","current_unavailable_official_source","3"
"구·시·군의 장선거","금정구","선거공약서","current_unavailable_official_source","3"
"구·시·군의 장선거","김천시","5대공약","available_in_original_pack","3"
"구·시·군의 장선거","김천시","선거공보","available_in_original_pack","3"
"구·시·군의 장선거","김해시","5대공약","available_in_original_pack","3"
"구·시·군의 장선거","김해시","선거공보","available_in_original_pack","3"
"구·시·군의 장선거","김해시","선거공약서","current_unavailable_official_source","3"
"구·시·군의 장선거","남원시","5대공약","available_in_original_pack","3"
"구·시·군의 장선거","남원시","선거공보","available_in_original_pack","3"
"구·시·군의 장선거","남원시","선거공약서","current_unavailable_official_source","3"
"구·시·군의 장선거","논산시","5대공약","available_in_original_pack","3"
"구·시·군의 장선거","논산시","선거공보","available_in_original_pack","3"
"구·시·군의 장선거","논산시","선거공약서","current_unavailable_official_source","3"
"구·시·군의 장선거","달서구","5대공약","available_in_original_pack","3"
"구·시·군의 장선거","달서구","선거공보","available_in_original_pack","3"
"구·시·군의 장선거","달서구","선거공약서","current_unavailable_official_source","3"
"구·시·군의 장선거","담양군","5대공약","available_in_original_pack","3"
"구·시·군의 장선거","담양군","선거공보","available_in_original_pack","3"
"구·시·군의 장선거","담양군","선거공약서","current_unavailable_official_source","3"
"구·시·군의 장선거","동작구","5대공약","available_in_original_pack","3"
"구·시·군의 장선거","동작구","선거공약서","current_unavailable_official_source","3"
"구·시·군의 장선거","동해시","5대공약","available_in_original_pack","3"
"구·시·군의 장선거","동해시","선거공보","available_in_original_pack","3"
"구·시·군의 장선거","동해시","선거공약서","current_unavailable_official_source","3"
"구·시·군의 장선거","문경시","5대공약","available_in_original_pack","3"
"구·시·군의 장선거","문경시","선거공보","available_in_original_pack","3"
"구·시·군의 장선거","보령시","5대공약","available_in_original_pack","3"
"구·시·군의 장선거","보령시","선거공보","available_in_original_pack","3"
"구·시·군의 장선거","보령시","선거공약서","current_unavailable_official_source","3"
"구·시·군의 장선거","봉화군","5대공약","available_in_original_pack","3"
"구·시·군의 장선거","봉화군","선거공보","available_in_original_pack","3"
"구·시·군의 장선거","봉화군","선거공약서","current_unavailable_official_source","3"
"구·시·군의 장선거","부여군","5대공약","available_in_original_pack","3"
"구·시·군의 장선거","부여군","선거공보","available_in_original_pack","3"
"구·시·군의 장선거","부여군","선거공약서","current_unavailable_official_source","3"
"구·시·군의 장선거","사상구","5대공약","available_in_original_pack","3"
"구·시·군의 장선거","사상구","선거공보","available_in_original_pack","3"
"구·시·군의 장선거","사상구","선거공약서","current_unavailable_official_source","3"
"구·시·군의 장선거","산청군","5대공약","available_in_original_pack","3"
"구·시·군의 장선거","산청군","선거공보","available_in_original_pack","3"
"구·시·군의 장선거","산청군","선거공약서","current_unavailable_official_source","3"
"구·시·군의 장선거","삼척시","5대공약","available_in_original_pack","3"
"구·시·군의 장선거","삼척시","선거공보","available_in_original_pack","3"
"구·시·군의 장선거","서산시","5대공약","available_in_original_pack","3"
"구·시·군의 장선거","서산시","선거공보","available_in_original_pack","3"
"구·시·군의 장선거","서산시","선거공약서","current_unavailable_official_source","3"
"구·시·군의 장선거","서천군","선거공보","available_in_original_pack","3"
"구·시·군의 장선거","성남시","선거공보","available_in_original_pack","3"
"구·시·군의 장선거","성동구","5대공약","available_in_original_pack","3"
"구·시·군의 장선거","성동구","선거공보","current_unavailable_official_source","3"
"구·시·군의 장선거","성동구","선거공약서","current_unavailable_official_source","3"
"구·시·군의 장선거","성북구","5대공약","available_in_original_pack","3"
"구·시·군의 장선거","성북구","선거공보","available_in_original_pack","3"
"구·시·군의 장선거","성북구","선거공약서","current_unavailable_official_source","3"
"구·시·군의 장선거","속초시","5대공약","available_in_original_pack","3"
"구·시·군의 장선거","속초시","선거공보","available_in_original_pack","3"
"구·시·군의 장선거","속초시","선거공약서","current_unavailable_official_source","3"
"구·시·군의 장선거","수영구","5대공약","available_in_original_pack","3"
"구·시·군의 장선거","수영구","선거공보","available_in_original_pack","3"
"구·시·군의 장선거","수영구","선거공약서","current_unavailable_official_source","3"
"구·시·군의 장선거","수원시","5대공약","available_in_original_pack","3"
"구·시·군의 장선거","순천시","5대공약","available_in_original_pack","3"
"구·시·군의 장선거","순천시","선거공보","available_in_original_pack","3"
"구·시·군의 장선거","순천시","선거공약서","current_unavailable_official_source","3"
"구·시·군의 장선거","아산시","5대공약","available_in_original_pack","3"
"구·시·군의 장선거","아산시","선거공보","available_in_original_pack","3"
"구·시·군의 장선거","안성시","5대공약","available_in_original_pack","3"
"구·시·군의 장선거","안성시","선거공보","available_in_original_pack","3"
"구·시·군의 장선거","양양군","5대공약","available_in_original_pack","3"
"구·시·군의 장선거","양양군","선거공보","pack_stale_currently_available","3"
"구·시·군의 장선거","연천군","5대공약","available_in_original_pack","3"
"구·시·군의 장선거","연천군","선거공보","available_in_original_pack","3"
"구·시·군의 장선거","연천군","선거공약서","current_unavailable_official_source","3"
"구·시·군의 장선거","영도구","5대공약","available_in_original_pack","3"
"구·시·군의 장선거","영도구","선거공보","available_in_original_pack","3"
"구·시·군의 장선거","영도구","선거공약서","current_unavailable_official_source","3"
"구·시·군의 장선거","영종구","5대공약","available_in_original_pack","3"
"구·시·군의 장선거","영종구","선거공보","available_in_original_pack","3"
"구·시·군의 장선거","영종구","선거공약서","current_unavailable_official_source","3"
"구·시·군의 장선거","영주시","선거공약서","current_unavailable_official_source","3"
"구·시·군의 장선거","영천시","5대공약","available_in_original_pack","3"
"구·시·군의 장선거","영천시","선거공보","available_in_original_pack","3"
"구·시·군의 장선거","영천시","선거공약서","current_unavailable_official_source","3"
"구·시·군의 장선거","오산시","5대공약","available_in_original_pack","3"
"구·시·군의 장선거","오산시","선거공보","available_in_original_pack","3"
"구·시·군의 장선거","오산시","선거공약서","current_unavailable_official_source","3"
"구·시·군의 장선거","용산구","5대공약","available_in_original_pack","3"
"구·시·군의 장선거","용산구","선거공보","available_in_original_pack","3"
"구·시·군의 장선거","용인시","5대공약","available_in_original_pack","3"
"구·시·군의 장선거","용인시","선거공보","available_in_original_pack","3"
"구·시·군의 장선거","의령군","5대공약","available_in_original_pack","3"
"구·시·군의 장선거","의령군","선거공보","available_in_original_pack","3"
"구·시·군의 장선거","의령군","선거공약서","current_unavailable_official_source","3"
"구·시·군의 장선거","인제군","5대공약","available_in_original_pack","3"
"구·시·군의 장선거","인제군","선거공보","available_in_original_pack","3"
"구·시·군의 장선거","임실군","5대공약","available_in_original_pack","3"
"구·시·군의 장선거","임실군","선거공보","available_in_original_pack","3"
"구·시·군의 장선거","임실군","선거공약서","current_unavailable_official_source","3"
"구·시·군의 장선거","전주시","5대공약","available_in_original_pack","3"
"구·시·군의 장선거","전주시","선거공보","available_in_original_pack","3"
"구·시·군의 장선거","전주시","선거공약서","current_unavailable_official_source","3"
"구·시·군의 장선거","정읍시","5대공약","available_in_original_pack","3"
"구·시·군의 장선거","정읍시","선거공보","pack_stale_currently_available","3"
"구·시·군의 장선거","정읍시","선거공약서","current_unavailable_official_source","3"
"구·시·군의 장선거","제천시","5대공약","available_in_original_pack","3"
"구·시·군의 장선거","제천시","선거공약서","current_unavailable_official_source","3"
"구·시·군의 장선거","중구","선거공약서","available_in_original_pack","3"
"구·시·군의 장선거","진안군","5대공약","available_in_original_pack","3"
"구·시·군의 장선거","진안군","선거공보","available_in_original_pack","3"
"구·시·군의 장선거","진안군","선거공약서","current_unavailable_official_source","3"
"구·시·군의 장선거","진주시","5대공약","available_in_original_pack","3"
"구·시·군의 장선거","진주시","선거공보","available_in_original_pack","3"
"구·시·군의 장선거","진주시","선거공약서","current_unavailable_official_source","3"
"구·시·군의 장선거","창원시","선거공약서","current_unavailable_official_source","3"
"구·시·군의 장선거","천안시","5대공약","available_in_original_pack","3"
"구·시·군의 장선거","천안시","선거공보","available_in_original_pack","3"
"구·시·군의 장선거","천안시","선거공약서","current_unavailable_official_source","3"
"구·시·군의 장선거","철원군","5대공약","available_in_original_pack","3"
"구·시·군의 장선거","철원군","선거공보","available_in_original_pack","3"
"구·시·군의 장선거","철원군","선거공약서","current_unavailable_official_source","3"
"구·시·군의 장선거","청도군","5대공약","available_in_original_pack","3"
"구·시·군의 장선거","청도군","선거공보","available_in_original_pack","3"
"구·시·군의 장선거","청주시","5대공약","available_in_original_pack","3"
"구·시·군의 장선거","청주시","선거공보","available_in_original_pack","3"
"구·시·군의 장선거","청주시","선거공약서","current_unavailable_official_source","3"
"구·시·군의 장선거","통영시","5대공약","available_in_original_pack","3"
"구·시·군의 장선거","통영시","선거공보","available_in_original_pack","3"
"구·시·군의 장선거","통영시","선거공약서","current_unavailable_official_source","3"
"구·시·군의 장선거","포천시","5대공약","available_in_original_pack","3"
"구·시·군의 장선거","포천시","선거공보","available_in_original_pack","3"
"구·시·군의 장선거","포천시","선거공약서","current_unavailable_official_source","3"
"구·시·군의 장선거","포항시","5대공약","available_in_original_pack","3"
"구·시·군의 장선거","포항시","선거공보","available_in_original_pack","3"
"구·시·군의 장선거","포항시","선거공약서","current_unavailable_official_source","3"
"구·시·군의 장선거","하동군","5대공약","available_in_original_pack","3"
"구·시·군의 장선거","하동군","선거공보","available_in_original_pack","3"
"구·시·군의 장선거","하동군","선거공약서","current_unavailable_official_source","3"
"구·시·군의 장선거","함평군","5대공약","available_in_original_pack","3"
"구·시·군의 장선거","함평군","선거공보","available_in_original_pack","3"
"구·시·군의 장선거","함평군","선거공약서","current_unavailable_official_source","3"
"구·시·군의 장선거","홍성군","5대공약","available_in_original_pack","3"
"구·시·군의 장선거","홍성군","선거공보","available_in_original_pack","3"
"구·시·군의 장선거","홍성군","선거공약서","current_unavailable_official_source","3"
"구·시·군의 장선거","화성시","5대공약","available_in_original_pack","3"
"구·시·군의 장선거","화성시","선거공보","available_in_original_pack","3"
"구·시·군의 장선거","화성시","선거공약서","current_unavailable_official_source","3"
"구·시·군의 장선거","화순군","5대공약","available_in_original_pack","3"
"구·시·군의 장선거","화순군","선거공보","available_in_original_pack","3"
"구·시·군의 장선거","화순군","선거공약서","current_unavailable_official_source","3"
"구·시·군의 장선거","횡성군","5대공약","available_in_original_pack","3"
"구·시·군의 장선거","횡성군","선거공보","available_in_original_pack","3"
"구·시·군의 장선거","횡성군","선거공약서","current_unavailable_official_source","3"
"구·시·군의회의원선거","가평군나선거구","선거공보","available_in_original_pack","3"
"구·시·군의회의원선거","가평군다선거구","선거공보","available_in_original_pack","3"
"구·시·군의회의원선거","강남구가선거구","선거공보","available_in_original_pack","3"
"구·시·군의회의원선거","강남구사선거구","선거공보","available_in_original_pack","3"
"구·시·군의회의원선거","강동구바선거구","선거공보","available_in_original_pack","3"
"구·시·군의회의원선거","강릉시가선거구","선거공보","available_in_original_pack","3"
"구·시·군의회의원선거","강릉시마선거구","선거공보","available_in_original_pack","3"
"구·시·군의회의원선거","강북구라선거구","선거공보","current_unavailable_official_source","3"
"구·시·군의회의원선거","강서구라선거구","선거공보","current_unavailable_official_source","3"
"구·시·군의회의원선거","강서구바선거구","선거공보","available_in_original_pack","3"
"구·시·군의회의원선거","강서구사선거구","선거공보","available_in_original_pack","3"
"구·시·군의회의원선거","거제시나선거구","선거공보","available_in_original_pack","3"
"구·시·군의회의원선거","거제시라선거구","선거공보","available_in_original_pack","3"
"구·시·군의회의원선거","검단구나선거구","선거공보","available_in_original_pack","3"
"구·시·군의회의원선거","검단구다선거구","선거공보","available_in_original_pack","3"
"구·시·군의회의원선거","경주시마선거구","선거공보","available_in_original_pack","3"
"구·시·군의회의원선거","경주시바선거구","선거공보","available_in_original_pack","3"
"구·시·군의회의원선거","경주시사선거구","선거공보","available_in_original_pack","3"
"구·시·군의회의원선거","경주시아선거구","선거공보","available_in_original_pack","3"
"구·시·군의회의원선거","경주시자선거구","선거공보","available_in_original_pack","3"
"구·시·군의회의원선거","계양구가선거구","선거공보","available_in_original_pack","3"
"구·시·군의회의원선거","계양구나선거구","선거공보","available_in_original_pack","3"
"구·시·군의회의원선거","고령군가선거구","선거공보","available_in_original_pack","3"
"구·시·군의회의원선거","고령군나선거구","선거공보","available_in_original_pack","3"
"구·시·군의회의원선거","고성군라선거구","선거공보","available_in_original_pack","3"
"구·시·군의회의원선거","고양시가선거구","선거공보","available_in_original_pack","3"
"구·시·군의회의원선거","고양시다선거구","선거공보","available_in_original_pack","3"
"구·시·군의회의원선거","고양시카선거구","선거공보","available_in_original_pack","3"
"구·시·군의회의원선거","고창군다선거구","선거공보","available_in_original_pack","3"
"구·시·군의회의원선거","고창군라선거구","선거공보","available_in_original_pack","3"
"구·시·군의회의원선거","고흥군가선거구","선거공보","current_unavailable_official_source","3"
"구·시·군의회의원선거","고흥군나선거구","선거공보","available_in_original_pack","3"
"구·시·군의회의원선거","공주시가선거구","선거공보","available_in_original_pack","3"
"구·시·군의회의원선거","관악구바선거구","선거공보","available_in_original_pack","3"
"구·시·군의회의원선거","광명시다선거구","선거공보","available_in_original_pack","3"
"구·시·군의회의원선거","광명시라선거구","선거공보","current_unavailable_official_source","3"
"구·시·군의회의원선거","광산구라선거구","선거공보","current_unavailable_official_source","3"
"구·시·군의회의원선거","광주시다선거구","선거공보","current_unavailable_official_source","3"
"구·시·군의회의원선거","괴산군나선거구","선거공보","available_in_original_pack","3"
"구·시·군의회의원선거","구로구나선거구","선거공보","available_in_original_pack","3"
"구·시·군의회의원선거","구미시나선거구","선거공보","available_in_original_pack","3"
"구·시·군의회의원선거","구미시다선거구","선거공보","available_in_original_pack","3"
"구·시·군의회의원선거","구미시라선거구","선거공보","available_in_original_pack","3"
"구·시·군의회의원선거","구미시마선거구","선거공보","available_in_original_pack","3"
"구·시·군의회의원선거","구미시바선거구","선거공보","available_in_original_pack","3"
"구·시·군의회의원선거","구미시차선거구","선거공보","available_in_original_pack","3"
"구·시·군의회의원선거","군포시나선거구","선거공보","available_in_original_pack","3"
"구·시·군의회의원선거","군포시다선거구","선거공보","available_in_original_pack","3"
"구·시·군의회의원선거","금정구다선거구","선거공보","available_in_original_pack","3"
"구·시·군의회의원선거","금천구라선거구","선거공보","available_in_original_pack","3"
"구·시·군의회의원선거","김제시다선거구","선거공보","current_unavailable_official_source","3"
"구·시·군의회의원선거","김천시라선거구","선거공보","available_in_original_pack","3"
"구·시·군의회의원선거","김해시나선거구","선거공보","available_in_original_pack","3"
"구·시·군의회의원선거","김해시라선거구","선거공보","available_in_original_pack","3"
"구·시·군의회의원선거","나주시다선거구","선거공보","current_unavailable_official_source","3"
"구·시·군의회의원선거","남구라선거구","선거공보","available_in_original_pack","3"
"구·시·군의회의원선거","남구라선거구","선거공보","current_unavailable_official_source","3"
"구·시·군의회의원선거","남동구마선거구","선거공보","available_in_original_pack","3"
"구·시·군의회의원선거","남양주시라선거구","선거공보","available_in_original_pack","3"
"구·시·군의회의원선거","남원시마선거구","선거공보","available_in_original_pack","3"
"구·시·군의회의원선거","남해군나선거구","선거공보","available_in_original_pack","3"
"구·시·군의회의원선거","남해군다선거구","선거공보","available_in_original_pack","3"
"구·시·군의회의원선거","남해군라선거구","선거공보","available_in_original_pack","3"
"구·시·군의회의원선거","노원구다선거구","선거공보","current_unavailable_official_source","3"
"구·시·군의회의원선거","노원구라선거구","선거공보","current_unavailable_official_source","3"
"구·시·군의회의원선거","달서구라선거구","선거공보","available_in_original_pack","3"
"구·시·군의회의원선거","달서구마선거구","선거공보","available_in_original_pack","3"
"구·시·군의회의원선거","담양군나선거구","선거공보","available_in_original_pack","3"
"구·시·군의회의원선거","당진시가선거구","선거공보","available_in_original_pack","3"
"구·시·군의회의원선거","당진시나선거구","선거공보","available_in_original_pack","3"
"구·시·군의회의원선거","도봉구다선거구","선거공보","available_in_original_pack","3"
"구·시·군의회의원선거","도봉구라선거구","선거공보","available_in_original_pack","3"
"구·시·군의회의원선거","동구바선거구","선거공보","available_in_original_pack","3"
"구·시·군의회의원선거","동대문구가선거구","선거공보","available_in_original_pack","3"
"구·시·군의회의원선거","동대문구나선거구","선거공보","available_in_original_pack","3"
"구·시·군의회의원선거","동대문구다선거구","선거공보","available_in_original_pack","3"
"구·시·군의회의원선거","동작구나선거구","선거공보","current_unavailable_official_source","3"
"구·시·군의회의원선거","동작구다선거구","선거공보","available_in_original_pack","3"
"구·시·군의회의원선거","동작구마선거구","선거공보","current_unavailable_official_source","3"
"구·시·군의회의원선거","마포구나선거구","선거공보","available_in_original_pack","3"
"구·시·군의회의원선거","마포구다선거구","선거공보","available_in_original_pack","3"
"구·시·군의회의원선거","마포구마선거구","선거공보","available_in_original_pack","3"
"구·시·군의회의원선거","마포구바선거구","선거공보","available_in_original_pack","3"
"구·시·군의회의원선거","목포시가선거구","선거공보","current_unavailable_official_source","3"
"구·시·군의회의원선거","목포시라선거구","선거공보","available_in_original_pack","3"
"구·시·군의회의원선거","목포시마선거구","선거공보","available_in_original_pack","3"
"구·시·군의회의원선거","목포시바선거구","선거공보","available_in_original_pack","3"
"구·시·군의회의원선거","문경시다선거구","선거공보","available_in_original_pack","3"
"구·시·군의회의원선거","미추홀구가선거구","선거공보","current_unavailable_official_source","3"
"구·시·군의회의원선거","밀양시마선거구","선거공보","available_in_original_pack","3"
"구·시·군의회의원선거","보령시가선거구","선거공보","available_in_original_pack","3"
"구·시·군의회의원선거","보성군나선거구","선거공보","available_in_original_pack","3"
"구·시·군의회의원선거","보성군다선거구","선거공보","available_in_original_pack","3"
"구·시·군의회의원선거","부안군다선거구","선거공보","available_in_original_pack","3"
"구·시·군의회의원선거","부안군라선거구","선거공보","available_in_original_pack","3"
"구·시·군의회의원선거","부천시다선거구","선거공보","available_in_original_pack","3"
"구·시·군의회의원선거","부천시라선거구","선거공보","available_in_original_pack","3"
"구·시·군의회의원선거","부천시바선거구","선거공보","available_in_original_pack","3"
"구·시·군의회의원선거","부천시아선거구","선거공보","available_in_original_pack","3"
"구·시·군의회의원선거","부평구나선거구","선거공보","current_unavailable_official_source","3"
"구·시·군의회의원선거","부평구다선거구","선거공보","current_unavailable_official_source","3"
"구·시·군의회의원선거","부평구바선거구","선거공보","current_unavailable_official_source","3"
"구·시·군의회의원선거","사상구나선거구","선거공보","available_in_original_pack","3"
"구·시·군의회의원선거","사상구다선거구","선거공보","available_in_original_pack","3"
"구·시·군의회의원선거","사천시다선거구","선거공보","available_in_original_pack","3"
"구·시·군의회의원선거","사하구다선거구","선거공보","available_in_original_pack","3"
"구·시·군의회의원선거","산청군가선거구","선거공보","available_in_original_pack","3"
"구·시·군의회의원선거","상주시나선거구","선거공보","available_in_original_pack","3"
"구·시·군의회의원선거","상주시라선거구","선거공보","available_in_original_pack","3"
"구·시·군의회의원선거","서구마선거구","선거공보","current_unavailable_official_source","3"
"구·시·군의회의원선거","서대문구나선거구","선거공보","available_in_original_pack","3"
"구·시·군의회의원선거","서대문구다선거구","선거공보","available_in_original_pack","3"
"구·시·군의회의원선거","서대문구라선거구","선거공보","current_unavailable_official_source","3"
"구·시·군의회의원선거","서산시다선거구","선거공보","available_in_original_pack","3"
"구·시·군의회의원선거","서산시바선거구","선거공보","available_in_original_pack","3"
"구·시·군의회의원선거","성남시타선거구","선거공보","available_in_original_pack","3"
"구·시·군의회의원선거","성동구가선거구","선거공보","current_unavailable_official_source","3"
"구·시·군의회의원선거","성북구다선거구","선거공보","current_unavailable_official_source","3"
"구·시·군의회의원선거","성북구마선거구","선거공보","current_unavailable_official_source","3"
"구·시·군의회의원선거","성북구바선거구","선거공보","available_in_original_pack","3"
"구·시·군의회의원선거","송파구차선거구","선거공보","available_in_original_pack","3"
"구·시·군의회의원선거","수성구다선거구","선거공보","available_in_original_pack","3"
"구·시·군의회의원선거","수영구라선거구","선거공보","current_unavailable_official_source","3"
"구·시·군의회의원선거","수원시가선거구","선거공보","available_in_original_pack","3"
"구·시·군의회의원선거","수원시라선거구","선거공보","current_unavailable_official_source","3"
"구·시·군의회의원선거","수원시바선거구","선거공보","available_in_original_pack","3"
"구·시·군의회의원선거","수원시타선거구","선거공보","available_in_original_pack","3"
"구·시·군의회의원선거","순창군나선거구","선거공보","available_in_original_pack","3"
"구·시·군의회의원선거","순천시다선거구","선거공보","available_in_original_pack","3"
"구·시·군의회의원선거","순천시사선거구","선거공보","available_in_original_pack","3"
"구·시·군의회의원선거","순천시아선거구","선거공보","available_in_original_pack","3"
"구·시·군의회의원선거","시흥시가선거구","선거공보","available_in_original_pack","3"
"구·시·군의회의원선거","시흥시다선거구","선거공보","available_in_original_pack","3"
"구·시·군의회의원선거","아산시가선거구","선거공보","available_in_original_pack","3"
"구·시·군의회의원선거","아산시바선거구","선거공보","available_in_original_pack","3"
"구·시·군의회의원선거","안동시가선거구","선거공보","available_in_original_pack","3"
"구·시·군의회의원선거","안동시다선거구","선거공보","available_in_original_pack","3"
"구·시·군의회의원선거","안동시라선거구","선거공보","available_in_original_pack","3"
"구·시·군의회의원선거","안산시나선거구","선거공보","available_in_original_pack","3"
"구·시·군의회의원선거","안산시아선거구","선거공보","available_in_original_pack","3"
"구·시·군의회의원선거","안성시가선거구","선거공보","available_in_original_pack","3"
"구·시·군의회의원선거","안양시가선거구","선거공보","pack_stale_currently_available","3"
"구·시·군의회의원선거","안양시라선거구","선거공보","pack_stale_currently_available","3"
"구·시·군의회의원선거","양산시가선거구","선거공보","available_in_original_pack","3"
"구·시·군의회의원선거","양산시라선거구","선거공보","available_in_original_pack","3"
"구·시·군의회의원선거","양산시아선거구","선거공보","available_in_original_pack","3"
"구·시·군의회의원선거","양주시가선거구","선거공보","current_unavailable_official_source","3"
"구·시·군의회의원선거","양주시나선거구","선거공보","available_in_original_pack","3"
"구·시·군의회의원선거","양천구나선거구","선거공보","available_in_original_pack","3"
"구·시·군의회의원선거","양천구마선거구","선거공보","available_in_original_pack","3"
"구·시·군의회의원선거","양천구바선거구","선거공보","available_in_original_pack","3"
"구·시·군의회의원선거","여수시사선거구","선거공보","available_in_original_pack","3"
"구·시·군의회의원선거","여주시나선거구","선거공보","available_in_original_pack","3"
"구·시·군의회의원선거","연수구라선거구","선거공보","available_in_original_pack","3"
"구·시·군의회의원선거","연수구바선거구","선거공보","available_in_original_pack","3"
"구·시·군의회의원선거","영등포구나선거구","선거공보","available_in_original_pack","3"
"구·시·군의회의원선거","영등포구라선거구","선거공보","available_in_original_pack","3"
"구·시·군의회의원선거","영암군다선거구","선거공보","available_in_original_pack","3"
"구·시·군의회의원선거","영주시가선거구","선거공보","available_in_original_pack","3"
"구·시·군의회의원선거","영주시나선거구","선거공보","current_unavailable_official_source","3"
"구·시·군의회의원선거","영주시다선거구","선거공보","current_unavailable_official_source","3"
"구·시·군의회의원선거","영주시라선거구","선거공보","available_in_original_pack","3"
"구·시·군의회의원선거","영주시바선거구","선거공보","current_unavailable_official_source","3"
"구·시·군의회의원선거","영천시라선거구","선거공보","available_in_original_pack","3"
"구·시·군의회의원선거","예산군나선거구","선거공보","available_in_original_pack","3"
"구·시·군의회의원선거","예산군다선거구","선거공보","available_in_original_pack","3"
"구·시·군의회의원선거","예천군나선거구","선거공보","available_in_original_pack","3"
"구·시·군의회의원선거","옹진군나선거구","선거공보","available_in_original_pack","3"
"구·시·군의회의원선거","완도군다선거구","선거공보","available_in_original_pack","3"
"구·시·군의회의원선거","완주군나선거구","선거공보","available_in_original_pack","3"
"구·시·군의회의원선거","완주군나선거구","선거공보","current_unavailable_official_source","3"
"구·시·군의회의원선거","완주군다선거구","선거공보","available_in_original_pack","3"
"구·시·군의회의원선거","용산구가선거구","선거공보","available_in_original_pack","3"
"구·시·군의회의원선거","용인시바선거구","선거공보","pack_stale_currently_available","3"
"구·시·군의회의원선거","울주군다선거구","선거공보","available_in_original_pack","3"
"구·시·군의회의원선거","원주시마선거구","선거공보","available_in_original_pack","3"
"구·시·군의회의원선거","원주시사선거구","선거공보","available_in_original_pack","3"
"구·시·군의회의원선거","원주시자선거구","선거공보","available_in_original_pack","3"
"구·시·군의회의원선거","은평구다선거구","선거공보","available_in_original_pack","3"
"구·시·군의회의원선거","은평구마선거구","선거공보","available_in_original_pack","3"
"구·시·군의회의원선거","은평구사선거구","선거공보","available_in_original_pack","3"
"구·시·군의회의원선거","은평구아선거구","선거공보","available_in_original_pack","3"
"구·시·군의회의원선거","음성군나선거구","선거공보","available_in_original_pack","3"
"구·시·군의회의원선거","음성군다선거구","선거공보","available_in_original_pack","3"
"구·시·군의회의원선거","의령군나선거구","선거공보","available_in_original_pack","3"
"구·시·군의회의원선거","의성군다선거구","선거공보","available_in_original_pack","3"
"구·시·군의회의원선거","의성군마선거구","선거공보","available_in_original_pack","3"
"구·시·군의회의원선거","의정부시나선거구","선거공보","available_in_original_pack","3"
"구·시·군의회의원선거","의정부시다선거구","선거공보","current_unavailable_official_source","3"
"구·시·군의회의원선거","의정부시라선거구","선거공보","current_unavailable_official_source","3"
"구·시·군의회의원선거","이천시다선거구","선거공보","available_in_original_pack","3"
"구·시·군의회의원선거","익산시나선거구","선거공보","available_in_original_pack","3"
"구·시·군의회의원선거","익산시다선거구","선거공보","available_in_original_pack","3"
"구·시·군의회의원선거","익산시라선거구","선거공보","available_in_original_pack","3"
"구·시·군의회의원선거","익산시마선거구","선거공보","available_in_original_pack","3"
"구·시·군의회의원선거","임실군나선거구","선거공보","available_in_original_pack","3"
"구·시·군의회의원선거","장성군나선거구","선거공보","available_in_original_pack","3"
"구·시·군의회의원선거","장성군다선거구","선거공보","available_in_original_pack","3"
"구·시·군의회의원선거","전주시라선거구","선거공보","pack_stale_currently_available","3"
"구·시·군의회의원선거","전주시마선거구","선거공보","current_unavailable_official_source","3"
"구·시·군의회의원선거","전주시마선거구","선거공보","pack_stale_currently_available","3"
"구·시·군의회의원선거","전주시사선거구","선거공보","pack_stale_currently_available","3"
"구·시·군의회의원선거","전주시아선거구","선거공보","available_in_original_pack","3"
"구·시·군의회의원선거","전주시차선거구","선거공보","available_in_original_pack","3"
"구·시·군의회의원선거","정읍시바선거구","선거공보","current_unavailable_official_source","3"
"구·시·군의회의원선거","제천시다선거구","선거공보","available_in_original_pack","3"
"구·시·군의회의원선거","제천시라선거구","선거공보","available_in_original_pack","3"
"구·시·군의회의원선거","제천시마선거구","선거공보","available_in_original_pack","3"
"구·시·군의회의원선거","종로구가선거구","선거공보","available_in_original_pack","3"
"구·시·군의회의원선거","종로구라선거구","선거공보","current_unavailable_official_source","3"
"구·시·군의회의원선거","중랑구가선거구","선거공보","available_in_original_pack","3"
"구·시·군의회의원선거","중랑구라선거구","선거공보","available_in_original_pack","3"
"구·시·군의회의원선거","중랑구사선거구","선거공보","available_in_original_pack","3"
"구·시·군의회의원선거","증평군가선거구","선거공보","available_in_original_pack","3"
"구·시·군의회의원선거","증평군나선거구","선거공보","available_in_original_pack","3"
"구·시·군의회의원선거","증평군다선거구","선거공보","available_in_original_pack","3"
"구·시·군의회의원선거","진도군나선거구","선거공보","available_in_original_pack","3"
"구·시·군의회의원선거","진주시다선거구","선거공보","available_in_original_pack","3"
"구·시·군의회의원선거","진주시사선거구","선거공보","available_in_original_pack","3"
"구·시·군의회의원선거","창녕군나선거구","선거공보","available_in_original_pack","3"
"구·시·군의회의원선거","창녕군다선거구","선거공보","available_in_original_pack","3"
"구·시·군의회의원선거","창녕군라선거구","선거공보","available_in_original_pack","3"
"구·시·군의회의원선거","창원시더선거구","선거공보","available_in_original_pack","3"
"구·시·군의회의원선거","창원시라선거구","선거공보","available_in_original_pack","3"
"구·시·군의회의원선거","창원시마선거구","선거공보","available_in_original_pack","3"
"구·시·군의회의원선거","창원시아선거구","선거공보","available_in_original_pack","3"
"구·시·군의회의원선거","창원시카선거구","선거공보","available_in_original_pack","3"
"구·시·군의회의원선거","천안시마선거구","선거공보","available_in_original_pack","3"
"구·시·군의회의원선거","천안시아선거구","선거공보","available_in_original_pack","3"
"구·시·군의회의원선거","천안시카선거구","선거공보","available_in_original_pack","3"
"구·시·군의회의원선거","청주시라선거구","선거공보","current_unavailable_official_source","3"
"구·시·군의회의원선거","춘천시가선거구","선거공보","available_in_original_pack","3"
"구·시·군의회의원선거","춘천시마선거구","선거공보","available_in_original_pack","3"
"구·시·군의회의원선거","춘천시아선거구","선거공보","available_in_original_pack","3"
"구·시·군의회의원선거","충주시나선거구","선거공보","available_in_original_pack","3"
"구·시·군의회의원선거","충주시마선거구","선거공보","available_in_original_pack","3"
"구·시·군의회의원선거","충주시바선거구","선거공보","available_in_original_pack","3"
"구·시·군의회의원선거","통영시다선거구","선거공보","available_in_original_pack","3"
"구·시·군의회의원선거","평창군나선거구","선거공보","available_in_original_pack","3"
"구·시·군의회의원선거","평택시라선거구","선거공보","current_unavailable_official_source","3"
"구·시·군의회의원선거","평택시라선거구","선거공보","pack_stale_currently_available","3"
"구·시·군의회의원선거","포항시나선거구","선거공보","available_in_original_pack","3"
"구·시·군의회의원선거","포항시라선거구","선거공보","available_in_original_pack","3"
"구·시·군의회의원선거","포항시마선거구","선거공보","current_unavailable_official_source","3"
"구·시·군의회의원선거","함양군가선거구","선거공보","current_unavailable_official_source","3"
"구·시·군의회의원선거","함양군나선거구","선거공보","available_in_original_pack","3"
"구·시·군의회의원선거","합천군다선거구","선거공보","available_in_original_pack","3"
"구·시·군의회의원선거","합천군라선거구","선거공보","available_in_original_pack","3"
"구·시·군의회의원선거","해남군다선거구","선거공보","available_in_original_pack","3"
"구·시·군의회의원선거","해운대구가선거구","선거공보","available_in_original_pack","3"
"구·시·군의회의원선거","홍성군가선거구","선거공보","available_in_original_pack","3"
"구·시·군의회의원선거","홍성군다선거구","선거공보","available_in_original_pack","3"
"구·시·군의회의원선거","홍성군라선거구","선거공보","available_in_original_pack","3"
"구·시·군의회의원선거","홍천군다선거구","선거공보","current_unavailable_official_source","3"
"구·시·군의회의원선거","화성시나선거구","선거공보","available_in_original_pack","3"
"구·시·군의회의원선거","화성시사선거구","선거공보","current_unavailable_official_source","3"
"구·시·군의회의원선거","화성시아선거구","선거공보","available_in_original_pack","3"
"국회의원선거","계양구을","선거공보","available_in_original_pack","3"
"국회의원선거","아산시을","선거공보","available_in_original_pack","3"
"국회의원선거","안산시갑","선거공보","available_in_original_pack","3"
"국회의원선거","연수구갑","선거공보","available_in_original_pack","3"
"국회의원선거","하남시갑","선거공보","available_in_original_pack","3"
"기초의원비례대표선거","경주시","비례대표 정당 제출자료","current_unavailable_official_source","3"
"기초의원비례대표선거","관악구","비례대표 정당 제출자료","current_unavailable_official_source","3"
"기초의원비례대표선거","광산구","비례대표 정당 제출자료","current_unavailable_official_source","3"
"기초의원비례대표선거","군산시","비례대표 정당 제출자료","current_unavailable_official_source","3"
"기초의원비례대표선거","김포시","비례대표 정당 제출자료","current_unavailable_official_source","3"
"기초의원비례대표선거","나주시","비례대표 정당 제출자료","current_unavailable_official_source","3"
"기초의원비례대표선거","남양주시","비례대표 정당 제출자료","current_unavailable_official_source","3"
"기초의원비례대표선거","남원시","비례대표 정당 제출자료","current_unavailable_official_source","3"
"기초의원비례대표선거","당진시","비례대표 정당 제출자료","current_unavailable_official_source","3"
"기초의원비례대표선거","동구","비례대표 정당 제출자료","current_unavailable_official_source","3"
"기초의원비례대표선거","동대문구","비례대표 정당 제출자료","current_unavailable_official_source","3"
"기초의원비례대표선거","동작구","비례대표 정당 제출자료","current_unavailable_official_source","3"
"기초의원비례대표선거","밀양시","비례대표 정당 제출자료","current_unavailable_official_source","3"
"기초의원비례대표선거","사천시","비례대표 정당 제출자료","current_unavailable_official_source","3"
"기초의원비례대표선거","송파구","비례대표 정당 제출자료","current_unavailable_official_source","3"
"기초의원비례대표선거","수성구","비례대표 정당 제출자료","current_unavailable_official_source","3"
"기초의원비례대표선거","순천시","비례대표 정당 제출자료","current_unavailable_official_source","3"
"기초의원비례대표선거","안산시","비례대표 정당 제출자료","current_unavailable_official_source","3"
"기초의원비례대표선거","양산시","비례대표 정당 제출자료","current_unavailable_official_source","3"
"기초의원비례대표선거","여수시","비례대표 정당 제출자료","current_unavailable_official_source","3"
"기초의원비례대표선거","의령군","비례대표 정당 제출자료","current_unavailable_official_source","3"
"기초의원비례대표선거","익산시","비례대표 정당 제출자료","current_unavailable_official_source","3"
"기초의원비례대표선거","진주시","비례대표 정당 제출자료","current_unavailable_official_source","3"
"기초의원비례대표선거","창녕군","비례대표 정당 제출자료","current_unavailable_official_source","3"
"기초의원비례대표선거","천안시","비례대표 정당 제출자료","current_unavailable_official_source","3"
"기초의원비례대표선거","평택시","비례대표 정당 제출자료","current_unavailable_official_source","3"
"기초의원비례대표선거","포천시","비례대표 정당 제출자료","current_unavailable_official_source","3"
"기초의원비례대표선거","함안군","비례대표 정당 제출자료","current_unavailable_official_source","3"
"기초의원비례대표선거","화성시","비례대표 정당 제출자료","current_unavailable_official_source","3"
"시·도의회의원선거","가평군선거구","선거공보","available_in_original_pack","3"
"시·도의회의원선거","강남구제1선거구","선거공보","available_in_original_pack","3"
"시·도의회의원선거","강남구제2선거구","선거공보","available_in_original_pack","3"
"시·도의회의원선거","강동구제2선거구","선거공보","available_in_original_pack","3"
"시·도의회의원선거","강릉시제4선거구","선거공보","available_in_original_pack","3"
"시·도의회의원선거","강서구제2선거구","선거공보","available_in_original_pack","3"
"시·도의회의원선거","거창군제2선거구","선거공보","available_in_original_pack","3"
"시·도의회의원선거","검단구제3선거구","선거공보","available_in_original_pack","3"
"시·도의회의원선거","경산시제1선거구","선거공보","available_in_original_pack","3"
"시·도의회의원선거","경산시제2선거구","선거공보","available_in_original_pack","3"
"시·도의회의원선거","계룡시선거구","선거공보","available_in_original_pack","3"
"시·도의회의원선거","고성군선거구","선거공보","available_in_original_pack","3"
"시·도의회의원선거","구미시제2선거구","선거공보","available_in_original_pack","3"
"시·도의회의원선거","군산시제1선거구","선거공보","available_in_original_pack","3"
"시·도의회의원선거","군포시제1선거구","선거공보","available_in_original_pack","3"
"시·도의회의원선거","금산군제2선거구","선거공보","available_in_original_pack","3"
"시·도의회의원선거","기장군제2선거구","선거공보","available_in_original_pack","3"
"시·도의회의원선거","김해시제8선거구","선거공보","available_in_original_pack","3"
"시·도의회의원선거","남구제5선거구","선거공보","available_in_original_pack","3"
"시·도의회의원선거","남동구제3선거구","선거공보","available_in_original_pack","3"
"시·도의회의원선거","노원구제4선거구","선거공보","available_in_original_pack","3"
"시·도의회의원선거","노원구제5선거구","선거공보","available_in_original_pack","3"
"시·도의회의원선거","논산시제2선거구","선거공보","available_in_original_pack","3"
"시·도의회의원선거","달서구제3선거구","선거공보","available_in_original_pack","3"
"시·도의회의원선거","달서구제7선거구","선거공보","available_in_original_pack","3"
"시·도의회의원선거","대덕구제2선거구","선거공보","available_in_original_pack","3"
"시·도의회의원선거","동구제4선거구","선거공보","available_in_original_pack","3"
"시·도의회의원선거","동대문구제2선거구","선거공보","available_in_original_pack","3"
"시·도의회의원선거","동대문구제3선거구","선거공보","available_in_original_pack","3"
"시·도의회의원선거","마포구제1선거구","선거공보","available_in_original_pack","3"
"시·도의회의원선거","마포구제3선거구","선거공보","available_in_original_pack","3"
"시·도의회의원선거","부산진구제1선거구","선거공보","available_in_original_pack","3"
"시·도의회의원선거","부산진구제2선거구","선거공보","available_in_original_pack","3"
"시·도의회의원선거","부안군선거구","선거공보","available_in_original_pack","3"
"시·도의회의원선거","부천시제4선거구","선거공보","available_in_original_pack","3"
"시·도의회의원선거","북구제4선거구","선거공보","current_unavailable_official_source","3"
"시·도의회의원선거","북구제5선거구","선거공보","available_in_original_pack","3"
"시·도의회의원선거","사천시제1선거구","선거공보","available_in_original_pack","3"
"시·도의회의원선거","사하구제1선거구","선거공보","available_in_original_pack","3"
"시·도의회의원선거","사하구제2선거구","선거공보","available_in_original_pack","3"
"시·도의회의원선거","상주시제1선거구","선거공보","available_in_original_pack","3"
"시·도의회의원선거","서구제2선거구","선거공보","current_unavailable_official_source","3"
"시·도의회의원선거","서구제5선거구","선거공보","available_in_original_pack","3"
"시·도의회의원선거","서대문구제2선거구","선거공보","available_in_original_pack","3"
"시·도의회의원선거","서대문구제3선거구","선거공보","available_in_original_pack","3"
"시·도의회의원선거","서산시제1선거구","선거공보","available_in_original_pack","3"
"시·도의회의원선거","서초구제1선거구","선거공보","available_in_original_pack","3"
"시·도의회의원선거","성남시제5선거구","선거공보","available_in_original_pack","3"
"시·도의회의원선거","성동구제1선거구","선거공보","current_unavailable_official_source","3"
"시·도의회의원선거","성동구제2선거구","선거공보","current_unavailable_official_source","3"
"시·도의회의원선거","세종특별자치시제13선거구","선거공보","available_in_original_pack","3"
"시·도의회의원선거","세종특별자치시제14선거구","선거공보","available_in_original_pack","3"
"시·도의회의원선거","세종특별자치시제1선거구","선거공보","available_in_original_pack","3"
"시·도의회의원선거","세종특별자치시제2선거구","선거공보","available_in_original_pack","3"
"시·도의회의원선거","세종특별자치시제4선거구","선거공보","available_in_original_pack","3"
"시·도의회의원선거","송파구제5선거구","선거공보","available_in_original_pack","3"
"시·도의회의원선거","송파구제6선거구","선거공보","available_in_original_pack","3"
"시·도의회의원선거","수성구제2선거구","선거공보","available_in_original_pack","3"
"시·도의회의원선거","안동시제2선거구","선거공보","available_in_original_pack","3"
"시·도의회의원선거","안동시제3선거구","선거공보","available_in_original_pack","3"
"시·도의회의원선거","안산시제7선거구","선거공보","available_in_original_pack","3"
"시·도의회의원선거","양구군선거구","선거공보","available_in_original_pack","3"
"시·도의회의원선거","양양군선거구","선거공보","pack_stale_currently_available","3"
"시·도의회의원선거","연제구제1선거구","선거공보","available_in_original_pack","3"
"시·도의회의원선거","영등포구제2선거구","선거공보","available_in_original_pack","3"
"시·도의회의원선거","영월군제2선거구","선거공보","available_in_original_pack","3"
"시·도의회의원선거","영종구제2선거구","선거공보","available_in_original_pack","3"
"시·도의회의원선거","영주시제2선거구","선거공보","current_unavailable_official_source","3"
"시·도의회의원선거","예산군제1선거구","선거공보","available_in_original_pack","3"
"시·도의회의원선거","옹진군선거구","선거공보","available_in_original_pack","3"
"시·도의회의원선거","울주군제2선거구","선거공보","available_in_original_pack","3"
"시·도의회의원선거","원주시제6선거구","선거공보","available_in_original_pack","3"
"시·도의회의원선거","원주시제8선거구","선거공보","available_in_original_pack","3"
"시·도의회의원선거","은평구제4선거구","선거공보","available_in_original_pack","3"
"시·도의회의원선거","인제군선거구","선거공보","available_in_original_pack","3"
"시·도의회의원선거","제주특별자치도 서귀포시 대정읍선거구","선거공보","available_in_original_pack","3"
"시·도의회의원선거","제주특별자치도 서귀포시 정방동·중앙동·천지동·서홍동선거구","선거공보","available_in_original_pack","3"
"시·도의회의원선거","제주특별자치도 서귀포시 표선면선거구","선거공보","available_in_original_pack","3"
"시·도의회의원선거","제주특별자치도 제주시 구좌읍·우도면선거구","선거공보","available_in_original_pack","3"
"시·도의회의원선거","제주특별자치도 제주시 노형동을선거구","선거공보","available_in_original_pack","3"
"시·도의회의원선거","제주특별자치도 제주시 연동을선거구","선거공보","available_in_original_pack","3"
"시·도의회의원선거","제주특별자치도 제주시 외도동·이호동·도두동선거구","선거공보","available_in_original_pack","3"
"시·도의회의원선거","제주특별자치도 제주시 일도2동선거구","선거공보","available_in_original_pack","3"
"시·도의회의원선거","종로구제1선거구","선거공보","available_in_original_pack","3"
"시·도의회의원선거","중랑구제2선거구","선거공보","available_in_original_pack","3"
"시·도의회의원선거","진주시제2선거구","선거공보","available_in_original_pack","3"
"시·도의회의원선거","진주시제3선거구","선거공보","available_in_original_pack","3"
"시·도의회의원선거","진주시제5선거구","선거공보","available_in_original_pack","3"
"시·도의회의원선거","창녕군제2선거구","선거공보","available_in_original_pack","3"
"시·도의회의원선거","창원시제14선거구","선거공보","available_in_original_pack","3"
"시·도의회의원선거","창원시제1선거구","선거공보","available_in_original_pack","3"
"시·도의회의원선거","창원시제2선거구","선거공보","available_in_original_pack","3"
"시·도의회의원선거","창원시제3선거구","선거공보","available_in_original_pack","3"
"시·도의회의원선거","창원시제5선거구","선거공보","available_in_original_pack","3"
"시·도의회의원선거","창원시제6선거구","선거공보","available_in_original_pack","3"
"시·도의회의원선거","청주시제13선거구","선거공보","available_in_original_pack","3"
"시·도의회의원선거","춘천시제3선거구","선거공보","available_in_original_pack","3"
"시·도의회의원선거","춘천시제5선거구","선거공보","available_in_original_pack","3"
"시·도의회의원선거","포천시제2선거구","선거공보","available_in_original_pack","3"
"시·도의회의원선거","포항시제8선거구","선거공보","available_in_original_pack","3"
"시·도의회의원선거","하남시제1선거구","선거공보","available_in_original_pack","3"
"시·도의회의원선거","하동군선거구","선거공보","available_in_original_pack","3"
"시·도의회의원선거","해운대구제1선거구","선거공보","available_in_original_pack","3"
"시·도의회의원선거","홍천군제2선거구","선거공보","current_unavailable_official_source","3"
"시·도의회의원선거","화성시제5선거구","선거공보","available_in_original_pack","3"
"시·도의회의원선거","횡성군제1선거구","선거공보","available_in_original_pack","3"
"시·도의회의원선거","횡성군제2선거구","선거공보","available_in_original_pack","3"
"시·도지사선거","경상남도","5대공약","available_in_original_pack","3"
"시·도지사선거","경상남도","선거공보","available_in_original_pack","3"
"시·도지사선거","경상남도","선거공약서","current_unavailable_official_source","3"
"시·도지사선거","대구광역시","5대공약","available_in_original_pack","3"
"시·도지사선거","대구광역시","선거공보","available_in_original_pack","3"
"시·도지사선거","대전광역시","5대공약","available_in_original_pack","3"
"시·도지사선거","대전광역시","선거공보","available_in_original_pack","3"
"시·도지사선거","부산광역시","5대공약","available_in_original_pack","3"
"시·도지사선거","부산광역시","선거공보","available_in_original_pack","3"
"시·도지사선거","부산광역시","선거공약서","current_unavailable_official_source","3"
"시·도지사선거","세종특별자치시","5대공약","available_in_original_pack","3"
"시·도지사선거","세종특별자치시","선거공보","available_in_original_pack","3"
"시·도지사선거","인천광역시","5대공약","available_in_original_pack","3"
"시·도지사선거","인천광역시","선거공보","available_in_original_pack","3"
"시·도지사선거","제주특별자치도","5대공약","available_in_original_pack","3"
"시·도지사선거","제주특별자치도","선거공보","available_in_original_pack","3"
"시·도지사선거","제주특별자치도","선거공약서","current_unavailable_official_source","3"
"교육감선거","강원특별자치도","선거공약서","available_in_original_pack","2"
"교육감선거","강원특별자치도","선거공약서","current_unavailable_official_source","2"
"교육감선거","경기도","5대공약","available_in_original_pack","2"
"교육감선거","경기도","선거공보","available_in_original_pack","2"
"교육감선거","경기도","선거공약서","current_unavailable_official_source","2"
"교육감선거","대전광역시","선거공약서","available_in_original_pack","2"
"교육감선거","울산광역시","선거공약서","current_unavailable_official_source","2"
"교육감선거","전북특별자치도","5대공약","available_in_original_pack","2"
"교육감선거","전북특별자치도","선거공보","available_in_original_pack","2"
"교육감선거","전북특별자치도","선거공약서","current_unavailable_official_source","2"
"구·시·군의 장선거","강남구","5대공약","available_in_original_pack","2"
"구·시·군의 장선거","강남구","선거공보","available_in_original_pack","2"
"구·시·군의 장선거","강남구","선거공약서","current_unavailable_official_source","2"
"구·시·군의 장선거","강진군","5대공약","available_in_original_pack","2"
"구·시·군의 장선거","강진군","선거공보","available_in_original_pack","2"
"구·시·군의 장선거","강진군","선거공약서","current_unavailable_official_source","2"
"구·시·군의 장선거","강화군","선거공약서","current_unavailable_official_source","2"
"구·시·군의 장선거","거제시","선거공약서","current_unavailable_official_source","2"
"구·시·군의 장선거","검단구","5대공약","available_in_original_pack","2"
"구·시·군의 장선거","검단구","선거공보","available_in_original_pack","2"
"구·시·군의 장선거","검단구","선거공약서","current_unavailable_official_source","2"
"구·시·군의 장선거","경주시","5대공약","available_in_original_pack","2"
"구·시·군의 장선거","경주시","선거공보","available_in_original_pack","2"
"구·시·군의 장선거","경주시","선거공약서","current_unavailable_official_source","2"
"구·시·군의 장선거","계룡시","5대공약","available_in_original_pack","2"
"구·시·군의 장선거","계룡시","선거공보","available_in_original_pack","2"
"구·시·군의 장선거","계룡시","선거공약서","current_unavailable_official_source","2"
"구·시·군의 장선거","계양구","5대공약","available_in_original_pack","2"
"구·시·군의 장선거","계양구","선거공보","available_in_original_pack","2"
"구·시·군의 장선거","계양구","선거공약서","current_unavailable_official_source","2"
"구·시·군의 장선거","고창군","5대공약","available_in_original_pack","2"
"구·시·군의 장선거","고창군","5대공약","current_unavailable_official_source","2"
"구·시·군의 장선거","고창군","선거공약서","current_unavailable_official_source","2"
"구·시·군의 장선거","곡성군","5대공약","available_in_original_pack","2"
"구·시·군의 장선거","곡성군","선거공보","available_in_original_pack","2"
"구·시·군의 장선거","곡성군","선거공약서","current_unavailable_official_source","2"
"구·시·군의 장선거","공주시","5대공약","available_in_original_pack","2"
"구·시·군의 장선거","공주시","선거공보","available_in_original_pack","2"
"구·시·군의 장선거","공주시","선거공약서","current_unavailable_official_source","2"
"구·시·군의 장선거","관악구","선거공약서","available_in_original_pack","2"
"구·시·군의 장선거","광명시","5대공약","available_in_original_pack","2"
"구·시·군의 장선거","광명시","선거공보","available_in_original_pack","2"
"구·시·군의 장선거","광명시","선거공약서","current_unavailable_official_source","2"
"구·시·군의 장선거","광산구","5대공약","available_in_original_pack","2"
"구·시·군의 장선거","광산구","선거공보","available_in_original_pack","2"
"구·시·군의 장선거","광산구","선거공약서","current_unavailable_official_source","2"
"구·시·군의 장선거","광주시","5대공약","available_in_original_pack","2"
"구·시·군의 장선거","광주시","선거공보","available_in_original_pack","2"
"구·시·군의 장선거","광주시","선거공약서","current_unavailable_official_source","2"
"구·시·군의 장선거","광진구","5대공약","available_in_original_pack","2"
"구·시·군의 장선거","광진구","선거공보","available_in_original_pack","2"
"구·시·군의 장선거","광진구","선거공약서","current_unavailable_official_source","2"
"구·시·군의 장선거","괴산군","5대공약","available_in_original_pack","2"
"구·시·군의 장선거","괴산군","선거공보","available_in_original_pack","2"
"구·시·군의 장선거","괴산군","선거공약서","current_unavailable_official_source","2"
"구·시·군의 장선거","구로구","5대공약","available_in_original_pack","2"
"구·시·군의 장선거","구로구","선거공보","available_in_original_pack","2"
"구·시·군의 장선거","구로구","선거공약서","current_unavailable_official_source","2"
"구·시·군의 장선거","구리시","5대공약","available_in_original_pack","2"
"구·시·군의 장선거","구리시","선거공보","available_in_original_pack","2"
"구·시·군의 장선거","군위군","5대공약","available_in_original_pack","2"
"구·시·군의 장선거","군위군","선거공보","available_in_original_pack","2"
"구·시·군의 장선거","군위군","선거공약서","current_unavailable_official_source","2"
"구·시·군의 장선거","군포시","5대공약","available_in_original_pack","2"
"구·시·군의 장선거","군포시","선거공보","available_in_original_pack","2"
"구·시·군의 장선거","군포시","선거공약서","current_unavailable_official_source","2"
"구·시·군의 장선거","금천구","5대공약","available_in_original_pack","2"
"구·시·군의 장선거","금천구","선거공보","available_in_original_pack","2"
"구·시·군의 장선거","금천구","선거공약서","current_unavailable_official_source","2"
"구·시·군의 장선거","김제시","5대공약","available_in_original_pack","2"
"구·시·군의 장선거","김제시","선거공보","current_unavailable_official_source","2"
"구·시·군의 장선거","김제시","선거공약서","current_unavailable_official_source","2"
"구·시·군의 장선거","김천시","선거공약서","current_unavailable_official_source","2"
"구·시·군의 장선거","김포시","5대공약","available_in_original_pack","2"
"구·시·군의 장선거","김포시","선거공보","available_in_original_pack","2"
"구·시·군의 장선거","김포시","선거공약서","current_unavailable_official_source","2"
"구·시·군의 장선거","나주시","5대공약","available_in_original_pack","2"
"구·시·군의 장선거","나주시","선거공보","available_in_original_pack","2"
"구·시·군의 장선거","나주시","선거공약서","current_unavailable_official_source","2"
"구·시·군의 장선거","남동구","5대공약","available_in_original_pack","2"
"구·시·군의 장선거","남동구","선거공보","available_in_original_pack","2"
"구·시·군의 장선거","남동구","선거공약서","current_unavailable_official_source","2"
"구·시·군의 장선거","남양주시","5대공약","available_in_original_pack","2"
"구·시·군의 장선거","남양주시","선거공보","available_in_original_pack","2"
"구·시·군의 장선거","남양주시","선거공약서","current_unavailable_official_source","2"
"구·시·군의 장선거","남해군","5대공약","available_in_original_pack","2"
"구·시·군의 장선거","남해군","선거공보","available_in_original_pack","2"
"구·시·군의 장선거","남해군","선거공약서","current_unavailable_official_source","2"
"구·시·군의 장선거","노원구","5대공약","available_in_original_pack","2"
"구·시·군의 장선거","노원구","선거공보","available_in_original_pack","2"
"구·시·군의 장선거","노원구","선거공약서","current_unavailable_official_source","2"
"구·시·군의 장선거","단양군","5대공약","available_in_original_pack","2"
"구·시·군의 장선거","단양군","선거공보","available_in_original_pack","2"
"구·시·군의 장선거","단양군","선거공약서","current_unavailable_official_source","2"
"구·시·군의 장선거","달성군","5대공약","available_in_original_pack","2"
"구·시·군의 장선거","달성군","선거공보","available_in_original_pack","2"
"구·시·군의 장선거","달성군","선거공약서","current_unavailable_official_source","2"
"구·시·군의 장선거","당진시","5대공약","available_in_original_pack","2"
"구·시·군의 장선거","당진시","선거공보","available_in_original_pack","2"
"구·시·군의 장선거","당진시","선거공약서","current_unavailable_official_source","2"
"구·시·군의 장선거","대덕구","선거공보","available_in_original_pack","2"
"구·시·군의 장선거","대덕구","선거공약서","current_unavailable_official_source","2"
"구·시·군의 장선거","도봉구","5대공약","available_in_original_pack","2"
"구·시·군의 장선거","도봉구","선거공보","available_in_original_pack","2"
"구·시·군의 장선거","도봉구","선거공약서","current_unavailable_official_source","2"
"구·시·군의 장선거","동대문구","5대공약","available_in_original_pack","2"
"구·시·군의 장선거","동대문구","선거공보","available_in_original_pack","2"
"구·시·군의 장선거","동대문구","선거공약서","current_unavailable_official_source","2"
"구·시·군의 장선거","동두천시","5대공약","available_in_original_pack","2"
"구·시·군의 장선거","동두천시","선거공보","available_in_original_pack","2"
"구·시·군의 장선거","동두천시","선거공약서","current_unavailable_official_source","2"
"구·시·군의 장선거","동래구","5대공약","available_in_original_pack","2"
"구·시·군의 장선거","동래구","선거공보","available_in_original_pack","2"
"구·시·군의 장선거","동작구","선거공보","current_unavailable_official_source","2"
"구·시·군의 장선거","마포구","5대공약","available_in_original_pack","2"
"구·시·군의 장선거","마포구","선거공보","available_in_original_pack","2"
"구·시·군의 장선거","마포구","선거공약서","current_unavailable_official_source","2"
"구·시·군의 장선거","무안군","5대공약","available_in_original_pack","2"
"구·시·군의 장선거","무안군","선거공보","available_in_original_pack","2"
"구·시·군의 장선거","무안군","선거공약서","current_unavailable_official_source","2"
"구·시·군의 장선거","무주군","5대공약","available_in_original_pack","2"
"구·시·군의 장선거","무주군","선거공보","available_in_original_pack","2"
"구·시·군의 장선거","무주군","선거공약서","current_unavailable_official_source","2"
"구·시·군의 장선거","문경시","선거공약서","available_in_original_pack","2"
"구·시·군의 장선거","미추홀구","5대공약","available_in_original_pack","2"
"구·시·군의 장선거","미추홀구","선거공보","available_in_original_pack","2"
"구·시·군의 장선거","미추홀구","선거공약서","current_unavailable_official_source","2"
"구·시·군의 장선거","밀양시","5대공약","available_in_original_pack","2"
"구·시·군의 장선거","밀양시","선거공보","available_in_original_pack","2"
"구·시·군의 장선거","밀양시","선거공약서","current_unavailable_official_source","2"
"구·시·군의 장선거","보성군","5대공약","available_in_original_pack","2"
"구·시·군의 장선거","보성군","선거공보","available_in_original_pack","2"
"구·시·군의 장선거","보성군","선거공약서","current_unavailable_official_source","2"
"구·시·군의 장선거","보은군","5대공약","available_in_original_pack","2"
"구·시·군의 장선거","보은군","선거공보","available_in_original_pack","2"
"구·시·군의 장선거","보은군","선거공약서","current_unavailable_official_source","2"
"구·시·군의 장선거","부산진구","5대공약","available_in_original_pack","2"
"구·시·군의 장선거","부산진구","선거공보","available_in_original_pack","2"
"구·시·군의 장선거","부산진구","선거공약서","current_unavailable_official_source","2"
"구·시·군의 장선거","부천시","5대공약","available_in_original_pack","2"
"구·시·군의 장선거","부천시","선거공보","available_in_original_pack","2"
"구·시·군의 장선거","부천시","선거공약서","current_unavailable_official_source","2"
"구·시·군의 장선거","부평구","5대공약","available_in_original_pack","2"
"구·시·군의 장선거","부평구","선거공보","available_in_original_pack","2"
"구·시·군의 장선거","부평구","선거공약서","current_unavailable_official_source","2"
"구·시·군의 장선거","사천시","5대공약","available_in_original_pack","2"
"구·시·군의 장선거","사천시","선거공보","available_in_original_pack","2"
"구·시·군의 장선거","사천시","선거공약서","current_unavailable_official_source","2"
"구·시·군의 장선거","사하구","5대공약","available_in_original_pack","2"
"구·시·군의 장선거","사하구","선거공보","available_in_original_pack","2"
"구·시·군의 장선거","사하구","선거공약서","current_unavailable_official_source","2"
"구·시·군의 장선거","삼척시","선거공약서","current_unavailable_official_source","2"
"구·시·군의 장선거","상주시","선거공약서","available_in_original_pack","2"
"구·시·군의 장선거","상주시","선거공약서","current_unavailable_official_source","2"
"구·시·군의 장선거","서대문구","5대공약","available_in_original_pack","2"
"구·시·군의 장선거","서대문구","선거공보","available_in_original_pack","2"
"구·시·군의 장선거","서대문구","선거공약서","current_unavailable_official_source","2"
"구·시·군의 장선거","서천군","5대공약","available_in_original_pack","2"
"구·시·군의 장선거","서천군","선거공약서","current_unavailable_official_source","2"
"구·시·군의 장선거","서초구","5대공약","available_in_original_pack","2"
"구·시·군의 장선거","서초구","선거공보","available_in_original_pack","2"
"구·시·군의 장선거","서초구","선거공약서","current_unavailable_official_source","2"
"구·시·군의 장선거","성남시","5대공약","available_in_original_pack","2"
"구·시·군의 장선거","성남시","선거공약서","available_in_original_pack","2"
"구·시·군의 장선거","성주군","5대공약","available_in_original_pack","2"
"구·시·군의 장선거","성주군","선거공보","available_in_original_pack","2"
"구·시·군의 장선거","성주군","선거공약서","current_unavailable_official_source","2"
"구·시·군의 장선거","송파구","5대공약","available_in_original_pack","2"
"구·시·군의 장선거","송파구","선거공보","available_in_original_pack","2"
"구·시·군의 장선거","송파구","선거공약서","current_unavailable_official_source","2"
"구·시·군의 장선거","수성구","5대공약","available_in_original_pack","2"
"구·시·군의 장선거","수성구","선거공보","available_in_original_pack","2"
"구·시·군의 장선거","수성구","선거공약서","current_unavailable_official_source","2"
"구·시·군의 장선거","수원시","선거공보","available_in_original_pack","2"
"구·시·군의 장선거","수원시","선거공약서","current_unavailable_official_source","2"
"구·시·군의 장선거","순창군","5대공약","available_in_original_pack","2"
"구·시·군의 장선거","순창군","선거공보","available_in_original_pack","2"
"구·시·군의 장선거","순창군","선거공약서","current_unavailable_official_source","2"
"구·시·군의 장선거","신안군","5대공약","available_in_original_pack","2"
"구·시·군의 장선거","신안군","선거공보","available_in_original_pack","2"
"구·시·군의 장선거","신안군","선거공약서","current_unavailable_official_source","2"
"구·시·군의 장선거","아산시","선거공약서","available_in_original_pack","2"
"구·시·군의 장선거","안동시","5대공약","available_in_original_pack","2"
"구·시·군의 장선거","안동시","선거공보","available_in_original_pack","2"
"구·시·군의 장선거","안동시","선거공약서","current_unavailable_official_source","2"
"구·시·군의 장선거","안산시","5대공약","available_in_original_pack","2"
"구·시·군의 장선거","안산시","선거공보","available_in_original_pack","2"
"구·시·군의 장선거","안성시","선거공약서","current_unavailable_official_source","2"
"구·시·군의 장선거","안양시","5대공약","available_in_original_pack","2"
"구·시·군의 장선거","안양시","선거공보","available_in_original_pack","2"
"구·시·군의 장선거","안양시","선거공약서","current_unavailable_official_source","2"
"구·시·군의 장선거","양구군","5대공약","available_in_original_pack","2"
"구·시·군의 장선거","양구군","선거공보","available_in_original_pack","2"
"구·시·군의 장선거","양구군","선거공약서","current_unavailable_official_source","2"
"구·시·군의 장선거","양산시","5대공약","available_in_original_pack","2"
"구·시·군의 장선거","양산시","선거공보","available_in_original_pack","2"
"구·시·군의 장선거","양양군","선거공약서","current_unavailable_official_source","2"
"구·시·군의 장선거","양주시","5대공약","available_in_original_pack","2"
"구·시·군의 장선거","양주시","선거공보","available_in_original_pack","2"
"구·시·군의 장선거","양천구","5대공약","available_in_original_pack","2"
"구·시·군의 장선거","양천구","선거공보","available_in_original_pack","2"
"구·시·군의 장선거","양평군","5대공약","available_in_original_pack","2"
"구·시·군의 장선거","양평군","선거공보","available_in_original_pack","2"
"구·시·군의 장선거","양평군","선거공약서","current_unavailable_official_source","2"
"구·시·군의 장선거","여주시","5대공약","available_in_original_pack","2"
"구·시·군의 장선거","여주시","선거공보","available_in_original_pack","2"
"구·시·군의 장선거","연수구","5대공약","available_in_original_pack","2"
"구·시·군의 장선거","연수구","선거공보","available_in_original_pack","2"
"구·시·군의 장선거","연수구","선거공약서","current_unavailable_official_source","2"
"구·시·군의 장선거","연제구","5대공약","available_in_original_pack","2"
"구·시·군의 장선거","연제구","선거공보","available_in_original_pack","2"
"구·시·군의 장선거","연제구","선거공약서","current_unavailable_official_source","2"
"구·시·군의 장선거","영동군","5대공약","available_in_original_pack","2"
"구·시·군의 장선거","영동군","선거공보","available_in_original_pack","2"
"구·시·군의 장선거","영동군","선거공약서","current_unavailable_official_source","2"
"구·시·군의 장선거","영등포구","5대공약","available_in_original_pack","2"
"구·시·군의 장선거","영등포구","선거공보","available_in_original_pack","2"
"구·시·군의 장선거","영등포구","선거공약서","current_unavailable_official_source","2"
"구·시·군의 장선거","영암군","5대공약","available_in_original_pack","2"
"구·시·군의 장선거","영암군","선거공보","available_in_original_pack","2"
"구·시·군의 장선거","영암군","선거공약서","current_unavailable_official_source","2"
"구·시·군의 장선거","영양군","5대공약","available_in_original_pack","2"
"구·시·군의 장선거","영양군","선거공보","available_in_original_pack","2"
"구·시·군의 장선거","영양군","선거공약서","current_unavailable_official_source","2"
"구·시·군의 장선거","영주시","5대공약","current_unavailable_official_source","2"
"구·시·군의 장선거","영주시","선거공보","current_unavailable_official_source","2"
"구·시·군의 장선거","예산군","5대공약","available_in_original_pack","2"
"구·시·군의 장선거","예산군","선거공보","available_in_original_pack","2"
"구·시·군의 장선거","예산군","선거공약서","current_unavailable_official_source","2"
"구·시·군의 장선거","예천군","5대공약","available_in_original_pack","2"
"구·시·군의 장선거","예천군","선거공보","available_in_original_pack","2"
"구·시·군의 장선거","예천군","선거공약서","current_unavailable_official_source","2"
"구·시·군의 장선거","옥천군","5대공약","available_in_original_pack","2"
"구·시·군의 장선거","옥천군","선거공보","available_in_original_pack","2"
"구·시·군의 장선거","옥천군","선거공약서","current_unavailable_official_source","2"
"구·시·군의 장선거","옹진군","5대공약","available_in_original_pack","2"
"구·시·군의 장선거","옹진군","선거공보","available_in_original_pack","2"
"구·시·군의 장선거","옹진군","선거공약서","current_unavailable_official_source","2"
"구·시·군의 장선거","완도군","5대공약","available_in_original_pack","2"
"구·시·군의 장선거","완도군","선거공보","available_in_original_pack","2"
"구·시·군의 장선거","완도군","선거공약서","current_unavailable_official_source","2"
"구·시·군의 장선거","완주군","5대공약","available_in_original_pack","2"
"구·시·군의 장선거","완주군","선거공보","available_in_original_pack","2"
"구·시·군의 장선거","완주군","선거공약서","current_unavailable_official_source","2"
"구·시·군의 장선거","용산구","선거공약서","current_unavailable_official_source","2"
"구·시·군의 장선거","용인시","선거공약서","current_unavailable_official_source","2"
"구·시·군의 장선거","울주군","5대공약","available_in_original_pack","2"
"구·시·군의 장선거","울주군","선거공보","available_in_original_pack","2"
"구·시·군의 장선거","울주군","선거공약서","current_unavailable_official_source","2"
"구·시·군의 장선거","울진군","5대공약","available_in_original_pack","2"
"구·시·군의 장선거","울진군","선거공보","available_in_original_pack","2"
"구·시·군의 장선거","울진군","선거공약서","current_unavailable_official_source","2"
"구·시·군의 장선거","원주시","5대공약","available_in_original_pack","2"
"구·시·군의 장선거","원주시","선거공보","available_in_original_pack","2"
"구·시·군의 장선거","원주시","선거공약서","current_unavailable_official_source","2"
"구·시·군의 장선거","유성구","5대공약","available_in_original_pack","2"
"구·시·군의 장선거","유성구","선거공보","available_in_original_pack","2"
"구·시·군의 장선거","은평구","5대공약","available_in_original_pack","2"
"구·시·군의 장선거","은평구","선거공보","available_in_original_pack","2"
"구·시·군의 장선거","은평구","선거공약서","current_unavailable_official_source","2"
"구·시·군의 장선거","음성군","5대공약","available_in_original_pack","2"
"구·시·군의 장선거","음성군","선거공보","available_in_original_pack","2"
"구·시·군의 장선거","음성군","선거공약서","current_unavailable_official_source","2"
"구·시·군의 장선거","의성군","5대공약","available_in_original_pack","2"
"구·시·군의 장선거","의성군","선거공보","available_in_original_pack","2"
"구·시·군의 장선거","의성군","선거공약서","current_unavailable_official_source","2"
"구·시·군의 장선거","의왕시","5대공약","available_in_original_pack","2"
"구·시·군의 장선거","의왕시","선거공보","available_in_original_pack","2"
"구·시·군의 장선거","의왕시","선거공약서","current_unavailable_official_source","2"
"구·시·군의 장선거","의정부시","5대공약","available_in_original_pack","2"
"구·시·군의 장선거","의정부시","선거공보","available_in_original_pack","2"
"구·시·군의 장선거","의정부시","선거공약서","current_unavailable_official_source","2"
"구·시·군의 장선거","이천시","5대공약","available_in_original_pack","2"
"구·시·군의 장선거","이천시","선거공보","available_in_original_pack","2"
"구·시·군의 장선거","이천시","선거공약서","current_unavailable_official_source","2"
"구·시·군의 장선거","인제군","선거공약서","current_unavailable_official_source","2"
"구·시·군의 장선거","장성군","5대공약","available_in_original_pack","2"
"구·시·군의 장선거","장성군","선거공보","available_in_original_pack","2"
"구·시·군의 장선거","장성군","선거공약서","current_unavailable_official_source","2"
"구·시·군의 장선거","장수군","5대공약","available_in_original_pack","2"
"구·시·군의 장선거","장수군","선거공보","available_in_original_pack","2"
"구·시·군의 장선거","장수군","선거공약서","current_unavailable_official_source","2"
"구·시·군의 장선거","장흥군","5대공약","available_in_original_pack","2"
"구·시·군의 장선거","장흥군","선거공보","available_in_original_pack","2"
"구·시·군의 장선거","장흥군","선거공약서","current_unavailable_official_source","2"
"구·시·군의 장선거","정선군","5대공약","available_in_original_pack","2"
"구·시·군의 장선거","정선군","선거공보","available_in_original_pack","2"
"구·시·군의 장선거","정선군","선거공약서","current_unavailable_official_source","2"
"구·시·군의 장선거","제물포구","5대공약","available_in_original_pack","2"
"구·시·군의 장선거","제물포구","선거공보","available_in_original_pack","2"
"구·시·군의 장선거","제물포구","선거공약서","current_unavailable_official_source","2"
"구·시·군의 장선거","제천시","선거공보","available_in_original_pack","2"
"구·시·군의 장선거","종로구","5대공약","available_in_original_pack","2"
"구·시·군의 장선거","종로구","선거공보","available_in_original_pack","2"
"구·시·군의 장선거","종로구","선거공약서","current_unavailable_official_source","2"
"구·시·군의 장선거","중랑구","5대공약","available_in_original_pack","2"
"구·시·군의 장선거","중랑구","선거공보","available_in_original_pack","2"
"구·시·군의 장선거","증평군","5대공약","available_in_original_pack","2"
"구·시·군의 장선거","증평군","선거공보","available_in_original_pack","2"
"구·시·군의 장선거","진도군","5대공약","available_in_original_pack","2"
"구·시·군의 장선거","진도군","선거공보","available_in_original_pack","2"
"구·시·군의 장선거","진도군","선거공약서","current_unavailable_official_source","2"
"구·시·군의 장선거","진천군","5대공약","available_in_original_pack","2"
"구·시·군의 장선거","진천군","선거공보","available_in_original_pack","2"
"구·시·군의 장선거","진천군","선거공약서","current_unavailable_official_source","2"
"구·시·군의 장선거","창녕군","5대공약","available_in_original_pack","2"
"구·시·군의 장선거","창녕군","선거공보","available_in_original_pack","2"
"구·시·군의 장선거","창녕군","선거공약서","current_unavailable_official_source","2"
"구·시·군의 장선거","청도군","선거공약서","current_unavailable_official_source","2"
"구·시·군의 장선거","청송군","5대공약","available_in_original_pack","2"
"구·시·군의 장선거","청송군","선거공보","available_in_original_pack","2"
"구·시·군의 장선거","청송군","선거공약서","current_unavailable_official_source","2"
"구·시·군의 장선거","청양군","5대공약","available_in_original_pack","2"
"구·시·군의 장선거","청양군","선거공보","available_in_original_pack","2"
"구·시·군의 장선거","청양군","선거공약서","current_unavailable_official_source","2"
"구·시·군의 장선거","춘천시","5대공약","available_in_original_pack","2"
"구·시·군의 장선거","춘천시","선거공보","available_in_original_pack","2"
"구·시·군의 장선거","춘천시","선거공약서","current_unavailable_official_source","2"
"구·시·군의 장선거","충주시","5대공약","available_in_original_pack","2"
"구·시·군의 장선거","충주시","선거공보","available_in_original_pack","2"
"구·시·군의 장선거","충주시","선거공약서","current_unavailable_official_source","2"
"구·시·군의 장선거","칠곡군","5대공약","available_in_original_pack","2"
"구·시·군의 장선거","칠곡군","선거공보","available_in_original_pack","2"
"구·시·군의 장선거","칠곡군","선거공약서","current_unavailable_official_source","2"
"구·시·군의 장선거","태백시","5대공약","available_in_original_pack","2"
"구·시·군의 장선거","태백시","선거공보","available_in_original_pack","2"
"구·시·군의 장선거","태백시","선거공약서","current_unavailable_official_source","2"
"구·시·군의 장선거","태안군","5대공약","available_in_original_pack","2"
"구·시·군의 장선거","태안군","선거공보","available_in_original_pack","2"
"구·시·군의 장선거","태안군","선거공약서","current_unavailable_official_source","2"
"구·시·군의 장선거","파주시","5대공약","available_in_original_pack","2"
"구·시·군의 장선거","파주시","선거공보","current_unavailable_official_source","2"
"구·시·군의 장선거","파주시","선거공약서","current_unavailable_official_source","2"
"구·시·군의 장선거","평창군","5대공약","available_in_original_pack","2"
"구·시·군의 장선거","평창군","선거공보","available_in_original_pack","2"
"구·시·군의 장선거","평창군","선거공약서","current_unavailable_official_source","2"
"구·시·군의 장선거","평택시","5대공약","available_in_original_pack","2"
"구·시·군의 장선거","하남시","5대공약","available_in_original_pack","2"
"구·시·군의 장선거","하남시","선거공보","available_in_original_pack","2"
"구·시·군의 장선거","하남시","선거공약서","current_unavailable_official_source","2"
"구·시·군의 장선거","함안군","5대공약","available_in_original_pack","2"
"구·시·군의 장선거","함안군","선거공보","available_in_original_pack","2"
"구·시·군의 장선거","함안군","선거공약서","current_unavailable_official_source","2"
"구·시·군의 장선거","합천군","5대공약","available_in_original_pack","2"
"구·시·군의 장선거","합천군","선거공보","available_in_original_pack","2"
"구·시·군의 장선거","합천군","선거공약서","current_unavailable_official_source","2"
"구·시·군의 장선거","해남군","5대공약","available_in_original_pack","2"
"구·시·군의 장선거","해남군","선거공보","available_in_original_pack","2"
"구·시·군의 장선거","해남군","선거공약서","current_unavailable_official_source","2"
"구·시·군의 장선거","해운대구","5대공약","available_in_original_pack","2"
"구·시·군의 장선거","해운대구","선거공보","available_in_original_pack","2"
"구·시·군의 장선거","해운대구","선거공약서","current_unavailable_official_source","2"
"구·시·군의 장선거","홍천군","5대공약","available_in_original_pack","2"
"구·시·군의 장선거","홍천군","선거공보","current_unavailable_official_source","2"
"구·시·군의 장선거","홍천군","선거공약서","current_unavailable_official_source","2"
"구·시·군의 장선거","화천군","5대공약","available_in_original_pack","2"
"구·시·군의 장선거","화천군","선거공보","available_in_original_pack","2"
"구·시·군의 장선거","화천군","선거공약서","current_unavailable_official_source","2"
"구·시·군의회의원선거","강남구바선거구","선거공보","current_unavailable_official_source","2"
"구·시·군의회의원선거","강남구아선거구","선거공보","current_unavailable_official_source","2"
"구·시·군의회의원선거","강동구다선거구","선거공보","current_unavailable_official_source","2"
"구·시·군의회의원선거","강서구가선거구","선거공보","current_unavailable_official_source","2"
"구·시·군의회의원선거","강서구다선거구","선거공보","available_in_original_pack","2"
"구·시·군의회의원선거","강서구아선거구","선거공보","available_in_original_pack","2"
"구·시·군의회의원선거","경주시다선거구","선거공보","current_unavailable_official_source","2"
"구·시·군의회의원선거","계양구다선거구","선거공보","current_unavailable_official_source","2"
"구·시·군의회의원선거","고령군다선거구","선거공보","current_unavailable_official_source","2"
"구·시·군의회의원선거","고양시자선거구","선거공보","current_unavailable_official_source","2"
"구·시·군의회의원선거","고양시타선거구","선거공보","current_unavailable_official_source","2"
"구·시·군의회의원선거","고양시파선거구","선거공보","current_unavailable_official_source","2"
"구·시·군의회의원선거","고흥군라선거구","선거공보","current_unavailable_official_source","2"
"구·시·군의회의원선거","광주시라선거구","선거공보","current_unavailable_official_source","2"
"구·시·군의회의원선거","구로구라선거구","선거공보","current_unavailable_official_source","2"
"구·시·군의회의원선거","구로구마선거구","선거공보","current_unavailable_official_source","2"
"구·시·군의회의원선거","군산시다선거구","선거공보","current_unavailable_official_source","2"
"구·시·군의회의원선거","군포시가선거구","선거공보","available_in_original_pack","2"
"구·시·군의회의원선거","군포시라선거구","선거공보","current_unavailable_official_source","2"
"구·시·군의회의원선거","금정구나선거구","선거공보","current_unavailable_official_source","2"
"구·시·군의회의원선거","금천구가선거구","선거공보","available_in_original_pack","2"
"구·시·군의회의원선거","금천구가선거구","선거공보","current_unavailable_official_source","2"
"구·시·군의회의원선거","금천구나선거구","선거공보","available_in_original_pack","2"
"구·시·군의회의원선거","금천구나선거구","선거공보","current_unavailable_official_source","2"
"구·시·군의회의원선거","금천구다선거구","선거공보","available_in_original_pack","2"
"구·시·군의회의원선거","김천시마선거구","선거공보","current_unavailable_official_source","2"
"구·시·군의회의원선거","김해시마선거구","선거공보","available_in_original_pack","2"
"구·시·군의회의원선거","김해시마선거구","선거공보","current_unavailable_official_source","2"
"구·시·군의회의원선거","남구가선거구","선거공보","current_unavailable_official_source","2"
"구·시·군의회의원선거","남구나선거구","선거공보","current_unavailable_official_source","2"
"구·시·군의회의원선거","남구마선거구","선거공보","current_unavailable_official_source","2"
"구·시·군의회의원선거","남양주시나선거구","선거공보","available_in_original_pack","2"
"구·시·군의회의원선거","남원시가선거구","선거공보","current_unavailable_official_source","2"
"구·시·군의회의원선거","남원시라선거구","선거공보","current_unavailable_official_source","2"
"구·시·군의회의원선거","달서구가선거구","선거공보","current_unavailable_official_source","2"
"구·시·군의회의원선거","달서구나선거구","선거공보","current_unavailable_official_source","2"
"구·시·군의회의원선거","대덕구가선거구","선거공보","current_unavailable_official_source","2"
"구·시·군의회의원선거","대덕구다선거구","선거공보","current_unavailable_official_source","2"
"구·시·군의회의원선거","도봉구마선거구","선거공보","current_unavailable_official_source","2"
"구·시·군의회의원선거","동래구가선거구","선거공보","current_unavailable_official_source","2"
"구·시·군의회의원선거","동래구라선거구","선거공보","current_unavailable_official_source","2"
"구·시·군의회의원선거","동작구나선거구","선거공보","available_in_original_pack","2"
"구·시·군의회의원선거","동작구라선거구","선거공보","current_unavailable_official_source","2"
"구·시·군의회의원선거","동작구바선거구","선거공보","current_unavailable_official_source","2"
"구·시·군의회의원선거","마포구가선거구","선거공보","current_unavailable_official_source","2"
"구·시·군의회의원선거","마포구라선거구","선거공보","current_unavailable_official_source","2"
"구·시·군의회의원선거","마포구사선거구","선거공보","current_unavailable_official_source","2"
"구·시·군의회의원선거","목포시나선거구","선거공보","available_in_original_pack","2"
"구·시·군의회의원선거","목포시다선거구","선거공보","available_in_original_pack","2"
"구·시·군의회의원선거","목포시라선거구","선거공보","current_unavailable_official_source","2"
"구·시·군의회의원선거","목포시사선거구","선거공보","available_in_original_pack","2"
"구·시·군의회의원선거","미추홀구가선거구","선거공보","available_in_original_pack","2"
"구·시·군의회의원선거","봉화군나선거구","선거공보","current_unavailable_official_source","2"
"구·시·군의회의원선거","부산진구나선거구","선거공보","current_unavailable_official_source","2"
"구·시·군의회의원선거","부산진구다선거구","선거공보","current_unavailable_official_source","2"
"구·시·군의회의원선거","부산진구라선거구","선거공보","current_unavailable_official_source","2"
"구·시·군의회의원선거","부산진구바선거구","선거공보","current_unavailable_official_source","2"
"구·시·군의회의원선거","부산진구사선거구","선거공보","current_unavailable_official_source","2"
"구·시·군의회의원선거","부산진구아선거구","선거공보","current_unavailable_official_source","2"
"구·시·군의회의원선거","부안군나선거구","선거공보","current_unavailable_official_source","2"
"구·시·군의회의원선거","부평구가선거구","선거공보","current_unavailable_official_source","2"
"구·시·군의회의원선거","부평구마선거구","선거공보","current_unavailable_official_source","2"
"구·시·군의회의원선거","사상구라선거구","선거공보","current_unavailable_official_source","2"
"구·시·군의회의원선거","서구바선거구","선거공보","current_unavailable_official_source","2"
"구·시·군의회의원선거","성남시나선거구","선거공보","current_unavailable_official_source","2"
"구·시·군의회의원선거","성남시다선거구","선거공보","current_unavailable_official_source","2"
"구·시·군의회의원선거","성남시사선거구","선거공보","current_unavailable_official_source","2"
"구·시·군의회의원선거","성남시아선거구","선거공보","current_unavailable_official_source","2"
"구·시·군의회의원선거","성남시자선거구","선거공보","current_unavailable_official_source","2"
"구·시·군의회의원선거","성남시카선거구","선거공보","current_unavailable_official_source","2"
"구·시·군의회의원선거","성동구나선거구","선거공보","available_in_original_pack","2"
"구·시·군의회의원선거","성동구나선거구","선거공보","current_unavailable_official_source","2"
"구·시·군의회의원선거","성동구라선거구","선거공보","available_in_original_pack","2"
"구·시·군의회의원선거","성북구라선거구","선거공보","current_unavailable_official_source","2"
"구·시·군의회의원선거","성북구사선거구","선거공보","current_unavailable_official_source","2"
"구·시·군의회의원선거","송파구나선거구","선거공보","current_unavailable_official_source","2"
"구·시·군의회의원선거","송파구다선거구","선거공보","current_unavailable_official_source","2"
"구·시·군의회의원선거","송파구바선거구","선거공보","current_unavailable_official_source","2"
"구·시·군의회의원선거","송파구자선거구","선거공보","current_unavailable_official_source","2"
"구·시·군의회의원선거","수영구가선거구","선거공보","current_unavailable_official_source","2"
"구·시·군의회의원선거","수영구나선거구","선거공보","current_unavailable_official_source","2"
"구·시·군의회의원선거","수영구다선거구","선거공보","current_unavailable_official_source","2"
"구·시·군의회의원선거","수원시나선거구","선거공보","current_unavailable_official_source","2"
"구·시·군의회의원선거","수원시차선거구","선거공보","current_unavailable_official_source","2"
"구·시·군의회의원선거","수원시카선거구","선거공보","current_unavailable_official_source","2"
"구·시·군의회의원선거","신안군라선거구","선거공보","current_unavailable_official_source","2"
"구·시·군의회의원선거","아산시다선거구","선거공보","current_unavailable_official_source","2"
"구·시·군의회의원선거","안동시나선거구","선거공보","current_unavailable_official_source","2"
"구·시·군의회의원선거","안산시라선거구","선거공보","current_unavailable_official_source","2"
"구·시·군의회의원선거","안산시바선거구","선거공보","current_unavailable_official_source","2"
"구·시·군의회의원선거","안양시나선거구","선거공보","current_unavailable_official_source","2"
"구·시·군의회의원선거","양산시마선거구","선거공보","current_unavailable_official_source","2"
"구·시·군의회의원선거","양천구다선거구","선거공보","current_unavailable_official_source","2"
"구·시·군의회의원선거","양천구라선거구","선거공보","current_unavailable_official_source","2"
"구·시·군의회의원선거","양천구사선거구","선거공보","current_unavailable_official_source","2"
"구·시·군의회의원선거","양천구아선거구","선거공보","current_unavailable_official_source","2"
"구·시·군의회의원선거","여수시가선거구","선거공보","current_unavailable_official_source","2"
"구·시·군의회의원선거","여주시나선거구","선거공보","current_unavailable_official_source","2"
"구·시·군의회의원선거","연수구마선거구","선거공보","current_unavailable_official_source","2"
"구·시·군의회의원선거","영동군나선거구","선거공보","available_in_original_pack","2"
"구·시·군의회의원선거","영동군다선거구","선거공보","current_unavailable_official_source","2"
"구·시·군의회의원선거","영등포구가선거구","선거공보","current_unavailable_official_source","2"
"구·시·군의회의원선거","영등포구다선거구","선거공보","current_unavailable_official_source","2"
"구·시·군의회의원선거","영등포구마선거구","선거공보","current_unavailable_official_source","2"
"구·시·군의회의원선거","영등포구바선거구","선거공보","current_unavailable_official_source","2"
"구·시·군의회의원선거","영종구가선거구","선거공보","current_unavailable_official_source","2"
"구·시·군의회의원선거","영주시가선거구","선거공보","current_unavailable_official_source","2"
"구·시·군의회의원선거","영주시다선거구","선거공보","available_in_original_pack","2"
"구·시·군의회의원선거","영주시마선거구","선거공보","available_in_original_pack","2"
"구·시·군의회의원선거","영주시마선거구","선거공보","current_unavailable_official_source","2"
"구·시·군의회의원선거","영주시바선거구","선거공보","available_in_original_pack","2"
"구·시·군의회의원선거","완도군나선거구","선거공보","current_unavailable_official_source","2"
"구·시·군의회의원선거","용산구나선거구","선거공보","current_unavailable_official_source","2"
"구·시·군의회의원선거","용산구라선거구","선거공보","current_unavailable_official_source","2"
"구·시·군의회의원선거","용인시나선거구","선거공보","current_unavailable_official_source","2"
"구·시·군의회의원선거","용인시마선거구","선거공보","current_unavailable_official_source","2"
"구·시·군의회의원선거","용인시사선거구","선거공보","current_unavailable_official_source","2"
"구·시·군의회의원선거","용인시아선거구","선거공보","current_unavailable_official_source","2"
"구·시·군의회의원선거","용인시자선거구","선거공보","available_in_original_pack","2"
"구·시·군의회의원선거","울주군나선거구","선거공보","current_unavailable_official_source","2"
"구·시·군의회의원선거","원주시아선거구","선거공보","current_unavailable_official_source","2"
"구·시·군의회의원선거","은평구가선거구","선거공보","current_unavailable_official_source","2"
"구·시·군의회의원선거","은평구나선거구","선거공보","current_unavailable_official_source","2"
"구·시·군의회의원선거","은평구바선거구","선거공보","current_unavailable_official_source","2"
"구·시·군의회의원선거","의령군다선거구","선거공보","current_unavailable_official_source","2"
"구·시·군의회의원선거","의정부시가선거구","선거공보","available_in_original_pack","2"
"구·시·군의회의원선거","의정부시가선거구","선거공보","current_unavailable_official_source","2"
"구·시·군의회의원선거","의정부시나선거구","선거공보","current_unavailable_official_source","2"
"구·시·군의회의원선거","의정부시다선거구","선거공보","available_in_original_pack","2"
"구·시·군의회의원선거","익산시가선거구","선거공보","current_unavailable_official_source","2"
"구·시·군의회의원선거","전주시타선거구","선거공보","current_unavailable_official_source","2"
"구·시·군의회의원선거","정읍시다선거구","선거공보","current_unavailable_official_source","2"
"구·시·군의회의원선거","제천시가선거구","선거공보","available_in_original_pack","2"
"구·시·군의회의원선거","제천시바선거구","선거공보","available_in_original_pack","2"
"구·시·군의회의원선거","제천시바선거구","선거공보","current_unavailable_official_source","2"
"구·시·군의회의원선거","종로구나선거구","선거공보","current_unavailable_official_source","2"
"구·시·군의회의원선거","중랑구나선거구","선거공보","current_unavailable_official_source","2"
"구·시·군의회의원선거","중랑구마선거구","선거공보","current_unavailable_official_source","2"
"구·시·군의회의원선거","창원시사선거구","선거공보","current_unavailable_official_source","2"
"구·시·군의회의원선거","창원시타선거구","선거공보","current_unavailable_official_source","2"
"구·시·군의회의원선거","천안시가선거구","선거공보","current_unavailable_official_source","2"
"구·시·군의회의원선거","천안시나선거구","선거공보","current_unavailable_official_source","2"
"구·시·군의회의원선거","천안시사선거구","선거공보","available_in_original_pack","2"
"구·시·군의회의원선거","천안시자선거구","선거공보","current_unavailable_official_source","2"
"구·시·군의회의원선거","청도군가선거구","선거공보","current_unavailable_official_source","2"
"구·시·군의회의원선거","청주시카선거구","선거공보","current_unavailable_official_source","2"
"구·시·군의회의원선거","춘천시라선거구","선거공보","current_unavailable_official_source","2"
"구·시·군의회의원선거","춘천시바선거구","선거공보","available_in_original_pack","2"
"구·시·군의회의원선거","춘천시사선거구","선거공보","current_unavailable_official_source","2"
"구·시·군의회의원선거","칠곡군나선거구","선거공보","current_unavailable_official_source","2"
"구·시·군의회의원선거","평택시가선거구","선거공보","current_unavailable_official_source","2"
"구·시·군의회의원선거","평택시가선거구","선거공보","pack_stale_currently_available","2"
"구·시·군의회의원선거","평택시나선거구","선거공보","current_unavailable_official_source","2"
"구·시·군의회의원선거","평택시다선거구","선거공보","current_unavailable_official_source","2"
"구·시·군의회의원선거","하남시가선거구","선거공보","current_unavailable_official_source","2"
"구·시·군의회의원선거","하남시라선거구","선거공보","current_unavailable_official_source","2"
"구·시·군의회의원선거","함양군다선거구","선거공보","current_unavailable_official_source","2"
"구·시·군의회의원선거","해운대구라선거구","선거공보","current_unavailable_official_source","2"
"구·시·군의회의원선거","해운대구마선거구","선거공보","current_unavailable_official_source","2"
"구·시·군의회의원선거","해운대구바선거구","선거공보","current_unavailable_official_source","2"
"구·시·군의회의원선거","홍천군나선거구","선거공보","current_unavailable_official_source","2"
"국회의원선거","군산시김제시부안군갑","선거공보","available_in_original_pack","2"
"국회의원선거","군산시김제시부안군을","선거공보","available_in_original_pack","2"
"국회의원선거","달성군","선거공보","available_in_original_pack","2"
"국회의원선거","서귀포시","선거공보","available_in_original_pack","2"
"기초의원비례대표선거","가평군","비례대표 정당 제출자료","current_unavailable_official_source","2"
"기초의원비례대표선거","강남구","비례대표 정당 제출자료","current_unavailable_official_source","2"
"기초의원비례대표선거","강동구","비례대표 정당 제출자료","current_unavailable_official_source","2"
"기초의원비례대표선거","강릉시","비례대표 정당 제출자료","current_unavailable_official_source","2"
"기초의원비례대표선거","강북구","비례대표 정당 제출자료","current_unavailable_official_source","2"
"기초의원비례대표선거","강서구","비례대표 정당 제출자료","current_unavailable_official_source","2"
"기초의원비례대표선거","강화군","비례대표 정당 제출자료","current_unavailable_official_source","2"
"기초의원비례대표선거","거제시","비례대표 정당 제출자료","current_unavailable_official_source","2"
"기초의원비례대표선거","거창군","비례대표 정당 제출자료","current_unavailable_official_source","2"
"기초의원비례대표선거","경산시","비례대표 정당 제출자료","current_unavailable_official_source","2"
"기초의원비례대표선거","계룡시","비례대표 정당 제출자료","current_unavailable_official_source","2"
"기초의원비례대표선거","계양구","비례대표 정당 제출자료","current_unavailable_official_source","2"
"기초의원비례대표선거","고성군","비례대표 정당 제출자료","current_unavailable_official_source","2"
"기초의원비례대표선거","고창군","비례대표 정당 제출자료","current_unavailable_official_source","2"
"기초의원비례대표선거","공주시","비례대표 정당 제출자료","current_unavailable_official_source","2"
"기초의원비례대표선거","과천시","비례대표 정당 제출자료","current_unavailable_official_source","2"
"기초의원비례대표선거","광명시","비례대표 정당 제출자료","current_unavailable_official_source","2"
"기초의원비례대표선거","광양시","비례대표 정당 제출자료","current_unavailable_official_source","2"
"기초의원비례대표선거","광주시","비례대표 정당 제출자료","current_unavailable_official_source","2"
"기초의원비례대표선거","광진구","비례대표 정당 제출자료","current_unavailable_official_source","2"
"기초의원비례대표선거","괴산군","비례대표 정당 제출자료","current_unavailable_official_source","2"
"기초의원비례대표선거","구로구","비례대표 정당 제출자료","current_unavailable_official_source","2"
"기초의원비례대표선거","구리시","비례대표 정당 제출자료","current_unavailable_official_source","2"
"기초의원비례대표선거","구미시","비례대표 정당 제출자료","current_unavailable_official_source","2"
"기초의원비례대표선거","군포시","비례대표 정당 제출자료","current_unavailable_official_source","2"
"기초의원비례대표선거","금산군","비례대표 정당 제출자료","current_unavailable_official_source","2"
"기초의원비례대표선거","금정구","비례대표 정당 제출자료","current_unavailable_official_source","2"
"기초의원비례대표선거","금천구","비례대표 정당 제출자료","current_unavailable_official_source","2"
"기초의원비례대표선거","기장군","비례대표 정당 제출자료","current_unavailable_official_source","2"
"기초의원비례대표선거","김제시","비례대표 정당 제출자료","current_unavailable_official_source","2"
"기초의원비례대표선거","김천시","비례대표 정당 제출자료","current_unavailable_official_source","2"
"기초의원비례대표선거","남동구","비례대표 정당 제출자료","current_unavailable_official_source","2"
"기초의원비례대표선거","남해군","비례대표 정당 제출자료","current_unavailable_official_source","2"
"기초의원비례대표선거","노원구","비례대표 정당 제출자료","current_unavailable_official_source","2"
"기초의원비례대표선거","논산시","비례대표 정당 제출자료","current_unavailable_official_source","2"
"기초의원비례대표선거","단양군","비례대표 정당 제출자료","current_unavailable_official_source","2"
"기초의원비례대표선거","달서구","비례대표 정당 제출자료","current_unavailable_official_source","2"
"기초의원비례대표선거","달성군","비례대표 정당 제출자료","current_unavailable_official_source","2"
"기초의원비례대표선거","담양군","비례대표 정당 제출자료","current_unavailable_official_source","2"
"기초의원비례대표선거","대덕구","비례대표 정당 제출자료","current_unavailable_official_source","2"
"기초의원비례대표선거","도봉구","비례대표 정당 제출자료","current_unavailable_official_source","2"
"기초의원비례대표선거","동두천시","비례대표 정당 제출자료","current_unavailable_official_source","2"
"기초의원비례대표선거","동래구","비례대표 정당 제출자료","current_unavailable_official_source","2"
"기초의원비례대표선거","동해시","비례대표 정당 제출자료","current_unavailable_official_source","2"
"기초의원비례대표선거","마포구","비례대표 정당 제출자료","current_unavailable_official_source","2"
"기초의원비례대표선거","미추홀구","비례대표 정당 제출자료","current_unavailable_official_source","2"
"기초의원비례대표선거","보령시","비례대표 정당 제출자료","current_unavailable_official_source","2"
"기초의원비례대표선거","보은군","비례대표 정당 제출자료","current_unavailable_official_source","2"
"기초의원비례대표선거","부산진구","비례대표 정당 제출자료","current_unavailable_official_source","2"
"기초의원비례대표선거","부여군","비례대표 정당 제출자료","current_unavailable_official_source","2"
"기초의원비례대표선거","부천시","비례대표 정당 제출자료","current_unavailable_official_source","2"
"기초의원비례대표선거","부평구","비례대표 정당 제출자료","current_unavailable_official_source","2"
"기초의원비례대표선거","사상구","비례대표 정당 제출자료","current_unavailable_official_source","2"
"기초의원비례대표선거","사하구","비례대표 정당 제출자료","current_unavailable_official_source","2"
"기초의원비례대표선거","삼척시","비례대표 정당 제출자료","current_unavailable_official_source","2"
"기초의원비례대표선거","상주시","비례대표 정당 제출자료","current_unavailable_official_source","2"
"기초의원비례대표선거","서대문구","비례대표 정당 제출자료","current_unavailable_official_source","2"
"기초의원비례대표선거","서산시","비례대표 정당 제출자료","current_unavailable_official_source","2"
"기초의원비례대표선거","서천군","비례대표 정당 제출자료","current_unavailable_official_source","2"
"기초의원비례대표선거","서초구","비례대표 정당 제출자료","current_unavailable_official_source","2"
"기초의원비례대표선거","성동구","비례대표 정당 제출자료","current_unavailable_official_source","2"
"기초의원비례대표선거","성북구","비례대표 정당 제출자료","current_unavailable_official_source","2"
"기초의원비례대표선거","속초시","비례대표 정당 제출자료","current_unavailable_official_source","2"
"기초의원비례대표선거","수영구","비례대표 정당 제출자료","current_unavailable_official_source","2"
"기초의원비례대표선거","시흥시","비례대표 정당 제출자료","current_unavailable_official_source","2"
"기초의원비례대표선거","신안군","비례대표 정당 제출자료","current_unavailable_official_source","2"
"기초의원비례대표선거","아산시","비례대표 정당 제출자료","current_unavailable_official_source","2"
"기초의원비례대표선거","안동시","비례대표 정당 제출자료","current_unavailable_official_source","2"
"기초의원비례대표선거","안성시","비례대표 정당 제출자료","current_unavailable_official_source","2"
"기초의원비례대표선거","안양시","비례대표 정당 제출자료","current_unavailable_official_source","2"
"기초의원비례대표선거","양구군","비례대표 정당 제출자료","current_unavailable_official_source","2"
"기초의원비례대표선거","양양군","비례대표 정당 제출자료","current_unavailable_official_source","2"
"기초의원비례대표선거","양주시","비례대표 정당 제출자료","current_unavailable_official_source","2"
"기초의원비례대표선거","양천구","비례대표 정당 제출자료","current_unavailable_official_source","2"
"기초의원비례대표선거","양평군","비례대표 정당 제출자료","current_unavailable_official_source","2"
"기초의원비례대표선거","여주시","비례대표 정당 제출자료","current_unavailable_official_source","2"
"기초의원비례대표선거","연수구","비례대표 정당 제출자료","current_unavailable_official_source","2"
"기초의원비례대표선거","연제구","비례대표 정당 제출자료","current_unavailable_official_source","2"
"기초의원비례대표선거","연천군","비례대표 정당 제출자료","current_unavailable_official_source","2"
"기초의원비례대표선거","영도구","비례대표 정당 제출자료","current_unavailable_official_source","2"
"기초의원비례대표선거","영동군","비례대표 정당 제출자료","current_unavailable_official_source","2"
"기초의원비례대표선거","영등포구","비례대표 정당 제출자료","current_unavailable_official_source","2"
"기초의원비례대표선거","영월군","비례대표 정당 제출자료","current_unavailable_official_source","2"
"기초의원비례대표선거","영종구","비례대표 정당 제출자료","current_unavailable_official_source","2"
"기초의원비례대표선거","영주시","비례대표 정당 제출자료","current_unavailable_official_source","2"
"기초의원비례대표선거","영천시","비례대표 정당 제출자료","current_unavailable_official_source","2"
"기초의원비례대표선거","예산군","비례대표 정당 제출자료","current_unavailable_official_source","2"
"기초의원비례대표선거","오산시","비례대표 정당 제출자료","current_unavailable_official_source","2"
"기초의원비례대표선거","옥천군","비례대표 정당 제출자료","current_unavailable_official_source","2"
"기초의원비례대표선거","옹진군","비례대표 정당 제출자료","current_unavailable_official_source","2"
"기초의원비례대표선거","완주군","비례대표 정당 제출자료","current_unavailable_official_source","2"
"기초의원비례대표선거","용산구","비례대표 정당 제출자료","current_unavailable_official_source","2"
"기초의원비례대표선거","용인시","비례대표 정당 제출자료","current_unavailable_official_source","2"
"기초의원비례대표선거","울주군","비례대표 정당 제출자료","current_unavailable_official_source","2"
"기초의원비례대표선거","원주시","비례대표 정당 제출자료","current_unavailable_official_source","2"
"기초의원비례대표선거","유성구","비례대표 정당 제출자료","current_unavailable_official_source","2"
"기초의원비례대표선거","은평구","비례대표 정당 제출자료","current_unavailable_official_source","2"
"기초의원비례대표선거","음성군","비례대표 정당 제출자료","current_unavailable_official_source","2"
"기초의원비례대표선거","의성군","비례대표 정당 제출자료","current_unavailable_official_source","2"
"기초의원비례대표선거","의왕시","비례대표 정당 제출자료","current_unavailable_official_source","2"
"기초의원비례대표선거","의정부시","비례대표 정당 제출자료","current_unavailable_official_source","2"
"기초의원비례대표선거","이천시","비례대표 정당 제출자료","current_unavailable_official_source","2"
"기초의원비례대표선거","인제군","비례대표 정당 제출자료","current_unavailable_official_source","2"
"기초의원비례대표선거","임실군","비례대표 정당 제출자료","current_unavailable_official_source","2"
"기초의원비례대표선거","장수군","비례대표 정당 제출자료","current_unavailable_official_source","2"
"기초의원비례대표선거","정선군","비례대표 정당 제출자료","current_unavailable_official_source","2"
"기초의원비례대표선거","정읍시","비례대표 정당 제출자료","current_unavailable_official_source","2"
"기초의원비례대표선거","제물포구","비례대표 정당 제출자료","current_unavailable_official_source","2"
"기초의원비례대표선거","제천시","비례대표 정당 제출자료","current_unavailable_official_source","2"
"기초의원비례대표선거","종로구","비례대표 정당 제출자료","current_unavailable_official_source","2"
"기초의원비례대표선거","중구","비례대표 정당 제출자료","current_unavailable_official_source","2"
"기초의원비례대표선거","중랑구","비례대표 정당 제출자료","current_unavailable_official_source","2"
"기초의원비례대표선거","증평군","비례대표 정당 제출자료","current_unavailable_official_source","2"
"기초의원비례대표선거","진천군","비례대표 정당 제출자료","current_unavailable_official_source","2"
"기초의원비례대표선거","철원군","비례대표 정당 제출자료","current_unavailable_official_source","2"
"기초의원비례대표선거","청양군","비례대표 정당 제출자료","current_unavailable_official_source","2"
"기초의원비례대표선거","춘천시","비례대표 정당 제출자료","current_unavailable_official_source","2"
"기초의원비례대표선거","충주시","비례대표 정당 제출자료","current_unavailable_official_source","2"
"기초의원비례대표선거","태백시","비례대표 정당 제출자료","current_unavailable_official_source","2"
"기초의원비례대표선거","태안군","비례대표 정당 제출자료","current_unavailable_official_source","2"
"기초의원비례대표선거","통영시","비례대표 정당 제출자료","current_unavailable_official_source","2"
"기초의원비례대표선거","파주시","비례대표 정당 제출자료","current_unavailable_official_source","2"
"기초의원비례대표선거","평창군","비례대표 정당 제출자료","current_unavailable_official_source","2"
"기초의원비례대표선거","하남시","비례대표 정당 제출자료","current_unavailable_official_source","2"
"기초의원비례대표선거","하동군","비례대표 정당 제출자료","current_unavailable_official_source","2"
"기초의원비례대표선거","함양군","비례대표 정당 제출자료","current_unavailable_official_source","2"
"기초의원비례대표선거","합천군","비례대표 정당 제출자료","current_unavailable_official_source","2"
"기초의원비례대표선거","해남군","비례대표 정당 제출자료","current_unavailable_official_source","2"
"기초의원비례대표선거","해운대구","비례대표 정당 제출자료","current_unavailable_official_source","2"
"기초의원비례대표선거","홍성군","비례대표 정당 제출자료","current_unavailable_official_source","2"
"기초의원비례대표선거","홍천군","비례대표 정당 제출자료","current_unavailable_official_source","2"
"기초의원비례대표선거","화천군","비례대표 정당 제출자료","current_unavailable_official_source","2"
"기초의원비례대표선거","횡성군","비례대표 정당 제출자료","current_unavailable_official_source","2"
"시·도의회의원선거","강남구제3선거구","선거공보","available_in_original_pack","2"
"시·도의회의원선거","강남구제5선거구","선거공보","available_in_original_pack","2"
"시·도의회의원선거","강남구제6선거구","선거공보","available_in_original_pack","2"
"시·도의회의원선거","강동구제1선거구","선거공보","available_in_original_pack","2"
"시·도의회의원선거","강동구제3선거구","선거공보","available_in_original_pack","2"
"시·도의회의원선거","강동구제4선거구","선거공보","available_in_original_pack","2"
"시·도의회의원선거","강동구제5선거구","선거공보","available_in_original_pack","2"
"시·도의회의원선거","강동구제6선거구","선거공보","available_in_original_pack","2"
"시·도의회의원선거","강릉시제1선거구","선거공보","available_in_original_pack","2"
"시·도의회의원선거","강릉시제2선거구","선거공보","available_in_original_pack","2"
"시·도의회의원선거","강릉시제3선거구","선거공보","available_in_original_pack","2"
"시·도의회의원선거","강릉시제5선거구","선거공보","available_in_original_pack","2"
"시·도의회의원선거","강북구제1선거구","선거공보","available_in_original_pack","2"
"시·도의회의원선거","강북구제2선거구","선거공보","available_in_original_pack","2"
"시·도의회의원선거","강북구제3선거구","선거공보","available_in_original_pack","2"
"시·도의회의원선거","강서구제5선거구","선거공보","available_in_original_pack","2"
"시·도의회의원선거","강서구제6선거구","선거공보","available_in_original_pack","2"
"시·도의회의원선거","강화군선거구","선거공보","available_in_original_pack","2"
"시·도의회의원선거","거제시제1선거구","선거공보","available_in_original_pack","2"
"시·도의회의원선거","거제시제2선거구","선거공보","available_in_original_pack","2"
"시·도의회의원선거","거제시제3선거구","선거공보","available_in_original_pack","2"
"시·도의회의원선거","거창군제1선거구","선거공보","available_in_original_pack","2"
"시·도의회의원선거","검단구제1선거구","선거공보","available_in_original_pack","2"
"시·도의회의원선거","검단구제2선거구","선거공보","available_in_original_pack","2"
"시·도의회의원선거","경산시제3선거구","선거공보","available_in_original_pack","2"
"시·도의회의원선거","경산시제4선거구","선거공보","available_in_original_pack","2"
"시·도의회의원선거","경산시제5선거구","선거공보","available_in_original_pack","2"
"시·도의회의원선거","계양구제1선거구","선거공보","available_in_original_pack","2"
"시·도의회의원선거","계양구제2선거구","선거공보","available_in_original_pack","2"
"시·도의회의원선거","계양구제3선거구","선거공보","available_in_original_pack","2"
"시·도의회의원선거","계양구제4선거구","선거공보","available_in_original_pack","2"
"시·도의회의원선거","고성군제1선거구","선거공보","available_in_original_pack","2"
"시·도의회의원선거","고성군제2선거구","선거공보","available_in_original_pack","2"
"시·도의회의원선거","고양시제10선거구","선거공보","available_in_original_pack","2"
"시·도의회의원선거","고양시제11선거구","선거공보","available_in_original_pack","2"
"시·도의회의원선거","고양시제12선거구","선거공보","available_in_original_pack","2"
"시·도의회의원선거","고양시제2선거구","선거공보","available_in_original_pack","2"
"시·도의회의원선거","고양시제4선거구","선거공보","available_in_original_pack","2"
"시·도의회의원선거","고양시제5선거구","선거공보","available_in_original_pack","2"
"시·도의회의원선거","고양시제6선거구","선거공보","available_in_original_pack","2"
"시·도의회의원선거","고양시제7선거구","선거공보","pack_stale_currently_available","2"
"시·도의회의원선거","고양시제9선거구","선거공보","pack_stale_currently_available","2"
"시·도의회의원선거","공주시제1선거구","선거공보","available_in_original_pack","2"
"시·도의회의원선거","공주시제2선거구","선거공보","available_in_original_pack","2"
"시·도의회의원선거","과천시선거구","선거공보","available_in_original_pack","2"
"시·도의회의원선거","관악구제4선거구","선거공보","available_in_original_pack","2"
"시·도의회의원선거","관악구제5선거구","선거공보","available_in_original_pack","2"
"시·도의회의원선거","광명시제1선거구","선거공보","available_in_original_pack","2"
"시·도의회의원선거","광명시제2선거구","선거공보","available_in_original_pack","2"
"시·도의회의원선거","광명시제3선거구","선거공보","available_in_original_pack","2"
"시·도의회의원선거","광명시제4선거구","선거공보","available_in_original_pack","2"
"시·도의회의원선거","광산구제1선거구","선거공보","available_in_original_pack","2"
"시·도의회의원선거","광산구제2선거구","선거공보","available_in_original_pack","2"
"시·도의회의원선거","광주시제1선거구","선거공보","available_in_original_pack","2"
"시·도의회의원선거","광주시제2선거구","선거공보","available_in_original_pack","2"
"시·도의회의원선거","광주시제3선거구","선거공보","available_in_original_pack","2"
"시·도의회의원선거","광주시제4선거구","선거공보","available_in_original_pack","2"
"시·도의회의원선거","광진구제1선거구","선거공보","available_in_original_pack","2"
"시·도의회의원선거","광진구제2선거구","선거공보","available_in_original_pack","2"
"시·도의회의원선거","광진구제3선거구","선거공보","available_in_original_pack","2"
"시·도의회의원선거","광진구제4선거구","선거공보","available_in_original_pack","2"
"시·도의회의원선거","구로구제1선거구","선거공보","available_in_original_pack","2"
"시·도의회의원선거","구로구제2선거구","선거공보","available_in_original_pack","2"
"시·도의회의원선거","구로구제3선거구","선거공보","available_in_original_pack","2"
"시·도의회의원선거","구로구제4선거구","선거공보","available_in_original_pack","2"
"시·도의회의원선거","구리시제1선거구","선거공보","available_in_original_pack","2"
"시·도의회의원선거","구리시제2선거구","선거공보","available_in_original_pack","2"
"시·도의회의원선거","구미시제1선거구","선거공보","available_in_original_pack","2"
"시·도의회의원선거","구미시제3선거구","선거공보","available_in_original_pack","2"
"시·도의회의원선거","구미시제4선거구","선거공보","available_in_original_pack","2"
"시·도의회의원선거","구미시제5선거구","선거공보","available_in_original_pack","2"
"시·도의회의원선거","구미시제6선거구","선거공보","available_in_original_pack","2"
"시·도의회의원선거","구미시제7선거구","선거공보","available_in_original_pack","2"
"시·도의회의원선거","구미시제8선거구","선거공보","available_in_original_pack","2"
"시·도의회의원선거","군산시제2선거구","선거공보","current_unavailable_official_source","2"
"시·도의회의원선거","군위군선거구","선거공보","available_in_original_pack","2"
"시·도의회의원선거","군포시제2선거구","선거공보","available_in_original_pack","2"
"시·도의회의원선거","군포시제3선거구","선거공보","available_in_original_pack","2"
"시·도의회의원선거","금산군제1선거구","선거공보","available_in_original_pack","2"
"시·도의회의원선거","금정구제1선거구","선거공보","available_in_original_pack","2"
"시·도의회의원선거","금정구제2선거구","선거공보","available_in_original_pack","2"
"시·도의회의원선거","금천구제1선거구","선거공보","available_in_original_pack","2"
"시·도의회의원선거","금천구제2선거구","선거공보","available_in_original_pack","2"
"시·도의회의원선거","기장군제1선거구","선거공보","available_in_original_pack","2"
"시·도의회의원선거","김제시제2선거구","선거공보","current_unavailable_official_source","2"
"시·도의회의원선거","김천시제3선거구","선거공보","available_in_original_pack","2"
"시·도의회의원선거","김포시제1선거구","선거공보","available_in_original_pack","2"
"시·도의회의원선거","김포시제2선거구","선거공보","available_in_original_pack","2"
"시·도의회의원선거","김포시제3선거구","선거공보","available_in_original_pack","2"
"시·도의회의원선거","김포시제4선거구","선거공보","available_in_original_pack","2"
"시·도의회의원선거","김해시제1선거구","선거공보","available_in_original_pack","2"
"시·도의회의원선거","김해시제2선거구","선거공보","available_in_original_pack","2"
"시·도의회의원선거","김해시제3선거구","선거공보","available_in_original_pack","2"
"시·도의회의원선거","김해시제5선거구","선거공보","available_in_original_pack","2"
"시·도의회의원선거","김해시제6선거구","선거공보","available_in_original_pack","2"
"시·도의회의원선거","남동구제1선거구","선거공보","available_in_original_pack","2"
"시·도의회의원선거","남동구제2선거구","선거공보","available_in_original_pack","2"
"시·도의회의원선거","남동구제4선거구","선거공보","available_in_original_pack","2"
"시·도의회의원선거","남동구제5선거구","선거공보","available_in_original_pack","2"
"시·도의회의원선거","남동구제6선거구","선거공보","available_in_original_pack","2"
"시·도의회의원선거","남양주시제1선거구","선거공보","available_in_original_pack","2"
"시·도의회의원선거","남양주시제2선거구","선거공보","available_in_original_pack","2"
"시·도의회의원선거","남양주시제3선거구","선거공보","available_in_original_pack","2"
"시·도의회의원선거","남양주시제4선거구","선거공보","available_in_original_pack","2"
"시·도의회의원선거","남양주시제5선거구","선거공보","available_in_original_pack","2"
"시·도의회의원선거","남양주시제6선거구","선거공보","available_in_original_pack","2"
"시·도의회의원선거","남양주시제7선거구","선거공보","available_in_original_pack","2"
"시·도의회의원선거","남원시제1선거구","선거공보","available_in_original_pack","2"
"시·도의회의원선거","남원시제2선거구","선거공보","available_in_original_pack","2"
"시·도의회의원선거","남해군선거구","선거공보","available_in_original_pack","2"
"시·도의회의원선거","노원구제1선거구","선거공보","available_in_original_pack","2"
"시·도의회의원선거","노원구제2선거구","선거공보","available_in_original_pack","2"
"시·도의회의원선거","노원구제3선거구","선거공보","available_in_original_pack","2"
"시·도의회의원선거","노원구제6선거구","선거공보","available_in_original_pack","2"
"시·도의회의원선거","논산시제1선거구","선거공보","available_in_original_pack","2"
"시·도의회의원선거","단양군선거구","선거공보","available_in_original_pack","2"
"시·도의회의원선거","달서구제1선거구","선거공보","available_in_original_pack","2"
"시·도의회의원선거","달서구제2선거구","선거공보","available_in_original_pack","2"
"시·도의회의원선거","달서구제4선거구","선거공보","available_in_original_pack","2"
"시·도의회의원선거","달서구제6선거구","선거공보","available_in_original_pack","2"
"시·도의회의원선거","달성군제1선거구","선거공보","available_in_original_pack","2"
"시·도의회의원선거","달성군제2선거구","선거공보","available_in_original_pack","2"
"시·도의회의원선거","달성군제3선거구","선거공보","available_in_original_pack","2"
"시·도의회의원선거","당진시제1선거구","선거공보","available_in_original_pack","2"
"시·도의회의원선거","당진시제2선거구","선거공보","available_in_original_pack","2"
"시·도의회의원선거","당진시제3선거구","선거공보","available_in_original_pack","2"
"시·도의회의원선거","대덕구제1선거구","선거공보","available_in_original_pack","2"
"시·도의회의원선거","대덕구제3선거구","선거공보","available_in_original_pack","2"
"시·도의회의원선거","도봉구제1선거구","선거공보","available_in_original_pack","2"
"시·도의회의원선거","도봉구제2선거구","선거공보","available_in_original_pack","2"
"시·도의회의원선거","도봉구제3선거구","선거공보","available_in_original_pack","2"
"시·도의회의원선거","도봉구제4선거구","선거공보","available_in_original_pack","2"
"시·도의회의원선거","동구제1선거구","선거공보","current_unavailable_official_source","2"
"시·도의회의원선거","동구제2선거구","선거공보","current_unavailable_official_source","2"
"시·도의회의원선거","동대문구제1선거구","선거공보","available_in_original_pack","2"
"시·도의회의원선거","동대문구제4선거구","선거공보","available_in_original_pack","2"
"시·도의회의원선거","동두천시제1선거구","선거공보","available_in_original_pack","2"
"시·도의회의원선거","동두천시제2선거구","선거공보","available_in_original_pack","2"
"시·도의회의원선거","동래구제1선거구","선거공보","available_in_original_pack","2"
"시·도의회의원선거","동래구제2선거구","선거공보","available_in_original_pack","2"
"시·도의회의원선거","동래구제3선거구","선거공보","available_in_original_pack","2"
"시·도의회의원선거","동작구제1선거구","선거공보","available_in_original_pack","2"
"시·도의회의원선거","동작구제2선거구","선거공보","available_in_original_pack","2"
"시·도의회의원선거","동작구제4선거구","선거공보","current_unavailable_official_source","2"
"시·도의회의원선거","동해시제1선거구","선거공보","available_in_original_pack","2"
"시·도의회의원선거","동해시제2선거구","선거공보","available_in_original_pack","2"
"시·도의회의원선거","마포구제2선거구","선거공보","available_in_original_pack","2"
"시·도의회의원선거","마포구제4선거구","선거공보","available_in_original_pack","2"
"시·도의회의원선거","문경시제1선거구","선거공보","available_in_original_pack","2"
"시·도의회의원선거","미추홀구제1선거구","선거공보","available_in_original_pack","2"
"시·도의회의원선거","미추홀구제2선거구","선거공보","available_in_original_pack","2"
"시·도의회의원선거","미추홀구제3선거구","선거공보","available_in_original_pack","2"
"시·도의회의원선거","미추홀구제4선거구","선거공보","available_in_original_pack","2"
"시·도의회의원선거","밀양시제1선거구","선거공보","available_in_original_pack","2"
"시·도의회의원선거","밀양시제2선거구","선거공보","available_in_original_pack","2"
"시·도의회의원선거","보령시제1선거구","선거공보","available_in_original_pack","2"
"시·도의회의원선거","보령시제2선거구","선거공보","available_in_original_pack","2"
"시·도의회의원선거","보은군선거구","선거공보","available_in_original_pack","2"
"시·도의회의원선거","봉화군선거구","선거공보","available_in_original_pack","2"
"시·도의회의원선거","부산진구제3선거구","선거공보","available_in_original_pack","2"
"시·도의회의원선거","부산진구제4선거구","선거공보","available_in_original_pack","2"
"시·도의회의원선거","부여군제1선거구","선거공보","available_in_original_pack","2"
"시·도의회의원선거","부여군제2선거구","선거공보","available_in_original_pack","2"
"시·도의회의원선거","부천시제1선거구","선거공보","available_in_original_pack","2"
"시·도의회의원선거","부천시제3선거구","선거공보","available_in_original_pack","2"
"시·도의회의원선거","부천시제5선거구","선거공보","available_in_original_pack","2"
"시·도의회의원선거","부천시제6선거구","선거공보","available_in_original_pack","2"
"시·도의회의원선거","부천시제7선거구","선거공보","available_in_original_pack","2"
"시·도의회의원선거","부천시제8선거구","선거공보","available_in_original_pack","2"
"시·도의회의원선거","부평구제1선거구","선거공보","available_in_original_pack","2"
"시·도의회의원선거","부평구제2선거구","선거공보","available_in_original_pack","2"
"시·도의회의원선거","부평구제3선거구","선거공보","available_in_original_pack","2"
"시·도의회의원선거","부평구제4선거구","선거공보","available_in_original_pack","2"
"시·도의회의원선거","북구제1선거구","선거공보","current_unavailable_official_source","2"
"시·도의회의원선거","북구제2선거구","선거공보","current_unavailable_official_source","2"
"시·도의회의원선거","북구제3선거구","선거공보","current_unavailable_official_source","2"
"시·도의회의원선거","북구제4선거구","선거공보","available_in_original_pack","2"
"시·도의회의원선거","사상구제1선거구","선거공보","available_in_original_pack","2"
"시·도의회의원선거","사상구제2선거구","선거공보","available_in_original_pack","2"
"시·도의회의원선거","사천시제2선거구","선거공보","available_in_original_pack","2"
"시·도의회의원선거","사하구제3선거구","선거공보","available_in_original_pack","2"
"시·도의회의원선거","사하구제4선거구","선거공보","available_in_original_pack","2"
"시·도의회의원선거","산청군선거구","선거공보","available_in_original_pack","2"
"시·도의회의원선거","삼척시제1선거구","선거공보","available_in_original_pack","2"
"시·도의회의원선거","삼척시제2선거구","선거공보","available_in_original_pack","2"
"시·도의회의원선거","상주시제2선거구","선거공보","available_in_original_pack","2"
"시·도의회의원선거","서구제1선거구","선거공보","current_unavailable_official_source","2"
"시·도의회의원선거","서구제3선거구","선거공보","current_unavailable_official_source","2"
"시·도의회의원선거","서구제6선거구","선거공보","available_in_original_pack","2"
"시·도의회의원선거","서대문구제4선거구","선거공보","available_in_original_pack","2"
"시·도의회의원선거","서산시제2선거구","선거공보","available_in_original_pack","2"
"시·도의회의원선거","서산시제3선거구","선거공보","available_in_original_pack","2"
"시·도의회의원선거","서천군제1선거구","선거공보","available_in_original_pack","2"
"시·도의회의원선거","서천군제2선거구","선거공보","available_in_original_pack","2"
"시·도의회의원선거","서초구제2선거구","선거공보","available_in_original_pack","2"
"시·도의회의원선거","서초구제3선거구","선거공보","available_in_original_pack","2"
"시·도의회의원선거","서초구제4선거구","선거공보","available_in_original_pack","2"
"시·도의회의원선거","성남시제1선거구","선거공보","available_in_original_pack","2"
"시·도의회의원선거","성남시제2선거구","선거공보","available_in_original_pack","2"
"시·도의회의원선거","성남시제4선거구","선거공보","available_in_original_pack","2"
"시·도의회의원선거","성남시제6선거구","선거공보","available_in_original_pack","2"
"시·도의회의원선거","성남시제7선거구","선거공보","available_in_original_pack","2"
"시·도의회의원선거","성남시제8선거구","선거공보","available_in_original_pack","2"
"시·도의회의원선거","성동구제4선거구","선거공보","current_unavailable_official_source","2"
"시·도의회의원선거","성북구제2선거구","선거공보","available_in_original_pack","2"
"시·도의회의원선거","성북구제3선거구","선거공보","available_in_original_pack","2"
"시·도의회의원선거","성북구제4선거구","선거공보","available_in_original_pack","2"
"시·도의회의원선거","세종특별자치시제10선거구","선거공보","available_in_original_pack","2"
"시·도의회의원선거","세종특별자치시제11선거구","선거공보","available_in_original_pack","2"
"시·도의회의원선거","세종특별자치시제12선거구","선거공보","available_in_original_pack","2"
"시·도의회의원선거","세종특별자치시제15선거구","선거공보","available_in_original_pack","2"
"시·도의회의원선거","세종특별자치시제16선거구","선거공보","available_in_original_pack","2"
"시·도의회의원선거","세종특별자치시제17선거구","선거공보","available_in_original_pack","2"
"시·도의회의원선거","세종특별자치시제18선거구","선거공보","available_in_original_pack","2"
"시·도의회의원선거","세종특별자치시제3선거구","선거공보","available_in_original_pack","2"
"시·도의회의원선거","세종특별자치시제5선거구","선거공보","available_in_original_pack","2"
"시·도의회의원선거","세종특별자치시제6선거구","선거공보","available_in_original_pack","2"
"시·도의회의원선거","세종특별자치시제7선거구","선거공보","available_in_original_pack","2"
"시·도의회의원선거","세종특별자치시제8선거구","선거공보","available_in_original_pack","2"
"시·도의회의원선거","세종특별자치시제9선거구","선거공보","available_in_original_pack","2"
"시·도의회의원선거","속초시제1선거구","선거공보","available_in_original_pack","2"
"시·도의회의원선거","속초시제2선거구","선거공보","available_in_original_pack","2"
"시·도의회의원선거","송파구제1선거구","선거공보","available_in_original_pack","2"
"시·도의회의원선거","송파구제2선거구","선거공보","available_in_original_pack","2"
"시·도의회의원선거","송파구제3선거구","선거공보","available_in_original_pack","2"
"시·도의회의원선거","송파구제4선거구","선거공보","available_in_original_pack","2"
"시·도의회의원선거","수성구제1선거구","선거공보","available_in_original_pack","2"
"시·도의회의원선거","수성구제4선거구","선거공보","available_in_original_pack","2"
"시·도의회의원선거","수성구제5선거구","선거공보","available_in_original_pack","2"
"시·도의회의원선거","수영구제1선거구","선거공보","current_unavailable_official_source","2"
"시·도의회의원선거","수영구제2선거구","선거공보","current_unavailable_official_source","2"
"시·도의회의원선거","수원시제10선거구","선거공보","available_in_original_pack","2"
"시·도의회의원선거","수원시제11선거구","선거공보","available_in_original_pack","2"
"시·도의회의원선거","수원시제12선거구","선거공보","available_in_original_pack","2"
"시·도의회의원선거","수원시제1선거구","선거공보","available_in_original_pack","2"
"시·도의회의원선거","수원시제2선거구","선거공보","available_in_original_pack","2"
"시·도의회의원선거","수원시제3선거구","선거공보","available_in_original_pack","2"
"시·도의회의원선거","수원시제4선거구","선거공보","available_in_original_pack","2"
"시·도의회의원선거","수원시제5선거구","선거공보","pack_stale_currently_available","2"
"시·도의회의원선거","수원시제6선거구","선거공보","available_in_original_pack","2"
"시·도의회의원선거","수원시제7선거구","선거공보","available_in_original_pack","2"
"시·도의회의원선거","수원시제8선거구","선거공보","available_in_original_pack","2"
"시·도의회의원선거","수원시제9선거구","선거공보","available_in_original_pack","2"
"시·도의회의원선거","순창군선거구","선거공보","available_in_original_pack","2"
"시·도의회의원선거","시흥시제2선거구","선거공보","available_in_original_pack","2"
"시·도의회의원선거","시흥시제4선거구","선거공보","available_in_original_pack","2"
"시·도의회의원선거","시흥시제5선거구","선거공보","available_in_original_pack","2"
"시·도의회의원선거","아산시제1선거구","선거공보","available_in_original_pack","2"
"시·도의회의원선거","아산시제2선거구","선거공보","available_in_original_pack","2"
"시·도의회의원선거","아산시제3선거구","선거공보","available_in_original_pack","2"
"시·도의회의원선거","아산시제4선거구","선거공보","available_in_original_pack","2"
"시·도의회의원선거","아산시제5선거구","선거공보","available_in_original_pack","2"
"시·도의회의원선거","아산시제6선거구","선거공보","available_in_original_pack","2"
"시·도의회의원선거","안산시제1선거구","선거공보","available_in_original_pack","2"
"시·도의회의원선거","안산시제3선거구","선거공보","available_in_original_pack","2"
"시·도의회의원선거","안산시제4선거구","선거공보","available_in_original_pack","2"
"시·도의회의원선거","안산시제6선거구","선거공보","available_in_original_pack","2"
"시·도의회의원선거","안산시제8선거구","선거공보","available_in_original_pack","2"
"시·도의회의원선거","안성시제1선거구","선거공보","available_in_original_pack","2"
"시·도의회의원선거","안성시제2선거구","선거공보","available_in_original_pack","2"
"시·도의회의원선거","안양시제1선거구","선거공보","pack_stale_currently_available","2"
"시·도의회의원선거","안양시제2선거구","선거공보","pack_stale_currently_available","2"
"시·도의회의원선거","안양시제3선거구","선거공보","available_in_original_pack","2"
"시·도의회의원선거","안양시제4선거구","선거공보","available_in_original_pack","2"
"시·도의회의원선거","안양시제5선거구","선거공보","available_in_original_pack","2"
"시·도의회의원선거","안양시제6선거구","선거공보","available_in_original_pack","2"
"시·도의회의원선거","양산시제2선거구","선거공보","available_in_original_pack","2"
"시·도의회의원선거","양산시제3선거구","선거공보","available_in_original_pack","2"
"시·도의회의원선거","양산시제4선거구","선거공보","available_in_original_pack","2"
"시·도의회의원선거","양산시제5선거구","선거공보","available_in_original_pack","2"
"시·도의회의원선거","양산시제6선거구","선거공보","available_in_original_pack","2"
"시·도의회의원선거","양산시제7선거구","선거공보","available_in_original_pack","2"
"시·도의회의원선거","양주시제1선거구","선거공보","available_in_original_pack","2"
"시·도의회의원선거","양주시제2선거구","선거공보","available_in_original_pack","2"
"시·도의회의원선거","양주시제3선거구","선거공보","available_in_original_pack","2"
"시·도의회의원선거","양천구제1선거구","선거공보","available_in_original_pack","2"
"시·도의회의원선거","양천구제2선거구","선거공보","available_in_original_pack","2"
"시·도의회의원선거","양천구제3선거구","선거공보","available_in_original_pack","2"
"시·도의회의원선거","양천구제4선거구","선거공보","available_in_original_pack","2"
"시·도의회의원선거","양평군제1선거구","선거공보","available_in_original_pack","2"
"시·도의회의원선거","양평군제2선거구","선거공보","available_in_original_pack","2"
"시·도의회의원선거","여주시제1선거구","선거공보","available_in_original_pack","2"
"시·도의회의원선거","여주시제2선거구","선거공보","available_in_original_pack","2"
"시·도의회의원선거","연수구제1선거구","선거공보","available_in_original_pack","2"
"시·도의회의원선거","연수구제2선거구","선거공보","available_in_original_pack","2"
"시·도의회의원선거","연수구제3선거구","선거공보","available_in_original_pack","2"
"시·도의회의원선거","연수구제4선거구","선거공보","available_in_original_pack","2"
"시·도의회의원선거","연수구제5선거구","선거공보","available_in_original_pack","2"
"시·도의회의원선거","연수구제6선거구","선거공보","available_in_original_pack","2"
"시·도의회의원선거","연제구제2선거구","선거공보","available_in_original_pack","2"
"시·도의회의원선거","연천군선거구","선거공보","available_in_original_pack","2"
"시·도의회의원선거","영덕군선거구","선거공보","available_in_original_pack","2"
"시·도의회의원선거","영도구제1선거구","선거공보","available_in_original_pack","2"
"시·도의회의원선거","영동군선거구","선거공보","available_in_original_pack","2"
"시·도의회의원선거","영등포구제1선거구","선거공보","available_in_original_pack","2"
"시·도의회의원선거","영등포구제4선거구","선거공보","available_in_original_pack","2"
"시·도의회의원선거","영양군선거구","선거공보","available_in_original_pack","2"
"시·도의회의원선거","영월군제1선거구","선거공보","available_in_original_pack","2"
"시·도의회의원선거","영종구제1선거구","선거공보","available_in_original_pack","2"
"시·도의회의원선거","영주시제2선거구","선거공보","available_in_original_pack","2"
"시·도의회의원선거","예산군제2선거구","선거공보","available_in_original_pack","2"
"시·도의회의원선거","예천군제1선거구","선거공보","available_in_original_pack","2"
"시·도의회의원선거","예천군제2선거구","선거공보","available_in_original_pack","2"
"시·도의회의원선거","오산시제1선거구","선거공보","available_in_original_pack","2"
"시·도의회의원선거","오산시제2선거구","선거공보","available_in_original_pack","2"
"시·도의회의원선거","옥천군제1선거구","선거공보","available_in_original_pack","2"
"시·도의회의원선거","옥천군제2선거구","선거공보","available_in_original_pack","2"
"시·도의회의원선거","용산구제1선거구","선거공보","available_in_original_pack","2"
"시·도의회의원선거","용산구제2선거구","선거공보","available_in_original_pack","2"
"시·도의회의원선거","용인시제10선거구","선거공보","pack_stale_currently_available","2"
"시·도의회의원선거","용인시제11선거구","선거공보","available_in_original_pack","2"
"시·도의회의원선거","용인시제1선거구","선거공보","available_in_original_pack","2"
"시·도의회의원선거","용인시제2선거구","선거공보","available_in_original_pack","2"
"시·도의회의원선거","용인시제4선거구","선거공보","pack_stale_currently_available","2"
"시·도의회의원선거","용인시제5선거구","선거공보","pack_stale_currently_available","2"
"시·도의회의원선거","용인시제6선거구","선거공보","available_in_original_pack","2"
"시·도의회의원선거","용인시제7선거구","선거공보","available_in_original_pack","2"
"시·도의회의원선거","용인시제8선거구","선거공보","available_in_original_pack","2"
"시·도의회의원선거","용인시제9선거구","선거공보","pack_stale_currently_available","2"
"시·도의회의원선거","울주군제1선거구","선거공보","available_in_original_pack","2"
"시·도의회의원선거","울주군제3선거구","선거공보","available_in_original_pack","2"
"시·도의회의원선거","원주시제10선거구","선거공보","available_in_original_pack","2"
"시·도의회의원선거","원주시제1선거구","선거공보","available_in_original_pack","2"
"시·도의회의원선거","원주시제2선거구","선거공보","available_in_original_pack","2"
"시·도의회의원선거","원주시제3선거구","선거공보","available_in_original_pack","2"
"시·도의회의원선거","원주시제4선거구","선거공보","available_in_original_pack","2"
"시·도의회의원선거","원주시제5선거구","선거공보","available_in_original_pack","2"
"시·도의회의원선거","원주시제7선거구","선거공보","available_in_original_pack","2"
"시·도의회의원선거","원주시제9선거구","선거공보","available_in_original_pack","2"
"시·도의회의원선거","유성구제1선거구","선거공보","available_in_original_pack","2"
"시·도의회의원선거","유성구제2선거구","선거공보","available_in_original_pack","2"
"시·도의회의원선거","유성구제3선거구","선거공보","available_in_original_pack","2"
"시·도의회의원선거","유성구제4선거구","선거공보","available_in_original_pack","2"
"시·도의회의원선거","은평구제1선거구","선거공보","available_in_original_pack","2"
"시·도의회의원선거","은평구제3선거구","선거공보","available_in_original_pack","2"
"시·도의회의원선거","음성군제1선거구","선거공보","available_in_original_pack","2"
"시·도의회의원선거","음성군제2선거구","선거공보","available_in_original_pack","2"
"시·도의회의원선거","의성군제1선거구","선거공보","available_in_original_pack","2"
"시·도의회의원선거","의왕시제1선거구","선거공보","pack_stale_currently_available","2"
"시·도의회의원선거","의왕시제2선거구","선거공보","pack_stale_currently_available","2"
"시·도의회의원선거","의정부시제1선거구","선거공보","available_in_original_pack","2"
"시·도의회의원선거","의정부시제2선거구","선거공보","available_in_original_pack","2"
"시·도의회의원선거","의정부시제3선거구","선거공보","current_unavailable_official_source","2"
"시·도의회의원선거","이천시제1선거구","선거공보","available_in_original_pack","2"
"시·도의회의원선거","이천시제2선거구","선거공보","available_in_original_pack","2"
"시·도의회의원선거","임실군선거구","선거공보","available_in_original_pack","2"
"시·도의회의원선거","장수군선거구","선거공보","current_unavailable_official_source","2"
"시·도의회의원선거","전주시제7선거구","선거공보","pack_stale_currently_available","2"
"시·도의회의원선거","정선군선거구","선거공보","available_in_original_pack","2"
"시·도의회의원선거","정읍시제2선거구","선거공보","current_unavailable_official_source","2"
"시·도의회의원선거","제물포구제1선거구","선거공보","available_in_original_pack","2"
"시·도의회의원선거","제물포구제2선거구","선거공보","available_in_original_pack","2"
"시·도의회의원선거","제주특별자치도 서귀포시 대륜동선거구","선거공보","available_in_original_pack","2"
"시·도의회의원선거","제주특별자치도 서귀포시 동홍동선거구","선거공보","available_in_original_pack","2"
"시·도의회의원선거","제주특별자치도 서귀포시 성산읍선거구","선거공보","available_in_original_pack","2"
"시·도의회의원선거","제주특별자치도 서귀포시 송산동·효돈동·영천동선거구","선거공보","available_in_original_pack","2"
"시·도의회의원선거","제주특별자치도 서귀포시 안덕면선거구","선거공보","available_in_original_pack","2"
"시·도의회의원선거","제주특별자치도 제주시 노형동갑선거구","선거공보","available_in_original_pack","2"
"시·도의회의원선거","제주특별자치도 제주시 삼도1동·삼도2동선거구","선거공보","available_in_original_pack","2"
"시·도의회의원선거","제주특별자치도 제주시 아라동을선거구","선거공보","available_in_original_pack","2"
"시·도의회의원선거","제주특별자치도 제주시 애월읍갑선거구","선거공보","available_in_original_pack","2"
"시·도의회의원선거","제주특별자치도 제주시 연동갑선거구","선거공보","available_in_original_pack","2"
"시·도의회의원선거","제주특별자치도 제주시 오라동선거구","선거공보","available_in_original_pack","2"
"시·도의회의원선거","제주특별자치도 제주시 용담1동·용담2동선거구","선거공보","available_in_original_pack","2"
"시·도의회의원선거","제주특별자치도 제주시 이도2동을선거구","선거공보","available_in_original_pack","2"
"시·도의회의원선거","제주특별자치도 제주시 조천읍선거구","선거공보","available_in_original_pack","2"
"시·도의회의원선거","제주특별자치도 제주시 한경면·추자면선거구","선거공보","available_in_original_pack","2"
"시·도의회의원선거","제주특별자치도 제주시 한림읍선거구","선거공보","available_in_original_pack","2"
"시·도의회의원선거","제천시제1선거구","선거공보","available_in_original_pack","2"
"시·도의회의원선거","제천시제2선거구","선거공보","available_in_original_pack","2"
"시·도의회의원선거","제천시제3선거구","선거공보","available_in_original_pack","2"
"시·도의회의원선거","중구선거구","선거공보","available_in_original_pack","2"
"시·도의회의원선거","중구제4선거구","선거공보","available_in_original_pack","2"
"시·도의회의원선거","중랑구제1선거구","선거공보","available_in_original_pack","2"
"시·도의회의원선거","중랑구제3선거구","선거공보","available_in_original_pack","2"
"시·도의회의원선거","증평군선거구","선거공보","available_in_original_pack","2"
"시·도의회의원선거","진안군선거구","선거공보","available_in_original_pack","2"
"시·도의회의원선거","진주시제1선거구","선거공보","available_in_original_pack","2"
"시·도의회의원선거","진주시제4선거구","선거공보","available_in_original_pack","2"
"시·도의회의원선거","진천군제1선거구","선거공보","available_in_original_pack","2"
"시·도의회의원선거","진천군제2선거구","선거공보","available_in_original_pack","2"
"시·도의회의원선거","창녕군제1선거구","선거공보","available_in_original_pack","2"
"시·도의회의원선거","창원시제10선거구","선거공보","available_in_original_pack","2"
"시·도의회의원선거","창원시제11선거구","선거공보","available_in_original_pack","2"
"시·도의회의원선거","창원시제12선거구","선거공보","available_in_original_pack","2"
"시·도의회의원선거","창원시제13선거구","선거공보","available_in_original_pack","2"
"시·도의회의원선거","창원시제15선거구","선거공보","available_in_original_pack","2"
"시·도의회의원선거","창원시제16선거구","선거공보","available_in_original_pack","2"
"시·도의회의원선거","창원시제4선거구","선거공보","available_in_original_pack","2"
"시·도의회의원선거","창원시제7선거구","선거공보","available_in_original_pack","2"
"시·도의회의원선거","창원시제8선거구","선거공보","available_in_original_pack","2"
"시·도의회의원선거","창원시제9선거구","선거공보","available_in_original_pack","2"
"시·도의회의원선거","천안시제10선거구","선거공보","available_in_original_pack","2"
"시·도의회의원선거","천안시제11선거구","선거공보","available_in_original_pack","2"
"시·도의회의원선거","천안시제1선거구","선거공보","available_in_original_pack","2"
"시·도의회의원선거","천안시제2선거구","선거공보","available_in_original_pack","2"
"시·도의회의원선거","천안시제3선거구","선거공보","available_in_original_pack","2"
"시·도의회의원선거","천안시제6선거구","선거공보","available_in_original_pack","2"
"시·도의회의원선거","천안시제7선거구","선거공보","available_in_original_pack","2"
"시·도의회의원선거","천안시제8선거구","선거공보","available_in_original_pack","2"
"시·도의회의원선거","천안시제9선거구","선거공보","available_in_original_pack","2"
"시·도의회의원선거","철원군제1선거구","선거공보","available_in_original_pack","2"
"시·도의회의원선거","철원군제2선거구","선거공보","pack_stale_currently_available","2"
"시·도의회의원선거","청양군선거구","선거공보","available_in_original_pack","2"
"시·도의회의원선거","청주시제10선거구","선거공보","available_in_original_pack","2"
"시·도의회의원선거","청주시제11선거구","선거공보","available_in_original_pack","2"
"시·도의회의원선거","청주시제12선거구","선거공보","available_in_original_pack","2"
"시·도의회의원선거","청주시제14선거구","선거공보","available_in_original_pack","2"
"시·도의회의원선거","청주시제15선거구","선거공보","available_in_original_pack","2"
"시·도의회의원선거","청주시제1선거구","선거공보","available_in_original_pack","2"
"시·도의회의원선거","청주시제2선거구","선거공보","available_in_original_pack","2"
"시·도의회의원선거","청주시제3선거구","선거공보","available_in_original_pack","2"
"시·도의회의원선거","청주시제4선거구","선거공보","available_in_original_pack","2"
"시·도의회의원선거","청주시제5선거구","선거공보","available_in_original_pack","2"
"시·도의회의원선거","청주시제6선거구","선거공보","available_in_original_pack","2"
"시·도의회의원선거","청주시제7선거구","선거공보","available_in_original_pack","2"
"시·도의회의원선거","청주시제8선거구","선거공보","available_in_original_pack","2"
"시·도의회의원선거","청주시제9선거구","선거공보","available_in_original_pack","2"
"시·도의회의원선거","춘천시제1선거구","선거공보","pack_stale_currently_available","2"
"시·도의회의원선거","춘천시제4선거구","선거공보","available_in_original_pack","2"
"시·도의회의원선거","춘천시제6선거구","선거공보","available_in_original_pack","2"
"시·도의회의원선거","춘천시제7선거구","선거공보","available_in_original_pack","2"
"시·도의회의원선거","춘천시제8선거구","선거공보","available_in_original_pack","2"
"시·도의회의원선거","충주시제1선거구","선거공보","available_in_original_pack","2"
"시·도의회의원선거","충주시제2선거구","선거공보","available_in_original_pack","2"
"시·도의회의원선거","충주시제3선거구","선거공보","available_in_original_pack","2"
"시·도의회의원선거","충주시제4선거구","선거공보","available_in_original_pack","2"
"시·도의회의원선거","태백시제1선거구","선거공보","available_in_original_pack","2"
"시·도의회의원선거","태백시제2선거구","선거공보","available_in_original_pack","2"
"시·도의회의원선거","태안군제1선거구","선거공보","available_in_original_pack","2"
"시·도의회의원선거","태안군제2선거구","선거공보","available_in_original_pack","2"
"시·도의회의원선거","통영시제1선거구","선거공보","available_in_original_pack","2"
"시·도의회의원선거","통영시제2선거구","선거공보","available_in_original_pack","2"
"시·도의회의원선거","파주시제2선거구","선거공보","current_unavailable_official_source","2"
"시·도의회의원선거","파주시제3선거구","선거공보","current_unavailable_official_source","2"
"시·도의회의원선거","파주시제4선거구","선거공보","current_unavailable_official_source","2"
"시·도의회의원선거","파주시제5선거구","선거공보","current_unavailable_official_source","2"
"시·도의회의원선거","평창군제1선거구","선거공보","available_in_original_pack","2"
"시·도의회의원선거","평창군제2선거구","선거공보","available_in_original_pack","2"
"시·도의회의원선거","평택시제3선거구","선거공보","current_unavailable_official_source","2"
"시·도의회의원선거","평택시제6선거구","선거공보","current_unavailable_official_source","2"
"시·도의회의원선거","포천시제1선거구","선거공보","available_in_original_pack","2"
"시·도의회의원선거","포항시제1선거구","선거공보","available_in_original_pack","2"
"시·도의회의원선거","포항시제2선거구","선거공보","available_in_original_pack","2"
"시·도의회의원선거","포항시제3선거구","선거공보","available_in_original_pack","2"
"시·도의회의원선거","포항시제9선거구","선거공보","available_in_original_pack","2"
"시·도의회의원선거","하남시제2선거구","선거공보","available_in_original_pack","2"
"시·도의회의원선거","하남시제3선거구","선거공보","available_in_original_pack","2"
"시·도의회의원선거","하남시제4선거구","선거공보","available_in_original_pack","2"
"시·도의회의원선거","함안군제1선거구","선거공보","available_in_original_pack","2"
"시·도의회의원선거","함안군제2선거구","선거공보","available_in_original_pack","2"
"시·도의회의원선거","함양군선거구","선거공보","available_in_original_pack","2"
"시·도의회의원선거","합천군선거구","선거공보","available_in_original_pack","2"
"시·도의회의원선거","해운대구제2선거구","선거공보","available_in_original_pack","2"
"시·도의회의원선거","해운대구제3선거구","선거공보","available_in_original_pack","2"
"시·도의회의원선거","해운대구제4선거구","선거공보","available_in_original_pack","2"
"시·도의회의원선거","홍성군제1선거구","선거공보","available_in_original_pack","2"
"시·도의회의원선거","홍성군제2선거구","선거공보","available_in_original_pack","2"
"시·도의회의원선거","화성시제1선거구","선거공보","available_in_original_pack","2"
"시·도의회의원선거","화성시제2선거구","선거공보","available_in_original_pack","2"
"시·도의회의원선거","화성시제3선거구","선거공보","available_in_original_pack","2"
"시·도의회의원선거","화성시제4선거구","선거공보","available_in_original_pack","2"
"시·도의회의원선거","화성시제7선거구","선거공보","available_in_original_pack","2"
"시·도의회의원선거","화성시제9선거구","선거공보","available_in_original_pack","2"
"시·도의회의원선거","화천군선거구","선거공보","available_in_original_pack","2"
"시·도지사선거","강원특별자치도","5대공약","available_in_original_pack","2"
"시·도지사선거","강원특별자치도","선거공보","available_in_original_pack","2"
"시·도지사선거","강원특별자치도","선거공약서","current_unavailable_official_source","2"
"시·도지사선거","경상북도","5대공약","available_in_original_pack","2"
"시·도지사선거","경상북도","선거공보","available_in_original_pack","2"
"시·도지사선거","경상북도","선거공약서","current_unavailable_official_source","2"
"시·도지사선거","대구광역시","선거공약서","current_unavailable_official_source","2"
"시·도지사선거","대전광역시","선거공약서","current_unavailable_official_source","2"
"시·도지사선거","세종특별자치시","선거공약서","current_unavailable_official_source","2"
"시·도지사선거","인천광역시","선거공약서","current_unavailable_official_source","2"
"시·도지사선거","충청남도","5대공약","available_in_original_pack","2"
"시·도지사선거","충청남도","선거공보","available_in_original_pack","2"
"시·도지사선거","충청북도","5대공약","available_in_original_pack","2"
"시·도지사선거","충청북도","선거공보","available_in_original_pack","2"
"시·도지사선거","충청북도","선거공약서","current_unavailable_official_source","2"
"교육감선거","경상남도","선거공약서","available_in_original_pack","1"
"교육감선거","서울특별시","선거공약서","pack_stale_currently_available","1"
"교육감선거","울산광역시","선거공약서","available_in_original_pack","1"
"교육감선거","전남광주통합특별시","선거공약서","available_in_original_pack","1"
"구·시·군의 장선거","강화군","선거공약서","available_in_original_pack","1"
"구·시·군의 장선거","거제시","선거공약서","available_in_original_pack","1"
"구·시·군의 장선거","고창군","선거공약서","available_in_original_pack","1"
"구·시·군의 장선거","고창군","선거공약서","pack_stale_currently_available","1"
"구·시·군의 장선거","관악구","선거공약서","current_unavailable_official_source","1"
"구·시·군의 장선거","구리시","선거공약서","available_in_original_pack","1"
"구·시·군의 장선거","구리시","선거공약서","current_unavailable_official_source","1"
"구·시·군의 장선거","금정구","선거공약서","available_in_original_pack","1"
"구·시·군의 장선거","김천시","선거공약서","available_in_original_pack","1"
"구·시·군의 장선거","남구","5대공약","current_unavailable_official_source","1"
"구·시·군의 장선거","남구","선거공보","current_unavailable_official_source","1"
"구·시·군의 장선거","대덕구","5대공약","available_in_original_pack","1"
"구·시·군의 장선거","대덕구","5대공약","current_unavailable_official_source","1"
"구·시·군의 장선거","동래구","선거공약서","available_in_original_pack","1"
"구·시·군의 장선거","동래구","선거공약서","current_unavailable_official_source","1"
"구·시·군의 장선거","동작구","선거공보","available_in_original_pack","1"
"구·시·군의 장선거","문경시","선거공약서","current_unavailable_official_source","1"
"구·시·군의 장선거","북구","5대공약","current_unavailable_official_source","1"
"구·시·군의 장선거","삼척시","선거공약서","available_in_original_pack","1"
"구·시·군의 장선거","서구","5대공약","current_unavailable_official_source","1"
"구·시·군의 장선거","서구","선거공보","current_unavailable_official_source","1"
"구·시·군의 장선거","서구","선거공약서","available_in_original_pack","1"
"구·시·군의 장선거","서천군","5대공약","current_unavailable_official_source","1"
"구·시·군의 장선거","서천군","선거공약서","available_in_original_pack","1"
"구·시·군의 장선거","성남시","5대공약","current_unavailable_official_source","1"
"구·시·군의 장선거","성남시","선거공약서","current_unavailable_official_source","1"
"구·시·군의 장선거","수원시","선거공보","pack_stale_currently_available","1"
"구·시·군의 장선거","수원시","선거공약서","available_in_original_pack","1"
"구·시·군의 장선거","시흥시","5대공약","current_unavailable_official_source","1"
"구·시·군의 장선거","시흥시","선거공보","current_unavailable_official_source","1"
"구·시·군의 장선거","시흥시","선거공약서","current_unavailable_official_source","1"
"구·시·군의 장선거","아산시","선거공약서","current_unavailable_official_source","1"
"구·시·군의 장선거","안산시","선거공약서","available_in_original_pack","1"
"구·시·군의 장선거","안산시","선거공약서","current_unavailable_official_source","1"
"구·시·군의 장선거","안성시","선거공약서","available_in_original_pack","1"
"구·시·군의 장선거","양산시","선거공약서","available_in_original_pack","1"
"구·시·군의 장선거","양산시","선거공약서","current_unavailable_official_source","1"
"구·시·군의 장선거","양양군","선거공약서","pack_stale_currently_available","1"
"구·시·군의 장선거","양주시","선거공약서","available_in_original_pack","1"
"구·시·군의 장선거","양주시","선거공약서","current_unavailable_official_source","1"
"구·시·군의 장선거","양천구","선거공약서","available_in_original_pack","1"
"구·시·군의 장선거","양천구","선거공약서","current_unavailable_official_source","1"
"구·시·군의 장선거","여주시","선거공약서","available_in_original_pack","1"
"구·시·군의 장선거","여주시","선거공약서","current_unavailable_official_source","1"
"구·시·군의 장선거","영주시","5대공약","available_in_original_pack","1"
"구·시·군의 장선거","영주시","선거공보","available_in_original_pack","1"
"구·시·군의 장선거","용산구","선거공약서","available_in_original_pack","1"
"구·시·군의 장선거","용인시","선거공약서","available_in_original_pack","1"
"구·시·군의 장선거","유성구","선거공약서","available_in_original_pack","1"
"구·시·군의 장선거","유성구","선거공약서","current_unavailable_official_source","1"
"구·시·군의 장선거","인제군","선거공약서","available_in_original_pack","1"
"구·시·군의 장선거","제천시","선거공보","current_unavailable_official_source","1"
"구·시·군의 장선거","중구","선거공보","current_unavailable_official_source","1"
"구·시·군의 장선거","중랑구","선거공약서","available_in_original_pack","1"
"구·시·군의 장선거","중랑구","선거공약서","current_unavailable_official_source","1"
"구·시·군의 장선거","증평군","선거공약서","available_in_original_pack","1"
"구·시·군의 장선거","증평군","선거공약서","current_unavailable_official_source","1"
"구·시·군의 장선거","창원시","선거공약서","available_in_original_pack","1"
"구·시·군의 장선거","청도군","선거공약서","available_in_original_pack","1"
"구·시·군의 장선거","평택시","선거공보","current_unavailable_official_source","1"
"구·시·군의 장선거","평택시","선거공보","pack_stale_currently_available","1"
"구·시·군의 장선거","평택시","선거공약서","available_in_original_pack","1"
"구·시·군의 장선거","평택시","선거공약서","current_unavailable_official_source","1"
"구·시·군의회의원선거","강동구바선거구","선거공보","current_unavailable_official_source","1"
"구·시·군의회의원선거","강릉시다선거구","선거공보","current_unavailable_official_source","1"
"구·시·군의회의원선거","강서구나선거구","선거공보","current_unavailable_official_source","1"
"구·시·군의회의원선거","강서구다선거구","선거공보","current_unavailable_official_source","1"
"구·시·군의회의원선거","강서구아선거구","선거공보","current_unavailable_official_source","1"
"구·시·군의회의원선거","경산시다선거구","선거공보","current_unavailable_official_source","1"
"구·시·군의회의원선거","경주시아선거구","선거공보","original_pack_available_but_currently_unavailable","1"
"구·시·군의회의원선거","고양시사선거구","선거공보","available_in_original_pack","1"
"구·시·군의회의원선거","고양시사선거구","선거공보","current_unavailable_official_source","1"
"구·시·군의회의원선거","고양시사선거구","선거공보","pack_stale_currently_available","1"
"구·시·군의회의원선거","고양시아선거구","선거공보","current_unavailable_official_source","1"
"구·시·군의회의원선거","괴산군나선거구","선거공보","current_unavailable_official_source","1"
"구·시·군의회의원선거","군포시가선거구","선거공보","current_unavailable_official_source","1"
"구·시·군의회의원선거","군포시나선거구","선거공보","current_unavailable_official_source","1"
"구·시·군의회의원선거","금천구다선거구","선거공보","current_unavailable_official_source","1"
"구·시·군의회의원선거","김해시나선거구","선거공보","current_unavailable_official_source","1"
"구·시·군의회의원선거","김해시다선거구","선거공보","current_unavailable_official_source","1"
"구·시·군의회의원선거","김해시라선거구","선거공보","current_unavailable_official_source","1"
"구·시·군의회의원선거","김해시사선거구","선거공보","current_unavailable_official_source","1"
"구·시·군의회의원선거","김해시아선거구","선거공보","current_unavailable_official_source","1"
"구·시·군의회의원선거","나주시마선거구","선거공보","available_in_original_pack","1"
"구·시·군의회의원선거","남구다선거구","선거공보","current_unavailable_official_source","1"
"구·시·군의회의원선거","남양주시나선거구","선거공보","current_unavailable_official_source","1"
"구·시·군의회의원선거","남양주시사선거구","선거공보","current_unavailable_official_source","1"
"구·시·군의회의원선거","동작구다선거구","선거공보","current_unavailable_official_source","1"
"구·시·군의회의원선거","목포시나선거구","선거공보","current_unavailable_official_source","1"
"구·시·군의회의원선거","목포시다선거구","선거공보","current_unavailable_official_source","1"
"구·시·군의회의원선거","목포시마선거구","선거공보","current_unavailable_official_source","1"
"구·시·군의회의원선거","미추홀구다선거구","선거공보","current_unavailable_official_source","1"
"구·시·군의회의원선거","부안군라선거구","선거공보","current_unavailable_official_source","1"
"구·시·군의회의원선거","삼척시나선거구","선거공보","current_unavailable_official_source","1"
"구·시·군의회의원선거","서대문구가선거구","선거공보","current_unavailable_official_source","1"
"구·시·군의회의원선거","성동구다선거구","선거공보","available_in_original_pack","1"
"구·시·군의회의원선거","수영구나선거구","선거공보","available_in_original_pack","1"
"구·시·군의회의원선거","수영구라선거구","선거공보","available_in_original_pack","1"
"구·시·군의회의원선거","수원시바선거구","선거공보","pack_stale_currently_available","1"
"구·시·군의회의원선거","수원시사선거구","선거공보","pack_stale_currently_available","1"
"구·시·군의회의원선거","수원시타선거구","선거공보","current_unavailable_official_source","1"
"구·시·군의회의원선거","신안군가선거구","선거공보","current_unavailable_official_source","1"
"구·시·군의회의원선거","안성시다선거구","선거공보","current_unavailable_official_source","1"
"구·시·군의회의원선거","양산시나선거구","선거공보","current_unavailable_official_source","1"
"구·시·군의회의원선거","양산시아선거구","선거공보","current_unavailable_official_source","1"
"구·시·군의회의원선거","영도구가선거구","선거공보","current_unavailable_official_source","1"
"구·시·군의회의원선거","영동군가선거구","선거공보","current_unavailable_official_source","1"
"구·시·군의회의원선거","영동군나선거구","선거공보","current_unavailable_official_source","1"
"구·시·군의회의원선거","영동군다선거구","선거공보","available_in_original_pack","1"
"구·시·군의회의원선거","영주시나선거구","선거공보","available_in_original_pack","1"
"구·시·군의회의원선거","용인시자선거구","선거공보","current_unavailable_official_source","1"
"구·시·군의회의원선거","유성구나선거구","선거공보","current_unavailable_official_source","1"
"구·시·군의회의원선거","의정부시라선거구","선거공보","available_in_original_pack","1"
"구·시·군의회의원선거","전주시라선거구","선거공보","current_unavailable_official_source","1"
"구·시·군의회의원선거","제천시가선거구","선거공보","current_unavailable_official_source","1"
"구·시·군의회의원선거","제천시라선거구","선거공보","current_unavailable_official_source","1"
"구·시·군의회의원선거","중구나선거구","선거공보","current_unavailable_official_source","1"
"구·시·군의회의원선거","천안시라선거구","선거공보","current_unavailable_official_source","1"
"구·시·군의회의원선거","천안시마선거구","선거공보","current_unavailable_official_source","1"
"구·시·군의회의원선거","천안시바선거구","선거공보","current_unavailable_official_source","1"
"구·시·군의회의원선거","천안시사선거구","선거공보","current_unavailable_official_source","1"
"구·시·군의회의원선거","춘천시가선거구","선거공보","current_unavailable_official_source","1"
"구·시·군의회의원선거","춘천시마선거구","선거공보","current_unavailable_official_source","1"
"구·시·군의회의원선거","춘천시마선거구","선거공보","pack_stale_currently_available","1"
"구·시·군의회의원선거","춘천시바선거구","선거공보","current_unavailable_official_source","1"
"구·시·군의회의원선거","평창군나선거구","선거공보","pack_stale_currently_available","1"
"구·시·군의회의원선거","평택시나선거구","선거공보","pack_stale_currently_available","1"
"구·시·군의회의원선거","평택시사선거구","선거공보","available_in_original_pack","1"
"구·시·군의회의원선거","홍성군가선거구","선거공보","current_unavailable_official_source","1"
"구·시·군의회의원선거","홍천군가선거구","선거공보","current_unavailable_official_source","1"
"구·시·군의회의원선거","홍천군나선거구","선거공보","pack_stale_currently_available","1"
"기초의원비례대표선거","강진군","비례대표 정당 제출자료","current_unavailable_official_source","1"
"기초의원비례대표선거","검단구","비례대표 정당 제출자료","current_unavailable_official_source","1"
"기초의원비례대표선거","고령군","비례대표 정당 제출자료","current_unavailable_official_source","1"
"기초의원비례대표선거","고흥군","비례대표 정당 제출자료","current_unavailable_official_source","1"
"기초의원비례대표선거","곡성군","비례대표 정당 제출자료","current_unavailable_official_source","1"
"기초의원비례대표선거","구례군","비례대표 정당 제출자료","current_unavailable_official_source","1"
"기초의원비례대표선거","군위군","비례대표 정당 제출자료","current_unavailable_official_source","1"
"기초의원비례대표선거","무안군","비례대표 정당 제출자료","current_unavailable_official_source","1"
"기초의원비례대표선거","무주군","비례대표 정당 제출자료","current_unavailable_official_source","1"
"기초의원비례대표선거","문경시","비례대표 정당 제출자료","current_unavailable_official_source","1"
"기초의원비례대표선거","보성군","비례대표 정당 제출자료","current_unavailable_official_source","1"
"기초의원비례대표선거","봉화군","비례대표 정당 제출자료","current_unavailable_official_source","1"
"기초의원비례대표선거","부안군","비례대표 정당 제출자료","current_unavailable_official_source","1"
"기초의원비례대표선거","산청군","비례대표 정당 제출자료","current_unavailable_official_source","1"
"기초의원비례대표선거","성주군","비례대표 정당 제출자료","current_unavailable_official_source","1"
"기초의원비례대표선거","순창군","비례대표 정당 제출자료","current_unavailable_official_source","1"
"기초의원비례대표선거","영광군","비례대표 정당 제출자료","current_unavailable_official_source","1"
"기초의원비례대표선거","영덕군","비례대표 정당 제출자료","current_unavailable_official_source","1"
"기초의원비례대표선거","영암군","비례대표 정당 제출자료","current_unavailable_official_source","1"
"기초의원비례대표선거","영양군","비례대표 정당 제출자료","current_unavailable_official_source","1"
"기초의원비례대표선거","예천군","비례대표 정당 제출자료","current_unavailable_official_source","1"
"기초의원비례대표선거","완도군","비례대표 정당 제출자료","current_unavailable_official_source","1"
"기초의원비례대표선거","울릉군","비례대표 정당 제출자료","current_unavailable_official_source","1"
"기초의원비례대표선거","울진군","비례대표 정당 제출자료","current_unavailable_official_source","1"
"기초의원비례대표선거","장성군","비례대표 정당 제출자료","current_unavailable_official_source","1"
"기초의원비례대표선거","장흥군","비례대표 정당 제출자료","current_unavailable_official_source","1"
"기초의원비례대표선거","진도군","비례대표 정당 제출자료","current_unavailable_official_source","1"
"기초의원비례대표선거","진안군","비례대표 정당 제출자료","current_unavailable_official_source","1"
"기초의원비례대표선거","청도군","비례대표 정당 제출자료","current_unavailable_official_source","1"
"기초의원비례대표선거","청송군","비례대표 정당 제출자료","current_unavailable_official_source","1"
"기초의원비례대표선거","칠곡군","비례대표 정당 제출자료","current_unavailable_official_source","1"
"기초의원비례대표선거","함평군","비례대표 정당 제출자료","current_unavailable_official_source","1"
"기초의원비례대표선거","화순군","비례대표 정당 제출자료","current_unavailable_official_source","1"
"시·도의회의원선거","강서구제2선거구","선거공보","current_unavailable_official_source","1"
"시·도의회의원선거","강서구제3선거구","선거공보","available_in_original_pack","1"
"시·도의회의원선거","강서구제3선거구","선거공보","current_unavailable_official_source","1"
"시·도의회의원선거","강서구제4선거구","선거공보","available_in_original_pack","1"
"시·도의회의원선거","강서구제4선거구","선거공보","current_unavailable_official_source","1"
"시·도의회의원선거","경주시제1선거구","선거공보","current_unavailable_official_source","1"
"시·도의회의원선거","경주시제2선거구","선거공보","current_unavailable_official_source","1"
"시·도의회의원선거","경주시제3선거구","선거공보","current_unavailable_official_source","1"
"시·도의회의원선거","경주시제4선거구","선거공보","current_unavailable_official_source","1"
"시·도의회의원선거","경주시제5선거구","선거공보","current_unavailable_official_source","1"
"시·도의회의원선거","고령군선거구","선거공보","current_unavailable_official_source","1"
"시·도의회의원선거","고양시제1선거구","선거공보","available_in_original_pack","1"
"시·도의회의원선거","고양시제1선거구","선거공보","current_unavailable_official_source","1"
"시·도의회의원선거","고양시제3선거구","선거공보","available_in_original_pack","1"
"시·도의회의원선거","고양시제3선거구","선거공보","current_unavailable_official_source","1"
"시·도의회의원선거","고양시제8선거구","선거공보","available_in_original_pack","1"
"시·도의회의원선거","고양시제8선거구","선거공보","pack_stale_currently_available","1"
"시·도의회의원선거","고창군제1선거구","선거공보","current_unavailable_official_source","1"
"시·도의회의원선거","고창군제2선거구","선거공보","current_unavailable_official_source","1"
"시·도의회의원선거","관악구제1선거구","선거공보","current_unavailable_official_source","1"
"시·도의회의원선거","관악구제2선거구","선거공보","current_unavailable_official_source","1"
"시·도의회의원선거","관악구제3선거구","선거공보","current_unavailable_official_source","1"
"시·도의회의원선거","광산구제4선거구","선거공보","current_unavailable_official_source","1"
"시·도의회의원선거","괴산군선거구","선거공보","available_in_original_pack","1"
"시·도의회의원선거","괴산군선거구","선거공보","current_unavailable_official_source","1"
"시·도의회의원선거","군산시제3선거구","선거공보","current_unavailable_official_source","1"
"시·도의회의원선거","군산시제4선거구","선거공보","current_unavailable_official_source","1"
"시·도의회의원선거","군산시제5선거구","선거공보","current_unavailable_official_source","1"
"시·도의회의원선거","군포시제4선거구","선거공보","current_unavailable_official_source","1"
"시·도의회의원선거","김제시제1선거구","선거공보","current_unavailable_official_source","1"
"시·도의회의원선거","김천시제1선거구","선거공보","current_unavailable_official_source","1"
"시·도의회의원선거","김천시제2선거구","선거공보","current_unavailable_official_source","1"
"시·도의회의원선거","김해시제4선거구","선거공보","available_in_original_pack","1"
"시·도의회의원선거","김해시제4선거구","선거공보","current_unavailable_official_source","1"
"시·도의회의원선거","김해시제7선거구","선거공보","available_in_original_pack","1"
"시·도의회의원선거","김해시제7선거구","선거공보","current_unavailable_official_source","1"
"시·도의회의원선거","김해시제8선거구","선거공보","current_unavailable_official_source","1"
"시·도의회의원선거","남구제2선거구","선거공보","current_unavailable_official_source","1"
"시·도의회의원선거","남구제3선거구","선거공보","current_unavailable_official_source","1"
"시·도의회의원선거","남양주시제8선거구","선거공보","available_in_original_pack","1"
"시·도의회의원선거","남양주시제8선거구","선거공보","current_unavailable_official_source","1"
"시·도의회의원선거","동작구제2선거구","선거공보","current_unavailable_official_source","1"
"시·도의회의원선거","동작구제3선거구","선거공보","available_in_original_pack","1"
"시·도의회의원선거","동작구제3선거구","선거공보","current_unavailable_official_source","1"
"시·도의회의원선거","무주군선거구","선거공보","current_unavailable_official_source","1"
"시·도의회의원선거","문경시제2선거구","선거공보","current_unavailable_official_source","1"
"시·도의회의원선거","부천시제2선거구","선거공보","current_unavailable_official_source","1"
"시·도의회의원선거","부평구제5선거구","선거공보","current_unavailable_official_source","1"
"시·도의회의원선거","부평구제6선거구","선거공보","current_unavailable_official_source","1"
"시·도의회의원선거","서구제4선거구","선거공보","current_unavailable_official_source","1"
"시·도의회의원선거","성남시제3선거구","선거공보","available_in_original_pack","1"
"시·도의회의원선거","성남시제3선거구","선거공보","current_unavailable_official_source","1"
"시·도의회의원선거","성남시제3선거구","선거공보","pack_stale_currently_available","1"
"시·도의회의원선거","성동구제3선거구","선거공보","available_in_original_pack","1"
"시·도의회의원선거","성동구제3선거구","선거공보","current_unavailable_official_source","1"
"시·도의회의원선거","성동구제4선거구","선거공보","available_in_original_pack","1"
"시·도의회의원선거","성주군선거구","선거공보","current_unavailable_official_source","1"
"시·도의회의원선거","수원시제4선거구","선거공보","current_unavailable_official_source","1"
"시·도의회의원선거","시흥시제1선거구","선거공보","current_unavailable_official_source","1"
"시·도의회의원선거","시흥시제3선거구","선거공보","current_unavailable_official_source","1"
"시·도의회의원선거","안동시제1선거구","선거공보","current_unavailable_official_source","1"
"시·도의회의원선거","안산시제2선거구","선거공보","current_unavailable_official_source","1"
"시·도의회의원선거","안산시제5선거구","선거공보","current_unavailable_official_source","1"
"시·도의회의원선거","양산시제1선거구","선거공보","available_in_original_pack","1"
"시·도의회의원선거","양산시제1선거구","선거공보","current_unavailable_official_source","1"
"시·도의회의원선거","양산시제2선거구","선거공보","current_unavailable_official_source","1"
"시·도의회의원선거","영도구제2선거구","선거공보","available_in_original_pack","1"
"시·도의회의원선거","영도구제2선거구","선거공보","current_unavailable_official_source","1"
"시·도의회의원선거","영주시제1선거구","선거공보","available_in_original_pack","1"
"시·도의회의원선거","영주시제1선거구","선거공보","current_unavailable_official_source","1"
"시·도의회의원선거","영천시제1선거구","선거공보","current_unavailable_official_source","1"
"시·도의회의원선거","영천시제2선거구","선거공보","current_unavailable_official_source","1"
"시·도의회의원선거","완주군제1선거구","선거공보","current_unavailable_official_source","1"
"시·도의회의원선거","완주군제2선거구","선거공보","current_unavailable_official_source","1"
"시·도의회의원선거","용인시제3선거구","선거공보","current_unavailable_official_source","1"
"시·도의회의원선거","울릉군선거구","선거공보","current_unavailable_official_source","1"
"시·도의회의원선거","울진군선거구","선거공보","current_unavailable_official_source","1"
"시·도의회의원선거","원주시제9선거구","선거공보","current_unavailable_official_source","1"
"시·도의회의원선거","은평구제2선거구","선거공보","current_unavailable_official_source","1"
"시·도의회의원선거","의령군선거구","선거공보","current_unavailable_official_source","1"
"시·도의회의원선거","의성군제2선거구","선거공보","current_unavailable_official_source","1"
"시·도의회의원선거","의정부시제4선거구","선거공보","available_in_original_pack","1"
"시·도의회의원선거","의정부시제4선거구","선거공보","current_unavailable_official_source","1"
"시·도의회의원선거","익산시제1선거구","선거공보","current_unavailable_official_source","1"
"시·도의회의원선거","익산시제2선거구","선거공보","current_unavailable_official_source","1"
"시·도의회의원선거","익산시제3선거구","선거공보","current_unavailable_official_source","1"
"시·도의회의원선거","익산시제4선거구","선거공보","current_unavailable_official_source","1"
"시·도의회의원선거","익산시제5선거구","선거공보","current_unavailable_official_source","1"
"시·도의회의원선거","전주시제10선거구","선거공보","current_unavailable_official_source","1"
"시·도의회의원선거","전주시제11선거구","선거공보","current_unavailable_official_source","1"
"시·도의회의원선거","전주시제12선거구","선거공보","current_unavailable_official_source","1"
"시·도의회의원선거","전주시제1선거구","선거공보","current_unavailable_official_source","1"
"시·도의회의원선거","전주시제2선거구","선거공보","current_unavailable_official_source","1"
"시·도의회의원선거","전주시제3선거구","선거공보","current_unavailable_official_source","1"
"시·도의회의원선거","전주시제3선거구","선거공보","pack_stale_currently_available","1"
"시·도의회의원선거","전주시제4선거구","선거공보","current_unavailable_official_source","1"
"시·도의회의원선거","전주시제5선거구","선거공보","current_unavailable_official_source","1"
"시·도의회의원선거","전주시제6선거구","선거공보","current_unavailable_official_source","1"
"시·도의회의원선거","전주시제7선거구","선거공보","current_unavailable_official_source","1"
"시·도의회의원선거","전주시제8선거구","선거공보","current_unavailable_official_source","1"
"시·도의회의원선거","전주시제9선거구","선거공보","current_unavailable_official_source","1"
"시·도의회의원선거","정읍시제1선거구","선거공보","current_unavailable_official_source","1"
"시·도의회의원선거","제주특별자치도 서귀포시 남원읍선거구","선거공보","current_unavailable_official_source","1"
"시·도의회의원선거","제주특별자치도 서귀포시 대천동·중문동·예래동선거구","선거공보","current_unavailable_official_source","1"
"시·도의회의원선거","제주특별자치도 제주시 삼양동·봉개동선거구","선거공보","current_unavailable_official_source","1"
"시·도의회의원선거","제주특별자치도 제주시 아라동갑선거구","선거공보","current_unavailable_official_source","1"
"시·도의회의원선거","제주특별자치도 제주시 애월읍을선거구","선거공보","current_unavailable_official_source","1"
"시·도의회의원선거","제주특별자치도 제주시 이도2동갑선거구","선거공보","current_unavailable_official_source","1"
"시·도의회의원선거","제주특별자치도 제주시 일도1동·이도1동·건입동선거구","선거공보","current_unavailable_official_source","1"
"시·도의회의원선거","제주특별자치도 제주시 화북동선거구","선거공보","current_unavailable_official_source","1"
"시·도의회의원선거","중구선거구","선거공보","current_unavailable_official_source","1"
"시·도의회의원선거","천안시제4선거구","선거공보","available_in_original_pack","1"
"시·도의회의원선거","천안시제4선거구","선거공보","current_unavailable_official_source","1"
"시·도의회의원선거","천안시제5선거구","선거공보","available_in_original_pack","1"
"시·도의회의원선거","천안시제5선거구","선거공보","current_unavailable_official_source","1"
"시·도의회의원선거","청도군선거구","선거공보","current_unavailable_official_source","1"
"시·도의회의원선거","청송군선거구","선거공보","current_unavailable_official_source","1"
"시·도의회의원선거","춘천시제2선거구","선거공보","current_unavailable_official_source","1"
"시·도의회의원선거","춘천시제2선거구","선거공보","pack_stale_currently_available","1"
"시·도의회의원선거","칠곡군제1선거구","선거공보","current_unavailable_official_source","1"
"시·도의회의원선거","칠곡군제2선거구","선거공보","current_unavailable_official_source","1"
"시·도의회의원선거","파주시제1선거구","선거공보","current_unavailable_official_source","1"
"시·도의회의원선거","평택시제1선거구","선거공보","available_in_original_pack","1"
"시·도의회의원선거","평택시제1선거구","선거공보","pack_stale_currently_available","1"
"시·도의회의원선거","평택시제2선거구","선거공보","available_in_original_pack","1"
"시·도의회의원선거","평택시제2선거구","선거공보","pack_stale_currently_available","1"
"시·도의회의원선거","평택시제4선거구","선거공보","available_in_original_pack","1"
"시·도의회의원선거","평택시제4선거구","선거공보","current_unavailable_official_source","1"
"시·도의회의원선거","평택시제5선거구","선거공보","available_in_original_pack","1"
"시·도의회의원선거","평택시제5선거구","선거공보","current_unavailable_official_source","1"
"시·도의회의원선거","평택시제6선거구","선거공보","available_in_original_pack","1"
"시·도의회의원선거","포항시제4선거구","선거공보","current_unavailable_official_source","1"
"시·도의회의원선거","포항시제5선거구","선거공보","current_unavailable_official_source","1"
"시·도의회의원선거","포항시제6선거구","선거공보","current_unavailable_official_source","1"
"시·도의회의원선거","포항시제7선거구","선거공보","available_in_original_pack","1"
"시·도의회의원선거","포항시제7선거구","선거공보","current_unavailable_official_source","1"
"시·도의회의원선거","홍천군제1선거구","선거공보","current_unavailable_official_source","1"
"시·도의회의원선거","홍천군제1선거구","선거공보","pack_stale_currently_available","1"
"시·도의회의원선거","화성시제6선거구","선거공보","current_unavailable_official_source","1"
"시·도의회의원선거","화성시제8선거구","선거공보","current_unavailable_official_source","1"
"시·도지사선거","경기도","선거공약서","available_in_original_pack","1"
"시·도지사선거","대구광역시","선거공약서","available_in_original_pack","1"
"시·도지사선거","대전광역시","선거공약서","available_in_original_pack","1"
"시·도지사선거","세종특별자치시","선거공약서","available_in_original_pack","1"
"시·도지사선거","인천광역시","선거공약서","available_in_original_pack","1"
"시·도지사선거","충청남도","선거공약서","available_in_original_pack","1"
"시·도지사선거","충청남도","선거공약서","current_unavailable_official_source","1"
