record_id,source_id,province_id,province_name,subSgId,subSgName,sgTypecode,sggname,huboid,hbjname,jdname,doc_index,doc_type,official_record_status,external_official_search_status,accepted_source_policy,recheck_status,new_current_pdf_path,new_current_pdf_path_source,new_current_download_url,new_raw_fileinfo,new_filePathName,new_updtFileName
"320260603-2600-부산광역시-100162954-2-선거공약서","candidate-doc:100162954:2","2600","부산광역시","320260603","시·도지사선거","3","부산광역시","100162954","박형준","국민의힘","2","선거공약서","official_structured_record_no_public_file","reviewed_no_recoverable_official_document","official_sources_only","now_available_on_nec","20260603/PDF/PRMS_DOC_PUB/2600/004_100162954_20260528_1.pdf","fileinfo","https://policy.nec.go.kr/plc/common/downloadFile.do?requestedFileName=20260603_%EB%B6%80%EC%82%B0%EA%B4%91%EC%97%AD%EC%8B%9C_%EB%B0%95%ED%98%95%EC%A4%80_%EC%84%A0%EA%B1%B0%EA%B3%B5%EC%95%BD%EC%84%9C.pdf&requestedFullPath=20260603/PDF/PRMS_DOC_PUB/2600/004_100162954_20260528_1.pdf","선거공약서||20260603/PDF/PRMS_DOC_PUB/2600/004_100162954_20260528_1.pdf||||1||HEIGHT||Y||00||01","",""
"320260603-2700-대구광역시-100163199-2-선거공약서","candidate-doc:100163199:2","2700","대구광역시","320260603","시·도지사선거","3","대구광역시","100163199","추경호","국민의힘","2","선거공약서","official_structured_record_no_public_file","reviewed_no_recoverable_official_document","official_sources_only","now_available_on_nec","20260603/PDF/PRMS_DOC_PUB/2700/004_100163199_20260526_1.pdf","fileinfo","https://policy.nec.go.kr/plc/common/downloadFile.do?requestedFileName=20260603_%EB%8C%80%EA%B5%AC%EA%B4%91%EC%97%AD%EC%8B%9C_%EC%B6%94%EA%B2%BD%ED%98%B8_%EC%84%A0%EA%B1%B0%EA%B3%B5%EC%95%BD%EC%84%9C.pdf&requestedFullPath=20260603/PDF/PRMS_DOC_PUB/2700/004_100163199_20260526_1.pdf","선거공약서||20260603/PDF/PRMS_DOC_PUB/2700/004_100163199_20260526_1.pdf||||1||HEIGHT||Y||00||01","",""
"320260603-2800-인천광역시-100163128-2-선거공약서","candidate-doc:100163128:2","2800","인천광역시","320260603","시·도지사선거","3","인천광역시","100163128","박찬대","더불어민주당","2","선거공약서","official_structured_record_no_public_file","reviewed_no_recoverable_official_document","official_sources_only","now_available_on_nec","20260603/PDF/PRMS_DOC_PUB/2800/004_100163128_20260521_1.pdf","fileinfo","https://policy.nec.go.kr/plc/common/downloadFile.do?requestedFileName=20260603_%EC%9D%B8%EC%B2%9C%EA%B4%91%EC%97%AD%EC%8B%9C_%EB%B0%95%EC%B0%AC%EB%8C%80_%EC%84%A0%EA%B1%B0%EA%B3%B5%EC%95%BD%EC%84%9C.pdf&requestedFullPath=20260603/PDF/PRMS_DOC_PUB/2800/004_100163128_20260521_1.pdf","선거공약서||20260603/PDF/PRMS_DOC_PUB/2800/004_100163128_20260521_1.pdf||||1||HEIGHT||Y||00||01","",""
"320260603-4400-충청남도-100163640-2-선거공약서","candidate-doc:100163640:2","4400","충청남도","320260603","시·도지사선거","3","충청남도","100163640","김태흠","국민의힘","2","선거공약서","official_structured_record_no_public_file","reviewed_no_recoverable_official_document","official_sources_only","now_available_on_nec","20260603/PDF/PRMS_DOC_PUB/4400/004_100163640_20260528_1.pdf","fileinfo","https://policy.nec.go.kr/plc/common/downloadFile.do?requestedFileName=20260603_%EC%B6%A9%EC%B2%AD%EB%82%A8%EB%8F%84_%EA%B9%80%ED%83%9C%ED%9D%A0_%EC%84%A0%EA%B1%B0%EA%B3%B5%EC%95%BD%EC%84%9C.pdf&requestedFullPath=20260603/PDF/PRMS_DOC_PUB/4400/004_100163640_20260528_1.pdf","선거공약서||20260603/PDF/PRMS_DOC_PUB/4400/004_100163640_20260528_1.pdf||||1||HEIGHT||Y||00||01","",""
"420260603-1100-성동구-100154364-1-선거공보","candidate-doc:100154364:1","1100","서울특별시","420260603","구·시·군의 장선거","4","성동구","100154364","유보화","더불어민주당","1","선거공보","official_structured_record_no_public_file","reviewed_no_recoverable_official_document","official_sources_only","now_available_on_nec","20260603/PDF/PBINFO/1104/003_100154364_20260528_2.pdf","fileinfo","https://policy.nec.go.kr/plc/common/downloadFile.do?requestedFileName=20260603_%EC%84%B1%EB%8F%99%EA%B5%AC_%EC%9C%A0%EB%B3%B4%ED%99%94_%EC%84%A0%EA%B1%B0%EA%B3%B5%EB%B3%B4.pdf&requestedFullPath=20260603/PDF/PBINFO/1104/003_100154364_20260528_2.pdf","선거공보||20260603/PDF/PBINFO/1104/003_100154364_20260528_2.pdf||||1||HEIGHT||Y||00||01","",""
"420260603-1100-성동구-100158996-1-선거공보","candidate-doc:100158996:1","1100","서울특별시","420260603","구·시·군의 장선거","4","성동구","100158996","고재현","국민의힘","1","선거공보","official_structured_record_no_public_file","reviewed_no_recoverable_official_document","official_sources_only","now_available_on_nec","20260603/PDF/PBINFO/1104/003_100158996_20260528_1.pdf","fileinfo","https://policy.nec.go.kr/plc/common/downloadFile.do?requestedFileName=20260603_%EC%84%B1%EB%8F%99%EA%B5%AC_%EA%B3%A0%EC%9E%AC%ED%98%84_%EC%84%A0%EA%B1%B0%EA%B3%B5%EB%B3%B4.pdf&requestedFullPath=20260603/PDF/PBINFO/1104/003_100158996_20260528_1.pdf","선거공보||20260603/PDF/PBINFO/1104/003_100158996_20260528_1.pdf||||1||HEIGHT||Y||00||01","",""
"420260603-1100-성동구-100165564-1-선거공보","candidate-doc:100165564:1","1100","서울특별시","420260603","구·시·군의 장선거","4","성동구","100165564","정찬옥","개혁신당","1","선거공보","official_structured_record_no_public_file","reviewed_no_recoverable_official_document","official_sources_only","now_available_on_nec","20260603/PDF/PBINFO/1104/003_100165564_20260528_1.pdf","fileinfo","https://policy.nec.go.kr/plc/common/downloadFile.do?requestedFileName=20260603_%EC%84%B1%EB%8F%99%EA%B5%AC_%EC%A0%95%EC%B0%AC%EC%98%A5_%EC%84%A0%EA%B1%B0%EA%B3%B5%EB%B3%B4.pdf&requestedFullPath=20260603/PDF/PBINFO/1104/003_100165564_20260528_1.pdf","선거공보||20260603/PDF/PBINFO/1104/003_100165564_20260528_1.pdf||||1||HEIGHT||Y||00||01","",""
"420260603-1100-동작구-100156792-1-선거공보","candidate-doc:100156792:1","1100","서울특별시","420260603","구·시·군의 장선거","4","동작구","100156792","김정태","국민의힘","1","선거공보","official_structured_record_no_public_file","reviewed_no_recoverable_official_document","official_sources_only","now_available_on_nec","20260603/PDF/PBINFO/1120/003_100156792_20260527_1.pdf","fileinfo","https://policy.nec.go.kr/plc/common/downloadFile.do?requestedFileName=20260603_%EB%8F%99%EC%9E%91%EA%B5%AC_%EA%B9%80%EC%A0%95%ED%83%9C_%EC%84%A0%EA%B1%B0%EA%B3%B5%EB%B3%B4.pdf&requestedFullPath=20260603/PDF/PBINFO/1120/003_100156792_20260527_1.pdf","선거공보||20260603/PDF/PBINFO/1120/003_100156792_20260527_1.pdf||||1||HEIGHT||Y||00||01","",""
"420260603-2600-중구-100162254-1-선거공보","candidate-doc:100162254:1","2600","부산광역시","420260603","구·시·군의 장선거","4","중구","100162254","최진봉","국민의힘","1","선거공보","official_structured_record_no_public_file","reviewed_no_recoverable_official_document","official_sources_only","now_available_on_nec","20260603/PDF/PBINFO/2601/003_100162254_20260529_1.pdf","fileinfo","https://policy.nec.go.kr/plc/common/downloadFile.do?requestedFileName=20260603_%EC%A4%91%EA%B5%AC_%EC%B5%9C%EC%A7%84%EB%B4%89_%EC%84%A0%EA%B1%B0%EA%B3%B5%EB%B3%B4.pdf&requestedFullPath=20260603/PDF/PBINFO/2601/003_100162254_20260529_1.pdf","선거공보||20260603/PDF/PBINFO/2601/003_100162254_20260529_1.pdf||||1||HEIGHT||Y||00||01","",""
"420260603-4100-안양시-100161957-2-선거공약서","candidate-doc:100161957:2","4100","경기도","420260603","구·시·군의 장선거","4","안양시","100161957","최대호","더불어민주당","2","선거공약서","official_structured_record_no_public_file","reviewed_no_recoverable_official_document","official_sources_only","now_available_on_nec","20260603/PDF/PRMS_DOC_PUB/4110/004_100161957_20260528_1.pdf","fileinfo","https://policy.nec.go.kr/plc/common/downloadFile.do?requestedFileName=20260603_%EC%95%88%EC%96%91%EC%8B%9C_%EC%B5%9C%EB%8C%80%ED%98%B8_%EC%84%A0%EA%B1%B0%EA%B3%B5%EC%95%BD%EC%84%9C.pdf&requestedFullPath=20260603/PDF/PRMS_DOC_PUB/4110/004_100161957_20260528_1.pdf","선거공약서||20260603/PDF/PRMS_DOC_PUB/4110/004_100161957_20260528_1.pdf||||1||HEIGHT||Y||00||01","",""
"420260603-4100-파주시-100154507-1-선거공보","candidate-doc:100154507:1","4100","경기도","420260603","구·시·군의 장선거","4","파주시","100154507","손배찬","더불어민주당","1","선거공보","official_structured_record_no_public_file","reviewed_no_recoverable_official_document","official_sources_only","now_available_on_nec","20260603/PDF/PBINFO/4132/003_100154507_20260522_1.pdf","fileinfo","https://policy.nec.go.kr/plc/common/downloadFile.do?requestedFileName=20260603_%ED%8C%8C%EC%A3%BC%EC%8B%9C_%EC%86%90%EB%B0%B0%EC%B0%AC_%EC%84%A0%EA%B1%B0%EA%B3%B5%EB%B3%B4.pdf&requestedFullPath=20260603/PDF/PBINFO/4132/003_100154507_20260522_1.pdf","선거공보||20260603/PDF/PBINFO/4132/003_100154507_20260522_1.pdf||||1||HEIGHT||Y||00||01","",""
"420260603-4100-파주시-100156661-1-선거공보","candidate-doc:100156661:1","4100","경기도","420260603","구·시·군의 장선거","4","파주시","100156661","박용호","국민의힘","1","선거공보","official_structured_record_no_public_file","reviewed_no_recoverable_official_document","official_sources_only","now_available_on_nec","20260603/PDF/PBINFO/4132/003_100156661_20260522_1.pdf","fileinfo","https://policy.nec.go.kr/plc/common/downloadFile.do?requestedFileName=20260603_%ED%8C%8C%EC%A3%BC%EC%8B%9C_%EB%B0%95%EC%9A%A9%ED%98%B8_%EC%84%A0%EA%B1%B0%EA%B3%B5%EB%B3%B4.pdf&requestedFullPath=20260603/PDF/PBINFO/4132/003_100156661_20260522_1.pdf","선거공보||20260603/PDF/PBINFO/4132/003_100156661_20260522_1.pdf||||1||HEIGHT||Y||00||01","",""
"420260603-4100-광명시-100161445-2-선거공약서","candidate-doc:100161445:2","4100","경기도","420260603","구·시·군의 장선거","4","광명시","100161445","박승원","더불어민주당","2","선거공약서","official_structured_record_no_public_file","reviewed_no_recoverable_official_document","official_sources_only","now_available_on_nec","20260603/PDF/PRMS_DOC_PUB/4114/004_100161445_20260528_1.pdf","fileinfo","https://policy.nec.go.kr/plc/common/downloadFile.do?requestedFileName=20260603_%EA%B4%91%EB%AA%85%EC%8B%9C_%EB%B0%95%EC%8A%B9%EC%9B%90_%EC%84%A0%EA%B1%B0%EA%B3%B5%EC%95%BD%EC%84%9C.pdf&requestedFullPath=20260603/PDF/PRMS_DOC_PUB/4114/004_100161445_20260528_1.pdf","선거공약서||20260603/PDF/PRMS_DOC_PUB/4114/004_100161445_20260528_1.pdf||||1||HEIGHT||Y||00||01","",""
"420260603-4100-안성시-100154958-2-선거공약서","candidate-doc:100154958:2","4100","경기도","420260603","구·시·군의 장선거","4","안성시","100154958","김장연","국민의힘","2","선거공약서","official_structured_record_no_public_file","reviewed_no_recoverable_official_document","official_sources_only","now_available_on_nec","20260603/PDF/PRMS_DOC_PUB/4138/004_100154958_20260527_1.pdf","fileinfo","https://policy.nec.go.kr/plc/common/downloadFile.do?requestedFileName=20260603_%EC%95%88%EC%84%B1%EC%8B%9C_%EA%B9%80%EC%9E%A5%EC%97%B0_%EC%84%A0%EA%B1%B0%EA%B3%B5%EC%95%BD%EC%84%9C.pdf&requestedFullPath=20260603/PDF/PRMS_DOC_PUB/4138/004_100154958_20260527_1.pdf","선거공약서||20260603/PDF/PRMS_DOC_PUB/4138/004_100154958_20260527_1.pdf||||1||HEIGHT||Y||00||01","",""
"420260603-5200-강릉시-100154117-2-선거공약서","candidate-doc:100154117:2","5200","강원특별자치도","420260603","구·시·군의 장선거","4","강릉시","100154117","김동기","무소속","2","선거공약서","official_structured_record_no_public_file","reviewed_no_recoverable_official_document","official_sources_only","now_available_on_nec","20260603/PDF/PRMS_DOC_PUB/5203/004_100154117_20260528_1.pdf","fileinfo","https://policy.nec.go.kr/plc/common/downloadFile.do?requestedFileName=20260603_%EA%B0%95%EB%A6%89%EC%8B%9C_%EA%B9%80%EB%8F%99%EA%B8%B0_%EC%84%A0%EA%B1%B0%EA%B3%B5%EC%95%BD%EC%84%9C.pdf&requestedFullPath=20260603/PDF/PRMS_DOC_PUB/5203/004_100154117_20260528_1.pdf","선거공약서||20260603/PDF/PRMS_DOC_PUB/5203/004_100154117_20260528_1.pdf||||1||HEIGHT||Y||00||01","",""
"420260603-4300-제천시-100158725-1-선거공보","candidate-doc:100158725:1","4300","충청북도","420260603","구·시·군의 장선거","4","제천시","100158725","김창규","국민의힘","1","선거공보","official_structured_record_no_public_file","reviewed_no_recoverable_official_document","official_sources_only","now_available_on_nec","20260603/PDF/PBINFO/4304/003_100158725_20260526_1.pdf","fileinfo","https://policy.nec.go.kr/plc/common/downloadFile.do?requestedFileName=20260603_%EC%A0%9C%EC%B2%9C%EC%8B%9C_%EA%B9%80%EC%B0%BD%EA%B7%9C_%EC%84%A0%EA%B1%B0%EA%B3%B5%EB%B3%B4.pdf&requestedFullPath=20260603/PDF/PBINFO/4304/003_100158725_20260526_1.pdf","선거공보||20260603/PDF/PBINFO/4304/003_100158725_20260526_1.pdf||||1||HEIGHT||Y||00||01","",""
"420260603-5300-김제시-100163513-1-선거공보","candidate-doc:100163513:1","5300","전북특별자치도","420260603","구·시·군의 장선거","4","김제시","100163513","정성주","더불어민주당","1","선거공보","official_structured_record_no_public_file","reviewed_no_recoverable_official_document","official_sources_only","now_available_on_nec","20260603/PDF/PBINFO/5309/003_100163513_20260523_1.pdf","fileinfo","https://policy.nec.go.kr/plc/common/downloadFile.do?requestedFileName=20260603_%EA%B9%80%EC%A0%9C%EC%8B%9C_%EC%A0%95%EC%84%B1%EC%A3%BC_%EC%84%A0%EA%B1%B0%EA%B3%B5%EB%B3%B4.pdf&requestedFullPath=20260603/PDF/PBINFO/5309/003_100163513_20260523_1.pdf","선거공보||20260603/PDF/PBINFO/5309/003_100163513_20260523_1.pdf||||1||HEIGHT||Y||00||01","",""
"420260603-5300-김제시-100165590-1-선거공보","candidate-doc:100165590:1","5300","전북특별자치도","420260603","구·시·군의 장선거","4","김제시","100165590","이병철","무소속","1","선거공보","official_structured_record_no_public_file","reviewed_no_recoverable_official_document","official_sources_only","now_available_on_nec","20260603/PDF/PBINFO/5309/003_100165590_20260523_1.pdf","fileinfo","https://policy.nec.go.kr/plc/common/downloadFile.do?requestedFileName=20260603_%EA%B9%80%EC%A0%9C%EC%8B%9C_%EC%9D%B4%EB%B3%91%EC%B2%A0_%EC%84%A0%EA%B1%B0%EA%B3%B5%EB%B3%B4.pdf&requestedFullPath=20260603/PDF/PBINFO/5309/003_100165590_20260523_1.pdf","선거공보||20260603/PDF/PBINFO/5309/003_100165590_20260523_1.pdf||||1||HEIGHT||Y||00||01","",""
"420260603-5300-순창군-100161080-2-선거공약서","candidate-doc:100161080:2","5300","전북특별자치도","420260603","구·시·군의 장선거","4","순창군","100161080","오은미","진보당","2","선거공약서","official_structured_record_no_public_file","reviewed_no_recoverable_official_document","official_sources_only","now_available_on_nec","20260603/PDF/PRMS_DOC_PUB/5315/004_100161080_20260529_1.pdf","fileinfo","https://policy.nec.go.kr/plc/common/downloadFile.do?requestedFileName=20260603_%EC%88%9C%EC%B0%BD%EA%B5%B0_%EC%98%A4%EC%9D%80%EB%AF%B8_%EC%84%A0%EA%B1%B0%EA%B3%B5%EC%95%BD%EC%84%9C.pdf&requestedFullPath=20260603/PDF/PRMS_DOC_PUB/5315/004_100161080_20260529_1.pdf","선거공약서||20260603/PDF/PRMS_DOC_PUB/5315/004_100161080_20260529_1.pdf||||0||HEIGHT||Y||||00","",""
"420260603-4600-강진군-100162004-2-선거공약서","candidate-doc:100162004:2","4600","전라남도","420260603","구·시·군의 장선거","4","강진군","100162004","강진원","무소속","2","선거공약서","official_structured_record_no_public_file","reviewed_no_recoverable_official_document","official_sources_only","now_available_on_nec","20260603/PDF/PRMS_DOC_PUB/4616/004_100162004_20260526_1.pdf","fileinfo","https://policy.nec.go.kr/plc/common/downloadFile.do?requestedFileName=20260603_%EA%B0%95%EC%A7%84%EA%B5%B0_%EA%B0%95%EC%A7%84%EC%9B%90_%EC%84%A0%EA%B1%B0%EA%B3%B5%EC%95%BD%EC%84%9C.pdf&requestedFullPath=20260603/PDF/PRMS_DOC_PUB/4616/004_100162004_20260526_1.pdf","선거공약서||20260603/PDF/PRMS_DOC_PUB/4616/004_100162004_20260526_1.pdf||||1||HEIGHT||Y||00||01","",""
"420260603-4800-거제시-100156086-2-선거공약서","candidate-doc:100156086:2","4800","경상남도","420260603","구·시·군의 장선거","4","거제시","100156086","김선민","국민의힘","2","선거공약서","official_structured_record_no_public_file","reviewed_no_recoverable_official_document","official_sources_only","now_available_on_nec","20260603/PDF/PRMS_DOC_PUB/4810/004_100156086_20260529_1.pdf","fileinfo","https://policy.nec.go.kr/plc/common/downloadFile.do?requestedFileName=20260603_%EA%B1%B0%EC%A0%9C%EC%8B%9C_%EA%B9%80%EC%84%A0%EB%AF%BC_%EC%84%A0%EA%B1%B0%EA%B3%B5%EC%95%BD%EC%84%9C.pdf&requestedFullPath=20260603/PDF/PRMS_DOC_PUB/4810/004_100156086_20260529_1.pdf","선거공약서||20260603/PDF/PRMS_DOC_PUB/4810/004_100156086_20260529_1.pdf||||1||HEIGHT||Y||00||01","",""
"420260603-4800-함안군-100159788-2-선거공약서","candidate-doc:100159788:2","4800","경상남도","420260603","구·시·군의 장선거","4","함안군","100159788","정금효","더불어민주당","2","선거공약서","official_structured_record_no_public_file","reviewed_no_recoverable_official_document","official_sources_only","now_available_on_nec","20260603/PDF/PRMS_DOC_PUB/4812/004_100159788_20260528_1.pdf","fileinfo","https://policy.nec.go.kr/plc/common/downloadFile.do?requestedFileName=20260603_%ED%95%A8%EC%95%88%EA%B5%B0_%EC%A0%95%EA%B8%88%ED%9A%A8_%EC%84%A0%EA%B1%B0%EA%B3%B5%EC%95%BD%EC%84%9C.pdf&requestedFullPath=20260603/PDF/PRMS_DOC_PUB/4812/004_100159788_20260528_1.pdf","선거공약서||20260603/PDF/PRMS_DOC_PUB/4812/004_100159788_20260528_1.pdf||||1||HEIGHT||Y||00||01","",""
"520260603-1100-강서구제2선거구-100161000-1-선거공보","candidate-doc:100161000:1","1100","서울특별시","520260603","시·도의회의원선거","5","강서구제2선거구","100161000","장상기","더불어민주당","1","선거공보","official_structured_record_no_public_file","reviewed_no_recoverable_official_document","official_sources_only","now_available_on_nec","20260603/PDF/PBINFO/1116/003_100161000_20260527_1.pdf","fileinfo","https://policy.nec.go.kr/plc/common/downloadFile.do?requestedFileName=20260603_%EA%B0%95%EC%84%9C%EA%B5%AC%EC%A0%9C2%EC%84%A0%EA%B1%B0%EA%B5%AC_%EC%9E%A5%EC%83%81%EA%B8%B0_%EC%84%A0%EA%B1%B0%EA%B3%B5%EB%B3%B4.pdf&requestedFullPath=20260603/PDF/PBINFO/1116/003_100161000_20260527_1.pdf","선거공보||20260603/PDF/PBINFO/1116/003_100161000_20260527_1.pdf||||1||HEIGHT||Y||00||01","",""
"520260603-1100-강서구제4선거구-100155813-1-선거공보","candidate-doc:100155813:1","1100","서울특별시","520260603","시·도의회의원선거","5","강서구제4선거구","100155813","송순효","더불어민주당","1","선거공보","official_structured_record_no_public_file","reviewed_no_recoverable_official_document","official_sources_only","now_available_on_nec","20260603/PDF/PBINFO/1116/003_100155813_20260526_1.pdf","fileinfo","https://policy.nec.go.kr/plc/common/downloadFile.do?requestedFileName=20260603_%EA%B0%95%EC%84%9C%EA%B5%AC%EC%A0%9C4%EC%84%A0%EA%B1%B0%EA%B5%AC_%EC%86%A1%EC%88%9C%ED%9A%A8_%EC%84%A0%EA%B1%B0%EA%B3%B5%EB%B3%B4.pdf&requestedFullPath=20260603/PDF/PBINFO/1116/003_100155813_20260526_1.pdf","선거공보||20260603/PDF/PBINFO/1116/003_100155813_20260526_1.pdf||||1||HEIGHT||Y||00||01","",""
"520260603-1100-동작구제3선거구-100162539-1-선거공보","candidate-doc:100162539:1","1100","서울특별시","520260603","시·도의회의원선거","5","동작구제3선거구","100162539","노성철","더불어민주당","1","선거공보","official_structured_record_no_public_file","reviewed_no_recoverable_official_document","official_sources_only","now_available_on_nec","20260603/PDF/PBINFO/1120/003_100162539_20260528_1.pdf","fileinfo","https://policy.nec.go.kr/plc/common/downloadFile.do?requestedFileName=20260603_%EB%8F%99%EC%9E%91%EA%B5%AC%EC%A0%9C3%EC%84%A0%EA%B1%B0%EA%B5%AC_%EB%85%B8%EC%84%B1%EC%B2%A0_%EC%84%A0%EA%B1%B0%EA%B3%B5%EB%B3%B4.pdf&requestedFullPath=20260603/PDF/PBINFO/1120/003_100162539_20260528_1.pdf","선거공보||20260603/PDF/PBINFO/1120/003_100162539_20260528_1.pdf||||1||HEIGHT||Y||00||01","",""
"520260603-1100-동작구제4선거구-100159976-1-선거공보","candidate-doc:100159976:1","1100","서울특별시","520260603","시·도의회의원선거","5","동작구제4선거구","100159976","이희원","국민의힘","1","선거공보","official_structured_record_no_public_file","reviewed_no_recoverable_official_document","official_sources_only","now_available_on_nec","20260603/PDF/PBINFO/1120/003_100159976_20260527_1.pdf","fileinfo","https://policy.nec.go.kr/plc/common/downloadFile.do?requestedFileName=20260603_%EB%8F%99%EC%9E%91%EA%B5%AC%EC%A0%9C4%EC%84%A0%EA%B1%B0%EA%B5%AC_%EC%9D%B4%ED%9D%AC%EC%9B%90_%EC%84%A0%EA%B1%B0%EA%B3%B5%EB%B3%B4.pdf&requestedFullPath=20260603/PDF/PBINFO/1120/003_100159976_20260527_1.pdf","선거공보||20260603/PDF/PBINFO/1120/003_100159976_20260527_1.pdf||||1||HEIGHT||Y||00||01","",""
"520260603-2900-서구제2선거구-100160569-1-선거공보","candidate-doc:100160569:1","2900","전남광주통합특별시","520260603","시·도의회의원선거","5","서구제2선거구","100160569","오미섭","더불어민주당","1","선거공보","official_structured_record_no_public_file","reviewed_no_recoverable_official_document","official_sources_only","now_available_on_nec","20260603/PDF/PBINFO/2902/003_100160569_20260524_1.pdf","fileinfo","https://policy.nec.go.kr/plc/common/downloadFile.do?requestedFileName=20260603_%EC%84%9C%EA%B5%AC%EC%A0%9C2%EC%84%A0%EA%B1%B0%EA%B5%AC_%EC%98%A4%EB%AF%B8%EC%84%AD_%EC%84%A0%EA%B1%B0%EA%B3%B5%EB%B3%B4.pdf&requestedFullPath=20260603/PDF/PBINFO/2902/003_100160569_20260524_1.pdf","선거공보||20260603/PDF/PBINFO/2902/003_100160569_20260524_1.pdf||||1||HEIGHT||Y||00||01","",""
"520260603-2900-서구제2선거구-100158819-1-선거공보","candidate-doc:100158819:1","2900","전남광주통합특별시","520260603","시·도의회의원선거","5","서구제2선거구","100158819","김태진","진보당","1","선거공보","official_structured_record_no_public_file","reviewed_no_recoverable_official_document","official_sources_only","now_available_on_nec","20260603/PDF/PBINFO/2902/003_100158819_20260524_1.pdf","fileinfo","https://policy.nec.go.kr/plc/common/downloadFile.do?requestedFileName=20260603_%EC%84%9C%EA%B5%AC%EC%A0%9C2%EC%84%A0%EA%B1%B0%EA%B5%AC_%EA%B9%80%ED%83%9C%EC%A7%84_%EC%84%A0%EA%B1%B0%EA%B3%B5%EB%B3%B4.pdf&requestedFullPath=20260603/PDF/PBINFO/2902/003_100158819_20260524_1.pdf","선거공보||20260603/PDF/PBINFO/2902/003_100158819_20260524_1.pdf||||1||HEIGHT||Y||00||01","",""
"520260603-2900-서구제3선거구-100163973-1-선거공보","candidate-doc:100163973:1","2900","전남광주통합특별시","520260603","시·도의회의원선거","5","서구제3선거구","100163973","고경애","더불어민주당","1","선거공보","official_structured_record_no_public_file","reviewed_no_recoverable_official_document","official_sources_only","now_available_on_nec","20260603/PDF/PBINFO/2902/003_100163973_20260524_1.pdf","fileinfo","https://policy.nec.go.kr/plc/common/downloadFile.do?requestedFileName=20260603_%EC%84%9C%EA%B5%AC%EC%A0%9C3%EC%84%A0%EA%B1%B0%EA%B5%AC_%EA%B3%A0%EA%B2%BD%EC%95%A0_%EC%84%A0%EA%B1%B0%EA%B3%B5%EB%B3%B4.pdf&requestedFullPath=20260603/PDF/PBINFO/2902/003_100163973_20260524_1.pdf","선거공보||20260603/PDF/PBINFO/2902/003_100163973_20260524_1.pdf||||1||HEIGHT||Y||00||01","",""
"520260603-2900-서구제3선거구-100164071-1-선거공보","candidate-doc:100164071:1","2900","전남광주통합특별시","520260603","시·도의회의원선거","5","서구제3선거구","100164071","김형남","무소속","1","선거공보","official_structured_record_no_public_file","reviewed_no_recoverable_official_document","official_sources_only","now_available_on_nec","20260603/PDF/PBINFO/2902/003_100164071_20260525_1.pdf","fileinfo","https://policy.nec.go.kr/plc/common/downloadFile.do?requestedFileName=20260603_%EC%84%9C%EA%B5%AC%EC%A0%9C3%EC%84%A0%EA%B1%B0%EA%B5%AC_%EA%B9%80%ED%98%95%EB%82%A8_%EC%84%A0%EA%B1%B0%EA%B3%B5%EB%B3%B4.pdf&requestedFullPath=20260603/PDF/PBINFO/2902/003_100164071_20260525_1.pdf","선거공보||20260603/PDF/PBINFO/2902/003_100164071_20260525_1.pdf||||1||HEIGHT||Y||00||01","",""
"520260603-2600-중구선거구-100163508-1-선거공보","candidate-doc:100163508:1","2600","부산광역시","520260603","시·도의회의원선거","5","중구선거구","100163508","오경석","무소속","1","선거공보","official_structured_record_no_public_file","reviewed_no_recoverable_official_document","official_sources_only","now_available_on_nec","20260603/PDF/PBINFO/2601/003_100163508_20260526_1.pdf","fileinfo","https://policy.nec.go.kr/plc/common/downloadFile.do?requestedFileName=20260603_%EC%A4%91%EA%B5%AC%EC%84%A0%EA%B1%B0%EA%B5%AC_%EC%98%A4%EA%B2%BD%EC%84%9D_%EC%84%A0%EA%B1%B0%EA%B3%B5%EB%B3%B4.pdf&requestedFullPath=20260603/PDF/PBINFO/2601/003_100163508_20260526_1.pdf","선거공보||20260603/PDF/PBINFO/2601/003_100163508_20260526_1.pdf||||1||HEIGHT||Y||00||01","",""
"520260603-4100-파주시제2선거구-100155476-1-선거공보","candidate-doc:100155476:1","4100","경기도","520260603","시·도의회의원선거","5","파주시제2선거구","100155476","손희정","더불어민주당","1","선거공보","official_structured_record_no_public_file","reviewed_no_recoverable_official_document","official_sources_only","now_available_on_nec","20260603/PDF/PBINFO/4132/003_100155476_20260522_1.pdf","fileinfo","https://policy.nec.go.kr/plc/common/downloadFile.do?requestedFileName=20260603_%ED%8C%8C%EC%A3%BC%EC%8B%9C%EC%A0%9C2%EC%84%A0%EA%B1%B0%EA%B5%AC_%EC%86%90%ED%9D%AC%EC%A0%95_%EC%84%A0%EA%B1%B0%EA%B3%B5%EB%B3%B4.pdf&requestedFullPath=20260603/PDF/PBINFO/4132/003_100155476_20260522_1.pdf","선거공보||20260603/PDF/PBINFO/4132/003_100155476_20260522_1.pdf||||1||HEIGHT||Y||00||01","",""
"520260603-4100-파주시제2선거구-100157123-1-선거공보","candidate-doc:100157123:1","4100","경기도","520260603","시·도의회의원선거","5","파주시제2선거구","100157123","김광선","국민의힘","1","선거공보","official_structured_record_no_public_file","reviewed_no_recoverable_official_document","official_sources_only","now_available_on_nec","20260603/PDF/PBINFO/4132/003_100157123_20260522_2.pdf","fileinfo","https://policy.nec.go.kr/plc/common/downloadFile.do?requestedFileName=20260603_%ED%8C%8C%EC%A3%BC%EC%8B%9C%EC%A0%9C2%EC%84%A0%EA%B1%B0%EA%B5%AC_%EA%B9%80%EA%B4%91%EC%84%A0_%EC%84%A0%EA%B1%B0%EA%B3%B5%EB%B3%B4.pdf&requestedFullPath=20260603/PDF/PBINFO/4132/003_100157123_20260522_2.pdf","선거공보||20260603/PDF/PBINFO/4132/003_100157123_20260522_2.pdf||||1||HEIGHT||Y||00||01","",""
"520260603-4100-파주시제3선거구-100162744-1-선거공보","candidate-doc:100162744:1","4100","경기도","520260603","시·도의회의원선거","5","파주시제3선거구","100162744","손성익","더불어민주당","1","선거공보","official_structured_record_no_public_file","reviewed_no_recoverable_official_document","official_sources_only","now_available_on_nec","20260603/PDF/PBINFO/4132/003_100162744_20260522_1.pdf","fileinfo","https://policy.nec.go.kr/plc/common/downloadFile.do?requestedFileName=20260603_%ED%8C%8C%EC%A3%BC%EC%8B%9C%EC%A0%9C3%EC%84%A0%EA%B1%B0%EA%B5%AC_%EC%86%90%EC%84%B1%EC%9D%B5_%EC%84%A0%EA%B1%B0%EA%B3%B5%EB%B3%B4.pdf&requestedFullPath=20260603/PDF/PBINFO/4132/003_100162744_20260522_1.pdf","선거공보||20260603/PDF/PBINFO/4132/003_100162744_20260522_1.pdf||||1||HEIGHT||Y||00||01","",""
"520260603-4100-파주시제3선거구-100165675-1-선거공보","candidate-doc:100165675:1","4100","경기도","520260603","시·도의회의원선거","5","파주시제3선거구","100165675","정국진","국민의힘","1","선거공보","official_structured_record_no_public_file","reviewed_no_recoverable_official_document","official_sources_only","now_available_on_nec","20260603/PDF/PBINFO/4132/003_100165675_20260522_1.pdf","fileinfo","https://policy.nec.go.kr/plc/common/downloadFile.do?requestedFileName=20260603_%ED%8C%8C%EC%A3%BC%EC%8B%9C%EC%A0%9C3%EC%84%A0%EA%B1%B0%EA%B5%AC_%EC%A0%95%EA%B5%AD%EC%A7%84_%EC%84%A0%EA%B1%B0%EA%B3%B5%EB%B3%B4.pdf&requestedFullPath=20260603/PDF/PBINFO/4132/003_100165675_20260522_1.pdf","선거공보||20260603/PDF/PBINFO/4132/003_100165675_20260522_1.pdf||||1||HEIGHT||Y||00||01","",""
"520260603-4100-파주시제4선거구-100158168-1-선거공보","candidate-doc:100158168:1","4100","경기도","520260603","시·도의회의원선거","5","파주시제4선거구","100158168","김순현","더불어민주당","1","선거공보","official_structured_record_no_public_file","reviewed_no_recoverable_official_document","official_sources_only","now_available_on_nec","20260603/PDF/PBINFO/4132/003_100158168_20260522_1.pdf","fileinfo","https://policy.nec.go.kr/plc/common/downloadFile.do?requestedFileName=20260603_%ED%8C%8C%EC%A3%BC%EC%8B%9C%EC%A0%9C4%EC%84%A0%EA%B1%B0%EA%B5%AC_%EA%B9%80%EC%88%9C%ED%98%84_%EC%84%A0%EA%B1%B0%EA%B3%B5%EB%B3%B4.pdf&requestedFullPath=20260603/PDF/PBINFO/4132/003_100158168_20260522_1.pdf","선거공보||20260603/PDF/PBINFO/4132/003_100158168_20260522_1.pdf||||1||HEIGHT||Y||00||01","",""
"520260603-4100-파주시제4선거구-100158339-1-선거공보","candidate-doc:100158339:1","4100","경기도","520260603","시·도의회의원선거","5","파주시제4선거구","100158339","이한국","국민의힘","1","선거공보","official_structured_record_no_public_file","reviewed_no_recoverable_official_document","official_sources_only","now_available_on_nec","20260603/PDF/PBINFO/4132/003_100158339_20260522_1.pdf","fileinfo","https://policy.nec.go.kr/plc/common/downloadFile.do?requestedFileName=20260603_%ED%8C%8C%EC%A3%BC%EC%8B%9C%EC%A0%9C4%EC%84%A0%EA%B1%B0%EA%B5%AC_%EC%9D%B4%ED%95%9C%EA%B5%AD_%EC%84%A0%EA%B1%B0%EA%B3%B5%EB%B3%B4.pdf&requestedFullPath=20260603/PDF/PBINFO/4132/003_100158339_20260522_1.pdf","선거공보||20260603/PDF/PBINFO/4132/003_100158339_20260522_1.pdf||||1||HEIGHT||Y||00||01","",""
"520260603-4100-파주시제5선거구-100160436-1-선거공보","candidate-doc:100160436:1","4100","경기도","520260603","시·도의회의원선거","5","파주시제5선거구","100160436","이종춘","더불어민주당","1","선거공보","official_structured_record_no_public_file","reviewed_no_recoverable_official_document","official_sources_only","now_available_on_nec","20260603/PDF/PBINFO/4132/003_100160436_20260522_1.pdf","fileinfo","https://policy.nec.go.kr/plc/common/downloadFile.do?requestedFileName=20260603_%ED%8C%8C%EC%A3%BC%EC%8B%9C%EC%A0%9C5%EC%84%A0%EA%B1%B0%EA%B5%AC_%EC%9D%B4%EC%A2%85%EC%B6%98_%EC%84%A0%EA%B1%B0%EA%B3%B5%EB%B3%B4.pdf&requestedFullPath=20260603/PDF/PBINFO/4132/003_100160436_20260522_1.pdf","선거공보||20260603/PDF/PBINFO/4132/003_100160436_20260522_1.pdf||||1||HEIGHT||Y||00||01","",""
"520260603-4100-파주시제5선거구-100155791-1-선거공보","candidate-doc:100155791:1","4100","경기도","520260603","시·도의회의원선거","5","파주시제5선거구","100155791","한규민","국민의힘","1","선거공보","official_structured_record_no_public_file","reviewed_no_recoverable_official_document","official_sources_only","now_available_on_nec","20260603/PDF/PBINFO/4132/003_100155791_20260522_1.pdf","fileinfo","https://policy.nec.go.kr/plc/common/downloadFile.do?requestedFileName=20260603_%ED%8C%8C%EC%A3%BC%EC%8B%9C%EC%A0%9C5%EC%84%A0%EA%B1%B0%EA%B5%AC_%ED%95%9C%EA%B7%9C%EB%AF%BC_%EC%84%A0%EA%B1%B0%EA%B3%B5%EB%B3%B4.pdf&requestedFullPath=20260603/PDF/PBINFO/4132/003_100155791_20260522_1.pdf","선거공보||20260603/PDF/PBINFO/4132/003_100155791_20260522_1.pdf||||1||HEIGHT||Y||00||01","",""
"520260603-5200-춘천시제2선거구-100153893-1-선거공보","candidate-doc:100153893:1","5200","강원특별자치도","520260603","시·도의회의원선거","5","춘천시제2선거구","100153893","이교선","더불어민주당","1","선거공보","official_structured_record_no_public_file","reviewed_no_recoverable_official_document","official_sources_only","now_available_on_nec","20260603/PDF/PBINFO/5201/003_100153893_20260529_1.pdf","fileinfo","https://policy.nec.go.kr/plc/common/downloadFile.do?requestedFileName=20260603_%EC%B6%98%EC%B2%9C%EC%8B%9C%EC%A0%9C2%EC%84%A0%EA%B1%B0%EA%B5%AC_%EC%9D%B4%EA%B5%90%EC%84%A0_%EC%84%A0%EA%B1%B0%EA%B3%B5%EB%B3%B4.pdf&requestedFullPath=20260603/PDF/PBINFO/5201/003_100153893_20260529_1.pdf","선거공보||20260603/PDF/PBINFO/5201/003_100153893_20260529_1.pdf||||1||HEIGHT||Y||00||01","",""
"520260603-4400-천안시제5선거구-100163622-1-선거공보","candidate-doc:100163622:1","4400","충청남도","520260603","시·도의회의원선거","5","천안시제5선거구","100163622","김재호","더불어민주당","1","선거공보","official_structured_record_no_public_file","reviewed_no_recoverable_official_document","official_sources_only","now_available_on_nec","20260603/PDF/PBINFO/4417/003_100163622_20260528_1.pdf","fileinfo","https://policy.nec.go.kr/plc/common/downloadFile.do?requestedFileName=20260603_%EC%B2%9C%EC%95%88%EC%8B%9C%EC%A0%9C5%EC%84%A0%EA%B1%B0%EA%B5%AC_%EA%B9%80%EC%9E%AC%ED%98%B8_%EC%84%A0%EA%B1%B0%EA%B3%B5%EB%B3%B4.pdf&requestedFullPath=20260603/PDF/PBINFO/4417/003_100163622_20260528_1.pdf","선거공보||20260603/PDF/PBINFO/4417/003_100163622_20260528_1.pdf||||1||HEIGHT||Y||00||01","",""
"520260603-5300-김제시제2선거구-100158070-1-선거공보","candidate-doc:100158070:1","5300","전북특별자치도","520260603","시·도의회의원선거","5","김제시제2선거구","100158070","김영자","더불어민주당","1","선거공보","official_structured_record_no_public_file","reviewed_no_recoverable_official_document","official_sources_only","now_available_on_nec","20260603/PDF/PBINFO/5309/003_100158070_20260523_1.pdf","fileinfo","https://policy.nec.go.kr/plc/common/downloadFile.do?requestedFileName=20260603_%EA%B9%80%EC%A0%9C%EC%8B%9C%EC%A0%9C2%EC%84%A0%EA%B1%B0%EA%B5%AC_%EA%B9%80%EC%98%81%EC%9E%90_%EC%84%A0%EA%B1%B0%EA%B3%B5%EB%B3%B4.pdf&requestedFullPath=20260603/PDF/PBINFO/5309/003_100158070_20260523_1.pdf","선거공보||20260603/PDF/PBINFO/5309/003_100158070_20260523_1.pdf||||1||HEIGHT||Y||00||01","",""
"520260603-5300-장수군선거구-100160395-1-선거공보","candidate-doc:100160395:1","5300","전북특별자치도","520260603","시·도의회의원선거","5","장수군선거구","100160395","장정복","더불어민주당","1","선거공보","official_structured_record_no_public_file","reviewed_no_recoverable_official_document","official_sources_only","now_available_on_nec","20260603/PDF/PBINFO/5313/003_100160395_20260527_1.pdf","fileinfo","https://policy.nec.go.kr/plc/common/downloadFile.do?requestedFileName=20260603_%EC%9E%A5%EC%88%98%EA%B5%B0%EC%84%A0%EA%B1%B0%EA%B5%AC_%EC%9E%A5%EC%A0%95%EB%B3%B5_%EC%84%A0%EA%B1%B0%EA%B3%B5%EB%B3%B4.pdf&requestedFullPath=20260603/PDF/PBINFO/5313/003_100160395_20260527_1.pdf","선거공보||20260603/PDF/PBINFO/5313/003_100160395_20260527_1.pdf||||1||HEIGHT||Y||00||01","",""
"520260603-5300-장수군선거구-100158310-1-선거공보","candidate-doc:100158310:1","5300","전북특별자치도","520260603","시·도의회의원선거","5","장수군선거구","100158310","박용근","무소속","1","선거공보","official_structured_record_no_public_file","reviewed_no_recoverable_official_document","official_sources_only","now_available_on_nec","20260603/PDF/PBINFO/5313/003_100158310_20260527_1.pdf","fileinfo","https://policy.nec.go.kr/plc/common/downloadFile.do?requestedFileName=20260603_%EC%9E%A5%EC%88%98%EA%B5%B0%EC%84%A0%EA%B1%B0%EA%B5%AC_%EB%B0%95%EC%9A%A9%EA%B7%BC_%EC%84%A0%EA%B1%B0%EA%B3%B5%EB%B3%B4.pdf&requestedFullPath=20260603/PDF/PBINFO/5313/003_100158310_20260527_1.pdf","선거공보||20260603/PDF/PBINFO/5313/003_100158310_20260527_1.pdf||||1||HEIGHT||Y||00||01","",""
"620260603-1100-강서구가선거구-100156578-1-선거공보","candidate-doc:100156578:1","1100","서울특별시","620260603","구·시·군의회의원선거","6","강서구가선거구","100156578","김영회","더불어민주당","1","선거공보","official_structured_record_no_public_file","reviewed_no_recoverable_official_document","official_sources_only","now_available_on_nec","20260603/PDF/PBINFO/1116/003_100156578_20260526_1.pdf","fileinfo","https://policy.nec.go.kr/plc/common/downloadFile.do?requestedFileName=20260603_%EA%B0%95%EC%84%9C%EA%B5%AC%EA%B0%80%EC%84%A0%EA%B1%B0%EA%B5%AC_%EA%B9%80%EC%98%81%ED%9A%8C_%EC%84%A0%EA%B1%B0%EA%B3%B5%EB%B3%B4.pdf&requestedFullPath=20260603/PDF/PBINFO/1116/003_100156578_20260526_1.pdf","선거공보||20260603/PDF/PBINFO/1116/003_100156578_20260526_1.pdf||||1||HEIGHT||Y||00||01","",""
"620260603-1100-강서구가선거구-100163905-1-선거공보","candidate-doc:100163905:1","1100","서울특별시","620260603","구·시·군의회의원선거","6","강서구가선거구","100163905","신은숙","무소속","1","선거공보","official_structured_record_no_public_file","reviewed_no_recoverable_official_document","official_sources_only","now_available_on_nec","20260603/PDF/PBINFO/1116/003_100163905_20260527_1.pdf","fileinfo","https://policy.nec.go.kr/plc/common/downloadFile.do?requestedFileName=20260603_%EA%B0%95%EC%84%9C%EA%B5%AC%EA%B0%80%EC%84%A0%EA%B1%B0%EA%B5%AC_%EC%8B%A0%EC%9D%80%EC%88%99_%EC%84%A0%EA%B1%B0%EA%B3%B5%EB%B3%B4.pdf&requestedFullPath=20260603/PDF/PBINFO/1116/003_100163905_20260527_1.pdf","선거공보||20260603/PDF/PBINFO/1116/003_100163905_20260527_1.pdf||||1||HEIGHT||Y||00||01","",""
"620260603-1100-강서구나선거구-100162184-1-선거공보","candidate-doc:100162184:1","1100","서울특별시","620260603","구·시·군의회의원선거","6","강서구나선거구","100162184","조기만","더불어민주당","1","선거공보","official_structured_record_no_public_file","reviewed_no_recoverable_official_document","official_sources_only","now_available_on_nec","20260603/PDF/PBINFO/1116/003_100162184_20260527_1.pdf","fileinfo","https://policy.nec.go.kr/plc/common/downloadFile.do?requestedFileName=20260603_%EA%B0%95%EC%84%9C%EA%B5%AC%EB%82%98%EC%84%A0%EA%B1%B0%EA%B5%AC_%EC%A1%B0%EA%B8%B0%EB%A7%8C_%EC%84%A0%EA%B1%B0%EA%B3%B5%EB%B3%B4.pdf&requestedFullPath=20260603/PDF/PBINFO/1116/003_100162184_20260527_1.pdf","선거공보||20260603/PDF/PBINFO/1116/003_100162184_20260527_1.pdf||||1||HEIGHT||Y||00||01","",""
"620260603-1100-강서구라선거구-100157043-1-선거공보","candidate-doc:100157043:1","1100","서울특별시","620260603","구·시·군의회의원선거","6","강서구라선거구","100157043","김현희","더불어민주당","1","선거공보","official_structured_record_no_public_file","reviewed_no_recoverable_official_document","official_sources_only","now_available_on_nec","20260603/PDF/PBINFO/1116/003_100157043_20260526_1.pdf","fileinfo","https://policy.nec.go.kr/plc/common/downloadFile.do?requestedFileName=20260603_%EA%B0%95%EC%84%9C%EA%B5%AC%EB%9D%BC%EC%84%A0%EA%B1%B0%EA%B5%AC_%EA%B9%80%ED%98%84%ED%9D%AC_%EC%84%A0%EA%B1%B0%EA%B3%B5%EB%B3%B4.pdf&requestedFullPath=20260603/PDF/PBINFO/1116/003_100157043_20260526_1.pdf","선거공보||20260603/PDF/PBINFO/1116/003_100157043_20260526_1.pdf||||1||HEIGHT||Y||00||01","",""
"620260603-1100-강서구아선거구-100161820-1-선거공보","candidate-doc:100161820:1","1100","서울특별시","620260603","구·시·군의회의원선거","6","강서구아선거구","100161820","강선영","더불어민주당","1","선거공보","official_structured_record_no_public_file","reviewed_no_recoverable_official_document","official_sources_only","now_available_on_nec","20260603/PDF/PBINFO/1116/003_100161820_20260526_1.pdf","fileinfo","https://policy.nec.go.kr/plc/common/downloadFile.do?requestedFileName=20260603_%EA%B0%95%EC%84%9C%EA%B5%AC%EC%95%84%EC%84%A0%EA%B1%B0%EA%B5%AC_%EA%B0%95%EC%84%A0%EC%98%81_%EC%84%A0%EA%B1%B0%EA%B3%B5%EB%B3%B4.pdf&requestedFullPath=20260603/PDF/PBINFO/1116/003_100161820_20260526_1.pdf","선거공보||20260603/PDF/PBINFO/1116/003_100161820_20260526_1.pdf||||1||HEIGHT||Y||00||01","",""
"620260603-1100-강동구바선거구-100159252-1-선거공보","candidate-doc:100159252:1","1100","서울특별시","620260603","구·시·군의회의원선거","6","강동구바선거구","100159252","최찬호","자유와혁신","1","선거공보","official_structured_record_no_public_file","reviewed_no_recoverable_official_document","official_sources_only","now_available_on_nec","20260603/PDF/PBINFO/1125/003_100159252_20260526_1.pdf","fileinfo","https://policy.nec.go.kr/plc/common/downloadFile.do?requestedFileName=20260603_%EA%B0%95%EB%8F%99%EA%B5%AC%EB%B0%94%EC%84%A0%EA%B1%B0%EA%B5%AC_%EC%B5%9C%EC%B0%AC%ED%98%B8_%EC%84%A0%EA%B1%B0%EA%B3%B5%EB%B3%B4.pdf&requestedFullPath=20260603/PDF/PBINFO/1125/003_100159252_20260526_1.pdf","선거공보||20260603/PDF/PBINFO/1125/003_100159252_20260526_1.pdf||||1||HEIGHT||Y||00||01","",""
"620260603-2900-서구가선거구-100154163-1-선거공보","candidate-doc:100154163:1","2900","광주광역시","620260603","구·시·군의회의원선거","6","서구가선거구","100154163","이기성","더불어민주당","1","선거공보","official_structured_record_no_public_file","reviewed_no_recoverable_official_document","official_sources_only","now_available_on_nec","20260603/PDF/PBINFO/2902/003_100154163_20260524_1.pdf","fileinfo","https://policy.nec.go.kr/plc/common/downloadFile.do?requestedFileName=20260603_%EC%84%9C%EA%B5%AC%EA%B0%80%EC%84%A0%EA%B1%B0%EA%B5%AC_%EC%9D%B4%EA%B8%B0%EC%84%B1_%EC%84%A0%EA%B1%B0%EA%B3%B5%EB%B3%B4.pdf&requestedFullPath=20260603/PDF/PBINFO/2902/003_100154163_20260524_1.pdf","선거공보||20260603/PDF/PBINFO/2902/003_100154163_20260524_1.pdf||||1||HEIGHT||Y||00||01","",""
"620260603-2900-서구가선거구-100157532-1-선거공보","candidate-doc:100157532:1","2900","광주광역시","620260603","구·시·군의회의원선거","6","서구가선거구","100157532","김수영","더불어민주당","1","선거공보","official_structured_record_no_public_file","reviewed_no_recoverable_official_document","official_sources_only","now_available_on_nec","20260603/PDF/PBINFO/2902/003_100157532_20260525_1.pdf","fileinfo","https://policy.nec.go.kr/plc/common/downloadFile.do?requestedFileName=20260603_%EC%84%9C%EA%B5%AC%EA%B0%80%EC%84%A0%EA%B1%B0%EA%B5%AC_%EA%B9%80%EC%88%98%EC%98%81_%EC%84%A0%EA%B1%B0%EA%B3%B5%EB%B3%B4.pdf&requestedFullPath=20260603/PDF/PBINFO/2902/003_100157532_20260525_1.pdf","선거공보||20260603/PDF/PBINFO/2902/003_100157532_20260525_1.pdf||||1||HEIGHT||Y||00||01","",""
"620260603-2900-서구가선거구-100156698-1-선거공보","candidate-doc:100156698:1","2900","광주광역시","620260603","구·시·군의회의원선거","6","서구가선거구","100156698","양하길","더불어민주당","1","선거공보","official_structured_record_no_public_file","reviewed_no_recoverable_official_document","official_sources_only","now_available_on_nec","20260603/PDF/PBINFO/2902/003_100156698_20260525_1.pdf","fileinfo","https://policy.nec.go.kr/plc/common/downloadFile.do?requestedFileName=20260603_%EC%84%9C%EA%B5%AC%EA%B0%80%EC%84%A0%EA%B1%B0%EA%B5%AC_%EC%96%91%ED%95%98%EA%B8%B8_%EC%84%A0%EA%B1%B0%EA%B3%B5%EB%B3%B4.pdf&requestedFullPath=20260603/PDF/PBINFO/2902/003_100156698_20260525_1.pdf","선거공보||20260603/PDF/PBINFO/2902/003_100156698_20260525_1.pdf||||1||HEIGHT||Y||00||01","",""
"620260603-2900-서구가선거구-100157381-1-선거공보","candidate-doc:100157381:1","2900","광주광역시","620260603","구·시·군의회의원선거","6","서구가선거구","100157381","노윤섭","조국혁신당","1","선거공보","official_structured_record_no_public_file","reviewed_no_recoverable_official_document","official_sources_only","now_available_on_nec","20260603/PDF/PBINFO/2902/003_100157381_20260524_1.pdf","fileinfo","https://policy.nec.go.kr/plc/common/downloadFile.do?requestedFileName=20260603_%EC%84%9C%EA%B5%AC%EA%B0%80%EC%84%A0%EA%B1%B0%EA%B5%AC_%EB%85%B8%EC%9C%A4%EC%84%AD_%EC%84%A0%EA%B1%B0%EA%B3%B5%EB%B3%B4.pdf&requestedFullPath=20260603/PDF/PBINFO/2902/003_100157381_20260524_1.pdf","선거공보||20260603/PDF/PBINFO/2902/003_100157381_20260524_1.pdf||||1||HEIGHT||Y||00||01","",""
"620260603-2900-서구가선거구-100154287-1-선거공보","candidate-doc:100154287:1","2900","광주광역시","620260603","구·시·군의회의원선거","6","서구가선거구","100154287","기춘희","진보당","1","선거공보","official_structured_record_no_public_file","reviewed_no_recoverable_official_document","official_sources_only","now_available_on_nec","20260603/PDF/PBINFO/2902/003_100154287_20260524_1.pdf","fileinfo","https://policy.nec.go.kr/plc/common/downloadFile.do?requestedFileName=20260603_%EC%84%9C%EA%B5%AC%EA%B0%80%EC%84%A0%EA%B1%B0%EA%B5%AC_%EA%B8%B0%EC%B6%98%ED%9D%AC_%EC%84%A0%EA%B1%B0%EA%B3%B5%EB%B3%B4.pdf&requestedFullPath=20260603/PDF/PBINFO/2902/003_100154287_20260524_1.pdf","선거공보||20260603/PDF/PBINFO/2902/003_100154287_20260524_1.pdf||||1||HEIGHT||Y||00||01","",""
"620260603-2900-서구나선거구-100156324-1-선거공보","candidate-doc:100156324:1","2900","광주광역시","620260603","구·시·군의회의원선거","6","서구나선거구","100156324","양인기","더불어민주당","1","선거공보","official_structured_record_no_public_file","reviewed_no_recoverable_official_document","official_sources_only","now_available_on_nec","20260603/PDF/PBINFO/2902/003_100156324_20260524_1.pdf","fileinfo","https://policy.nec.go.kr/plc/common/downloadFile.do?requestedFileName=20260603_%EC%84%9C%EA%B5%AC%EB%82%98%EC%84%A0%EA%B1%B0%EA%B5%AC_%EC%96%91%EC%9D%B8%EA%B8%B0_%EC%84%A0%EA%B1%B0%EA%B3%B5%EB%B3%B4.pdf&requestedFullPath=20260603/PDF/PBINFO/2902/003_100156324_20260524_1.pdf","선거공보||20260603/PDF/PBINFO/2902/003_100156324_20260524_1.pdf||||1||HEIGHT||Y||00||01","",""
"620260603-2900-서구나선거구-100156851-1-선거공보","candidate-doc:100156851:1","2900","광주광역시","620260603","구·시·군의회의원선거","6","서구나선거구","100156851","오병관","더불어민주당","1","선거공보","official_structured_record_no_public_file","reviewed_no_recoverable_official_document","official_sources_only","now_available_on_nec","20260603/PDF/PBINFO/2902/003_100156851_20260525_1.pdf","fileinfo","https://policy.nec.go.kr/plc/common/downloadFile.do?requestedFileName=20260603_%EC%84%9C%EA%B5%AC%EB%82%98%EC%84%A0%EA%B1%B0%EA%B5%AC_%EC%98%A4%EB%B3%91%EA%B4%80_%EC%84%A0%EA%B1%B0%EA%B3%B5%EB%B3%B4.pdf&requestedFullPath=20260603/PDF/PBINFO/2902/003_100156851_20260525_1.pdf","선거공보||20260603/PDF/PBINFO/2902/003_100156851_20260525_1.pdf||||1||HEIGHT||Y||00||01","",""
"620260603-2900-서구나선거구-100158479-1-선거공보","candidate-doc:100158479:1","2900","광주광역시","620260603","구·시·군의회의원선거","6","서구나선거구","100158479","임성화","더불어민주당","1","선거공보","official_structured_record_no_public_file","reviewed_no_recoverable_official_document","official_sources_only","now_available_on_nec","20260603/PDF/PBINFO/2902/003_100158479_20260524_1.pdf","fileinfo","https://policy.nec.go.kr/plc/common/downloadFile.do?requestedFileName=20260603_%EC%84%9C%EA%B5%AC%EB%82%98%EC%84%A0%EA%B1%B0%EA%B5%AC_%EC%9E%84%EC%84%B1%ED%99%94_%EC%84%A0%EA%B1%B0%EA%B3%B5%EB%B3%B4.pdf&requestedFullPath=20260603/PDF/PBINFO/2902/003_100158479_20260524_1.pdf","선거공보||20260603/PDF/PBINFO/2902/003_100158479_20260524_1.pdf||||1||HEIGHT||Y||00||01","",""
"620260603-2900-서구나선거구-100154196-1-선거공보","candidate-doc:100154196:1","2900","광주광역시","620260603","구·시·군의회의원선거","6","서구나선거구","100154196","이은주","진보당","1","선거공보","official_structured_record_no_public_file","reviewed_no_recoverable_official_document","official_sources_only","now_available_on_nec","20260603/PDF/PBINFO/2902/003_100154196_20260524_1.pdf","fileinfo","https://policy.nec.go.kr/plc/common/downloadFile.do?requestedFileName=20260603_%EC%84%9C%EA%B5%AC%EB%82%98%EC%84%A0%EA%B1%B0%EA%B5%AC_%EC%9D%B4%EC%9D%80%EC%A3%BC_%EC%84%A0%EA%B1%B0%EA%B3%B5%EB%B3%B4.pdf&requestedFullPath=20260603/PDF/PBINFO/2902/003_100154196_20260524_1.pdf","선거공보||20260603/PDF/PBINFO/2902/003_100154196_20260524_1.pdf||||1||HEIGHT||Y||00||01","",""
"620260603-2900-서구나선거구-100161381-1-선거공보","candidate-doc:100161381:1","2900","광주광역시","620260603","구·시·군의회의원선거","6","서구나선거구","100161381","오광록","무소속","1","선거공보","official_structured_record_no_public_file","reviewed_no_recoverable_official_document","official_sources_only","now_available_on_nec","20260603/PDF/PBINFO/2902/003_100161381_20260524_1.pdf","fileinfo","https://policy.nec.go.kr/plc/common/downloadFile.do?requestedFileName=20260603_%EC%84%9C%EA%B5%AC%EB%82%98%EC%84%A0%EA%B1%B0%EA%B5%AC_%EC%98%A4%EA%B4%91%EB%A1%9D_%EC%84%A0%EA%B1%B0%EA%B3%B5%EB%B3%B4.pdf&requestedFullPath=20260603/PDF/PBINFO/2902/003_100161381_20260524_1.pdf","선거공보||20260603/PDF/PBINFO/2902/003_100161381_20260524_1.pdf||||1||HEIGHT||Y||00||01","",""
"620260603-2900-서구다선거구-100162877-1-선거공보","candidate-doc:100162877:1","2900","광주광역시","620260603","구·시·군의회의원선거","6","서구다선거구","100162877","김인성","더불어민주당","1","선거공보","official_structured_record_no_public_file","reviewed_no_recoverable_official_document","official_sources_only","now_available_on_nec","20260603/PDF/PBINFO/2902/003_100162877_20260524_1.pdf","fileinfo","https://policy.nec.go.kr/plc/common/downloadFile.do?requestedFileName=20260603_%EC%84%9C%EA%B5%AC%EB%8B%A4%EC%84%A0%EA%B1%B0%EA%B5%AC_%EA%B9%80%EC%9D%B8%EC%84%B1_%EC%84%A0%EA%B1%B0%EA%B3%B5%EB%B3%B4.pdf&requestedFullPath=20260603/PDF/PBINFO/2902/003_100162877_20260524_1.pdf","선거공보||20260603/PDF/PBINFO/2902/003_100162877_20260524_1.pdf||||1||HEIGHT||Y||00||01","",""
"620260603-2900-서구다선거구-100157609-1-선거공보","candidate-doc:100157609:1","2900","광주광역시","620260603","구·시·군의회의원선거","6","서구다선거구","100157609","백종한","더불어민주당","1","선거공보","official_structured_record_no_public_file","reviewed_no_recoverable_official_document","official_sources_only","now_available_on_nec","20260603/PDF/PBINFO/2902/003_100157609_20260524_1.pdf","fileinfo","https://policy.nec.go.kr/plc/common/downloadFile.do?requestedFileName=20260603_%EC%84%9C%EA%B5%AC%EB%8B%A4%EC%84%A0%EA%B1%B0%EA%B5%AC_%EB%B0%B1%EC%A2%85%ED%95%9C_%EC%84%A0%EA%B1%B0%EA%B3%B5%EB%B3%B4.pdf&requestedFullPath=20260603/PDF/PBINFO/2902/003_100157609_20260524_1.pdf","선거공보||20260603/PDF/PBINFO/2902/003_100157609_20260524_1.pdf||||1||HEIGHT||Y||00||01","",""
"620260603-2900-서구다선거구-100163358-1-선거공보","candidate-doc:100163358:1","2900","광주광역시","620260603","구·시·군의회의원선거","6","서구다선거구","100163358","최정애","더불어민주당","1","선거공보","official_structured_record_no_public_file","reviewed_no_recoverable_official_document","official_sources_only","now_available_on_nec","20260603/PDF/PBINFO/2902/003_100163358_20260524_1.pdf","fileinfo","https://policy.nec.go.kr/plc/common/downloadFile.do?requestedFileName=20260603_%EC%84%9C%EA%B5%AC%EB%8B%A4%EC%84%A0%EA%B1%B0%EA%B5%AC_%EC%B5%9C%EC%A0%95%EC%95%A0_%EC%84%A0%EA%B1%B0%EA%B3%B5%EB%B3%B4.pdf&requestedFullPath=20260603/PDF/PBINFO/2902/003_100163358_20260524_1.pdf","선거공보||20260603/PDF/PBINFO/2902/003_100163358_20260524_1.pdf||||1||HEIGHT||Y||00||01","",""
"620260603-2900-서구다선거구-100163903-1-선거공보","candidate-doc:100163903:1","2900","광주광역시","620260603","구·시·군의회의원선거","6","서구다선거구","100163903","이동춘","무소속","1","선거공보","official_structured_record_no_public_file","reviewed_no_recoverable_official_document","official_sources_only","now_available_on_nec","20260603/PDF/PBINFO/2902/003_100163903_20260525_1.pdf","fileinfo","https://policy.nec.go.kr/plc/common/downloadFile.do?requestedFileName=20260603_%EC%84%9C%EA%B5%AC%EB%8B%A4%EC%84%A0%EA%B1%B0%EA%B5%AC_%EC%9D%B4%EB%8F%99%EC%B6%98_%EC%84%A0%EA%B1%B0%EA%B3%B5%EB%B3%B4.pdf&requestedFullPath=20260603/PDF/PBINFO/2902/003_100163903_20260525_1.pdf","선거공보||20260603/PDF/PBINFO/2902/003_100163903_20260525_1.pdf||||1||HEIGHT||Y||00||01","",""
"620260603-2900-서구라선거구-100155782-1-선거공보","candidate-doc:100155782:1","2900","광주광역시","620260603","구·시·군의회의원선거","6","서구라선거구","100155782","오지은","더불어민주당","1","선거공보","official_structured_record_no_public_file","reviewed_no_recoverable_official_document","official_sources_only","now_available_on_nec","20260603/PDF/PBINFO/2902/003_100155782_20260525_1.pdf","fileinfo","https://policy.nec.go.kr/plc/common/downloadFile.do?requestedFileName=20260603_%EC%84%9C%EA%B5%AC%EB%9D%BC%EC%84%A0%EA%B1%B0%EA%B5%AC_%EC%98%A4%EC%A7%80%EC%9D%80_%EC%84%A0%EA%B1%B0%EA%B3%B5%EB%B3%B4.pdf&requestedFullPath=20260603/PDF/PBINFO/2902/003_100155782_20260525_1.pdf","선거공보||20260603/PDF/PBINFO/2902/003_100155782_20260525_1.pdf||||1||HEIGHT||Y||00||01","",""
"620260603-2900-서구라선거구-100154579-1-선거공보","candidate-doc:100154579:1","2900","광주광역시","620260603","구·시·군의회의원선거","6","서구라선거구","100154579","김유안","더불어민주당","1","선거공보","official_structured_record_no_public_file","reviewed_no_recoverable_official_document","official_sources_only","now_available_on_nec","20260603/PDF/PBINFO/2902/003_100154579_20260524_1.pdf","fileinfo","https://policy.nec.go.kr/plc/common/downloadFile.do?requestedFileName=20260603_%EC%84%9C%EA%B5%AC%EB%9D%BC%EC%84%A0%EA%B1%B0%EA%B5%AC_%EA%B9%80%EC%9C%A0%EC%95%88_%EC%84%A0%EA%B1%B0%EA%B3%B5%EB%B3%B4.pdf&requestedFullPath=20260603/PDF/PBINFO/2902/003_100154579_20260524_1.pdf","선거공보||20260603/PDF/PBINFO/2902/003_100154579_20260524_1.pdf||||1||HEIGHT||Y||00||01","",""
"620260603-2900-서구라선거구-100157080-1-선거공보","candidate-doc:100157080:1","2900","광주광역시","620260603","구·시·군의회의원선거","6","서구라선거구","100157080","박영숙","더불어민주당","1","선거공보","official_structured_record_no_public_file","reviewed_no_recoverable_official_document","official_sources_only","now_available_on_nec","20260603/PDF/PBINFO/2902/003_100157080_20260524_1.pdf","fileinfo","https://policy.nec.go.kr/plc/common/downloadFile.do?requestedFileName=20260603_%EC%84%9C%EA%B5%AC%EB%9D%BC%EC%84%A0%EA%B1%B0%EA%B5%AC_%EB%B0%95%EC%98%81%EC%88%99_%EC%84%A0%EA%B1%B0%EA%B3%B5%EB%B3%B4.pdf&requestedFullPath=20260603/PDF/PBINFO/2902/003_100157080_20260524_1.pdf","선거공보||20260603/PDF/PBINFO/2902/003_100157080_20260524_1.pdf||||1||HEIGHT||Y||00||01","",""
"620260603-2900-서구라선거구-100157500-1-선거공보","candidate-doc:100157500:1","2900","광주광역시","620260603","구·시·군의회의원선거","6","서구라선거구","100157500","김훈중","조국혁신당","1","선거공보","official_structured_record_no_public_file","reviewed_no_recoverable_official_document","official_sources_only","now_available_on_nec","20260603/PDF/PBINFO/2902/003_100157500_20260524_1.pdf","fileinfo","https://policy.nec.go.kr/plc/common/downloadFile.do?requestedFileName=20260603_%EC%84%9C%EA%B5%AC%EB%9D%BC%EC%84%A0%EA%B1%B0%EA%B5%AC_%EA%B9%80%ED%9B%88%EC%A4%91_%EC%84%A0%EA%B1%B0%EA%B3%B5%EB%B3%B4.pdf&requestedFullPath=20260603/PDF/PBINFO/2902/003_100157500_20260524_1.pdf","선거공보||20260603/PDF/PBINFO/2902/003_100157500_20260524_1.pdf||||1||HEIGHT||Y||00||01","",""
"620260603-2900-서구라선거구-100154285-1-선거공보","candidate-doc:100154285:1","2900","광주광역시","620260603","구·시·군의회의원선거","6","서구라선거구","100154285","고기담","진보당","1","선거공보","official_structured_record_no_public_file","reviewed_no_recoverable_official_document","official_sources_only","now_available_on_nec","20260603/PDF/PBINFO/2902/003_100154285_20260524_1.pdf","fileinfo","https://policy.nec.go.kr/plc/common/downloadFile.do?requestedFileName=20260603_%EC%84%9C%EA%B5%AC%EB%9D%BC%EC%84%A0%EA%B1%B0%EA%B5%AC_%EA%B3%A0%EA%B8%B0%EB%8B%B4_%EC%84%A0%EA%B1%B0%EA%B3%B5%EB%B3%B4.pdf&requestedFullPath=20260603/PDF/PBINFO/2902/003_100154285_20260524_1.pdf","선거공보||20260603/PDF/PBINFO/2902/003_100154285_20260524_1.pdf||||1||HEIGHT||Y||00||01","",""
"620260603-2900-서구라선거구-100157333-1-선거공보","candidate-doc:100157333:1","2900","광주광역시","620260603","구·시·군의회의원선거","6","서구라선거구","100157333","김옥수","무소속","1","선거공보","official_structured_record_no_public_file","reviewed_no_recoverable_official_document","official_sources_only","now_available_on_nec","20260603/PDF/PBINFO/2902/003_100157333_20260525_1.pdf","fileinfo","https://policy.nec.go.kr/plc/common/downloadFile.do?requestedFileName=20260603_%EC%84%9C%EA%B5%AC%EB%9D%BC%EC%84%A0%EA%B1%B0%EA%B5%AC_%EA%B9%80%EC%98%A5%EC%88%98_%EC%84%A0%EA%B1%B0%EA%B3%B5%EB%B3%B4.pdf&requestedFullPath=20260603/PDF/PBINFO/2902/003_100157333_20260525_1.pdf","선거공보||20260603/PDF/PBINFO/2902/003_100157333_20260525_1.pdf||||1||HEIGHT||Y||00||01","",""
"620260603-4100-용인시사선거구-100154933-1-선거공보","candidate-doc:100154933:1","4100","경기도","620260603","구·시·군의회의원선거","6","용인시사선거구","100154933","박해규","더불어민주당","1","선거공보","official_structured_record_no_public_file","reviewed_no_recoverable_official_document","official_sources_only","now_available_on_nec","20260603/PDF/PBINFO/4136/003_100154933_20260528_1.pdf","fileinfo","https://policy.nec.go.kr/plc/common/downloadFile.do?requestedFileName=20260603_%EC%9A%A9%EC%9D%B8%EC%8B%9C%EC%82%AC%EC%84%A0%EA%B1%B0%EA%B5%AC_%EB%B0%95%ED%95%B4%EA%B7%9C_%EC%84%A0%EA%B1%B0%EA%B3%B5%EB%B3%B4.pdf&requestedFullPath=20260603/PDF/PBINFO/4136/003_100154933_20260528_1.pdf","선거공보||20260603/PDF/PBINFO/4136/003_100154933_20260528_1.pdf||||1||HEIGHT||Y||00||01","",""
"620260603-4100-용인시사선거구-100161277-1-선거공보","candidate-doc:100161277:1","4100","경기도","620260603","구·시·군의회의원선거","6","용인시사선거구","100161277","이승도","개혁신당","1","선거공보","official_structured_record_no_public_file","reviewed_no_recoverable_official_document","official_sources_only","now_available_on_nec","20260603/PDF/PBINFO/4136/003_100161277_20260528_1.pdf","fileinfo","https://policy.nec.go.kr/plc/common/downloadFile.do?requestedFileName=20260603_%EC%9A%A9%EC%9D%B8%EC%8B%9C%EC%82%AC%EC%84%A0%EA%B1%B0%EA%B5%AC_%EC%9D%B4%EC%8A%B9%EB%8F%84_%EC%84%A0%EA%B1%B0%EA%B3%B5%EB%B3%B4.pdf&requestedFullPath=20260603/PDF/PBINFO/4136/003_100161277_20260528_1.pdf","선거공보||20260603/PDF/PBINFO/4136/003_100161277_20260528_1.pdf||||1||HEIGHT||Y||00||01","",""
"620260603-4100-용인시자선거구-100160966-1-선거공보","candidate-doc:100160966:1","4100","경기도","620260603","구·시·군의회의원선거","6","용인시자선거구","100160966","정선일","자유와혁신","1","선거공보","official_structured_record_no_public_file","reviewed_no_recoverable_official_document","official_sources_only","now_available_on_nec","20260603/PDF/PBINFO/4136/003_100160966_20260528_1.pdf","fileinfo","https://policy.nec.go.kr/plc/common/downloadFile.do?requestedFileName=20260603_%EC%9A%A9%EC%9D%B8%EC%8B%9C%EC%9E%90%EC%84%A0%EA%B1%B0%EA%B5%AC_%EC%A0%95%EC%84%A0%EC%9D%BC_%EC%84%A0%EA%B1%B0%EA%B3%B5%EB%B3%B4.pdf&requestedFullPath=20260603/PDF/PBINFO/4136/003_100160966_20260528_1.pdf","선거공보||20260603/PDF/PBINFO/4136/003_100160966_20260528_1.pdf||||1||HEIGHT||Y||00||01","",""
"620260603-4100-고양시사선거구-100163883-1-선거공보","candidate-doc:100163883:1","4100","경기도","620260603","구·시·군의회의원선거","6","고양시사선거구","100163883","공소자","더불어민주당","1","선거공보","official_structured_record_no_public_file","reviewed_no_recoverable_official_document","official_sources_only","now_available_on_nec","20260603/PDF/PBINFO/4121/003_100163883_20260526_1.pdf","fileinfo","https://policy.nec.go.kr/plc/common/downloadFile.do?requestedFileName=20260603_%EA%B3%A0%EC%96%91%EC%8B%9C%EC%82%AC%EC%84%A0%EA%B1%B0%EA%B5%AC_%EA%B3%B5%EC%86%8C%EC%9E%90_%EC%84%A0%EA%B1%B0%EA%B3%B5%EB%B3%B4.pdf&requestedFullPath=20260603/PDF/PBINFO/4121/003_100163883_20260526_1.pdf","선거공보||20260603/PDF/PBINFO/4121/003_100163883_20260526_1.pdf||||1||HEIGHT||Y||00||01","",""
"620260603-4100-고양시아선거구-100155441-1-선거공보","candidate-doc:100155441:1","4100","경기도","620260603","구·시·군의회의원선거","6","고양시아선거구","100155441","장윤정","더불어민주당","1","선거공보","official_structured_record_no_public_file","reviewed_no_recoverable_official_document","official_sources_only","now_available_on_nec","20260603/PDF/PBINFO/4121/003_100155441_20260527_1.pdf","fileinfo","https://policy.nec.go.kr/plc/common/downloadFile.do?requestedFileName=20260603_%EA%B3%A0%EC%96%91%EC%8B%9C%EC%95%84%EC%84%A0%EA%B1%B0%EA%B5%AC_%EC%9E%A5%EC%9C%A4%EC%A0%95_%EC%84%A0%EA%B1%B0%EA%B3%B5%EB%B3%B4.pdf&requestedFullPath=20260603/PDF/PBINFO/4121/003_100155441_20260527_1.pdf","선거공보||20260603/PDF/PBINFO/4121/003_100155441_20260527_1.pdf||||1||HEIGHT||Y||00||01","",""
"620260603-4100-파주시가선거구-100156045-1-선거공보","candidate-doc:100156045:1","4100","경기도","620260603","구·시·군의회의원선거","6","파주시가선거구","100156045","방인혜","더불어민주당","1","선거공보","official_structured_record_no_public_file","reviewed_no_recoverable_official_document","official_sources_only","now_available_on_nec","20260603/PDF/PBINFO/4132/003_100156045_20260522_1.pdf","fileinfo","https://policy.nec.go.kr/plc/common/downloadFile.do?requestedFileName=20260603_%ED%8C%8C%EC%A3%BC%EC%8B%9C%EA%B0%80%EC%84%A0%EA%B1%B0%EA%B5%AC_%EB%B0%A9%EC%9D%B8%ED%98%9C_%EC%84%A0%EA%B1%B0%EA%B3%B5%EB%B3%B4.pdf&requestedFullPath=20260603/PDF/PBINFO/4132/003_100156045_20260522_1.pdf","선거공보||20260603/PDF/PBINFO/4132/003_100156045_20260522_1.pdf||||1||HEIGHT||Y||00||01","",""
"620260603-4100-파주시가선거구-100154509-1-선거공보","candidate-doc:100154509:1","4100","경기도","620260603","구·시·군의회의원선거","6","파주시가선거구","100154509","윤석일","더불어민주당","1","선거공보","official_structured_record_no_public_file","reviewed_no_recoverable_official_document","official_sources_only","now_available_on_nec","20260603/PDF/PBINFO/4132/003_100154509_20260522_1.pdf","fileinfo","https://policy.nec.go.kr/plc/common/downloadFile.do?requestedFileName=20260603_%ED%8C%8C%EC%A3%BC%EC%8B%9C%EA%B0%80%EC%84%A0%EA%B1%B0%EA%B5%AC_%EC%9C%A4%EC%84%9D%EC%9D%BC_%EC%84%A0%EA%B1%B0%EA%B3%B5%EB%B3%B4.pdf&requestedFullPath=20260603/PDF/PBINFO/4132/003_100154509_20260522_1.pdf","선거공보||20260603/PDF/PBINFO/4132/003_100154509_20260522_1.pdf||||1||HEIGHT||Y||00||01","",""
"620260603-4100-파주시가선거구-100161878-1-선거공보","candidate-doc:100161878:1","4100","경기도","620260603","구·시·군의회의원선거","6","파주시가선거구","100161878","정경민","국민의힘","1","선거공보","official_structured_record_no_public_file","reviewed_no_recoverable_official_document","official_sources_only","now_available_on_nec","20260603/PDF/PBINFO/4132/003_100161878_20260522_1.pdf","fileinfo","https://policy.nec.go.kr/plc/common/downloadFile.do?requestedFileName=20260603_%ED%8C%8C%EC%A3%BC%EC%8B%9C%EA%B0%80%EC%84%A0%EA%B1%B0%EA%B5%AC_%EC%A0%95%EA%B2%BD%EB%AF%BC_%EC%84%A0%EA%B1%B0%EA%B3%B5%EB%B3%B4.pdf&requestedFullPath=20260603/PDF/PBINFO/4132/003_100161878_20260522_1.pdf","선거공보||20260603/PDF/PBINFO/4132/003_100161878_20260522_1.pdf||||1||HEIGHT||Y||00||01","",""
"620260603-4100-파주시가선거구-100154533-1-선거공보","candidate-doc:100154533:1","4100","경기도","620260603","구·시·군의회의원선거","6","파주시가선거구","100154533","김찬우","정의당","1","선거공보","official_structured_record_no_public_file","reviewed_no_recoverable_official_document","official_sources_only","now_available_on_nec","20260603/PDF/PBINFO/4132/003_100154533_20260522_1.pdf","fileinfo","https://policy.nec.go.kr/plc/common/downloadFile.do?requestedFileName=20260603_%ED%8C%8C%EC%A3%BC%EC%8B%9C%EA%B0%80%EC%84%A0%EA%B1%B0%EA%B5%AC_%EA%B9%80%EC%B0%AC%EC%9A%B0_%EC%84%A0%EA%B1%B0%EA%B3%B5%EB%B3%B4.pdf&requestedFullPath=20260603/PDF/PBINFO/4132/003_100154533_20260522_1.pdf","선거공보||20260603/PDF/PBINFO/4132/003_100154533_20260522_1.pdf||||1||HEIGHT||Y||00||01","",""
"620260603-4100-파주시나선거구-100163103-1-선거공보","candidate-doc:100163103:1","4100","경기도","620260603","구·시·군의회의원선거","6","파주시나선거구","100163103","김경옥","더불어민주당","1","선거공보","official_structured_record_no_public_file","reviewed_no_recoverable_official_document","official_sources_only","now_available_on_nec","20260603/PDF/PBINFO/4132/003_100163103_20260522_1.pdf","fileinfo","https://policy.nec.go.kr/plc/common/downloadFile.do?requestedFileName=20260603_%ED%8C%8C%EC%A3%BC%EC%8B%9C%EB%82%98%EC%84%A0%EA%B1%B0%EA%B5%AC_%EA%B9%80%EA%B2%BD%EC%98%A5_%EC%84%A0%EA%B1%B0%EA%B3%B5%EB%B3%B4.pdf&requestedFullPath=20260603/PDF/PBINFO/4132/003_100163103_20260522_1.pdf","선거공보||20260603/PDF/PBINFO/4132/003_100163103_20260522_1.pdf||||1||HEIGHT||Y||00||01","",""
"620260603-4100-파주시나선거구-100165144-1-선거공보","candidate-doc:100165144:1","4100","경기도","620260603","구·시·군의회의원선거","6","파주시나선거구","100165144","이정은","더불어민주당","1","선거공보","official_structured_record_no_public_file","reviewed_no_recoverable_official_document","official_sources_only","now_available_on_nec","20260603/PDF/PBINFO/4132/003_100165144_20260522_1.pdf","fileinfo","https://policy.nec.go.kr/plc/common/downloadFile.do?requestedFileName=20260603_%ED%8C%8C%EC%A3%BC%EC%8B%9C%EB%82%98%EC%84%A0%EA%B1%B0%EA%B5%AC_%EC%9D%B4%EC%A0%95%EC%9D%80_%EC%84%A0%EA%B1%B0%EA%B3%B5%EB%B3%B4.pdf&requestedFullPath=20260603/PDF/PBINFO/4132/003_100165144_20260522_1.pdf","선거공보||20260603/PDF/PBINFO/4132/003_100165144_20260522_1.pdf||||1||HEIGHT||Y||00||01","",""
"620260603-4100-파주시나선거구-100162227-1-선거공보","candidate-doc:100162227:1","4100","경기도","620260603","구·시·군의회의원선거","6","파주시나선거구","100162227","옥승철","국민의힘","1","선거공보","official_structured_record_no_public_file","reviewed_no_recoverable_official_document","official_sources_only","now_available_on_nec","20260603/PDF/PBINFO/4132/003_100162227_20260522_1.pdf","fileinfo","https://policy.nec.go.kr/plc/common/downloadFile.do?requestedFileName=20260603_%ED%8C%8C%EC%A3%BC%EC%8B%9C%EB%82%98%EC%84%A0%EA%B1%B0%EA%B5%AC_%EC%98%A5%EC%8A%B9%EC%B2%A0_%EC%84%A0%EA%B1%B0%EA%B3%B5%EB%B3%B4.pdf&requestedFullPath=20260603/PDF/PBINFO/4132/003_100162227_20260522_1.pdf","선거공보||20260603/PDF/PBINFO/4132/003_100162227_20260522_1.pdf||||1||HEIGHT||Y||00||01","",""
"620260603-4100-파주시나선거구-100161952-1-선거공보","candidate-doc:100161952:1","4100","경기도","620260603","구·시·군의회의원선거","6","파주시나선거구","100161952","최창호","국민의힘","1","선거공보","official_structured_record_no_public_file","reviewed_no_recoverable_official_document","official_sources_only","now_available_on_nec","20260603/PDF/PBINFO/4132/003_100161952_20260522_1.pdf","fileinfo","https://policy.nec.go.kr/plc/common/downloadFile.do?requestedFileName=20260603_%ED%8C%8C%EC%A3%BC%EC%8B%9C%EB%82%98%EC%84%A0%EA%B1%B0%EA%B5%AC_%EC%B5%9C%EC%B0%BD%ED%98%B8_%EC%84%A0%EA%B1%B0%EA%B3%B5%EB%B3%B4.pdf&requestedFullPath=20260603/PDF/PBINFO/4132/003_100161952_20260522_1.pdf","선거공보||20260603/PDF/PBINFO/4132/003_100161952_20260522_1.pdf||||1||HEIGHT||Y||00||01","",""
"620260603-4100-파주시나선거구-100156597-1-선거공보","candidate-doc:100156597:1","4100","경기도","620260603","구·시·군의회의원선거","6","파주시나선거구","100156597","소경준","노동당","1","선거공보","official_structured_record_no_public_file","reviewed_no_recoverable_official_document","official_sources_only","now_available_on_nec","20260603/PDF/PBINFO/4132/003_100156597_20260522_1.pdf","fileinfo","https://policy.nec.go.kr/plc/common/downloadFile.do?requestedFileName=20260603_%ED%8C%8C%EC%A3%BC%EC%8B%9C%EB%82%98%EC%84%A0%EA%B1%B0%EA%B5%AC_%EC%86%8C%EA%B2%BD%EC%A4%80_%EC%84%A0%EA%B1%B0%EA%B3%B5%EB%B3%B4.pdf&requestedFullPath=20260603/PDF/PBINFO/4132/003_100156597_20260522_1.pdf","선거공보||20260603/PDF/PBINFO/4132/003_100156597_20260522_1.pdf||||1||HEIGHT||Y||00||01","",""
"620260603-4100-파주시다선거구-100154491-1-선거공보","candidate-doc:100154491:1","4100","경기도","620260603","구·시·군의회의원선거","6","파주시다선거구","100154491","유장무","더불어민주당","1","선거공보","official_structured_record_no_public_file","reviewed_no_recoverable_official_document","official_sources_only","now_available_on_nec","20260603/PDF/PBINFO/4132/003_100154491_20260522_1.pdf","fileinfo","https://policy.nec.go.kr/plc/common/downloadFile.do?requestedFileName=20260603_%ED%8C%8C%EC%A3%BC%EC%8B%9C%EB%8B%A4%EC%84%A0%EA%B1%B0%EA%B5%AC_%EC%9C%A0%EC%9E%A5%EB%AC%B4_%EC%84%A0%EA%B1%B0%EA%B3%B5%EB%B3%B4.pdf&requestedFullPath=20260603/PDF/PBINFO/4132/003_100154491_20260522_1.pdf","선거공보||20260603/PDF/PBINFO/4132/003_100154491_20260522_1.pdf||||1||HEIGHT||Y||00||01","",""
"620260603-4100-파주시다선거구-100155478-1-선거공보","candidate-doc:100155478:1","4100","경기도","620260603","구·시·군의회의원선거","6","파주시다선거구","100155478","김환중","더불어민주당","1","선거공보","official_structured_record_no_public_file","reviewed_no_recoverable_official_document","official_sources_only","now_available_on_nec","20260603/PDF/PBINFO/4132/003_100155478_20260522_1.pdf","fileinfo","https://policy.nec.go.kr/plc/common/downloadFile.do?requestedFileName=20260603_%ED%8C%8C%EC%A3%BC%EC%8B%9C%EB%8B%A4%EC%84%A0%EA%B1%B0%EA%B5%AC_%EA%B9%80%ED%99%98%EC%A4%91_%EC%84%A0%EA%B1%B0%EA%B3%B5%EB%B3%B4.pdf&requestedFullPath=20260603/PDF/PBINFO/4132/003_100155478_20260522_1.pdf","선거공보||20260603/PDF/PBINFO/4132/003_100155478_20260522_1.pdf||||1||HEIGHT||Y||00||01","",""
"620260603-4100-파주시다선거구-100161924-1-선거공보","candidate-doc:100161924:1","4100","경기도","620260603","구·시·군의회의원선거","6","파주시다선거구","100161924","이진아","국민의힘","1","선거공보","official_structured_record_no_public_file","reviewed_no_recoverable_official_document","official_sources_only","now_available_on_nec","20260603/PDF/PBINFO/4132/003_100161924_20260522_1.pdf","fileinfo","https://policy.nec.go.kr/plc/common/downloadFile.do?requestedFileName=20260603_%ED%8C%8C%EC%A3%BC%EC%8B%9C%EB%8B%A4%EC%84%A0%EA%B1%B0%EA%B5%AC_%EC%9D%B4%EC%A7%84%EC%95%84_%EC%84%A0%EA%B1%B0%EA%B3%B5%EB%B3%B4.pdf&requestedFullPath=20260603/PDF/PBINFO/4132/003_100161924_20260522_1.pdf","선거공보||20260603/PDF/PBINFO/4132/003_100161924_20260522_1.pdf||||1||HEIGHT||Y||00||01","",""
"620260603-4100-파주시다선거구-100164800-1-선거공보","candidate-doc:100164800:1","4100","경기도","620260603","구·시·군의회의원선거","6","파주시다선거구","100164800","한종갑","조국혁신당","1","선거공보","official_structured_record_no_public_file","reviewed_no_recoverable_official_document","official_sources_only","now_available_on_nec","20260603/PDF/PBINFO/4132/003_100164800_20260522_1.pdf","fileinfo","https://policy.nec.go.kr/plc/common/downloadFile.do?requestedFileName=20260603_%ED%8C%8C%EC%A3%BC%EC%8B%9C%EB%8B%A4%EC%84%A0%EA%B1%B0%EA%B5%AC_%ED%95%9C%EC%A2%85%EA%B0%91_%EC%84%A0%EA%B1%B0%EA%B3%B5%EB%B3%B4.pdf&requestedFullPath=20260603/PDF/PBINFO/4132/003_100164800_20260522_1.pdf","선거공보||20260603/PDF/PBINFO/4132/003_100164800_20260522_1.pdf||||1||HEIGHT||Y||00||01","",""
"620260603-4100-파주시다선거구-100157056-1-선거공보","candidate-doc:100157056:1","4100","경기도","620260603","구·시·군의회의원선거","6","파주시다선거구","100157056","안소희","진보당","1","선거공보","official_structured_record_no_public_file","reviewed_no_recoverable_official_document","official_sources_only","now_available_on_nec","20260603/PDF/PBINFO/4132/003_100157056_20260522_1.pdf","fileinfo","https://policy.nec.go.kr/plc/common/downloadFile.do?requestedFileName=20260603_%ED%8C%8C%EC%A3%BC%EC%8B%9C%EB%8B%A4%EC%84%A0%EA%B1%B0%EA%B5%AC_%EC%95%88%EC%86%8C%ED%9D%AC_%EC%84%A0%EA%B1%B0%EA%B3%B5%EB%B3%B4.pdf&requestedFullPath=20260603/PDF/PBINFO/4132/003_100157056_20260522_1.pdf","선거공보||20260603/PDF/PBINFO/4132/003_100157056_20260522_1.pdf||||1||HEIGHT||Y||00||01","",""
"620260603-4100-파주시라선거구-100155692-1-선거공보","candidate-doc:100155692:1","4100","경기도","620260603","구·시·군의회의원선거","6","파주시라선거구","100155692","지은영","더불어민주당","1","선거공보","official_structured_record_no_public_file","reviewed_no_recoverable_official_document","official_sources_only","now_available_on_nec","20260603/PDF/PBINFO/4132/003_100155692_20260522_1.pdf","fileinfo","https://policy.nec.go.kr/plc/common/downloadFile.do?requestedFileName=20260603_%ED%8C%8C%EC%A3%BC%EC%8B%9C%EB%9D%BC%EC%84%A0%EA%B1%B0%EA%B5%AC_%EC%A7%80%EC%9D%80%EC%98%81_%EC%84%A0%EA%B1%B0%EA%B3%B5%EB%B3%B4.pdf&requestedFullPath=20260603/PDF/PBINFO/4132/003_100155692_20260522_1.pdf","선거공보||20260603/PDF/PBINFO/4132/003_100155692_20260522_1.pdf||||1||HEIGHT||Y||00||01","",""
"620260603-4100-파주시라선거구-100157286-1-선거공보","candidate-doc:100157286:1","4100","경기도","620260603","구·시·군의회의원선거","6","파주시라선거구","100157286","최유각","더불어민주당","1","선거공보","official_structured_record_no_public_file","reviewed_no_recoverable_official_document","official_sources_only","now_available_on_nec","20260603/PDF/PBINFO/4132/003_100157286_20260522_1.pdf","fileinfo","https://policy.nec.go.kr/plc/common/downloadFile.do?requestedFileName=20260603_%ED%8C%8C%EC%A3%BC%EC%8B%9C%EB%9D%BC%EC%84%A0%EA%B1%B0%EA%B5%AC_%EC%B5%9C%EC%9C%A0%EA%B0%81_%EC%84%A0%EA%B1%B0%EA%B3%B5%EB%B3%B4.pdf&requestedFullPath=20260603/PDF/PBINFO/4132/003_100157286_20260522_1.pdf","선거공보||20260603/PDF/PBINFO/4132/003_100157286_20260522_1.pdf||||1||HEIGHT||Y||00||01","",""
"620260603-4100-파주시라선거구-100158336-1-선거공보","candidate-doc:100158336:1","4100","경기도","620260603","구·시·군의회의원선거","6","파주시라선거구","100158336","손형배","국민의힘","1","선거공보","official_structured_record_no_public_file","reviewed_no_recoverable_official_document","official_sources_only","now_available_on_nec","20260603/PDF/PBINFO/4132/003_100158336_20260522_1.pdf","fileinfo","https://policy.nec.go.kr/plc/common/downloadFile.do?requestedFileName=20260603_%ED%8C%8C%EC%A3%BC%EC%8B%9C%EB%9D%BC%EC%84%A0%EA%B1%B0%EA%B5%AC_%EC%86%90%ED%98%95%EB%B0%B0_%EC%84%A0%EA%B1%B0%EA%B3%B5%EB%B3%B4.pdf&requestedFullPath=20260603/PDF/PBINFO/4132/003_100158336_20260522_1.pdf","선거공보||20260603/PDF/PBINFO/4132/003_100158336_20260522_1.pdf||||1||HEIGHT||Y||00||01","",""
"620260603-4100-파주시라선거구-100155013-1-선거공보","candidate-doc:100155013:1","4100","경기도","620260603","구·시·군의회의원선거","6","파주시라선거구","100155013","홍윤기","무소속","1","선거공보","official_structured_record_no_public_file","reviewed_no_recoverable_official_document","official_sources_only","now_available_on_nec","20260603/PDF/PBINFO/4132/003_100155013_20260522_1.pdf","fileinfo","https://policy.nec.go.kr/plc/common/downloadFile.do?requestedFileName=20260603_%ED%8C%8C%EC%A3%BC%EC%8B%9C%EB%9D%BC%EC%84%A0%EA%B1%B0%EA%B5%AC_%ED%99%8D%EC%9C%A4%EA%B8%B0_%EC%84%A0%EA%B1%B0%EA%B3%B5%EB%B3%B4.pdf&requestedFullPath=20260603/PDF/PBINFO/4132/003_100155013_20260522_1.pdf","선거공보||20260603/PDF/PBINFO/4132/003_100155013_20260522_1.pdf||||1||HEIGHT||Y||00||01","",""
"620260603-4100-파주시마선거구-100157013-1-선거공보","candidate-doc:100157013:1","4100","경기도","620260603","구·시·군의회의원선거","6","파주시마선거구","100157013","이금옥","더불어민주당","1","선거공보","official_structured_record_no_public_file","reviewed_no_recoverable_official_document","official_sources_only","now_available_on_nec","20260603/PDF/PBINFO/4132/003_100157013_20260522_1.pdf","fileinfo","https://policy.nec.go.kr/plc/common/downloadFile.do?requestedFileName=20260603_%ED%8C%8C%EC%A3%BC%EC%8B%9C%EB%A7%88%EC%84%A0%EA%B1%B0%EA%B5%AC_%EC%9D%B4%EA%B8%88%EC%98%A5_%EC%84%A0%EA%B1%B0%EA%B3%B5%EB%B3%B4.pdf&requestedFullPath=20260603/PDF/PBINFO/4132/003_100157013_20260522_1.pdf","선거공보||20260603/PDF/PBINFO/4132/003_100157013_20260522_1.pdf||||1||HEIGHT||Y||00||01","",""
"620260603-4100-파주시마선거구-100158126-1-선거공보","candidate-doc:100158126:1","4100","경기도","620260603","구·시·군의회의원선거","6","파주시마선거구","100158126","이혜정","더불어민주당","1","선거공보","official_structured_record_no_public_file","reviewed_no_recoverable_official_document","official_sources_only","now_available_on_nec","20260603/PDF/PBINFO/4132/003_100158126_20260522_1.pdf","fileinfo","https://policy.nec.go.kr/plc/common/downloadFile.do?requestedFileName=20260603_%ED%8C%8C%EC%A3%BC%EC%8B%9C%EB%A7%88%EC%84%A0%EA%B1%B0%EA%B5%AC_%EC%9D%B4%ED%98%9C%EC%A0%95_%EC%84%A0%EA%B1%B0%EA%B3%B5%EB%B3%B4.pdf&requestedFullPath=20260603/PDF/PBINFO/4132/003_100158126_20260522_1.pdf","선거공보||20260603/PDF/PBINFO/4132/003_100158126_20260522_1.pdf||||1||HEIGHT||Y||00||01","",""
"620260603-4100-파주시마선거구-100161656-1-선거공보","candidate-doc:100161656:1","4100","경기도","620260603","구·시·군의회의원선거","6","파주시마선거구","100161656","이익선","국민의힘","1","선거공보","official_structured_record_no_public_file","reviewed_no_recoverable_official_document","official_sources_only","now_available_on_nec","20260603/PDF/PBINFO/4132/003_100161656_20260522_1.pdf","fileinfo","https://policy.nec.go.kr/plc/common/downloadFile.do?requestedFileName=20260603_%ED%8C%8C%EC%A3%BC%EC%8B%9C%EB%A7%88%EC%84%A0%EA%B1%B0%EA%B5%AC_%EC%9D%B4%EC%9D%B5%EC%84%A0_%EC%84%A0%EA%B1%B0%EA%B3%B5%EB%B3%B4.pdf&requestedFullPath=20260603/PDF/PBINFO/4132/003_100161656_20260522_1.pdf","선거공보||20260603/PDF/PBINFO/4132/003_100161656_20260522_1.pdf||||1||HEIGHT||Y||00||01","",""
"620260603-4100-파주시마선거구-100155039-1-선거공보","candidate-doc:100155039:1","4100","경기도","620260603","구·시·군의회의원선거","6","파주시마선거구","100155039","김일철","국민의힘","1","선거공보","official_structured_record_no_public_file","reviewed_no_recoverable_official_document","official_sources_only","now_available_on_nec","20260603/PDF/PBINFO/4132/003_100155039_20260522_1.pdf","fileinfo","https://policy.nec.go.kr/plc/common/downloadFile.do?requestedFileName=20260603_%ED%8C%8C%EC%A3%BC%EC%8B%9C%EB%A7%88%EC%84%A0%EA%B1%B0%EA%B5%AC_%EA%B9%80%EC%9D%BC%EC%B2%A0_%EC%84%A0%EA%B1%B0%EA%B3%B5%EB%B3%B4.pdf&requestedFullPath=20260603/PDF/PBINFO/4132/003_100155039_20260522_1.pdf","선거공보||20260603/PDF/PBINFO/4132/003_100155039_20260522_1.pdf||||1||HEIGHT||Y||00||01","",""
"620260603-4100-파주시마선거구-100155645-1-선거공보","candidate-doc:100155645:1","4100","경기도","620260603","구·시·군의회의원선거","6","파주시마선거구","100155645","양준모","개혁신당","1","선거공보","official_structured_record_no_public_file","reviewed_no_recoverable_official_document","official_sources_only","now_available_on_nec","20260603/PDF/PBINFO/4132/003_100155645_20260522_1.pdf","fileinfo","https://policy.nec.go.kr/plc/common/downloadFile.do?requestedFileName=20260603_%ED%8C%8C%EC%A3%BC%EC%8B%9C%EB%A7%88%EC%84%A0%EA%B1%B0%EA%B5%AC_%EC%96%91%EC%A4%80%EB%AA%A8_%EC%84%A0%EA%B1%B0%EA%B3%B5%EB%B3%B4.pdf&requestedFullPath=20260603/PDF/PBINFO/4132/003_100155645_20260522_1.pdf","선거공보||20260603/PDF/PBINFO/4132/003_100155645_20260522_1.pdf||||1||HEIGHT||Y||00||01","",""
"620260603-5200-삼척시나선거구-100154212-1-선거공보","candidate-doc:100154212:1","5200","강원특별자치도","620260603","구·시·군의회의원선거","6","삼척시나선거구","100154212","서종협","더불어민주당","1","선거공보","official_structured_record_no_public_file","reviewed_no_recoverable_official_document","official_sources_only","now_available_on_nec","20260603/PDF/PBINFO/5205/003_100154212_20260527_1.pdf","fileinfo","https://policy.nec.go.kr/plc/common/downloadFile.do?requestedFileName=20260603_%EC%82%BC%EC%B2%99%EC%8B%9C%EB%82%98%EC%84%A0%EA%B1%B0%EA%B5%AC_%EC%84%9C%EC%A2%85%ED%98%91_%EC%84%A0%EA%B1%B0%EA%B3%B5%EB%B3%B4.pdf&requestedFullPath=20260603/PDF/PBINFO/5205/003_100154212_20260527_1.pdf","선거공보||20260603/PDF/PBINFO/5205/003_100154212_20260527_1.pdf||||1||HEIGHT||Y||00||01","",""
"620260603-4400-천안시마선거구-100157338-1-선거공보","candidate-doc:100157338:1","4400","충청남도","620260603","구·시·군의회의원선거","6","천안시마선거구","100157338","윤철상","더불어민주당","1","선거공보","official_structured_record_no_public_file","reviewed_no_recoverable_official_document","official_sources_only","now_available_on_nec","20260603/PDF/PBINFO/4417/003_100157338_20260528_1.pdf","fileinfo","https://policy.nec.go.kr/plc/common/downloadFile.do?requestedFileName=20260603_%EC%B2%9C%EC%95%88%EC%8B%9C%EB%A7%88%EC%84%A0%EA%B1%B0%EA%B5%AC_%EC%9C%A4%EC%B2%A0%EC%83%81_%EC%84%A0%EA%B1%B0%EA%B3%B5%EB%B3%B4.pdf&requestedFullPath=20260603/PDF/PBINFO/4417/003_100157338_20260528_1.pdf","선거공보||20260603/PDF/PBINFO/4417/003_100157338_20260528_1.pdf||||1||HEIGHT||Y||00||01","",""
"620260603-4400-천안시바선거구-100163016-1-선거공보","candidate-doc:100163016:1","4400","충청남도","620260603","구·시·군의회의원선거","6","천안시바선거구","100163016","전용길","조국혁신당","1","선거공보","official_structured_record_no_public_file","reviewed_no_recoverable_official_document","official_sources_only","now_available_on_nec","20260603/PDF/PBINFO/4417/003_100163016_20260528_1.pdf","fileinfo","https://policy.nec.go.kr/plc/common/downloadFile.do?requestedFileName=20260603_%EC%B2%9C%EC%95%88%EC%8B%9C%EB%B0%94%EC%84%A0%EA%B1%B0%EA%B5%AC_%EC%A0%84%EC%9A%A9%EA%B8%B8_%EC%84%A0%EA%B1%B0%EA%B3%B5%EB%B3%B4.pdf&requestedFullPath=20260603/PDF/PBINFO/4417/003_100163016_20260528_1.pdf","선거공보||20260603/PDF/PBINFO/4417/003_100163016_20260528_1.pdf||||1||HEIGHT||Y||00||01","",""
"620260603-4400-홍성군가선거구-100160944-1-선거공보","candidate-doc:100160944:1","4400","충청남도","620260603","구·시·군의회의원선거","6","홍성군가선거구","100160944","최선경","더불어민주당","1","선거공보","official_structured_record_no_public_file","reviewed_no_recoverable_official_document","official_sources_only","now_available_on_nec","20260603/PDF/PBINFO/4413/003_100160944_20260527_1.pdf","fileinfo","https://policy.nec.go.kr/plc/common/downloadFile.do?requestedFileName=20260603_%ED%99%8D%EC%84%B1%EA%B5%B0%EA%B0%80%EC%84%A0%EA%B1%B0%EA%B5%AC_%EC%B5%9C%EC%84%A0%EA%B2%BD_%EC%84%A0%EA%B1%B0%EA%B3%B5%EB%B3%B4.pdf&requestedFullPath=20260603/PDF/PBINFO/4413/003_100160944_20260527_1.pdf","선거공보||20260603/PDF/PBINFO/4413/003_100160944_20260527_1.pdf||||1||HEIGHT||Y||00||01","",""
"620260603-5300-김제시가선거구-100155176-1-선거공보","candidate-doc:100155176:1","5300","전북특별자치도","620260603","구·시·군의회의원선거","6","김제시가선거구","100155176","주상현","더불어민주당","1","선거공보","official_structured_record_no_public_file","reviewed_no_recoverable_official_document","official_sources_only","now_available_on_nec","20260603/PDF/PBINFO/5309/003_100155176_20260523_1.pdf","fileinfo","https://policy.nec.go.kr/plc/common/downloadFile.do?requestedFileName=20260603_%EA%B9%80%EC%A0%9C%EC%8B%9C%EA%B0%80%EC%84%A0%EA%B1%B0%EA%B5%AC_%EC%A3%BC%EC%83%81%ED%98%84_%EC%84%A0%EA%B1%B0%EA%B3%B5%EB%B3%B4.pdf&requestedFullPath=20260603/PDF/PBINFO/5309/003_100155176_20260523_1.pdf","선거공보||20260603/PDF/PBINFO/5309/003_100155176_20260523_1.pdf||||1||HEIGHT||Y||00||01","",""
"620260603-5300-김제시가선거구-100157560-1-선거공보","candidate-doc:100157560:1","5300","전북특별자치도","620260603","구·시·군의회의원선거","6","김제시가선거구","100157560","남궁윤","더불어민주당","1","선거공보","official_structured_record_no_public_file","reviewed_no_recoverable_official_document","official_sources_only","now_available_on_nec","20260603/PDF/PBINFO/5309/003_100157560_20260523_1.pdf","fileinfo","https://policy.nec.go.kr/plc/common/downloadFile.do?requestedFileName=20260603_%EA%B9%80%EC%A0%9C%EC%8B%9C%EA%B0%80%EC%84%A0%EA%B1%B0%EA%B5%AC_%EB%82%A8%EA%B6%81%EC%9C%A4_%EC%84%A0%EA%B1%B0%EA%B3%B5%EB%B3%B4.pdf&requestedFullPath=20260603/PDF/PBINFO/5309/003_100157560_20260523_1.pdf","선거공보||20260603/PDF/PBINFO/5309/003_100157560_20260523_1.pdf||||1||HEIGHT||Y||00||01","",""
"620260603-5300-김제시나선거구-100156260-1-선거공보","candidate-doc:100156260:1","5300","전북특별자치도","620260603","구·시·군의회의원선거","6","김제시나선거구","100156260","오승경","더불어민주당","1","선거공보","official_structured_record_no_public_file","reviewed_no_recoverable_official_document","official_sources_only","now_available_on_nec","20260603/PDF/PBINFO/5309/003_100156260_20260523_1.pdf","fileinfo","https://policy.nec.go.kr/plc/common/downloadFile.do?requestedFileName=20260603_%EA%B9%80%EC%A0%9C%EC%8B%9C%EB%82%98%EC%84%A0%EA%B1%B0%EA%B5%AC_%EC%98%A4%EC%8A%B9%EA%B2%BD_%EC%84%A0%EA%B1%B0%EA%B3%B5%EB%B3%B4.pdf&requestedFullPath=20260603/PDF/PBINFO/5309/003_100156260_20260523_1.pdf","선거공보||20260603/PDF/PBINFO/5309/003_100156260_20260523_1.pdf||||1||HEIGHT||Y||00||01","",""
"620260603-5300-김제시나선거구-100160387-1-선거공보","candidate-doc:100160387:1","5300","전북특별자치도","620260603","구·시·군의회의원선거","6","김제시나선거구","100160387","김영자","더불어민주당","1","선거공보","official_structured_record_no_public_file","reviewed_no_recoverable_official_document","official_sources_only","now_available_on_nec","20260603/PDF/PBINFO/5309/003_100160387_20260523_1.pdf","fileinfo","https://policy.nec.go.kr/plc/common/downloadFile.do?requestedFileName=20260603_%EA%B9%80%EC%A0%9C%EC%8B%9C%EB%82%98%EC%84%A0%EA%B1%B0%EA%B5%AC_%EA%B9%80%EC%98%81%EC%9E%90_%EC%84%A0%EA%B1%B0%EA%B3%B5%EB%B3%B4.pdf&requestedFullPath=20260603/PDF/PBINFO/5309/003_100160387_20260523_1.pdf","선거공보||20260603/PDF/PBINFO/5309/003_100160387_20260523_1.pdf||||1||HEIGHT||Y||00||01","",""
"620260603-5300-김제시나선거구-100163659-1-선거공보","candidate-doc:100163659:1","5300","전북특별자치도","620260603","구·시·군의회의원선거","6","김제시나선거구","100163659","박성운","조국혁신당","1","선거공보","official_structured_record_no_public_file","reviewed_no_recoverable_official_document","official_sources_only","now_available_on_nec","20260603/PDF/PBINFO/5309/003_100163659_20260523_1.pdf","fileinfo","https://policy.nec.go.kr/plc/common/downloadFile.do?requestedFileName=20260603_%EA%B9%80%EC%A0%9C%EC%8B%9C%EB%82%98%EC%84%A0%EA%B1%B0%EA%B5%AC_%EB%B0%95%EC%84%B1%EC%9A%B4_%EC%84%A0%EA%B1%B0%EA%B3%B5%EB%B3%B4.pdf&requestedFullPath=20260603/PDF/PBINFO/5309/003_100163659_20260523_1.pdf","선거공보||20260603/PDF/PBINFO/5309/003_100163659_20260523_1.pdf||||1||HEIGHT||Y||00||01","",""
"620260603-5300-김제시나선거구-100165246-1-선거공보","candidate-doc:100165246:1","5300","전북특별자치도","620260603","구·시·군의회의원선거","6","김제시나선거구","100165246","조성원","무소속","1","선거공보","official_structured_record_no_public_file","reviewed_no_recoverable_official_document","official_sources_only","now_available_on_nec","20260603/PDF/PBINFO/5309/003_100165246_20260523_1.pdf","fileinfo","https://policy.nec.go.kr/plc/common/downloadFile.do?requestedFileName=20260603_%EA%B9%80%EC%A0%9C%EC%8B%9C%EB%82%98%EC%84%A0%EA%B1%B0%EA%B5%AC_%EC%A1%B0%EC%84%B1%EC%9B%90_%EC%84%A0%EA%B1%B0%EA%B3%B5%EB%B3%B4.pdf&requestedFullPath=20260603/PDF/PBINFO/5309/003_100165246_20260523_1.pdf","선거공보||20260603/PDF/PBINFO/5309/003_100165246_20260523_1.pdf||||1||HEIGHT||Y||00||01","",""
"620260603-5300-김제시라선거구-100154872-1-선거공보","candidate-doc:100154872:1","5300","전북특별자치도","620260603","구·시·군의회의원선거","6","김제시라선거구","100154872","김진수","더불어민주당","1","선거공보","official_structured_record_no_public_file","reviewed_no_recoverable_official_document","official_sources_only","now_available_on_nec","20260603/PDF/PBINFO/5309/003_100154872_20260523_1.pdf","fileinfo","https://policy.nec.go.kr/plc/common/downloadFile.do?requestedFileName=20260603_%EA%B9%80%EC%A0%9C%EC%8B%9C%EB%9D%BC%EC%84%A0%EA%B1%B0%EA%B5%AC_%EA%B9%80%EC%A7%84%EC%88%98_%EC%84%A0%EA%B1%B0%EA%B3%B5%EB%B3%B4.pdf&requestedFullPath=20260603/PDF/PBINFO/5309/003_100154872_20260523_1.pdf","선거공보||20260603/PDF/PBINFO/5309/003_100154872_20260523_1.pdf||||1||HEIGHT||Y||00||01","",""
"620260603-5300-김제시라선거구-100157339-1-선거공보","candidate-doc:100157339:1","5300","전북특별자치도","620260603","구·시·군의회의원선거","6","김제시라선거구","100157339","김승일","더불어민주당","1","선거공보","official_structured_record_no_public_file","reviewed_no_recoverable_official_document","official_sources_only","now_available_on_nec","20260603/PDF/PBINFO/5309/003_100157339_20260523_1.pdf","fileinfo","https://policy.nec.go.kr/plc/common/downloadFile.do?requestedFileName=20260603_%EA%B9%80%EC%A0%9C%EC%8B%9C%EB%9D%BC%EC%84%A0%EA%B1%B0%EA%B5%AC_%EA%B9%80%EC%8A%B9%EC%9D%BC_%EC%84%A0%EA%B1%B0%EA%B3%B5%EB%B3%B4.pdf&requestedFullPath=20260603/PDF/PBINFO/5309/003_100157339_20260523_1.pdf","선거공보||20260603/PDF/PBINFO/5309/003_100157339_20260523_1.pdf||||1||HEIGHT||Y||00||01","",""
"620260603-5300-김제시라선거구-100157002-1-선거공보","candidate-doc:100157002:1","5300","전북특별자치도","620260603","구·시·군의회의원선거","6","김제시라선거구","100157002","문순자","더불어민주당","1","선거공보","official_structured_record_no_public_file","reviewed_no_recoverable_official_document","official_sources_only","now_available_on_nec","20260603/PDF/PBINFO/5309/003_100157002_20260523_1.pdf","fileinfo","https://policy.nec.go.kr/plc/common/downloadFile.do?requestedFileName=20260603_%EA%B9%80%EC%A0%9C%EC%8B%9C%EB%9D%BC%EC%84%A0%EA%B1%B0%EA%B5%AC_%EB%AC%B8%EC%88%9C%EC%9E%90_%EC%84%A0%EA%B1%B0%EA%B3%B5%EB%B3%B4.pdf&requestedFullPath=20260603/PDF/PBINFO/5309/003_100157002_20260523_1.pdf","선거공보||20260603/PDF/PBINFO/5309/003_100157002_20260523_1.pdf||||1||HEIGHT||Y||00||01","",""
"620260603-5300-김제시라선거구-100162295-1-선거공보","candidate-doc:100162295:1","5300","전북특별자치도","620260603","구·시·군의회의원선거","6","김제시라선거구","100162295","최훈","무소속","1","선거공보","official_structured_record_no_public_file","reviewed_no_recoverable_official_document","official_sources_only","now_available_on_nec","20260603/PDF/PBINFO/5309/003_100162295_20260523_1.pdf","fileinfo","https://policy.nec.go.kr/plc/common/downloadFile.do?requestedFileName=20260603_%EA%B9%80%EC%A0%9C%EC%8B%9C%EB%9D%BC%EC%84%A0%EA%B1%B0%EA%B5%AC_%EC%B5%9C%ED%9B%88_%EC%84%A0%EA%B1%B0%EA%B3%B5%EB%B3%B4.pdf&requestedFullPath=20260603/PDF/PBINFO/5309/003_100162295_20260523_1.pdf","선거공보||20260603/PDF/PBINFO/5309/003_100162295_20260523_1.pdf||||1||HEIGHT||Y||00||01","",""
"620260603-5300-완주군나선거구-100159635-1-선거공보","candidate-doc:100159635:1","5300","전북특별자치도","620260603","구·시·군의회의원선거","6","완주군나선거구","100159635","최광호","더불어민주당","1","선거공보","official_structured_record_no_public_file","reviewed_no_recoverable_official_document","official_sources_only","now_available_on_nec","20260603/PDF/PBINFO/5310/003_100159635_20260527_1.pdf","fileinfo","https://policy.nec.go.kr/plc/common/downloadFile.do?requestedFileName=20260603_%EC%99%84%EC%A3%BC%EA%B5%B0%EB%82%98%EC%84%A0%EA%B1%B0%EA%B5%AC_%EC%B5%9C%EA%B4%91%ED%98%B8_%EC%84%A0%EA%B1%B0%EA%B3%B5%EB%B3%B4.pdf&requestedFullPath=20260603/PDF/PBINFO/5310/003_100159635_20260527_1.pdf","선거공보||20260603/PDF/PBINFO/5310/003_100159635_20260527_1.pdf||||1||HEIGHT||Y||00||01","",""
"620260603-5300-완주군나선거구-100159533-1-선거공보","candidate-doc:100159533:1","5300","전북특별자치도","620260603","구·시·군의회의원선거","6","완주군나선거구","100159533","성중기","더불어민주당","1","선거공보","official_structured_record_no_public_file","reviewed_no_recoverable_official_document","official_sources_only","now_available_on_nec","20260603/PDF/PBINFO/5310/003_100159533_20260526_1.pdf","fileinfo","https://policy.nec.go.kr/plc/common/downloadFile.do?requestedFileName=20260603_%EC%99%84%EC%A3%BC%EA%B5%B0%EB%82%98%EC%84%A0%EA%B1%B0%EA%B5%AC_%EC%84%B1%EC%A4%91%EA%B8%B0_%EC%84%A0%EA%B1%B0%EA%B3%B5%EB%B3%B4.pdf&requestedFullPath=20260603/PDF/PBINFO/5310/003_100159533_20260526_1.pdf","선거공보||20260603/PDF/PBINFO/5310/003_100159533_20260526_1.pdf||||1||HEIGHT||Y||00||01","",""
"620260603-5300-완주군나선거구-100163602-1-선거공보","candidate-doc:100163602:1","5300","전북특별자치도","620260603","구·시·군의회의원선거","6","완주군나선거구","100163602","권오석","무소속","1","선거공보","official_structured_record_no_public_file","reviewed_no_recoverable_official_document","official_sources_only","now_available_on_nec","20260603/PDF/PBINFO/5310/003_100163602_20260526_1.pdf","fileinfo","https://policy.nec.go.kr/plc/common/downloadFile.do?requestedFileName=20260603_%EC%99%84%EC%A3%BC%EA%B5%B0%EB%82%98%EC%84%A0%EA%B1%B0%EA%B5%AC_%EA%B6%8C%EC%98%A4%EC%84%9D_%EC%84%A0%EA%B1%B0%EA%B3%B5%EB%B3%B4.pdf&requestedFullPath=20260603/PDF/PBINFO/5310/003_100163602_20260526_1.pdf","선거공보||20260603/PDF/PBINFO/5310/003_100163602_20260526_1.pdf||||1||HEIGHT||Y||00||01","",""
"620260603-5300-장수군가선거구-100159451-1-선거공보","candidate-doc:100159451:1","5300","전북특별자치도","620260603","구·시·군의회의원선거","6","장수군가선거구","100159451","김광훈","더불어민주당","1","선거공보","official_structured_record_no_public_file","reviewed_no_recoverable_official_document","official_sources_only","now_available_on_nec","20260603/PDF/PBINFO/5313/003_100159451_20260527_1.pdf","fileinfo","https://policy.nec.go.kr/plc/common/downloadFile.do?requestedFileName=20260603_%EC%9E%A5%EC%88%98%EA%B5%B0%EA%B0%80%EC%84%A0%EA%B1%B0%EA%B5%AC_%EA%B9%80%EA%B4%91%ED%9B%88_%EC%84%A0%EA%B1%B0%EA%B3%B5%EB%B3%B4.pdf&requestedFullPath=20260603/PDF/PBINFO/5313/003_100159451_20260527_1.pdf","선거공보||20260603/PDF/PBINFO/5313/003_100159451_20260527_1.pdf||||1||HEIGHT||Y||00||01","",""
"620260603-5300-장수군가선거구-100159734-1-선거공보","candidate-doc:100159734:1","5300","전북특별자치도","620260603","구·시·군의회의원선거","6","장수군가선거구","100159734","정상득","더불어민주당","1","선거공보","official_structured_record_no_public_file","reviewed_no_recoverable_official_document","official_sources_only","now_available_on_nec","20260603/PDF/PBINFO/5313/003_100159734_20260527_1.pdf","fileinfo","https://policy.nec.go.kr/plc/common/downloadFile.do?requestedFileName=20260603_%EC%9E%A5%EC%88%98%EA%B5%B0%EA%B0%80%EC%84%A0%EA%B1%B0%EA%B5%AC_%EC%A0%95%EC%83%81%EB%93%9D_%EC%84%A0%EA%B1%B0%EA%B3%B5%EB%B3%B4.pdf&requestedFullPath=20260603/PDF/PBINFO/5313/003_100159734_20260527_1.pdf","선거공보||20260603/PDF/PBINFO/5313/003_100159734_20260527_1.pdf||||1||HEIGHT||Y||00||01","",""
"620260603-5300-장수군가선거구-100160326-1-선거공보","candidate-doc:100160326:1","5300","전북특별자치도","620260603","구·시·군의회의원선거","6","장수군가선거구","100160326","임정권","더불어민주당","1","선거공보","official_structured_record_no_public_file","reviewed_no_recoverable_official_document","official_sources_only","now_available_on_nec","20260603/PDF/PBINFO/5313/003_100160326_20260527_1.pdf","fileinfo","https://policy.nec.go.kr/plc/common/downloadFile.do?requestedFileName=20260603_%EC%9E%A5%EC%88%98%EA%B5%B0%EA%B0%80%EC%84%A0%EA%B1%B0%EA%B5%AC_%EC%9E%84%EC%A0%95%EA%B6%8C_%EC%84%A0%EA%B1%B0%EA%B3%B5%EB%B3%B4.pdf&requestedFullPath=20260603/PDF/PBINFO/5313/003_100160326_20260527_1.pdf","선거공보||20260603/PDF/PBINFO/5313/003_100160326_20260527_1.pdf||||1||HEIGHT||Y||00||01","",""
"620260603-5300-장수군가선거구-100159763-1-선거공보","candidate-doc:100159763:1","5300","전북특별자치도","620260603","구·시·군의회의원선거","6","장수군가선거구","100159763","장종태","무소속","1","선거공보","official_structured_record_no_public_file","reviewed_no_recoverable_official_document","official_sources_only","now_available_on_nec","20260603/PDF/PBINFO/5313/003_100159763_20260527_1.pdf","fileinfo","https://policy.nec.go.kr/plc/common/downloadFile.do?requestedFileName=20260603_%EC%9E%A5%EC%88%98%EA%B5%B0%EA%B0%80%EC%84%A0%EA%B1%B0%EA%B5%AC_%EC%9E%A5%EC%A2%85%ED%83%9C_%EC%84%A0%EA%B1%B0%EA%B3%B5%EB%B3%B4.pdf&requestedFullPath=20260603/PDF/PBINFO/5313/003_100159763_20260527_1.pdf","선거공보||20260603/PDF/PBINFO/5313/003_100159763_20260527_1.pdf||||1||HEIGHT||Y||00||01","",""
"620260603-5300-장수군나선거구-100160162-1-선거공보","candidate-doc:100160162:1","5300","전북특별자치도","620260603","구·시·군의회의원선거","6","장수군나선거구","100160162","문재표","더불어민주당","1","선거공보","official_structured_record_no_public_file","reviewed_no_recoverable_official_document","official_sources_only","now_available_on_nec","20260603/PDF/PBINFO/5313/003_100160162_20260527_1.pdf","fileinfo","https://policy.nec.go.kr/plc/common/downloadFile.do?requestedFileName=20260603_%EC%9E%A5%EC%88%98%EA%B5%B0%EB%82%98%EC%84%A0%EA%B1%B0%EA%B5%AC_%EB%AC%B8%EC%9E%AC%ED%91%9C_%EC%84%A0%EA%B1%B0%EA%B3%B5%EB%B3%B4.pdf&requestedFullPath=20260603/PDF/PBINFO/5313/003_100160162_20260527_1.pdf","선거공보||20260603/PDF/PBINFO/5313/003_100160162_20260527_1.pdf||||1||HEIGHT||Y||00||01","",""
"620260603-5300-장수군나선거구-100159880-1-선거공보","candidate-doc:100159880:1","5300","전북특별자치도","620260603","구·시·군의회의원선거","6","장수군나선거구","100159880","채수권","더불어민주당","1","선거공보","official_structured_record_no_public_file","reviewed_no_recoverable_official_document","official_sources_only","now_available_on_nec","20260603/PDF/PBINFO/5313/003_100159880_20260527_1.pdf","fileinfo","https://policy.nec.go.kr/plc/common/downloadFile.do?requestedFileName=20260603_%EC%9E%A5%EC%88%98%EA%B5%B0%EB%82%98%EC%84%A0%EA%B1%B0%EA%B5%AC_%EC%B1%84%EC%88%98%EA%B6%8C_%EC%84%A0%EA%B1%B0%EA%B3%B5%EB%B3%B4.pdf&requestedFullPath=20260603/PDF/PBINFO/5313/003_100159880_20260527_1.pdf","선거공보||20260603/PDF/PBINFO/5313/003_100159880_20260527_1.pdf||||1||HEIGHT||Y||00||01","",""
"620260603-5300-장수군나선거구-100159674-1-선거공보","candidate-doc:100159674:1","5300","전북특별자치도","620260603","구·시·군의회의원선거","6","장수군나선거구","100159674","김남수","더불어민주당","1","선거공보","official_structured_record_no_public_file","reviewed_no_recoverable_official_document","official_sources_only","now_available_on_nec","20260603/PDF/PBINFO/5313/003_100159674_20260527_1.pdf","fileinfo","https://policy.nec.go.kr/plc/common/downloadFile.do?requestedFileName=20260603_%EC%9E%A5%EC%88%98%EA%B5%B0%EB%82%98%EC%84%A0%EA%B1%B0%EA%B5%AC_%EA%B9%80%EB%82%A8%EC%88%98_%EC%84%A0%EA%B1%B0%EA%B3%B5%EB%B3%B4.pdf&requestedFullPath=20260603/PDF/PBINFO/5313/003_100159674_20260527_1.pdf","선거공보||20260603/PDF/PBINFO/5313/003_100159674_20260527_1.pdf||||1||HEIGHT||Y||00||01","",""
"620260603-5300-장수군나선거구-100160483-1-선거공보","candidate-doc:100160483:1","5300","전북특별자치도","620260603","구·시·군의회의원선거","6","장수군나선거구","100160483","임재성","무소속","1","선거공보","official_structured_record_no_public_file","reviewed_no_recoverable_official_document","official_sources_only","now_available_on_nec","20260603/PDF/PBINFO/5313/003_100160483_20260527_1.pdf","fileinfo","https://policy.nec.go.kr/plc/common/downloadFile.do?requestedFileName=20260603_%EC%9E%A5%EC%88%98%EA%B5%B0%EB%82%98%EC%84%A0%EA%B1%B0%EA%B5%AC_%EC%9E%84%EC%9E%AC%EC%84%B1_%EC%84%A0%EA%B1%B0%EA%B3%B5%EB%B3%B4.pdf&requestedFullPath=20260603/PDF/PBINFO/5313/003_100160483_20260527_1.pdf","선거공보||20260603/PDF/PBINFO/5313/003_100160483_20260527_1.pdf||||1||HEIGHT||Y||00||01","",""
"620260603-5300-장수군나선거구-100163843-1-선거공보","candidate-doc:100163843:1","5300","전북특별자치도","620260603","구·시·군의회의원선거","6","장수군나선거구","100163843","곽한옥","무소속","1","선거공보","official_structured_record_no_public_file","reviewed_no_recoverable_official_document","official_sources_only","now_available_on_nec","20260603/PDF/PBINFO/5313/003_100163843_20260527_1.pdf","fileinfo","https://policy.nec.go.kr/plc/common/downloadFile.do?requestedFileName=20260603_%EC%9E%A5%EC%88%98%EA%B5%B0%EB%82%98%EC%84%A0%EA%B1%B0%EA%B5%AC_%EA%B3%BD%ED%95%9C%EC%98%A5_%EC%84%A0%EA%B1%B0%EA%B3%B5%EB%B3%B4.pdf&requestedFullPath=20260603/PDF/PBINFO/5313/003_100163843_20260527_1.pdf","선거공보||20260603/PDF/PBINFO/5313/003_100163843_20260527_1.pdf||||1||HEIGHT||Y||00||01","",""
"620260603-4600-완도군가선거구-100160253-1-선거공보","candidate-doc:100160253:1","4600","전라남도","620260603","구·시·군의회의원선거","6","완도군가선거구","100160253","최정욱","더불어민주당","1","선거공보","official_structured_record_no_public_file","reviewed_no_recoverable_official_document","official_sources_only","now_available_on_nec","20260603/PDF/PBINFO/4617/003_100160253_20260526_1.pdf","fileinfo","https://policy.nec.go.kr/plc/common/downloadFile.do?requestedFileName=20260603_%EC%99%84%EB%8F%84%EA%B5%B0%EA%B0%80%EC%84%A0%EA%B1%B0%EA%B5%AC_%EC%B5%9C%EC%A0%95%EC%9A%B1_%EC%84%A0%EA%B1%B0%EA%B3%B5%EB%B3%B4.pdf&requestedFullPath=20260603/PDF/PBINFO/4617/003_100160253_20260526_1.pdf","선거공보||20260603/PDF/PBINFO/4617/003_100160253_20260526_1.pdf||||1||HEIGHT||Y||00||01","",""
"620260603-4600-완도군가선거구-100160616-1-선거공보","candidate-doc:100160616:1","4600","전라남도","620260603","구·시·군의회의원선거","6","완도군가선거구","100160616","박성규","무소속","1","선거공보","official_structured_record_no_public_file","reviewed_no_recoverable_official_document","official_sources_only","now_available_on_nec","20260603/PDF/PBINFO/4617/003_100160616_20260526_1.pdf","fileinfo","https://policy.nec.go.kr/plc/common/downloadFile.do?requestedFileName=20260603_%EC%99%84%EB%8F%84%EA%B5%B0%EA%B0%80%EC%84%A0%EA%B1%B0%EA%B5%AC_%EB%B0%95%EC%84%B1%EA%B7%9C_%EC%84%A0%EA%B1%B0%EA%B3%B5%EB%B3%B4.pdf&requestedFullPath=20260603/PDF/PBINFO/4617/003_100160616_20260526_1.pdf","선거공보||20260603/PDF/PBINFO/4617/003_100160616_20260526_1.pdf||||1||HEIGHT||Y||00||01","",""
"620260603-4600-완도군가선거구-100161683-1-선거공보","candidate-doc:100161683:1","4600","전라남도","620260603","구·시·군의회의원선거","6","완도군가선거구","100161683","조영식","무소속","1","선거공보","official_structured_record_no_public_file","reviewed_no_recoverable_official_document","official_sources_only","now_available_on_nec","20260603/PDF/PBINFO/4617/003_100161683_20260526_1.pdf","fileinfo","https://policy.nec.go.kr/plc/common/downloadFile.do?requestedFileName=20260603_%EC%99%84%EB%8F%84%EA%B5%B0%EA%B0%80%EC%84%A0%EA%B1%B0%EA%B5%AC_%EC%A1%B0%EC%98%81%EC%8B%9D_%EC%84%A0%EA%B1%B0%EA%B3%B5%EB%B3%B4.pdf&requestedFullPath=20260603/PDF/PBINFO/4617/003_100161683_20260526_1.pdf","선거공보||20260603/PDF/PBINFO/4617/003_100161683_20260526_1.pdf||||1||HEIGHT||Y||00||01","",""
"620260603-4600-완도군가선거구-100160384-1-선거공보","candidate-doc:100160384:1","4600","전라남도","620260603","구·시·군의회의원선거","6","완도군가선거구","100160384","유전종","무소속","1","선거공보","official_structured_record_no_public_file","reviewed_no_recoverable_official_document","official_sources_only","now_available_on_nec","20260603/PDF/PBINFO/4617/003_100160384_20260526_1.pdf","fileinfo","https://policy.nec.go.kr/plc/common/downloadFile.do?requestedFileName=20260603_%EC%99%84%EB%8F%84%EA%B5%B0%EA%B0%80%EC%84%A0%EA%B1%B0%EA%B5%AC_%EC%9C%A0%EC%A0%84%EC%A2%85_%EC%84%A0%EA%B1%B0%EA%B3%B5%EB%B3%B4.pdf&requestedFullPath=20260603/PDF/PBINFO/4617/003_100160384_20260526_1.pdf","선거공보||20260603/PDF/PBINFO/4617/003_100160384_20260526_1.pdf||||1||HEIGHT||Y||00||01","",""
"620260603-4700-경산시다선거구-100157254-1-선거공보","candidate-doc:100157254:1","4700","경상북도","620260603","구·시·군의회의원선거","6","경산시다선거구","100157254","강수명","무소속","1","선거공보","official_structured_record_no_public_file","reviewed_no_recoverable_official_document","official_sources_only","now_available_on_nec","20260603/PDF/PBINFO/4713/003_100157254_20260528_1.pdf","fileinfo","https://policy.nec.go.kr/plc/common/downloadFile.do?requestedFileName=20260603_%EA%B2%BD%EC%82%B0%EC%8B%9C%EB%8B%A4%EC%84%A0%EA%B1%B0%EA%B5%AC_%EA%B0%95%EC%88%98%EB%AA%85_%EC%84%A0%EA%B1%B0%EA%B3%B5%EB%B3%B4.pdf&requestedFullPath=20260603/PDF/PBINFO/4713/003_100157254_20260528_1.pdf","선거공보||20260603/PDF/PBINFO/4713/003_100157254_20260528_1.pdf||||1||HEIGHT||Y||00||01","",""
"920260603-2600-남구-더불어민주당-1-0","party-doc:920260603:남구:더불어민주당:1","2600","부산광역시","920260603","기초의원비례대표선거","9","남구","","","더불어민주당","1","비례대표 정당 제출자료","official_structured_record_no_public_file","reviewed_no_recoverable_official_document","official_sources_only","now_available_on_nec","20260603/PDF/PBINFO_PUB/3102/003_100_20260522_1.pdf","filePathName+updtFileName","https://policy.nec.go.kr/plc/common/downloadFile.do?requestedFileName=20260603_%EB%82%A8%EA%B5%AC_%EB%8D%94%EB%B6%88%EC%96%B4%EB%AF%BC%EC%A3%BC%EB%8B%B9_%EB%B9%84%EB%A1%80%EB%8C%80%ED%91%9C%20%EC%A0%95%EB%8B%B9%20%EC%A0%9C%EC%B6%9C%EC%9E%90%EB%A3%8C.pdf&requestedFullPath=20260603/PDF/PBINFO_PUB/3102/003_100_20260522_1.pdf","1||HEIGHT","20260603/PDF/PBINFO_PUB/3102/","003_100_20260522_1.pdf"
"920260603-2600-북구-더불어민주당-1-0","party-doc:920260603:북구:더불어민주당:1","2600","부산광역시","920260603","기초의원비례대표선거","9","북구","","","더불어민주당","1","비례대표 정당 제출자료","official_structured_record_no_public_file","reviewed_no_recoverable_official_document","official_sources_only","now_available_on_nec","20260603/PDF/PBINFO_PUB/3104/003_100_20260522_1.pdf","filePathName+updtFileName","https://policy.nec.go.kr/plc/common/downloadFile.do?requestedFileName=20260603_%EB%B6%81%EA%B5%AC_%EB%8D%94%EB%B6%88%EC%96%B4%EB%AF%BC%EC%A3%BC%EB%8B%B9_%EB%B9%84%EB%A1%80%EB%8C%80%ED%91%9C%20%EC%A0%95%EB%8B%B9%20%EC%A0%9C%EC%B6%9C%EC%9E%90%EB%A3%8C.pdf&requestedFullPath=20260603/PDF/PBINFO_PUB/3104/003_100_20260522_1.pdf","1||HEIGHT","20260603/PDF/PBINFO_PUB/3104/","003_100_20260522_1.pdf"
"920260603-2600-남구-국민의힘-1-0","party-doc:920260603:남구:국민의힘:1","2600","부산광역시","920260603","기초의원비례대표선거","9","남구","","","국민의힘","1","비례대표 정당 제출자료","official_structured_record_no_public_file","reviewed_no_recoverable_official_document","official_sources_only","now_available_on_nec","20260603/PDF/PBINFO_PUB/3102/003_200_20260522_1.pdf","filePathName+updtFileName","https://policy.nec.go.kr/plc/common/downloadFile.do?requestedFileName=20260603_%EB%82%A8%EA%B5%AC_%EA%B5%AD%EB%AF%BC%EC%9D%98%ED%9E%98_%EB%B9%84%EB%A1%80%EB%8C%80%ED%91%9C%20%EC%A0%95%EB%8B%B9%20%EC%A0%9C%EC%B6%9C%EC%9E%90%EB%A3%8C.pdf&requestedFullPath=20260603/PDF/PBINFO_PUB/3102/003_200_20260522_1.pdf","1||HEIGHT","20260603/PDF/PBINFO_PUB/3102/","003_200_20260522_1.pdf"
"920260603-2600-북구-국민의힘-1-0","party-doc:920260603:북구:국민의힘:1","2600","부산광역시","920260603","기초의원비례대표선거","9","북구","","","국민의힘","1","비례대표 정당 제출자료","official_structured_record_no_public_file","reviewed_no_recoverable_official_document","official_sources_only","now_available_on_nec","20260603/PDF/PBINFO_PUB/3104/003_200_20260522_1.pdf","filePathName+updtFileName","https://policy.nec.go.kr/plc/common/downloadFile.do?requestedFileName=20260603_%EB%B6%81%EA%B5%AC_%EA%B5%AD%EB%AF%BC%EC%9D%98%ED%9E%98_%EB%B9%84%EB%A1%80%EB%8C%80%ED%91%9C%20%EC%A0%95%EB%8B%B9%20%EC%A0%9C%EC%B6%9C%EC%9E%90%EB%A3%8C.pdf&requestedFullPath=20260603/PDF/PBINFO_PUB/3104/003_200_20260522_1.pdf","1||HEIGHT","20260603/PDF/PBINFO_PUB/3104/","003_200_20260522_1.pdf"
"920260603-2600-서구-국민의힘-1-0","party-doc:920260603:서구:국민의힘:1","2600","부산광역시","920260603","기초의원비례대표선거","9","서구","","","국민의힘","1","비례대표 정당 제출자료","official_structured_record_no_public_file","reviewed_no_recoverable_official_document","official_sources_only","now_available_on_nec","20260603/PDF/PBINFO_PUB/3003/003_200_20260522_1.pdf","filePathName+updtFileName","https://policy.nec.go.kr/plc/common/downloadFile.do?requestedFileName=20260603_%EC%84%9C%EA%B5%AC_%EA%B5%AD%EB%AF%BC%EC%9D%98%ED%9E%98_%EB%B9%84%EB%A1%80%EB%8C%80%ED%91%9C%20%EC%A0%95%EB%8B%B9%20%EC%A0%9C%EC%B6%9C%EC%9E%90%EB%A3%8C.pdf&requestedFullPath=20260603/PDF/PBINFO_PUB/3003/003_200_20260522_1.pdf","1||HEIGHT","20260603/PDF/PBINFO_PUB/3003/","003_200_20260522_1.pdf"
"920260603-2700-북구-더불어민주당-1-0","party-doc:920260603:북구:더불어민주당:1","2700","대구광역시","920260603","기초의원비례대표선거","9","북구","","","더불어민주당","1","비례대표 정당 제출자료","official_structured_record_no_public_file","reviewed_no_recoverable_official_document","official_sources_only","now_available_on_nec","20260603/PDF/PBINFO_PUB/3104/003_100_20260522_1.pdf","filePathName+updtFileName","https://policy.nec.go.kr/plc/common/downloadFile.do?requestedFileName=20260603_%EB%B6%81%EA%B5%AC_%EB%8D%94%EB%B6%88%EC%96%B4%EB%AF%BC%EC%A3%BC%EB%8B%B9_%EB%B9%84%EB%A1%80%EB%8C%80%ED%91%9C%20%EC%A0%95%EB%8B%B9%20%EC%A0%9C%EC%B6%9C%EC%9E%90%EB%A3%8C.pdf&requestedFullPath=20260603/PDF/PBINFO_PUB/3104/003_100_20260522_1.pdf","1||HEIGHT","20260603/PDF/PBINFO_PUB/3104/","003_100_20260522_1.pdf"
"920260603-2700-남구-국민의힘-1-0","party-doc:920260603:남구:국민의힘:1","2700","대구광역시","920260603","기초의원비례대표선거","9","남구","","","국민의힘","1","비례대표 정당 제출자료","official_structured_record_no_public_file","reviewed_no_recoverable_official_document","official_sources_only","now_available_on_nec","20260603/PDF/PBINFO_PUB/3102/003_200_20260522_1.pdf","filePathName+updtFileName","https://policy.nec.go.kr/plc/common/downloadFile.do?requestedFileName=20260603_%EB%82%A8%EA%B5%AC_%EA%B5%AD%EB%AF%BC%EC%9D%98%ED%9E%98_%EB%B9%84%EB%A1%80%EB%8C%80%ED%91%9C%20%EC%A0%95%EB%8B%B9%20%EC%A0%9C%EC%B6%9C%EC%9E%90%EB%A3%8C.pdf&requestedFullPath=20260603/PDF/PBINFO_PUB/3102/003_200_20260522_1.pdf","1||HEIGHT","20260603/PDF/PBINFO_PUB/3102/","003_200_20260522_1.pdf"
"920260603-2700-서구-국민의힘-1-0","party-doc:920260603:서구:국민의힘:1","2700","대구광역시","920260603","기초의원비례대표선거","9","서구","","","국민의힘","1","비례대표 정당 제출자료","official_structured_record_no_public_file","reviewed_no_recoverable_official_document","official_sources_only","now_available_on_nec","20260603/PDF/PBINFO_PUB/3003/003_200_20260522_1.pdf","filePathName+updtFileName","https://policy.nec.go.kr/plc/common/downloadFile.do?requestedFileName=20260603_%EC%84%9C%EA%B5%AC_%EA%B5%AD%EB%AF%BC%EC%9D%98%ED%9E%98_%EB%B9%84%EB%A1%80%EB%8C%80%ED%91%9C%20%EC%A0%95%EB%8B%B9%20%EC%A0%9C%EC%B6%9C%EC%9E%90%EB%A3%8C.pdf&requestedFullPath=20260603/PDF/PBINFO_PUB/3003/003_200_20260522_1.pdf","1||HEIGHT","20260603/PDF/PBINFO_PUB/3003/","003_200_20260522_1.pdf"
"920260603-2700-동구-국민의힘-1-0","party-doc:920260603:동구:국민의힘:1","2700","대구광역시","920260603","기초의원비례대표선거","9","동구","","","국민의힘","1","비례대표 정당 제출자료","official_structured_record_no_public_file","reviewed_no_recoverable_official_document","official_sources_only","now_available_on_nec","20260603/PDF/PBINFO_PUB/3103/003_200_20260522_1.pdf","filePathName+updtFileName","https://policy.nec.go.kr/plc/common/downloadFile.do?requestedFileName=20260603_%EB%8F%99%EA%B5%AC_%EA%B5%AD%EB%AF%BC%EC%9D%98%ED%9E%98_%EB%B9%84%EB%A1%80%EB%8C%80%ED%91%9C%20%EC%A0%95%EB%8B%B9%20%EC%A0%9C%EC%B6%9C%EC%9E%90%EB%A3%8C.pdf&requestedFullPath=20260603/PDF/PBINFO_PUB/3103/003_200_20260522_1.pdf","1||HEIGHT","20260603/PDF/PBINFO_PUB/3103/","003_200_20260522_1.pdf"
"920260603-2700-중구-국민의힘-1-0","party-doc:920260603:중구:국민의힘:1","2700","대구광역시","920260603","기초의원비례대표선거","9","중구","","","국민의힘","1","비례대표 정당 제출자료","official_structured_record_no_public_file","reviewed_no_recoverable_official_document","official_sources_only","now_available_on_nec","20260603/PDF/PBINFO_PUB/3101/003_200_20260522_1.pdf","filePathName+updtFileName","https://policy.nec.go.kr/plc/common/downloadFile.do?requestedFileName=20260603_%EC%A4%91%EA%B5%AC_%EA%B5%AD%EB%AF%BC%EC%9D%98%ED%9E%98_%EB%B9%84%EB%A1%80%EB%8C%80%ED%91%9C%20%EC%A0%95%EB%8B%B9%20%EC%A0%9C%EC%B6%9C%EC%9E%90%EB%A3%8C.pdf&requestedFullPath=20260603/PDF/PBINFO_PUB/3101/003_200_20260522_1.pdf","1||HEIGHT","20260603/PDF/PBINFO_PUB/3101/","003_200_20260522_1.pdf"
"920260603-2700-북구-국민의힘-1-0","party-doc:920260603:북구:국민의힘:1","2700","대구광역시","920260603","기초의원비례대표선거","9","북구","","","국민의힘","1","비례대표 정당 제출자료","official_structured_record_no_public_file","reviewed_no_recoverable_official_document","official_sources_only","now_available_on_nec","20260603/PDF/PBINFO_PUB/3104/003_200_20260522_1.pdf","filePathName+updtFileName","https://policy.nec.go.kr/plc/common/downloadFile.do?requestedFileName=20260603_%EB%B6%81%EA%B5%AC_%EA%B5%AD%EB%AF%BC%EC%9D%98%ED%9E%98_%EB%B9%84%EB%A1%80%EB%8C%80%ED%91%9C%20%EC%A0%95%EB%8B%B9%20%EC%A0%9C%EC%B6%9C%EC%9E%90%EB%A3%8C.pdf&requestedFullPath=20260603/PDF/PBINFO_PUB/3104/003_200_20260522_1.pdf","1||HEIGHT","20260603/PDF/PBINFO_PUB/3104/","003_200_20260522_1.pdf"
"920260603-2800-서구-더불어민주당-1-0","party-doc:920260603:서구:더불어민주당:1","2800","인천광역시","920260603","기초의원비례대표선거","9","서구","","","더불어민주당","1","비례대표 정당 제출자료","official_structured_record_no_public_file","reviewed_no_recoverable_official_document","official_sources_only","now_available_on_nec","20260603/PDF/PBINFO_PUB/3003/003_100_20260522_1.pdf","filePathName+updtFileName","https://policy.nec.go.kr/plc/common/downloadFile.do?requestedFileName=20260603_%EC%84%9C%EA%B5%AC_%EB%8D%94%EB%B6%88%EC%96%B4%EB%AF%BC%EC%A3%BC%EB%8B%B9_%EB%B9%84%EB%A1%80%EB%8C%80%ED%91%9C%20%EC%A0%95%EB%8B%B9%20%EC%A0%9C%EC%B6%9C%EC%9E%90%EB%A3%8C.pdf&requestedFullPath=20260603/PDF/PBINFO_PUB/3003/003_100_20260522_1.pdf","1||HEIGHT","20260603/PDF/PBINFO_PUB/3003/","003_100_20260522_1.pdf"
"920260603-2800-서구-국민의힘-1-0","party-doc:920260603:서구:국민의힘:1","2800","인천광역시","920260603","기초의원비례대표선거","9","서구","","","국민의힘","1","비례대표 정당 제출자료","official_structured_record_no_public_file","reviewed_no_recoverable_official_document","official_sources_only","now_available_on_nec","20260603/PDF/PBINFO_PUB/3003/003_200_20260522_1.pdf","filePathName+updtFileName","https://policy.nec.go.kr/plc/common/downloadFile.do?requestedFileName=20260603_%EC%84%9C%EA%B5%AC_%EA%B5%AD%EB%AF%BC%EC%9D%98%ED%9E%98_%EB%B9%84%EB%A1%80%EB%8C%80%ED%91%9C%20%EC%A0%95%EB%8B%B9%20%EC%A0%9C%EC%B6%9C%EC%9E%90%EB%A3%8C.pdf&requestedFullPath=20260603/PDF/PBINFO_PUB/3003/003_200_20260522_1.pdf","1||HEIGHT","20260603/PDF/PBINFO_PUB/3003/","003_200_20260522_1.pdf"
"920260603-2900-동구-더불어민주당-1-0","party-doc:920260603:동구:더불어민주당:1","2900","광주광역시","920260603","기초의원비례대표선거","9","동구","","","더불어민주당","1","비례대표 정당 제출자료","official_structured_record_no_public_file","reviewed_no_recoverable_official_document","official_sources_only","now_available_on_nec","20260603/PDF/PBINFO_PUB/3103/003_100_20260522_1.pdf","filePathName+updtFileName","https://policy.nec.go.kr/plc/common/downloadFile.do?requestedFileName=20260603_%EB%8F%99%EA%B5%AC_%EB%8D%94%EB%B6%88%EC%96%B4%EB%AF%BC%EC%A3%BC%EB%8B%B9_%EB%B9%84%EB%A1%80%EB%8C%80%ED%91%9C%20%EC%A0%95%EB%8B%B9%20%EC%A0%9C%EC%B6%9C%EC%9E%90%EB%A3%8C.pdf&requestedFullPath=20260603/PDF/PBINFO_PUB/3103/003_100_20260522_1.pdf","1||HEIGHT","20260603/PDF/PBINFO_PUB/3103/","003_100_20260522_1.pdf"
"1120260603-1100-서울특별시-100163258-2-선거공약서","candidate-doc:100163258:2","1100","서울특별시","1120260603","교육감선거","11","서울특별시","100163258","조전혁","무소속","2","선거공약서","official_structured_record_no_public_file","reviewed_no_recoverable_official_document","official_sources_only","now_available_on_nec","20260603/PDF/PRMS_DOC_PUB/1100/004_100163258_20260527_1.pdf","fileinfo","https://policy.nec.go.kr/plc/common/downloadFile.do?requestedFileName=20260603_%EC%84%9C%EC%9A%B8%ED%8A%B9%EB%B3%84%EC%8B%9C_%EC%A1%B0%EC%A0%84%ED%98%81_%EC%84%A0%EA%B1%B0%EA%B3%B5%EC%95%BD%EC%84%9C.pdf&requestedFullPath=20260603/PDF/PRMS_DOC_PUB/1100/004_100163258_20260527_1.pdf","선거공약서||20260603/PDF/PRMS_DOC_PUB/1100/004_100163258_20260527_1.pdf||||1||HEIGHT||Y||00||01","",""
"1120260603-2900-전남광주통합특별시-100153771-2-선거공약서","candidate-doc:100153771:2","2900","전남광주통합특별시","1120260603","교육감선거","11","전남광주통합특별시","100153771","장관호","무소속","2","선거공약서","official_structured_record_no_public_file","reviewed_no_recoverable_official_document","official_sources_only","now_available_on_nec","20260603/PDF/PRMS_DOC_PUB/2900/004_100153771_20260526_1.pdf","fileinfo","https://policy.nec.go.kr/plc/common/downloadFile.do?requestedFileName=20260603_%EC%A0%84%EB%82%A8%EA%B4%91%EC%A3%BC%ED%86%B5%ED%95%A9%ED%8A%B9%EB%B3%84%EC%8B%9C_%EC%9E%A5%EA%B4%80%ED%98%B8_%EC%84%A0%EA%B1%B0%EA%B3%B5%EC%95%BD%EC%84%9C.pdf&requestedFullPath=20260603/PDF/PRMS_DOC_PUB/2900/004_100153771_20260526_1.pdf","선거공약서||20260603/PDF/PRMS_DOC_PUB/2900/004_100153771_20260526_1.pdf||||1||HEIGHT||Y||00||01","",""
"1120260603-3100-울산광역시-100156317-2-선거공약서","candidate-doc:100156317:2","3100","울산광역시","1120260603","교육감선거","11","울산광역시","100156317","김주홍","무소속","2","선거공약서","official_structured_record_no_public_file","reviewed_no_recoverable_official_document","official_sources_only","now_available_on_nec","20260603/PDF/PRMS_DOC_PUB/3100/004_100156317_20260527_1.pdf","fileinfo","https://policy.nec.go.kr/plc/common/downloadFile.do?requestedFileName=20260603_%EC%9A%B8%EC%82%B0%EA%B4%91%EC%97%AD%EC%8B%9C_%EA%B9%80%EC%A3%BC%ED%99%8D_%EC%84%A0%EA%B1%B0%EA%B3%B5%EC%95%BD%EC%84%9C.pdf&requestedFullPath=20260603/PDF/PRMS_DOC_PUB/3100/004_100156317_20260527_1.pdf","선거공약서||20260603/PDF/PRMS_DOC_PUB/3100/004_100156317_20260527_1.pdf||||1||HEIGHT||Y||00||01","",""
